calculated_range,x,y,z,reflectance,return_index,last_return_index,sensor_id,azimuth,elevation,depth,line_index,frame_index,detector_site_id,scan_checkpoint,existence_probability_percent,data_qualifier,blockage_level,timestamp,cloud_index
25.031004,25.017141,0.3252534,0.7668212,0.631958,1,2,0,0.013000488,0.030639648,25.031006,24,154,0,0,255,2,0,1782507954.5136662,0
25.031982,25.01874,0.27334794,0.7668511,0.664917,1,1,0,0.010925293,0.030639648,25.031982,24,154,0,0,255,2,0,1782507954.5136662,0
25.026121,25.013409,0.2198501,0.7666716,0.71951294,1,2,0,0.0087890625,0.030639648,25.026123,24,154,0,0,255,2,0,1782507954.5136662,0
25.031248,25.018936,0.16797635,0.7668287,0.46551514,1,2,0,0.006713867,0.030639648,25.03125,24,154,0,0,255,2,0,1782507954.5136662,0
25.03296,25.02094,0.116064765,0.76688105,0.61376953,1,2,0,0.004638672,0.030639648,25.032959,24,154,0,0,255,2,0,1782507954.5136662,0
25.030027,25.018202,0.062606715,0.7667913,0.44470215,1,2,0,0.0025024414,0.030639648,25.03003,24,154,0,0,255,2,0,1782507954.5136662,0
25.032225,25.020473,0.010689901,0.7668586,0.7619934,1,2,0,0.0004272461,0.030639648,25.032227,24,154,0,0,255,2,0,1782507954.5136662,0
25.03247,25.024637,0.3207679,0.5377656,0.71691895,1,1,0,0.012817383,0.021484375,25.03247,26,154,0,0,255,2,0,1782507954.5136662,0
25.03247,25.025267,0.26730883,0.5377656,0.84002686,1,1,0,0.010681152,0.021484375,25.03247,26,154,0,0,255,2,0,1782507954.5136662,0
25.034424,25.02772,0.2153928,0.5378076,0.6718445,1,1,0,0.008605957,0.021484375,25.034424,26,154,0,0,255,2,0,1782507954.5136662,0
25.032715,25.026403,0.1634438,0.53777087,0.86343384,1,1,0,0.0065307617,0.021484375,25.032715,26,154,0,0,255,2,0,1782507954.5136662,0
25.031982,25.025963,0.10997809,0.53775513,0.71951294,1,1,0,0.0043945312,0.021484375,25.031982,26,154,0,0,255,2,0,1782507954.5136662,0
25.03125,25.025406,0.058042426,0.5377394,0.69003296,1,1,0,0.002319336,0.021484375,25.03125,26,154,0,0,255,2,0,1782507954.5136662,0
25.03125,25.025473,0.004582301,0.5377394,0.84262085,1,1,0,0.00018310547,0.021484375,25.03125,26,154,0,0,255,2,0,1782507954.5136662,0
25.025145,25.012644,0.3633684,0.70251805,0.7127991,1,1,0,0.014526367,0.028076172,25.025146,27,154,1,0,255,2,0,1782507954.5136662,0
25.026367,25.014584,0.30995,0.70255226,0.76623535,1,1,0,0.012390137,0.028076172,25.026367,27,154,1,0,255,2,0,1782507954.5136662,0
25.029541,25.018345,0.25807193,0.70264137,0.8607178,1,1,0,0.010314941,0.028076172,25.029541,27,154,1,0,255,2,0,1782507954.5136662,0
25.02954,25.018826,0.20615345,0.70264137,0.7991028,1,1,0,0.008239746,0.028076172,25.029541,27,154,1,0,255,2,0,1782507954.5136662,0
25.028564,25.018234,0.15270108,0.70261395,0.78985596,1,1,0,0.0061035156,0.028076172,25.028564,27,154,1,0,255,2,0,1782507954.5136662,0
25.021484,25.011421,0.10075456,0.7024152,0.8640137,1,1,0,0.0040283203,0.028076172,25.021484,27,154,1,0,255,2,0,1782507954.5136662,0
25.023926,25.014019,0.047328826,0.7024838,0.81552124,1,1,0,0.0018920898,0.028076172,25.023926,27,154,1,0,255,2,0,1782507954.5136662,0
25.018312,25.008451,-0.004579184,0.7023261,0.6748047,1,1,0,-0.00018310547,0.028076172,25.01831,27,154,1,0,255,2,0,1782507954.5136662,0
25.020752,25.014334,0.31605485,0.47033313,0.6368103,1,1,0,0.012634277,0.018798828,25.020752,29,154,1,0,255,2,0,1782507954.5136662,0
25.01929,25.01349,0.26260242,0.4703056,0.8989258,1,1,0,0.010498047,0.018798828,25.019287,29,154,1,0,255,2,0,1782507954.5136662,0
25.018068,25.01276,0.21068375,0.47028264,0.86608887,1,1,0,0.008422852,0.018798828,25.018066,29,154,1,0,255,2,0,1782507954.5136662,0
25.01465,25.009735,0.1572288,0.4702184,0.8045044,1,1,0,0.006286621,0.018798828,25.014648,29,154,1,0,255,2,0,1782507954.5136662,0
25.019289,25.014647,0.10534795,0.4703056,0.78704834,1,1,0,0.004211426,0.018798828,25.019287,29,154,1,0,255,2,0,1782507954.5136662,0
25.025146,25.020697,0.053450055,0.46888855,0.6758423,1,1,0,0.0021362305,0.018737793,25.025146,29,154,1,0,255,2,0,1782507954.5136662,0
25.013184,25.008793,-0.0,0.4686644,1.0323792,1,1,0,-0.0,0.018737793,25.013184,29,154,1,0,255,2,0,1782507954.5136662,0
25.03247,25.02921,0.16651759,0.36820117,0.644104,1,1,0,0.006652832,0.014709473,25.03247,60,154,0,0,255,2,0,1782507954.5136662,0
25.027098,25.024061,0.11455187,0.37270427,0.95706177,1,1,0,0.0045776367,0.014892578,25.0271,60,154,0,0,255,2,0,1782507954.5136662,0
25.03125,25.028355,0.061104506,0.3758213,0.8911743,1,1,0,0.0024414062,0.015014648,25.03125,60,154,0,0,255,2,0,1782507954.5136662,0
25.031006,25.028112,0.009165569,0.38040042,1.0272522,1,1,0,0.00036621094,0.015197754,25.031006,60,154,0,0,255,2,0,1782507954.5136662,0
25.025146,25.015978,0.3664712,0.5696761,0.71383667,1,1,0,0.0146484375,0.022766113,25.025146,61,154,1,0,255,2,0,1782507954.5136662,0
25.025145,25.016613,0.3145565,0.5727301,0.6850891,1,1,0,0.012573242,0.022888184,25.025146,61,154,1,0,255,2,0,1782507954.5136662,0
25.026365,25.018343,0.26112625,0.57733935,0.7189636,1,1,0,0.010437012,0.023071289,25.026367,61,154,1,0,255,2,0,1782507954.5136662,0
25.031738,25.024132,0.20925207,0.58051807,0.8730469,1,1,0,0.008361816,0.02319336,25.031738,61,154,1,0,255,2,0,1782507954.5136662,0
25.014648,25.00732,0.15721361,0.5847008,0.80041504,1,1,0,0.006286621,0.023376465,25.014648,61,154,1,0,255,2,0,1782507954.5136662,0
25.023926,25.016802,0.10383009,0.5879715,0.75390625,1,1,0,0.0041503906,0.023498535,25.023926,61,154,1,0,255,2,0,1782507954.5136662,0
25.027344,25.020273,0.05192203,0.5926332,0.82373047,1,1,0,0.0020751953,0.02368164,25.027344,61,154,1,0,255,2,0,1782507954.5136662,0
25.023682,25.016592,-0.0,0.59560025,1.0189819,1,1,0,-0.0,0.023803711,25.023682,61,154,1,0,255,2,0,1782507954.5136662,0
25.029055,25.015211,0.3237012,0.76676136,0.652771,1,2,0,0.012939453,0.030639648,25.029053,24,155,0,0,255,2,0,1782507954.6127298,1
25.029053,25.016352,0.21834895,0.76676136,0.42303467,1,2,0,0.008728027,0.030639648,25.029053,24,155,0,0,255,2,0,1782507954.6127298,1
25.03003,25.017727,0.16644119,0.7667913,0.4109192,1,2,0,0.006652832,0.030639648,25.03003,24,155,0,0,255,2,0,1782507954.6127298,1
25.031006,25.019001,0.11300163,0.7668212,0.4091797,1,2,0,0.0045166016,0.030639648,25.031006,24,155,0,0,255,2,0,1782507954.6127298,1
25.040525,25.028746,0.06110546,0.7655853,0.36749268,1,3,0,0.0024414062,0.030578613,25.040527,24,155,0,0,255,2,0,1782507954.6127298,1
25.031252,25.023346,0.32380646,0.5392668,1.0342102,1,1,0,0.012939453,0.02154541,25.03125,26,155,0,0,255,2,0,1782507954.6127298,1
25.03247,25.0252,0.27036333,0.5392931,0.81573486,1,1,0,0.010803223,0.02154541,25.03247,26,155,0,0,255,2,0,1782507954.6127298,1
25.028074,25.021313,0.21839225,0.53919846,0.97177124,1,1,0,0.008728027,0.02154541,25.028076,26,155,0,0,255,2,0,1782507954.6127298,1
25.03125,25.024897,0.16496141,0.5392668,0.73773193,1,1,0,0.006591797,0.02154541,25.03125,26,155,0,0,255,2,0,1782507954.6127298,1
25.031006,25.02494,0.11302845,0.5392616,1.0272522,1,1,0,0.0045166016,0.02154541,25.031006,26,155,0,0,255,2,0,1782507954.6127298,1
25.03003,25.024178,0.061094306,0.53771317,0.7602539,1,1,0,0.0024414062,0.021484375,25.03003,26,155,0,0,255,2,0,1782507954.6127298,1
25.031006,25.025227,0.007637094,0.53773415,0.95010376,1,1,0,0.00030517578,0.021484375,25.031006,26,155,0,0,255,2,0,1782507954.6127298,1
25.025146,25.012558,0.3664211,0.7040448,0.76828,1,1,0,0.0146484375,0.028137207,25.025146,27,155,1,0,255,2,0,1782507954.6127298,1
25.026367,25.014503,0.31300294,0.70407915,0.7189636,1,1,0,0.012512207,0.028137207,25.026367,27,155,1,0,255,2,0,1782507954.6127298,1
25.03076,25.01949,0.2611382,0.70420283,0.8935852,1,1,0,0.010437012,0.028137207,25.030762,27,155,1,0,255,2,0,1782507954.6127298,1
25.026365,25.015598,0.20765379,0.70407915,0.7127991,1,1,0,0.008300781,0.028137207,25.026367,27,155,1,0,255,2,0,1782507954.6127298,1
25.029541,25.01915,0.15576088,0.70416844,0.734375,1,1,0,0.006225586,0.028137207,25.029541,27,155,1,0,255,2,0,1782507954.6127298,1
25.022951,25.012873,0.10381378,0.70245636,0.78778076,1,1,0,0.0041503906,0.028076172,25.02295,27,155,1,0,255,2,0,1782507954.6127298,1
25.028563,25.018648,0.050391633,0.70261395,0.75491333,1,1,0,0.0020141602,0.028076172,25.028564,27,155,1,0,255,2,0,1782507954.6127298,1
25.027344,25.01748,-0.0015269459,0.7025797,0.82580566,1,1,0,-6.1035156e-05,0.028076172,25.027344,27,155,1,0,255,2,0,1782507954.6127298,1
25.025146,25.018747,0.31458333,0.47041574,0.86483765,1,1,0,0.012573242,0.018798828,25.025146,29,155,1,0,255,2,0,1782507954.6127298,1
25.023926,25.018127,0.26265112,0.4703928,0.7210388,1,1,0,0.010498047,0.018798828,25.023926,29,155,1,0,255,2,0,1782507954.6127298,1
25.030762,25.025465,0.20926322,0.4705213,0.8565979,1,1,0,0.008361816,0.018798828,25.030762,29,155,1,0,255,2,0,1782507954.6127298,1
25.026365,25.02145,0.15730245,0.4704387,0.75183105,1,1,0,0.006286621,0.018798828,25.026367,29,155,1,0,255,2,0,1782507954.6127298,1
25.031738,25.027092,0.10540037,0.47053966,0.81552124,1,1,0,0.004211426,0.018798828,25.031738,29,155,1,0,255,2,0,1782507954.6127298,1
25.025146,25.020672,0.051922858,0.47041574,0.7693176,1,1,0,0.0020751953,0.018798828,25.025146,29,155,1,0,255,2,0,1782507954.6127298,1
25.014648,25.010258,-0.0,0.46869186,0.6772766,1,1,0,-0.0,0.018737793,25.014648,29,155,1,0,255,2,0,1782507954.6127298,1
25.031494,25.028479,0.11457209,0.37124208,1.1130981,1,1,0,0.0045776367,0.014831543,25.031494,60,155,0,0,255,2,0,1782507954.6127298,1
25.0271,25.024227,0.06109443,0.37423164,0.7914734,1,1,0,0.0024414062,0.014953613,25.0271,60,155,0,0,255,2,0,1782507954.6127298,1
25.032227,25.029358,0.009166026,0.3788913,0.85736084,1,1,0,0.00036621094,0.015136719,25.032227,60,155,0,0,255,2,0,1782507954.6127298,1
25.025146,25.016012,0.3664717,0.5681491,0.7610779,1,1,0,0.0146484375,0.022705078,25.025146,61,155,1,0,255,2,0,1782507954.6127298,1
25.02295,25.014452,0.31452933,0.571153,0.80526733,1,1,0,0.012573242,0.022827148,25.02295,61,155,1,0,255,2,0,1782507954.6127298,1
25.03076,25.02277,0.26117244,0.57591337,0.7713623,1,1,0,0.010437012,0.023010254,25.030762,61,155,1,0,255,2,0,1782507954.6127298,1
25.027342,25.019772,0.20921561,0.57888895,0.7579956,1,1,0,0.008361816,0.023132324,25.027344,61,155,1,0,255,2,0,1782507954.6127298,1
25.026365,25.01907,0.1572875,0.58344764,0.68096924,1,1,0,0.006286621,0.02331543,25.026367,61,155,1,0,255,2,0,1782507954.6127298,1
25.026367,25.019278,0.103840366,0.5865018,0.74053955,1,1,0,0.0041503906,0.0234375,25.026367,61,155,1,0,255,2,0,1782507954.6127298,1
25.031738,25.024702,0.05193122,0.5912098,0.90179443,1,1,0,0.0020751953,0.023620605,25.031738,61,155,1,0,255,2,0,1782507954.6127298,1
25.019531,25.01248,-0.0015266406,0.59397477,0.6131897,1,1,0,-6.1035156e-05,0.023742676,25.019531,61,155,1,0,255,2,0,1782507954.6127298,1
25.032715,25.018831,0.32680264,0.76687354,0.71606445,1,2,0,0.013061523,0.030639648,25.032715,24,156,0,0,255,2,0,1782507954.7116473,2
25.031248,25.018007,0.27333996,0.7668287,0.60943604,1,2,0,0.010925293,0.030639648,25.03125,24,156,0,0,255,2,0,1782507954.7116473,2
25.031004,25.018276,0.22141998,0.7668212,0.47158813,1,2,0,0.008850098,0.030639648,25.031006,24,156,0,0,255,2,0,1782507954.7116473,2
25.0271,25.015083,0.11603759,0.7667015,0.34762573,1,2,0,0.004638672,0.030639648,25.0271,24,156,0,0,255,2,0,1782507954.7116473,2
25.032225,25.020441,0.064139456,0.7653315,0.42736816,1,3,0,0.0025634766,0.030578613,25.032227,24,156,0,0,255,2,0,1782507954.7116473,2
25.040525,25.028816,0.010693465,0.7655853,0.36141968,1,3,0,0.0004272461,0.030578613,25.040527,24,156,0,0,255,2,0,1782507954.7116473,2
25.028074,25.020172,0.3237654,0.53919846,1.0194702,1,1,0,0.012939453,0.02154541,25.028076,26,156,0,0,255,2,0,1782507954.7116473,2
25.032227,25.02494,0.2718881,0.53928787,0.8764343,1,1,0,0.010864258,0.02154541,25.032227,26,156,0,0,255,2,0,1782507954.7116473,2
25.019775,25.01305,0.21832012,0.5374929,0.9152832,1,1,0,0.008728027,0.021484375,25.019775,26,156,0,0,255,2,0,1782507954.7116473,2
25.033203,25.026873,0.16650203,0.53778136,0.99780273,1,1,0,0.006652832,0.021484375,25.033203,26,156,0,0,255,2,0,1782507954.7116473,2
25.027098,25.02106,0.11453813,0.5376502,0.7342529,1,1,0,0.0045776367,0.021484375,25.0271,26,156,0,0,255,2,0,1782507954.7116473,2
25.03125,25.025398,0.061097287,0.5377394,0.7897339,1,1,0,0.0024414062,0.021484375,25.03125,26,156,0,0,255,2,0,1782507954.7116473,2
25.032715,25.026936,0.009165138,0.53777087,0.84436035,1,1,0,0.00036621094,0.021484375,25.032715,26,156,0,0,255,2,0,1782507954.7116473,2
25.032959,25.021072,0.31461257,0.70426464,0.98498535,1,1,0,0.012573242,0.028137207,25.032959,27,156,1,0,255,2,0,1782507954.7116473,2
25.028563,25.017294,0.26111528,0.70414096,0.7867737,1,1,0,0.010437012,0.028137207,25.028564,27,156,1,0,255,2,0,1782507954.7116473,2
25.025146,25.014408,0.20917076,0.70251805,0.87713623,1,1,0,0.008361816,0.028076172,25.025146,27,156,1,0,255,2,0,1782507954.7116473,2
25.026365,25.016008,0.15726824,0.70255226,0.7189636,1,1,0,0.006286621,0.028076172,25.026367,27,156,1,0,255,2,0,1782507954.7116473,2
25.028564,25.018484,0.10383707,0.70261395,0.8607178,1,1,0,0.0041503906,0.028076172,25.028564,27,156,1,0,255,2,0,1782507954.7116473,2
25.028564,25.018646,0.051918652,0.70261395,0.8360596,1,1,0,0.0020751953,0.028076172,25.028564,27,156,1,0,255,2,0,1782507954.7116473,2
25.023926,25.014063,-0.0,0.7024838,0.7076721,1,1,0,-0.0,0.028076172,25.023926,27,156,1,0,255,2,0,1782507954.7116473,2
25.02246,25.016043,0.31607643,0.47036526,0.87838745,1,1,0,0.012634277,0.018798828,25.02246,29,156,1,0,255,2,0,1782507954.7116473,2
25.026367,25.020567,0.26267675,0.4704387,0.8340149,1,1,0,0.010498047,0.018798828,25.026367,29,156,1,0,255,2,0,1782507954.7116473,2
25.027346,25.022036,0.21076187,0.47045705,0.8833008,1,1,0,0.008422852,0.018798828,25.027344,29,156,1,0,255,2,0,1782507954.7116473,2
25.021729,25.016804,0.1588002,0.4703515,0.6645508,1,1,0,0.0063476562,0.018798828,25.021729,29,156,1,0,255,2,0,1782507954.7116473,2
25.032959,25.028479,0.05346668,0.4705626,0.9665222,1,1,0,0.0021362305,0.018798828,25.032959,29,156,1,0,255,2,0,1782507954.7116473,2
25.029541,25.02512,0.0015274121,0.47049835,0.80319214,1,1,0,6.1035156e-05,0.018798828,25.029541,29,156,1,0,255,2,0,1782507954.7116473,2
25.032225,25.028954,0.1680436,0.36819756,0.81573486,1,1,0,0.006713867,0.014709473,25.032227,60,156,0,0,255,2,0,1782507954.7116473,2
25.032228,25.029205,0.1161031,0.37125292,0.7914734,1,1,0,0.004638672,0.014831543,25.032227,60,156,0,0,255,2,0,1782507954.7116473,2
25.032959,25.03006,0.06263639,0.37584695,0.84436035,1,1,0,0.0025024414,0.015014648,25.032959,60,156,0,0,255,2,0,1782507954.7116473,2
25.032711,25.029842,0.010693904,0.37889868,0.7732544,1,1,0,0.0004272461,0.015136719,25.032715,60,156,0,0,255,2,0,1782507954.7116473,2
25.023926,25.015373,0.316068,0.57270217,0.6850891,1,1,0,0.012634277,0.022888184,25.023926,61,156,1,0,255,2,0,1782507954.7116473,2
25.026365,25.018347,0.26418057,0.5758123,0.7251282,1,1,0,0.010559082,0.023010254,25.026367,61,156,1,0,255,2,0,1782507954.7116473,2
25.026367,25.01875,0.21073419,0.5803935,0.695343,1,1,0,0.008422852,0.02319336,25.026367,61,156,1,0,255,2,0,1782507954.7116473,2
25.026367,25.019062,0.15881453,0.58344764,0.66763306,1,1,0,0.0063476562,0.02331543,25.026367,61,156,1,0,255,2,0,1782507954.7116473,2
25.014648,25.00752,0.105317935,0.5877535,0.7367859,1,1,0,0.004211426,0.023498535,25.014648,61,156,1,0,255,2,0,1782507954.7116473,2
25.013672,25.006638,0.053420022,0.5907831,0.8188782,1,1,0,0.0021362305,0.023620605,25.013672,61,156,1,0,255,2,0,1782507954.7116473,2
25.008059,25.000973,0.0015259383,0.5952283,0.6752014,1,1,0,6.1035156e-05,0.023803711,25.008057,61,156,1,0,255,2,0,1782507954.7116473,2
25.030027,25.016205,0.32218698,0.7667913,0.73773193,1,2,0,0.012878418,0.030639648,25.03003,24,157,0,0,255,2,0,1782507954.811567,3
25.032228,25.019018,0.2702965,0.7668586,0.7489929,1,2,0,0.010803223,0.030639648,25.032227,24,157,0,0,255,2,0,1782507954.811567,3
25.031248,25.018547,0.21836811,0.7668287,0.69003296,1,2,0,0.008728027,0.030639648,25.03125,24,157,0,0,255,2,0,1782507954.811567,3
25.03125,25.018957,0.16492227,0.7668287,0.67529297,1,2,0,0.006591797,0.030639648,25.03125,24,157,0,0,255,2,0,1782507954.811567,3
25.031248,25.019245,0.11300273,0.7668287,0.47766113,1,2,0,0.0045166016,0.030639648,25.03125,24,157,0,0,255,2,0,1782507954.811567,3
25.031004,25.019184,0.059555057,0.7668212,0.46984863,1,2,0,0.002380371,0.030639648,25.031006,24,157,0,0,255,2,0,1782507954.811567,3
25.032713,25.02101,0.0076358067,0.7653464,0.42562866,1,3,0,0.00030517578,0.030578613,25.032715,24,157,0,0,255,2,0,1782507954.811567,3
25.031252,25.023365,0.32227919,0.5392668,0.7975464,1,1,0,0.012878418,0.02154541,25.03125,26,157,0,0,255,2,0,1782507954.811567,3
25.03125,25.023996,0.2688228,0.5392668,0.8894348,1,1,0,0.0107421875,0.02154541,25.03125,26,157,0,0,255,2,0,1782507954.811567,3
25.031006,25.024256,0.21689045,0.5392616,0.70132446,1,1,0,0.008666992,0.02154541,25.031006,26,157,0,0,255,2,0,1782507954.811567,3
25.031006,25.024662,0.16343243,0.5392616,0.97177124,1,1,0,0.0065307617,0.02154541,25.031006,26,157,0,0,255,2,0,1782507954.811567,3
25.019531,25.013508,0.11145008,0.5374876,1.1239929,1,1,0,0.0044555664,0.021484375,25.019531,26,157,0,0,255,2,0,1782507954.811567,3
25.027098,25.021252,0.05955998,0.5376502,0.84002686,1,1,0,0.002380371,0.021484375,25.0271,26,157,0,0,255,2,0,1782507954.811567,3
25.02124,25.015465,0.006107291,0.53752434,0.8390808,1,1,0,0.00024414062,0.021484375,25.02124,26,157,0,0,255,2,0,1782507954.811567,3
25.02075,25.008186,0.36483037,0.7039212,0.7395325,1,1,0,0.014587402,0.028137207,25.020752,27,157,1,0,255,2,0,1782507954.811567,3
25.023926,25.012083,0.31144583,0.7040105,0.71383667,1,1,0,0.012451172,0.028137207,25.023926,27,157,1,0,255,2,0,1782507954.811567,3
25.027344,25.01609,0.2595757,0.7041066,0.77853394,1,1,0,0.010375977,0.028137207,25.027344,27,157,1,0,255,2,0,1782507954.811567,3
25.026363,25.01561,0.20612696,0.70407915,0.7210388,1,1,0,0.008239746,0.028137207,25.026367,27,157,1,0,255,2,0,1782507954.811567,3
25.023926,25.013546,0.15419923,0.7040105,0.69021606,1,1,0,0.006164551,0.028137207,25.023926,27,157,1,0,255,2,0,1782507954.811567,3
25.015871,25.005802,0.10225818,0.7022576,0.7798767,1,1,0,0.0040893555,0.028076172,25.01587,27,157,1,0,255,2,0,1782507954.811567,3
25.028563,25.018652,0.048864614,0.70261395,0.8340149,1,1,0,0.001953125,0.028076172,25.028564,27,157,1,0,255,2,0,1782507954.811567,3
25.025146,25.015284,-0.0030536235,0.70251805,0.69226074,1,1,0,-0.00012207031,0.028076172,25.025146,27,157,1,0,255,2,0,1782507954.811567,3
25.029543,25.023142,0.31463858,0.47049835,0.8422241,1,1,0,0.012573242,0.018798828,25.029541,29,157,1,0,255,2,0,1782507954.811567,3
25.01465,25.008852,0.26255372,0.4702184,0.8825073,1,1,0,0.010498047,0.018798828,25.014648,29,157,1,0,255,2,0,1782507954.811567,3
25.021484,25.016176,0.21071252,0.4703469,0.92355347,1,1,0,0.008422852,0.018798828,25.021484,29,157,1,0,255,2,0,1782507954.811567,3
25.009035,25.004395,0.10530477,0.47011286,0.72753906,1,1,0,0.004211426,0.018798828,25.009033,29,157,1,0,255,2,0,1782507954.811567,3
25.019289,25.014814,0.051910702,0.4703056,0.7922058,1,1,0,0.0020751953,0.018798828,25.019287,29,157,1,0,255,2,0,1782507954.811567,3
25.023926,25.019505,-0.0,0.4703928,0.7076721,1,1,0,-0.0,0.018798828,25.023926,29,157,1,0,255,2,0,1782507954.811567,3
25.020264,25.01699,0.1649093,0.36954856,0.71691895,1,1,0,0.006591797,0.014770508,25.020264,60,157,0,0,255,2,0,1782507954.811567,3
25.0271,25.024052,0.11149707,0.37423164,0.8105469,1,1,0,0.0044555664,0.014953613,25.0271,60,157,0,0,255,2,0,1782507954.811567,3
25.032469,25.029552,0.059579737,0.37736732,0.68743896,1,1,0,0.002380371,0.015075684,25.03247,60,157,0,0,255,2,0,1782507954.811567,3
25.034182,25.031265,0.0061111487,0.38197643,0.71084595,1,1,0,0.00024414062,0.015258789,25.03418,60,157,0,0,255,2,0,1782507954.811567,3
25.023926,25.014744,0.36492604,0.5711753,0.6984253,1,1,0,0.014587402,0.022827148,25.023926,61,157,1,0,255,2,0,1782507954.811567,3
25.02637,25.01784,0.3115175,0.5742852,0.76623535,1,1,0,0.012451172,0.022949219,25.026367,61,157,1,0,255,2,0,1782507954.811567,3
25.029541,25.021498,0.25963178,0.5789398,0.80114746,1,1,0,0.010375977,0.023132324,25.029541,61,157,1,0,255,2,0,1782507954.811567,3
25.026367,25.01874,0.20767987,0.58192056,0.64501953,1,1,0,0.008300781,0.023254395,25.026367,61,157,1,0,255,2,0,1782507954.811567,3
25.016846,25.0095,0.15417428,0.5862786,0.81066895,1,1,0,0.006164551,0.0234375,25.016846,61,157,1,0,255,2,0,1782507954.811567,3
25.029541,25.022387,0.102326006,0.58963066,0.7970276,1,1,0,0.0040893555,0.02355957,25.029541,61,157,1,0,255,2,0,1782507954.811567,3
25.02295,25.015848,0.048859138,0.59405595,0.6984253,1,1,0,0.001953125,0.023742676,25.02295,61,157,1,0,255,2,0,1782507954.811567,3
25.023926,25.0168,-0.0030538086,0.597133,0.7364502,1,1,0,-0.00012207031,0.023864746,25.023926,61,157,1,0,255,2,0,1782507954.811567,3
25.031248,25.017406,0.3237296,0.7668287,0.71084595,1,2,0,0.012939453,0.030639648,25.03125,24,158,0,0,255,2,0,1782507954.9130714,4
25.032228,25.019001,0.27182359,0.7668586,0.6744385,1,2,0,0.010864258,0.030639648,25.032227,24,158,0,0,255,2,0,1782507954.9130714,4
25.032959,25.020243,0.21991016,0.76688105,0.70477295,1,2,0,0.0087890625,0.030639648,25.032959,24,158,0,0,255,2,0,1782507954.9130714,4
25.0271,25.0148,0.16642171,0.7667015,0.46725464,1,2,0,0.006652832,0.030639648,25.0271,24,158,0,0,255,2,0,1782507954.9130714,4
25.02417,25.012161,0.11449739,0.7666118,0.6102905,1,2,0,0.0045776367,0.030639648,25.02417,24,158,0,0,255,2,0,1782507954.9130714,4
25.026121,25.014301,0.061070196,0.7666716,0.6926575,1,2,0,0.0024414062,0.030639648,25.026123,24,158,0,0,255,2,0,1782507954.9130714,4
25.032225,25.020521,0.009162789,0.7653315,0.46984863,1,2,0,0.00036621094,0.030578613,25.032227,24,158,0,0,255,2,0,1782507954.9130714,4
25.032228,25.024282,0.32687384,0.53928787,0.83047485,1,1,0,0.013061523,0.02154541,25.032227,26,158,0,0,255,2,0,1782507954.9130714,4
25.031252,25.023964,0.27493253,0.5377394,0.68310547,1,1,0,0.010986328,0.021484375,25.03125,26,158,0,0,255,2,0,1782507954.9130714,4
25.03003,25.023272,0.22146419,0.53771317,0.7507324,1,1,0,0.008850098,0.021484375,25.03003,26,158,0,0,255,2,0,1782507954.9130714,4
25.03125,25.024899,0.16954383,0.5377394,0.71084595,1,1,0,0.0067749023,0.021484375,25.03125,26,158,0,0,255,2,0,1782507954.9130714,4
25.031738,25.025692,0.1160868,0.5377499,1.2778015,1,1,0,0.004638672,0.021484375,25.031738,26,158,0,0,255,2,0,1782507954.9130714,4
25.03247,25.026611,0.06415527,0.5377656,1.2058411,1,1,0,0.0025634766,0.021484375,25.03247,26,158,0,0,255,2,0,1782507954.9130714,4
25.02905,25.023272,0.012218395,0.5376922,0.7732544,1,1,0,0.00048828125,0.021484375,25.029053,26,158,0,0,255,2,0,1782507954.9130714,4
25.031738,25.019814,0.31765142,0.70423025,0.7816162,1,1,0,0.0126953125,0.028137207,25.031738,27,158,1,0,255,2,0,1782507954.9130714,4
25.023926,25.012669,0.26412064,0.7024838,0.7189636,1,1,0,0.010559082,0.028076172,25.023926,27,158,1,0,255,2,0,1782507954.9130714,4
25.022951,25.012188,0.21220566,0.70245636,0.8093567,1,1,0,0.008483887,0.028076172,25.02295,27,158,1,0,255,2,0,1782507954.9130714,4
25.02246,25.012096,0.15877031,0.70244265,0.89071655,1,1,0,0.0063476562,0.028076172,25.02246,27,158,1,0,255,2,0,1782507954.9130714,4
25.032959,25.022865,0.10690986,0.70273733,0.78778076,1,1,0,0.004272461,0.028076172,25.032959,27,158,1,0,255,2,0,1782507954.9130714,4
25.025146,25.015224,0.054965176,0.70251805,0.7446594,1,1,0,0.0021972656,0.028076172,25.025146,27,158,1,0,255,2,0,1782507954.9130714,4
25.014648,25.00479,0.0015261712,0.7022233,0.78604126,1,1,0,6.1035156e-05,0.028076172,25.014648,27,158,1,0,255,2,0,1782507954.9130714,4
25.023926,25.016842,0.36495665,0.4703928,0.8340149,1,1,0,0.014587402,0.018798828,25.023926,29,158,1,0,255,2,0,1782507954.9130714,4
25.026367,25.020006,0.3115445,0.4704387,0.71383667,1,1,0,0.012451172,0.018798828,25.026367,29,158,1,0,255,2,0,1782507954.9130714,4
25.02417,25.018402,0.25959966,0.47039738,1.098999,1,1,0,0.010375977,0.018798828,25.02417,29,158,1,0,255,2,0,1782507954.9130714,4
25.030764,25.025478,0.2077358,0.4705213,0.7846985,1,1,0,0.008300781,0.018798828,25.030762,29,158,1,0,255,2,0,1782507954.9130714,4
25.025148,25.02025,0.15424055,0.47041574,0.8586731,1,1,0,0.006164551,0.018798828,25.025146,29,158,1,0,255,2,0,1782507954.9130714,4
25.028568,25.023935,0.10233234,0.47048,0.86483765,1,1,0,0.0040893555,0.018798828,25.028564,29,158,1,0,255,2,0,1782507954.9130714,4
25.021484,25.017012,0.050388336,0.4703469,1.0569458,1,1,0,0.0020141602,0.018798828,25.021484,29,158,1,0,255,2,0,1782507954.9130714,4
25.025146,25.020725,-0.0030542878,0.47041574,0.7107544,1,1,0,-0.00012207031,0.018798828,25.025146,29,158,1,0,255,2,0,1782507954.9130714,4
25.03247,25.029165,0.16957274,0.36972886,0.83047485,1,1,0,0.0067749023,0.014770508,25.03247,60,158,0,0,255,2,0,1782507954.9130714,4
25.032715,25.029646,0.11610514,0.3743156,0.8764343,1,1,0,0.004638672,0.014953613,25.032715,60,158,0,0,255,2,0,1782507954.9130714,4
25.031248,25.028322,0.064159654,0.3773489,0.85302734,1,1,0,0.0025634766,0.015075684,25.03125,60,158,0,0,255,2,0,1782507954.9130714,4
25.028074,25.02516,0.012219317,0.38188332,0.6657715,1,1,0,0.00048828125,0.015258789,25.028076,60,158,0,0,255,2,0,1782507954.9130714,4
25.028563,25.019976,0.31612614,0.57433563,0.82373047,1,1,0,0.012634277,0.022949219,25.028564,61,158,1,0,255,2,0,1782507954.9130714,4
25.030762,25.02267,0.26422623,0.57896805,0.8812561,1,1,0,0.010559082,0.023132324,25.030762,61,158,1,0,255,2,0,1782507954.9130714,4
25.030762,25.023094,0.2122982,0.5820228,0.7220459,1,1,0,0.008483887,0.023254395,25.030762,61,158,1,0,255,2,0,1782507954.9130714,4
25.026367,25.01899,0.15881407,0.5865018,0.7333679,1,1,0,0.0063476562,0.0234375,25.026367,61,158,1,0,255,2,0,1782507954.9130714,4
25.020264,25.013092,0.10686811,0.58941215,0.9450989,1,1,0,0.004272461,0.02355957,25.020264,61,158,1,0,255,2,0,1782507954.9130714,4
25.01587,25.008759,0.054950967,0.59388787,0.8291321,1,1,0,0.0021972656,0.023742676,25.01587,61,158,1,0,255,2,0,1782507954.9130714,4
25.014648,25.007524,0.0015263382,0.59691155,0.78604126,1,1,0,6.1035156e-05,0.023864746,25.014648,61,158,1,0,255,2,0,1782507954.9130714,4
25.025143,25.011244,0.32823038,0.76664174,0.69610596,1,2,0,0.013122559,0.030639648,25.025146,24,159,0,0,255,2,0,1782507955.0103612,5
25.032959,25.019682,0.27641279,0.76688105,0.68743896,1,2,0,0.011047363,0.030639648,25.032959,24,159,0,0,255,2,0,1782507955.0103612,5
25.031004,25.018263,0.22294696,0.7668212,0.7420654,1,2,0,0.008911133,0.030639648,25.031006,24,159,0,0,255,2,0,1782507955.0103612,5
25.03125,25.018917,0.17103042,0.7668287,0.42303467,1,2,0,0.0068359375,0.030639648,25.03125,24,159,0,0,255,2,0,1782507955.0103612,5
25.027098,25.015076,0.117564395,0.7667015,0.43432617,1,2,0,0.004699707,0.030639648,25.0271,24,159,0,0,255,2,0,1782507955.0103612,5
25.03247,25.020636,0.0656671,0.7668661,0.45510864,1,2,0,0.0026245117,0.030639648,25.03247,24,159,0,0,255,2,0,1782507955.0103612,5
25.028076,25.016325,0.01374188,0.76673144,0.4005127,1,3,0,0.0005493164,0.030639648,25.028076,24,159,0,0,255,2,0,1782507955.0103612,5
25.031006,25.023134,0.32380372,0.53773415,0.7810669,1,1,0,0.012939453,0.021484375,25.031006,26,159,0,0,255,2,0,1782507955.0103612,5
25.031248,25.024012,0.2703505,0.5377394,0.81747437,1,1,0,0.010803223,0.021484375,25.03125,26,159,0,0,255,2,0,1782507955.0103612,5
25.03125,25.024519,0.21842024,0.5377394,0.84436035,1,1,0,0.008728027,0.021484375,25.03125,26,159,0,0,255,2,0,1782507955.0103612,5
25.027102,25.020771,0.16646144,0.5376502,0.82006836,1,1,0,0.006652832,0.021484375,25.0271,26,159,0,0,255,2,0,1782507955.0103612,5
25.030027,25.023996,0.11302419,0.53771317,0.8911743,1,1,0,0.0045166016,0.021484375,25.03003,26,159,0,0,255,2,0,1782507955.0103612,5
25.032469,25.026691,0.009165049,0.5377656,0.7862549,1,1,0,0.00036621094,0.021484375,25.03247,26,159,0,0,255,2,0,1782507955.0103612,5
25.031738,25.01919,0.36651826,0.70270306,0.829895,1,1,0,0.0146484375,0.028076172,25.031738,27,159,1,0,255,2,0,1782507955.0103612,5
25.02637,25.014547,0.3130035,0.70255226,0.7097168,1,1,0,0.012512207,0.028076172,25.026367,27,159,1,0,255,2,0,1782507955.0103612,5
25.02954,25.018312,0.26112592,0.70264137,0.91000366,1,1,0,0.010437012,0.028076172,25.029541,27,159,1,0,255,2,0,1782507955.0103612,5
25.026367,25.015629,0.20918097,0.70255226,0.7713623,1,1,0,0.008361816,0.028076172,25.026367,27,159,1,0,255,2,0,1782507955.0103612,5
25.028563,25.018215,0.15575506,0.70261395,0.7220459,1,1,0,0.006225586,0.028076172,25.028564,27,159,1,0,255,2,0,1782507955.0103612,5
25.025146,25.015068,0.103822894,0.70251805,0.82373047,1,1,0,0.0041503906,0.028076172,25.025146,27,159,1,0,255,2,0,1782507955.0103612,5
25.01587,25.005957,0.05189232,0.7022576,0.7449951,1,1,0,0.0020751953,0.028076172,25.01587,27,159,1,0,255,2,0,1782507955.0103612,5
25.023926,25.014063,-0.0015267372,0.7024838,0.70358276,1,1,0,-6.1035156e-05,0.028076172,25.023926,27,159,1,0,255,2,0,1782507955.0103612,5
25.030762,25.023655,0.36658368,0.4705213,0.79086304,1,1,0,0.0146484375,0.018798828,25.030762,29,159,1,0,255,2,0,1782507955.0103612,5
25.020264,25.013865,0.31452194,0.47032395,0.861969,1,1,0,0.012573242,0.018798828,25.020264,29,159,1,0,255,2,0,1782507955.0103612,5
25.029541,25.023756,0.26118273,0.47049835,0.9059143,1,1,0,0.010437012,0.018798828,25.029541,29,159,1,0,255,2,0,1782507955.0103612,5
25.025146,25.01985,0.20921627,0.47041574,0.8093567,1,1,0,0.008361816,0.018798828,25.025146,29,159,1,0,255,2,0,1782507955.0103612,5
25.016846,25.01193,0.15724261,0.4702597,0.71728516,1,1,0,0.006286621,0.018798828,25.016846,29,159,1,0,255,2,0,1782507955.0103612,5
25.028566,25.023928,0.10385966,0.47048,0.7097168,1,1,0,0.0041503906,0.018798828,25.028564,29,159,1,0,255,2,0,1782507955.0103612,5
25.027344,25.022898,0.051927477,0.46892974,0.77752686,1,1,0,0.0020751953,0.018737793,25.027344,29,159,1,0,255,2,0,1782507955.0103612,5
25.01587,25.011478,-0.0015265795,0.46871474,0.81066895,1,1,0,-6.1035156e-05,0.018737793,25.01587,29,159,1,0,255,2,0,1782507955.0103612,5
25.02124,25.01799,0.16491589,0.36803597,0.7187195,1,1,0,0.006591797,0.014709473,25.02124,60,159,0,0,255,2,0,1782507955.0103612,5
25.03125,25.028242,0.11304337,0.37123844,0.84436035,1,1,0,0.0045166016,0.014831543,25.03125,60,159,0,0,255,2,0,1782507955.0103612,5
25.01831,25.015419,0.059546094,0.375627,1.1283264,1,1,0,0.002380371,0.015014648,25.01831,60,159,0,0,255,2,0,1782507955.0103612,5
25.0166,25.013733,0.007633586,0.3786548,0.8417053,1,1,0,0.00030517578,0.015136719,25.016602,60,159,0,0,255,2,0,1782507955.0103612,5
25.022463,25.013351,0.36490571,0.5680881,0.87838745,1,1,0,0.014587402,0.022705078,25.02246,61,159,1,0,255,2,0,1782507955.0103612,5
25.026367,25.017853,0.31304488,0.5727581,0.77545166,1,1,0,0.012512207,0.022888184,25.026367,61,159,1,0,255,2,0,1782507955.0103612,5
25.028564,25.020592,0.2596224,0.5758628,0.76416016,1,1,0,0.010375977,0.023010254,25.028564,61,159,1,0,255,2,0,1782507955.0103612,5
25.029541,25.021948,0.2077065,0.5804671,0.7312927,1,1,0,0.008300781,0.02319336,25.029541,61,159,1,0,255,2,0,1782507955.0103612,5
25.026367,25.019081,0.15576045,0.58344764,0.7600708,1,1,0,0.006225586,0.02331543,25.026367,61,159,1,0,255,2,0,1782507955.0103612,5
25.027344,25.020226,0.10231717,0.5880518,0.6830139,1,1,0,0.0040893555,0.023498535,25.027344,61,159,1,0,255,2,0,1782507955.0103612,5
25.020264,25.013233,0.050380725,0.5909388,0.79833984,1,1,0,0.0020141602,0.023620605,25.020264,61,159,1,0,255,2,0,1782507955.0103612,5
25.025146,25.018057,-0.003053962,0.5956351,0.71588135,1,1,0,-0.00012207031,0.023803711,25.025146,61,159,1,0,255,2,0,1782507955.0103612,5
25.03247,25.019245,0.27182624,0.7668661,0.73773193,1,1,0,0.010864258,0.030639648,25.03247,24,160,0,0,255,2,0,1782507955.109862,6
25.033934,25.021217,0.21991873,0.766911,0.85736084,1,1,0,0.0087890625,0.030639648,25.033936,24,160,0,0,255,2,0,1782507955.109862,6
25.033201,25.020935,0.16798976,0.76536137,0.664917,1,2,0,0.006713867,0.030578613,25.033203,24,160,0,0,255,2,0,1782507955.109862,6
25.032469,25.020504,0.114535585,0.76533896,0.658844,1,2,0,0.0045776367,0.030578613,25.03247,24,160,0,0,255,2,0,1782507955.109862,6
25.031736,25.019957,0.06261111,0.7653166,0.6224365,1,2,0,0.0025024414,0.030578613,25.031738,24,160,0,0,255,2,0,1782507955.109862,6
25.02905,25.017347,0.010688566,0.7652345,0.6657715,1,3,0,0.0004272461,0.030578613,25.029053,24,160,0,0,255,2,0,1782507955.109862,6
25.027102,25.019157,0.3268069,0.5391774,0.85128784,1,1,0,0.013061523,0.02154541,25.0271,26,160,0,0,255,2,0,1782507955.109862,6
25.02905,25.021782,0.27338117,0.5376922,0.71343994,1,1,0,0.010925293,0.021484375,25.029053,26,160,0,0,255,2,0,1782507955.109862,6
25.03125,25.024492,0.22147499,0.5377394,0.7958069,1,1,0,0.008850098,0.021484375,25.03125,26,160,0,0,255,2,0,1782507955.109862,6
25.02905,25.022701,0.16952895,0.5376922,0.69003296,1,1,0,0.0067749023,0.021484375,25.029053,26,160,0,0,255,2,0,1782507955.109862,6
25.017334,25.011292,0.11602,0.5374405,1.0244141,1,1,0,0.004638672,0.021484375,25.017334,26,160,0,0,255,2,0,1782507955.109862,6
25.03125,25.02539,0.064152144,0.5377394,0.81399536,1,1,0,0.0025634766,0.021484375,25.03125,26,160,0,0,255,2,0,1782507955.109862,6
25.031248,25.025469,0.010692036,0.5377394,0.84695435,1,1,0,0.0004272461,0.021484375,25.03125,26,160,0,0,255,2,0,1782507955.109862,6
25.021729,25.009827,0.3159979,0.7039487,0.67788696,1,1,0,0.012634277,0.028137207,25.021729,27,160,1,0,255,2,0,1782507955.109862,6
25.020264,25.009008,0.26408198,0.70238096,0.8373413,1,1,0,0.010559082,0.028076172,25.020264,27,160,1,0,255,2,0,1782507955.109862,6
25.025146,25.014383,0.21222429,0.70251805,0.750824,1,1,0,0.008483887,0.028076172,25.025146,27,160,1,0,255,2,0,1782507955.109862,6
25.027344,25.016977,0.1588013,0.7025797,0.66659546,1,1,0,0.0063476562,0.028076172,25.027344,27,160,1,0,255,2,0,1782507955.109862,6
25.027344,25.017252,0.10688588,0.7025797,0.7949829,1,1,0,0.004272461,0.028076172,25.027344,27,160,1,0,255,2,0,1782507955.109862,6
25.019531,25.009613,0.053426377,0.7023604,0.65838623,1,1,0,0.0021362305,0.028076172,25.019531,27,160,1,0,255,2,0,1782507955.109862,6
25.01953,25.00967,0.0015264691,0.7023604,0.6368103,1,1,0,6.1035156e-05,0.028076172,25.019531,27,160,1,0,255,2,0,1782507955.109862,6
25.034666,25.028227,0.31775826,0.47059473,0.9757385,1,1,0,0.0126953125,0.018798828,25.034668,29,160,1,0,255,2,0,1782507955.109862,6
25.031738,25.025904,0.26578802,0.47053966,0.9059143,1,1,0,0.010620117,0.018798828,25.031738,29,160,1,0,255,2,0,1782507955.109862,6
25.034668,25.029331,0.21387887,0.47059473,0.81552124,1,1,0,0.008544922,0.018798828,25.034668,29,160,1,0,255,2,0,1782507955.109862,6
25.030762,25.025826,0.160385,0.4705213,0.82785034,1,1,0,0.0064086914,0.018798828,25.030762,29,160,1,0,255,2,0,1782507955.109862,6
25.026367,25.02171,0.10843217,0.4704387,0.6737976,1,1,0,0.004333496,0.018798828,25.026367,29,160,1,0,255,2,0,1782507955.109862,6
25.027344,25.022858,0.056509238,0.47045705,0.8196411,1,1,0,0.0022583008,0.018798828,25.027344,29,160,1,0,255,2,0,1782507955.109862,6
25.026367,25.021946,0.0030544368,0.4704387,0.69433594,1,1,0,0.00012207031,0.018798828,25.026367,29,160,1,0,255,2,0,1782507955.109862,6
25.022215,25.019318,0.06260951,0.37568566,0.7663269,1,1,0,0.0025024414,0.015014648,25.022217,60,160,0,0,255,2,0,1782507955.109862,6
25.01953,25.016638,0.010688262,0.38022605,1.3491211,1,1,0,0.0004272461,0.015197754,25.019531,60,160,0,0,255,2,0,1782507955.109862,6
25.018309,25.00976,0.31599706,0.57257366,0.7005005,1,1,0,0.012634277,0.022888184,25.01831,61,160,1,0,255,2,0,1782507955.109862,6
25.025146,25.017109,0.26264042,0.57731116,0.6347656,1,1,0,0.010498047,0.023071289,25.025146,61,160,1,0,255,2,0,1782507955.109862,6
25.025148,25.018017,0.10536214,0.5880002,0.65734863,1,1,0,0.004211426,0.023498535,25.025146,61,160,1,0,255,2,0,1782507955.109862,6
25.023926,25.016851,0.05344184,0.59255224,0.6850891,1,1,0,0.0021362305,0.02368164,25.023926,61,160,1,0,255,2,0,1782507955.109862,6
25.019531,25.012444,-0.0,0.5955014,0.7107544,1,1,0,-0.0,0.023803711,25.019531,61,160,1,0,255,2,0,1782507955.109862,6
25.03125,25.018042,0.27028596,0.7668287,0.73773193,1,1,0,0.010803223,0.030639648,25.03125,24,161,0,0,255,2,0,1782507955.20976,7
25.031738,25.019035,0.21837237,0.7668437,0.611145,1,2,0,0.008728027,0.030639648,25.031738,24,161,0,0,255,2,0,1782507955.20976,7
25.029055,25.016762,0.1649078,0.76676136,0.58947754,1,2,0,0.006591797,0.030639648,25.029053,24,161,0,0,255,2,0,1782507955.20976,7
25.027098,25.015097,0.112983994,0.7667015,0.631958,1,2,0,0.0045166016,0.030639648,25.0271,24,161,0,0,255,2,0,1782507955.20976,7
25.027098,25.01528,0.059545763,0.7667015,0.59207153,1,2,0,0.002380371,0.030639648,25.0271,24,161,0,0,255,2,0,1782507955.20976,7
25.031248,25.019545,0.0076353597,0.76530164,0.4022522,1,2,0,0.00030517578,0.030578613,25.03125,24,161,0,0,255,2,0,1782507955.20976,7
25.032715,25.02481,0.32382542,0.53929836,1.0931396,1,1,0,0.012939453,0.02154541,25.032715,26,161,0,0,255,2,0,1782507955.20976,7
25.031006,25.02372,0.27187485,0.5392616,0.85302734,1,1,0,0.010864258,0.02154541,25.031006,26,161,0,0,255,2,0,1782507955.20976,7
25.02905,25.022276,0.21992803,0.5392195,0.7698059,1,1,0,0.0087890625,0.02154541,25.029053,26,161,0,0,255,2,0,1782507955.20976,7
25.031006,25.024643,0.1664872,0.5392616,0.86602783,1,1,0,0.006652832,0.02154541,25.031006,26,161,0,0,255,2,0,1782507955.20976,7
25.021238,25.01517,0.11451116,0.5390512,0.71606445,1,1,0,0.0045776367,0.02154541,25.02124,26,161,0,0,255,2,0,1782507955.20976,7
25.031006,25.02515,0.062624104,0.53773415,1.1572876,1,1,0,0.0025024414,0.021484375,25.031006,26,161,0,0,255,2,0,1782507955.20976,7
25.018555,25.01278,0.009159954,0.5374667,0.72299194,1,1,0,0.00036621094,0.021484375,25.018555,26,161,0,0,255,2,0,1782507955.20976,7
25.025146,25.013264,0.3145144,0.7040448,0.885376,1,1,0,0.012573242,0.028137207,25.025146,27,161,1,0,255,2,0,1782507955.20976,7
25.032959,25.021671,0.26268834,0.70426464,0.96136475,1,1,0,0.010498047,0.028137207,25.032959,27,161,1,0,255,2,0,1782507955.20976,7
25.01953,25.008795,0.20912382,0.7023604,0.6850891,1,1,0,0.008361816,0.028076172,25.019531,27,161,1,0,255,2,0,1782507955.20976,7
25.027342,25.016985,0.15727438,0.7025797,0.9757385,1,1,0,0.006286621,0.028076172,25.027344,27,161,1,0,255,2,0,1782507955.20976,7
25.031738,25.021658,0.103850245,0.70270306,0.78985596,1,1,0,0.0041503906,0.028076172,25.031738,27,161,1,0,255,2,0,1782507955.20976,7
25.027344,25.017427,0.051916122,0.7025797,0.8483887,1,1,0,0.0020751953,0.028076172,25.027344,27,161,1,0,255,2,0,1782507955.20976,7
25.031738,25.021873,-0.0,0.70270306,0.88742065,1,1,0,-0.0,0.028076172,25.031738,27,161,1,0,255,2,0,1782507955.20976,7
25.023926,25.01682,0.36648354,0.4703928,0.6860962,1,1,0,0.0146484375,0.018798828,25.023926,29,161,1,0,255,2,0,1782507955.20976,7
25.030764,25.024363,0.31465393,0.4705213,0.8935852,1,1,0,0.012573242,0.018798828,25.030762,29,161,1,0,255,2,0,1782507955.20976,7
25.023926,25.01863,0.20920606,0.4703928,0.7189636,1,1,0,0.008361816,0.018798828,25.023926,29,161,1,0,255,2,0,1782507955.20976,7
25.025146,25.02023,0.15729478,0.47041574,0.87509155,1,1,0,0.006286621,0.018798828,25.025146,29,161,1,0,255,2,0,1782507955.20976,7
25.023926,25.019289,0.10384041,0.4703928,0.6624756,1,1,0,0.0041503906,0.018798828,25.023926,29,161,1,0,255,2,0,1782507955.20976,7
25.015871,25.011396,0.05190361,0.47024134,0.91122437,1,1,0,0.0020751953,0.018798828,25.01587,29,161,1,0,255,2,0,1782507955.20976,7
25.03247,25.029198,0.16804524,0.36820117,0.68136597,1,1,0,0.006713867,0.014709473,25.03247,60,161,0,0,255,2,0,1782507955.20976,7
25.03247,25.029455,0.11457656,0.37125656,0.9379883,1,1,0,0.0045776367,0.014831543,25.03247,60,161,0,0,255,2,0,1782507955.20976,7
25.03247,25.029572,0.06263517,0.37583962,0.86776733,1,1,0,0.0025024414,0.015014648,25.03247,60,161,0,0,255,2,0,1782507955.20976,7
25.03125,25.02838,0.010693279,0.3788765,0.658844,1,1,0,0.0004272461,0.015136719,25.03125,60,161,0,0,255,2,0,1782507955.20976,7
25.027344,25.018791,0.31611118,0.57278043,0.69433594,1,1,0,0.012634277,0.022888184,25.027344,61,161,1,0,255,2,0,1782507955.20976,7
25.022951,25.014948,0.26261774,0.5757336,0.67276,1,1,0,0.010498047,0.023010254,25.02295,61,161,1,0,255,2,0,1782507955.20976,7
25.022459,25.015163,0.15726294,0.58335656,0.97280884,1,1,0,0.006286621,0.02331543,25.02246,61,161,1,0,255,2,0,1782507955.20976,7
25.016846,25.009718,0.10532719,0.58780515,0.861969,1,1,0,0.004211426,0.023498535,25.016846,61,161,1,0,255,2,0,1782507955.20976,7
25.026367,25.01933,0.053447135,0.591083,0.69226074,1,1,0,0.0021362305,0.023620605,25.026367,61,161,1,0,255,2,0,1782507955.20976,7
25.015867,25.008781,-0.0,0.5954143,0.7542114,1,1,0,-0.0,0.023803711,25.01587,61,161,1,0,255,2,0,1782507955.20976,7
25.031006,25.017162,0.32372645,0.7668212,0.70217896,1,2,0,0.012939453,0.030639648,25.031006,24,162,0,0,255,2,0,1782507955.3118076,8
25.0271,25.013893,0.27024114,0.7667015,0.661438,1,1,0,0.010803223,0.030639648,25.0271,24,162,0,0,255,2,0,1782507955.3118076,8
25.025146,25.012447,0.21831486,0.76664174,0.46984863,1,2,0,0.008728027,0.030639648,25.025146,24,162,0,0,255,2,0,1782507955.3118076,8
25.03247,25.020168,0.16645743,0.7668661,0.667511,1,2,0,0.006652832,0.030639648,25.03247,24,162,0,0,255,2,0,1782507955.3118076,8
25.032715,25.02071,0.11300935,0.76687354,0.7793274,1,2,0,0.0045166016,0.030639648,25.032715,24,162,0,0,255,2,0,1782507955.3118076,8
25.032227,25.020403,0.06108509,0.7668586,0.71343994,1,2,0,0.0024414062,0.030639648,25.032227,24,162,0,0,255,2,0,1782507955.3118076,8
25.030027,25.018278,0.009161968,0.7667913,0.69869995,1,2,0,0.00036621094,0.030639648,25.03003,24,162,0,0,255,2,0,1782507955.3118076,8
25.028076,25.020185,0.32529297,0.5376712,0.7507324,1,1,0,0.013000488,0.021484375,25.028076,26,162,0,0,255,2,0,1782507955.3118076,8
25.031982,25.024729,0.2718858,0.53775513,0.73599243,1,1,0,0.010864258,0.021484375,25.031982,26,162,0,0,255,2,0,1782507955.3118076,8
25.031006,25.024261,0.21994548,0.53773415,0.82180786,1,1,0,0.0087890625,0.021484375,25.031006,26,162,0,0,255,2,0,1782507955.3118076,8
25.017334,25.011007,0.16639648,0.5374405,1.1785278,1,1,0,0.006652832,0.021484375,25.017334,26,162,0,0,255,2,0,1782507955.3118076,8
25.025145,25.019108,0.11452919,0.53760827,0.71951294,1,1,0,0.0045776367,0.021484375,25.025146,26,162,0,0,255,2,0,1782507955.3118076,8
25.031494,25.025639,0.062625326,0.53774464,0.7507324,1,1,0,0.0025024414,0.021484375,25.031494,26,162,0,0,255,2,0,1782507955.3118076,8
25.02905,25.023273,0.009163797,0.5376922,0.7403259,1,1,0,0.00036621094,0.021484375,25.029053,26,162,0,0,255,2,0,1782507955.3118076,8
25.016844,25.00426,0.36629954,0.7038113,0.8065491,1,1,0,0.0146484375,0.028137207,25.016846,27,162,1,0,255,2,0,1782507955.3118076,8
25.031738,25.019896,0.3145978,0.70270306,0.88742065,1,1,0,0.012573242,0.028076172,25.031738,27,162,1,0,255,2,0,1782507955.3118076,8
25.022463,25.011223,0.26257864,0.70244265,0.8414612,1,1,0,0.010498047,0.028076172,25.02246,27,162,1,0,255,2,0,1782507955.3118076,8
25.015867,25.005135,0.20909321,0.7022576,0.760376,1,1,0,0.008361816,0.028076172,25.01587,27,162,1,0,255,2,0,1782507955.3118076,8
25.025389,25.015032,0.1572621,0.7025249,0.96972656,1,1,0,0.006286621,0.028076172,25.02539,27,162,1,0,255,2,0,1782507955.3118076,8
25.03296,25.022879,0.10385531,0.70273733,0.77545166,1,1,0,0.0041503906,0.028076172,25.032959,27,162,1,0,255,2,0,1782507955.3118076,8
25.021729,25.011868,-0.0,0.7024221,0.7220459,1,1,0,-0.0,0.028076172,25.021729,27,162,1,0,255,2,0,1782507955.3118076,8
25.02417,25.018354,0.26418066,0.47039738,1.0169067,1,1,0,0.010559082,0.018798828,25.02417,29,162,1,0,255,2,0,1782507955.3118076,8
25.02246,25.017153,0.21072075,0.47036526,0.90301514,1,1,0,0.008422852,0.018798828,25.02246,29,162,1,0,255,2,0,1782507955.3118076,8
25.027344,25.022419,0.15883584,0.47045705,0.7836914,1,1,0,0.0063476562,0.018798828,25.027344,29,162,1,0,255,2,0,1782507955.3118076,8
25.026367,25.021723,0.105377756,0.4704387,0.78778076,1,1,0,0.004211426,0.018798828,25.026367,29,162,1,0,255,2,0,1782507955.3118076,8
25.006592,25.002117,0.053410366,0.47006696,0.8775635,1,1,0,0.0021362305,0.018798828,25.006592,29,162,1,0,255,2,0,1782507955.3118076,8
25.02246,25.01804,0.00152698,0.47036526,0.7716675,1,1,0,6.1035156e-05,0.018798828,25.02246,29,162,1,0,255,2,0,1782507955.3118076,8
25.028078,25.025032,0.11608374,0.3727188,0.71606445,1,1,0,0.004638672,0.014892578,25.028076,60,162,0,0,255,2,0,1782507955.3118076,8
25.031248,25.028355,0.010693269,0.38040414,0.6839905,1,1,0,0.0004272461,0.015197754,25.03125,60,162,0,0,255,2,0,1782507955.3118076,8
25.025145,25.016594,0.3160834,0.5727301,0.7569885,1,1,0,0.012634277,0.022888184,25.025146,61,162,1,0,255,2,0,1782507955.3118076,8
25.026367,25.018312,0.2641802,0.57733935,0.69125366,1,1,0,0.010559082,0.023071289,25.026367,61,162,1,0,255,2,0,1782507955.3118076,8
25.020754,25.013136,0.2106869,0.58026326,0.7425842,1,1,0,0.008422852,0.02319336,25.020752,61,162,1,0,255,2,0,1782507955.3118076,8
25.027344,25.020002,0.1588205,0.58499753,0.86483765,1,1,0,0.0063476562,0.023376465,25.027344,61,162,1,0,255,2,0,1782507955.3118076,8
25.018066,25.010939,0.10533233,0.5878338,0.77679443,1,1,0,0.004211426,0.023498535,25.018066,61,162,1,0,255,2,0,1782507955.3118076,8
25.018066,25.010994,0.053429328,0.5924135,0.8865967,1,1,0,0.0021362305,0.02368164,25.018066,61,162,1,0,255,2,0,1782507955.3118076,8
25.021484,25.014397,0.0015267576,0.5955479,0.884552,1,1,0,6.1035156e-05,0.023803711,25.021484,61,162,1,0,255,2,0,1782507955.3118076,8
25.031006,25.017181,0.32219955,0.7668212,0.6362915,1,2,0,0.012878418,0.030639648,25.031006,24,163,0,0,255,2,0,1782507955.4114492,9
25.0271,25.014414,0.21680513,0.7667015,0.42303467,1,2,0,0.008666992,0.030639648,25.0271,24,163,0,0,255,2,0,1782507955.4114492,9
25.033445,25.021162,0.16340958,0.766896,0.35534668,1,2,0,0.0065307617,0.030639648,25.033447,24,163,0,0,255,2,0,1782507955.4114492,9
25.029783,25.018011,0.059552263,0.7652569,0.32318115,1,3,0,0.002380371,0.030578613,25.029785,24,163,0,0,255,2,0,1782507955.4114492,9
25.021484,25.013582,0.32368013,0.5390564,0.9222107,1,1,0,0.012939453,0.02154541,25.021484,26,163,0,0,255,2,0,1782507955.4114492,9
25.03247,25.025232,0.27036366,0.5377656,0.85302734,1,1,0,0.010803223,0.021484375,25.03247,26,163,0,0,255,2,0,1782507955.4114492,9
25.03247,25.02615,0.16496968,0.5377656,0.7879944,1,1,0,0.006591797,0.021484375,25.03247,26,163,0,0,255,2,0,1782507955.4114492,9
25.031248,25.025217,0.1130297,0.5377394,0.7663269,1,1,0,0.0045166016,0.021484375,25.03125,26,163,0,0,255,2,0,1782507955.4114492,9
25.03247,25.026619,0.061100267,0.5377656,0.7698059,1,1,0,0.0024414062,0.021484375,25.03247,26,163,0,0,255,2,0,1782507955.4114492,9
25.032469,25.026691,0.007637541,0.5377656,0.7637329,1,1,0,0.00030517578,0.021484375,25.03247,26,163,0,0,255,2,0,1782507955.4114492,9
25.025148,25.013285,0.31298772,0.7040448,0.64193726,1,1,0,0.012512207,0.028137207,25.025146,27,163,1,0,255,2,0,1782507955.4114492,9
25.030762,25.019533,0.26113868,0.70267564,0.79086304,1,1,0,0.010437012,0.028076172,25.030762,27,163,1,0,255,2,0,1782507955.4114492,9
25.025145,25.014421,0.20764402,0.70251805,0.6830139,1,1,0,0.008300781,0.028076172,25.025146,27,163,1,0,255,2,0,1782507955.4114492,9
25.026367,25.01602,0.1557414,0.70255226,0.7477417,1,1,0,0.006225586,0.028076172,25.026367,27,163,1,0,255,2,0,1782507955.4114492,9
25.026367,25.016289,0.10382796,0.70255226,0.63064575,1,1,0,0.0041503906,0.028076172,25.026367,27,163,1,0,255,2,0,1782507955.4114492,9
25.026367,25.016453,0.05038721,0.70255226,0.6871338,1,1,0,0.0020141602,0.028076172,25.026367,27,163,1,0,255,2,0,1782507955.4114492,9
25.020752,25.010891,-0.0015265436,0.70239466,0.64297485,1,1,0,-6.1035156e-05,0.028076172,25.020752,27,163,1,0,255,2,0,1782507955.4114492,9
25.021729,25.0146,0.36797813,0.4703515,0.6737976,1,1,0,0.014709473,0.018798828,25.021729,29,163,1,0,255,2,0,1782507955.4114492,9
25.023926,25.017508,0.31609493,0.4703928,0.7097168,1,1,0,0.012634277,0.018798828,25.023926,29,163,1,0,255,2,0,1782507955.4114492,9
25.019533,25.013718,0.2641317,0.47031018,0.7374573,1,1,0,0.010559082,0.018798828,25.019531,29,163,1,0,255,2,0,1782507955.4114492,9
25.020752,25.015827,0.158794,0.47033313,0.64297485,1,1,0,0.0063476562,0.018798828,25.020752,29,163,1,0,255,2,0,1782507955.4114492,9
25.032957,25.028313,0.10540551,0.4705626,0.82373047,1,1,0,0.004211426,0.018798828,25.032959,29,163,1,0,255,2,0,1782507955.4114492,9
25.027344,25.022865,0.05345469,0.47045705,0.7610779,1,1,0,0.0021362305,0.018798828,25.027344,29,163,1,0,255,2,0,1782507955.4114492,9
25.023926,25.019505,0.0015270694,0.4703928,0.82785034,1,1,0,6.1035156e-05,0.018798828,25.023926,29,163,1,0,255,2,0,1782507955.4114492,9
25.026125,25.022873,0.16494808,0.3681078,0.8911743,1,1,0,0.006591797,0.014709473,25.026123,60,163,0,0,255,2,0,1782507955.4114492,9
25.032227,25.029196,0.113047674,0.37278062,0.82702637,1,1,0,0.0045166016,0.014892578,25.032227,60,163,0,0,255,2,0,1782507955.4114492,9
25.02905,25.02616,0.05957166,0.3757883,0.68310547,1,1,0,0.002380371,0.015014648,25.029053,60,163,0,0,255,2,0,1782507955.4114492,9
25.01074,25.00785,0.007631791,0.38009247,0.74642944,1,1,0,0.00030517578,0.015197754,25.010742,60,163,0,0,255,2,0,1782507955.4114492,9
25.023926,25.014778,0.36492655,0.5696483,0.77853394,1,1,0,0.014587402,0.022766113,25.023926,61,163,1,0,255,2,0,1782507955.4114492,9
25.025145,25.016632,0.31302962,0.5727301,0.846344,1,1,0,0.012512207,0.022888184,25.025146,61,163,1,0,255,2,0,1782507955.4114492,9
25.035156,25.027147,0.2596904,0.57754207,0.92233276,1,1,0,0.010375977,0.023071289,25.035156,61,163,1,0,255,2,0,1782507955.4114492,9
25.025146,25.017553,0.20767002,0.5803652,0.8483887,1,1,0,0.008300781,0.02319336,25.025146,61,163,1,0,255,2,0,1782507955.4114492,9
25.01831,25.01099,0.15571009,0.5847864,0.6645508,1,1,0,0.006225586,0.023376465,25.01831,61,163,1,0,255,2,0,1782507955.4114492,9
25.025148,25.01803,0.10230819,0.5880002,0.6830139,1,1,0,0.0040893555,0.023498535,25.025146,61,163,1,0,255,2,0,1782507955.4114492,9
25.021484,25.014418,0.050383113,0.5924944,0.76345825,1,1,0,0.0020141602,0.02368164,25.021484,61,163,1,0,255,2,0,1782507955.4114492,9
25.026367,25.019278,-0.0015270555,0.59566414,0.6830139,1,1,0,-6.1035156e-05,0.023803711,25.026367,61,163,1,0,255,2,0,1782507955.4114492,9
25.03296,25.01975,0.27030444,0.76688105,0.82180786,1,1,0,0.010803223,0.030639648,25.032959,24,164,0,0,255,2,0,1782507955.5102096,10
25.032469,25.019768,0.21837877,0.7668661,0.69869995,1,1,0,0.008728027,0.030639648,25.03247,24,164,0,0,255,2,0,1782507955.5102096,10
25.02417,25.01188,0.16487563,0.7666118,0.6449585,1,2,0,0.006591797,0.030639648,25.02417,24,164,0,0,255,2,0,1782507955.5102096,10
25.031738,25.019733,0.11300494,0.7668437,0.60336304,1,2,0,0.0045166016,0.030639648,25.031738,24,164,0,0,255,2,0,1782507955.5102096,10
25.032225,25.02045,0.05955807,0.7653315,0.72906494,1,2,0,0.002380371,0.030578613,25.032227,24,164,0,0,255,2,0,1782507955.5102096,10
25.032469,25.020765,0.007635732,0.76533896,0.646698,1,3,0,0.00030517578,0.030578613,25.03247,24,164,0,0,255,2,0,1782507955.5102096,10
25.026123,25.0182,0.32526717,0.5391564,0.8122864,1,1,0,0.013000488,0.02154541,25.026123,26,164,0,0,255,2,0,1782507955.5102096,10
25.025146,25.017845,0.27333817,0.53913534,0.6362915,1,1,0,0.010925293,0.02154541,25.025146,26,164,0,0,255,2,0,1782507955.5102096,10
25.03125,25.024506,0.21994762,0.5377394,0.71691895,1,1,0,0.0087890625,0.021484375,25.03125,26,164,0,0,255,2,0,1782507955.5102096,10
25.03125,25.024908,0.16801643,0.5377394,0.83654785,1,1,0,0.006713867,0.021484375,25.03125,26,164,0,0,255,2,0,1782507955.5102096,10
25.02051,25.014465,0.116034724,0.5375086,1.073761,1,1,0,0.004638672,0.021484375,25.020508,26,164,0,0,255,2,0,1782507955.5102096,10
25.024168,25.01839,0.010689011,0.5375873,0.673584,1,1,0,0.0004272461,0.021484375,25.02417,26,164,0,0,255,2,0,1782507955.5102096,10
25.023926,25.011314,0.3679298,0.7040105,0.6850891,1,1,0,0.014709473,0.028137207,25.023926,27,164,1,0,255,2,0,1782507955.5102096,10
25.029541,25.017637,0.31609657,0.70416844,0.807312,1,1,0,0.012634277,0.028137207,25.029541,27,164,1,0,255,2,0,1782507955.5102096,10
25.021486,25.010202,0.2625679,0.7039418,0.93585205,1,1,0,0.010498047,0.028137207,25.021484,27,164,1,0,255,2,0,1782507955.5102096,10
25.018312,25.007565,0.21063998,0.7023261,0.65631104,1,1,0,0.008422852,0.028076172,25.01831,27,164,1,0,255,2,0,1782507955.5102096,10
25.032959,25.022871,0.10538259,0.70273733,0.76828,1,1,0,0.004211426,0.028076172,25.032959,27,164,1,0,255,2,0,1782507955.5102096,10
25.027344,25.017424,0.053443063,0.7025797,0.72720337,1,1,0,0.0021362305,0.028076172,25.027344,27,164,1,0,255,2,0,1782507955.5102096,10
25.027344,25.01748,-0.0,0.7025797,0.76623535,1,1,0,-0.0,0.028076172,25.027344,27,164,1,0,255,2,0,1782507955.5102096,10
25.026367,25.019968,0.31459868,0.4704387,0.75183105,1,1,0,0.012573242,0.018798828,25.026367,29,164,1,0,255,2,0,1782507955.5102096,10
25.01807,25.012285,0.261063,0.47028264,0.9050598,1,1,0,0.010437012,0.018798828,25.018066,29,164,1,0,255,2,0,1782507955.5102096,10
25.02295,25.017653,0.2091979,0.47037444,0.81140137,1,1,0,0.008361816,0.018798828,25.02295,29,164,1,0,255,2,0,1782507955.5102096,10
25.027342,25.022427,0.1573086,0.47045705,0.8340149,1,1,0,0.006286621,0.018798828,25.027344,29,164,1,0,255,2,0,1782507955.5102096,10
25.020264,25.015818,0.051912785,0.46879706,0.78912354,1,1,0,0.0020751953,0.018737793,25.020264,29,164,1,0,255,2,0,1782507955.5102096,10
25.021484,25.017092,-0.0015269221,0.46881995,0.7839966,1,1,0,-6.1035156e-05,0.018737793,25.021484,29,164,1,0,255,2,0,1782507955.5102096,10
25.031006,25.027712,0.16803527,0.36970723,0.83828735,1,1,0,0.006713867,0.014770508,25.031006,60,164,0,0,255,2,0,1782507955.5102096,10
25.029053,25.026009,0.11608827,0.37273335,0.8781738,1,1,0,0.004638672,0.014892578,25.029053,60,164,0,0,255,2,0,1782507955.5102096,10
25.02124,25.018318,0.062607005,0.377198,0.7975464,1,1,0,0.0025024414,0.015075684,25.02124,60,164,0,0,255,2,0,1782507955.5102096,10
25.023924,25.015339,0.31606755,0.5742292,0.7333679,1,1,0,0.012634277,0.022949219,25.023926,61,164,1,0,255,2,0,1782507955.5102096,10
25.008787,25.000738,0.26399466,0.5769338,0.85705566,1,1,0,0.010559082,0.023071289,25.00879,61,164,1,0,255,2,0,1782507955.5102096,10
25.025148,25.017494,0.21072362,0.5818922,0.6860962,1,1,0,0.008422852,0.023254395,25.025146,61,164,1,0,255,2,0,1782507955.5102096,10
25.023924,25.016584,0.1587988,0.58491766,0.6840515,1,1,0,0.0063476562,0.023376465,25.023926,61,164,1,0,255,2,0,1782507955.5102096,10
25.02246,25.015295,0.10535067,0.5894639,0.8270874,1,1,0,0.004211426,0.02355957,25.02246,61,164,1,0,255,2,0,1782507955.5102096,10
25.013674,25.006601,0.053419944,0.5923094,0.8496704,1,1,0,0.0021362305,0.02368164,25.013672,61,164,1,0,255,2,0,1782507955.5102096,10
25.023926,25.0168,0.0015269043,0.597133,0.7127991,1,1,0,6.1035156e-05,0.023864746,25.023926,61,164,1,0,255,2,0,1782507955.5102096,10
25.03125,25.017366,0.3267835,0.7668287,0.8105469,1,1,0,0.013061523,0.030639648,25.03125,24,165,0,0,255,2,0,1782507955.6099684,11
25.026121,25.013395,0.22137678,0.7666716,0.7793274,1,2,0,0.008850098,0.030639648,25.026123,24,165,0,0,255,2,0,1782507955.6099684,11
25.0271,25.01479,0.1679485,0.7667015,0.70132446,1,2,0,0.006713867,0.030639648,25.0271,24,165,0,0,255,2,0,1782507955.6099684,11
25.0271,25.01513,0.1160378,0.76517475,0.82702637,1,2,0,0.004638672,0.030578613,25.0271,24,165,0,0,255,2,0,1782507955.6099684,11
25.022215,25.010435,0.0641138,0.7650255,0.42736816,1,2,0,0.0025634766,0.030578613,25.022217,24,165,0,0,255,2,0,1782507955.6099684,11
25.021238,25.009539,0.01068523,0.76499563,0.8781738,1,2,0,0.0004272461,0.030578613,25.02124,24,165,0,0,255,2,0,1782507955.6099684,11
25.0271,25.019176,0.32527986,0.5391774,0.73773193,1,1,0,0.013000488,0.02154541,25.0271,26,165,0,0,255,2,0,1782507955.6099684,11
25.031252,25.023964,0.2718775,0.5392668,0.83654785,1,1,0,0.010864258,0.02154541,25.03125,26,165,0,0,255,2,0,1782507955.6099684,11
25.033447,25.026703,0.21996693,0.5377866,1.1217651,1,1,0,0.0087890625,0.021484375,25.033447,26,165,0,0,255,2,0,1782507955.6099684,11
25.03003,25.023699,0.16648093,0.53771317,0.82702637,1,1,0,0.006652832,0.021484375,25.03003,26,165,0,0,255,2,0,1782507955.6099684,11
25.031248,25.02521,0.114557125,0.5377394,0.667511,1,1,0,0.0045776367,0.021484375,25.03125,26,165,0,0,255,2,0,1782507955.6099684,11
25.032227,25.026371,0.06262716,0.5377604,0.7585144,1,1,0,0.0025024414,0.021484375,25.032227,26,165,0,0,255,2,0,1782507955.6099684,11
25.031492,25.025715,0.009164691,0.53774464,0.7637329,1,1,0,0.00036621094,0.021484375,25.031494,26,165,0,0,255,2,0,1782507955.6099684,11
25.03076,25.018875,0.31458494,0.70420283,0.8093567,1,1,0,0.012573242,0.028137207,25.030762,27,165,1,0,255,2,0,1782507955.6099684,11
25.018312,25.007074,0.26253507,0.7023261,0.7189636,1,1,0,0.010498047,0.028076172,25.01831,27,165,1,0,255,2,0,1782507955.6099684,11
25.01831,25.007576,0.20911363,0.7023261,0.6830139,1,1,0,0.008361816,0.028076172,25.01831,27,165,1,0,255,2,0,1782507955.6099684,11
25.03076,25.020401,0.15729587,0.70267564,1.0363464,1,1,0,0.006286621,0.028076172,25.030762,27,165,1,0,255,2,0,1782507955.6099684,11
25.026367,25.016283,0.10535484,0.70255226,0.75491333,1,1,0,0.004211426,0.028076172,25.026367,27,165,1,0,255,2,0,1782507955.6099684,11
25.031738,25.02182,0.05192524,0.70270306,0.7487488,1,1,0,0.0020751953,0.028076172,25.031738,27,165,1,0,255,2,0,1782507955.6099684,11
25.028563,25.0187,-0.0,0.70261395,0.8915405,1,1,0,-0.0,0.028076172,25.028564,27,165,1,0,255,2,0,1782507955.6099684,11
25.028564,25.02148,0.3650243,0.47048,0.8956299,1,1,0,0.014587402,0.018798828,25.028564,29,165,1,0,255,2,0,1782507955.6099684,11
25.01465,25.008272,0.31292498,0.4702184,0.8475952,1,1,0,0.012512207,0.018798828,25.014648,29,165,1,0,255,2,0,1782507955.6099684,11
25.02539,25.019623,0.25961232,0.47042033,0.8989258,1,1,0,0.010375977,0.018798828,25.02539,29,165,1,0,255,2,0,1782507955.6099684,11
25.017334,25.012053,0.20762436,0.47026888,0.6470642,1,1,0,0.008300781,0.018798828,25.017334,29,165,1,0,255,2,0,1782507955.6099684,11
25.029543,25.024645,0.15426764,0.47049835,0.96136475,1,1,0,0.006164551,0.018798828,25.029541,29,165,1,0,255,2,0,1782507955.6099684,11
25.019533,25.014904,0.102295406,0.47031018,0.7579956,1,1,0,0.0040893555,0.018798828,25.019531,29,165,1,0,255,2,0,1782507955.6099684,11
25.024902,25.020458,0.05039528,0.468884,0.9871521,1,1,0,0.0020141602,0.018737793,25.024902,29,165,1,0,255,2,0,1782507955.6099684,11
25.02295,25.018557,-0.003054023,0.4688474,0.7127991,1,1,0,-0.00012207031,0.018737793,25.02295,29,165,1,0,255,2,0,1782507955.6099684,11
25.03125,25.028234,0.114570975,0.37123844,0.7489929,1,1,0,0.0045776367,0.014831543,25.03125,60,165,0,0,255,2,0,1782507955.6099684,11
25.032225,25.029348,0.06263461,0.3743083,0.72906494,1,1,0,0.0025024414,0.014953613,25.032227,60,165,0,0,255,2,0,1782507955.6099684,11
25.031006,25.028137,0.0091655785,0.3788728,0.8825073,1,1,0,0.00036621094,0.015136719,25.031006,60,165,0,0,255,2,0,1782507955.6099684,11
25.02295,25.013794,0.36796623,0.5680992,0.75491333,1,1,0,0.014709473,0.022705078,25.02295,61,165,1,0,255,2,0,1782507955.6099684,11
25.027342,25.018845,0.31458455,0.5712533,0.7487488,1,1,0,0.012573242,0.022827148,25.027344,61,165,1,0,255,2,0,1782507955.6099684,11
25.025146,25.017143,0.26264077,0.57578415,0.6830139,1,1,0,0.010498047,0.023010254,25.025146,61,165,1,0,255,2,0,1782507955.6099684,11
25.029541,25.021957,0.2107612,0.5789398,0.7836914,1,1,0,0.008422852,0.023132324,25.029541,61,165,1,0,255,2,0,1782507955.6099684,11
25.02856,25.021265,0.15730129,0.5834989,0.93673706,1,1,0,0.006286621,0.02331543,25.028564,61,165,1,0,255,2,0,1782507955.6099684,11
25.027342,25.020247,0.105371535,0.58652467,0.7846985,1,1,0,0.004211426,0.0234375,25.027344,61,165,1,0,255,2,0,1782507955.6099684,11
25.028564,25.02153,0.05192464,0.5911349,0.71588135,1,1,0,0.0020751953,0.023620605,25.028564,61,165,1,0,255,2,0,1782507955.6099684,11
25.027342,25.020288,-0.0,0.59416026,0.68096924,1,1,0,-0.0,0.023742676,25.027344,61,165,1,0,255,2,0,1782507955.6099684,11
25.03003,25.01682,0.2702728,0.7667913,0.71606445,1,1,0,0.010803223,0.030639648,25.03003,24,166,0,0,255,2,0,1782507955.7117262,12
25.030027,25.017326,0.21835746,0.7667913,0.6423645,1,2,0,0.008728027,0.030639648,25.03003,24,166,0,0,255,2,0,1782507955.7117262,12
25.031492,25.01949,0.113003835,0.76683617,0.74380493,1,2,0,0.0045166016,0.030639648,25.031494,24,166,0,0,255,2,0,1782507955.7117262,12
25.03003,25.018253,0.061079845,0.76526433,0.650177,1,2,0,0.0024414062,0.030578613,25.03003,24,166,0,0,255,2,0,1782507955.7117262,12
25.027098,25.015396,0.0076340935,0.76517475,0.60595703,1,2,0,0.00030517578,0.030578613,25.0271,24,166,0,0,255,2,0,1782507955.7117262,12
25.033937,25.026031,0.3238412,0.5393247,0.83306885,1,1,0,0.012939453,0.02154541,25.033936,26,166,0,0,255,2,0,1782507955.7117262,12
25.035156,25.027885,0.27039233,0.539351,0.70132446,1,1,0,0.010803223,0.02154541,25.035156,26,166,0,0,255,2,0,1782507955.7117262,12
25.03125,25.024487,0.21841995,0.5392668,0.7862549,1,1,0,0.008728027,0.02154541,25.03125,26,166,0,0,255,2,0,1782507955.7117262,12
25.03247,25.026117,0.16496946,0.5392931,0.70999146,1,1,0,0.006591797,0.02154541,25.03247,26,166,0,0,255,2,0,1782507955.7117262,12
25.031982,25.025917,0.11303286,0.5392826,0.81747437,1,1,0,0.0045166016,0.02154541,25.031982,26,166,0,0,255,2,0,1782507955.7117262,12
25.032959,25.027075,0.06110138,0.53930366,0.85128784,1,1,0,0.0024414062,0.02154541,25.032959,26,166,0,0,255,2,0,1782507955.7117262,12
25.032715,25.026936,0.0076376153,0.53777087,0.7793274,1,1,0,0.00030517578,0.021484375,25.032715,26,166,0,0,255,2,0,1782507955.7117262,12
25.030762,25.01817,0.3665033,0.70420283,0.7949829,1,1,0,0.0146484375,0.028137207,25.030762,27,166,1,0,255,2,0,1782507955.7117262,12
25.032957,25.021091,0.3130854,0.70426464,0.734375,1,1,0,0.012512207,0.028137207,25.032959,27,166,1,0,255,2,0,1782507955.7117262,12
25.031734,25.020466,0.2611484,0.70423025,0.7076721,1,1,0,0.010437012,0.028137207,25.031738,27,166,1,0,255,2,0,1782507955.7117262,12
25.030762,25.01999,0.20769025,0.70420283,0.78060913,1,1,0,0.008300781,0.028137207,25.030762,27,166,1,0,255,2,0,1782507955.7117262,12
25.03296,25.02261,0.15578242,0.70273733,0.9038696,1,1,0,0.006225586,0.028076172,25.032959,27,166,1,0,255,2,0,1782507955.7117262,12
25.031738,25.021822,0.050398026,0.70270306,0.7210388,1,1,0,0.0020141602,0.028076172,25.031738,27,166,1,0,255,2,0,1782507955.7117262,12
25.022951,25.013088,-0.0015266777,0.70245636,0.76828,1,1,0,-6.1035156e-05,0.028076172,25.02295,27,166,1,0,255,2,0,1782507955.7117262,12
25.030764,25.024343,0.3161813,0.4705213,0.7487488,1,1,0,0.012634277,0.018798828,25.030762,29,166,1,0,255,2,0,1782507955.7117262,12
25.03418,25.028378,0.26275873,0.47058555,0.89974976,1,1,0,0.010498047,0.018798828,25.03418,29,166,1,0,255,2,0,1782507955.7117262,12
25.025148,25.019838,0.21074337,0.47041574,0.78985596,1,1,0,0.008422852,0.018798828,25.025146,29,166,1,0,255,2,0,1782507955.7117262,12
25.025146,25.020222,0.1588219,0.47041574,0.65426636,1,1,0,0.0063476562,0.018798828,25.025146,29,166,1,0,255,2,0,1782507955.7117262,12
25.02246,25.017818,0.105361305,0.47036526,0.8250427,1,1,0,0.004211426,0.018798828,25.02246,29,166,1,0,255,2,0,1782507955.7117262,12
25.032957,25.028507,0.05346674,0.46903494,1.0897522,1,1,0,0.0021362305,0.018737793,25.032959,29,166,1,0,255,2,0,1782507955.7117262,12
25.034668,25.030273,0.0015277267,0.46906695,0.8216858,1,1,0,6.1035156e-05,0.018737793,25.034668,29,166,1,0,255,2,0,1782507955.7117262,12
25.032715,25.029676,0.11457758,0.3727879,0.6397705,1,1,0,0.0045776367,0.014892578,25.032715,60,166,0,0,255,2,0,1782507955.7117262,12
25.028078,25.02518,0.061096758,0.37577364,0.7342529,1,1,0,0.0024414062,0.015014648,25.028076,60,166,0,0,255,2,0,1782507955.7117262,12
25.03003,25.027136,0.009165212,0.38038558,0.658844,1,1,0,0.00036621094,0.015197754,25.03003,60,166,0,0,255,2,0,1782507955.7117262,12
25.035154,25.025982,0.36661777,0.56990397,0.84017944,1,1,0,0.0146484375,0.022766113,25.035156,61,166,1,0,255,2,0,1782507955.7117262,12
25.026367,25.017834,0.31457186,0.5727581,0.807312,1,1,0,0.012573242,0.022888184,25.026367,61,166,1,0,255,2,0,1782507955.7117262,12
25.027346,25.019306,0.26266348,0.5773618,0.81347656,1,1,0,0.010498047,0.023071289,25.027344,61,166,1,0,255,2,0,1782507955.7117262,12
25.026367,25.01876,0.20920716,0.5803935,0.75491333,1,1,0,0.008361816,0.02319336,25.026367,61,166,1,0,255,2,0,1782507955.7117262,12
25.032957,25.025623,0.1573287,0.5851288,0.807312,1,1,0,0.006286621,0.023376465,25.032959,61,166,1,0,255,2,0,1782507955.7117262,12
25.018312,25.011189,0.10380679,0.58783954,0.7600708,1,1,0,0.0041503906,0.023498535,25.01831,61,166,1,0,255,2,0,1782507955.7117262,12
25.026367,25.019297,0.051920004,0.59261006,0.73028564,1,1,0,0.0020751953,0.02368164,25.026367,61,166,1,0,255,2,0,1782507955.7117262,12
25.014648,25.007563,-0.0,0.5953852,0.6906128,1,1,0,-0.0,0.023803711,25.014648,61,166,1,0,255,2,0,1782507955.7117262,12
25.027098,25.013258,0.32367593,0.7667015,0.59902954,1,2,0,0.012939453,0.030639648,25.0271,24,167,0,0,255,2,0,1782507955.810097,13
25.025146,25.01194,0.27022004,0.76664174,0.4109192,1,2,0,0.010803223,0.030639648,25.025146,24,167,0,0,255,2,0,1782507955.810097,13
25.02905,25.016397,0.21834935,0.7652345,0.646698,1,2,0,0.008728027,0.030578613,25.029053,24,167,0,0,255,2,0,1782507955.810097,13
25.027098,25.014854,0.16489522,0.76517475,0.6250305,1,2,0,0.006591797,0.030578613,25.0271,24,167,0,0,255,2,0,1782507955.810097,13
25.027098,25.015142,0.1129842,0.76517475,0.69610596,1,2,0,0.0045166016,0.030578613,25.0271,24,167,0,0,255,2,0,1782507955.810097,13
25.031492,25.019716,0.061083414,0.7653091,0.69869995,1,2,0,0.0024414062,0.030578613,25.031494,24,167,0,0,255,2,0,1782507955.810097,13
25.032227,25.024988,0.27036104,0.5377604,0.69003296,1,1,0,0.010803223,0.021484375,25.032227,26,167,0,0,255,2,0,1782507955.810097,13
25.028074,25.021347,0.21839255,0.5376712,0.49673462,1,1,0,0.008728027,0.021484375,25.028076,26,167,0,0,255,2,0,1782507955.810097,13
25.027102,25.02078,0.16493429,0.5376502,0.8044739,1,1,0,0.006591797,0.021484375,25.0271,26,167,0,0,255,2,0,1782507955.810097,13
25.02905,25.023273,0.0076364977,0.5376922,0.6770325,1,1,0,0.00030517578,0.021484375,25.029053,26,167,0,0,255,2,0,1782507955.810097,13
25.026367,25.013777,0.36643896,0.70407915,0.8710022,1,1,0,0.0146484375,0.028137207,25.026367,27,167,1,0,255,2,0,1782507955.810097,13
25.031738,25.019915,0.31307068,0.70270306,0.9315796,1,1,0,0.012512207,0.028076172,25.031738,27,167,1,0,255,2,0,1782507955.810097,13
25.023926,25.012701,0.26106733,0.7024838,0.7569885,1,1,0,0.010437012,0.028076172,25.023926,27,167,1,0,255,2,0,1782507955.810097,13
25.027344,25.016619,0.20766225,0.7025797,0.82785034,1,1,0,0.008300781,0.028076172,25.027344,27,167,1,0,255,2,0,1782507955.810097,13
25.020264,25.009918,0.15570341,0.70238096,0.8065491,1,1,0,0.006225586,0.028076172,25.020264,27,167,1,0,255,2,0,1782507955.810097,13
25.02246,25.012384,0.103811756,0.70244265,0.79833984,1,1,0,0.0041503906,0.028076172,25.02246,27,167,1,0,255,2,0,1782507955.810097,13
25.016846,25.006935,0.05036804,0.702285,0.760376,1,1,0,0.0020141602,0.028076172,25.016846,27,167,1,0,255,2,0,1782507955.810097,13
25.025146,25.015284,-0.0015268117,0.70251805,0.695343,1,1,0,-6.1035156e-05,0.028076172,25.025146,27,167,1,0,255,2,0,1782507955.810097,13
25.028564,25.021458,0.3665515,0.47048,0.8586731,1,1,0,0.0146484375,0.018798828,25.028564,29,167,1,0,255,2,0,1782507955.810097,13
25.023926,25.017527,0.31456798,0.4703928,0.70150757,1,1,0,0.012573242,0.018798828,25.023926,29,167,1,0,255,2,0,1782507955.810097,13
25.026367,25.020582,0.26114962,0.4704387,0.8422241,1,1,0,0.010437012,0.018798828,25.026367,29,167,1,0,255,2,0,1782507955.810097,13
25.029541,25.024624,0.1573224,0.47049835,0.907959,1,1,0,0.006286621,0.018798828,25.029541,29,167,1,0,255,2,0,1782507955.810097,13
25.021484,25.016848,0.10383028,0.4703469,0.9173889,1,1,0,0.0041503906,0.018798828,25.021484,29,167,1,0,255,2,0,1782507955.810097,13
25.029541,25.025095,0.051932037,0.4689709,0.7846985,1,1,0,0.0020751953,0.018737793,25.029541,29,167,1,0,255,2,0,1782507955.810097,13
25.026367,25.021975,-0.0015272201,0.46891144,0.7970276,1,1,0,-6.1035156e-05,0.018737793,25.026367,29,167,1,0,255,2,0,1782507955.810097,13
25.030031,25.026733,0.16497353,0.37122035,0.6805115,1,1,0,0.006591797,0.014831543,25.03003,60,167,0,0,255,2,0,1782507955.810097,13
25.031982,25.028929,0.11304647,0.37430465,0.6709595,1,1,0,0.0045166016,0.014953613,25.031982,60,167,0,0,255,2,0,1782507955.810097,13
25.027098,25.02416,0.059566904,0.37881368,0.70739746,1,1,0,0.002380371,0.015136719,25.0271,60,167,0,0,255,2,0,1782507955.810097,13
25.032713,25.029799,0.007638489,0.38195407,0.82354736,1,1,0,0.00030517578,0.015258789,25.032715,60,167,0,0,255,2,0,1782507955.810097,13
25.01831,25.00973,0.31294322,0.5756269,0.69021606,1,1,0,0.012512207,0.023010254,25.01831,61,167,1,0,255,2,0,1782507955.810097,13
25.02295,25.014908,0.25956342,0.5787873,0.6470642,1,1,0,0.010375977,0.023132324,25.02295,61,167,1,0,255,2,0,1782507955.810097,13
25.030762,25.023096,0.20771603,0.5835501,0.71795654,1,1,0,0.008300781,0.02331543,25.030762,61,167,1,0,255,2,0,1782507955.810097,13
25.02295,25.015593,0.15573874,0.58642167,0.63168335,1,1,0,0.006225586,0.0234375,25.02295,61,167,1,0,255,2,0,1782507955.810097,13
25.025146,25.017958,0.10230789,0.59105414,0.7333679,1,1,0,0.0040893555,0.023620605,25.025146,61,167,1,0,255,2,0,1782507955.810097,13
25.027342,25.020237,0.050394833,0.59416026,0.7189636,1,1,0,0.0020141602,0.023742676,25.027344,61,167,1,0,255,2,0,1782507955.810097,13
25.031738,25.024574,-0.0015273788,0.59884673,0.86276245,1,1,0,-6.1035156e-05,0.023925781,25.031738,61,167,1,0,255,2,0,1782507955.810097,13
25.02124,25.007362,0.3266528,0.76652205,0.69525146,1,2,0,0.013061523,0.030639648,25.02124,24,168,0,0,255,2,0,1782507955.9100645,14
25.02417,25.011444,0.2213595,0.7666118,0.3796997,1,2,0,0.008850098,0.030639648,25.02417,24,168,0,0,255,2,0,1782507955.9100645,14
25.03125,25.018927,0.16950338,0.7668287,0.42736816,1,2,0,0.0067749023,0.030639648,25.03125,24,168,0,0,255,2,0,1782507955.9100645,14
25.029055,25.017036,0.11604665,0.76676136,0.4109192,1,2,0,0.004638672,0.030639648,25.029053,24,168,0,0,255,2,0,1782507955.9100645,14
25.024414,25.012632,0.064119436,0.7650927,0.33187866,1,2,0,0.0025634766,0.030578613,25.024414,24,168,0,0,255,2,0,1782507955.9100645,14
25.041502,25.029793,0.012221579,0.76561517,0.3735962,1,2,0,0.00048828125,0.030578613,25.041504,24,168,0,0,255,2,0,1782507955.9100645,14
25.03247,25.024567,0.32382226,0.5392931,0.71865845,1,1,0,0.012939453,0.02154541,25.03247,26,168,0,0,255,2,0,1782507955.9100645,14
25.030027,25.022758,0.27033696,0.53924054,0.7307739,1,1,0,0.010803223,0.02154541,25.03003,26,168,0,0,255,2,0,1782507955.9100645,14
25.031982,25.025652,0.16649391,0.53775513,0.85910034,1,1,0,0.006652832,0.021484375,25.031982,26,168,0,0,255,2,0,1782507955.9100645,14
25.031492,25.025461,0.113030806,0.53774464,0.7793274,1,1,0,0.0045166016,0.021484375,25.031494,26,168,0,0,255,2,0,1782507955.9100645,14
25.025146,25.019297,0.06108239,0.53760827,0.82180786,1,1,0,0.0024414062,0.021484375,25.025146,26,168,0,0,255,2,0,1782507955.9100645,14
25.031738,25.019146,0.3665176,0.70423025,0.7970276,1,1,0,0.0146484375,0.028137207,25.031738,27,168,1,0,255,2,0,1782507955.9100645,14
25.022953,25.011726,0.26105717,0.70245636,0.7097168,1,1,0,0.010437012,0.028076172,25.02295,27,168,1,0,255,2,0,1782507955.9100645,14
25.027344,25.016996,0.15574747,0.7025797,0.80114746,1,1,0,0.006225586,0.028076172,25.027344,27,168,1,0,255,2,0,1782507955.9100645,14
25.030762,25.020845,0.05039606,0.70267564,0.7364502,1,1,0,0.0020141602,0.028076172,25.030762,27,168,1,0,255,2,0,1782507955.9100645,14
25.030762,25.020897,-0.0015271544,0.70267564,0.8977051,1,1,0,-6.1035156e-05,0.028076172,25.030762,27,168,1,0,255,2,0,1782507955.9100645,14
25.028563,25.02145,0.36502385,0.47200733,0.8093567,1,1,0,0.014587402,0.018859863,25.028564,29,168,1,0,255,2,0,1782507955.9100645,14
25.025148,25.018787,0.3115293,0.47041574,0.7610779,1,1,0,0.012451172,0.018798828,25.025146,29,168,1,0,255,2,0,1782507955.9100645,14
25.021484,25.015717,0.2595718,0.4703469,0.70599365,1,1,0,0.010375977,0.018798828,25.021484,29,168,1,0,255,2,0,1782507955.9100645,14
25.028564,25.023293,0.20619026,0.47048,0.84017944,1,1,0,0.008239746,0.018798828,25.028564,29,168,1,0,255,2,0,1782507955.9100645,14
25.030764,25.025866,0.15427516,0.4705213,0.87509155,1,1,0,0.006164551,0.018798828,25.030762,29,168,1,0,255,2,0,1782507955.9100645,14
25.029545,25.024912,0.10233633,0.47049835,0.7487488,1,1,0,0.0040893555,0.018798828,25.029541,29,168,1,0,255,2,0,1782507955.9100645,14
25.027344,25.022875,0.048872862,0.47045705,0.7949829,1,1,0,0.001953125,0.018798828,25.027344,29,168,1,0,255,2,0,1782507955.9100645,14
25.026367,25.021946,-0.0030544368,0.4704387,0.86276245,1,1,0,-0.00012207031,0.018798828,25.026367,29,168,1,0,255,2,0,1782507955.9100645,14
25.031006,25.027702,0.16956283,0.36970723,0.8825073,1,1,0,0.0067749023,0.014770508,25.031006,60,168,0,0,255,2,0,1782507955.9100645,14
25.019775,25.016726,0.11757215,0.3725952,0.87286377,1,1,0,0.004699707,0.014892578,25.019775,60,168,0,0,255,2,0,1782507955.9100645,14
25.019287,25.016361,0.064128995,0.37716857,0.8520813,1,1,0,0.0025634766,0.015075684,25.019287,60,168,0,0,255,2,0,1782507955.9100645,14
25.032469,25.029575,0.012221473,0.38042268,0.86343384,1,1,0,0.00048828125,0.015197754,25.03247,60,168,0,0,255,2,0,1782507955.9100645,14
25.019285,25.010683,0.31753552,0.5741227,0.8804321,1,1,0,0.0126953125,0.022949219,25.019287,61,168,1,0,255,2,0,1782507955.9100645,14
25.030762,25.022705,0.2642266,0.5774407,0.78060913,1,1,0,0.010559082,0.023071289,25.030762,61,168,1,0,255,2,0,1782507955.9100645,14
25.019531,25.011866,0.21220294,0.5817616,0.8093567,1,1,0,0.008483887,0.023254395,25.019531,61,168,1,0,255,2,0,1782507955.9100645,14
25.023922,25.016573,0.1603257,0.58491766,0.8586731,1,1,0,0.0064086914,0.023376465,25.023926,61,168,1,0,255,2,0,1782507955.9100645,14
25.023926,25.016752,0.10688375,0.5894984,0.8586731,1,1,0,0.004272461,0.02355957,25.023926,61,168,1,0,255,2,0,1782507955.9100645,14
25.03174,25.02466,0.054985907,0.59273726,0.8668823,1,1,0,0.0021972656,0.02368164,25.031738,61,168,1,0,255,2,0,1782507955.9100645,14
25.022459,25.015335,0.0030536298,0.597098,0.77783203,1,1,0,0.00012207031,0.023864746,25.02246,61,168,1,0,255,2,0,1782507955.9100645,14
25.0271,25.013279,0.32214928,0.7667015,0.8105469,1,1,0,0.012878418,0.030639648,25.0271,24,169,0,0,255,2,0,1782507956.0096276,15
25.034178,25.021885,0.16494156,0.7669184,0.7472534,1,1,0,0.006591797,0.030639648,25.03418,24,169,0,0,255,2,0,1782507956.0096276,15
25.01953,25.007761,0.059527867,0.76494336,0.619812,1,2,0,0.002380371,0.030578613,25.019531,24,169,0,0,255,2,0,1782507956.0096276,15
25.031738,25.024435,0.27341017,0.5392773,0.71691895,1,1,0,0.010925293,0.02154541,25.031738,26,169,0,0,255,2,0,1782507956.0096276,15
25.03003,25.023285,0.21993689,0.53771317,0.71606445,1,1,0,0.0087890625,0.021484375,25.03003,26,169,0,0,255,2,0,1782507956.0096276,15
25.031738,25.025396,0.16801971,0.5377499,0.7862549,1,1,0,0.006713867,0.021484375,25.031738,26,169,0,0,255,2,0,1782507956.0096276,15
25.027098,25.02132,0.010690263,0.5376502,0.673584,1,1,0,0.0004272461,0.021484375,25.0271,26,169,0,0,255,2,0,1782507956.0096276,15
25.025146,25.012535,0.36794773,0.7040448,0.7395325,1,1,0,0.014709473,0.028137207,25.025146,27,169,1,0,255,2,0,1782507956.0096276,15
25.027344,25.01544,0.31606883,0.7041066,0.78060913,1,1,0,0.012634277,0.028137207,25.027344,27,169,1,0,255,2,0,1782507956.0096276,15
25.028564,25.01728,0.2626422,0.70414096,0.77752686,1,1,0,0.010498047,0.028137207,25.028564,27,169,1,0,255,2,0,1782507956.0096276,15
25.025146,25.014355,0.21069717,0.7040448,0.77545166,1,1,0,0.008422852,0.028137207,25.025146,27,169,1,0,255,2,0,1782507956.0096276,15
25.027344,25.01726,0.10535895,0.7025797,0.8442688,1,1,0,0.004211426,0.028076172,25.027344,27,169,1,0,255,2,0,1782507956.0096276,15
25.025146,25.015226,0.05343837,0.70251805,0.7374573,1,1,0,0.0021362305,0.028076172,25.025146,27,169,1,0,255,2,0,1782507956.0096276,15
25.026367,25.016504,-0.0,0.70255226,0.77545166,1,1,0,-0.0,0.028076172,25.026367,27,169,1,0,255,2,0,1782507956.0096276,15
25.021729,25.01533,0.31454036,0.4703515,0.62960815,1,1,0,0.012573242,0.018798828,25.021729,29,169,1,0,255,2,0,1782507956.0096276,15
25.032957,25.027172,0.2612184,0.4705626,0.9408264,1,1,0,0.010437012,0.018798828,25.032959,29,169,1,0,255,2,0,1782507956.0096276,15
25.008059,25.003424,0.10377457,0.4700945,0.6546936,1,1,0,0.0041503906,0.018798828,25.008057,29,169,1,0,255,2,0,1782507956.0096276,15
25.012451,25.007978,0.051896516,0.47017708,0.72036743,1,1,0,0.0020751953,0.018798828,25.012451,29,169,1,0,255,2,0,1782507956.0096276,15
25.02246,25.018068,-0.0,0.46883824,1.0025635,1,1,0,-0.0,0.018737793,25.02246,29,169,1,0,255,2,0,1782507956.0096276,15
25.031006,25.027744,0.16650784,0.36817962,0.86169434,1,1,0,0.006652832,0.014709473,25.031006,60,169,0,0,255,2,0,1782507956.0096276,15
25.034668,25.031652,0.11458662,0.37128913,0.71343994,1,1,0,0.0045776367,0.014831543,25.034668,60,169,0,0,255,2,0,1782507956.0096276,15
25.021484,25.018589,0.061080664,0.37567466,0.7758789,1,1,0,0.0024414062,0.015014648,25.021484,60,169,0,0,255,2,0,1782507956.0096276,15
25.03125,25.028381,0.009165668,0.3788765,0.97525024,1,1,0,0.00036621094,0.015136719,25.03125,60,169,0,0,255,2,0,1782507956.0096276,15
25.023926,25.014793,0.36645386,0.5681214,0.7076721,1,1,0,0.0146484375,0.022705078,25.023926,61,169,1,0,255,2,0,1782507956.0096276,15
25.030762,25.022226,0.31462708,0.57285863,0.8319702,1,1,0,0.012573242,0.022888184,25.030762,61,169,1,0,255,2,0,1782507956.0096276,15
25.026367,25.018364,0.2626536,0.5758123,0.8175659,1,1,0,0.010498047,0.023010254,25.026367,61,169,1,0,255,2,0,1782507956.0096276,15
25.030762,25.023155,0.20924391,0.5804954,0.77853394,1,1,0,0.008361816,0.02319336,25.030762,61,169,1,0,255,2,0,1782507956.0096276,15
25.035887,25.028587,0.15734732,0.5836696,0.8668823,1,1,0,0.006286621,0.02331543,25.035889,61,169,1,0,255,2,0,1782507956.0096276,15
25.030762,25.023636,0.103858456,0.5881321,0.79293823,1,1,0,0.0041503906,0.023498535,25.030762,61,169,1,0,255,2,0,1782507956.0096276,15
25.025146,25.018057,-0.0,0.5956351,0.7097168,1,1,0,-0.0,0.023803711,25.025146,61,169,1,0,255,2,0,1782507956.0096276,15
25.027098,25.013859,0.27329463,0.7667015,0.7637329,1,2,0,0.010925293,0.030639648,25.0271,24,170,0,0,255,2,0,1782507956.1116598,16
25.031004,25.01829,0.219893,0.7668212,0.72473145,1,2,0,0.0087890625,0.030639648,25.031006,24,170,0,0,255,2,0,1782507956.1116598,16
25.032225,25.020214,0.11453426,0.7668586,0.4065857,1,2,0,0.0045776367,0.030639648,25.032227,24,170,0,0,255,2,0,1782507956.1116598,16
25.027098,25.01532,0.0625995,0.76517475,0.3753662,1,2,0,0.0025024414,0.030578613,25.0271,24,170,0,0,255,2,0,1782507956.1116598,16
25.031734,25.020031,0.010689712,0.7653166,0.42999268,1,2,0,0.0004272461,0.030578613,25.031738,24,170,0,0,255,2,0,1782507956.1116598,16
25.031248,25.02398,0.27035013,0.5392668,0.7862549,1,1,0,0.010803223,0.02154541,25.03125,26,170,0,0,255,2,0,1782507956.1116598,16
25.03247,25.025707,0.21843061,0.5392931,0.8122864,1,1,0,0.008728027,0.02154541,25.03247,26,170,0,0,255,2,0,1782507956.1116598,16
25.03247,25.02614,0.16649716,0.5377656,1.0653992,1,1,0,0.006652832,0.021484375,25.03247,26,170,0,0,255,2,0,1782507956.1116598,16
25.032469,25.026438,0.11303522,0.5377656,0.85736084,1,1,0,0.0045166016,0.021484375,25.03247,26,170,0,0,255,2,0,1782507956.1116598,16
25.031248,25.02547,0.0076371683,0.5377394,0.82528687,1,1,0,0.00030517578,0.021484375,25.03125,26,170,0,0,255,2,0,1782507956.1116598,16
25.034668,25.023396,0.26117897,0.7043127,0.9182434,1,1,0,0.010437012,0.028137207,25.034668,27,170,1,0,255,2,0,1782507956.1116598,16
25.029541,25.018759,0.20920715,0.70416844,0.64398193,1,1,0,0.008361816,0.028137207,25.029541,27,170,1,0,255,2,0,1782507956.1116598,16
25.023924,25.013578,0.1557262,0.7024838,0.7241211,1,1,0,0.006225586,0.028076172,25.023926,27,170,1,0,255,2,0,1782507956.1116598,16
25.032959,25.023094,-0.0015272885,0.70273733,0.91207886,1,1,0,-6.1035156e-05,0.028076172,25.032959,27,170,1,0,255,2,0,1782507956.1116598,16
25.025146,25.018728,0.31611037,0.47041574,0.6409302,1,1,0,0.012634277,0.018798828,25.025146,29,170,1,0,255,2,0,1782507956.1116598,16
25.032959,25.027157,0.26274592,0.4705626,0.87713623,1,1,0,0.010498047,0.018798828,25.032959,29,170,1,0,255,2,0,1782507956.1116598,16
25.022951,25.017641,0.21072486,0.47037444,0.7097168,1,1,0,0.008422852,0.018798828,25.02295,29,170,1,0,255,2,0,1782507956.1116598,16
25.035889,25.03097,0.1573623,0.47061768,1.019928,1,1,0,0.006286621,0.018798828,25.035889,29,170,1,0,255,2,0,1782507956.1116598,16
25.029541,25.024897,0.10539112,0.47049835,0.8093567,1,1,0,0.004211426,0.018798828,25.029541,29,170,1,0,255,2,0,1782507956.1116598,16
25.031738,25.027315,-0.0,0.47053966,0.84017944,1,1,0,-0.0,0.018798828,25.031738,29,170,1,0,255,2,0,1782507956.1116598,16
25.031252,25.027967,0.16650932,0.36971083,0.81399536,1,1,0,0.006652832,0.014770508,25.03125,60,170,0,0,255,2,0,1782507956.1116598,16
25.032227,25.029188,0.11457534,0.37278062,0.7325134,1,1,0,0.0045776367,0.014892578,25.032227,60,170,0,0,255,2,0,1782507956.1116598,16
25.031248,25.02833,0.061104443,0.3773489,0.74380493,1,1,0,0.0024414062,0.015075684,25.03125,60,170,0,0,255,2,0,1782507956.1116598,16
25.026121,25.02323,0.009163781,0.3803262,0.82528687,1,1,0,0.00036621094,0.015197754,25.026123,60,170,0,0,255,2,0,1782507956.1116598,16
25.025146,25.016579,0.31455606,0.5742572,0.7374573,1,1,0,0.012573242,0.022949219,25.025146,61,170,1,0,255,2,0,1782507956.1116598,16
25.018312,25.010275,0.26256868,0.57715344,0.63064575,1,1,0,0.010498047,0.023071289,25.01831,61,170,1,0,255,2,0,1782507956.1116598,16
25.025146,25.017506,0.20919666,0.5818922,0.80114746,1,1,0,0.008361816,0.023254395,25.025146,61,170,1,0,255,2,0,1782507956.1116598,16
25.02954,25.022207,0.15730722,0.5850489,0.8340149,1,1,0,0.006286621,0.023376465,25.029541,61,170,1,0,255,2,0,1782507956.1116598,16
25.02075,25.013592,0.10381677,0.58942366,0.65631104,1,1,0,0.0041503906,0.02355957,25.020752,61,170,1,0,255,2,0,1782507956.1116598,16
25.030762,25.02369,0.05192912,0.59271413,0.7744446,1,1,0,0.0020751953,0.02368164,25.030762,61,170,1,0,255,2,0,1782507956.1116598,16
25.025389,25.018263,-0.0,0.5971679,1.0661621,1,1,0,-0.0,0.023864746,25.02539,61,170,1,0,255,2,0,1782507956.1116598,16
25.031248,25.017385,0.32525656,0.7668287,0.679657,1,2,0,0.013000488,0.030639648,25.03125,24,171,0,0,255,2,0,1782507956.2117221,17
25.02417,25.010948,0.2717361,0.7666118,0.44903564,1,2,0,0.010864258,0.030639648,25.02417,24,171,0,0,255,2,0,1782507956.2117221,17
25.027098,25.014385,0.21985868,0.7667015,0.65625,1,2,0,0.0087890625,0.030639648,25.0271,24,171,0,0,255,2,0,1782507956.2117221,17
25.040525,25.02821,0.1680386,0.7671129,0.45129395,1,2,0,0.006713867,0.030639648,25.040527,24,171,0,0,255,2,0,1782507956.2117221,17
25.033937,25.026064,0.32384163,0.5377971,0.81747437,1,1,0,0.012939453,0.021484375,25.033936,26,171,0,0,255,2,0,1782507956.2117221,17
25.028074,25.02084,0.2703162,0.5376712,0.71084595,1,1,0,0.010803223,0.021484375,25.028076,26,171,0,0,255,2,0,1782507956.2117221,17
25.026123,25.019394,0.2183755,0.53762925,0.7403259,1,1,0,0.008728027,0.021484375,25.026123,26,171,0,0,255,2,0,1782507956.2117221,17
25.029053,25.022722,0.16647443,0.5376922,0.81573486,1,1,0,0.006652832,0.021484375,25.029053,26,171,0,0,255,2,0,1782507956.2117221,17
25.0271,25.021069,0.113010965,0.5376502,0.84262085,1,1,0,0.0045166016,0.021484375,25.0271,26,171,0,0,255,2,0,1782507956.2117221,17
25.032227,25.026375,0.06109967,0.5377604,0.7533264,1,1,0,0.0024414062,0.021484375,25.032227,26,171,0,0,255,2,0,1782507956.2117221,17
25.031738,25.025959,0.0076373173,0.5377499,0.84002686,1,1,0,0.00030517578,0.021484375,25.031738,26,171,0,0,255,2,0,1782507956.2117221,17
25.028563,25.016699,0.31303045,0.70414096,0.79086304,1,1,0,0.012512207,0.028137207,25.028564,27,171,1,0,255,2,0,1782507956.2117221,17
25.032959,25.022219,0.20923607,0.70273733,0.81552124,1,1,0,0.008361816,0.028076172,25.032959,27,171,1,0,255,2,0,1782507956.2117221,17
25.030764,25.020412,0.15576874,0.70267564,0.90179443,1,1,0,0.006225586,0.028076172,25.030762,27,171,1,0,255,2,0,1782507956.2117221,17
25.027344,25.01743,0.050389178,0.7025797,0.750824,1,1,0,0.0020141602,0.028076172,25.027344,27,171,1,0,255,2,0,1782507956.2117221,17
25.029541,25.022434,0.3665658,0.47049835,0.82373047,1,1,0,0.0146484375,0.018798828,25.029541,29,171,1,0,255,2,0,1782507956.2117221,17
25.018312,25.011913,0.3144974,0.47028723,0.7210388,1,1,0,0.012573242,0.018798828,25.01831,29,171,1,0,255,2,0,1782507956.2117221,17
25.016846,25.01155,0.20914687,0.4702597,0.8229675,1,1,0,0.008361816,0.018798828,25.016846,29,171,1,0,255,2,0,1782507956.2117221,17
25.027344,25.022707,0.1038546,0.47045705,1.059967,1,1,0,0.0041503906,0.018798828,25.027344,29,171,1,0,255,2,0,1782507956.2117221,17
25.031738,25.027262,0.051936533,0.47053966,0.8319702,1,1,0,0.0020751953,0.018798828,25.031738,29,171,1,0,255,2,0,1782507956.2117221,17
25.026367,25.021946,-0.0,0.4704387,0.76828,1,1,0,-0.0,0.018798828,25.026367,29,171,1,0,255,2,0,1782507956.2117221,17
25.02124,25.017914,0.16949652,0.37109,0.86602783,1,1,0,0.0067749023,0.014831543,25.02124,60,171,0,0,255,2,0,1782507956.2117221,17
25.03247,25.029402,0.11610401,0.37431195,0.7619934,1,1,0,0.004638672,0.014953613,25.03247,60,171,0,0,255,2,0,1782507956.2117221,17
25.019775,25.016827,0.06413019,0.37870282,0.89450073,1,1,0,0.0025634766,0.015136719,25.019775,60,171,0,0,255,2,0,1782507956.2117221,17
25.032469,25.029552,0.01069378,0.38195035,0.81573486,1,1,0,0.0004272461,0.015258789,25.03247,60,171,0,0,255,2,0,1782507956.2117221,17
25.029541,25.020918,0.31613803,0.5758853,0.8360596,1,1,0,0.012634277,0.023010254,25.029541,61,171,1,0,255,2,0,1782507956.2117221,17
25.026365,25.018276,0.26417983,0.57886636,0.7846985,1,1,0,0.010559082,0.023132324,25.026367,61,171,1,0,255,2,0,1782507956.2117221,17
25.027346,25.019655,0.21074182,0.5834704,0.78985596,1,1,0,0.008422852,0.02331543,25.027344,61,171,1,0,255,2,0,1782507956.2117221,17
25.025145,25.017769,0.15880632,0.58647317,0.7446594,1,1,0,0.0063476562,0.0234375,25.025146,61,171,1,0,255,2,0,1782507956.2117221,17
25.027344,25.020134,0.106898196,0.59110606,0.7395325,1,1,0,0.004272461,0.023620605,25.027344,61,171,1,0,255,2,0,1782507956.2117221,17
25.025146,25.018036,0.05344437,0.5941081,1.0230103,1,1,0,0.0021362305,0.023742676,25.025146,61,171,1,0,255,2,0,1782507956.2117221,17
25.019531,25.012371,0.001526634,0.5985547,0.6984253,1,1,0,6.1035156e-05,0.023925781,25.019531,61,171,1,0,255,2,0,1782507956.2117221,17
25.029053,25.016338,0.21987584,0.76676136,0.8122864,1,2,0,0.0087890625,0.030639648,25.029053,24,172,0,0,255,2,0,1782507956.310069,18
25.032225,25.019913,0.1679829,0.7668586,0.7342529,1,2,0,0.006713867,0.030639648,25.032227,24,172,0,0,255,2,0,1782507956.310069,18
25.033201,25.021189,0.11453872,0.7668885,0.7663269,1,2,0,0.0045776367,0.030639648,25.033203,24,172,0,0,255,2,0,1782507956.310069,18
25.03003,25.01825,0.062606834,0.76526433,0.44903564,1,2,0,0.0025024414,0.030578613,25.03003,24,172,0,0,255,2,0,1782507956.310069,18
25.031248,25.019545,0.009162432,0.76530164,0.41958618,1,2,0,0.00036621094,0.030578613,25.03125,24,172,0,0,255,2,0,1782507956.310069,18
25.031738,25.023853,0.32228547,0.5392773,1.0012512,1,1,0,0.012878418,0.02154541,25.031738,26,172,0,0,255,2,0,1782507956.310069,18
25.02905,25.021814,0.27032676,0.5376922,0.82873535,1,1,0,0.010803223,0.021484375,25.029053,26,172,0,0,255,2,0,1782507956.310069,18
25.032227,25.025906,0.16496807,0.5377604,0.70132446,1,1,0,0.006591797,0.021484375,25.032227,26,172,0,0,255,2,0,1782507956.310069,18
25.031248,25.0254,0.059569854,0.5377394,0.74380493,1,1,0,0.002380371,0.021484375,25.03125,26,172,0,0,255,2,0,1782507956.310069,18
25.021238,25.015463,0.007634114,0.53752434,0.70651245,1,1,0,0.00030517578,0.021484375,25.02124,26,172,0,0,255,2,0,1782507956.310069,18
25.025146,25.01258,0.36489445,0.7040448,0.71795654,1,1,0,0.014587402,0.028137207,25.025146,27,172,1,0,255,2,0,1782507956.310069,18
25.026367,25.015642,0.20765415,0.70255226,0.7579956,1,1,0,0.008300781,0.028076172,25.026367,27,172,1,0,255,2,0,1782507956.310069,18
25.025146,25.0148,0.1557338,0.70251805,0.8565979,1,1,0,0.006225586,0.028076172,25.025146,27,172,1,0,255,2,0,1782507956.310069,18
25.026367,25.016296,0.1023011,0.70255226,0.7446594,1,1,0,0.0040893555,0.028076172,25.026367,27,172,1,0,255,2,0,1782507956.310069,18
25.016846,25.006987,-0.0015263053,0.702285,0.8373413,1,1,0,-6.1035156e-05,0.028076172,25.016846,27,172,1,0,255,2,0,1782507956.310069,18
25.031738,25.024652,0.36507058,0.47053966,0.7631531,1,1,0,0.014587402,0.018798828,25.031738,29,172,1,0,255,2,0,1782507956.310069,18
25.019533,25.013155,0.31298608,0.47031018,0.7107544,1,1,0,0.012512207,0.018798828,25.019531,29,172,1,0,255,2,0,1782507956.310069,18
25.013672,25.00789,0.26101714,0.47020003,0.68444824,1,1,0,0.010437012,0.018798828,25.013672,29,172,1,0,255,2,0,1782507956.310069,18
25.028566,25.023659,0.15578896,0.47048,0.7374573,1,1,0,0.006225586,0.018798828,25.028564,29,172,1,0,255,2,0,1782507956.310069,18
25.018068,25.013432,0.10381611,0.47028264,0.6752014,1,1,0,0.0041503906,0.018798828,25.018066,29,172,1,0,255,2,0,1782507956.310069,18
25.012451,25.00798,0.050370146,0.47017708,0.68240356,1,1,0,0.0020141602,0.018798828,25.012451,29,172,1,0,255,2,0,1782507956.310069,18
25.032715,25.029453,0.16651921,0.36820474,0.7793274,1,1,0,0.006652832,0.014709473,25.032715,60,172,0,0,255,2,0,1782507956.310069,18
25.027098,25.024084,0.11455198,0.3711769,0.7749939,1,1,0,0.0045776367,0.014831543,25.0271,60,172,0,0,255,2,0,1782507956.310069,18
25.03125,25.02835,0.06263211,0.3758213,0.8070679,1,1,0,0.0025024414,0.015014648,25.03125,60,172,0,0,255,2,0,1782507956.310069,18
25.033201,25.030333,0.009166382,0.37890607,0.85302734,1,1,0,0.00036621094,0.015136719,25.033203,60,172,0,0,255,2,0,1782507956.310069,18
25.032957,25.02382,0.36658612,0.5683265,0.9059143,1,1,0,0.0146484375,0.022705078,25.032959,61,172,1,0,255,2,0,1782507956.310069,18
25.022947,25.014416,0.31452888,0.5726798,0.78060913,1,1,0,0.012573242,0.022888184,25.02295,61,172,1,0,255,2,0,1782507956.310069,18
25.03076,25.022755,0.2626997,0.57591337,0.83813477,1,1,0,0.010498047,0.023010254,25.030762,61,172,1,0,255,2,0,1782507956.310069,18
25.021484,25.01388,0.20916635,0.58028024,0.84555054,1,1,0,0.008361816,0.02319336,25.021484,61,172,1,0,255,2,0,1782507956.310069,18
25.023922,25.016628,0.15727215,0.5833907,0.69226074,1,1,0,0.006286621,0.02331543,25.023926,61,172,1,0,255,2,0,1782507956.310069,18
25.01587,25.008741,0.105323076,0.5877822,0.7542114,1,1,0,0.004211426,0.023498535,25.01587,61,172,1,0,255,2,0,1782507956.310069,18
25.030762,25.023726,0.051929194,0.59118676,0.90179443,1,1,0,0.0020751953,0.023620605,25.030762,61,172,1,0,255,2,0,1782507956.310069,18
25.027344,25.020254,-0.0,0.5956874,0.7744446,1,1,0,-0.0,0.023803711,25.027344,61,172,1,0,255,2,0,1782507956.310069,18
25.027098,25.013218,0.32672933,0.7667015,0.71432495,1,2,0,0.013061523,0.030639648,25.0271,24,173,0,0,255,2,0,1782507956.4099705,19
25.029053,25.015812,0.27331597,0.76676136,0.35803223,1,2,0,0.010925293,0.030639648,25.029053,24,173,0,0,255,2,0,1782507956.4099705,19
25.030027,25.0173,0.22141133,0.7667913,0.44644165,1,2,0,0.008850098,0.030639648,25.03003,24,173,0,0,255,2,0,1782507956.4099705,19
25.032715,25.020391,0.1695133,0.76687354,0.624176,1,2,0,0.0067749023,0.030639648,25.032715,24,173,0,0,255,2,0,1782507956.4099705,19
25.031006,25.02314,0.32074875,0.5392616,0.7507324,1,1,0,0.012817383,0.02154541,25.031006,26,173,0,0,255,2,0,1782507956.4099705,19
25.031982,25.024729,0.26883066,0.5392826,1.0584717,1,1,0,0.0107421875,0.02154541,25.031982,26,173,0,0,255,2,0,1782507956.4099705,19
25.032715,25.025965,0.21690527,0.53929836,0.84262085,1,1,0,0.008666992,0.02154541,25.032715,26,173,0,0,255,2,0,1782507956.4099705,19
25.032715,25.026655,0.11150867,0.53929836,0.82006836,1,1,0,0.0044555664,0.02154541,25.032715,26,173,0,0,255,2,0,1782507956.4099705,19
25.032713,25.026833,0.059573263,0.53929836,1.0229187,1,1,0,0.002380371,0.02154541,25.032715,26,173,0,0,255,2,0,1782507956.4099705,19
25.031008,25.025229,0.006109675,0.53773415,0.83480835,1,1,0,0.00024414062,0.021484375,25.031006,26,173,0,0,255,2,0,1782507956.4099705,19
25.029541,25.016994,0.3634316,0.70416844,0.7251282,1,1,0,0.014526367,0.028137207,25.029541,27,173,1,0,255,2,0,1782507956.4099705,19
25.026367,25.014523,0.3114762,0.70407915,0.6974182,1,1,0,0.012451172,0.028137207,25.026367,27,173,1,0,255,2,0,1782507956.4099705,19
25.032957,25.021704,0.25963393,0.70426464,0.75491333,1,1,0,0.010375977,0.028137207,25.032959,27,173,1,0,255,2,0,1782507956.4099705,19
25.025145,25.01439,0.20611691,0.7040448,0.734375,1,1,0,0.008239746,0.028137207,25.025146,27,173,1,0,255,2,0,1782507956.4099705,19
25.031738,25.021355,0.15424736,0.70423025,0.8586731,1,1,0,0.006164551,0.028137207,25.031738,27,173,1,0,255,2,0,1782507956.4099705,19
25.03296,25.022886,0.10232805,0.70273733,0.8977051,1,1,0,0.0040893555,0.028076172,25.032959,27,173,1,0,255,2,0,1782507956.4099705,19
25.025146,25.015236,0.048857942,0.70251805,0.72720337,1,1,0,0.001953125,0.028076172,25.025146,27,173,1,0,255,2,0,1782507956.4099705,19
25.032959,25.023094,-0.003054577,0.70273733,0.7477417,1,1,0,-0.00012207031,0.028076172,25.032959,27,173,1,0,255,2,0,1782507956.4099705,19
25.01587,25.008759,0.36483872,0.4717679,0.75320435,1,1,0,0.014587402,0.018859863,25.01587,29,173,1,0,255,2,0,1782507956.4099705,19
25.020752,25.014374,0.31300133,0.47033313,0.67071533,1,1,0,0.012512207,0.018798828,25.020752,29,173,1,0,255,2,0,1782507956.4099705,19
25.034668,25.028881,0.26123622,0.47059473,0.80526733,1,1,0,0.010437012,0.018798828,25.034668,29,173,1,0,255,2,0,1782507956.4099705,19
25.025146,25.019863,0.2076892,0.47041574,0.7446594,1,1,0,0.008300781,0.018798828,25.025146,29,173,1,0,255,2,0,1782507956.4099705,19
25.034668,25.02976,0.15582694,0.47059473,0.86483765,1,1,0,0.006225586,0.018798828,25.034668,29,173,1,0,255,2,0,1782507956.4099705,19
25.026367,25.02173,0.10385054,0.4704387,0.76623535,1,1,0,0.0041503906,0.018798828,25.026367,29,173,1,0,255,2,0,1782507956.4099705,19
25.031738,25.027264,0.050408985,0.47053966,0.8175659,1,1,0,0.0020141602,0.018798828,25.031738,29,173,1,0,255,2,0,1782507956.4099705,19
25.021484,25.017063,-0.0015269204,0.4703469,0.84555054,1,1,0,-6.1035156e-05,0.018798828,25.021484,29,173,1,0,255,2,0,1782507956.4099705,19
25.03125,25.028212,0.11457087,0.37276608,0.7489929,1,1,0,0.0045776367,0.014892578,25.03125,60,173,0,0,255,2,0,1782507956.4099705,19
25.031982,25.029087,0.061106294,0.3758323,0.72732544,1,1,0,0.0024414062,0.015014648,25.031982,60,173,0,0,255,2,0,1782507956.4099705,19
25.028074,25.025183,0.009164496,0.3803559,0.70739746,1,1,0,0.00036621094,0.015197754,25.028076,60,173,0,0,255,2,0,1782507956.4099705,19
25.02637,25.017199,0.36648908,0.5697039,0.76828,1,1,0,0.0146484375,0.022766113,25.026367,61,173,1,0,255,2,0,1782507956.4099705,19
25.024168,25.015636,0.31454423,0.5727078,1.0907898,1,1,0,0.012573242,0.022888184,25.02417,61,173,1,0,255,2,0,1782507956.4099705,19
25.022945,25.015615,0.15726578,0.58489484,0.66763306,1,1,0,0.006286621,0.023376465,25.02295,61,173,1,0,255,2,0,1782507956.4099705,19
25.01587,25.008747,0.10379666,0.5877822,0.8250427,1,1,0,0.0041503906,0.023498535,25.01587,61,173,1,0,255,2,0,1782507956.4099705,19
25.021484,25.014452,0.05190995,0.59096766,0.8414612,1,1,0,0.0020751953,0.023620605,25.021484,61,173,1,0,255,2,0,1782507956.4099705,19
25.012451,25.005365,-0.0,0.5953329,0.68444824,1,1,0,-0.0,0.023803711,25.012451,61,173,1,0,255,2,0,1782507956.4099705,19
25.0271,25.013239,0.32520264,0.7667015,0.7472534,1,1,0,0.013000488,0.030639648,25.0271,24,174,0,0,255,2,0,1782507956.5097039,20
25.026121,25.0129,0.2717573,0.7666716,0.71865845,1,1,0,0.010864258,0.030639648,25.026123,24,174,0,0,255,2,0,1782507956.5097039,20
25.028074,25.015362,0.21986726,0.76673144,0.74380493,1,2,0,0.0087890625,0.030639648,25.028076,24,174,0,0,255,2,0,1782507956.5097039,20
25.03125,25.018948,0.16644931,0.7668287,0.83654785,1,1,0,0.006652832,0.030639648,25.03125,24,174,0,0,255,2,0,1782507956.5097039,20
25.031492,25.019527,0.114531115,0.7653091,0.7420654,1,2,0,0.0045776367,0.030578613,25.031494,24,174,0,0,255,2,0,1782507956.5097039,20
25.026121,25.014343,0.06259706,0.7651449,0.6336975,1,2,0,0.0025024414,0.030578613,25.026123,24,174,0,0,255,2,0,1782507956.5097039,20
25.031004,25.0193,0.009162342,0.7652942,0.673584,1,2,0,0.00036621094,0.030578613,25.031006,24,174,0,0,255,2,0,1782507956.5097039,20
25.03247,25.024605,0.3207675,0.5392931,0.97177124,1,1,0,0.012817383,0.02154541,25.03247,26,174,0,0,255,2,0,1782507956.5097039,20
25.028074,25.02084,0.26726156,0.53919846,0.7663269,1,1,0,0.010681152,0.02154541,25.028076,26,174,0,0,255,2,0,1782507956.5097039,20
25.03125,25.024513,0.2153652,0.5392668,1.0194702,1,1,0,0.008605957,0.02154541,25.03125,26,174,0,0,255,2,0,1782507956.5097039,20
25.033936,25.027634,0.16192421,0.5377971,0.8703613,1,1,0,0.0064697266,0.021484375,25.033936,26,174,0,0,255,2,0,1782507956.5097039,20
25.031006,25.024986,0.109973796,0.53773415,0.9119568,1,1,0,0.0043945312,0.021484375,25.031006,26,174,0,0,255,2,0,1782507956.5097039,20
25.026125,25.02028,0.05803054,0.53762925,0.72732544,1,1,0,0.002319336,0.021484375,25.026123,26,174,0,0,255,2,0,1782507956.5097039,20
25.0271,25.021324,0.0045815413,0.5376502,0.83480835,1,1,0,0.00018310547,0.021484375,25.0271,26,174,0,0,255,2,0,1782507956.5097039,20
25.032959,25.02041,0.36348122,0.70426464,0.84017944,1,1,0,0.014526367,0.028137207,25.032959,27,174,1,0,255,2,0,1782507956.5097039,20
25.026365,25.01454,0.30994946,0.70407915,0.85250854,1,1,0,0.012390137,0.028137207,25.026367,27,174,1,0,255,2,0,1782507956.5097039,20
25.023926,25.01269,0.2580136,0.7040105,0.81140137,1,1,0,0.010314941,0.028137207,25.023926,27,174,1,0,255,2,0,1782507956.5097039,20
25.023924,25.013226,0.2045805,0.7024838,0.7579956,1,1,0,0.008178711,0.028076172,25.023926,27,174,1,0,255,2,0,1782507956.5097039,20
25.018312,25.007986,0.15263852,0.7023261,0.67788696,1,1,0,0.0061035156,0.028076172,25.01831,27,174,1,0,255,2,0,1782507956.5097039,20
25.025146,25.015081,0.100769304,0.70251805,0.7374573,1,1,0,0.0040283203,0.028076172,25.025146,27,174,1,0,255,2,0,1782507956.5097039,20
25.025146,25.01524,0.047331136,0.70251805,0.6737976,1,1,0,0.0018920898,0.028076172,25.025146,27,174,1,0,255,2,0,1782507956.5097039,20
25.025146,25.015284,-0.0045804353,0.70251805,0.80526733,1,1,0,-0.00018310547,0.028076172,25.025146,27,174,1,0,255,2,0,1782507956.5097039,20
25.027344,25.020237,0.3665336,0.47045705,0.72720337,1,1,0,0.0146484375,0.018798828,25.027344,29,174,1,0,255,2,0,1782507956.5097039,20
25.02295,25.01655,0.3145557,0.47037444,0.64297485,1,1,0,0.012573242,0.018798828,25.02295,29,174,1,0,255,2,0,1782507956.5097039,20
25.025146,25.019361,0.26113686,0.47041574,0.67993164,1,1,0,0.010437012,0.018798828,25.025146,29,174,1,0,255,2,0,1782507956.5097039,20
25.02246,25.017164,0.20919381,0.47036526,0.83325195,1,1,0,0.008361816,0.018798828,25.02246,29,174,1,0,255,2,0,1782507956.5097039,20
25.018312,25.013704,0.10381723,0.4687605,0.6850891,1,1,0,0.0041503906,0.018737793,25.01831,29,174,1,0,255,2,0,1782507956.5097039,20
25.032959,25.028511,0.051939126,0.46903494,0.8833008,1,1,0,0.0020751953,0.018737793,25.032959,29,174,1,0,255,2,0,1782507956.5097039,20
25.032957,25.028564,-0.0,0.46903494,0.8833008,1,1,0,-0.0,0.018737793,25.032959,29,174,1,0,255,2,0,1782507956.5097039,20
25.031738,25.028442,0.16804017,0.36971804,0.83654785,1,1,0,0.006713867,0.014770508,25.031738,60,174,0,0,255,2,0,1782507956.5097039,20
25.026125,25.023079,0.11607468,0.37268972,0.7602539,1,1,0,0.004638672,0.014892578,25.026123,60,174,0,0,255,2,0,1782507956.5097039,20
25.0271,25.024178,0.06262167,0.37728634,0.70132446,1,1,0,0.0025024414,0.015075684,25.0271,60,174,0,0,255,2,0,1782507956.5097039,20
25.021482,25.01859,0.0106890965,0.38025573,1.2815857,1,1,0,0.0004272461,0.015197754,25.021484,60,174,0,0,255,2,0,1782507956.5097039,20
25.027344,25.01969,0.2107421,0.5819433,0.7631531,1,1,0,0.008422852,0.023254395,25.027344,61,174,1,0,255,2,0,1782507956.5097039,20
25.014648,25.00731,0.15873994,0.5847008,0.8599243,1,1,0,0.0063476562,0.023376465,25.014648,61,174,1,0,255,2,0,1782507956.5097039,20
25.021484,25.014318,0.10534656,0.5894409,0.8742981,1,1,0,0.004211426,0.02355957,25.021484,61,174,1,0,255,2,0,1782507956.5097039,20
25.030762,25.023685,0.05345644,0.59271413,0.68917847,1,1,0,0.0021362305,0.02368164,25.030762,61,174,1,0,255,2,0,1782507956.5097039,20
25.015867,25.008745,0.0015264127,0.5969407,0.7839966,1,1,0,6.1035156e-05,0.023864746,25.01587,61,174,1,0,255,2,0,1782507956.5097039,20
25.031494,25.018269,0.27181563,0.76683617,0.632843,1,2,0,0.010864258,0.030639648,25.031494,24,175,0,0,255,2,0,1782507956.6116242,21
25.025145,25.012432,0.21984151,0.76664174,0.45510864,1,2,0,0.0087890625,0.030639648,25.025146,24,175,0,0,255,2,0,1782507956.6116242,21
25.027098,25.015135,0.114511006,0.76517475,0.6371765,1,2,0,0.0045776367,0.030578613,25.0271,24,175,0,0,255,2,0,1782507956.6116242,21
25.032225,25.020445,0.06261233,0.7653315,0.4109192,1,2,0,0.0025024414,0.030578613,25.032227,24,175,0,0,255,2,0,1782507956.6116242,21
25.027098,25.015396,0.009160913,0.76517475,0.3814392,1,2,0,0.00036621094,0.030578613,25.0271,24,175,0,0,255,2,0,1782507956.6116242,21
25.031738,25.023834,0.32381278,0.5392773,0.7507324,1,1,0,0.012939453,0.02154541,25.031738,26,175,0,0,255,2,0,1782507956.6116242,21
25.022703,25.015944,0.21834539,0.5390827,1.2382812,1,1,0,0.008728027,0.02154541,25.022705,26,175,0,0,255,2,0,1782507956.6116242,21
25.03125,25.02493,0.16496164,0.5377394,0.69525146,1,1,0,0.006591797,0.021484375,25.03125,26,175,0,0,255,2,0,1782507956.6116242,21
25.026123,25.020092,0.113006555,0.53762925,0.8825073,1,1,0,0.0045166016,0.021484375,25.026123,26,175,0,0,255,2,0,1782507956.6116242,21
25.033445,25.027668,0.007637839,0.5377866,0.8972168,1,1,0,0.00030517578,0.021484375,25.033447,26,175,0,0,255,2,0,1782507956.6116242,21
25.023926,25.012064,0.31297243,0.7040105,0.8710022,1,1,0,0.012512207,0.028137207,25.023926,27,175,1,0,255,2,0,1782507956.6116242,21
25.019531,25.008266,0.26102105,0.70388687,0.6881714,1,1,0,0.010437012,0.028137207,25.019531,27,175,1,0,255,2,0,1782507956.6116242,21
25.01831,25.00759,0.20758732,0.7023261,0.6860962,1,1,0,0.008300781,0.028076172,25.01831,27,175,1,0,255,2,0,1782507956.6116242,21
25.036377,25.026026,0.1558037,0.7028333,1.0045166,1,1,0,0.006225586,0.028076172,25.036377,27,175,1,0,255,2,0,1782507956.6116242,21
25.016846,25.009743,0.3663799,0.4702597,0.7901306,1,1,0,0.0146484375,0.018798828,25.016846,29,175,1,0,255,2,0,1782507956.6116242,21
25.01465,25.008253,0.31445137,0.4702184,0.7809143,1,1,0,0.012573242,0.018798828,25.014648,29,175,1,0,255,2,0,1782507956.6116242,21
25.020264,25.014465,0.26261267,0.47032395,0.84350586,1,1,0,0.010498047,0.018798828,25.020264,29,175,1,0,255,2,0,1782507956.6116242,21
25.009033,25.00374,0.20908156,0.47011286,0.71832275,1,1,0,0.008361816,0.018798828,25.009033,29,175,1,0,255,2,0,1782507956.6116242,21
25.031738,25.02682,0.1573362,0.47053966,0.79293823,1,1,0,0.006286621,0.018798828,25.031738,29,175,1,0,255,2,0,1782507956.6116242,21
25.020264,25.015627,0.10382521,0.47032395,0.8188782,1,1,0,0.0041503906,0.018798828,25.020264,29,175,1,0,255,2,0,1782507956.6116242,21
25.016848,25.012402,0.051905695,0.46873304,0.7090759,1,1,0,0.0020751953,0.018737793,25.016846,29,175,1,0,255,2,0,1782507956.6116242,21
25.02124,25.018204,0.11452506,0.372617,1.046051,1,1,0,0.0045776367,0.014892578,25.02124,60,175,0,0,255,2,0,1782507956.6116242,21
25.031736,25.028843,0.0106934775,0.38041157,0.70477295,1,1,0,0.0004272461,0.015197754,25.031738,60,175,0,0,255,2,0,1782507956.6116242,21
25.031738,25.023697,0.2627096,0.5774632,0.885376,1,1,0,0.010498047,0.023071289,25.031738,61,175,1,0,255,2,0,1782507956.6116242,21
25.028564,25.02123,0.15730108,0.5850261,0.7456665,1,1,0,0.006286621,0.023376465,25.028564,61,175,1,0,255,2,0,1782507956.6116242,21
25.028563,25.021431,0.10537653,0.58808047,0.7076721,1,1,0,0.004211426,0.023498535,25.028564,61,175,1,0,255,2,0,1782507956.6116242,21
25.027344,25.02027,0.053449143,0.5926332,0.6830139,1,1,0,0.0021362305,0.02368164,25.027344,61,175,1,0,255,2,0,1782507956.6116242,21
25.026367,25.019278,-0.0,0.59566414,0.7816162,1,1,0,-0.0,0.023803711,25.026367,61,175,1,0,255,2,0,1782507956.6116242,21
25.02124,25.007402,0.32360014,0.76652205,0.6224365,1,2,0,0.012939453,0.030639648,25.02124,24,176,0,0,255,2,0,1782507956.709674,22
25.031738,25.018513,0.27181828,0.7668437,0.70999146,1,1,0,0.010864258,0.030639648,25.031738,24,176,0,0,255,2,0,1782507956.709674,22
25.031738,25.019482,0.16645287,0.7653166,0.60162354,1,2,0,0.006652832,0.030578613,25.031738,24,176,0,0,255,2,0,1782507956.709674,22
25.021238,25.00928,0.114484206,0.76499563,0.71084595,1,2,0,0.0045776367,0.030578613,25.02124,24,176,0,0,255,2,0,1782507956.709674,22
25.032715,25.020933,0.062613554,0.7653464,0.7325134,1,2,0,0.0025024414,0.030578613,25.032715,24,176,0,0,255,2,0,1782507956.709674,22
25.028074,25.016373,0.00916127,0.7652046,0.6545105,1,2,0,0.00036621094,0.030578613,25.028076,24,176,0,0,255,2,0,1782507956.709674,22
25.0271,25.019217,0.32222575,0.5391774,0.7845459,1,1,0,0.012878418,0.02154541,25.0271,26,176,0,0,255,2,0,1782507956.709674,22
25.026125,25.018888,0.2702951,0.53762925,0.7585144,1,1,0,0.010803223,0.021484375,25.026123,26,176,0,0,255,2,0,1782507956.709674,22
25.031982,25.025661,0.16496646,0.53775513,0.85562134,1,1,0,0.006591797,0.021484375,25.031982,26,176,0,0,255,2,0,1782507956.709674,22
25.025145,25.019115,0.113002144,0.53760827,0.71865845,1,1,0,0.0045166016,0.021484375,25.025146,26,176,0,0,255,2,0,1782507956.709674,22
25.016602,25.010826,0.007632699,0.53742474,0.8321533,1,1,0,0.00030517578,0.021484375,25.016602,26,176,0,0,255,2,0,1782507956.709674,22
25.03076,25.01819,0.36497632,0.70420283,0.86483765,1,1,0,0.014587402,0.028137207,25.030762,27,176,1,0,255,2,0,1782507956.709674,22
25.029541,25.01827,0.26112548,0.70416844,0.85250854,1,1,0,0.010437012,0.028137207,25.029541,27,176,1,0,255,2,0,1782507956.709674,22
25.023924,25.0132,0.20763388,0.7024838,0.7220459,1,1,0,0.008300781,0.028076172,25.023926,27,176,1,0,255,2,0,1782507956.709674,22
25.02173,25.011652,0.103808716,0.7024221,0.7364502,1,1,0,0.0041503906,0.028076172,25.021729,27,176,1,0,255,2,0,1782507956.709674,22
25.01831,25.0084,0.05037099,0.7023261,0.6881714,1,1,0,0.0020141602,0.028076172,25.01831,27,176,1,0,255,2,0,1782507956.709674,22
25.025148,25.018042,0.36650142,0.47041574,0.7569885,1,1,0,0.0146484375,0.018798828,25.025146,29,176,1,0,255,2,0,1782507956.709674,22
25.019533,25.01375,0.2610783,0.47031018,0.6224365,1,1,0,0.010437012,0.018798828,25.019531,29,176,1,0,255,2,0,1782507956.709674,22
25.031738,25.02644,0.20927137,0.47053966,0.8792114,1,1,0,0.008361816,0.018798828,25.031738,29,176,1,0,255,2,0,1782507956.709674,22
25.023926,25.01902,0.15576008,0.4703928,0.67071533,1,1,0,0.006225586,0.018798828,25.023926,29,176,1,0,255,2,0,1782507956.709674,22
25.018312,25.013676,0.10381712,0.47028723,0.6511841,1,1,0,0.0041503906,0.018798828,25.01831,29,176,1,0,255,2,0,1782507956.709674,22
25.032959,25.028482,0.051939066,0.4705626,0.8360596,1,1,0,0.0020751953,0.018798828,25.032959,29,176,1,0,255,2,0,1782507956.709674,22
25.015871,25.01145,-0.0015265777,0.47024134,0.78604126,1,1,0,-6.1035156e-05,0.018798828,25.01587,29,176,1,0,255,2,0,1782507956.709674,22
25.03125,25.027956,0.16803691,0.36971083,0.6622925,1,1,0,0.006713867,0.014770508,25.03125,60,176,0,0,255,2,0,1782507956.709674,22
25.032469,25.029408,0.11457634,0.37431195,1.0818787,1,1,0,0.0045776367,0.014953613,25.03247,60,176,0,0,255,2,0,1782507956.709674,22
25.031736,25.028814,0.062633276,0.37735626,0.7897339,1,1,0,0.0025024414,0.015075684,25.031738,60,176,0,0,255,2,0,1782507956.709674,22
25.033201,25.030285,0.010694093,0.38196152,0.7897339,1,1,0,0.0004272461,0.015258789,25.033203,60,176,0,0,255,2,0,1782507956.709674,22
25.026367,25.0178,0.3145714,0.5742852,0.69433594,1,1,0,0.012573242,0.022949219,25.026367,61,176,1,0,255,2,0,1782507956.709674,22
25.03174,25.024084,0.21077912,0.58204544,0.8812561,1,1,0,0.008422852,0.023254395,25.031738,61,176,1,0,255,2,0,1782507956.709674,22
25.023926,25.016558,0.1572717,0.58644456,0.65426636,1,1,0,0.006286621,0.0234375,25.023926,61,176,1,0,255,2,0,1782507956.709674,22
25.030762,25.023592,0.105385624,0.58965945,0.8607178,1,1,0,0.004211426,0.02355957,25.030762,61,176,1,0,255,2,0,1782507956.709674,22
25.026367,25.019293,0.053447057,0.59261006,0.846344,1,1,0,0.0021362305,0.02368164,25.026367,61,176,1,0,255,2,0,1782507956.709674,22
25.027344,25.020216,-0.0,0.5972145,0.7456665,1,1,0,-0.0,0.023864746,25.027344,61,176,1,0,255,2,0,1782507956.709674,22
25.032225,25.018362,0.32526925,0.7668586,0.49414062,1,2,0,0.013000488,0.030639648,25.032227,24,177,0,0,255,2,0,1782507956.8101337,23
25.025146,25.011923,0.2717467,0.76664174,0.42129517,1,2,0,0.010864258,0.030639648,25.025146,24,177,0,0,255,2,0,1782507956.8101337,23
25.030516,25.017801,0.2198887,0.76680624,0.31884766,1,2,0,0.0087890625,0.030639648,25.030518,24,177,0,0,255,2,0,1782507956.8101337,23
25.020266,25.007967,0.16637626,0.7664921,0.4091797,1,2,0,0.006652832,0.030639648,25.020264,24,177,0,0,255,2,0,1782507956.8101337,23
25.035154,25.023142,0.11454766,0.76694834,0.33883667,1,2,0,0.0045776367,0.030639648,25.035156,24,177,0,0,255,2,0,1782507956.8101337,23
25.035154,25.023373,0.06261966,0.7654211,0.33969116,1,3,0,0.0025024414,0.030578613,25.035156,24,177,0,0,255,2,0,1782507956.8101337,23
25.024414,25.012712,0.00915993,0.7650927,0.33102417,1,2,0,0.00036621094,0.030578613,25.024414,24,177,0,0,255,2,0,1782507956.8101337,23
25.03003,25.022118,0.32684556,0.53771317,0.72125244,1,1,0,0.013061523,0.021484375,25.03003,26,177,0,0,255,2,0,1782507956.8101337,23
25.032227,25.024956,0.27341586,0.5377604,0.68917847,1,1,0,0.010925293,0.021484375,25.032227,26,177,0,0,255,2,0,1782507956.8101337,23
25.033936,25.027178,0.22149876,0.5377971,0.86602783,1,1,0,0.008850098,0.021484375,25.033936,26,177,0,0,255,2,0,1782507956.8101337,23
25.026125,25.019773,0.16950911,0.53762925,0.7879944,1,1,0,0.0067749023,0.021484375,25.026123,26,177,0,0,255,2,0,1782507956.8101337,23
25.027102,25.021055,0.11606529,0.5376502,0.7637329,1,1,0,0.004638672,0.021484375,25.0271,26,177,0,0,255,2,0,1782507956.8101337,23
25.032715,25.026855,0.0641559,0.53777087,0.7958069,1,1,0,0.0025634766,0.021484375,25.032715,26,177,0,0,255,2,0,1782507956.8101337,23
25.025146,25.013245,0.31604108,0.7040448,0.75491333,1,1,0,0.012634277,0.028137207,25.025146,27,177,1,0,255,2,0,1782507956.8101337,23
25.031738,25.02048,0.2642031,0.70270306,0.7836914,1,1,0,0.010559082,0.028076172,25.031738,27,177,1,0,255,2,0,1782507956.8101337,23
25.02417,25.013407,0.212216,0.7024906,0.95843506,1,1,0,0.008483887,0.028076172,25.02417,27,177,1,0,255,2,0,1782507956.8101337,23
25.025146,25.01478,0.15878735,0.70251805,0.7210388,1,1,0,0.0063476562,0.028076172,25.025146,27,177,1,0,255,2,0,1782507956.8101337,23
25.025146,25.015055,0.10687649,0.70251805,0.69125366,1,1,0,0.004272461,0.028076172,25.025146,27,177,1,0,255,2,0,1782507956.8101337,23
25.023926,25.014006,0.05343576,0.7024838,0.6840515,1,1,0,0.0021362305,0.028076172,25.023926,27,177,1,0,255,2,0,1782507956.8101337,23
25.02246,25.0126,0.001526648,0.70244265,0.9327698,1,1,0,6.1035156e-05,0.028076172,25.02246,27,177,1,0,255,2,0,1782507956.8101337,23
25.019289,25.01291,0.31298304,0.4703056,0.782959,1,1,0,0.012512207,0.018798828,25.019287,29,177,1,0,255,2,0,1782507956.8101337,23
25.025146,25.019379,0.2596098,0.47041574,0.6645508,1,1,0,0.010375977,0.018798828,25.025146,29,177,1,0,255,2,0,1782507956.8101337,23
25.01831,25.01303,0.20763247,0.47028723,0.6974182,1,1,0,0.008300781,0.018798828,25.01831,29,177,1,0,255,2,0,1782507956.8101337,23
25.03296,25.028051,0.1558163,0.4705626,0.8586731,1,1,0,0.006225586,0.018798828,25.032959,29,177,1,0,255,2,0,1782507956.8101337,23
25.018068,25.01344,0.102289416,0.47028264,0.9307251,1,1,0,0.0040893555,0.018798828,25.018066,29,177,1,0,255,2,0,1782507956.8101337,23
25.019289,25.014816,0.050383914,0.4703056,0.7942505,1,1,0,0.0020141602,0.018798828,25.019287,29,177,1,0,255,2,0,1782507956.8101337,23
25.020264,25.015842,-0.0030536917,0.47032395,0.8599243,1,1,0,-0.00012207031,0.018798828,25.020264,29,177,1,0,255,2,0,1782507956.8101337,23
25.03003,25.026768,0.16650134,0.36816525,0.7958069,1,1,0,0.006652832,0.014709473,25.03003,60,177,0,0,255,2,0,1782507956.8101337,23
25.032227,25.029331,0.06110689,0.37583596,1.0506592,1,1,0,0.0024414062,0.015014648,25.032227,60,177,0,0,255,2,0,1782507956.8101337,23
25.025146,25.022278,0.009163433,0.37878412,0.70651245,1,1,0,0.00036621094,0.015136719,25.025146,60,177,0,0,255,2,0,1782507956.8101337,23
25.019531,25.011545,0.26105526,0.575655,0.59573364,1,1,0,0.010437012,0.023010254,25.019531,61,177,1,0,255,2,0,1782507956.8101337,23
25.031736,25.024166,0.20925236,0.57899064,0.74053955,1,1,0,0.008361816,0.023132324,25.031738,61,177,1,0,255,2,0,1782507956.8101337,23
25.01831,25.011026,0.15571031,0.5832598,0.64398193,1,1,0,0.006225586,0.02331543,25.01831,61,177,1,0,255,2,0,1782507956.8101337,23
25.027344,25.020218,0.10384427,0.5880518,0.6593933,1,1,0,0.0041503906,0.023498535,25.027344,61,177,1,0,255,2,0,1782507956.8101337,23
25.026367,25.019333,0.05192008,0.591083,0.7579956,1,1,0,0.0020751953,0.023620605,25.026367,61,177,1,0,255,2,0,1782507956.8101337,23
25.026367,25.019314,-0.0015270577,0.5941371,0.84017944,1,1,0,-6.1035156e-05,0.023742676,25.026367,61,177,1,0,255,2,0,1782507956.8101337,23
25.030025,25.016165,0.3252407,0.7667913,0.45510864,1,1,0,0.013000488,0.030639648,25.03003,24,178,0,0,255,2,0,1782507956.9101584,24
25.03296,25.019733,0.27183154,0.76688105,0.70132446,1,2,0,0.010864258,0.030639648,25.032959,24,178,0,0,255,2,0,1782507956.9101584,24
25.031738,25.019022,0.21989943,0.7668437,0.6744385,1,2,0,0.0087890625,0.030639648,25.031738,24,178,0,0,255,2,0,1782507956.9101584,24
25.032715,25.020458,0.16645937,0.7653464,0.46118164,1,2,0,0.006652832,0.030578613,25.032715,24,178,0,0,255,2,0,1782507956.9101584,24
25.026121,25.014158,0.114506535,0.7651449,0.58862305,1,2,0,0.0045776367,0.030578613,25.026123,24,178,0,0,255,2,0,1782507956.9101584,24
25.03247,25.024618,0.3222953,0.5377656,0.94403076,1,1,0,0.012878418,0.021484375,25.03247,26,178,0,0,255,2,0,1782507956.9101584,24
25.033447,25.026209,0.2703742,0.5377866,0.85302734,1,1,0,0.010803223,0.021484375,25.033447,26,178,0,0,255,2,0,1782507956.9101584,24
25.03003,25.023708,0.16495359,0.53771317,0.7602539,1,1,0,0.006591797,0.021484375,25.03003,26,178,0,0,255,2,0,1782507956.9101584,24
25.0271,25.02125,0.061087158,0.5376502,0.7879944,1,1,0,0.0024414062,0.021484375,25.0271,26,178,0,0,255,2,0,1782507956.9101584,24
25.030762,25.018234,0.36497694,0.70267564,0.8956299,1,1,0,0.014587402,0.028076172,25.030762,27,178,1,0,255,2,0,1782507956.9101584,24
25.027344,25.015524,0.31301573,0.7025797,0.85250854,1,1,0,0.012512207,0.028076172,25.027344,27,178,1,0,255,2,0,1782507956.9101584,24
25.025146,25.013922,0.2610801,0.70251805,0.6758423,1,1,0,0.010437012,0.028076172,25.025146,27,178,1,0,255,2,0,1782507956.9101584,24
25.031738,25.021011,0.20769872,0.70270306,0.8915405,1,1,0,0.008300781,0.028076172,25.031738,27,178,1,0,255,2,0,1782507956.9101584,24
25.020752,25.010406,0.15570645,0.70239466,0.7991028,1,1,0,0.006225586,0.028076172,25.020752,27,178,1,0,255,2,0,1782507956.9101584,24
25.032959,25.023043,0.050400484,0.70273733,0.80114746,1,1,0,0.0020141602,0.028076172,25.032959,27,178,1,0,255,2,0,1782507956.9101584,24
25.029541,25.019676,-0.0015270798,0.70264137,0.76416016,1,1,0,-6.1035156e-05,0.028076172,25.029541,27,178,1,0,255,2,0,1782507956.9101584,24
25.027344,25.020926,0.31613812,0.47045705,0.78060913,1,1,0,0.012634277,0.018798828,25.027344,29,178,1,0,255,2,0,1782507956.9101584,24
25.029543,25.023726,0.26423737,0.47049835,0.7107544,1,1,0,0.010559082,0.018798828,25.029541,29,178,1,0,255,2,0,1782507956.9101584,24
25.02637,25.021059,0.21075365,0.4704387,0.7425842,1,1,0,0.008422852,0.018798828,25.026367,29,178,1,0,255,2,0,1782507956.9101584,24
25.031738,25.026812,0.15886372,0.47053966,0.7846985,1,1,0,0.0063476562,0.018798828,25.031738,29,178,1,0,255,2,0,1782507956.9101584,24
25.027344,25.022694,0.10690913,0.47045705,0.7610779,1,1,0,0.004272461,0.018798828,25.027344,29,178,1,0,255,2,0,1782507956.9101584,24
25.025146,25.020668,0.053449996,0.47041574,0.70358276,1,1,0,0.0021362305,0.018798828,25.025146,29,178,1,0,255,2,0,1782507956.9101584,24
25.019531,25.015112,0.0015268013,0.47031018,0.78985596,1,1,0,6.1035156e-05,0.018798828,25.019531,29,178,1,0,255,2,0,1782507956.9101584,24
25.01831,25.015007,0.16947682,0.3695197,0.7966614,1,1,0,0.0067749023,0.014770508,25.01831,60,178,0,0,255,2,0,1782507956.9101584,24
25.028074,25.025148,0.06415152,0.37730107,0.7568054,1,1,0,0.0025634766,0.015075684,25.028076,60,178,0,0,255,2,0,1782507956.9101584,24
25.027098,25.024204,0.012218851,0.38034105,0.81399536,1,1,0,0.00048828125,0.015197754,25.0271,60,178,0,0,255,2,0,1782507956.9101584,24
25.028564,25.02051,0.26420343,0.57739,0.75183105,1,1,0,0.010559082,0.023071289,25.028564,61,178,1,0,255,2,0,1782507956.9101584,24
25.036379,25.028708,0.21234581,0.5821533,0.94802856,1,1,0,0.008483887,0.023254395,25.036377,61,178,1,0,255,2,0,1782507956.9101584,24
25.025146,25.017973,0.106888965,0.5895272,0.76623535,1,1,0,0.004272461,0.02355957,25.025146,61,178,1,0,255,2,0,1782507956.9101584,24
25.021486,25.01441,0.054963388,0.5924944,0.839386,1,1,0,0.0021972656,0.02368164,25.021484,61,178,1,0,255,2,0,1782507956.9101584,24
25.027344,25.020216,0.0015271128,0.5972145,0.75183105,1,1,0,6.1035156e-05,0.023864746,25.027344,61,178,1,0,255,2,0,1782507956.9101584,24
25.029055,25.01527,0.3191208,0.76676136,0.618103,1,2,0,0.012756348,0.030639648,25.029053,24,179,0,0,255,2,0,1782507957.0105643,25
25.03003,25.016853,0.26721898,0.7667913,0.60510254,1,2,0,0.010681152,0.030639648,25.03003,24,179,0,0,255,2,0,1782507957.0105643,25
25.031248,25.018574,0.21531409,0.7668287,0.41696167,1,2,0,0.008605957,0.030639648,25.03125,24,179,0,0,255,2,0,1782507957.0105643,25
25.03125,25.018978,0.1618682,0.7668287,0.41958618,1,2,0,0.0064697266,0.030639648,25.03125,24,179,0,0,255,2,0,1782507957.0105643,25
25.031248,25.019258,0.10994863,0.7668287,0.41958618,1,2,0,0.0043945312,0.030639648,25.03125,24,179,0,0,255,2,0,1782507957.0105643,25
25.04248,25.030704,0.058054715,0.765645,0.3735962,1,3,0,0.002319336,0.030578613,25.04248,24,179,0,0,255,2,0,1782507957.0105643,25
25.042479,25.030771,0.004583271,0.765645,0.30841064,1,2,0,0.00018310547,0.030578613,25.04248,24,179,0,0,255,2,0,1782507957.0105643,25
25.033445,25.025522,0.32536235,0.53931415,0.8088074,1,1,0,0.013000488,0.02154541,25.033447,26,179,0,0,255,2,0,1782507957.0105643,25
25.03003,25.022758,0.27339184,0.53771317,0.8851013,1,1,0,0.010925293,0.021484375,25.03003,26,179,0,0,255,2,0,1782507957.0105643,25
25.032715,25.02597,0.2199605,0.53777087,0.85128784,1,1,0,0.0087890625,0.021484375,25.032715,26,179,0,0,255,2,0,1782507957.0105643,25
25.032227,25.025885,0.16802299,0.5377604,1.0653992,1,1,0,0.006713867,0.021484375,25.032227,26,179,0,0,255,2,0,1782507957.0105643,25
25.03125,25.025204,0.11608454,0.5377394,0.82528687,1,1,0,0.004638672,0.021484375,25.03125,26,179,0,0,255,2,0,1782507957.0105643,25
25.033447,25.027592,0.062630214,0.5377866,0.8868408,1,1,0,0.0025024414,0.021484375,25.033447,26,179,0,0,255,2,0,1782507957.0105643,25
25.025145,25.019367,0.010689428,0.53760827,0.6449585,1,1,0,0.0004272461,0.021484375,25.025146,26,179,0,0,255,2,0,1782507957.0105643,25
25.026365,25.013754,0.36796567,0.70407915,0.81552124,1,1,0,0.014709473,0.028137207,25.026367,27,179,1,0,255,2,0,1782507957.0105643,25
25.02295,25.011047,0.31601334,0.703983,0.66659546,1,1,0,0.012634277,0.028137207,25.02295,27,179,1,0,255,2,0,1782507957.0105643,25
25.023926,25.012686,0.26259398,0.7024838,0.734375,1,1,0,0.010498047,0.028076172,25.023926,27,179,1,0,255,2,0,1782507957.0105643,25
25.016846,25.0061,0.21062765,0.702285,0.7922058,1,1,0,0.008422852,0.028076172,25.016846,27,179,1,0,255,2,0,1782507957.0105643,25
25.030762,25.020674,0.10537334,0.70267564,0.78778076,1,1,0,0.004211426,0.028076172,25.030762,27,179,1,0,255,2,0,1782507957.0105643,25
25.03296,25.023037,0.053455055,0.70273733,1.0178528,1,1,0,0.0021362305,0.028076172,25.032959,27,179,1,0,255,2,0,1782507957.0105643,25
25.032959,25.023094,0.0015272885,0.70273733,0.9408264,1,1,0,6.1035156e-05,0.028076172,25.032959,27,179,1,0,255,2,0,1782507957.0105643,25
25.031738,25.02463,0.36659795,0.47053966,0.90179443,1,1,0,0.0146484375,0.018798828,25.031738,29,179,1,0,255,2,0,1782507957.0105643,25
25.022459,25.016676,0.26110885,0.47036526,0.92355347,1,1,0,0.010437012,0.018798828,25.02246,29,179,1,0,255,2,0,1782507957.0105643,25
25.014648,25.009745,0.15570232,0.4702184,0.8127136,1,1,0,0.006225586,0.018798828,25.014648,29,179,1,0,255,2,0,1782507957.0105643,25
25.01465,25.010014,0.10380192,0.4702184,0.68444824,1,1,0,0.0041503906,0.018798828,25.014648,29,179,1,0,255,2,0,1782507957.0105643,25
25.013672,25.009253,-0.0015264436,0.47020003,0.7213745,1,1,0,-6.1035156e-05,0.018798828,25.013672,29,179,1,0,255,2,0,1782507957.0105643,25
25.027102,25.023796,0.16953637,0.36964953,0.85562134,1,1,0,0.0067749023,0.014770508,25.0271,60,179,0,0,255,2,0,1782507957.0105643,25
25.028078,25.02501,0.11608364,0.37424624,0.82873535,1,1,0,0.004638672,0.014953613,25.028076,60,179,0,0,255,2,0,1782507957.0105643,25
25.026123,25.023197,0.06414652,0.37727162,0.81573486,1,1,0,0.0025634766,0.015075684,25.026123,60,179,0,0,255,2,0,1782507957.0105643,25
25.0166,25.013685,0.010687001,0.38170823,0.87979126,1,1,0,0.0004272461,0.015258789,25.016602,60,179,0,0,255,2,0,1782507957.0105643,25
25.030762,25.022173,0.31615388,0.574386,0.8360596,1,1,0,0.012634277,0.022949219,25.030762,61,179,1,0,255,2,0,1782507957.0105643,25
25.02246,25.014372,0.2641386,0.57877606,0.9378967,1,1,0,0.010559082,0.023132324,25.02246,61,179,1,0,255,2,0,1782507957.0105643,25
25.025146,25.01748,0.21225058,0.5818922,0.70666504,1,1,0,0.008483887,0.023254395,25.025146,61,179,1,0,255,2,0,1782507957.0105643,25
25.032957,25.02558,0.1588559,0.5866563,1.0343018,1,1,0,0.0063476562,0.0234375,25.032959,61,179,1,0,255,2,0,1782507957.0105643,25
25.028563,25.021389,0.10690356,0.58960766,0.9952698,1,1,0,0.004272461,0.02355957,25.028564,61,179,1,0,255,2,0,1782507957.0105643,25
25.027342,25.020231,0.05344906,0.59416026,0.7693176,1,1,0,0.0021362305,0.023742676,25.027344,61,179,1,0,255,2,0,1782507957.0105643,25
25.02124,25.007381,0.3251265,0.76652205,0.70217896,1,1,0,0.013000488,0.030639648,25.02124,24,180,0,0,255,2,0,1782507957.111569,26
25.027098,25.013876,0.2717679,0.7667015,0.97351074,1,1,0,0.010864258,0.030639648,25.0271,24,180,0,0,255,2,0,1782507957.111569,26
25.030027,25.017715,0.16796815,0.7667913,0.72732544,1,2,0,0.006713867,0.030639648,25.03003,24,180,0,0,255,2,0,1782507957.111569,26
25.028074,25.016066,0.11451527,0.76673144,0.7698059,1,2,0,0.0045776367,0.030639648,25.028076,24,180,0,0,255,2,0,1782507957.111569,26
25.031248,25.019423,0.06260977,0.7668287,0.72125244,1,2,0,0.0025024414,0.030639648,25.03125,24,180,0,0,255,2,0,1782507957.111569,26
25.025143,25.013443,0.010686898,0.765115,0.48980713,1,2,0,0.0004272461,0.030578613,25.025146,24,180,0,0,255,2,0,1782507957.111569,26
25.03247,25.02574,0.21843089,0.5377656,0.8807678,1,1,0,0.008728027,0.021484375,25.03247,26,180,0,0,255,2,0,1782507957.111569,26
25.031982,25.02595,0.11303301,0.53775513,0.7715454,1,1,0,0.0045166016,0.021484375,25.031982,26,180,0,0,255,2,0,1782507957.111569,26
25.032957,25.020365,0.36653548,0.70426464,0.885376,1,1,0,0.0146484375,0.028137207,25.032959,27,180,1,0,255,2,0,1782507957.111569,26
25.027342,25.016117,0.261103,0.7025797,0.70458984,1,1,0,0.010437012,0.028076172,25.027344,27,180,1,0,255,2,0,1782507957.111569,26
25.02539,25.014666,0.20764604,0.7025249,1.0333252,1,1,0,0.008300781,0.028076172,25.02539,27,180,1,0,255,2,0,1782507957.111569,26
25.018312,25.008236,0.10379454,0.7023261,0.6152344,1,1,0,0.0041503906,0.028076172,25.01831,27,180,1,0,255,2,0,1782507957.111569,26
25.027344,25.02023,0.36500606,0.4719843,0.8442688,1,1,0,0.014587402,0.018859863,25.027344,29,180,1,0,255,2,0,1782507957.111569,26
25.018314,25.011934,0.31297082,0.47028723,0.71588135,1,1,0,0.012512207,0.018798828,25.01831,29,180,1,0,255,2,0,1782507957.111569,26
25.028568,25.022797,0.25964525,0.47048,0.7569885,1,1,0,0.010375977,0.018798828,25.028564,29,180,1,0,255,2,0,1782507957.111569,26
25.032959,25.027674,0.20775403,0.4705626,0.8483887,1,1,0,0.008300781,0.018798828,25.032959,29,180,1,0,255,2,0,1782507957.111569,26
25.018312,25.013407,0.15572512,0.47028723,0.6398926,1,1,0,0.006225586,0.018798828,25.01831,29,180,1,0,255,2,0,1782507957.111569,26
25.01465,25.010021,0.10227544,0.4702184,0.7706299,1,1,0,0.0040893555,0.018798828,25.014648,29,180,1,0,255,2,0,1782507957.111569,26
25.029541,25.025068,0.050404564,0.47049835,0.8956299,1,1,0,0.0020141602,0.018798828,25.029541,29,180,1,0,255,2,0,1782507957.111569,26
25.030762,25.02634,-0.0030549732,0.4705213,0.9038696,1,1,0,-0.00012207031,0.018798828,25.030762,29,180,1,0,255,2,0,1782507957.111569,26
25.029053,25.026045,0.11303344,0.37120587,0.71865845,1,1,0,0.0045166016,0.014831543,25.029053,60,180,0,0,255,2,0,1782507957.111569,26
25.034424,25.03155,0.061112303,0.37434116,1.1235046,1,1,0,0.0024414062,0.014953613,25.034424,60,180,0,0,255,2,0,1782507957.111569,26
25.031494,25.028625,0.009165757,0.3788802,0.7637329,1,1,0,0.00036621094,0.015136719,25.031494,60,180,0,0,255,2,0,1782507957.111569,26
25.021729,25.013231,0.31451398,0.57112515,0.846344,1,1,0,0.012573242,0.022827148,25.021729,61,180,1,0,255,2,0,1782507957.111569,26
25.027342,25.019354,0.2611368,0.57583475,0.7744446,1,1,0,0.010437012,0.023010254,25.027344,61,180,1,0,255,2,0,1782507957.111569,26
25.025145,25.017574,0.20919724,0.57883817,0.67276,1,1,0,0.008361816,0.023132324,25.025146,61,180,1,0,255,2,0,1782507957.111569,26
25.016848,25.00976,0.10380086,0.5862786,0.8496704,1,1,0,0.0041503906,0.0234375,25.016846,61,180,1,0,255,2,0,1782507957.111569,26
25.02295,25.015915,0.051912986,0.5910023,0.7487488,1,1,0,0.0020751953,0.023620605,25.02295,61,180,1,0,255,2,0,1782507957.111569,26
25.021482,25.014431,-0.0015267597,0.59402114,0.8989258,1,1,0,-6.1035156e-05,0.023742676,25.021484,61,180,1,0,255,2,0,1782507957.111569,26
25.031248,25.018024,0.27181298,0.7668287,0.44903564,1,2,0,0.010864258,0.030639648,25.03125,24,181,0,0,255,2,0,1782507957.2096455,27
25.030027,25.017313,0.21988441,0.7667913,0.48373413,1,2,0,0.0087890625,0.030639648,25.03003,24,181,0,0,255,2,0,1782507957.2096455,27
25.029053,25.01674,0.16796161,0.76676136,0.46984863,1,2,0,0.006713867,0.030639648,25.029053,24,181,0,0,255,2,0,1782507957.2096455,27
25.031004,25.018993,0.11452867,0.7668212,0.45944214,1,2,0,0.0045776367,0.030639648,25.031006,24,181,0,0,255,2,0,1782507957.2096455,27
25.025145,25.01332,0.0625945,0.76664174,0.6631775,1,3,0,0.0025024414,0.030639648,25.025146,24,181,0,0,255,2,0,1782507957.2096455,27
25.034178,25.022425,0.010690735,0.7669184,0.33187866,1,2,0,0.0004272461,0.030639648,25.03418,24,181,0,0,255,2,0,1782507957.2096455,27
25.03125,25.023325,0.32533377,0.5392668,0.68917847,1,1,0,0.013000488,0.02154541,25.03125,26,181,0,0,255,2,0,1782507957.2096455,27
25.031252,25.023947,0.27340484,0.5392668,0.95877075,1,1,0,0.010925293,0.02154541,25.03125,26,181,0,0,255,2,0,1782507957.2096455,27
25.032227,25.025482,0.2199562,0.5377604,1.0159912,1,1,0,0.0087890625,0.021484375,25.032227,26,181,0,0,255,2,0,1782507957.2096455,27
25.031006,25.024664,0.1680148,0.53773415,0.83047485,1,1,0,0.006713867,0.021484375,25.031006,26,181,0,0,255,2,0,1782507957.2096455,27
25.030027,25.023989,0.11455154,0.53771317,1.0783997,1,1,0,0.0045776367,0.021484375,25.03003,26,181,0,0,255,2,0,1782507957.2096455,27
25.03125,25.025394,0.062624715,0.5377394,0.72906494,1,1,0,0.0025024414,0.021484375,25.03125,26,181,0,0,255,2,0,1782507957.2096455,27
25.023924,25.012024,0.31602567,0.7040105,0.695343,1,1,0,0.012634277,0.028137207,25.023926,27,181,1,0,255,2,0,1782507957.2096455,27
25.026367,25.015083,0.26261914,0.70407915,0.7569885,1,1,0,0.010498047,0.028137207,25.026367,27,181,1,0,255,2,0,1782507957.2096455,27
25.030764,25.02001,0.21074481,0.70267564,0.7991028,1,1,0,0.008422852,0.028076172,25.030762,27,181,1,0,255,2,0,1782507957.2096455,27
25.025145,25.014788,0.15726057,0.70251805,0.65426636,1,1,0,0.006286621,0.028076172,25.025146,27,181,1,0,255,2,0,1782507957.2096455,27
25.028564,25.018478,0.105364084,0.70261395,0.77752686,1,1,0,0.004211426,0.028076172,25.028564,27,181,1,0,255,2,0,1782507957.2096455,27
25.025148,25.019348,0.26266393,0.47041574,0.7487488,1,1,0,0.010498047,0.018798828,25.025146,29,181,1,0,255,2,0,1782507957.2096455,27
25.031738,25.026428,0.21079886,0.47053966,0.80319214,1,1,0,0.008422852,0.018798828,25.031738,29,181,1,0,255,2,0,1782507957.2096455,27
25.026365,25.021479,0.15730263,0.46891144,0.7333679,1,1,0,0.006286621,0.018737793,25.026367,29,181,1,0,255,2,0,1782507957.2096455,27
25.023926,25.019312,0.10536759,0.4688657,0.6409302,1,1,0,0.004211426,0.018737793,25.023926,29,181,1,0,255,2,0,1782507957.2096455,27
25.023684,25.019232,0.053446926,0.4688611,0.8599243,1,1,0,0.0021362305,0.018737793,25.023682,29,181,1,0,255,2,0,1782507957.2096455,27
25.026367,25.021975,-0.0,0.46891144,0.72720337,1,1,0,-0.0,0.018737793,25.026367,29,181,1,0,255,2,0,1782507957.2096455,27
25.032715,25.029472,0.16346385,0.36820474,0.7862549,1,1,0,0.0065307617,0.014709473,25.032715,60,181,0,0,255,2,0,1782507957.2096455,27
25.03125,25.028225,0.111515656,0.37276608,0.74380493,1,1,0,0.0044555664,0.014892578,25.03125,60,181,0,0,255,2,0,1782507957.2096455,27
25.031248,25.028357,0.05957689,0.3758213,0.7619934,1,1,0,0.002380371,0.015014648,25.03125,60,181,0,0,255,2,0,1782507957.2096455,27
25.03125,25.028358,0.006110439,0.38040414,0.86343384,1,1,0,0.00024414062,0.015197754,25.03125,60,181,0,0,255,2,0,1782507957.2096455,27
25.021729,25.012604,0.36336783,0.5695983,0.71588135,1,1,0,0.014526367,0.022766113,25.021729,61,181,1,0,255,2,0,1782507957.2096455,27
25.025146,25.016653,0.31150272,0.5727301,0.7610779,1,1,0,0.012451172,0.022888184,25.025146,61,181,1,0,255,2,0,1782507957.2096455,27
25.02417,25.016163,0.25957644,0.5772886,0.9307251,1,1,0,0.010375977,0.023071289,25.02417,61,181,1,0,255,2,0,1782507957.2096455,27
25.027342,25.019762,0.20616117,0.58041614,0.96136475,1,1,0,0.008239746,0.02319336,25.027344,61,181,1,0,255,2,0,1782507957.2096455,27
25.026367,25.019054,0.15423319,0.5849747,0.77853394,1,1,0,0.006164551,0.023376465,25.026367,61,181,1,0,255,2,0,1782507957.2096455,27
25.025146,25.018082,0.0488635,0.59258115,0.7723999,1,1,0,0.001953125,0.02368164,25.025146,61,181,1,0,255,2,0,1782507957.2096455,27
25.026121,25.014112,0.11450633,0.7666716,0.4065857,1,2,0,0.0045776367,0.030639648,25.026123,24,182,0,0,255,2,0,1782507957.310099,28
25.045408,25.033623,0.06264531,0.76573455,0.3779297,1,3,0,0.0025024414,0.030578613,25.04541,24,182,0,0,255,2,0,1782507957.310099,28
25.035154,25.023447,0.0106911715,0.7654211,0.33187866,1,2,0,0.0004272461,0.030578613,25.035156,24,182,0,0,255,2,0,1782507957.310099,28
25.019775,25.012459,0.27480614,0.5390196,1.0884705,1,1,0,0.010986328,0.02154541,25.019775,26,182,0,0,255,2,0,1782507957.310099,28
25.032715,25.025957,0.22148795,0.53777087,0.85302734,1,1,0,0.008850098,0.021484375,25.032715,26,182,0,0,255,2,0,1782507957.310099,28
25.021484,25.015135,0.16947769,0.5375296,1.3820496,1,1,0,0.0067749023,0.021484375,25.021484,26,182,0,0,255,2,0,1782507957.310099,28
25.02905,25.022999,0.11760163,0.5376922,0.96051025,1,1,0,0.004699707,0.021484375,25.029053,26,182,0,0,255,2,0,1782507957.310099,28
25.031492,25.025713,0.012219587,0.53774464,0.7698059,1,1,0,0.00048828125,0.021484375,25.031494,26,182,0,0,255,2,0,1782507957.310099,28
25.026365,25.014444,0.31758326,0.70407915,0.67684937,1,1,0,0.0126953125,0.028137207,25.026367,27,182,1,0,255,2,0,1782507957.310099,28
25.025146,25.013847,0.26413307,0.7040448,0.7220459,1,1,0,0.010559082,0.028137207,25.025146,27,182,1,0,255,2,0,1782507957.310099,28
25.031736,25.021358,0.16035637,0.70270306,0.9202881,1,1,0,0.0064086914,0.028076172,25.031738,27,182,1,0,255,2,0,1782507957.310099,28
25.020264,25.010344,0.05495445,0.70238096,1.0097351,1,1,0,0.0021972656,0.028076172,25.020264,27,182,1,0,255,2,0,1782507957.310099,28
25.030762,25.023678,0.36505637,0.4705213,0.81140137,1,1,0,0.014587402,0.018798828,25.030762,29,182,1,0,255,2,0,1782507957.310099,28
25.023926,25.017546,0.31304103,0.4703928,0.76623535,1,1,0,0.012512207,0.018798828,25.023926,29,182,1,0,255,2,0,1782507957.310099,28
25.02539,25.019606,0.26113942,0.47042033,1.0128174,1,1,0,0.010437012,0.018798828,25.02539,29,182,1,0,255,2,0,1782507957.310099,28
25.018066,25.012785,0.20763044,0.47028264,0.6864929,1,1,0,0.008300781,0.018798828,25.018066,29,182,1,0,255,2,0,1782507957.310099,28
25.020264,25.015358,0.15573728,0.47032395,0.9440613,1,1,0,0.006225586,0.018798828,25.020264,29,182,1,0,255,2,0,1782507957.310099,28
25.02417,25.019697,0.050393745,0.47039738,0.839386,1,1,0,0.0020141602,0.018798828,25.02417,29,182,1,0,255,2,0,1782507957.310099,28
25.019285,25.014894,-0.001526788,0.46877876,0.7439575,1,1,0,-6.1035156e-05,0.018737793,25.019287,29,182,1,0,255,2,0,1782507957.310099,28
25.032227,25.029211,0.114575446,0.37125292,0.7585144,1,1,0,0.0045776367,0.014831543,25.032227,60,182,0,0,255,2,0,1782507957.310099,28
25.031006,25.028133,0.061103966,0.37429005,0.8105469,1,1,0,0.0024414062,0.014953613,25.031006,60,182,0,0,255,2,0,1782507957.310099,28
25.017332,25.014465,0.009160572,0.3786659,1.0426025,1,1,0,0.00036621094,0.015136719,25.017334,60,182,0,0,255,2,0,1782507957.310099,28
25.031738,25.022602,0.36656827,0.56829876,0.84017944,1,1,0,0.0146484375,0.022705078,25.031738,61,182,1,0,255,2,0,1782507957.310099,28
25.025146,25.01665,0.31455696,0.5712031,0.79293823,1,1,0,0.012573242,0.022827148,25.025146,61,182,1,0,255,2,0,1782507957.310099,28
25.031736,25.023746,0.26118264,0.57593584,0.75183105,1,1,0,0.010437012,0.023010254,25.031738,61,182,1,0,255,2,0,1782507957.310099,28
25.030762,25.02319,0.20924419,0.57896805,0.82785034,1,1,0,0.008361816,0.023132324,25.030762,61,182,1,0,255,2,0,1782507957.310099,28
25.025145,25.017849,0.15727982,0.5834192,0.68917847,1,1,0,0.006286621,0.02331543,25.025146,61,182,1,0,255,2,0,1782507957.310099,28
25.025146,25.018057,0.1038353,0.58647317,0.8093567,1,1,0,0.0041503906,0.0234375,25.025146,61,182,1,0,255,2,0,1782507957.310099,28
25.027342,25.020288,-0.0015271172,0.59416026,0.75183105,1,1,0,-6.1035156e-05,0.023742676,25.027344,61,182,1,0,255,2,0,1782507957.310099,28
25.024172,25.010332,0.32363805,0.7666118,0.69351196,1,1,0,0.012939453,0.030639648,25.02417,24,183,0,0,255,2,0,1782507957.4104033,29
25.02417,25.011457,0.21983294,0.7666118,0.7342529,1,2,0,0.0087890625,0.030639648,25.02417,24,183,0,0,255,2,0,1782507957.4104033,29
25.031006,25.01875,0.166448,0.7652942,0.71865845,1,2,0,0.006652832,0.030578613,25.031006,24,183,0,0,255,2,0,1782507957.4104033,29
25.028074,25.016111,0.114515476,0.7652046,0.70999146,1,2,0,0.0045776367,0.030578613,25.028076,24,183,0,0,255,2,0,1782507957.4104033,29
25.032713,25.02101,0.009162968,0.7653464,0.7533264,1,2,0,0.00036621094,0.030578613,25.032715,24,183,0,0,255,2,0,1782507957.4104033,29
25.03003,25.022726,0.2733915,0.53924054,0.7940674,1,1,0,0.010925293,0.02154541,25.03003,26,183,0,0,255,2,0,1782507957.4104033,29
25.031982,25.025206,0.21995378,0.5392826,0.67529297,1,1,0,0.0087890625,0.02154541,25.031982,26,183,0,0,255,2,0,1782507957.4104033,29
25.0271,25.020727,0.16798837,0.5391774,0.72125244,1,1,0,0.006713867,0.02154541,25.0271,26,183,0,0,255,2,0,1782507957.4104033,29
25.031006,25.024965,0.11455601,0.53773415,0.7533264,1,1,0,0.0045776367,0.021484375,25.031006,26,183,0,0,255,2,0,1782507957.4104033,29
25.03003,25.024174,0.06262166,0.53771317,0.7862549,1,1,0,0.0025024414,0.021484375,25.03003,26,183,0,0,255,2,0,1782507957.4104033,29
25.019285,25.01351,0.010686926,0.5374824,0.87286377,1,1,0,0.0004272461,0.021484375,25.019287,26,183,0,0,255,2,0,1782507957.4104033,29
25.021484,25.009583,0.31599483,0.7039418,0.86608887,1,1,0,0.012634277,0.028137207,25.021484,27,183,1,0,255,2,0,1782507957.4104033,29
25.023926,25.013176,0.21068725,0.7024838,0.7241211,1,1,0,0.008422852,0.028076172,25.023926,27,183,1,0,255,2,0,1782507957.4104033,29
25.031736,25.021378,0.157302,0.70270306,0.9829407,1,1,0,0.006286621,0.028076172,25.031738,27,183,1,0,255,2,0,1782507957.4104033,29
25.035887,25.025799,0.10539492,0.7028196,1.0014343,1,1,0,0.004211426,0.028076172,25.035889,27,183,1,0,255,2,0,1782507957.4104033,29
25.018066,25.01165,0.31602094,0.47028264,0.91534424,1,1,0,0.012634277,0.018798828,25.018066,29,183,1,0,255,2,0,1782507957.4104033,29
25.019535,25.013735,0.26260498,0.47031018,0.6368103,1,1,0,0.010498047,0.018798828,25.019531,29,183,1,0,255,2,0,1782507957.4104033,29
25.023926,25.018618,0.21073309,0.4703928,0.7251282,1,1,0,0.008422852,0.018798828,25.023926,29,183,1,0,255,2,0,1782507957.4104033,29
25.021486,25.016842,0.10535719,0.4703469,0.82092285,1,1,0,0.004211426,0.018798828,25.021484,29,183,1,0,255,2,0,1782507957.4104033,29
25.031738,25.027258,0.053464074,0.47053966,0.868927,1,1,0,0.0021362305,0.018798828,25.031738,29,183,1,0,255,2,0,1782507957.4104033,29
25.028566,25.024143,-0.0,0.47048,0.84017944,1,1,0,-0.0,0.018798828,25.028564,29,183,1,0,255,2,0,1782507957.4104033,29
25.03125,25.027977,0.16803704,0.3681832,0.9336548,1,1,0,0.006713867,0.014709473,25.03125,60,183,0,0,255,2,0,1782507957.4104033,29
25.019775,25.016876,0.0626034,0.375649,0.9871826,1,1,0,0.0025024414,0.015014648,25.019775,60,183,0,0,255,2,0,1782507957.4104033,29
25.026367,25.01833,0.26265323,0.57733935,0.8565979,1,1,0,0.010498047,0.023071289,25.026367,61,183,1,0,255,2,0,1782507957.4104033,29
25.025146,25.017529,0.2107239,0.5803652,0.72821045,1,1,0,0.008422852,0.02319336,25.025146,61,183,1,0,255,2,0,1782507957.4104033,29
25.025143,25.017813,0.1572796,0.58494616,0.86483765,1,1,0,0.006286621,0.023376465,25.025146,61,183,1,0,255,2,0,1782507957.4104033,29
25.026367,25.019236,0.10536727,0.58802885,0.6511841,1,1,0,0.004211426,0.023498535,25.026367,61,183,1,0,255,2,0,1782507957.4104033,29
25.025146,25.018076,0.05191747,0.59258115,0.74053955,1,1,0,0.0020751953,0.02368164,25.025146,61,183,1,0,255,2,0,1782507957.4104033,29
25.022459,25.015371,-0.0,0.59557116,0.8414612,1,1,0,-0.0,0.023803711,25.02246,61,183,1,0,255,2,0,1782507957.4104033,29
25.029055,25.015232,0.3221744,0.76676136,0.7307739,1,2,0,0.012878418,0.030639648,25.029053,24,184,0,0,255,2,0,1782507957.510447,30
25.02124,25.008036,0.27017787,0.76652205,0.8009949,1,2,0,0.010803223,0.030639648,25.02124,24,184,0,0,255,2,0,1782507957.510447,30
25.02124,25.008556,0.21675438,0.76652205,0.7715454,1,2,0,0.008666992,0.030639648,25.02124,24,184,0,0,255,2,0,1782507957.510447,30
25.025145,25.012856,0.16488205,0.76664174,0.650177,1,2,0,0.006591797,0.030639648,25.025146,24,184,0,0,255,2,0,1782507957.510447,30
25.032225,25.020222,0.11300714,0.7668586,0.7472534,1,2,0,0.0045166016,0.030639648,25.032227,24,184,0,0,255,2,0,1782507957.510447,30
25.028074,25.016256,0.059548087,0.76673144,0.43432617,1,2,0,0.002380371,0.030639648,25.028076,24,184,0,0,255,2,0,1782507957.510447,30
25.028074,25.016327,0.0076343776,0.76673144,0.3831787,1,2,0,0.00030517578,0.030639648,25.028076,24,184,0,0,255,2,0,1782507957.510447,30
25.032227,25.024342,0.32229176,0.53928787,0.7862549,1,1,0,0.012878418,0.02154541,25.032227,26,184,0,0,255,2,0,1782507957.510447,30
25.030027,25.02279,0.27033728,0.53771317,0.7698059,1,1,0,0.010803223,0.021484375,25.03003,26,184,0,0,255,2,0,1782507957.510447,30
25.031494,25.024776,0.21689497,0.53774464,0.85736084,1,1,0,0.008666992,0.021484375,25.031494,26,184,0,0,255,2,0,1782507957.510447,30
25.031738,25.025417,0.16496485,0.5377499,0.71691895,1,1,0,0.006591797,0.021484375,25.031738,26,184,0,0,255,2,0,1782507957.510447,30
25.031982,25.025955,0.111505546,0.53775513,0.7342529,1,1,0,0.0044555664,0.021484375,25.031982,26,184,0,0,255,2,0,1782507957.510447,30
25.032469,25.02662,0.05957276,0.5377656,0.6397705,1,1,0,0.002380371,0.021484375,25.03247,26,184,0,0,255,2,0,1782507957.510447,30
25.029541,25.016972,0.36495852,0.70416844,0.9202881,1,1,0,0.014587402,0.028137207,25.029541,27,184,1,0,255,2,0,1782507957.510447,30
25.031738,25.01987,0.31307012,0.70423025,0.8586731,1,1,0,0.012512207,0.028137207,25.031738,27,184,1,0,255,2,0,1782507957.510447,30
25.025146,25.013895,0.2595529,0.7040448,0.72821045,1,1,0,0.010375977,0.028137207,25.025146,27,184,1,0,255,2,0,1782507957.510447,30
25.029541,25.019201,0.15423408,0.70264137,0.8607178,1,1,0,0.006164551,0.028076172,25.029541,27,184,1,0,255,2,0,1782507957.510447,30
25.025146,25.018063,0.36497444,0.47041574,0.75390625,1,1,0,0.014587402,0.018798828,25.025146,29,184,1,0,255,2,0,1782507957.510447,30
25.025146,25.018766,0.31305632,0.47041574,0.8360596,1,1,0,0.012512207,0.018798828,25.025146,29,184,1,0,255,2,0,1782507957.510447,30
25.030762,25.024977,0.26119548,0.4705213,0.98498535,1,1,0,0.010437012,0.018798828,25.030762,29,184,1,0,255,2,0,1782507957.510447,30
25.031738,25.026453,0.2077439,0.47053966,0.89974976,1,1,0,0.008300781,0.018798828,25.031738,29,184,1,0,255,2,0,1782507957.510447,30
25.009033,25.0044,0.10377862,0.47011286,0.6906128,1,1,0,0.0041503906,0.018798828,25.009033,29,184,1,0,255,2,0,1782507957.510447,30
25.019775,25.016495,0.16948691,0.36801443,1.0131531,1,1,0,0.0067749023,0.014709473,25.019775,60,184,0,0,255,2,0,1782507957.510447,30
25.032228,25.029175,0.11763066,0.37278062,0.7732544,1,1,0,0.004699707,0.014892578,25.032227,60,184,0,0,255,2,0,1782507957.510447,30
25.021484,25.018581,0.06413469,0.37567466,1.046051,1,1,0,0.0025634766,0.015014648,25.021484,60,184,0,0,255,2,0,1782507957.510447,30
25.031248,25.028355,0.012220877,0.38040414,0.667511,1,1,0,0.00048828125,0.015197754,25.03125,60,184,0,0,255,2,0,1782507957.510447,30
25.025146,25.016575,0.3176103,0.5727301,0.6871338,1,1,0,0.0126953125,0.022888184,25.025146,61,184,1,0,255,2,0,1782507957.510447,30
25.025146,25.017092,0.26416734,0.57731116,0.6850891,1,1,0,0.010559082,0.023071289,25.025146,61,184,1,0,255,2,0,1782507957.510447,30
25.031738,25.024107,0.21230678,0.58051807,0.90179443,1,1,0,0.008483887,0.02319336,25.031738,61,184,1,0,255,2,0,1782507957.510447,30
25.027342,25.01999,0.16034761,0.58499753,0.7631531,1,1,0,0.0064086914,0.023376465,25.027344,61,184,1,0,255,2,0,1782507957.510447,30
25.025146,25.01801,0.10688912,0.5880002,0.6635132,1,1,0,0.004272461,0.023498535,25.025146,61,184,1,0,255,2,0,1782507957.510447,30
25.02637,25.01929,0.054974113,0.59261006,0.7713623,1,1,0,0.0021972656,0.02368164,25.026367,61,184,1,0,255,2,0,1782507957.510447,30
25.030762,25.02367,0.0015273236,0.59576875,1.0343018,1,1,0,6.1035156e-05,0.023803711,25.030762,61,184,1,0,255,2,0,1782507957.510447,30
25.029053,25.01515,0.32828164,0.76676136,0.7749939,1,1,0,0.013122559,0.030639648,25.029053,24,185,0,0,255,2,0,1782507957.6115558,31
25.03174,25.01848,0.27487227,0.7668437,0.6631775,1,1,0,0.010986328,0.030639648,25.031738,24,185,0,0,255,2,0,1782507957.6115558,31
25.031982,25.01924,0.22295566,0.7668511,0.7342529,1,2,0,0.008911133,0.030639648,25.031982,24,185,0,0,255,2,0,1782507957.6115558,31
25.031738,25.019415,0.16950668,0.7668437,0.69869995,1,2,0,0.0067749023,0.030639648,25.031738,24,185,0,0,255,2,0,1782507957.6115558,31
25.03003,25.018003,0.11757816,0.7667913,0.71343994,1,2,0,0.004699707,0.030639648,25.03003,24,185,0,0,255,2,0,1782507957.6115558,31
25.032228,25.020391,0.06566646,0.7668586,0.6484375,1,2,0,0.0026245117,0.030639648,25.032227,24,185,0,0,255,2,0,1782507957.6115558,31
25.032225,25.020473,0.012217029,0.7668586,0.48025513,1,2,0,0.00048828125,0.030639648,25.032227,24,185,0,0,255,2,0,1782507957.6115558,31
25.016602,25.008755,0.322091,0.53742474,1.0426025,1,1,0,0.012878418,0.021484375,25.016602,26,185,0,0,255,2,0,1782507957.6115558,31
25.03125,25.024532,0.21689285,0.5377394,0.69177246,1,1,0,0.008666992,0.021484375,25.03125,26,185,0,0,255,2,0,1782507957.6115558,31
25.031006,25.024973,0.1130286,0.53773415,0.7533264,1,1,0,0.0045166016,0.021484375,25.031006,26,185,0,0,255,2,0,1782507957.6115558,31
25.030027,25.02425,0.0076367958,0.53771317,0.6805115,1,1,0,0.00030517578,0.021484375,25.03003,26,185,0,0,255,2,0,1782507957.6115558,31
25.025146,25.012623,0.36489508,0.70251805,0.70358276,1,1,0,0.014587402,0.028076172,25.025146,27,185,1,0,255,2,0,1782507957.6115558,31
25.031006,25.019182,0.3130615,0.7026825,0.63638306,1,1,0,0.012512207,0.028076172,25.031006,27,185,1,0,255,2,0,1782507957.6115558,31
25.028564,25.017353,0.25958878,0.70261395,0.8093567,1,1,0,0.010375977,0.028076172,25.028564,27,185,1,0,255,2,0,1782507957.6115558,31
25.029541,25.018814,0.20768048,0.70264137,0.75183105,1,1,0,0.008300781,0.028076172,25.029541,27,185,1,0,255,2,0,1782507957.6115558,31
25.022951,25.012604,0.15572013,0.70245636,0.7312927,1,1,0,0.006225586,0.028076172,25.02295,27,185,1,0,255,2,0,1782507957.6115558,31
25.031738,25.021873,-0.001527214,0.70270306,0.8196411,1,1,0,-6.1035156e-05,0.028076172,25.031738,27,185,1,0,255,2,0,1782507957.6115558,31
25.025146,25.01871,0.31763738,0.47041574,0.8833008,1,1,0,0.0126953125,0.018798828,25.025146,29,185,1,0,255,2,0,1782507957.6115558,31
25.021729,25.015896,0.26568174,0.4703515,0.67892456,1,1,0,0.010620117,0.018798828,25.021729,29,185,1,0,255,2,0,1782507957.6115558,31
25.028564,25.023243,0.21229945,0.47048,0.86483765,1,1,0,0.008483887,0.018798828,25.028564,29,185,1,0,255,2,0,1782507957.6115558,31
25.018066,25.013132,0.16030365,0.47028264,0.90097046,1,1,0,0.0064086914,0.018798828,25.018066,29,185,1,0,255,2,0,1782507957.6115558,31
25.016846,25.012197,0.10686429,0.4702597,0.8291321,1,1,0,0.004272461,0.018798828,25.016846,29,185,1,0,255,2,0,1782507957.6115558,31
25.019533,25.015053,0.0549648,0.47031018,0.47555542,1,1,0,0.0021972656,0.018798828,25.019531,29,185,1,0,255,2,0,1782507957.6115558,31
25.023926,25.019505,0.0030541387,0.4703928,0.71383667,1,1,0,0.00012207031,0.018798828,25.023926,29,185,1,0,255,2,0,1782507957.6115558,31
25.025146,25.021875,0.16799608,0.36809343,0.7940674,1,1,0,0.006713867,0.014709473,25.025146,60,185,0,0,255,2,0,1782507957.6115558,31
25.03247,25.029427,0.116104126,0.37278426,0.85302734,1,1,0,0.004638672,0.014892578,25.03247,60,185,0,0,255,2,0,1782507957.6115558,31
25.031004,25.02811,0.010693165,0.38040042,0.8027344,1,1,0,0.0004272461,0.015197754,25.031006,60,185,0,0,255,2,0,1782507957.6115558,31
25.022947,25.013758,0.36796573,0.5696261,0.66555786,1,1,0,0.014709473,0.022766113,25.02295,61,185,1,0,255,2,0,1782507957.6115558,31
25.014648,25.0061,0.3159508,0.57248986,0.9050598,1,1,0,0.012634277,0.022888184,25.014648,61,185,1,0,255,2,0,1782507957.6115558,31
25.016846,25.00881,0.2625533,0.57711965,0.78912354,1,1,0,0.010498047,0.023071289,25.016846,61,185,1,0,255,2,0,1782507957.6115558,31
25.012695,25.005358,0.15872754,0.58465517,0.63168335,1,1,0,0.0063476562,0.023376465,25.012695,61,185,1,0,255,2,0,1782507957.6115558,31
25.02954,25.022408,0.10538064,0.5881034,0.77545166,1,1,0,0.004211426,0.023498535,25.029541,61,185,1,0,255,2,0,1782507957.6115558,31
25.02295,25.01586,-0.0,0.5955828,0.7005005,1,1,0,-0.0,0.023803711,25.02295,61,185,1,0,255,2,0,1782507957.6115558,31
25.032715,25.018871,0.32374856,0.76687354,0.45684814,1,2,0,0.012939453,0.030639648,25.032715,24,186,0,0,255,2,0,1782507957.70988,32
25.032959,25.025055,0.32382858,0.53930366,0.8851013,1,1,0,0.012939453,0.02154541,25.032959,26,186,0,0,255,2,0,1782507957.70988,32
25.03247,25.025185,0.27189076,0.5392931,1.0697327,1,1,0,0.010864258,0.02154541,25.03247,26,186,0,0,255,2,0,1782507957.70988,32
25.027098,25.02037,0.21838403,0.5376502,0.7325134,1,1,0,0.008728027,0.021484375,25.0271,26,186,0,0,255,2,0,1782507957.70988,32
25.03125,25.02492,0.16648905,0.5377394,0.7715454,1,1,0,0.006652832,0.021484375,25.03125,26,186,0,0,255,2,0,1782507957.70988,32
25.032469,25.02643,0.11456271,0.5377656,0.85128784,1,1,0,0.0045776367,0.021484375,25.03247,26,186,0,0,255,2,0,1782507957.70988,32
25.031248,25.02547,0.009164602,0.5377394,0.7568054,1,1,0,0.00036621094,0.021484375,25.03125,26,186,0,0,255,2,0,1782507957.70988,32
25.034668,25.022074,0.36656052,0.7043127,0.9315796,1,1,0,0.0146484375,0.028137207,25.034668,27,186,1,0,255,2,0,1782507957.70988,32
25.023926,25.012043,0.31449905,0.7040105,0.7210388,1,1,0,0.012573242,0.028137207,25.023926,27,186,1,0,255,2,0,1782507957.70988,32
25.031738,25.020998,0.20922586,0.70270306,0.84017944,1,1,0,0.008361816,0.028076172,25.031738,27,186,1,0,255,2,0,1782507957.70988,32
25.029541,25.019623,0.05192068,0.70264137,0.8442688,1,1,0,0.0020751953,0.028076172,25.029541,27,186,1,0,255,2,0,1782507957.70988,32
25.025146,25.015284,-0.0,0.70251805,0.7631531,1,1,0,-0.0,0.028076172,25.025146,27,186,1,0,255,2,0,1782507957.70988,32
25.020264,25.013136,0.36795658,0.47032395,0.85580444,1,1,0,0.014709473,0.018798828,25.020264,29,186,1,0,255,2,0,1782507957.70988,32
25.029543,25.023123,0.3161659,0.47049835,0.90179443,1,1,0,0.012634277,0.018798828,25.029541,29,186,1,0,255,2,0,1782507957.70988,32
25.018314,25.012514,0.26259217,0.47028723,0.6152344,1,1,0,0.010498047,0.018798828,25.01831,29,186,1,0,255,2,0,1782507957.70988,32
25.025393,25.020082,0.21074542,0.47042033,1.1605835,1,1,0,0.008422852,0.018798828,25.02539,29,186,1,0,255,2,0,1782507957.70988,32
25.026367,25.021442,0.15882964,0.4704387,0.7312927,1,1,0,0.0063476562,0.018798828,25.026367,29,186,1,0,255,2,0,1782507957.70988,32
25.027344,25.0227,0.10538187,0.47045705,0.68200684,1,1,0,0.004211426,0.018798828,25.027344,29,186,1,0,255,2,0,1782507957.70988,32
25.019533,25.015055,0.053438004,0.47031018,0.7374573,1,1,0,0.0021362305,0.018798828,25.019531,29,186,1,0,255,2,0,1782507957.70988,32
25.02246,25.01804,-0.0,0.47036526,1.0035706,1,1,0,-0.0,0.018798828,25.02246,29,186,1,0,255,2,0,1782507957.70988,32
25.029053,25.02606,0.11456102,0.36967838,0.7507324,1,1,0,0.0045776367,0.014770508,25.029053,60,186,0,0,255,2,0,1782507957.70988,32
25.034182,25.03133,0.06111177,0.3728097,0.99346924,1,1,0,0.0024414062,0.014892578,25.03418,60,186,0,0,255,2,0,1782507957.70988,32
25.032469,25.029623,0.009166122,0.37736732,0.95010376,1,1,0,0.00036621094,0.015075684,25.03247,60,186,0,0,255,2,0,1782507957.70988,32
25.016113,25.007017,0.36633995,0.5664175,0.6748047,1,1,0,0.0146484375,0.022644043,25.016113,61,186,1,0,255,2,0,1782507957.70988,32
25.019531,25.01107,0.3144868,0.56954825,0.7693176,1,1,0,0.012573242,0.022766113,25.019531,61,186,1,0,255,2,0,1782507957.70988,32
25.02637,25.0184,0.26265398,0.5742852,0.7846985,1,1,0,0.010498047,0.022949219,25.026367,61,186,1,0,255,2,0,1782507957.70988,32
25.025146,25.01761,0.20919754,0.57731116,0.65530396,1,1,0,0.008361816,0.023071289,25.025146,61,186,1,0,255,2,0,1782507957.70988,32
25.025146,25.017885,0.15728004,0.5818922,0.70458984,1,1,0,0.006286621,0.023254395,25.025146,61,186,1,0,255,2,0,1782507957.70988,32
25.025146,25.018093,0.10383545,0.58494616,0.7816162,1,1,0,0.0041503906,0.023376465,25.025146,61,186,1,0,255,2,0,1782507957.70988,32
25.031738,25.024738,0.051931296,0.58968246,0.8565979,1,1,0,0.0020751953,0.02355957,25.031738,61,186,1,0,255,2,0,1782507957.70988,32
25.023926,25.016909,-0.0,0.59255224,0.78778076,1,1,0,-0.0,0.02368164,25.023926,61,186,1,0,255,2,0,1782507957.70988,32
25.032715,25.019457,0.274883,0.76687354,0.614624,1,1,0,0.010986328,0.030639648,25.032715,24,187,0,0,255,2,0,1782507957.8107774,33
25.03003,25.017706,0.1694951,0.7667913,0.70999146,1,2,0,0.0067749023,0.030639648,25.03003,24,187,0,0,255,2,0,1782507957.8107774,33
25.032227,25.0202,0.11758848,0.7668586,0.6779175,1,2,0,0.004699707,0.030639648,25.032227,24,187,0,0,255,2,0,1782507957.8107774,33
25.027098,25.015316,0.06412632,0.76517475,0.70391846,1,2,0,0.0025634766,0.030578613,25.0271,24,187,0,0,255,2,0,1782507957.8107774,33
25.031248,25.019543,0.0122165745,0.76530164,0.45251465,1,2,0,0.00048828125,0.030578613,25.03125,24,187,0,0,255,2,0,1782507957.8107774,33
25.035156,25.028412,0.21998195,0.5378233,0.8781738,1,1,0,0.0087890625,0.021484375,25.035156,26,187,0,0,255,2,0,1782507957.8107774,33
25.032715,25.026373,0.16802627,0.53777087,0.70217896,1,1,0,0.006713867,0.021484375,25.032715,26,187,0,0,255,2,0,1782507957.8107774,33
25.02295,25.010338,0.36791542,0.703983,0.6593933,1,1,0,0.014709473,0.028137207,25.02295,27,187,1,0,255,2,0,1782507957.8107774,33
25.027344,25.01606,0.2626294,0.7041066,0.829895,1,1,0,0.010498047,0.028137207,25.027344,27,187,1,0,255,2,0,1782507957.8107774,33
25.025146,25.014397,0.21069753,0.70251805,0.78778076,1,1,0,0.008422852,0.028076172,25.025146,27,187,1,0,255,2,0,1782507957.8107774,33
25.015871,25.005789,0.10531064,0.7022576,0.83117676,1,1,0,0.004211426,0.028076172,25.01587,27,187,1,0,255,2,0,1782507957.8107774,33
25.023682,25.013762,0.05343524,0.7024769,0.91122437,1,1,0,0.0021362305,0.028076172,25.023682,27,187,1,0,255,2,0,1782507957.8107774,33
25.032959,25.023094,-0.0,0.70273733,0.8340149,1,1,0,-0.0,0.028076172,25.032959,27,187,1,0,255,2,0,1782507957.8107774,33
25.021729,25.01531,0.3160672,0.4703515,0.70458984,1,1,0,0.012634277,0.018798828,25.021729,29,187,1,0,255,2,0,1782507957.8107774,33
25.023926,25.01811,0.2641781,0.4703928,0.7579956,1,1,0,0.010559082,0.018798828,25.023926,29,187,1,0,255,2,0,1782507957.8107774,33
25.021484,25.01656,0.15879865,0.4703469,0.8640137,1,1,0,0.0063476562,0.018798828,25.021484,29,187,1,0,255,2,0,1782507957.8107774,33
25.021484,25.016834,0.1068841,0.4703469,1.0487366,1,1,0,0.004272461,0.018798828,25.021484,29,187,1,0,255,2,0,1782507957.8107774,33
25.029543,25.025063,0.053459384,0.47049835,0.74053955,1,1,0,0.0021362305,0.018798828,25.029541,29,187,1,0,255,2,0,1782507957.8107774,33
25.021484,25.017092,0.0015269221,0.46881995,0.91534424,1,1,0,6.1035156e-05,0.018737793,25.021484,29,187,1,0,255,2,0,1782507957.8107774,33
25.033203,25.030188,0.114579916,0.3712674,0.8122864,1,1,0,0.0045776367,0.014831543,25.033203,60,187,0,0,255,2,0,1782507957.8107774,33
25.031982,25.02911,0.06110635,0.37430465,1.2778015,1,1,0,0.0024414062,0.014953613,25.031982,60,187,0,0,255,2,0,1782507957.8107774,33
25.017334,25.00884,0.31445876,0.57102484,0.67684937,1,1,0,0.012573242,0.022827148,25.017334,61,187,1,0,255,2,0,1782507957.8107774,33
25.026365,25.018795,0.20920745,0.57886636,0.6501465,1,1,0,0.008361816,0.023132324,25.026367,61,187,1,0,255,2,0,1782507957.8107774,33
25.012451,25.005365,0.103782624,0.5861757,0.7470398,1,1,0,0.0041503906,0.0234375,25.012451,61,187,1,0,255,2,0,1782507957.8107774,33
25.013672,25.006641,0.05189374,0.5907831,0.7449951,1,1,0,0.0020751953,0.023620605,25.013672,61,187,1,0,255,2,0,1782507957.8107774,33
25.018555,25.005846,0.2197836,0.7664398,0.4005127,1,3,0,0.0087890625,0.030639648,25.018555,24,188,0,0,255,2,0,1782507957.9109266,34
25.035154,25.022886,0.16800287,0.7654211,0.31799316,1,2,0,0.006713867,0.030578613,25.035156,24,188,0,0,255,2,0,1782507957.9109266,34
25.045408,25.033438,0.114594795,0.76573455,0.3735962,1,2,0,0.0045776367,0.030578613,25.04541,24,188,0,0,255,2,0,1782507957.9109266,34
25.02075,25.008976,0.062583625,0.7649807,0.31277466,1,2,0,0.0025024414,0.030578613,25.020752,24,188,0,0,255,2,0,1782507957.9109266,34
25.027102,25.019197,0.3237528,0.5391774,0.7897339,1,1,0,0.012939453,0.02154541,25.0271,26,188,0,0,255,2,0,1782507957.9109266,34
25.031494,25.025131,0.16649045,0.53927207,0.7680664,1,1,0,0.006652832,0.02154541,25.031494,26,188,0,0,255,2,0,1782507957.9109266,34
25.031738,25.025665,0.11455921,0.5392773,0.82180786,1,1,0,0.0045776367,0.02154541,25.031738,26,188,0,0,255,2,0,1782507957.9109266,34
25.035156,25.023268,0.31464016,0.70432645,0.90179443,1,1,0,0.012573242,0.028137207,25.035156,27,188,1,0,255,2,0,1782507957.9109266,34
25.026365,25.015097,0.26109236,0.70407915,0.75491333,1,1,0,0.010437012,0.028137207,25.026367,27,188,1,0,255,2,0,1782507957.9109266,34
25.029541,25.01946,0.103841126,0.70264137,0.7846985,1,1,0,0.0041503906,0.028076172,25.029541,27,188,1,0,255,2,0,1782507957.9109266,34
25.022951,25.013035,0.051907007,0.70245636,0.80114746,1,1,0,0.0020751953,0.028076172,25.02295,27,188,1,0,255,2,0,1782507957.9109266,34
25.029543,25.02374,0.26271006,0.47049835,0.8586731,1,1,0,0.010498047,0.018798828,25.029541,29,188,1,0,255,2,0,1782507957.9109266,34
25.020264,25.015621,0.10535205,0.47032395,0.8865967,1,1,0,0.004211426,0.018798828,25.020264,29,188,1,0,255,2,0,1782507957.9109266,34
25.013672,25.009195,0.053425487,0.47020003,0.7716675,1,1,0,0.0021362305,0.018798828,25.013672,29,188,1,0,255,2,0,1782507957.9109266,34
25.021484,25.017063,-0.0,0.4703469,0.92559814,1,1,0,-0.0,0.018798828,25.021484,29,188,1,0,255,2,0,1782507957.9109266,34
25.035156,25.032148,0.11306101,0.37129638,0.83480835,1,1,0,0.0045166016,0.014831543,25.035156,60,188,0,0,255,2,0,1782507957.9109266,34
25.031248,25.02838,0.059576944,0.37429368,0.72906494,1,1,0,0.002380371,0.014953613,25.03125,60,188,0,0,255,2,0,1782507957.9109266,34
25.021484,25.018616,0.007635076,0.3787287,0.8564148,1,1,0,0.00030517578,0.015136719,25.021484,60,188,0,0,255,2,0,1782507957.9109266,34
25.031738,25.022625,0.36504102,0.56829876,0.7970276,1,1,0,0.014587402,0.022705078,25.031738,61,188,1,0,255,2,0,1782507957.9109266,34
25.027344,25.018864,0.31305754,0.5712533,0.8977051,1,1,0,0.012512207,0.022827148,25.027344,61,188,1,0,255,2,0,1782507957.9109266,34
25.026365,25.018394,0.2595996,0.5758123,0.8586731,1,1,0,0.010375977,0.023010254,25.026367,61,188,1,0,255,2,0,1782507957.9109266,34
25.025146,25.017588,0.2076703,0.57883817,0.7569885,1,1,0,0.008300781,0.023132324,25.025146,61,188,1,0,255,2,0,1782507957.9109266,34
25.01831,25.01123,0.102280386,0.58631295,0.6101074,1,1,0,0.0040893555,0.0234375,25.01831,61,188,1,0,255,2,0,1782507957.9109266,34
25.025146,25.018114,0.050390556,0.59105414,0.6522217,1,1,0,0.0020141602,0.023620605,25.025146,61,188,1,0,255,2,0,1782507957.9109266,34
25.026121,25.014153,0.11603327,0.7651449,0.29452515,1,2,0,0.004638672,0.030578613,25.026123,24,189,0,0,255,2,0,1782507958.0100322,35
25.025145,25.013365,0.06412131,0.765115,0.30496216,1,2,0,0.0025634766,0.030578613,25.025146,24,189,0,0,255,2,0,1782507958.0100322,35
25.033203,25.02595,0.27189907,0.53778136,0.96310425,1,1,0,0.010864258,0.021484375,25.033203,26,189,0,0,255,2,0,1782507958.0100322,35
25.031006,25.025227,0.009164512,0.53773415,0.72299194,1,1,0,0.00036621094,0.021484375,25.031006,26,189,0,0,255,2,0,1782507958.0100322,35
25.025146,25.013306,0.31451494,0.70251805,0.7456665,1,1,0,0.012573242,0.028076172,25.025146,27,189,1,0,255,2,0,1782507958.0100322,35
25.023926,25.01401,0.05190903,0.7024838,0.7107544,1,1,0,0.0020751953,0.028076172,25.023926,27,189,1,0,255,2,0,1782507958.0100322,35
25.026367,25.019283,0.36499226,0.4704387,0.7713623,1,1,0,0.014587402,0.018798828,25.026367,29,189,1,0,255,2,0,1782507958.0100322,35
25.015139,25.00876,0.3129311,0.47022757,0.6265259,1,1,0,0.012512207,0.018798828,25.015137,29,189,1,0,255,2,0,1782507958.0100322,35
25.031738,25.025969,0.25967818,0.47053966,0.77545166,1,1,0,0.010375977,0.018798828,25.031738,29,189,1,0,255,2,0,1782507958.0100322,35
25.026367,25.021084,0.20769933,0.4704387,0.72821045,1,1,0,0.008300781,0.018798828,25.026367,29,189,1,0,255,2,0,1782507958.0100322,35
25.025148,25.02024,0.15576768,0.47041574,0.695343,1,1,0,0.006225586,0.018798828,25.025146,29,189,1,0,255,2,0,1782507958.0100322,35
25.03174,25.027107,0.10234531,0.47053966,0.8340149,1,1,0,0.0040893555,0.018798828,25.031738,29,189,1,0,255,2,0,1782507958.0100322,35
25.025146,25.020674,0.050395712,0.47041574,0.70358276,1,1,0,0.0020141602,0.018798828,25.025146,29,189,1,0,255,2,0,1782507958.0100322,35
25.028564,25.024172,-0.0015273542,0.4689526,0.8586731,1,1,0,-6.1035156e-05,0.018737793,25.028564,29,189,1,0,255,2,0,1782507958.0100322,35
25.030031,25.026747,0.1665012,0.3696928,0.6805115,1,1,0,0.006652832,0.014770508,25.03003,60,189,0,0,255,2,0,1782507958.0100322,35
25.019775,25.016739,0.11451835,0.3725952,0.8390808,1,1,0,0.0045776367,0.014892578,25.019775,60,189,0,0,255,2,0,1782507958.0100322,35
25.02905,25.026133,0.06109908,0.3773158,0.8105469,1,1,0,0.0024414062,0.015075684,25.029053,60,189,0,0,255,2,0,1782507958.0100322,35
25.032469,25.029577,0.009166106,0.38042268,0.7680664,1,1,0,0.00036621094,0.015197754,25.03247,60,189,0,0,255,2,0,1782507958.0100322,35
25.034422,25.02525,0.36660704,0.5698873,0.719635,1,1,0,0.0146484375,0.022766113,25.034424,61,189,1,0,255,2,0,1782507958.0100322,35
25.020752,25.012186,0.31450084,0.57415634,0.6645508,1,1,0,0.012573242,0.022949219,25.020752,61,189,1,0,255,2,0,1782507958.0100322,35
25.03003,25.022005,0.26116446,0.5774238,0.630188,1,1,0,0.010437012,0.023071289,25.03003,61,189,1,0,255,2,0,1782507958.0100322,35
25.026367,25.018726,0.20920686,0.58192056,0.8340149,1,1,0,0.008361816,0.023254395,25.026367,61,189,1,0,255,2,0,1782507958.0100322,35
25.023922,25.016592,0.15727192,0.58491766,0.67684937,1,1,0,0.006286621,0.023376465,25.023926,61,189,1,0,255,2,0,1782507958.0100322,35
25.030762,25.0236,0.10385831,0.58965945,0.94802856,1,1,0,0.0041503906,0.02355957,25.030762,61,189,1,0,255,2,0,1782507958.0100322,35
25.023926,25.016855,0.051914938,0.59255224,0.65631104,1,1,0,0.0020751953,0.02368164,25.023926,61,189,1,0,255,2,0,1782507958.0100322,35
25.035154,25.028063,-0.0,0.59587336,1.2232971,1,1,0,-0.0,0.023803711,25.035156,61,189,1,0,255,2,0,1782507958.0100322,35
25.032225,25.01951,0.21990372,0.7668586,0.70651245,1,1,0,0.0087890625,0.030639648,25.032227,24,190,0,0,255,2,0,1782507958.1098752,36
25.031982,25.01968,0.16645418,0.7668511,0.6285095,1,2,0,0.006652832,0.030639648,25.031982,24,190,0,0,255,2,0,1782507958.1098752,36
25.027098,25.015089,0.1145108,0.7667015,0.69869995,1,2,0,0.0045776367,0.030639648,25.0271,24,190,0,0,255,2,0,1782507958.1098752,36
25.02905,25.021109,0.32683238,0.5392195,0.7420654,1,1,0,0.013061523,0.02154541,25.029053,26,190,0,0,255,2,0,1782507958.1098752,36
25.022219,25.0149,0.27483296,0.5390722,0.82873535,1,1,0,0.010986328,0.02154541,25.022217,26,190,0,0,255,2,0,1782507958.1098752,36
25.03003,25.02324,0.2214639,0.53924054,0.7767334,1,1,0,0.008850098,0.02154541,25.03003,26,190,0,0,255,2,0,1782507958.1098752,36
25.019531,25.01315,0.16946425,0.53901434,0.7489929,1,1,0,0.0067749023,0.02154541,25.019531,26,190,0,0,255,2,0,1782507958.1098752,36
25.0271,25.021048,0.11759246,0.5376502,0.6189575,1,1,0,0.004699707,0.021484375,25.0271,26,190,0,0,255,2,0,1782507958.1098752,36
25.032469,25.02669,0.012220064,0.5377656,0.83654785,1,1,0,0.00048828125,0.021484375,25.03247,26,190,0,0,255,2,0,1782507958.1098752,36
25.023926,25.012005,0.3175523,0.7040105,0.7744446,1,1,0,0.0126953125,0.028137207,25.023926,27,190,1,0,255,2,0,1782507958.1098752,36
25.023926,25.01312,0.21221358,0.7040105,0.7816162,1,1,0,0.008483887,0.028137207,25.023926,27,190,1,0,255,2,0,1782507958.1098752,36
25.026367,25.01599,0.16032197,0.70255226,0.7477417,1,1,0,0.0064086914,0.028076172,25.026367,27,190,1,0,255,2,0,1782507958.1098752,36
25.019531,25.009611,0.05495284,0.7023604,0.6717224,1,1,0,0.0021972656,0.028076172,25.019531,27,190,1,0,255,2,0,1782507958.1098752,36
25.031738,25.021873,0.001527214,0.70270306,0.9685669,1,1,0,6.1035156e-05,0.028076172,25.031738,27,190,1,0,255,2,0,1782507958.1098752,36
25.027344,25.022047,0.20923464,0.47045705,0.76416016,1,1,0,0.008361816,0.018798828,25.027344,29,190,1,0,255,2,0,1782507958.1098752,36
25.027344,25.02287,0.051927418,0.47045705,0.6850891,1,1,0,0.0020751953,0.018798828,25.027344,29,190,1,0,255,2,0,1782507958.1098752,36
25.025146,25.020725,-0.0,0.47041574,0.7374573,1,1,0,-0.0,0.018798828,25.025146,29,190,1,0,255,2,0,1782507958.1098752,36
25.031494,25.028242,0.16498347,0.3681868,0.7862549,1,1,0,0.006591797,0.014709473,25.031494,60,190,0,0,255,2,0,1782507958.1098752,36
25.032715,25.029707,0.113049984,0.37126017,0.7585144,1,1,0,0.0045166016,0.014831543,25.032715,60,190,0,0,255,2,0,1782507958.1098752,36
25.029053,25.026157,0.06109914,0.3757883,0.7914734,1,1,0,0.0024414062,0.015014648,25.029053,60,190,0,0,255,2,0,1782507958.1098752,36
25.02124,25.018372,0.0076350016,0.378725,0.80966187,1,1,0,0.00030517578,0.015136719,25.02124,60,190,0,0,255,2,0,1782507958.1098752,36
25.030762,25.021626,0.36655396,0.5682766,1.2130127,1,1,0,0.0146484375,0.022705078,25.030762,61,190,1,0,255,2,0,1782507958.1098752,36
25.016111,25.007603,0.3129166,0.5725234,0.6213989,1,1,0,0.012512207,0.022888184,25.016113,61,190,1,0,255,2,0,1782507958.1098752,36
25.026363,25.018377,0.2611266,0.5758123,0.7005005,1,1,0,0.010437012,0.023010254,25.026367,61,190,1,0,255,2,0,1782507958.1098752,36
25.020752,25.01316,0.20763355,0.58026326,0.65631104,1,1,0,0.008300781,0.02319336,25.020752,61,190,1,0,255,2,0,1782507958.1098752,36
25.02295,25.015663,0.15573917,0.58336794,0.70666504,1,1,0,0.006225586,0.02331543,25.02295,61,190,1,0,255,2,0,1782507958.1098752,36
25.028564,25.021439,0.10384934,0.58808047,0.8833008,1,1,0,0.0041503906,0.023498535,25.028564,61,190,1,0,255,2,0,1782507958.1098752,36
25.034668,25.027634,0.05040973,0.59127903,0.8093567,1,1,0,0.0020141602,0.023620605,25.034668,61,190,1,0,255,2,0,1782507958.1098752,36
25.034668,25.027576,-0.001527562,0.59586173,0.85043335,1,1,0,-6.1035156e-05,0.023803711,25.034668,61,190,1,0,255,2,0,1782507958.1098752,36
25.028076,25.014235,0.32368857,0.76673144,0.68310547,1,2,0,0.012939453,0.030639648,25.028076,24,191,0,0,255,2,0,1782507958.210768,37
25.026123,25.013823,0.16641521,0.7666716,0.4005127,1,2,0,0.006652832,0.030639648,25.026123,24,191,0,0,255,2,0,1782507958.210768,37
25.029053,25.017042,0.11451974,0.76676136,0.37277222,1,2,0,0.0045776367,0.030639648,25.029053,24,191,0,0,255,2,0,1782507958.210768,37
25.032227,25.024355,0.32381952,0.5377604,1.0229187,1,1,0,0.012939453,0.021484375,25.032227,26,191,0,0,255,2,0,1782507958.210768,37
25.027102,25.019848,0.2718328,0.5376502,0.7455139,1,1,0,0.010864258,0.021484375,25.0271,26,191,0,0,255,2,0,1782507958.210768,37
25.02246,25.011238,0.26105207,0.70244265,0.8701782,1,1,0,0.010437012,0.028076172,25.02246,27,191,1,0,255,2,0,1782507958.210768,37
25.014647,25.003914,0.209083,0.7022233,0.907135,1,1,0,0.008361816,0.028076172,25.014648,27,191,1,0,255,2,0,1782507958.210768,37
25.020752,25.010397,0.15723296,0.70239466,0.67684937,1,1,0,0.006286621,0.028076172,25.020752,27,191,1,0,255,2,0,1782507958.210768,37
25.025146,25.01523,0.051911563,0.70251805,0.6974182,1,1,0,0.0020751953,0.028076172,25.025146,27,191,1,0,255,2,0,1782507958.210768,37
25.008059,25.002777,0.20754737,0.4700945,0.8742981,1,1,0,0.008300781,0.018798828,25.008057,29,191,1,0,255,2,0,1782507958.210768,37
25.012451,25.007547,0.15568864,0.47017708,0.7798767,1,1,0,0.006225586,0.018798828,25.012451,29,191,1,0,255,2,0,1782507958.210768,37
25.030766,25.026133,0.102341324,0.4705213,0.76416016,1,1,0,0.0040893555,0.018798828,25.030762,29,191,1,0,255,2,0,1782507958.210768,37
25.026367,25.021894,0.05039817,0.4704387,0.7312927,1,1,0,0.0020141602,0.018798828,25.026367,29,191,1,0,255,2,0,1782507958.210768,37
25.016846,25.012426,-0.0015266374,0.4702597,0.732666,1,1,0,-6.1035156e-05,0.018798828,25.016846,29,191,1,0,255,2,0,1782507958.210768,37
25.02124,25.017937,0.16949667,0.36956298,0.68743896,1,1,0,0.0067749023,0.014770508,25.02124,60,191,0,0,255,2,0,1782507958.210768,37
25.031008,25.027962,0.11609733,0.37276244,0.7715454,1,1,0,0.004638672,0.014892578,25.031006,60,191,0,0,255,2,0,1782507958.210768,37
25.030027,25.027134,0.012220281,0.38038558,0.84002686,1,1,0,0.00048828125,0.015197754,25.03003,60,191,0,0,255,2,0,1782507958.210768,37
25.029541,25.020933,0.31766564,0.574358,0.86276245,1,1,0,0.0126953125,0.022949219,25.029541,61,191,1,0,255,2,0,1782507958.210768,37
25.026367,25.018702,0.21226093,0.58192056,0.7446594,1,1,0,0.008483887,0.023254395,25.026367,61,191,1,0,255,2,0,1782507958.210768,37
25.030762,25.023586,0.10691295,0.58965945,0.8812561,1,1,0,0.004272461,0.02355957,25.030762,61,191,1,0,255,2,0,1782507958.210768,37
25.015871,25.008797,0.054951053,0.59236145,0.8045044,1,1,0,0.0021972656,0.02368164,25.01587,61,191,1,0,255,2,0,1782507958.210768,37
25.01367,25.006548,0.0015262786,0.59688824,0.8373413,1,1,0,6.1035156e-05,0.023864746,25.013672,61,191,1,0,255,2,0,1782507958.210768,37
25.031248,25.017426,0.32220268,0.7668287,0.7940674,1,2,0,0.012878418,0.030639648,25.03125,24,192,0,0,255,2,0,1782507958.310173,38
25.031982,25.01879,0.26876685,0.7668511,0.7663269,1,2,0,0.0107421875,0.030639648,25.031982,24,192,0,0,255,2,0,1782507958.310173,38
25.032225,25.019583,0.21684995,0.7653315,0.47592163,1,2,0,0.008666992,0.030578613,25.032227,24,192,0,0,255,2,0,1782507958.310173,38
25.031248,25.019012,0.16339554,0.76530164,0.45251465,1,2,0,0.0065307617,0.030578613,25.03125,24,192,0,0,255,2,0,1782507958.310173,38
25.031979,25.02003,0.11147914,0.76532406,0.46292114,1,2,0,0.0044555664,0.030578613,25.031982,24,192,0,0,255,2,0,1782507958.310173,38
25.031246,25.019474,0.059555747,0.76530164,0.34155273,1,2,0,0.002380371,0.030578613,25.03125,24,192,0,0,255,2,0,1782507958.310173,38
25.026121,25.014421,0.0061070365,0.7651449,0.3814392,1,2,0,0.00024414062,0.030578613,25.026123,24,192,0,0,255,2,0,1782507958.310173,38
25.034182,25.026295,0.3223169,0.53932995,0.97351074,1,1,0,0.012878418,0.02154541,25.03418,26,192,0,0,255,2,0,1782507958.310173,38
25.0271,25.020351,0.21685661,0.5391774,0.84695435,1,1,0,0.008666992,0.02154541,25.0271,26,192,0,0,255,2,0,1782507958.310173,38
25.019775,25.013746,0.11297789,0.5374929,1.2608032,1,1,0,0.0045166016,0.021484375,25.019775,26,192,0,0,255,2,0,1782507958.310173,38
25.031492,25.025644,0.059570435,0.53774464,0.7914734,1,1,0,0.002380371,0.021484375,25.031494,26,192,0,0,255,2,0,1782507958.310173,38
25.029541,25.01833,0.2595989,0.70264137,0.82373047,1,1,0,0.010375977,0.028076172,25.029541,27,192,1,0,255,2,0,1782507958.310173,38
25.013674,25.003607,0.102249205,0.7021959,0.69470215,1,1,0,0.0040893555,0.028076172,25.013672,27,192,1,0,255,2,0,1782507958.310173,38
25.024168,25.014256,0.050382785,0.7024906,1.1349182,1,1,0,0.0020141602,0.028076172,25.02417,27,192,1,0,255,2,0,1782507958.310173,38
25.02295,25.01657,0.3130288,0.47037444,0.73028564,1,1,0,0.012512207,0.018798828,25.02295,29,192,1,0,255,2,0,1782507958.310173,38
25.023926,25.018158,0.25959712,0.4703928,0.75491333,1,1,0,0.010375977,0.018798828,25.023926,29,192,1,0,255,2,0,1782507958.310173,38
25.019531,25.014627,0.15573272,0.47031018,0.67276,1,1,0,0.006225586,0.018798828,25.019531,29,192,1,0,255,2,0,1782507958.310173,38
25.008059,25.003431,0.10224849,0.4700945,0.6218567,1,1,0,0.0040893555,0.018798828,25.008057,29,192,1,0,255,2,0,1782507958.310173,38
25.020264,25.01579,0.050385877,0.47032395,0.83529663,1,1,0,0.0020141602,0.018798828,25.020264,29,192,1,0,255,2,0,1782507958.310173,38
25.025146,25.020725,-0.0015271439,0.47041574,0.74053955,1,1,0,-6.1035156e-05,0.018798828,25.025146,29,192,1,0,255,2,0,1782507958.310173,38
25.032715,25.029715,0.11610546,0.36973247,0.7619934,1,1,0,0.004638672,0.014770508,25.032715,60,192,0,0,255,2,0,1782507958.310173,38
25.020506,25.017628,0.06413224,0.37413305,0.94039917,1,1,0,0.0025634766,0.014953613,25.020508,60,192,0,0,255,2,0,1782507958.310173,38
25.017332,25.014486,0.010687343,0.37713912,0.8581543,1,1,0,0.0004272461,0.015075684,25.017334,60,192,0,0,255,2,0,1782507958.310173,38
25.01953,25.011015,0.31601292,0.57107496,0.6029053,1,1,0,0.012634277,0.022827148,25.019531,61,192,1,0,255,2,0,1782507958.310173,38
25.026367,25.018383,0.26418096,0.5742852,0.68917847,1,1,0,0.010559082,0.022949219,25.026367,61,192,1,0,255,2,0,1782507958.310173,38
25.025146,25.017563,0.21072419,0.57883817,0.7816162,1,1,0,0.008422852,0.023132324,25.025146,61,192,1,0,255,2,0,1782507958.310173,38
25.023926,25.016657,0.15879926,0.5818638,0.6830139,1,1,0,0.0063476562,0.023254395,25.023926,61,192,1,0,255,2,0,1782507958.310173,38
25.02246,25.01536,0.1068778,0.5864102,0.9378967,1,1,0,0.004272461,0.0234375,25.02246,61,192,1,0,255,2,0,1782507958.310173,38
25.031738,25.024734,0.053458683,0.58968246,0.885376,1,1,0,0.0021362305,0.02355957,25.031738,61,192,1,0,255,2,0,1782507958.310173,38
25.01831,25.01126,0.0015265661,0.5939458,0.7456665,1,1,0,6.1035156e-05,0.023742676,25.01831,61,192,1,0,255,2,0,1782507958.310173,38
25.027098,25.014444,0.2183323,0.76517475,0.638031,1,2,0,0.008728027,0.030578613,25.0271,24,193,0,0,255,2,0,1782507958.4100747,39
25.028074,25.015821,0.16642852,0.7652046,0.635437,1,2,0,0.006652832,0.030578613,25.028076,24,193,0,0,255,2,0,1782507958.4100747,39
25.031248,25.01929,0.11300294,0.76530164,0.6311035,1,2,0,0.0045166016,0.030578613,25.03125,24,193,0,0,255,2,0,1782507958.4100747,39
25.01953,25.00776,0.061054222,0.76494336,0.6449585,1,2,0,0.0024414062,0.030578613,25.019531,24,193,0,0,255,2,0,1782507958.4100747,39
25.021238,25.00954,0.007632307,0.76499563,0.4005127,1,2,0,0.00030517578,0.030578613,25.02124,24,193,0,0,255,2,0,1782507958.4100747,39
25.026125,25.018253,0.32374057,0.53762925,0.84002686,1,1,0,0.012939453,0.021484375,25.026123,26,193,0,0,255,2,0,1782507958.4100747,39
25.03125,25.023996,0.27187786,0.5377394,0.7914734,1,1,0,0.010864258,0.021484375,25.03125,26,193,0,0,255,2,0,1782507958.4100747,39
25.031982,25.025251,0.21842663,0.53775513,0.85736084,1,1,0,0.008728027,0.021484375,25.031982,26,193,0,0,255,2,0,1782507958.4100747,39
25.022459,25.01643,0.112990014,0.53755057,1.0703125,1,1,0,0.0045166016,0.021484375,25.02246,26,193,0,0,255,2,0,1782507958.4100747,39
25.021484,25.015635,0.06107345,0.5375296,0.8356323,1,1,0,0.0024414062,0.021484375,25.021484,26,193,0,0,255,2,0,1782507958.4100747,39
25.03296,25.021116,0.31461313,0.70273733,0.8319702,1,1,0,0.012573242,0.028076172,25.032959,27,193,1,0,255,2,0,1782507958.4100747,39
25.027344,25.017265,0.103832014,0.7025797,0.8977051,1,1,0,0.0041503906,0.028076172,25.027344,27,193,1,0,255,2,0,1782507958.4100747,39
25.032957,25.025822,0.3666154,0.4720902,0.7949829,1,1,0,0.0146484375,0.018859863,25.032959,29,193,1,0,255,2,0,1782507958.4100747,39
25.025145,25.018717,0.31458297,0.47194287,0.7251282,1,1,0,0.012573242,0.018859863,25.025146,29,193,1,0,255,2,0,1782507958.4100747,39
25.019289,25.013506,0.26107574,0.4703056,0.83325195,1,1,0,0.010437012,0.018798828,25.019287,29,193,1,0,255,2,0,1782507958.4100747,39
25.019531,25.014236,0.20916933,0.47031018,0.6593933,1,1,0,0.008361816,0.018798828,25.019531,29,193,1,0,255,2,0,1782507958.4100747,39
25.021482,25.016567,0.15727176,0.4703469,0.80041504,1,1,0,0.006286621,0.018798828,25.021484,29,193,1,0,255,2,0,1782507958.4100747,39
25.018312,25.013838,0.051908676,0.47028723,0.65426636,1,1,0,0.0020751953,0.018798828,25.01831,29,193,1,0,255,2,0,1782507958.4100747,39
25.030762,25.02634,-0.0015274866,0.4705213,0.7713623,1,1,0,-6.1035156e-05,0.018798828,25.030762,29,193,1,0,255,2,0,1782507958.4100747,39
25.0271,25.023806,0.16800904,0.36964953,0.68136597,1,1,0,0.006713867,0.014770508,25.0271,60,193,0,0,255,2,0,1782507958.4100747,39
25.028074,25.025152,0.06262411,0.37730107,0.6926575,1,1,0,0.0025024414,0.015075684,25.028076,60,193,0,0,255,2,0,1782507958.4100747,39
25.026121,25.023228,0.010691078,0.3803262,0.71606445,1,1,0,0.0004272461,0.015197754,25.026123,60,193,0,0,255,2,0,1782507958.4100747,39
25.016846,25.008282,0.31445172,0.5740667,0.73986816,1,1,0,0.012573242,0.022949219,25.016846,61,193,1,0,255,2,0,1782507958.4100747,39
25.022951,25.015333,0.21070541,0.5803142,0.67892456,1,1,0,0.008422852,0.02319336,25.02295,61,193,1,0,255,2,0,1782507958.4100747,39
25.020262,25.012932,0.1572489,0.5848321,0.9450989,1,1,0,0.006286621,0.023376465,25.020264,61,193,1,0,255,2,0,1782507958.4100747,39
25.01587,25.008705,0.10532292,0.5893086,0.7572937,1,1,0,0.004211426,0.02355957,25.01587,61,193,1,0,255,2,0,1782507958.4100747,39
25.014648,25.007578,0.05342203,0.59233254,0.78604126,1,1,0,0.0021362305,0.02368164,25.014648,61,193,1,0,255,2,0,1782507958.4100747,39
25.016846,25.009758,-0.0,0.5954375,0.76345825,1,1,0,-0.0,0.023803711,25.016846,61,193,1,0,255,2,0,1782507958.4100747,39
25.03247,25.019262,0.27029917,0.7668661,0.7940674,1,2,0,0.010803223,0.030639648,25.03247,24,194,0,0,255,2,0,1782507958.510087,40
25.026121,25.013832,0.16488849,0.7666716,0.6770325,1,2,0,0.006591797,0.030639648,25.026123,24,194,0,0,255,2,0,1782507958.510087,40
25.026121,25.01412,0.11297958,0.7666716,0.6285095,1,2,0,0.0045166016,0.030639648,25.026123,24,194,0,0,255,2,0,1782507958.510087,40
25.02417,25.01235,0.06106543,0.7666118,0.45077515,1,2,0,0.0024414062,0.030639648,25.02417,24,194,0,0,255,2,0,1782507958.510087,40
25.031006,25.023113,0.32533103,0.53773415,0.7845459,1,1,0,0.013000488,0.021484375,25.031006,26,194,0,0,255,2,0,1782507958.510087,40
25.031982,25.025936,0.116087936,0.53775513,0.7767334,1,1,0,0.004638672,0.021484375,25.031982,26,194,0,0,255,2,0,1782507958.510087,40
25.032957,25.027178,0.010692766,0.5377761,0.7602539,1,1,0,0.0004272461,0.021484375,25.032959,26,194,0,0,255,2,0,1782507958.510087,40
25.023924,25.011356,0.36793038,0.7024838,0.67892456,1,1,0,0.014709473,0.028076172,25.023926,27,194,1,0,255,2,0,1782507958.510087,40
25.032959,25.021097,0.3161403,0.70273733,0.829895,1,1,0,0.012634277,0.028076172,25.032959,27,194,1,0,255,2,0,1782507958.510087,40
25.030764,25.019503,0.2641928,0.70267564,0.868927,1,1,0,0.010559082,0.028076172,25.030762,27,194,1,0,255,2,0,1782507958.510087,40
25.026367,25.015617,0.21070781,0.70255226,0.8545532,1,1,0,0.008422852,0.028076172,25.026367,27,194,1,0,255,2,0,1782507958.510087,40
25.019531,25.009167,0.15875171,0.7023604,0.6593933,1,1,0,0.0063476562,0.028076172,25.019531,27,194,1,0,255,2,0,1782507958.510087,40
25.031738,25.021645,0.10690465,0.70270306,0.8668823,1,1,0,0.004272461,0.028076172,25.031738,27,194,1,0,255,2,0,1782507958.510087,40
25.023926,25.014063,0.0015267372,0.7024838,0.8340149,1,1,0,6.1035156e-05,0.028076172,25.023926,27,194,1,0,255,2,0,1782507958.510087,40
25.032959,25.02585,0.36661583,0.4705626,0.9161682,1,1,0,0.0146484375,0.018798828,25.032959,29,194,1,0,255,2,0,1782507958.510087,40
25.019531,25.013134,0.31451276,0.47031018,0.7446594,1,1,0,0.012573242,0.018798828,25.019531,29,194,1,0,255,2,0,1782507958.510087,40
25.014648,25.008867,0.26102734,0.4702184,0.84350586,1,1,0,0.010437012,0.018798828,25.014648,29,194,1,0,255,2,0,1782507958.510087,40
25.01587,25.010574,0.2091387,0.47024134,0.7942505,1,1,0,0.008361816,0.018798828,25.01587,29,194,1,0,255,2,0,1782507958.510087,40
25.02075,25.015835,0.15726715,0.47033313,0.65322876,1,1,0,0.006286621,0.018798828,25.020752,29,194,1,0,255,2,0,1782507958.510087,40
25.02295,25.018312,0.10383636,0.47037444,0.807312,1,1,0,0.0041503906,0.018798828,25.02295,29,194,1,0,255,2,0,1782507958.510087,40
25.023926,25.019451,0.051920325,0.4703928,0.7713623,1,1,0,0.0020751953,0.018798828,25.023926,29,194,1,0,255,2,0,1782507958.510087,40
25.027344,25.022923,-0.0,0.47045705,0.8093567,1,1,0,-0.0,0.018798828,25.027344,29,194,1,0,255,2,0,1782507958.510087,40
25.028074,25.025068,0.11302903,0.37119138,0.70132446,1,1,0,0.0045166016,0.014831543,25.028076,60,194,0,0,255,2,0,1782507958.510087,40
25.032715,25.02984,0.06110813,0.3743156,0.84002686,1,1,0,0.0024414062,0.014953613,25.032715,60,194,0,0,255,2,0,1782507958.510087,40
25.031738,25.02887,0.009165847,0.3788839,0.7663269,1,1,0,0.00036621094,0.015136719,25.031738,60,194,0,0,255,2,0,1782507958.510087,40
25.026367,25.017889,0.31304532,0.571231,0.92233276,1,1,0,0.012512207,0.022827148,25.026367,61,194,1,0,255,2,0,1782507958.510087,40
25.023922,25.015936,0.26110113,0.5757561,0.7127991,1,1,0,0.010437012,0.023010254,25.023926,61,194,1,0,255,2,0,1782507958.510087,40
25.023926,25.016891,0.051915012,0.59102535,0.65838623,1,1,0,0.0020751953,0.023620605,25.023926,61,194,1,0,255,2,0,1782507958.510087,40
25.020264,25.01321,-0.0015266852,0.5939922,0.7922058,1,1,0,-6.1035156e-05,0.023742676,25.020264,61,194,1,0,255,2,0,1782507958.510087,40
25.032713,25.01885,0.3252756,0.76687354,0.68310547,1,2,0,0.013000488,0.030639648,25.032715,24,195,0,0,255,2,0,1782507958.6098826,41
25.031004,25.018738,0.16797501,0.7652942,0.45684814,1,2,0,0.006713867,0.030578613,25.031006,24,195,0,0,255,2,0,1782507958.6098826,41
25.031006,25.019033,0.11605591,0.7652942,0.39788818,1,2,0,0.004638672,0.030578613,25.031006,24,195,0,0,255,2,0,1782507958.6098826,41
25.031004,25.019224,0.06260928,0.7652942,0.42562866,1,2,0,0.0025024414,0.030578613,25.031006,24,195,0,0,255,2,0,1782507958.6098826,41
25.023926,25.011337,0.36640322,0.7040105,0.66967773,1,1,0,0.0146484375,0.028137207,25.023926,27,195,1,0,255,2,0,1782507958.6098826,41
25.026367,25.01514,0.2610928,0.70255226,0.79086304,1,1,0,0.010437012,0.028076172,25.026367,27,195,1,0,255,2,0,1782507958.6098826,41
25.027344,25.016605,0.20918913,0.7025797,0.86276245,1,1,0,0.008361816,0.028076172,25.027344,27,195,1,0,255,2,0,1782507958.6098826,41
25.02295,25.013037,0.05038033,0.70245636,0.67788696,1,1,0,0.0020141602,0.028076172,25.02295,27,195,1,0,255,2,0,1782507958.6098826,41
25.018066,25.008207,-0.0015263798,0.70231926,0.8475952,1,1,0,-6.1035156e-05,0.028076172,25.018066,27,195,1,0,255,2,0,1782507958.6098826,41
25.016846,25.01043,0.31600553,0.4702597,0.8168335,1,1,0,0.012634277,0.018798828,25.016846,29,195,1,0,255,2,0,1782507958.6098826,41
25.026367,25.021046,0.21228081,0.4704387,0.76828,1,1,0,0.008483887,0.018798828,25.026367,29,195,1,0,255,2,0,1782507958.6098826,41
25.015871,25.010946,0.15876302,0.47024134,0.7593689,1,1,0,0.0063476562,0.018798828,25.01587,29,195,1,0,255,2,0,1782507958.6098826,41
25.023926,25.019276,0.10689453,0.4703928,0.7425842,1,1,0,0.004272461,0.018798828,25.023926,29,195,1,0,255,2,0,1782507958.6098826,41
25.01587,25.011478,0.0015265795,0.46871474,0.90097046,1,1,0,6.1035156e-05,0.018737793,25.01587,29,195,1,0,255,2,0,1782507958.6098826,41
25.028078,25.024803,0.1649608,0.36966395,0.86343384,1,1,0,0.006591797,0.014770508,25.028076,60,195,0,0,255,2,0,1782507958.6098826,41
25.028074,25.025028,0.11150142,0.37424624,0.8044739,1,1,0,0.0044555664,0.014953613,25.028076,60,195,0,0,255,2,0,1782507958.6098826,41
25.016598,25.013685,0.059541967,0.3771281,1.0200806,1,1,0,0.002380371,0.015075684,25.016602,60,195,0,0,255,2,0,1782507958.6098826,41
25.02124,25.018326,0.0076349876,0.38177902,0.69869995,1,1,0,0.00030517578,0.015258789,25.02124,60,195,0,0,255,2,0,1782507958.6098826,41
25.025146,25.015965,0.36494386,0.5712031,0.7744446,1,1,0,0.014587402,0.022827148,25.025146,61,195,1,0,255,2,0,1782507958.6098826,41
25.02295,25.014402,0.3130017,0.57420677,0.7846985,1,1,0,0.012512207,0.022949219,25.02295,61,195,1,0,255,2,0,1782507958.6098826,41
25.029541,25.021534,0.25963217,0.57741255,0.69125366,1,1,0,0.010375977,0.023071289,25.029541,61,195,1,0,255,2,0,1782507958.6098826,41
25.02075,25.013124,0.20763326,0.58179003,0.7569885,1,1,0,0.008300781,0.023254395,25.020752,61,195,1,0,255,2,0,1782507958.6098826,41
25.030764,25.023413,0.15426005,0.5866048,0.7425842,1,1,0,0.006164551,0.0234375,25.030762,61,195,1,0,255,2,0,1782507958.6098826,41
25.021729,25.014576,0.102294065,0.58944666,0.69125366,1,1,0,0.0040893555,0.02355957,25.021729,61,195,1,0,255,2,0,1782507958.6098826,41
25.018066,25.011,0.05037623,0.5924135,0.87838745,1,1,0,0.0020141602,0.02368164,25.018066,61,195,1,0,255,2,0,1782507958.6098826,41
25.025145,25.018019,-0.0030539574,0.59716207,0.75491333,1,1,0,-0.00012207031,0.023864746,25.025146,61,195,1,0,255,2,0,1782507958.6098826,41
25.032227,25.018402,0.32221526,0.7668586,0.46984863,1,2,0,0.012878418,0.030639648,25.032227,24,196,0,0,255,2,0,1782507958.7100801,42
25.031248,25.01856,0.21684109,0.7668287,0.49414062,1,2,0,0.008666992,0.030639648,25.03125,24,196,0,0,255,2,0,1782507958.7100801,42
25.031982,25.019735,0.1649274,0.76532406,0.38357544,1,2,0,0.006591797,0.030578613,25.031982,24,196,0,0,255,2,0,1782507958.7100801,42
25.021236,25.009293,0.11143131,0.76499563,0.42999268,1,2,0,0.0044555664,0.030578613,25.02124,24,196,0,0,255,2,0,1782507958.7100801,42
25.028072,25.016302,0.059548195,0.7652046,0.3710327,1,2,0,0.002380371,0.030578613,25.028076,24,196,0,0,255,2,0,1782507958.7100801,42
25.032715,25.02483,0.32229805,0.53929836,1.1338806,1,1,0,0.012878418,0.02154541,25.032715,26,196,0,0,255,2,0,1782507958.7100801,42
25.031004,25.025156,0.059569273,0.53773415,0.7698059,1,1,0,0.002380371,0.021484375,25.031006,26,196,0,0,255,2,0,1782507958.7100801,42
25.031982,25.026203,0.007637392,0.53775513,1.0714722,1,1,0,0.00030517578,0.021484375,25.031982,26,196,0,0,255,2,0,1782507958.7100801,42
25.021484,25.011139,0.15571101,0.7024152,0.77679443,1,1,0,0.006225586,0.028076172,25.021484,27,196,1,0,255,2,0,1782507958.7100801,42
25.030764,25.020689,0.10231906,0.70267564,0.78778076,1,1,0,0.0040893555,0.028076172,25.030762,27,196,1,0,255,2,0,1782507958.7100801,42
25.015137,25.005226,0.0503646,0.702237,0.66555786,1,1,0,0.0020141602,0.028076172,25.015137,27,196,1,0,255,2,0,1782507958.7100801,42
25.021729,25.011868,-0.0015266032,0.7024221,0.829895,1,1,0,-6.1035156e-05,0.028076172,25.021729,27,196,1,0,255,2,0,1782507958.7100801,42
25.023928,25.016792,0.36648312,0.47191986,0.7395325,1,1,0,0.0146484375,0.018859863,25.023926,29,196,1,0,255,2,0,1782507958.7100801,42
25.035156,25.029858,0.20929995,0.4706039,1.0435486,1,1,0,0.008361816,0.018798828,25.035156,29,196,1,0,255,2,0,1782507958.7100801,42
25.030764,25.026287,0.05193451,0.4705213,0.8935852,1,1,0,0.0020751953,0.018798828,25.030762,29,196,1,0,255,2,0,1782507958.7100801,42
25.026367,25.021946,-0.0015272184,0.4704387,0.77853394,1,1,0,-6.1035156e-05,0.018798828,25.026367,29,196,1,0,255,2,0,1782507958.7100801,42
25.019775,25.016485,0.17101379,0.36801443,0.7655029,1,1,0,0.0068359375,0.014709473,25.019775,60,196,0,0,255,2,0,1782507958.7100801,42
25.03003,25.026978,0.117620334,0.3727479,0.73773193,1,1,0,0.004699707,0.014892578,25.03003,60,196,0,0,255,2,0,1782507958.7100801,42
25.031252,25.028343,0.06568733,0.3758213,0.97525024,1,1,0,0.0026245117,0.015014648,25.03125,60,196,0,0,255,2,0,1782507958.7100801,42
25.027098,25.024204,0.013746208,0.38034105,0.64151,1,1,0,0.0005493164,0.015197754,25.0271,60,196,0,0,255,2,0,1782507958.7100801,42
25.02417,25.01558,0.31912473,0.5727078,1.0466919,1,1,0,0.012756348,0.022888184,25.02417,61,196,1,0,255,2,0,1782507958.7100801,42
25.015871,25.007803,0.2655958,0.5770971,0.68341064,1,1,0,0.010620117,0.023071289,25.01587,61,196,1,0,255,2,0,1782507958.7100801,42
25.026367,25.018723,0.21378823,0.5803935,0.72720337,1,1,0,0.008544922,0.02319336,25.026367,61,196,1,0,255,2,0,1782507958.7100801,42
25.021482,25.014133,0.16031007,0.58486056,0.8599243,1,1,0,0.0064086914,0.023376465,25.021484,61,196,1,0,255,2,0,1782507958.7100801,42
25.015867,25.008728,0.10837591,0.5877822,0.6782837,1,1,0,0.004333496,0.023498535,25.01587,61,196,1,0,255,2,0,1782507958.7100801,42
25.023924,25.016844,0.05649566,0.59255224,0.67684937,1,1,0,0.0022583008,0.02368164,25.023926,61,196,1,0,255,2,0,1782507958.7100801,42
25.031738,25.024647,0.0030547665,0.595792,0.8935852,1,1,0,0.00012207031,0.023803711,25.031738,61,196,1,0,255,2,0,1782507958.7100801,42
25.029053,25.01583,0.27178913,0.76676136,0.6770325,1,1,0,0.010864258,0.030639648,25.029053,24,197,0,0,255,2,0,1782507958.8099372,43
25.031492,25.018824,0.21989769,0.7653091,0.73599243,1,1,0,0.0087890625,0.030578613,25.031494,24,197,0,0,255,2,0,1782507958.8099372,43
25.031004,25.01904,0.11452888,0.7652942,0.58773804,1,2,0,0.0045776367,0.030578613,25.031006,24,197,0,0,255,2,0,1782507958.8099372,43
25.02905,25.017273,0.06260439,0.7652345,0.47158813,1,2,0,0.0025024414,0.030578613,25.029053,24,197,0,0,255,2,0,1782507958.8099372,43
25.031494,25.024223,0.27340785,0.53774464,0.7680664,1,1,0,0.010925293,0.021484375,25.031494,26,197,0,0,255,2,0,1782507958.8099372,43
25.021238,25.014498,0.21985966,0.53752434,0.8520813,1,1,0,0.0087890625,0.021484375,25.02124,26,197,0,0,255,2,0,1782507958.8099372,43
25.02051,25.014172,0.16794434,0.5375086,0.8607483,1,1,0,0.006713867,0.021484375,25.020508,26,197,0,0,255,2,0,1782507958.8099372,43
25.031006,25.02496,0.116083406,0.53773415,0.72125244,1,1,0,0.004638672,0.021484375,25.031006,26,197,0,0,255,2,0,1782507958.8099372,43
25.031982,25.026127,0.06262655,0.53775513,0.85302734,1,1,0,0.0025024414,0.021484375,25.031982,26,197,0,0,255,2,0,1782507958.8099372,43
25.025145,25.013287,0.31604162,0.70251805,0.7241211,1,1,0,0.012634277,0.028076172,25.025146,27,197,1,0,255,2,0,1782507958.8099372,43
25.031738,25.020494,0.26267597,0.70270306,0.89974976,1,1,0,0.010498047,0.028076172,25.031738,27,197,1,0,255,2,0,1782507958.8099372,43
25.03589,25.025135,0.21078797,0.7028196,0.8915405,1,1,0,0.008422852,0.028076172,25.035889,27,197,1,0,255,2,0,1782507958.8099372,43
25.030762,25.020393,0.15882298,0.70267564,0.868927,1,1,0,0.0063476562,0.028076172,25.030762,27,197,1,0,255,2,0,1782507958.8099372,43
25.031738,25.02165,0.10537745,0.70270306,0.88946533,1,1,0,0.004211426,0.028076172,25.031738,27,197,1,0,255,2,0,1782507958.8099372,43
25.016846,25.00693,0.053420644,0.702285,0.8475952,1,1,0,0.0021362305,0.028076172,25.016846,27,197,1,0,255,2,0,1782507958.8099372,43
25.029541,25.022457,0.36503854,0.47049835,0.7107544,1,1,0,0.014587402,0.018798828,25.029541,29,197,1,0,255,2,0,1782507958.8099372,43
25.026367,25.019987,0.31307158,0.4704387,0.8360596,1,1,0,0.012512207,0.018798828,25.026367,29,197,1,0,255,2,0,1782507958.8099372,43
25.01587,25.010103,0.25951356,0.47024134,0.7716675,1,1,0,0.010375977,0.018798828,25.01587,29,197,1,0,255,2,0,1782507958.8099372,43
25.027346,25.022715,0.10232735,0.47045705,0.82373047,1,1,0,0.0040893555,0.018798828,25.027344,29,197,1,0,255,2,0,1782507958.8099372,43
25.028564,25.024092,0.050402597,0.47048,0.8216858,1,1,0,0.0020141602,0.018798828,25.028564,29,197,1,0,255,2,0,1782507958.8099372,43
25.032227,25.028952,0.16498815,0.36972526,0.9206238,1,1,0,0.006591797,0.014770508,25.032227,60,197,0,0,255,2,0,1782507958.8099372,43
25.02417,25.02114,0.113011286,0.37266064,0.72125244,1,1,0,0.0045166016,0.014892578,25.02417,60,197,0,0,255,2,0,1782507958.8099372,43
25.027342,25.018194,0.36497638,0.5697261,0.7312927,1,1,0,0.014587402,0.022766113,25.027344,61,197,1,0,255,2,0,1782507958.8099372,43
25.020754,25.012207,0.3129742,0.57415634,0.6286011,1,1,0,0.012512207,0.022949219,25.020752,61,197,1,0,255,2,0,1782507958.8099372,43
25.027344,25.01932,0.26113644,0.5773618,0.69226074,1,1,0,0.010437012,0.023071289,25.027344,61,197,1,0,255,2,0,1782507958.8099372,43
25.027344,25.020021,0.15576631,0.58499753,0.8216858,1,1,0,0.006225586,0.023376465,25.027344,61,197,1,0,255,2,0,1782507958.8099372,43
25.03296,25.025797,0.10386743,0.5897112,0.82785034,1,1,0,0.0041503906,0.02355957,25.032959,61,197,1,0,255,2,0,1782507958.8099372,43
25.029541,25.022472,0.050399337,0.5926852,0.77545166,1,1,0,0.0020141602,0.02368164,25.029541,61,197,1,0,255,2,0,1782507958.8099372,43
25.026365,25.01924,-0.0015270532,0.5971912,0.7579956,1,1,0,-6.1035156e-05,0.023864746,25.026367,61,197,1,0,255,2,0,1782507958.8099372,43
25.03003,25.016186,0.3237138,0.7667913,0.7715454,1,1,0,0.012939453,0.030639648,25.03003,24,198,0,0,255,2,0,1782507958.909935,44
25.031982,25.01928,0.2183745,0.7668511,0.71951294,1,1,0,0.008728027,0.030639648,25.031982,24,198,0,0,255,2,0,1782507958.909935,44
25.026121,25.013868,0.16641553,0.7651449,0.6571045,1,2,0,0.006652832,0.030578613,25.026123,24,198,0,0,255,2,0,1782507958.909935,44
25.031492,25.019535,0.11300404,0.7653091,0.6744385,1,2,0,0.0045166016,0.030578613,25.031494,24,198,0,0,255,2,0,1782507958.909935,44
25.027098,25.015324,0.061072692,0.76517475,0.6709595,1,2,0,0.0024414062,0.030578613,25.0271,24,198,0,0,255,2,0,1782507958.909935,44
25.028074,25.020132,0.32681963,0.53919846,0.96051025,1,1,0,0.013061523,0.02154541,25.028076,26,198,0,0,255,2,0,1782507958.909935,44
25.032473,25.025152,0.2749456,0.5392931,0.7663269,1,1,0,0.010986328,0.02154541,25.03247,26,198,0,0,255,2,0,1782507958.909935,44
25.031982,25.025179,0.22300859,0.5392826,0.84695435,1,1,0,0.008911133,0.02154541,25.031982,26,198,0,0,255,2,0,1782507958.909935,44
25.032715,25.026363,0.16955376,0.53777087,0.644104,1,1,0,0.0067749023,0.021484375,25.032715,26,198,0,0,255,2,0,1782507958.909935,44
25.03247,25.026417,0.1176177,0.5377656,1.0064697,1,1,0,0.004699707,0.021484375,25.03247,26,198,0,0,255,2,0,1782507958.909935,44
25.032713,25.026934,0.012220183,0.53777087,0.8825073,1,1,0,0.00048828125,0.021484375,25.032715,26,198,0,0,255,2,0,1782507958.909935,44
25.026367,25.015093,0.26567322,0.70255226,0.87509155,1,1,0,0.010620117,0.028076172,25.026367,27,198,1,0,255,2,0,1782507958.909935,44
25.023926,25.013163,0.21221393,0.7024838,0.7220459,1,1,0,0.008483887,0.028076172,25.023926,27,198,1,0,255,2,0,1782507958.909935,44
25.021484,25.011108,0.16029069,0.7024152,0.8948059,1,1,0,0.0064086914,0.028076172,25.021484,27,198,1,0,255,2,0,1782507958.909935,44
25.013674,25.003586,0.1068275,0.7021959,0.85375977,1,1,0,0.004272461,0.028076172,25.013672,27,198,1,0,255,2,0,1782507958.909935,44
25.02246,25.01254,0.05495928,0.70244265,0.96972656,1,1,0,0.0021972656,0.028076172,25.02246,27,198,1,0,255,2,0,1782507958.909935,44
25.025146,25.015284,0.0030536235,0.70251805,0.695343,1,1,0,0.00012207031,0.028076172,25.025146,27,198,1,0,255,2,0,1782507958.909935,44
25.030764,25.0237,0.36352903,0.4705213,0.77853394,1,1,0,0.014526367,0.018798828,25.030762,29,198,1,0,255,2,0,1782507958.909935,44
25.027344,25.020983,0.31155667,0.47045705,0.7107544,1,1,0,0.012451172,0.018798828,25.027344,29,198,1,0,255,2,0,1782507958.909935,44
25.025146,25.019394,0.25808275,0.47041574,0.7251282,1,1,0,0.010314941,0.018798828,25.025146,29,198,1,0,255,2,0,1782507958.909935,44
25.01831,25.01304,0.20610578,0.47028723,0.67993164,1,1,0,0.008239746,0.018798828,25.01831,29,198,1,0,255,2,0,1782507958.909935,44
25.029545,25.024918,0.10080893,0.47049835,0.89974976,1,1,0,0.0040283203,0.018798828,25.029541,29,198,1,0,255,2,0,1782507958.909935,44
25.020264,25.015795,0.048859034,0.47032395,0.8168335,1,1,0,0.001953125,0.018798828,25.020264,29,198,1,0,255,2,0,1782507958.909935,44
25.018066,25.013676,-0.0030534272,0.4687559,0.8291321,1,1,0,-0.00012207031,0.018737793,25.018066,29,198,1,0,255,2,0,1782507958.909935,44
25.031738,25.028723,0.11457321,0.37124568,0.82354736,1,1,0,0.0045776367,0.014831543,25.031738,60,198,0,0,255,2,0,1782507958.909935,44
25.032469,25.029598,0.0106938,0.37889498,0.69003296,1,1,0,0.0004272461,0.015136719,25.03247,60,198,0,0,255,2,0,1782507958.909935,44
25.020754,25.01275,0.26259467,0.57568306,0.6481018,1,1,0,0.010498047,0.023010254,25.020752,61,198,1,0,255,2,0,1782507958.909935,44
25.032959,25.02534,0.2107897,0.5805464,0.90179443,1,1,0,0.008422852,0.02319336,25.032959,61,198,1,0,255,2,0,1782507958.909935,44
25.027342,25.020046,0.15729363,0.5834704,0.84017944,1,1,0,0.006286621,0.02331543,25.027344,61,198,1,0,255,2,0,1782507958.909935,44
25.031738,25.024605,0.10538989,0.58815503,0.8792114,1,1,0,0.004211426,0.023498535,25.031738,61,198,1,0,255,2,0,1782507958.909935,44
25.019531,25.012495,0.053432535,0.5909215,0.6131897,1,1,0,0.0021362305,0.023620605,25.019531,61,198,1,0,255,2,0,1782507958.909935,44
25.025146,25.011326,0.32212412,0.76664174,0.70391846,1,1,0,0.012878418,0.030639648,25.025146,24,199,0,0,255,2,0,1782507959.0099874,45
25.028074,25.015375,0.21834043,0.76673144,0.6475525,1,1,0,0.008728027,0.030639648,25.028076,24,199,0,0,255,2,0,1782507959.0099874,45
25.031738,25.019445,0.16492549,0.7668437,0.73599243,1,2,0,0.006591797,0.030639648,25.031738,24,199,0,0,255,2,0,1782507959.0099874,45
25.023191,25.011238,0.11296657,0.7650553,0.68136597,1,2,0,0.0045166016,0.030578613,25.023193,24,199,0,0,255,2,0,1782507959.0099874,45
25.02612,25.014349,0.059543546,0.7651449,0.42999268,1,2,0,0.002380371,0.030578613,25.026123,24,199,0,0,255,2,0,1782507959.0099874,45
25.028074,25.016373,0.0076343915,0.7652046,0.72906494,1,2,0,0.00030517578,0.030578613,25.028076,24,199,0,0,255,2,0,1782507959.0099874,45
25.031252,25.023378,0.32380688,0.5377394,0.83828735,1,1,0,0.012939453,0.021484375,25.03125,26,199,0,0,255,2,0,1782507959.0099874,45
25.031738,25.024485,0.27188316,0.5377499,0.97525024,1,1,0,0.010864258,0.021484375,25.031738,26,199,0,0,255,2,0,1782507959.0099874,45
25.031494,25.025164,0.16649067,0.53774464,0.7420654,1,1,0,0.006652832,0.021484375,25.031494,26,199,0,0,255,2,0,1782507959.0099874,45
25.023191,25.017162,0.11299332,0.5375663,1.0307312,1,1,0,0.0045166016,0.021484375,25.023193,26,199,0,0,255,2,0,1782507959.0099874,45
25.029541,25.016993,0.36648607,0.70264137,0.90179443,1,1,0,0.0146484375,0.028076172,25.029541,27,199,1,0,255,2,0,1782507959.0099874,45
25.026367,25.014526,0.31453028,0.70255226,0.6871338,1,1,0,0.012573242,0.028076172,25.026367,27,199,1,0,255,2,0,1782507959.0099874,45
25.020752,25.00953,0.26103422,0.70239466,0.7949829,1,1,0,0.010437012,0.028076172,25.020752,27,199,1,0,255,2,0,1782507959.0099874,45
25.026367,25.016504,-0.0015268862,0.70255226,0.7005005,1,1,0,-6.1035156e-05,0.028076172,25.026367,27,199,1,0,255,2,0,1782507959.0099874,45
25.03296,25.02652,0.31773657,0.4705626,0.8360596,1,1,0,0.0126953125,0.018798828,25.032959,29,199,1,0,255,2,0,1782507959.0099874,45
25.031738,25.02592,0.26426056,0.47053966,0.95932007,1,1,0,0.010559082,0.018798828,25.031738,29,199,1,0,255,2,0,1782507959.0099874,45
25.023926,25.018604,0.2122601,0.4703928,0.6881714,1,1,0,0.008483887,0.018798828,25.023926,29,199,1,0,255,2,0,1782507959.0099874,45
25.01587,25.01122,0.106860116,0.47024134,0.7213745,1,1,0,0.004272461,0.018798828,25.01587,29,199,1,0,255,2,0,1782507959.0099874,45
25.020754,25.016272,0.054967478,0.47033313,0.6748047,1,1,0,0.0021972656,0.018798828,25.020752,29,199,1,0,255,2,0,1782507959.0099874,45
25.027344,25.022923,0.001527278,0.47045705,0.7631531,1,1,0,6.1035156e-05,0.018798828,25.027344,29,199,1,0,255,2,0,1782507959.0099874,45
25.029055,25.02577,0.1664947,0.36967838,0.8088074,1,1,0,0.006652832,0.014770508,25.029053,60,199,0,0,255,2,0,1782507959.0099874,45
25.031006,25.027975,0.11304216,0.37276244,0.68917847,1,1,0,0.0045166016,0.014892578,25.031006,60,199,0,0,255,2,0,1782507959.0099874,45
25.032469,25.02955,0.061107423,0.37736732,0.7507324,1,1,0,0.0024414062,0.015075684,25.03247,60,199,0,0,255,2,0,1782507959.0099874,45
25.031736,25.028845,0.009165837,0.38041157,0.7489929,1,1,0,0.00036621094,0.015197754,25.031738,60,199,0,0,255,2,0,1782507959.0099874,45
25.02295,25.01378,0.366439,0.5696261,0.6470642,1,1,0,0.0146484375,0.022766113,25.02295,61,199,1,0,255,2,0,1782507959.0099874,45
25.029541,25.020971,0.31461132,0.574358,0.846344,1,1,0,0.012573242,0.022949219,25.029541,61,199,1,0,255,2,0,1782507959.0099874,45
25.025145,25.017122,0.2611135,0.57731116,0.79086304,1,1,0,0.010437012,0.023071289,25.025146,61,199,1,0,255,2,0,1782507959.0099874,45
25.025146,25.017824,0.15575263,0.58494616,0.70666504,1,1,0,0.006225586,0.023376465,25.025146,61,199,1,0,255,2,0,1782507959.0099874,45
25.029541,25.022379,0.10385324,0.58963066,0.8565979,1,1,0,0.0041503906,0.02355957,25.029541,61,199,1,0,255,2,0,1782507959.0099874,45
25.019531,25.012463,0.051905822,0.5924482,0.6635132,1,1,0,0.0020751953,0.02368164,25.019531,61,199,1,0,255,2,0,1782507959.0099874,45
25.02417,25.017044,-0.0015269192,0.59713876,1.0261536,1,1,0,-6.1035156e-05,0.023864746,25.02417,61,199,1,0,255,2,0,1782507959.0099874,45
25.032715,25.01949,0.2718289,0.76687354,0.84262085,1,1,0,0.010864258,0.030639648,25.032715,24,200,0,0,255,2,0,1782507959.1098838,46
25.02124,25.008577,0.21980761,0.76499563,0.72732544,1,1,0,0.0087890625,0.030578613,25.02124,24,200,0,0,255,2,0,1782507959.1098838,46
25.03247,25.020214,0.16645774,0.76533896,0.61203,1,2,0,0.006652832,0.030578613,25.03247,24,200,0,0,255,2,0,1782507959.1098838,46
25.023191,25.011492,0.009159483,0.7650553,0.36843872,1,2,0,0.00036621094,0.030578613,25.023193,24,200,0,0,255,2,0,1782507959.1098838,46
25.031738,25.024467,0.2703554,0.5392773,1.0437317,1,1,0,0.010803223,0.02154541,25.031738,26,200,0,0,255,2,0,1782507959.1098838,46
25.032715,25.025951,0.21843274,0.53929836,0.84436035,1,1,0,0.008728027,0.02154541,25.032715,26,200,0,0,255,2,0,1782507959.1098838,46
25.031736,25.025888,0.059571017,0.5377499,0.7568054,1,1,0,0.002380371,0.021484375,25.031738,26,200,0,0,255,2,0,1782507959.1098838,46
25.019775,25.014,0.0076336674,0.5374929,0.8356323,1,1,0,0.00030517578,0.021484375,25.019775,26,200,0,0,255,2,0,1782507959.1098838,46
25.02295,25.010384,0.3648624,0.703983,0.6974182,1,1,0,0.014587402,0.028137207,25.02295,27,200,1,0,255,2,0,1782507959.1098838,46
25.029543,25.019468,0.10231407,0.70264137,0.89974976,1,1,0,0.0040893555,0.028076172,25.029541,27,200,1,0,255,2,0,1782507959.1098838,46
25.02075,25.013624,0.36796376,0.47033313,0.7251282,1,1,0,0.014709473,0.018798828,25.020752,29,200,1,0,255,2,0,1782507959.1098838,46
25.016113,25.009718,0.31446978,0.47024593,0.7610779,1,1,0,0.012573242,0.018798828,25.016113,29,200,1,0,255,2,0,1782507959.1098838,46
25.022951,25.01715,0.26264086,0.47037444,0.70666504,1,1,0,0.010498047,0.018798828,25.02295,29,200,1,0,255,2,0,1782507959.1098838,46
25.016848,25.012205,0.105337664,0.4702597,0.8168335,1,1,0,0.004211426,0.018798828,25.016846,29,200,1,0,255,2,0,1782507959.1098838,46
25.026367,25.021889,0.053452604,0.4704387,0.87713623,1,1,0,0.0021362305,0.018798828,25.026367,29,200,1,0,255,2,0,1782507959.1098838,46
25.026125,25.02285,0.16494793,0.3696351,0.7403259,1,1,0,0.006591797,0.014770508,25.026123,60,200,0,0,255,2,0,1782507959.1098838,46
25.031738,25.028708,0.11304547,0.37277335,0.82180786,1,1,0,0.0045166016,0.014892578,25.031738,60,200,0,0,255,2,0,1782507959.1098838,46
25.031248,25.028332,0.05957683,0.3773489,0.7767334,1,1,0,0.002380371,0.015075684,25.03125,60,200,0,0,255,2,0,1782507959.1098838,46
25.032225,25.029333,0.007638347,0.380419,0.7637329,1,1,0,0.00030517578,0.015197754,25.032227,60,200,0,0,255,2,0,1782507959.1098838,46
25.03076,25.021612,0.36502624,0.5698039,0.91412354,1,1,0,0.014587402,0.022766113,25.030762,61,200,1,0,255,2,0,1782507959.1098838,46
25.022951,25.014944,0.25956377,0.5772605,0.7713623,1,1,0,0.010375977,0.023071289,25.02295,61,200,1,0,255,2,0,1782507959.1098838,46
25.020262,25.012636,0.2076292,0.58177865,0.84555054,1,1,0,0.008300781,0.023254395,25.020264,61,200,1,0,255,2,0,1782507959.1098838,46
25.023926,25.016857,0.050388027,0.59255224,0.8093567,1,1,0,0.0020141602,0.02368164,25.023926,61,200,1,0,255,2,0,1782507959.1098838,46
25.023926,25.0168,-0.0015269043,0.597133,0.7241211,1,1,0,-6.1035156e-05,0.023864746,25.023926,61,200,1,0,255,2,0,1782507959.1098838,46
25.031248,25.01807,0.27181348,0.76530164,0.84002686,1,1,0,0.010864258,0.030578613,25.03125,24,201,0,0,255,2,0,1782507959.210391,47
25.026121,25.013454,0.2198505,0.7651449,0.629364,1,1,0,0.0087890625,0.030578613,25.026123,24,201,0,0,255,2,0,1782507959.210391,47
25.03198,25.0202,0.06261172,0.76532406,0.673584,1,2,0,0.0025024414,0.030578613,25.031982,24,201,0,0,255,2,0,1782507959.210391,47
25.031008,25.023102,0.3238033,0.5392616,0.7698059,1,1,0,0.012939453,0.02154541,25.031006,26,201,0,0,255,2,0,1782507959.210391,47
25.031738,25.024452,0.2718828,0.5392773,0.85736084,1,1,0,0.010864258,0.02154541,25.031738,26,201,0,0,255,2,0,1782507959.210391,47
25.031494,25.024763,0.21842237,0.53774464,0.7403259,1,1,0,0.008728027,0.021484375,25.031494,26,201,0,0,255,2,0,1782507959.210391,47
25.021238,25.015202,0.11451131,0.53752434,0.7637329,1,1,0,0.0045776367,0.021484375,25.02124,26,201,0,0,255,2,0,1782507959.210391,47
25.021484,25.010748,0.20914015,0.7024152,0.8270874,1,1,0,0.008361816,0.028076172,25.021484,27,201,1,0,255,2,0,1782507959.210391,47
25.019285,25.008932,0.15722375,0.70235354,0.89071655,1,1,0,0.006286621,0.028076172,25.019287,27,201,1,0,255,2,0,1782507959.210391,47
25.030762,25.020681,0.10384619,0.70267564,0.78778076,1,1,0,0.0041503906,0.028076172,25.030762,27,201,1,0,255,2,0,1782507959.210391,47
25.03296,25.02304,0.05192777,0.70273733,0.9428711,1,1,0,0.0020751953,0.028076172,25.032959,27,201,1,0,255,2,0,1782507959.210391,47
25.02295,25.015888,0.36341554,0.47037444,0.67071533,1,1,0,0.014526367,0.018798828,25.02295,29,201,1,0,255,2,0,1782507959.210391,47
25.017334,25.010994,0.3099055,0.47026888,0.66967773,1,1,0,0.012390137,0.018798828,25.017334,29,201,1,0,255,2,0,1782507959.210391,47
25.031738,25.025984,0.25815073,0.47053966,0.87713623,1,1,0,0.010314941,0.018798828,25.031738,29,201,1,0,255,2,0,1782507959.210391,47
25.029541,25.02427,0.2061983,0.47049835,0.87713623,1,1,0,0.008239746,0.018798828,25.029541,29,201,1,0,255,2,0,1782507959.210391,47
25.028566,25.023678,0.15273431,0.47048,0.97369385,1,1,0,0.0061035156,0.018798828,25.028564,29,201,1,0,255,2,0,1782507959.210391,47
25.027344,25.02272,0.10080008,0.47045705,0.7991028,1,1,0,0.0040283203,0.018798828,25.027344,29,201,1,0,255,2,0,1782507959.210391,47
25.030762,25.026293,0.048879538,0.4705213,0.9295349,1,1,0,0.001953125,0.018798828,25.030762,29,201,1,0,255,2,0,1782507959.210391,47
25.026367,25.021946,-0.0045816554,0.4704387,0.7569885,1,1,0,-0.00018310547,0.018798828,25.026367,29,201,1,0,255,2,0,1782507959.210391,47
25.022705,25.01941,0.16492525,0.37111172,0.8650818,1,1,0,0.006591797,0.014831543,25.022705,60,201,0,0,255,2,0,1782507959.210391,47
25.031248,25.028202,0.11151556,0.37429368,0.7940674,1,1,0,0.0044555664,0.014953613,25.03125,60,201,0,0,255,2,0,1782507959.210391,47
25.031738,25.0288,0.059577946,0.3788839,0.7568054,1,1,0,0.002380371,0.015136719,25.031738,60,201,0,0,255,2,0,1782507959.210391,47
25.031006,25.028091,0.006110374,0.38192803,0.48025513,1,1,0,0.00024414062,0.015258789,25.031006,60,201,0,0,255,2,0,1782507959.210391,47
25.028564,25.01938,0.3649937,0.57128114,0.8956299,1,1,0,0.014587402,0.022827148,25.028564,61,201,1,0,255,2,0,1782507959.210391,47
25.023926,25.015362,0.31148666,0.5757561,0.7713623,1,1,0,0.012451172,0.023010254,25.023926,61,201,1,0,255,2,0,1782507959.210391,47
25.019287,25.011246,0.25952542,0.5787026,1.0169067,1,1,0,0.010375977,0.023132324,25.019287,61,201,1,0,255,2,0,1782507959.210391,47
25.01831,25.010649,0.20761271,0.5832598,0.6018982,1,1,0,0.008300781,0.02331543,25.01831,61,201,1,0,255,2,0,1782507959.210391,47
25.02173,25.014381,0.15420437,0.58639306,0.70458984,1,1,0,0.006164551,0.0234375,25.021729,61,201,1,0,255,2,0,1782507959.210391,47
25.01587,25.008682,0.10226996,0.59083503,0.7572937,1,1,0,0.0040893555,0.023620605,25.01587,61,201,1,0,255,2,0,1782507959.210391,47
25.020264,25.013163,0.048853893,0.5939922,0.7922058,1,1,0,0.001953125,0.023742676,25.020264,61,201,1,0,255,2,0,1782507959.210391,47
25.02246,25.015299,-0.0030536253,0.59862477,0.8291321,1,1,0,-0.00012207031,0.023925781,25.02246,61,201,1,0,255,2,0,1782507959.210391,47
25.031492,25.019238,0.16645125,0.7653091,0.661438,1,2,0,0.006652832,0.030578613,25.031494,24,202,0,0,255,2,0,1782507959.3101132,48
25.02905,25.017096,0.112993024,0.7652345,0.7489929,1,2,0,0.0045166016,0.030578613,25.029053,24,202,0,0,255,2,0,1782507959.3101132,48
25.026121,25.014347,0.061070308,0.7651449,0.631958,1,2,0,0.0024414062,0.030578613,25.026123,24,202,0,0,255,2,0,1782507959.3101132,48
25.03003,25.018326,0.0091619855,0.76526433,0.43777466,1,2,0,0.00036621094,0.030578613,25.03003,24,202,0,0,255,2,0,1782507959.3101132,48
25.02905,25.021128,0.32530522,0.5392195,0.7698059,1,1,0,0.013000488,0.02154541,25.029053,26,202,0,0,255,2,0,1782507959.3101132,48
25.026123,25.01938,0.21990258,0.53762925,0.82180786,1,1,0,0.0087890625,0.021484375,25.026123,26,202,0,0,255,2,0,1782507959.3101132,48
25.0271,25.021246,0.06261434,0.5376502,0.7749939,1,1,0,0.0025024414,0.021484375,25.0271,26,202,0,0,255,2,0,1782507959.3101132,48
25.019775,25.014,0.009160401,0.5374929,1.1265869,1,1,0,0.00036621094,0.021484375,25.019775,26,202,0,0,255,2,0,1782507959.3101132,48
25.030762,25.018919,0.3145855,0.70267564,0.7210388,1,1,0,0.012573242,0.028076172,25.030762,27,202,1,0,255,2,0,1782507959.3101132,48
25.029541,25.0183,0.2626529,0.70264137,0.76828,1,1,0,0.010498047,0.028076172,25.029541,27,202,1,0,255,2,0,1782507959.3101132,48
25.01587,25.00601,-0.0,0.7022576,0.8517151,1,1,0,-0.0,0.028076172,25.01587,27,202,1,0,255,2,0,1782507959.3101132,48
25.02295,25.015844,0.36646923,0.47037444,0.7970276,1,1,0,0.0146484375,0.018798828,25.02295,29,202,1,0,255,2,0,1782507959.3101132,48
25.029541,25.02316,0.3131113,0.47049835,0.8216858,1,1,0,0.012512207,0.018798828,25.029541,29,202,1,0,255,2,0,1782507959.3101132,48
25.02295,25.017164,0.26111394,0.47037444,0.734375,1,1,0,0.010437012,0.018798828,25.02295,29,202,1,0,255,2,0,1782507959.3101132,48
25.014648,25.01023,-0.0015265032,0.4702184,0.71728516,1,1,0,-6.1035156e-05,0.018798828,25.014648,29,202,1,0,255,2,0,1782507959.3101132,48
25.01953,25.016457,0.117570885,0.37411845,0.7715454,1,1,0,0.004699707,0.014953613,25.019531,60,202,0,0,255,2,0,1782507959.3101132,48
25.01831,25.01538,0.06565331,0.37715384,0.9776306,1,1,0,0.0026245117,0.015075684,25.01831,60,202,0,0,255,2,0,1782507959.3101132,48
25.0271,25.024183,0.01221884,0.38186842,0.7879944,1,1,0,0.00048828125,0.015258789,25.0271,60,202,0,0,255,2,0,1782507959.3101132,48
25.025146,25.01654,0.31760988,0.5742572,0.70458984,1,1,0,0.0126953125,0.022949219,25.025146,61,202,1,0,255,2,0,1782507959.3101132,48
25.021727,25.013622,0.2656576,0.5787591,0.67993164,1,1,0,0.010620117,0.023132324,25.021729,61,202,1,0,255,2,0,1782507959.3101132,48
25.018312,25.010647,0.2121926,0.5817332,0.6409302,1,1,0,0.008483887,0.023254395,25.01831,61,202,1,0,255,2,0,1782507959.3101132,48
25.028563,25.021175,0.1603552,0.5865533,0.7693176,1,1,0,0.0064086914,0.0234375,25.028564,61,202,1,0,255,2,0,1782507959.3101132,48
25.031738,25.024555,0.1084445,0.58968246,0.9952698,1,1,0,0.004333496,0.02355957,25.031738,61,202,1,0,255,2,0,1782507959.3101132,48
25.030764,25.023647,0.054983683,0.5942414,0.78778076,1,1,0,0.0021972656,0.023742676,25.030762,61,202,1,0,255,2,0,1782507959.3101132,48
25.018309,25.011185,0.0030531231,0.596999,0.7076721,1,1,0,0.00012207031,0.023864746,25.01831,61,202,1,0,255,2,0,1782507959.3101132,48
25.032227,25.018343,0.32679626,0.7668586,0.85736084,1,1,0,0.013061523,0.030639648,25.032227,24,203,0,0,255,2,0,1782507959.4102595,49
25.031006,25.017763,0.27333727,0.7668212,0.6449585,1,2,0,0.010925293,0.030639648,25.031006,24,203,0,0,255,2,0,1782507959.4102595,49
25.031248,25.01852,0.22142214,0.7668287,0.7307739,1,1,0,0.008850098,0.030639648,25.03125,24,203,0,0,255,2,0,1782507959.4102595,49
25.03247,25.020193,0.16951196,0.76533896,0.602478,1,2,0,0.0067749023,0.030578613,25.03247,24,203,0,0,255,2,0,1782507959.4102595,49
25.03247,25.020498,0.11606271,0.76533896,0.667511,1,2,0,0.004638672,0.030578613,25.03247,24,203,0,0,255,2,0,1782507959.4102595,49
25.02905,25.01727,0.06413133,0.7652345,0.7568054,1,3,0,0.0025634766,0.030578613,25.029053,24,203,0,0,255,2,0,1782507959.4102595,49
25.027098,25.015394,0.010687731,0.76517475,0.45944214,1,2,0,0.0004272461,0.030578613,25.0271,24,203,0,0,255,2,0,1782507959.4102595,49
25.031982,25.02411,0.32381636,0.53775513,1.0307312,1,1,0,0.012939453,0.021484375,25.031982,26,203,0,0,255,2,0,1782507959.4102595,49
25.034424,25.027693,0.21844794,0.5378076,0.8044739,1,1,0,0.008728027,0.021484375,25.034424,26,203,0,0,255,2,0,1782507959.4102595,49
25.026125,25.019794,0.16645494,0.53762925,0.7749939,1,1,0,0.006652832,0.021484375,25.026123,26,203,0,0,255,2,0,1782507959.4102595,49
25.031982,25.02613,0.061099075,0.53775513,0.84869385,1,1,0,0.0024414062,0.021484375,25.031982,26,203,0,0,255,2,0,1782507959.4102595,49
25.028074,25.022299,0.00916344,0.5376712,0.72732544,1,1,0,0.00036621094,0.021484375,25.028076,26,203,0,0,255,2,0,1782507959.4102595,49
25.02295,25.010405,0.36638957,0.70245636,0.81140137,1,1,0,0.0146484375,0.028076172,25.02295,27,203,1,0,255,2,0,1782507959.4102595,49
25.021729,25.010506,0.2610444,0.7024221,0.7991028,1,1,0,0.010437012,0.028076172,25.021729,27,203,1,0,255,2,0,1782507959.4102595,49
25.030762,25.020021,0.2092177,0.70267564,0.72821045,1,1,0,0.008361816,0.028076172,25.030762,27,203,1,0,255,2,0,1782507959.4102595,49
25.02246,25.012115,0.15571709,0.70244265,0.9091797,1,1,0,0.006225586,0.028076172,25.02246,27,203,1,0,255,2,0,1782507959.4102595,49
25.02637,25.019262,0.3665193,0.4704387,0.7723999,1,1,0,0.0146484375,0.018798828,25.026367,29,203,1,0,255,2,0,1782507959.4102595,49
25.030762,25.024382,0.31312656,0.4705213,0.8668823,1,1,0,0.012512207,0.018798828,25.030762,29,203,1,0,255,2,0,1782507959.4102595,49
25.027344,25.021559,0.2611598,0.47045705,0.7333679,1,1,0,0.010437012,0.018798828,25.027344,29,203,1,0,255,2,0,1782507959.4102595,49
25.025146,25.020754,-0.0015271456,0.46888855,0.868927,1,1,0,-6.1035156e-05,0.018737793,25.025146,29,203,1,0,255,2,0,1782507959.4102595,49
25.031248,25.027601,0.21691945,0.3681832,0.84436035,1,1,0,0.008666992,0.014709473,25.03125,60,203,0,0,255,2,0,1782507959.4102595,49
25.032228,25.028908,0.16498786,0.37278062,0.7698059,1,1,0,0.006591797,0.014892578,25.032227,60,203,0,0,255,2,0,1782507959.4102595,49
25.032227,25.02915,0.113047466,0.37583596,0.84869385,1,1,0,0.0045166016,0.015014648,25.032227,60,203,0,0,255,2,0,1782507959.4102595,49
25.020506,25.017546,0.059551157,0.3802409,1.0980225,1,1,0,0.002380371,0.015197754,25.020508,60,203,0,0,255,2,0,1782507959.4102595,49
25.031248,25.02831,0.007638035,0.38345936,0.67529297,1,1,0,0.00030517578,0.015319824,25.03125,60,203,0,0,255,2,0,1782507959.4102595,49
25.021729,25.012512,0.36489347,0.5726519,0.7395325,1,1,0,0.014587402,0.022888184,25.021729,61,203,1,0,255,2,0,1782507959.4102595,49
25.027344,25.018759,0.31305623,0.57583475,0.8710022,1,1,0,0.012512207,0.023010254,25.027344,61,203,1,0,255,2,0,1782507959.4102595,49
25.026367,25.01829,0.2595985,0.5803935,0.7816162,1,1,0,0.010375977,0.02319336,25.026367,61,203,1,0,255,2,0,1782507959.4102595,49
25.029541,25.021841,0.2077056,0.5850489,0.9038696,1,1,0,0.008300781,0.023376465,25.029541,61,203,1,0,255,2,0,1782507959.4102595,49
25.020262,25.01287,0.15572178,0.58788544,0.7706299,1,1,0,0.006225586,0.023498535,25.020264,61,203,1,0,255,2,0,1782507959.4102595,49
25.030762,25.023571,0.10233085,0.59118676,0.7836914,1,1,0,0.0040893555,0.023620605,25.030762,61,203,1,0,255,2,0,1782507959.4102595,49
25.025146,25.018005,0.050390337,0.5956351,0.76416016,1,1,0,0.0020141602,0.023803711,25.025146,61,203,1,0,255,2,0,1782507959.4102595,49
25.030762,25.023598,-0.0015273192,0.59882337,0.85250854,1,1,0,-6.1035156e-05,0.023925781,25.030762,61,203,1,0,255,2,0,1782507959.4102595,49
25.026121,25.014166,0.11297979,0.7651449,0.45251465,1,2,0,0.0045166016,0.030578613,25.026123,24,204,0,0,255,2,0,1782507959.5098486,50
25.031736,25.020033,0.0076355087,0.7653166,0.6250305,1,2,0,0.00030517578,0.030578613,25.031738,24,204,0,0,255,2,0,1782507959.5098486,50
25.03003,25.022125,0.32379067,0.53924054,0.7342529,1,1,0,0.012939453,0.02154541,25.03003,26,204,0,0,255,2,0,1782507959.5098486,50
25.034182,25.026894,0.27190933,0.53932995,0.8851013,1,1,0,0.010864258,0.02154541,25.03418,26,204,0,0,255,2,0,1782507959.5098486,50
25.031006,25.024275,0.2184181,0.53773415,0.59469604,1,1,0,0.008728027,0.021484375,25.031006,26,204,0,0,255,2,0,1782507959.5098486,50
25.032227,25.025896,0.16649553,0.5377604,0.74380493,1,1,0,0.006652832,0.021484375,25.032227,26,204,0,0,255,2,0,1782507959.5098486,50
25.02905,25.023012,0.11454707,0.5376922,0.6926575,1,1,0,0.0045776367,0.021484375,25.029053,26,204,0,0,255,2,0,1782507959.5098486,50
25.031006,25.025154,0.06109669,0.53773415,0.7940674,1,1,0,0.0024414062,0.021484375,25.031006,26,204,0,0,255,2,0,1782507959.5098486,50
25.01831,25.006432,0.31442848,0.70385253,0.76623535,1,1,0,0.012573242,0.028137207,25.01831,27,204,1,0,255,2,0,1782507959.5098486,50
25.021486,25.010246,0.26256838,0.7024152,0.9543152,1,1,0,0.010498047,0.028076172,25.021484,27,204,1,0,255,2,0,1782507959.5098486,50
25.02954,25.01918,0.1572882,0.70264137,0.78778076,1,1,0,0.006286621,0.028076172,25.029541,27,204,1,0,255,2,0,1782507959.5098486,50
25.017336,25.011538,0.2625819,0.47026888,0.6604309,1,1,0,0.010498047,0.018798828,25.017334,29,204,1,0,255,2,0,1782507959.5098486,50
25.033201,25.029528,0.21999176,0.36821193,1.0454712,1,1,0,0.0087890625,0.014709473,25.033203,60,204,0,0,255,2,0,1782507959.5098486,50
25.031982,25.028666,0.16804166,0.37124932,0.84262085,1,1,0,0.006713867,0.014831543,25.031982,60,204,0,0,255,2,0,1782507959.5098486,50
25.031008,25.027916,0.116097115,0.37581763,0.6926575,1,1,0,0.004638672,0.015014648,25.031006,60,204,0,0,255,2,0,1782507959.5098486,50
25.031248,25.02828,0.062631935,0.38040414,1.0992126,1,1,0,0.0025024414,0.015197754,25.03125,60,204,0,0,255,2,0,1782507959.5098486,50
25.027098,25.024158,0.010691475,0.3833958,0.7767334,1,1,0,0.0004272461,0.015319824,25.0271,60,204,0,0,255,2,0,1782507959.5098486,50
25.023926,25.014664,0.36797905,0.57270217,0.7600708,1,1,0,0.014709473,0.022888184,25.023926,61,204,1,0,255,2,0,1782507959.5098486,50
25.018309,25.00969,0.31599617,0.5756269,0.7076721,1,1,0,0.012634277,0.023010254,25.01831,61,204,1,0,255,2,0,1782507959.5098486,50
25.025148,25.017038,0.26263967,0.5803652,0.8792114,1,1,0,0.010498047,0.02319336,25.025146,61,204,1,0,255,2,0,1782507959.5098486,50
25.02246,25.014772,0.21070069,0.58335656,0.99435425,1,1,0,0.008422852,0.02331543,25.02246,61,204,1,0,255,2,0,1782507959.5098486,50
25.026365,25.018953,0.15881383,0.58802885,0.7241211,1,1,0,0.0063476562,0.023498535,25.026367,61,204,1,0,255,2,0,1782507959.5098486,50
25.01123,25.004032,0.10530324,0.5907255,0.76242065,1,1,0,0.004211426,0.023620605,25.01123,61,204,1,0,255,2,0,1782507959.5098486,50
25.015867,25.008724,0.05342448,0.5954143,0.69369507,1,1,0,0.0021362305,0.023803711,25.01587,61,204,1,0,255,2,0,1782507959.5098486,50
25.025146,25.017984,-0.0,0.598689,0.6737976,1,1,0,-0.0,0.023925781,25.025146,61,204,1,0,255,2,0,1782507959.5098486,50
25.028076,25.014853,0.27177852,0.76673144,0.65625,1,2,0,0.010864258,0.030639648,25.028076,24,205,0,0,255,2,0,1782507959.6099038,51
25.032225,25.019556,0.21990412,0.7653315,0.41958618,1,1,0,0.0087890625,0.030578613,25.032227,24,205,0,0,255,2,0,1782507959.6099038,51
25.031248,25.018982,0.16797665,0.76530164,0.44903564,1,2,0,0.006713867,0.030578613,25.03125,24,205,0,0,255,2,0,1782507959.6099038,51
25.031248,25.019543,0.0106895035,0.76530164,0.46292114,1,2,0,0.0004272461,0.030578613,25.03125,24,205,0,0,255,2,0,1782507959.6099038,51
25.022459,25.014519,0.3267463,0.53907746,1.1222534,1,1,0,0.013061523,0.02154541,25.02246,26,205,0,0,255,2,0,1782507959.6099038,51
25.031006,25.023703,0.27340215,0.5392616,0.83306885,1,1,0,0.010925293,0.02154541,25.031006,26,205,0,0,255,2,0,1782507959.6099038,51
25.031006,25.024216,0.22147255,0.5392616,0.7862549,1,1,0,0.008850098,0.02154541,25.031006,26,205,0,0,255,2,0,1782507959.6099038,51
25.03247,25.02612,0.1695521,0.5377656,0.7897339,1,1,0,0.0067749023,0.021484375,25.03247,26,205,0,0,255,2,0,1782507959.6099038,51
25.035156,25.023895,0.26423916,0.702799,0.92440796,1,1,0,0.010559082,0.028076172,25.035156,27,205,1,0,255,2,0,1782507959.6099038,51
25.026367,25.015604,0.21223465,0.70255226,0.76416016,1,1,0,0.008483887,0.028076172,25.026367,27,205,1,0,255,2,0,1782507959.6099038,51
25.02954,25.019447,0.10689526,0.70264137,0.9336548,1,1,0,0.004272461,0.028076172,25.029541,27,205,1,0,255,2,0,1782507959.6099038,51
25.031738,25.021816,0.053452447,0.70270306,0.9829407,1,1,0,0.0021362305,0.028076172,25.031738,27,205,1,0,255,2,0,1782507959.6099038,51
25.029541,25.019676,0.0015270798,0.70264137,0.8607178,1,1,0,6.1035156e-05,0.028076172,25.029541,27,205,1,0,255,2,0,1782507959.6099038,51
25.023924,25.01814,0.26112413,0.4703928,0.69021606,1,1,0,0.010437012,0.018798828,25.023926,29,205,1,0,255,2,0,1782507959.6099038,51
25.029543,25.024904,0.103863716,0.47049835,0.82580566,1,1,0,0.0041503906,0.018798828,25.029541,29,205,1,0,255,2,0,1782507959.6099038,51
25.01831,25.013868,0.050382007,0.4687605,0.6378479,1,1,0,0.0020141602,0.018737793,25.01831,29,205,1,0,255,2,0,1782507959.6099038,51
25.02295,25.018557,-0.0015270115,0.4688474,0.695343,1,1,0,-6.1035156e-05,0.018737793,25.02295,29,205,1,0,255,2,0,1782507959.6099038,51
25.031006,25.027967,0.11456975,0.37276244,0.82528687,1,1,0,0.0045776367,0.014892578,25.031006,60,205,0,0,255,2,0,1782507959.6099038,51
25.031006,25.028082,0.06263144,0.37734523,0.7958069,1,1,0,0.0025024414,0.015075684,25.031006,60,205,0,0,255,2,0,1782507959.6099038,51
25.03198,25.029087,0.010693582,0.38041526,0.84002686,1,1,0,0.0004272461,0.015197754,25.031982,60,205,0,0,255,2,0,1782507959.6099038,51
25.028564,25.020525,0.2626763,0.57739,0.9449463,1,1,0,0.010498047,0.023071289,25.028564,61,205,1,0,255,2,0,1782507959.6099038,51
25.012451,25.005123,0.1571998,0.58464944,0.6577759,1,1,0,0.006286621,0.023376465,25.012451,61,205,1,0,255,2,0,1782507959.6099038,51
25.016846,25.009682,0.10532703,0.5893316,0.8825073,1,1,0,0.004211426,0.02355957,25.016846,61,205,1,0,255,2,0,1782507959.6099038,51
25.013182,25.00606,-0.0,0.5968766,1.1636047,1,1,0,-0.0,0.023864746,25.013184,61,205,1,0,255,2,0,1782507959.6099038,51
25.02905,25.016808,0.1649081,0.7652345,0.69610596,1,2,0,0.006591797,0.030578613,25.029053,24,206,0,0,255,2,0,1782507959.7102509,52
25.032469,25.020512,0.113008454,0.76533896,0.6276245,1,2,0,0.0045166016,0.030578613,25.03247,24,206,0,0,255,2,0,1782507959.7102509,52
25.032469,25.020695,0.059558652,0.76533896,0.8851013,1,2,0,0.002380371,0.030578613,25.03247,24,206,0,0,255,2,0,1782507959.7102509,52
25.026121,25.01442,0.0076337955,0.7651449,0.6779175,1,2,0,0.00030517578,0.030578613,25.026123,24,206,0,0,255,2,0,1782507959.7102509,52
25.014648,25.007923,0.21827537,0.5373828,0.81137085,1,1,0,0.008728027,0.021484375,25.014648,26,206,0,0,255,2,0,1782507959.7102509,52
25.032715,25.026384,0.16649878,0.53777087,0.87384033,1,1,0,0.006652832,0.021484375,25.032715,26,206,0,0,255,2,0,1782507959.7102509,52
25.032713,25.026682,0.11303632,0.53777087,0.8009949,1,1,0,0.0045166016,0.021484375,25.032715,26,206,0,0,255,2,0,1782507959.7102509,52
25.025146,25.0126,0.36642173,0.70251805,0.7569885,1,1,0,0.0146484375,0.028076172,25.025146,27,206,1,0,255,2,0,1782507959.7102509,52
25.029541,25.017717,0.31304318,0.70264137,0.8935852,1,1,0,0.012512207,0.028076172,25.029541,27,206,1,0,255,2,0,1782507959.7102509,52
25.023924,25.014011,0.050382294,0.7024838,0.72720337,1,1,0,0.0020141602,0.028076172,25.023926,27,206,1,0,255,2,0,1782507959.7102509,52
25.026367,25.019949,0.31612578,0.4704387,0.8319702,1,1,0,0.012634277,0.018798828,25.026367,29,206,1,0,255,2,0,1782507959.7102509,52
25.030762,25.025845,0.15733008,0.4705213,0.7127991,1,1,0,0.006286621,0.018798828,25.030762,29,206,1,0,255,2,0,1782507959.7102509,52
25.023926,25.019283,0.105367474,0.4703928,0.72821045,1,1,0,0.004211426,0.018798828,25.023926,29,206,1,0,255,2,0,1782507959.7102509,52
25.030764,25.026283,0.05346199,0.4705213,0.89974976,1,1,0,0.0021362305,0.018798828,25.030762,29,206,1,0,255,2,0,1782507959.7102509,52
25.028076,25.025024,0.117611155,0.3727188,1.0047302,1,1,0,0.004699707,0.014892578,25.028076,60,206,0,0,255,2,0,1782507959.7102509,52
25.032713,25.02982,0.0122215925,0.3804264,1.0142517,1,1,0,0.00048828125,0.015197754,25.032715,60,206,0,0,255,2,0,1782507959.7102509,52
25.023926,25.015871,0.26415443,0.577283,0.7579956,1,1,0,0.010559082,0.023071289,25.023926,61,206,1,0,255,2,0,1782507959.7102509,52
25.034668,25.026999,0.21233132,0.58211356,0.8668823,1,1,0,0.008483887,0.023254395,25.034668,61,206,1,0,255,2,0,1782507959.7102509,52
25.019285,25.011936,0.160296,0.58480924,0.8147583,1,1,0,0.0064086914,0.023376465,25.019287,61,206,1,0,255,2,0,1782507959.7102509,52
25.012451,25.005281,0.10683474,0.5892281,0.75115967,1,1,0,0.004272461,0.02355957,25.012451,61,206,1,0,255,2,0,1782507959.7102509,52
25.029543,25.022465,0.054981086,0.5926852,0.9038696,1,1,0,0.0021972656,0.02368164,25.029541,61,206,1,0,255,2,0,1782507959.7102509,52
25.030762,25.023634,0.0030546428,0.59729606,0.86276245,1,1,0,0.00012207031,0.023864746,25.030762,61,206,1,0,255,2,0,1782507959.7102509,52
25.031982,25.018139,0.32373908,0.7668511,0.6805115,1,1,0,0.012939453,0.030639648,25.031982,24,207,0,0,255,2,0,1782507959.8107572,53
25.031248,25.018993,0.16644962,0.76530164,0.70739746,1,2,0,0.006652832,0.030578613,25.03125,24,207,0,0,255,2,0,1782507959.8107572,53
25.031248,25.019283,0.11453,0.76530164,0.48980713,1,2,0,0.0045776367,0.030578613,25.03125,24,207,0,0,255,2,0,1782507959.8107572,53
25.031248,25.019472,0.061082818,0.76530164,0.6683655,1,2,0,0.0024414062,0.030578613,25.03125,24,207,0,0,255,2,0,1782507959.8107572,53
25.03247,25.0246,0.32382268,0.5377656,0.7732544,1,1,0,0.012939453,0.021484375,25.03247,26,207,0,0,255,2,0,1782507959.8107572,53
25.031006,25.023752,0.2718752,0.53773415,0.8764343,1,1,0,0.010864258,0.021484375,25.031006,26,207,0,0,255,2,0,1782507959.8107572,53
25.019775,25.013449,0.16641273,0.5374929,1.0001526,1,1,0,0.006652832,0.021484375,25.019775,26,207,0,0,255,2,0,1782507959.8107572,53
25.020752,25.008207,0.3663574,0.70239466,0.6737976,1,1,0,0.0146484375,0.028076172,25.020752,27,207,1,0,255,2,0,1782507959.8107572,53
25.023926,25.013847,0.10381783,0.7024838,0.7076721,1,1,0,0.0041503906,0.028076172,25.023926,27,207,1,0,255,2,0,1782507959.8107572,53
25.017336,25.007421,0.05189536,0.7022987,0.6347656,1,1,0,0.0020751953,0.028076172,25.017334,27,207,1,0,255,2,0,1782507959.8107572,53
25.029543,25.024233,0.21078038,0.47049835,0.9428711,1,1,0,0.008422852,0.018798828,25.029541,29,207,1,0,255,2,0,1782507959.8107572,53
25.030764,25.025837,0.15885754,0.4705213,0.93569946,1,1,0,0.0063476562,0.018798828,25.030762,29,207,1,0,255,2,0,1782507959.8107572,53
25.016848,25.012455,0.0015266391,0.46873304,0.98202515,1,1,0,6.1035156e-05,0.018737793,25.016846,29,207,1,0,255,2,0,1782507959.8107572,53
25.03247,25.029196,0.16498975,0.36972886,0.7879944,1,1,0,0.006591797,0.014770508,25.03247,60,207,0,0,255,2,0,1782507959.8107572,53
25.032711,25.029797,0.05958032,0.37737098,0.7992859,1,1,0,0.002380371,0.015075684,25.032715,60,207,0,0,255,2,0,1782507959.8107572,53
25.031492,25.028578,0.0076381164,0.38193545,0.82528687,1,1,0,0.00030517578,0.015258789,25.031494,60,207,0,0,255,2,0,1782507959.8107572,53
25.021729,25.012583,0.36489448,0.5695983,0.6039429,1,1,0,0.014587402,0.022766113,25.021729,61,207,1,0,255,2,0,1782507959.8107572,53
25.019289,25.010742,0.3129559,0.5741227,0.86813354,1,1,0,0.012512207,0.022949219,25.019287,61,207,1,0,255,2,0,1782507959.8107572,53
25.025146,25.01714,0.25958657,0.57731116,0.86483765,1,1,0,0.010375977,0.023071289,25.025146,61,207,1,0,255,2,0,1782507959.8107572,53
25.025148,25.017519,0.20766973,0.5818922,0.7076721,1,1,0,0.008300781,0.023254395,25.025146,61,207,1,0,255,2,0,1782507959.8107572,53
25.023924,25.016603,0.15574503,0.58491766,0.7600708,1,1,0,0.006225586,0.023376465,25.023926,61,207,1,0,255,2,0,1782507959.8107572,53
25.016846,25.009695,0.102274105,0.5893316,0.8496704,1,1,0,0.0040893555,0.02355957,25.016846,61,207,1,0,255,2,0,1782507959.8107572,53
25.019531,25.012465,0.05037918,0.5924482,0.6522217,1,1,0,0.0020141602,0.02368164,25.019531,61,207,1,0,255,2,0,1782507959.8107572,53
25.021484,25.014359,-0.0015267553,0.5970747,1.092865,1,1,0,-6.1035156e-05,0.023864746,25.021484,61,207,1,0,255,2,0,1782507959.8107572,53
25.031492,25.01763,0.32525975,0.76683617,1.0523987,1,1,0,0.013000488,0.030639648,25.031494,24,208,0,0,255,2,0,1782507959.9098217,54
25.032959,25.019716,0.2733586,0.76688105,0.6571045,1,1,0,0.010925293,0.030639648,25.032959,24,208,0,0,255,2,0,1782507959.9098217,54
25.032225,25.019497,0.22143078,0.7668586,0.71084595,1,1,0,0.008850098,0.030639648,25.032227,24,208,0,0,255,2,0,1782507959.9098217,54
25.031738,25.019424,0.16797963,0.7668437,0.71865845,1,2,0,0.006713867,0.030639648,25.031738,24,208,0,0,255,2,0,1782507959.9098217,54
25.031248,25.019278,0.116057046,0.76530164,0.7489929,1,2,0,0.004638672,0.030578613,25.03125,24,208,0,0,255,2,0,1782507959.9098217,54
25.031248,25.019468,0.06260989,0.76530164,0.8105469,1,2,0,0.0025024414,0.030578613,25.03125,24,208,0,0,255,2,0,1782507959.9098217,54
25.02612,25.014418,0.010687314,0.7651449,0.42129517,1,2,0,0.0004272461,0.030578613,25.026123,24,208,0,0,255,2,0,1782507959.9098217,54
25.026125,25.018213,0.32679456,0.53762925,0.8122864,1,1,0,0.013061523,0.021484375,25.026123,26,208,0,0,255,2,0,1782507959.9098217,54
25.032715,25.025444,0.2734212,0.53777087,0.86343384,1,1,0,0.010925293,0.021484375,25.032715,26,208,0,0,255,2,0,1782507959.9098217,54
25.019775,25.013021,0.22137347,0.5374929,0.9949646,1,1,0,0.008850098,0.021484375,25.019775,26,208,0,0,255,2,0,1782507959.9098217,54
25.032469,25.02669,0.010692557,0.5377656,0.82528687,1,1,0,0.0004272461,0.021484375,25.03247,26,208,0,0,255,2,0,1782507959.9098217,54
25.023924,25.012066,0.3160262,0.7024838,0.695343,1,1,0,0.012634277,0.028076172,25.023926,27,208,1,0,255,2,0,1782507959.9098217,54
25.027344,25.016087,0.26415673,0.7025797,0.6737976,1,1,0,0.010559082,0.028076172,25.027344,27,208,1,0,255,2,0,1782507959.9098217,54
25.029541,25.018776,0.21226156,0.70264137,0.92645264,1,1,0,0.008483887,0.028076172,25.029541,27,208,1,0,255,2,0,1782507959.9098217,54
25.026367,25.016,0.1587951,0.70255226,0.81552124,1,1,0,0.0063476562,0.028076172,25.026367,27,208,1,0,255,2,0,1782507959.9098217,54
25.021729,25.011639,0.106861904,0.7024221,0.71383667,1,1,0,0.004272461,0.028076172,25.021729,27,208,1,0,255,2,0,1782507959.9098217,54
25.028563,25.0187,0.0015270202,0.70261395,0.8196411,1,1,0,6.1035156e-05,0.028076172,25.028564,27,208,1,0,255,2,0,1782507959.9098217,54
25.01807,25.01227,0.2625896,0.47028264,0.9768982,1,1,0,0.010498047,0.018798828,25.018066,29,208,1,0,255,2,0,1782507959.9098217,54
25.016846,25.01154,0.21067347,0.4702597,0.8270874,1,1,0,0.008422852,0.018798828,25.016846,29,208,1,0,255,2,0,1782507959.9098217,54
25.023924,25.019009,0.1572871,0.4703928,0.76623535,1,1,0,0.006286621,0.018798828,25.023926,29,208,1,0,255,2,0,1782507959.9098217,54
25.01465,25.010172,0.053427573,0.4702184,0.7706299,1,1,0,0.0021362305,0.018798828,25.014648,29,208,1,0,255,2,0,1782507959.9098217,54
25.023926,25.019533,-0.0,0.4688657,0.7395325,1,1,0,-0.0,0.018737793,25.023926,29,208,1,0,255,2,0,1782507959.9098217,54
25.015627,25.012333,0.167932,0.36948004,0.73516846,1,1,0,0.006713867,0.014770508,25.015625,60,208,0,0,255,2,0,1782507959.9098217,54
25.034178,25.031256,0.062639385,0.37739307,0.7342529,1,1,0,0.0025024414,0.015075684,25.03418,60,208,0,0,255,2,0,1782507959.9098217,54
25.032713,25.02982,0.010693895,0.3804264,0.650177,1,1,0,0.0004272461,0.015197754,25.032715,60,208,0,0,255,2,0,1782507959.9098217,54
25.021484,25.012293,0.36794418,0.5695927,1.1687927,1,1,0,0.014709473,0.022766113,25.021484,61,208,1,0,255,2,0,1782507959.9098217,54
25.026367,25.01778,0.3160984,0.5742852,0.7836914,1,1,0,0.012634277,0.022949219,25.026367,61,208,1,0,255,2,0,1782507959.9098217,54
25.022953,25.014914,0.26261738,0.5772605,0.82580566,1,1,0,0.010498047,0.023071289,25.02295,61,208,1,0,255,2,0,1782507959.9098217,54
25.023926,25.016273,0.21071334,0.5818638,0.9182434,1,1,0,0.008422852,0.023254395,25.023926,61,208,1,0,255,2,0,1782507959.9098217,54
25.020266,25.0131,0.10534143,0.58941215,0.8475952,1,1,0,0.004211426,0.02355957,25.020264,61,208,1,0,255,2,0,1782507959.9098217,54
25.02295,25.015877,0.05343976,0.5925291,0.72720337,1,1,0,0.0021362305,0.02368164,25.02295,61,208,1,0,255,2,0,1782507959.9098217,54
25.028563,25.021437,0.0015271873,0.59724367,0.87713623,1,1,0,6.1035156e-05,0.023864746,25.028564,61,208,1,0,255,2,0,1782507959.9098217,54
25.032715,25.01889,0.32222155,0.76687354,0.7325134,1,1,0,0.012878418,0.030639648,25.032715,24,209,0,0,255,2,0,1782507960.0110652,55
25.033934,25.021976,0.11301507,0.7653838,0.71258545,1,2,0,0.0045166016,0.030578613,25.033936,24,209,0,0,255,2,0,1782507960.0110652,55
25.027098,25.015326,0.05954587,0.76517475,0.45251465,1,2,0,0.002380371,0.030578613,25.0271,24,209,0,0,255,2,0,1782507960.0110652,55
25.032469,25.024578,0.32535008,0.5377656,1.0359192,1,1,0,0.013000488,0.021484375,25.03247,26,209,0,0,255,2,0,1782507960.0110652,55
25.026125,25.018871,0.27182218,0.53762925,0.82354736,1,1,0,0.010864258,0.021484375,25.026123,26,209,0,0,255,2,0,1782507960.0110652,55
25.03247,25.026615,0.06262777,0.5377656,0.81747437,1,1,0,0.0025024414,0.021484375,25.03247,26,209,0,0,255,2,0,1782507960.0110652,55
25.02295,25.010382,0.36791605,0.70245636,0.78060913,1,1,0,0.014709473,0.028076172,25.02295,27,209,1,0,255,2,0,1782507960.0110652,55
25.017336,25.005499,0.31441674,0.7022987,0.49197388,1,1,0,0.012573242,0.028076172,25.017334,27,209,1,0,255,2,0,1782507960.0110652,55
25.03296,25.021715,0.2626888,0.70273733,0.8545532,1,1,0,0.010498047,0.028076172,25.032959,27,209,1,0,255,2,0,1782507960.0110652,55
25.019287,25.009205,0.10532503,0.70235354,0.87838745,1,1,0,0.004211426,0.028076172,25.019287,27,209,1,0,255,2,0,1782507960.0110652,55
25.030762,25.020897,-0.0,0.70267564,0.74053955,1,1,0,-0.0,0.028076172,25.030762,27,209,1,0,255,2,0,1782507960.0110652,55
25.012451,25.007816,0.1037928,0.47017708,0.79629517,1,1,0,0.0041503906,0.018798828,25.012451,29,209,1,0,255,2,0,1782507960.0110652,55
25.013674,25.009228,0.05189911,0.46867356,0.7337036,1,1,0,0.0020751953,0.018737793,25.013672,29,209,1,0,255,2,0,1782507960.0110652,55
25.027344,25.022951,-0.0015272797,0.46892974,0.8915405,1,1,0,-6.1035156e-05,0.018737793,25.027344,29,209,1,0,255,2,0,1782507960.0110652,55
25.02295,25.019276,0.21990165,0.3680611,0.9109802,1,1,0,0.0087890625,0.014709473,25.02295,60,209,0,0,255,2,0,1782507960.0110652,55
25.031738,25.028421,0.16804002,0.37124568,0.7940674,1,1,0,0.006713867,0.014831543,25.031738,60,209,0,0,255,2,0,1782507960.0110652,55
25.025146,25.022057,0.116069935,0.37572965,0.85302734,1,1,0,0.004638672,0.015014648,25.025146,60,209,0,0,255,2,0,1782507960.0110652,55
25.026123,25.023178,0.06261917,0.3787989,0.71951294,1,1,0,0.0025024414,0.015136719,25.026123,60,209,0,0,255,2,0,1782507960.0110652,55
25.031006,25.028065,0.010693144,0.38345563,0.7845459,1,1,0,0.0004272461,0.015319824,25.031006,60,209,0,0,255,2,0,1782507960.0110652,55
25.021482,25.012222,0.36794314,0.5726463,0.7942505,1,1,0,0.014709473,0.022888184,25.021484,61,209,1,0,255,2,0,1782507960.0110652,55
25.014648,25.006031,0.31594992,0.5755426,0.72036743,1,1,0,0.012634277,0.023010254,25.014648,61,209,1,0,255,2,0,1782507960.0110652,55
25.02173,25.013622,0.26260382,0.5802859,0.7991028,1,1,0,0.010498047,0.02319336,25.021729,61,209,1,0,255,2,0,1782507960.0110652,55
25.013674,25.005987,0.21062669,0.5831517,0.7152405,1,1,0,0.008422852,0.02331543,25.013672,61,209,1,0,255,2,0,1782507960.0110652,55
25.018312,25.0109,0.15876272,0.58783954,0.6758423,1,1,0,0.0063476562,0.023498535,25.01831,61,209,1,0,255,2,0,1782507960.0110652,55
25.023926,25.016724,0.10535669,0.59102535,0.81347656,1,1,0,0.004211426,0.023620605,25.023926,61,209,1,0,255,2,0,1782507960.0110652,55
25.026367,25.01922,0.053446904,0.59566414,0.7836914,1,1,0,0.0021362305,0.023803711,25.026367,61,209,1,0,255,2,0,1782507960.0110652,55
25.025146,25.017984,0.0015269766,0.598689,0.8607178,1,1,0,6.1035156e-05,0.023925781,25.025146,61,209,1,0,255,2,0,1782507960.0110652,55
25.031006,25.017843,0.27028382,0.7652942,0.673584,1,2,0,0.010803223,0.030578613,25.031006,24,210,0,0,255,2,0,1782507960.1100194,56
25.03198,25.020277,0.0091627,0.76532406,0.74380493,1,2,0,0.00036621094,0.030578613,25.031982,24,210,0,0,255,2,0,1782507960.1100194,56
25.031494,25.023642,0.32228273,0.53774464,0.6805115,1,1,0,0.012878418,0.021484375,25.031494,26,210,0,0,255,2,0,1782507960.1100194,56
25.031006,25.024685,0.16496003,0.53773415,0.7749939,1,1,0,0.006591797,0.021484375,25.031006,26,210,0,0,255,2,0,1782507960.1100194,56
25.019287,25.013258,0.11297569,0.5374824,0.90057373,1,1,0,0.0045166016,0.021484375,25.019287,26,210,0,0,255,2,0,1782507960.1100194,56
25.02124,25.01539,0.061072852,0.53752434,1.0755005,1,1,0,0.0024414062,0.021484375,25.02124,26,210,0,0,255,2,0,1782507960.1100194,56
25.032957,25.020388,0.36500835,0.70426464,0.7867737,1,1,0,0.014587402,0.028137207,25.032959,27,210,1,0,255,2,0,1782507960.1100194,56
25.016846,25.01237,0.053432267,0.4702597,0.7029114,1,1,0,0.0021362305,0.018798828,25.016846,29,210,1,0,255,2,0,1782507960.1100194,56
25.019285,25.014894,-0.0,0.46877876,1.0312805,1,1,0,-0.0,0.018737793,25.019287,29,210,1,0,255,2,0,1782507960.1100194,56
25.03125,25.027594,0.21539171,0.36971083,0.83306885,1,1,0,0.008605957,0.014770508,25.03125,60,210,0,0,255,2,0,1782507960.1100194,56
25.029053,25.025743,0.1634395,0.37273335,0.98132324,1,1,0,0.0065307617,0.014892578,25.029053,60,210,0,0,255,2,0,1782507960.1100194,56
25.031004,25.02791,0.111514255,0.37734523,0.7472534,1,1,0,0.0044555664,0.015075684,25.031006,60,210,0,0,255,2,0,1782507960.1100194,56
25.02905,25.026094,0.058044024,0.38037074,0.68569946,1,1,0,0.002319336,0.015197754,25.029053,60,210,0,0,255,2,0,1782507960.1100194,56
25.034426,25.031464,0.006111197,0.38503578,0.8027344,1,1,0,0.00024414062,0.015380859,25.034424,60,210,0,0,255,2,0,1782507960.1100194,56
25.030762,25.02153,0.3634975,0.574386,0.8360596,1,1,0,0.014526367,0.022949219,25.030762,61,210,1,0,255,2,0,1782507960.1100194,56
25.030762,25.02216,0.31157133,0.5774407,0.77853394,1,1,0,0.012451172,0.023071289,25.030762,61,210,1,0,255,2,0,1782507960.1100194,56
25.01953,25.011435,0.25800064,0.5817616,0.6748047,1,1,0,0.010314941,0.023254395,25.019531,61,210,1,0,255,2,0,1782507960.1100194,56
25.021482,25.013798,0.20611203,0.58486056,0.8865967,1,1,0,0.008239746,0.023376465,25.021484,61,210,1,0,255,2,0,1782507960.1100194,56
25.023926,25.016506,0.15421747,0.5894984,0.68917847,1,1,0,0.006164551,0.02355957,25.023926,61,210,1,0,255,2,0,1782507960.1100194,56
25.025146,25.017927,0.10078077,0.59258115,0.76416016,1,1,0,0.0040283203,0.02368164,25.025146,61,210,1,0,255,2,0,1782507960.1100194,56
25.029541,25.022366,0.048871867,0.597267,0.7867737,1,1,0,0.001953125,0.023864746,25.029541,61,210,1,0,255,2,0,1782507960.1100194,56
25.026367,25.019167,-0.0030540975,0.6002453,0.81140137,1,1,0,-0.00012207031,0.023986816,25.026367,61,210,1,0,255,2,0,1782507960.1100194,56
25.031248,25.017431,0.32525715,0.76530164,0.7307739,1,1,0,0.013000488,0.030578613,25.03125,24,211,0,0,255,2,0,1782507960.2102923,57
25.032225,25.01903,0.2733511,0.7653315,0.7533264,1,1,0,0.010925293,0.030578613,25.032227,24,211,0,0,255,2,0,1782507960.2102923,57
25.02905,25.016384,0.21987624,0.7652345,0.6718445,1,1,0,0.0087890625,0.030578613,25.029053,24,211,0,0,255,2,0,1782507960.2102923,57
25.032957,25.020992,0.11453782,0.7653539,0.8070679,1,2,0,0.0045776367,0.030578613,25.032959,24,211,0,0,255,2,0,1782507960.2102923,57
25.031002,25.019299,0.010689399,0.7652942,0.45684814,1,2,0,0.0004272461,0.030578613,25.031006,24,211,0,0,255,2,0,1782507960.2102923,57
25.031738,25.023867,0.3238132,0.5377499,0.70391846,1,1,0,0.012939453,0.021484375,25.031738,26,211,0,0,255,2,0,1782507960.2102923,57
25.032715,25.025476,0.2703663,0.53777087,0.82873535,1,1,0,0.010803223,0.021484375,25.032715,26,211,0,0,255,2,0,1782507960.2102923,57
25.032715,25.025984,0.21843302,0.53777087,0.7958069,1,1,0,0.008728027,0.021484375,25.032715,26,211,0,0,255,2,0,1782507960.2102923,57
25.028074,25.022045,0.113015376,0.5376712,0.7489929,1,1,0,0.0045166016,0.021484375,25.028076,26,211,0,0,255,2,0,1782507960.2102923,57
25.022459,25.016611,0.061075833,0.53755057,0.90057373,1,1,0,0.0024414062,0.021484375,25.02246,26,211,0,0,255,2,0,1782507960.2102923,57
25.028564,25.015974,0.36647114,0.70414096,0.70666504,1,1,0,0.0146484375,0.028137207,25.028564,27,211,1,0,255,2,0,1782507960.2102923,57
25.01587,25.004648,0.2609833,0.7022576,0.71832275,1,1,0,0.010437012,0.028076172,25.01587,27,211,1,0,255,2,0,1782507960.2102923,57
25.023195,25.01328,0.050380822,0.7024632,0.8722229,1,1,0,0.0020141602,0.028076172,25.023193,27,211,1,0,255,2,0,1782507960.2102923,57
25.019289,25.01289,0.3145097,0.4703056,0.9378967,1,1,0,0.012573242,0.018798828,25.019287,29,211,1,0,255,2,0,1782507960.2102923,57
25.032959,25.02832,0.103877895,0.4705626,0.86276245,1,1,0,0.0041503906,0.018798828,25.032959,29,211,1,0,255,2,0,1782507960.2102923,57
25.029543,25.025066,0.051931977,0.47049835,0.8442688,1,1,0,0.0020751953,0.018798828,25.029541,29,211,1,0,255,2,0,1782507960.2102923,57
25.021729,25.017336,-0.0,0.4688245,0.66659546,1,1,0,-0.0,0.018737793,25.021729,29,211,1,0,255,2,0,1782507960.2102923,57
25.031492,25.0286,0.009165748,0.38040784,0.60769653,1,1,0,0.00036621094,0.015197754,25.031494,60,211,0,0,255,2,0,1782507960.2102923,57
25.032959,25.024424,0.3146547,0.57290894,0.8175659,1,1,0,0.012573242,0.022888184,25.032959,61,211,1,0,255,2,0,1782507960.2102923,57
25.013184,25.005165,0.26098868,0.5770352,1.1461792,1,1,0,0.010437012,0.023071289,25.013184,61,211,1,0,255,2,0,1782507960.2102923,57
25.020264,25.01266,0.20915614,0.58025193,0.8496704,1,1,0,0.008361816,0.02319336,25.020264,61,211,1,0,255,2,0,1782507960.2102923,57
25.027342,25.02001,0.15729341,0.58499753,0.7970276,1,1,0,0.006286621,0.023376465,25.027344,61,211,1,0,255,2,0,1782507960.2102923,57
25.01367,25.00655,0.10378754,0.5877305,0.6659851,1,1,0,0.0041503906,0.023498535,25.013672,61,211,1,0,255,2,0,1782507960.2102923,57
25.014648,25.007582,0.051895693,0.59233254,0.7357483,1,1,0,0.0020751953,0.02368164,25.014648,61,211,1,0,255,2,0,1782507960.2102923,57
25.029541,25.02245,-0.0,0.59573966,0.81347656,1,1,0,-0.0,0.023803711,25.029541,61,211,1,0,255,2,0,1782507960.2102923,57
25.031006,25.017122,0.32678032,0.7668212,0.7637329,1,2,0,0.013061523,0.030639648,25.031006,24,212,0,0,255,2,0,1782507960.3101757,58
25.031738,25.018496,0.2733453,0.7668437,0.6770325,1,2,0,0.010925293,0.030639648,25.031738,24,212,0,0,255,2,0,1782507960.3101757,58
25.032469,25.019741,0.22143294,0.7668661,0.7767334,1,2,0,0.008850098,0.030639648,25.03247,24,212,0,0,255,2,0,1782507960.3101757,58
25.031738,25.01972,0.1160591,0.7668437,0.41262817,1,2,0,0.004638672,0.030639648,25.031738,24,212,0,0,255,2,0,1782507960.3101757,58
25.031248,25.019419,0.06413683,0.7668287,0.45077515,1,2,0,0.0025634766,0.030639648,25.03125,24,212,0,0,255,2,0,1782507960.3101757,58
25.027102,25.01927,0.3206991,0.5376502,0.7914734,1,1,0,0.012817383,0.021484375,25.0271,26,212,0,0,255,2,0,1782507960.3101757,58
25.031006,25.023785,0.26882052,0.53773415,0.70391846,1,1,0,0.0107421875,0.021484375,25.031006,26,212,0,0,255,2,0,1782507960.3101757,58
25.0271,25.020397,0.21532978,0.5376502,0.85910034,1,1,0,0.008605957,0.021484375,25.0271,26,212,0,0,255,2,0,1782507960.3101757,58
25.032469,25.026443,0.11150772,0.5377656,0.87384033,1,1,0,0.0044555664,0.021484375,25.03247,26,212,0,0,255,2,0,1782507960.3101757,58
25.031738,25.02596,0.0061098537,0.5377499,0.8009949,1,1,0,0.00024414062,0.021484375,25.031738,26,212,0,0,255,2,0,1782507960.3101757,58
25.023195,25.011395,0.31143725,0.7024632,0.9286804,1,1,0,0.012451172,0.028076172,25.023193,27,212,1,0,255,2,0,1782507960.3101757,58
25.025146,25.013952,0.25802663,0.70251805,0.8668823,1,1,0,0.010314941,0.028076172,25.025146,27,212,1,0,255,2,0,1782507960.3101757,58
25.026365,25.015654,0.20612732,0.70255226,0.750824,1,1,0,0.008239746,0.028076172,25.026367,27,212,1,0,255,2,0,1782507960.3101757,58
25.030764,25.020422,0.1542416,0.70267564,0.7744446,1,1,0,0.006164551,0.028076172,25.030762,27,212,1,0,255,2,0,1782507960.3101757,58
25.02246,25.012552,0.0488527,0.70244265,0.8701782,1,1,0,0.001953125,0.028076172,25.02246,27,212,1,0,255,2,0,1782507960.3101757,58
25.02246,25.0126,-0.003053296,0.70244265,0.91534424,1,1,0,-0.00012207031,0.028076172,25.02246,27,212,1,0,255,2,0,1782507960.3101757,58
25.032959,25.027142,0.26427343,0.4705626,0.86276245,1,1,0,0.010559082,0.018798828,25.032959,29,212,1,0,255,2,0,1782507960.3101757,58
25.030764,25.02544,0.2123181,0.4705213,0.7600708,1,1,0,0.008483887,0.018798828,25.030762,29,212,1,0,255,2,0,1782507960.3101757,58
25.028566,25.02364,0.15884359,0.47048,0.70358276,1,1,0,0.0063476562,0.018798828,25.028564,29,212,1,0,255,2,0,1782507960.3101757,58
25.029541,25.02489,0.10691852,0.47049835,0.80526733,1,1,0,0.004272461,0.018798828,25.029541,29,212,1,0,255,2,0,1782507960.3101757,58
25.029541,25.025148,0.0015274138,0.4689709,0.76623535,1,1,0,6.1035156e-05,0.018737793,25.029541,29,212,1,0,255,2,0,1782507960.3101757,58
25.028074,25.024824,0.16496094,0.36813653,0.6926575,1,1,0,0.006591797,0.014709473,25.028076,60,212,0,0,255,2,0,1782507960.3101757,58
25.03247,25.029446,0.111521095,0.37278426,0.83654785,1,1,0,0.0044555664,0.014892578,25.03247,60,212,0,0,255,2,0,1782507960.3101757,58
25.021236,25.018347,0.059553064,0.375671,0.7689514,1,1,0,0.002380371,0.015014648,25.02124,60,212,0,0,255,2,0,1782507960.3101757,58
25.031248,25.028357,0.007638049,0.38040414,0.6926575,1,1,0,0.00030517578,0.015197754,25.03125,60,212,0,0,255,2,0,1782507960.3101757,58
25.028564,25.019415,0.36499417,0.5697539,0.80526733,1,1,0,0.014587402,0.022766113,25.028564,61,212,1,0,255,2,0,1782507960.3101757,58
25.027344,25.01975,0.20768826,0.58041614,0.77752686,1,1,0,0.008300781,0.02319336,25.027344,61,212,1,0,255,2,0,1782507960.3101757,58
25.025146,25.017834,0.15422566,0.58494616,0.7220459,1,1,0,0.006164551,0.023376465,25.025146,61,212,1,0,255,2,0,1782507960.3101757,58
25.025146,25.018078,0.050390486,0.59258115,0.77545166,1,1,0,0.0020141602,0.02368164,25.025146,61,212,1,0,255,2,0,1782507960.3101757,58
25.029541,25.02245,-0.0030544982,0.59573966,0.91000366,1,1,0,-0.00012207031,0.023803711,25.029541,61,212,1,0,255,2,0,1782507960.3101757,58
25.034178,25.02098,0.27337244,0.76539123,0.83828735,1,2,0,0.010925293,0.030578613,25.03418,24,213,0,0,255,2,0,1782507960.4103746,59
25.031248,25.018566,0.22142254,0.76530164,0.7602539,1,1,0,0.008850098,0.030578613,25.03125,24,213,0,0,255,2,0,1782507960.4103746,59
25.032715,25.020437,0.16951361,0.7653464,0.6744385,1,2,0,0.0067749023,0.030578613,25.032715,24,213,0,0,255,2,0,1782507960.4103746,59
25.032713,25.02093,0.06414071,0.7653464,0.71343994,1,2,0,0.0025634766,0.030578613,25.032715,24,213,0,0,255,2,0,1782507960.4103746,59
25.032469,25.020763,0.010690025,0.76533896,0.61203,1,2,0,0.0004272461,0.030578613,25.03247,24,213,0,0,255,2,0,1782507960.4103746,59
25.029053,25.021149,0.32377803,0.5392195,1.0567322,1,1,0,0.012939453,0.02154541,25.029053,26,213,0,0,255,2,0,1782507960.4103746,59
25.03247,25.025217,0.27189112,0.5377656,0.94577026,1,1,0,0.010864258,0.021484375,25.03247,26,213,0,0,255,2,0,1782507960.4103746,59
25.031494,25.02475,0.21994977,0.53774464,0.82873535,1,1,0,0.0087890625,0.021484375,25.031494,26,213,0,0,255,2,0,1782507960.4103746,59
25.02856,25.018204,0.15728205,0.70261395,0.71588135,1,1,0,0.006286621,0.028076172,25.028564,27,213,1,0,255,2,0,1782507960.4103746,59
25.020264,25.01035,0.051901434,0.70238096,0.9512329,1,1,0,0.0020751953,0.028076172,25.020264,27,213,1,0,255,2,0,1782507960.4103746,59
25.02637,25.020552,0.26420388,0.4704387,0.81552124,1,1,0,0.010559082,0.018798828,25.026367,29,213,1,0,255,2,0,1782507960.4103746,59
25.025146,25.019825,0.21227045,0.47041574,0.85043335,1,1,0,0.008483887,0.018798828,25.025146,29,213,1,0,255,2,0,1782507960.4103746,59
25.025146,25.020496,0.106899746,0.47041574,0.75390625,1,1,0,0.004272461,0.018798828,25.025146,29,213,1,0,255,2,0,1782507960.4103746,59
25.021484,25.017006,0.053442173,0.4703469,0.97998047,1,1,0,0.0021362305,0.018798828,25.021484,29,213,1,0,255,2,0,1782507960.4103746,59
25.031982,25.028921,0.11457412,0.37430465,0.97525024,1,1,0,0.0045776367,0.014953613,25.031982,60,213,0,0,255,2,0,1782507960.4103746,59
25.0271,25.024183,0.010691486,0.38186842,0.6423645,1,1,0,0.0004272461,0.015258789,25.0271,60,213,0,0,255,2,0,1782507960.4103746,59
25.025146,25.01656,0.31608298,0.5742572,0.74053955,1,1,0,0.012634277,0.022949219,25.025146,61,213,1,0,255,2,0,1782507960.4103746,59
25.027344,25.01927,0.2626631,0.57888895,0.7949829,1,1,0,0.010498047,0.023132324,25.027344,61,213,1,0,255,2,0,1782507960.4103746,59
25.017334,25.009684,0.21065784,0.5817105,0.7210388,1,1,0,0.008422852,0.023254395,25.017334,61,213,1,0,255,2,0,1782507960.4103746,59
25.025146,25.01798,0.10536198,0.5895272,0.7569885,1,1,0,0.004211426,0.02355957,25.025146,61,213,1,0,255,2,0,1782507960.4103746,59
25.014647,25.00754,0.053421948,0.5938589,0.8045044,1,1,0,0.0021362305,0.023742676,25.014648,61,213,1,0,255,2,0,1782507960.4103746,59
25.014648,25.007524,-0.0,0.59691155,0.8127136,1,1,0,-0.0,0.023864746,25.014648,61,213,1,0,255,2,0,1782507960.4103746,59
25.03003,25.01736,0.21988483,0.76526433,0.71084595,1,1,0,0.0087890625,0.030578613,25.03003,24,214,0,0,255,2,0,1782507960.5101333,60
25.034178,25.021921,0.1664691,0.76539123,0.6779175,1,2,0,0.006652832,0.030578613,25.03418,24,214,0,0,255,2,0,1782507960.5101333,60
25.034668,25.02743,0.2703874,0.5378128,0.8825073,1,1,0,0.010803223,0.021484375,25.034668,26,214,0,0,255,2,0,1782507960.5101333,60
25.019775,25.013927,0.061069284,0.5374929,1.1239929,1,1,0,0.0024414062,0.021484375,25.019775,26,214,0,0,255,2,0,1782507960.5101333,60
25.032225,25.026447,0.0076374663,0.5377604,0.72299194,1,1,0,0.00030517578,0.021484375,25.032227,26,214,0,0,255,2,0,1782507960.5101333,60
25.036621,25.026539,0.1038705,0.70284015,0.70422363,1,1,0,0.0041503906,0.028076172,25.036621,27,214,1,0,255,2,0,1782507960.5101333,60
25.023926,25.019001,0.15881415,0.4703928,0.7251282,1,1,0,0.0063476562,0.018798828,25.023926,29,214,1,0,255,2,0,1782507960.5101333,60
25.030762,25.026117,0.10539626,0.4705213,0.8977051,1,1,0,0.004211426,0.018798828,25.030762,29,214,1,0,255,2,0,1782507960.5101333,60
25.020264,25.015785,0.053439565,0.47032395,0.90301514,1,1,0,0.0021362305,0.018798828,25.020264,29,214,1,0,255,2,0,1782507960.5101333,60
25.031006,25.02733,0.21997245,0.36817962,0.9293213,1,1,0,0.0087890625,0.014709473,25.031006,60,214,0,0,255,2,0,1782507960.5101333,60
25.016603,25.013266,0.16793826,0.37254792,0.95947266,1,1,0,0.006713867,0.014892578,25.016602,60,214,0,0,255,2,0,1782507960.5101333,60
25.03467,25.031578,0.1161141,0.3758726,0.7897339,1,1,0,0.004638672,0.015014648,25.034668,60,214,0,0,255,2,0,1782507960.5101333,60
25.031248,25.028309,0.010693248,0.38345936,0.6770325,1,1,0,0.0004272461,0.015319824,25.03125,60,214,0,0,255,2,0,1782507960.5101333,60
25.018309,25.00905,0.36789647,0.57257366,0.6614685,1,1,0,0.014709473,0.022888184,25.01831,61,214,1,0,255,2,0,1782507960.5101333,60
25.020264,25.011608,0.31602043,0.5771985,0.839386,1,1,0,0.012634277,0.023071289,25.020264,61,214,1,0,255,2,0,1782507960.5101333,60
25.01465,25.006544,0.26252952,0.58012176,0.86813354,1,1,0,0.010498047,0.02319336,25.014648,61,214,1,0,255,2,0,1782507960.5101333,60
25.012451,25.00473,0.21061611,0.58464944,0.7008667,1,1,0,0.008422852,0.023376465,25.012451,61,214,1,0,255,2,0,1782507960.5101333,60
25.020264,25.012852,0.1587751,0.58788544,0.7367859,1,1,0,0.0063476562,0.023498535,25.020264,61,214,1,0,255,2,0,1782507960.5101333,60
25.023926,25.016687,0.10535654,0.59255224,0.8340149,1,1,0,0.004211426,0.02368164,25.023926,61,214,1,0,255,2,0,1782507960.5101333,60
25.01831,25.011166,0.053429697,0.5954724,0.599823,1,1,0,0.0021362305,0.023803711,25.01831,61,214,1,0,255,2,0,1782507960.5101333,60
25.034668,25.027466,-0.0,0.6004444,1.0270996,1,1,0,-0.0,0.023986816,25.034668,61,214,1,0,255,2,0,1782507960.5101333,60
25.031736,25.018541,0.27334577,0.7653166,0.8122864,1,1,0,0.010925293,0.030578613,25.031738,24,215,0,0,255,2,0,1782507960.6102524,61
25.032469,25.0198,0.21990627,0.76533896,0.70477295,1,1,0,0.0087890625,0.030578613,25.03247,24,215,0,0,255,2,0,1782507960.6102524,61
25.032713,25.020447,0.16798648,0.7653464,0.61376953,1,1,0,0.006713867,0.030578613,25.032715,24,215,0,0,255,2,0,1782507960.6102524,61
25.032715,25.020742,0.11606384,0.7653464,0.6805115,1,2,0,0.004638672,0.030578613,25.032715,24,215,0,0,255,2,0,1782507960.6102524,61
25.032469,25.020689,0.06261294,0.76533896,1.0229187,1,1,0,0.0025024414,0.030578613,25.03247,24,215,0,0,255,2,0,1782507960.6102524,61
25.032713,25.021008,0.010690129,0.7653464,0.73773193,1,2,0,0.0004272461,0.030578613,25.032715,24,215,0,0,255,2,0,1782507960.6102524,61
25.032713,25.024822,0.32535324,0.53777087,0.98825073,1,1,0,0.013000488,0.021484375,25.032715,26,215,0,0,255,2,0,1782507960.6102524,61
25.0271,25.01983,0.27335986,0.5376502,0.7550659,1,1,0,0.010925293,0.021484375,25.0271,26,215,0,0,255,2,0,1782507960.6102524,61
25.031982,25.025238,0.21995406,0.53775513,0.85302734,1,1,0,0.0087890625,0.021484375,25.031982,26,215,0,0,255,2,0,1782507960.6102524,61
25.020994,25.015142,0.06259906,0.5375191,1.0391235,1,1,0,0.0025024414,0.021484375,25.020996,26,215,0,0,255,2,0,1782507960.6102524,61
25.02637,25.015127,0.2626196,0.70255226,0.71588135,1,1,0,0.010498047,0.028076172,25.026367,27,215,1,0,255,2,0,1782507960.6102524,61
25.021729,25.011364,0.15876566,0.7024221,0.72821045,1,1,0,0.0063476562,0.028076172,25.021729,27,215,1,0,255,2,0,1782507960.6102524,61
25.02173,25.011646,0.10533531,0.7024221,0.70458984,1,1,0,0.004211426,0.028076172,25.021729,27,215,1,0,255,2,0,1782507960.6102524,61
25.025146,25.015284,0.0015268117,0.70251805,0.88742065,1,1,0,6.1035156e-05,0.028076172,25.025146,27,215,1,0,255,2,0,1782507960.6102524,61
25.021729,25.016432,0.20918769,0.4703515,0.69021606,1,1,0,0.008361816,0.018798828,25.021729,29,215,1,0,255,2,0,1782507960.6102524,61
25.026367,25.021893,0.05192539,0.4704387,0.7610779,1,1,0,0.0020751953,0.018798828,25.026367,29,215,1,0,255,2,0,1782507960.6102524,61
25.031006,25.027357,0.21691734,0.36817962,0.72906494,1,1,0,0.008666992,0.014709473,25.031006,60,215,0,0,255,2,0,1782507960.6102524,61
25.023682,25.020363,0.16493154,0.37265337,1.0806885,1,1,0,0.006591797,0.014892578,25.023682,60,215,0,0,255,2,0,1782507960.6102524,61
25.027098,25.024023,0.11302431,0.37575898,0.7828064,1,1,0,0.0045166016,0.015014648,25.0271,60,215,0,0,255,2,0,1782507960.6102524,61
25.027096,25.024136,0.059566844,0.38034105,0.72732544,1,1,0,0.002380371,0.015197754,25.0271,60,215,0,0,255,2,0,1782507960.6102524,61
25.032715,25.029776,0.007638482,0.3834818,0.83306885,1,1,0,0.00030517578,0.015319824,25.032715,60,215,0,0,255,2,0,1782507960.6102524,61
25.027342,25.018126,0.36497536,0.57278043,0.75491333,1,1,0,0.014587402,0.022888184,25.027344,61,215,1,0,255,2,0,1782507960.6102524,61
25.025146,25.016527,0.3130283,0.57731116,0.75491333,1,1,0,0.012512207,0.023071289,25.025146,61,215,1,0,255,2,0,1782507960.6102524,61
25.023926,25.016226,0.20765899,0.58491766,0.6748047,1,1,0,0.008300781,0.023376465,25.023926,61,215,1,0,255,2,0,1782507960.6102524,61
25.028564,25.02117,0.15577346,0.58808047,0.67993164,1,1,0,0.006225586,0.023498535,25.028564,61,215,1,0,255,2,0,1782507960.6102524,61
25.020754,25.013529,0.10228978,0.5924771,0.71795654,1,1,0,0.0040893555,0.02368164,25.020752,61,215,1,0,255,2,0,1782507960.6102524,61
25.021484,25.014322,-0.0030535061,0.5986014,0.9533081,1,1,0,-0.00012207031,0.023925781,25.021484,61,215,1,0,255,2,0,1782507960.6102524,61
25.031982,25.018158,0.32221213,0.7668511,0.7663269,1,2,0,0.012878418,0.030639648,25.031982,24,216,0,0,255,2,0,1782507960.7100484,62
25.028074,25.014915,0.2702522,0.7652046,1.0402832,1,1,0,0.010803223,0.030578613,25.028076,24,216,0,0,255,2,0,1782507960.7100484,62
25.026121,25.013483,0.21679707,0.7651449,0.68569946,1,2,0,0.008666992,0.030578613,25.026123,24,216,0,0,255,2,0,1782507960.7100484,62
25.031248,25.019003,0.16492257,0.76530164,0.644104,1,2,0,0.006591797,0.030578613,25.03125,24,216,0,0,255,2,0,1782507960.7100484,62
25.039547,25.027594,0.11151285,0.76555544,0.4057312,1,2,0,0.0044555664,0.030578613,25.03955,24,216,0,0,255,2,0,1782507960.7100484,62
25.020264,25.014416,0.061070476,0.53750336,1.07724,1,1,0,0.0024414062,0.021484375,25.020264,26,216,0,0,255,2,0,1782507960.7100484,62
25.027344,25.015503,0.31454256,0.7025797,0.7097168,1,1,0,0.012573242,0.028076172,25.027344,27,216,1,0,255,2,0,1782507960.7100484,62
25.02295,25.012213,0.2091524,0.70245636,0.750824,1,1,0,0.008361816,0.028076172,25.02295,27,216,1,0,255,2,0,1782507960.7100484,62
25.013674,25.00332,0.15718848,0.7021959,0.76242065,1,1,0,0.006286621,0.028076172,25.013672,27,216,1,0,255,2,0,1782507960.7100484,62
25.01953,25.00967,-0.0,0.7023604,0.6871338,1,1,0,-0.0,0.028076172,25.019531,27,216,1,0,255,2,0,1782507960.7100484,62
25.03418,25.027071,0.3666337,0.47058555,0.90179443,1,1,0,0.0146484375,0.018798828,25.03418,29,216,1,0,255,2,0,1782507960.7100484,62
25.015139,25.008741,0.3144575,0.47022757,0.47555542,1,1,0,0.012573242,0.018798828,25.015137,29,216,1,0,255,2,0,1782507960.7100484,62
25.014648,25.009354,0.2091285,0.4702184,0.732666,1,1,0,0.008361816,0.018798828,25.014648,29,216,1,0,255,2,0,1782507960.7100484,62
25.008059,25.003586,0.0518874,0.4700945,0.6516113,1,1,0,0.0020751953,0.018798828,25.008057,29,216,1,0,255,2,0,1782507960.7100484,62
25.020264,25.015871,-0.0,0.46879706,0.7562866,1,1,0,-0.0,0.018737793,25.020264,29,216,1,0,255,2,0,1782507960.7100484,62
25.028078,25.024366,0.22147387,0.36966395,0.84262085,1,1,0,0.008850098,0.014770508,25.028076,60,216,0,0,255,2,0,1782507960.7100484,62
25.0271,25.02375,0.16953605,0.37270427,0.6631775,1,1,0,0.0067749023,0.014892578,25.0271,60,216,0,0,255,2,0,1782507960.7100484,62
25.03003,25.026915,0.11609247,0.3773305,0.72125244,1,1,0,0.004638672,0.015075684,25.03003,60,216,0,0,255,2,0,1782507960.7100484,62
25.032225,25.029253,0.064162046,0.380419,0.7715454,1,1,0,0.0025634766,0.015197754,25.032227,60,216,0,0,255,2,0,1782507960.7100484,62
25.020752,25.01779,0.012215719,0.3848255,0.8694153,1,1,0,0.00048828125,0.015380859,25.020752,60,216,0,0,255,2,0,1782507960.7100484,62
25.022951,25.014294,0.31605434,0.5772605,0.82580566,1,1,0,0.012634277,0.023071289,25.02295,61,216,1,0,255,2,0,1782507960.7100484,62
25.026367,25.018208,0.2641791,0.58192056,0.89974976,1,1,0,0.010559082,0.023254395,25.026367,61,216,1,0,255,2,0,1782507960.7100484,62
25.025146,25.017408,0.21224995,0.58494616,0.7312927,1,1,0,0.008483887,0.023376465,25.025146,61,216,1,0,255,2,0,1782507960.7100484,62
25.023926,25.016478,0.15879813,0.5894984,0.75183105,1,1,0,0.0063476562,0.02355957,25.023926,61,216,1,0,255,2,0,1782507960.7100484,62
25.01831,25.011066,0.10685945,0.59241927,0.695343,1,1,0,0.004272461,0.02368164,25.01831,61,216,1,0,255,2,0,1782507960.7100484,62
25.026367,25.01918,0.054973867,0.5971912,0.7097168,1,1,0,0.0021972656,0.023864746,25.026367,61,216,1,0,255,2,0,1782507960.7100484,62
25.018309,25.011112,0.0015265571,0.60005206,0.7076721,1,1,0,6.1035156e-05,0.023986816,25.01831,61,216,1,0,255,2,0,1782507960.7100484,62
25.032469,25.019814,0.21837917,0.76533896,0.85910034,1,1,0,0.008728027,0.030578613,25.03247,24,217,0,0,255,2,0,1782507960.8097107,63
25.028074,25.015831,0.16490166,0.7652046,0.7307739,1,2,0,0.006591797,0.030578613,25.028076,24,217,0,0,255,2,0,1782507960.8097107,63
25.03198,25.020023,0.11300625,0.76532406,0.6718445,1,2,0,0.0045166016,0.030578613,25.031982,24,217,0,0,255,2,0,1782507960.8097107,63
25.028074,25.0163,0.061075076,0.7652046,0.46984863,1,2,0,0.0024414062,0.030578613,25.028076,24,217,0,0,255,2,0,1782507960.8097107,63
25.033934,25.02223,0.007636179,0.7653838,0.635437,1,2,0,0.00030517578,0.030578613,25.033936,24,217,0,0,255,2,0,1782507960.8097107,63
25.031006,25.02308,0.32533062,0.5392616,0.82006836,1,1,0,0.013000488,0.02154541,25.031006,26,217,0,0,255,2,0,1782507960.8097107,63
25.032957,25.026918,0.11456495,0.5377761,0.83828735,1,1,0,0.0045776367,0.021484375,25.032959,26,217,0,0,255,2,0,1782507960.8097107,63
25.02051,25.014656,0.06259784,0.5375086,1.104065,1,1,0,0.0025024414,0.021484375,25.020508,26,217,0,0,255,2,0,1782507960.8097107,63
25.027344,25.016104,0.26262987,0.7025797,0.7723999,1,1,0,0.010498047,0.028076172,25.027344,27,217,1,0,255,2,0,1782507960.8097107,63
25.018312,25.00823,0.10532092,0.7023261,0.69226074,1,1,0,0.004211426,0.028076172,25.01831,27,217,1,0,255,2,0,1782507960.8097107,63
25.013674,25.003815,-0.0,0.7021959,0.87838745,1,1,0,-0.0,0.028076172,25.013672,27,217,1,0,255,2,0,1782507960.8097107,63
25.031738,25.025318,0.31619364,0.47053966,0.88946533,1,1,0,0.012634277,0.018798828,25.031738,29,217,1,0,255,2,0,1782507960.8097107,63
25.014648,25.010258,0.001526505,0.46869186,0.9091797,1,1,0,6.1035156e-05,0.018737793,25.014648,29,217,1,0,255,2,0,1782507960.8097107,63
25.02124,25.017946,0.1679697,0.36956298,1.0200806,1,1,0,0.006713867,0.014770508,25.02124,60,217,0,0,255,2,0,1782507960.8097107,63
25.033447,25.030403,0.116108656,0.3727988,0.7897339,1,1,0,0.004638672,0.014892578,25.033447,60,217,0,0,255,2,0,1782507960.8097107,63
25.015623,25.012703,0.06259295,0.37711337,0.7984009,1,1,0,0.0025024414,0.015075684,25.015625,60,217,0,0,255,2,0,1782507960.8097107,63
25.015623,25.012732,0.010686593,0.38016668,0.87719727,1,1,0,0.0004272461,0.015197754,25.015625,60,217,0,0,255,2,0,1782507960.8097107,63
25.019289,25.010098,0.36791188,0.5695427,0.99435425,1,1,0,0.014709473,0.022766113,25.019287,61,217,1,0,255,2,0,1782507960.8097107,63
25.021725,25.013142,0.3160398,0.57417876,0.67788696,1,1,0,0.012634277,0.022949219,25.021729,61,217,1,0,255,2,0,1782507960.8097107,63
25.02173,25.013693,0.26260456,0.5772323,0.67276,1,1,0,0.010498047,0.023071289,25.021729,61,217,1,0,255,2,0,1782507960.8097107,63
25.020264,25.012924,0.15877557,0.5848321,0.8825073,1,1,0,0.0063476562,0.023376465,25.020264,61,217,1,0,255,2,0,1782507960.8097107,63
25.025146,25.018072,0.05344445,0.59258115,0.7477417,1,1,0,0.0021362305,0.02368164,25.025146,61,217,1,0,255,2,0,1782507960.8097107,63
25.029541,25.022413,-0.0,0.597267,0.80526733,1,1,0,-0.0,0.023864746,25.029541,61,217,1,0,255,2,0,1782507960.8097107,63
25.032957,25.020302,0.21838343,0.7653539,0.69351196,1,1,0,0.008728027,0.030578613,25.032959,24,218,0,0,255,2,0,1782507960.9102013,64
25.03003,25.018064,0.11452442,0.76526433,0.62677,1,2,0,0.0045776367,0.030578613,25.03003,24,218,0,0,255,2,0,1782507960.9102013,64
25.0271,25.019249,0.32222617,0.5376502,0.98651123,1,1,0,0.012878418,0.021484375,25.0271,26,218,0,0,255,2,0,1782507960.9102013,64
25.027102,25.019865,0.27030566,0.5376502,0.87210083,1,1,0,0.010803223,0.021484375,25.0271,26,218,0,0,255,2,0,1782507960.9102013,64
25.028076,25.021757,0.16494073,0.5376712,0.71343994,1,1,0,0.006591797,0.021484375,25.028076,26,218,0,0,255,2,0,1782507960.9102013,64
25.020264,25.01424,0.11145335,0.53750336,0.65625,1,1,0,0.0044555664,0.021484375,25.020264,26,218,0,0,255,2,0,1782507960.9102013,64
25.032713,25.026865,0.05957334,0.53777087,0.9041748,1,1,0,0.002380371,0.021484375,25.032715,26,218,0,0,255,2,0,1782507960.9102013,64
25.015623,25.00985,0.007632401,0.53740376,1.065979,1,1,0,0.00030517578,0.021484375,25.015625,26,218,0,0,255,2,0,1782507960.9102013,64
25.018066,25.005547,0.36479187,0.70231926,0.8948059,1,1,0,0.014587402,0.028076172,25.018066,27,218,1,0,255,2,0,1782507960.9102013,64
25.023926,25.012106,0.31297296,0.7024838,0.846344,1,1,0,0.012512207,0.028076172,25.023926,27,218,1,0,255,2,0,1782507960.9102013,64
25.030762,25.01955,0.25961158,0.70267564,0.8730469,1,1,0,0.010375977,0.028076172,25.030762,27,218,1,0,255,2,0,1782507960.9102013,64
25.025146,25.015076,0.10229611,0.70251805,0.79293823,1,1,0,0.0040893555,0.028076172,25.025146,27,218,1,0,255,2,0,1782507960.9102013,64
25.01953,25.009619,0.050373446,0.7023604,0.65426636,1,1,0,0.0020141602,0.028076172,25.019531,27,218,1,0,255,2,0,1782507960.9102013,64
25.014648,25.008232,0.31597775,0.4702184,0.82092285,1,1,0,0.012634277,0.018798828,25.014648,29,218,1,0,255,2,0,1782507960.9102013,64
25.025148,25.019331,0.26419097,0.47041574,0.74053955,1,1,0,0.010559082,0.018798828,25.025146,29,218,1,0,255,2,0,1782507960.9102013,64
25.019289,25.01398,0.21069403,0.4703056,0.8722229,1,1,0,0.008422852,0.018798828,25.019287,29,218,1,0,255,2,0,1782507960.9102013,64
25.014648,25.01023,0.0015265032,0.4702184,0.72753906,1,1,0,6.1035156e-05,0.018798828,25.014648,29,218,1,0,255,2,0,1782507960.9102013,64
25.027102,25.023827,0.16495436,0.36964953,0.7307739,1,1,0,0.006591797,0.014770508,25.0271,60,218,0,0,255,2,0,1782507960.9102013,64
25.032469,25.029415,0.113048665,0.37431195,0.7568054,1,1,0,0.0045166016,0.014953613,25.03247,60,218,0,0,255,2,0,1782507960.9102013,64
25.033932,25.031017,0.059583224,0.3773894,0.84869385,1,1,0,0.002380371,0.015075684,25.033936,60,218,0,0,255,2,0,1782507960.9102013,64
25.031248,25.028334,0.007638042,0.38193175,0.73773193,1,1,0,0.00030517578,0.015258789,25.03125,60,218,0,0,255,2,0,1782507960.9102013,64
25.029541,25.020357,0.36500794,0.5713034,0.77853394,1,1,0,0.014587402,0.022827148,25.029541,61,218,1,0,255,2,0,1782507960.9102013,64
25.03076,25.022211,0.3130994,0.574386,0.8792114,1,1,0,0.012512207,0.022949219,25.030762,61,218,1,0,255,2,0,1782507960.9102013,64
25.023926,25.015884,0.25957355,0.5788099,0.75183105,1,1,0,0.010375977,0.023132324,25.023926,61,218,1,0,255,2,0,1782507960.9102013,64
25.029541,25.022182,0.15577976,0.58657616,0.8710022,1,1,0,0.006225586,0.0234375,25.029541,61,218,1,0,255,2,0,1782507960.9102013,64
25.025146,25.017994,0.10230804,0.5895272,0.7610779,1,1,0,0.0040893555,0.02355957,25.025146,61,218,1,0,255,2,0,1782507960.9102013,64
25.026367,25.019262,0.05039287,0.5941371,0.74053955,1,1,0,0.0020141602,0.023742676,25.026367,61,218,1,0,255,2,0,1782507960.9102013,64
25.03247,25.018627,0.3237454,0.7668661,0.7793274,1,1,0,0.012939453,0.030639648,25.03247,24,219,0,0,255,2,0,1782507961.0100405,65
25.026121,25.012945,0.27175778,0.7651449,0.70999146,1,1,0,0.010864258,0.030578613,25.026123,24,219,0,0,255,2,0,1782507961.0100405,65
25.032713,25.020058,0.2183813,0.7653464,0.6805115,1,1,0,0.008728027,0.030578613,25.032715,24,219,0,0,255,2,0,1782507961.0100405,65
25.032713,25.020756,0.11300956,0.7653464,0.6770325,1,2,0,0.0045166016,0.030578613,25.032715,24,219,0,0,255,2,0,1782507961.0100405,65
25.031736,25.01996,0.06108401,0.7653166,0.69351196,1,2,0,0.0024414062,0.030578613,25.031738,24,219,0,0,255,2,0,1782507961.0100405,65
25.031736,25.020033,0.00916261,0.7653166,0.624176,1,2,0,0.00036621094,0.030578613,25.031738,24,219,0,0,255,2,0,1782507961.0100405,65
25.031982,25.024057,0.3253433,0.5392826,1.1052856,1,1,0,0.013000488,0.02154541,25.031982,26,219,0,0,255,2,0,1782507961.0100405,65
25.031738,25.024994,0.21995191,0.5377499,0.71432495,1,1,0,0.0087890625,0.021484375,25.031738,26,219,0,0,255,2,0,1782507961.0100405,65
25.031492,25.025454,0.11455824,0.53774464,0.7680664,1,1,0,0.0045776367,0.021484375,25.031494,26,219,0,0,255,2,0,1782507961.0100405,65
25.02905,25.023197,0.06261922,0.5376922,0.68136597,1,1,0,0.0025024414,0.021484375,25.029053,26,219,0,0,255,2,0,1782507961.0100405,65
25.023924,25.012085,0.3144996,0.7024838,0.7631531,1,1,0,0.012573242,0.028076172,25.023926,27,219,1,0,255,2,0,1782507961.0100405,65
25.025146,25.013906,0.2626068,0.70251805,0.6871338,1,1,0,0.010498047,0.028076172,25.025146,27,219,1,0,255,2,0,1782507961.0100405,65
25.021729,25.011374,0.1572391,0.7024221,0.71795654,1,1,0,0.006286621,0.028076172,25.021729,27,219,1,0,255,2,0,1782507961.0100405,65
25.023926,25.013842,0.105344556,0.7024838,0.83813477,1,1,0,0.004211426,0.028076172,25.023926,27,219,1,0,255,2,0,1782507961.0100405,65
25.027344,25.020906,0.31766528,0.47045705,0.77545166,1,1,0,0.0126953125,0.018798828,25.027344,29,219,1,0,255,2,0,1782507961.0100405,65
25.020264,25.014448,0.2641394,0.47032395,0.92559814,1,1,0,0.010559082,0.018798828,25.020264,29,219,1,0,255,2,0,1782507961.0100405,65
25.020264,25.014942,0.21222903,0.47032395,0.8517151,1,1,0,0.008483887,0.018798828,25.020264,29,219,1,0,255,2,0,1782507961.0100405,65
25.016846,25.011911,0.16029583,0.4702597,0.8414612,1,1,0,0.0064086914,0.018798828,25.016846,29,219,1,0,255,2,0,1782507961.0100405,65
25.026371,25.021887,0.054979816,0.4704387,0.7610779,1,1,0,0.0021972656,0.018798828,25.026367,29,219,1,0,255,2,0,1782507961.0100405,65
25.012451,25.008032,0.0015263691,0.47017708,0.70703125,1,1,0,6.1035156e-05,0.018798828,25.012451,29,219,1,0,255,2,0,1782507961.0100405,65
25.027098,25.023424,0.21993811,0.36812216,0.71606445,1,1,0,0.0087890625,0.014709473,25.0271,60,219,0,0,255,2,0,1782507961.0100405,65
25.031006,25.027689,0.1680351,0.37123483,0.68310547,1,1,0,0.006713867,0.014831543,25.031006,60,219,0,0,255,2,0,1782507961.0100405,65
25.031738,25.028671,0.116100624,0.374301,1.0974731,1,1,0,0.004638672,0.014953613,25.031738,60,219,0,0,255,2,0,1782507961.0100405,65
25.028076,25.025131,0.06262406,0.37882847,0.82702637,1,1,0,0.0025024414,0.015136719,25.028076,60,219,0,0,255,2,0,1782507961.0100405,65
25.023926,25.0147,0.3679796,0.5711753,0.7374573,1,1,0,0.014709473,0.022827148,25.023926,61,219,1,0,255,2,0,1782507961.0100405,65
25.028563,25.020489,0.2626759,0.5789172,0.8833008,1,1,0,0.010498047,0.023132324,25.028564,61,219,1,0,255,2,0,1782507961.0100405,65
25.032959,25.025269,0.2107891,0.5836013,0.7846985,1,1,0,0.008422852,0.02331543,25.032959,61,219,1,0,255,2,0,1782507961.0100405,65
25.02295,25.015574,0.15879239,0.58642167,0.6850891,1,1,0,0.0063476562,0.0234375,25.02295,61,219,1,0,255,2,0,1782507961.0100405,65
25.02173,25.014528,0.10534745,0.59097344,0.7107544,1,1,0,0.004211426,0.023620605,25.021729,61,219,1,0,255,2,0,1782507961.0100405,65
25.029541,25.022429,0.053453755,0.5942124,0.8565979,1,1,0,0.0021362305,0.023742676,25.029541,61,219,1,0,255,2,0,1782507961.0100405,65
25.029541,25.022377,-0.0,0.59879416,0.8175659,1,1,0,-0.0,0.023925781,25.029541,61,219,1,0,255,2,0,1782507961.0100405,65
25.034178,25.020935,0.27337193,0.7669184,0.9310303,1,1,0,0.010925293,0.030639648,25.03418,24,220,0,0,255,2,0,1782507961.1095653,66
25.032469,25.019787,0.22143334,0.76533896,0.7455139,1,1,0,0.008850098,0.030578613,25.03247,24,220,0,0,255,2,0,1782507961.1095653,66
25.032225,25.019958,0.1679832,0.7653315,0.6926575,1,2,0,0.006713867,0.030578613,25.032227,24,220,0,0,255,2,0,1782507961.1095653,66
25.031248,25.019464,0.06413695,0.76530164,0.7342529,1,2,0,0.0025634766,0.030578613,25.03125,24,220,0,0,255,2,0,1782507961.1095653,66
25.035156,25.028835,0.16498739,0.5378233,1.0064697,1,1,0,0.006591797,0.021484375,25.035156,26,220,0,0,255,2,0,1782507961.1095653,66
25.027344,25.014753,0.36645326,0.7041066,0.75183105,1,1,0,0.0146484375,0.028137207,25.027344,27,220,1,0,255,2,0,1782507961.1095653,66
25.027342,25.016073,0.26110256,0.7041066,0.72821045,1,1,0,0.010437012,0.028137207,25.027344,27,220,1,0,255,2,0,1782507961.1095653,66
25.021484,25.011572,0.05037738,0.7024152,0.8865967,1,1,0,0.0020141602,0.028076172,25.021484,27,220,1,0,255,2,0,1782507961.1095653,66
25.028566,25.022146,0.31615356,0.47048,0.75491333,1,1,0,0.012634277,0.018798828,25.028564,29,220,1,0,255,2,0,1782507961.1095653,66
25.030764,25.024961,0.26272288,0.4705213,0.83813477,1,1,0,0.010498047,0.018798828,25.030762,29,220,1,0,255,2,0,1782507961.1095653,66
25.028566,25.023256,0.21077216,0.47048,0.84017944,1,1,0,0.008422852,0.018798828,25.028564,29,220,1,0,255,2,0,1782507961.1095653,66
25.02295,25.018053,0.15880813,0.4688474,0.6758423,1,1,0,0.0063476562,0.018737793,25.02295,29,220,1,0,255,2,0,1782507961.1095653,66
25.01465,25.010036,0.10532853,0.46869186,0.7234497,1,1,0,0.004211426,0.018737793,25.014648,29,220,1,0,255,2,0,1782507961.1095653,66
25.013674,25.009224,0.053425547,0.46867356,0.89071655,1,1,0,0.0021362305,0.018737793,25.013672,29,220,1,0,255,2,0,1782507961.1095653,66
25.018066,25.013676,-0.0,0.4687559,0.8496704,1,1,0,-0.0,0.018737793,25.018066,29,220,1,0,255,2,0,1782507961.1095653,66
25.017336,25.01401,0.16947007,0.37103206,1.026123,1,1,0,0.0067749023,0.014831543,25.017334,60,220,0,0,255,2,0,1782507961.1095653,66
25.032227,25.02915,0.11763054,0.3743083,0.93969727,1,1,0,0.004699707,0.014953613,25.032227,60,220,0,0,255,2,0,1782507961.1095653,66
25.032469,25.02952,0.06416273,0.37889498,0.94143677,1,1,0,0.0025634766,0.015136719,25.03247,60,220,0,0,255,2,0,1782507961.1095653,66
25.031248,25.028332,0.012220866,0.38193175,0.7637329,1,1,0,0.00048828125,0.015258789,25.03125,60,220,0,0,255,2,0,1782507961.1095653,66
25.01367,25.005033,0.3174638,0.57552016,0.8517151,1,1,0,0.0126953125,0.023010254,25.013672,61,220,1,0,255,2,0,1782507961.1095653,66
25.01367,25.005585,0.26404583,0.57857275,0.81066895,1,1,0,0.010559082,0.023132324,25.013672,61,220,1,0,255,2,0,1782507961.1095653,66
25.020754,25.013052,0.212213,0.58331674,0.6614685,1,1,0,0.008483887,0.02331543,25.020752,61,220,1,0,255,2,0,1782507961.1095653,66
25.022947,25.015562,0.16031922,0.58642167,0.734375,1,1,0,0.0064086914,0.0234375,25.02295,61,220,1,0,255,2,0,1782507961.1095653,66
25.028564,25.021355,0.10690341,0.5911349,0.7867737,1,1,0,0.004272461,0.023620605,25.028564,61,220,1,0,255,2,0,1782507961.1095653,66
25.026365,25.019203,0.001527051,0.5987182,0.71383667,1,1,0,6.1035156e-05,0.023925781,25.026367,61,220,1,0,255,2,0,1782507961.1095653,66
25.031738,25.017895,0.32373592,0.7668437,0.85562134,1,1,0,0.012939453,0.030639648,25.031738,24,221,0,0,255,2,0,1782507961.2107146,67
25.0271,25.014845,0.16642202,0.76517475,0.58081055,1,2,0,0.006652832,0.030578613,25.0271,24,221,0,0,255,2,0,1782507961.2107146,67
25.033201,25.021498,0.009163147,0.76536137,0.68136597,1,2,0,0.00036621094,0.030578613,25.033203,24,221,0,0,255,2,0,1782507961.2107146,67
25.026125,25.018904,0.2687681,0.53762925,0.7533264,1,1,0,0.0107421875,0.021484375,25.026123,26,221,0,0,255,2,0,1782507961.2107146,67
25.026125,25.01942,0.21532138,0.53762925,0.72473145,1,1,0,0.008605957,0.021484375,25.026123,26,221,0,0,255,2,0,1782507961.2107146,67
25.033203,25.026892,0.163447,0.53778136,0.87384033,1,1,0,0.0065307617,0.021484375,25.033203,26,221,0,0,255,2,0,1782507961.2107146,67
25.031738,25.025719,0.109977014,0.5377499,1.0108032,1,1,0,0.0043945312,0.021484375,25.031738,26,221,0,0,255,2,0,1782507961.2107146,67
25.032227,25.026382,0.05804469,0.5377604,0.6189575,1,1,0,0.002319336,0.021484375,25.032227,26,221,0,0,255,2,0,1782507961.2107146,67
25.028078,25.0223,0.00610896,0.5376712,0.6596985,1,1,0,0.00024414062,0.021484375,25.028076,26,221,0,0,255,2,0,1782507961.2107146,67
25.027344,25.014797,0.36339968,0.7041066,0.84017944,1,1,0,0.014526367,0.028137207,25.027344,27,221,1,0,255,2,0,1782507961.2107146,67
25.023926,25.012125,0.31144637,0.7024838,0.77853394,1,1,0,0.012451172,0.028076172,25.023926,27,221,1,0,255,2,0,1782507961.2107146,67
25.015867,25.004679,0.25793096,0.7022576,0.7562866,1,1,0,0.010314941,0.028076172,25.01587,27,221,1,0,255,2,0,1782507961.2107146,67
25.025145,25.014433,0.20611726,0.70251805,0.70666504,1,1,0,0.008239746,0.028076172,25.025146,27,221,1,0,255,2,0,1782507961.2107146,67
25.01831,25.007977,0.1541649,0.7023261,0.66967773,1,1,0,0.006164551,0.028076172,25.01831,27,221,1,0,255,2,0,1782507961.2107146,67
25.028564,25.018497,0.100783065,0.70261395,0.76828,1,1,0,0.0040283203,0.028076172,25.028564,27,221,1,0,255,2,0,1782507961.2107146,67
25.022951,25.01304,0.048853654,0.70245636,0.69226074,1,1,0,0.001953125,0.028076172,25.02295,27,221,1,0,255,2,0,1782507961.2107146,67
25.021484,25.015047,0.3175909,0.4703469,0.9286804,1,1,0,0.0126953125,0.018798828,25.021484,29,221,1,0,255,2,0,1782507961.2107146,67
25.025146,25.019314,0.26571804,0.47041574,0.8812561,1,1,0,0.010620117,0.018798828,25.025146,29,221,1,0,255,2,0,1782507961.2107146,67
25.01465,25.009329,0.21218142,0.4702184,0.8640137,1,1,0,0.008483887,0.018798828,25.014648,29,221,1,0,255,2,0,1782507961.2107146,67
25.017332,25.0124,0.16029896,0.47026888,0.6275635,1,1,0,0.0064086914,0.018798828,25.017334,29,221,1,0,255,2,0,1782507961.2107146,67
25.023924,25.019268,0.10842159,0.4703928,0.7949829,1,1,0,0.004333496,0.018798828,25.023926,29,221,1,0,255,2,0,1782507961.2107146,67
25.023928,25.019445,0.05497445,0.4703928,0.734375,1,1,0,0.0021972656,0.018798828,25.023926,29,221,1,0,255,2,0,1782507961.2107146,67
25.018068,25.013647,0.0030534237,0.47028264,0.732666,1,1,0,0.00012207031,0.018798828,25.018066,29,221,1,0,255,2,0,1782507961.2107146,67
25.031982,25.028944,0.114574224,0.372777,0.71691895,1,1,0,0.0045776367,0.014892578,25.031982,60,221,0,0,255,2,0,1782507961.2107146,67
25.031248,25.028326,0.062632054,0.3773489,0.7680664,1,1,0,0.0025024414,0.015075684,25.03125,60,221,0,0,255,2,0,1782507961.2107146,67
25.027098,25.024206,0.009164139,0.38034105,0.82702637,1,1,0,0.00036621094,0.015197754,25.0271,60,221,0,0,255,2,0,1782507961.2107146,67
25.023924,25.015358,0.3145407,0.5742292,0.7487488,1,1,0,0.012573242,0.022949219,25.023926,61,221,1,0,255,2,0,1782507961.2107146,67
25.02637,25.018715,0.2107339,0.58192056,0.7487488,1,1,0,0.008422852,0.023254395,25.026367,61,221,1,0,255,2,0,1782507961.2107146,67
25.026365,25.019033,0.15728727,0.5849747,0.71588135,1,1,0,0.006286621,0.023376465,25.026367,61,221,1,0,255,2,0,1782507961.2107146,67
25.023926,25.01676,0.10535684,0.5894984,0.7487488,1,1,0,0.004211426,0.02355957,25.023926,61,221,1,0,255,2,0,1782507961.2107146,67
25.018309,25.011185,-0.0,0.596999,0.70358276,1,1,0,-0.0,0.023864746,25.01831,61,221,1,0,255,2,0,1782507961.2107146,67
25.031004,25.017809,0.27333778,0.7652942,0.7550659,1,1,0,0.010925293,0.030578613,25.031006,24,222,0,0,255,2,0,1782507961.3104765,68
25.031006,25.018728,0.16950203,0.7652942,0.7307739,1,1,0,0.0067749023,0.030578613,25.031006,24,222,0,0,255,2,0,1782507961.3104765,68
25.031494,25.023623,0.32381004,0.53774464,0.83306885,1,1,0,0.012939453,0.021484375,25.031494,26,222,0,0,255,2,0,1782507961.3104765,68
25.032715,25.026863,0.061100863,0.53777087,0.8009949,1,1,0,0.0024414062,0.021484375,25.032715,26,222,0,0,255,2,0,1782507961.3104765,68
25.029541,25.017698,0.31457016,0.70264137,0.74053955,1,1,0,0.012573242,0.028076172,25.029541,27,222,1,0,255,2,0,1782507961.3104765,68
25.016846,25.005625,0.26099348,0.702285,0.67315674,1,1,0,0.010437012,0.028076172,25.016846,27,222,1,0,255,2,0,1782507961.3104765,68
25.02246,25.011724,0.20914832,0.70244265,0.9563904,1,1,0,0.008361816,0.028076172,25.02246,27,222,1,0,255,2,0,1782507961.3104765,68
25.021484,25.01113,0.15723756,0.7024152,0.83325195,1,1,0,0.006286621,0.028076172,25.021484,27,222,1,0,255,2,0,1782507961.3104765,68
25.026367,25.01645,0.051914096,0.70255226,0.8935852,1,1,0,0.0020751953,0.028076172,25.026367,27,222,1,0,255,2,0,1782507961.3104765,68
25.02173,25.017086,0.10535822,0.4703515,0.79086304,1,1,0,0.004211426,0.018798828,25.021729,29,222,1,0,255,2,0,1782507961.3104765,68
25.023926,25.019476,0.053447448,0.4688657,0.70150757,1,1,0,0.0021362305,0.018737793,25.023926,29,222,1,0,255,2,0,1782507961.3104765,68
25.031496,25.028212,0.16651094,0.36971444,0.7732544,1,1,0,0.006652832,0.014770508,25.031494,60,222,0,0,255,2,0,1782507961.3104765,68
25.03003,25.026968,0.11456518,0.37427545,0.72299194,1,1,0,0.0045776367,0.014953613,25.03003,60,222,0,0,255,2,0,1782507961.3104765,68
25.021484,25.018566,0.06108061,0.3772017,0.8650818,1,1,0,0.0024414062,0.015075684,25.021484,60,222,0,0,255,2,0,1782507961.3104765,68
25.032957,25.030043,0.009166276,0.3819578,0.7550659,1,1,0,0.00036621094,0.015258789,25.032959,60,222,0,0,255,2,0,1782507961.3104765,68
25.028564,25.01936,0.36652073,0.57128114,0.89974976,1,1,0,0.0146484375,0.022827148,25.028564,61,222,1,0,255,2,0,1782507961.3104765,68
25.024172,25.016098,0.2626298,0.5788156,0.9286804,1,1,0,0.010498047,0.023132324,25.02417,61,222,1,0,255,2,0,1782507961.3104765,68
25.030762,25.023119,0.2092436,0.5820228,0.8607178,1,1,0,0.008361816,0.023254395,25.030762,61,222,1,0,255,2,0,1782507961.3104765,68
25.014648,25.007284,0.15721339,0.5862271,0.77371216,1,1,0,0.006286621,0.0234375,25.014648,61,222,1,0,255,2,0,1782507961.3104765,68
25.01587,25.00871,0.10379651,0.5893086,0.7029114,1,1,0,0.0041503906,0.02355957,25.01587,61,222,1,0,255,2,0,1782507961.3104765,68
25.023926,25.016819,0.05191486,0.59407914,0.75491333,1,1,0,0.0020751953,0.023742676,25.023926,61,222,1,0,255,2,0,1782507961.3104765,68
25.01367,25.006548,-0.0,0.59688824,0.6875305,1,1,0,-0.0,0.023864746,25.013672,61,222,1,0,255,2,0,1782507961.3104765,68
25.031982,25.018118,0.3252661,0.7668511,1.1512451,1,1,0,0.013000488,0.030639648,25.031982,24,223,0,0,255,2,0,1782507961.410767,69
25.032713,25.020044,0.21990842,0.7653464,1.0671387,1,1,0,0.0087890625,0.030578613,25.032715,24,223,0,0,255,2,0,1782507961.410767,69
25.032715,25.02479,0.32535282,0.53929836,0.8105469,1,1,0,0.013000488,0.02154541,25.032715,26,223,0,0,255,2,0,1782507961.410767,69
25.03247,25.025713,0.2214858,0.5377656,0.7958069,1,1,0,0.008850098,0.021484375,25.03247,26,223,0,0,255,2,0,1782507961.410767,69
25.030027,25.023687,0.16800824,0.53771317,0.7958069,1,1,0,0.006713867,0.021484375,25.03003,26,223,0,0,255,2,0,1782507961.410767,69
25.03418,25.02832,0.064159654,0.53780234,0.8998413,1,1,0,0.0025634766,0.021484375,25.03418,26,223,0,0,255,2,0,1782507961.410767,69
25.031004,25.025225,0.0106919315,0.53773415,0.7715454,1,1,0,0.0004272461,0.021484375,25.031006,26,223,0,0,255,2,0,1782507961.410767,69
25.027344,25.01473,0.36798003,0.7041066,0.7836914,1,1,0,0.014709473,0.028137207,25.027344,27,223,1,0,255,2,0,1782507961.410767,69
25.028564,25.01666,0.31608424,0.70414096,0.81347656,1,1,0,0.012634277,0.028137207,25.028564,27,223,1,0,255,2,0,1782507961.410767,69
25.022951,25.011694,0.26411033,0.70245636,0.87713623,1,1,0,0.010559082,0.028076172,25.02295,27,223,1,0,255,2,0,1782507961.410767,69
25.022951,25.012201,0.21067904,0.70245636,0.7446594,1,1,0,0.008422852,0.028076172,25.02295,27,223,1,0,255,2,0,1782507961.410767,69
25.023682,25.013315,0.15877806,0.7024769,0.8414612,1,1,0,0.0063476562,0.028076172,25.023682,27,223,1,0,255,2,0,1782507961.410767,69
25.020264,25.010345,0.053427942,0.70238096,0.89276123,1,1,0,0.0021362305,0.028076172,25.020264,27,223,1,0,255,2,0,1782507961.410767,69
25.034668,25.024801,0.0015273927,0.7027853,0.87713623,1,1,0,6.1035156e-05,0.028076172,25.034668,27,223,1,0,255,2,0,1782507961.410767,69
25.00757,25.00293,0.1052986,0.47008532,0.7976074,1,1,0,0.004211426,0.018798828,25.007568,29,223,1,0,255,2,0,1782507961.410767,69
25.023926,25.019447,0.053447388,0.4703928,0.75390625,1,1,0,0.0021362305,0.018798828,25.023926,29,223,1,0,255,2,0,1782507961.410767,69
25.020264,25.015871,0.0015268476,0.46879706,0.8168335,1,1,0,6.1035156e-05,0.018737793,25.020264,29,223,1,0,255,2,0,1782507961.410767,69
25.03003,25.027153,0.06262912,0.37427545,0.85128784,1,1,0,0.0025024414,0.014953613,25.03003,60,223,0,0,255,2,0,1782507961.410767,69
25.024172,25.015015,0.3679842,0.5681269,0.991272,1,1,0,0.014709473,0.022705078,25.02417,61,223,1,0,255,2,0,1782507961.410767,69
25.02246,25.013964,0.3145232,0.57114184,0.9748535,1,1,0,0.012573242,0.022827148,25.02246,61,223,1,0,255,2,0,1782507961.410767,69
25.013918,25.006624,0.15720925,0.58315736,0.6470642,1,1,0,0.006286621,0.02331543,25.013916,61,223,1,0,255,2,0,1782507961.410767,69
25.026367,25.019272,0.10536742,0.5865018,0.7836914,1,1,0,0.004211426,0.0234375,25.026367,61,223,1,0,255,2,0,1782507961.410767,69
25.013674,25.006674,0.0534201,0.5892568,0.7675781,1,1,0,0.0021362305,0.02355957,25.013672,61,223,1,0,255,2,0,1782507961.410767,69
25.012451,25.005402,-0.0,0.5938067,0.78704834,1,1,0,-0.0,0.023742676,25.012451,61,223,1,0,255,2,0,1782507961.410767,69
25.028074,25.014214,0.32521534,0.76673144,1.0489502,1,1,0,0.013000488,0.030639648,25.028076,24,224,0,0,255,2,0,1782507961.5105503,70
25.032957,25.021252,0.010690234,0.7653539,0.6770325,1,2,0,0.0004272461,0.030578613,25.032959,24,224,0,0,255,2,0,1782507961.5105503,70
25.032227,25.024374,0.32229218,0.5377604,0.7637329,1,1,0,0.012878418,0.021484375,25.032227,26,224,0,0,255,2,0,1782507961.5105503,70
25.033936,25.027615,0.16497934,0.5377971,0.68917847,1,1,0,0.006591797,0.021484375,25.033936,26,224,0,0,255,2,0,1782507961.5105503,70
25.02905,25.023203,0.059564624,0.5376922,0.7585144,1,1,0,0.002380371,0.021484375,25.029053,26,224,0,0,255,2,0,1782507961.5105503,70
25.028074,25.022299,0.0076362,0.5376712,0.72906494,1,1,0,0.00030517578,0.021484375,25.028076,26,224,0,0,255,2,0,1782507961.5105503,70
25.030762,25.018938,0.31305847,0.70267564,0.88946533,1,1,0,0.012512207,0.028076172,25.030762,27,224,1,0,255,2,0,1782507961.5105503,70
25.01953,25.008808,0.20759742,0.7023604,0.750824,1,1,0,0.008300781,0.028076172,25.019531,27,224,1,0,255,2,0,1782507961.5105503,70
25.020264,25.010195,0.10227615,0.70238096,0.9307251,1,1,0,0.0040893555,0.028076172,25.020264,27,224,1,0,255,2,0,1782507961.5105503,70
25.014648,25.01023,-0.0,0.4702184,0.84350586,1,1,0,-0.0,0.018798828,25.014648,29,224,1,0,255,2,0,1782507961.5105503,70
25.03247,25.029469,0.1115212,0.37125656,0.81399536,1,1,0,0.0044555664,0.014831543,25.03247,60,224,0,0,255,2,0,1782507961.5105503,70
25.032469,25.029598,0.059579846,0.37431195,0.87210083,1,1,0,0.002380371,0.014953613,25.03247,60,224,0,0,255,2,0,1782507961.5105503,70
25.032469,25.0296,0.0076384284,0.37889498,1.0974731,1,1,0,0.00030517578,0.015136719,25.03247,60,224,0,0,255,2,0,1782507961.5105503,70
25.014648,25.006174,0.31289873,0.5709635,0.7008667,1,1,0,0.012512207,0.022827148,25.014648,61,224,1,0,255,2,0,1782507961.5105503,70
25.025146,25.017174,0.25958693,0.57578415,0.78778076,1,1,0,0.010375977,0.023010254,25.025146,61,224,1,0,255,2,0,1782507961.5105503,70
25.021484,25.013927,0.20763992,0.5787535,0.76345825,1,1,0,0.008300781,0.023132324,25.021484,61,224,1,0,255,2,0,1782507961.5105503,70
25.018066,25.010792,0.15418224,0.5832541,0.8804321,1,1,0,0.006164551,0.02331543,25.018066,61,224,1,0,255,2,0,1782507961.5105503,70
25.021484,25.014404,0.102293365,0.58638734,0.89071655,1,1,0,0.0040893555,0.0234375,25.021484,61,224,1,0,255,2,0,1782507961.5105503,70
25.014648,25.00762,0.05036942,0.5908062,0.73062134,1,1,0,0.0020141602,0.023620605,25.014648,61,224,1,0,255,2,0,1782507961.5105503,70
25.014647,25.007597,-0.0030526852,0.5938589,0.839386,1,1,0,-0.00012207031,0.023742676,25.014648,61,224,1,0,255,2,0,1782507961.5105503,70
25.031494,25.018286,0.27028862,0.76683617,0.667511,1,2,0,0.010803223,0.030639648,25.031494,24,225,0,0,255,2,0,1782507961.6105556,71
25.021238,25.009287,0.11295775,0.76499563,0.3944397,1,2,0,0.0045166016,0.030578613,25.02124,24,225,0,0,255,2,0,1782507961.6105556,71
25.024168,25.012468,0.0076332,0.76508516,0.36843872,1,2,0,0.00030517578,0.030578613,25.02417,24,225,0,0,255,2,0,1782507961.6105556,71
25.02905,25.021782,0.2703264,0.5392195,0.7732544,1,1,0,0.010803223,0.02154541,25.029053,26,225,0,0,255,2,0,1782507961.6105556,71
25.02905,25.02302,0.11301978,0.5376922,0.82354736,1,1,0,0.0045166016,0.021484375,25.029053,26,225,0,0,255,2,0,1782507961.6105556,71
25.027344,25.01548,0.31301516,0.7041066,0.8319702,1,1,0,0.012512207,0.028137207,25.027344,27,225,1,0,255,2,0,1782507961.6105556,71
25.023926,25.01266,0.2610669,0.7040105,0.7579956,1,1,0,0.010437012,0.028137207,25.023926,27,225,1,0,255,2,0,1782507961.6105556,71
25.025146,25.014366,0.20917042,0.7040448,0.7333679,1,1,0,0.008361816,0.028137207,25.025146,27,225,1,0,255,2,0,1782507961.6105556,71
25.025146,25.015232,0.050384752,0.70251805,0.66967773,1,1,0,0.0020141602,0.028076172,25.025146,27,225,1,0,255,2,0,1782507961.6105556,71
25.015871,25.010563,0.21066524,0.47024134,0.86813354,1,1,0,0.008422852,0.018798828,25.01587,29,225,1,0,255,2,0,1782507961.6105556,71
25.01587,25.011478,-0.0,0.46871474,0.7901306,1,1,0,-0.0,0.018737793,25.01587,29,225,1,0,255,2,0,1782507961.6105556,71
25.032715,25.029463,0.16499151,0.36820474,0.71432495,1,1,0,0.006591797,0.014709473,25.032715,60,225,0,0,255,2,0,1782507961.6105556,71
25.03125,25.02822,0.11304326,0.37276608,0.98132324,1,1,0,0.0045166016,0.014892578,25.03125,60,225,0,0,255,2,0,1782507961.6105556,71
25.032959,25.030064,0.06110868,0.37584695,0.72473145,1,1,0,0.0024414062,0.015014648,25.032959,60,225,0,0,255,2,0,1782507961.6105556,71
25.031006,25.028112,0.0076379743,0.38040042,0.72473145,1,1,0,0.00030517578,0.015197754,25.031006,60,225,0,0,255,2,0,1782507961.6105556,71
25.025145,25.015999,0.36494434,0.5696761,0.68096924,1,1,0,0.014587402,0.022766113,25.025146,61,225,1,0,255,2,0,1782507961.6105556,71
25.013672,25.005163,0.3128861,0.5724675,0.760376,1,1,0,0.012512207,0.022888184,25.013672,61,225,1,0,255,2,0,1782507961.6105556,71
25.029541,25.021517,0.26115936,0.57741255,0.7693176,1,1,0,0.010437012,0.023071289,25.029541,61,225,1,0,255,2,0,1782507961.6105556,71
25.023928,25.016335,0.2076599,0.58033687,0.7241211,1,1,0,0.008300781,0.02319336,25.023926,61,225,1,0,255,2,0,1782507961.6105556,71
25.027344,25.020254,-0.0015271151,0.5956874,0.86483765,1,1,0,-6.1035156e-05,0.023803711,25.027344,61,225,1,0,255,2,0,1782507961.6105556,71
25.026121,25.012917,0.2702306,0.7666716,0.7307739,1,1,0,0.010803223,0.030639648,25.026123,24,226,0,0,255,2,0,1782507961.7104983,72
25.02417,25.011532,0.21678016,0.76508516,0.679657,1,1,0,0.008666992,0.030578613,25.02417,24,226,0,0,255,2,0,1782507961.7104983,72
25.031004,25.019053,0.11147479,0.7652942,0.68743896,1,1,0,0.0044555664,0.030578613,25.031006,24,226,0,0,255,2,0,1782507961.7104983,72
25.032225,25.020521,0.0076356577,0.7653315,0.39788818,1,2,0,0.00030517578,0.030578613,25.032227,24,226,0,0,255,2,0,1782507961.7104983,72
25.032957,25.025034,0.325356,0.53930366,0.7810669,1,1,0,0.013000488,0.02154541,25.032959,26,226,0,0,255,2,0,1782507961.7104983,72
25.03247,25.0252,0.27341852,0.5377656,1.0783997,1,1,0,0.010925293,0.021484375,25.03247,26,226,0,0,255,2,0,1782507961.7104983,72
25.021727,25.014986,0.21986395,0.53753483,0.8607483,1,1,0,0.0087890625,0.021484375,25.021729,26,226,0,0,255,2,0,1782507961.7104983,72
25.03247,25.026129,0.16802463,0.5377656,0.70999146,1,1,0,0.006713867,0.021484375,25.03247,26,226,0,0,255,2,0,1782507961.7104983,72
25.032225,25.026186,0.114561595,0.5377604,0.68569946,1,1,0,0.0045776367,0.021484375,25.032227,26,226,0,0,255,2,0,1782507961.7104983,72
25.021238,25.015461,0.010687759,0.53752434,0.8321533,1,1,0,0.0004272461,0.021484375,25.02124,26,226,0,0,255,2,0,1782507961.7104983,72
25.021729,25.009117,0.36789745,0.7039487,0.750824,1,1,0,0.014709473,0.028137207,25.021729,27,226,1,0,255,2,0,1782507961.7104983,72
25.019531,25.007675,0.3159707,0.7023604,0.6593933,1,1,0,0.012634277,0.028076172,25.019531,27,226,1,0,255,2,0,1782507961.7104983,72
25.021729,25.01098,0.21066876,0.7024221,0.7991028,1,1,0,0.008422852,0.028076172,25.021729,27,226,1,0,255,2,0,1782507961.7104983,72
25.026367,25.016447,0.053440977,0.70255226,0.7693176,1,1,0,0.0021362305,0.028076172,25.026367,27,226,1,0,255,2,0,1782507961.7104983,72
25.031494,25.028221,0.16803868,0.3681868,0.7455139,1,1,0,0.006713867,0.014709473,25.031494,60,226,0,0,255,2,0,1782507961.7104983,72
25.032715,25.029694,0.11610536,0.37126017,1.0194702,1,1,0,0.004638672,0.014831543,25.032715,60,226,0,0,255,2,0,1782507961.7104983,72
25.0271,25.0242,0.06262173,0.37575898,0.7680664,1,1,0,0.0025024414,0.015014648,25.0271,60,226,0,0,255,2,0,1782507961.7104983,72
25.031006,25.028135,0.010693175,0.3788728,1.0862122,1,1,0,0.0004272461,0.015136719,25.031006,60,226,0,0,255,2,0,1782507961.7104983,72
25.028563,25.02001,0.31612656,0.5728084,0.8442688,1,1,0,0.012634277,0.022888184,25.028564,61,226,1,0,255,2,0,1782507961.7104983,72
25.028563,25.02056,0.26267666,0.5758628,0.86276245,1,1,0,0.010498047,0.023010254,25.028564,61,226,1,0,255,2,0,1782507961.7104983,72
25.020264,25.012682,0.21068309,0.5787252,0.6977844,1,1,0,0.008422852,0.023132324,25.020264,61,226,1,0,255,2,0,1782507961.7104983,72
25.025146,25.017841,0.15880679,0.5834192,0.7107544,1,1,0,0.0063476562,0.02331543,25.025146,61,226,1,0,255,2,0,1782507961.7104983,72
25.023926,25.016796,0.105357,0.5879715,0.6974182,1,1,0,0.004211426,0.023498535,25.023926,61,226,1,0,255,2,0,1782507961.7104983,72
25.023926,25.016888,0.05344192,0.59102535,0.71795654,1,1,0,0.0021362305,0.023620605,25.023926,61,226,1,0,255,2,0,1782507961.7104983,72
25.014647,25.007597,-0.0,0.5938589,0.7449951,1,1,0,-0.0,0.023742676,25.014648,61,226,1,0,255,2,0,1782507961.7104983,72
25.027098,25.013922,0.2717684,0.76517475,0.71691895,1,1,0,0.010864258,0.030578613,25.0271,24,227,0,0,255,2,0,1782507961.8106546,73
25.032957,25.020702,0.16646099,0.7653539,0.69784546,1,1,0,0.006652832,0.030578613,25.032959,24,227,0,0,255,2,0,1782507961.8106546,73
25.02124,25.009468,0.061058395,0.76499563,0.4005127,1,2,0,0.0024414062,0.030578613,25.02124,24,227,0,0,255,2,0,1782507961.8106546,73
25.032715,25.024843,0.32382584,0.53777087,0.82528687,1,1,0,0.012939453,0.021484375,25.032715,26,227,0,0,255,2,0,1782507961.8106546,73
25.020264,25.013536,0.21832438,0.53750336,0.8088074,1,1,0,0.008728027,0.021484375,25.020264,26,227,0,0,255,2,0,1782507961.8106546,73
25.019531,25.013494,0.1145035,0.5374876,0.81918335,1,1,0,0.0045776367,0.021484375,25.019531,26,227,0,0,255,2,0,1782507961.8106546,73
25.026125,25.020273,0.061084773,0.53762925,0.84695435,1,1,0,0.0024414062,0.021484375,25.026123,26,227,0,0,255,2,0,1782507961.8106546,73
25.019287,25.0067,0.3663353,0.70388,0.8496704,1,1,0,0.0146484375,0.028137207,25.019287,27,227,1,0,255,2,0,1782507961.8106546,73
25.027344,25.01546,0.314542,0.7041066,0.8093567,1,1,0,0.012573242,0.028137207,25.027344,27,227,1,0,255,2,0,1782507961.8106546,73
25.032957,25.02173,0.2611616,0.70273733,0.8216858,1,1,0,0.010437012,0.028076172,25.032959,27,227,1,0,255,2,0,1782507961.8106546,73
25.019285,25.009426,-0.0015264542,0.70235354,0.84350586,1,1,0,-6.1035156e-05,0.028076172,25.019287,27,227,1,0,255,2,0,1782507961.8106546,73
25.020754,25.014954,0.2626178,0.47033313,0.6984253,1,1,0,0.010498047,0.018798828,25.020752,29,227,1,0,255,2,0,1782507961.8106546,73
25.02246,25.017536,0.15880485,0.47036526,0.91122437,1,1,0,0.0063476562,0.018798828,25.02246,29,227,1,0,255,2,0,1782507961.8106546,73
25.018312,25.013834,0.053435396,0.47028723,0.64297485,1,1,0,0.0021362305,0.018798828,25.01831,29,227,1,0,255,2,0,1782507961.8106546,73
25.013674,25.009281,0.0015264454,0.46867356,0.7798767,1,1,0,6.1035156e-05,0.018737793,25.013672,29,227,1,0,255,2,0,1782507961.8106546,73
25.016602,25.013329,0.16488516,0.36949447,0.8477478,1,1,0,0.006591797,0.014770508,25.016602,60,227,0,0,255,2,0,1782507961.8106546,73
25.031738,25.028685,0.113045365,0.374301,0.71343994,1,1,0,0.0045166016,0.014953613,25.031738,60,227,0,0,255,2,0,1782507961.8106546,73
25.028076,25.025162,0.0076370738,0.38188332,0.7420654,1,1,0,0.00030517578,0.015258789,25.028076,60,227,0,0,255,2,0,1782507961.8106546,73
25.011477,25.002298,0.36474448,0.5708911,0.9831543,1,1,0,0.014587402,0.022827148,25.011475,61,227,1,0,255,2,0,1782507961.8106546,73
25.025145,25.016598,0.31302917,0.5742572,0.7487488,1,1,0,0.012512207,0.022949219,25.025146,61,227,1,0,255,2,0,1782507961.8106546,73
25.022459,25.014833,0.20764744,0.5818297,0.7942505,1,1,0,0.008300781,0.023254395,25.02246,61,227,1,0,255,2,0,1782507961.8106546,73
25.021729,25.014372,0.15573114,0.58639306,0.6850891,1,1,0,0.006225586,0.0234375,25.021729,61,227,1,0,255,2,0,1782507961.8106546,73
25.020266,25.013113,0.10228808,0.58941215,0.7244568,1,1,0,0.0040893555,0.02355957,25.020264,61,227,1,0,255,2,0,1782507961.8106546,73
25.030762,25.023655,0.050401717,0.5942414,0.8216858,1,1,0,0.0020141602,0.023742676,25.030762,61,227,1,0,255,2,0,1782507961.8106546,73
25.020262,25.013138,-0.0015266808,0.59704554,0.8188782,1,1,0,-6.1035156e-05,0.023864746,25.020264,61,227,1,0,255,2,0,1782507961.8106546,73
25.031492,25.01767,0.32220584,0.76683617,0.8105469,1,1,0,0.012878418,0.030639648,25.031494,24,228,0,0,255,2,0,1782507961.9100182,74
25.026121,25.012962,0.2702311,0.7651449,0.7992859,1,1,0,0.010803223,0.030578613,25.026123,24,228,0,0,255,2,0,1782507961.9100182,74
25.028074,25.01542,0.21834083,0.7652046,0.69784546,1,1,0,0.008728027,0.030578613,25.028076,24,228,0,0,255,2,0,1782507961.9100182,74
25.03003,25.018072,0.112997435,0.76526433,0.44210815,1,2,0,0.0045166016,0.030578613,25.03003,24,228,0,0,255,2,0,1782507961.9100182,74
25.032715,25.025461,0.27189377,0.53777087,0.86602783,1,1,0,0.010864258,0.021484375,25.032715,26,228,0,0,255,2,0,1782507961.9100182,74
25.028074,25.022038,0.1145426,0.5376712,0.7602539,1,1,0,0.0045776367,0.021484375,25.028076,26,228,0,0,255,2,0,1782507961.9100182,74
25.031738,25.025883,0.06262594,0.5377499,0.9076233,1,1,0,0.0025024414,0.021484375,25.031738,26,228,0,0,255,2,0,1782507961.9100182,74
25.021238,25.015463,0.009160937,0.53752434,0.74380493,1,1,0,0.00036621094,0.021484375,25.02124,26,228,0,0,255,2,0,1782507961.9100182,74
25.029543,25.01695,0.36648545,0.70416844,0.6974182,1,1,0,0.0146484375,0.028137207,25.029541,27,228,1,0,255,2,0,1782507961.9100182,74
25.029541,25.017656,0.31456962,0.70416844,0.78060913,1,1,0,0.012573242,0.028137207,25.029541,27,228,1,0,255,2,0,1782507961.9100182,74
25.02295,25.012592,0.15724677,0.70245636,0.69021606,1,1,0,0.006286621,0.028076172,25.02295,27,228,1,0,255,2,0,1782507961.9100182,74
25.021729,25.014624,0.36645138,0.4703515,0.7107544,1,1,0,0.0146484375,0.018798828,25.021729,29,228,1,0,255,2,0,1782507961.9100182,74
25.025146,25.02051,0.10384548,0.47041574,0.7446594,1,1,0,0.0041503906,0.018798828,25.025146,29,228,1,0,255,2,0,1782507961.9100182,74
25.023926,25.019505,-0.0015270694,0.4703928,0.7395325,1,1,0,-6.1035156e-05,0.018798828,25.023926,29,228,1,0,255,2,0,1782507961.9100182,74
25.03247,25.029188,0.1695729,0.36820117,0.68136597,1,1,0,0.0067749023,0.014709473,25.03247,60,228,0,0,255,2,0,1782507961.9100182,74
25.031496,25.02845,0.116099596,0.3727697,0.7472534,1,1,0,0.004638672,0.014892578,25.031494,60,228,0,0,255,2,0,1782507961.9100182,74
25.028076,25.025173,0.064151585,0.37577364,0.69525146,1,1,0,0.0025634766,0.015014648,25.028076,60,228,0,0,255,2,0,1782507961.9100182,74
25.031004,25.02811,0.012220758,0.38040042,0.70132446,1,1,0,0.00048828125,0.015197754,25.031006,60,228,0,0,255,2,0,1782507961.9100182,74
25.031738,25.023184,0.31616667,0.572881,0.8442688,1,1,0,0.012634277,0.022888184,25.031738,61,228,1,0,255,2,0,1782507961.9100182,74
25.029541,25.02191,0.21228814,0.5804671,0.80526733,1,1,0,0.008483887,0.02319336,25.029541,61,228,1,0,255,2,0,1782507961.9100182,74
25.016846,25.009506,0.15875387,0.58475214,0.83117676,1,1,0,0.0063476562,0.023376465,25.016846,61,228,1,0,255,2,0,1782507961.9100182,74
25.026365,25.019228,0.10689433,0.58802885,0.69433594,1,1,0,0.004272461,0.023498535,25.026367,61,228,1,0,255,2,0,1782507961.9100182,74
25.028568,25.021488,0.05497894,0.5926621,0.7189636,1,1,0,0.0021972656,0.02368164,25.028564,61,228,1,0,255,2,0,1782507961.9100182,74
25.023926,25.016836,0.0015269065,0.595606,0.73028564,1,1,0,6.1035156e-05,0.023803711,25.023926,61,228,1,0,255,2,0,1782507961.9100182,74
25.032713,25.020071,0.21685418,0.7653464,0.59469604,1,1,0,0.008666992,0.030578613,25.032715,24,229,0,0,255,2,0,1782507962.0105996,75
25.032227,25.01998,0.164929,0.7653315,0.7507324,1,2,0,0.006591797,0.030578613,25.032227,24,229,0,0,255,2,0,1782507962.0105996,75
25.02905,25.017101,0.111466095,0.7652345,0.42999268,1,2,0,0.0044555664,0.030578613,25.029053,24,229,0,0,255,2,0,1782507962.0105996,75
25.030027,25.018255,0.059552845,0.76526433,0.46118164,1,2,0,0.002380371,0.030578613,25.03003,24,229,0,0,255,2,0,1782507962.0105996,75
25.0271,25.019209,0.32528028,0.5376502,0.83047485,1,1,0,0.013000488,0.021484375,25.0271,26,229,0,0,255,2,0,1782507962.0105996,75
25.02124,25.014912,0.16642246,0.53752434,0.7862549,1,1,0,0.006652832,0.021484375,25.02124,26,229,0,0,255,2,0,1782507962.0105996,75
25.02075,25.00814,0.3678831,0.7039212,0.64501953,1,1,0,0.014709473,0.028137207,25.020752,27,229,1,0,255,2,0,1782507962.0105996,75
25.013674,25.002438,0.2624864,0.7021959,0.85375977,1,1,0,0.010498047,0.028076172,25.013672,27,229,1,0,255,2,0,1782507962.0105996,75
25.020264,25.010181,0.10532914,0.70238096,0.7337036,1,1,0,0.004211426,0.028076172,25.020264,27,229,1,0,255,2,0,1782507962.0105996,75
25.019287,25.009373,0.051899407,0.70235354,0.861969,1,1,0,0.0020751953,0.028076172,25.019287,27,229,1,0,255,2,0,1782507962.0105996,75
25.013674,25.007257,0.3159654,0.47020003,0.68240356,1,1,0,0.012634277,0.018798828,25.013672,29,229,1,0,255,2,0,1782507962.0105996,75
25.013672,25.008366,0.21064673,0.47020003,0.8229675,1,1,0,0.008422852,0.018798828,25.013672,29,229,1,0,255,2,0,1782507962.0105996,75
25.020996,25.017702,0.16796806,0.36955938,0.94906616,1,1,0,0.006713867,0.014770508,25.020996,60,229,0,0,255,2,0,1782507962.0105996,75
25.032713,25.02979,0.06263572,0.37737098,0.7897339,1,1,0,0.0025024414,0.015075684,25.032715,60,229,0,0,255,2,0,1782507962.0105996,75
25.031006,25.02809,0.009165561,0.38192803,0.6692505,1,1,0,0.00036621094,0.015258789,25.031006,60,229,0,0,255,2,0,1782507962.0105996,75
25.031738,25.023169,0.31463894,0.5744084,0.980896,1,1,0,0.012573242,0.022949219,25.031738,61,229,1,0,255,2,0,1782507962.0105996,75
25.021484,25.013412,0.2626016,0.5787535,0.963562,1,1,0,0.010498047,0.023132324,25.021484,61,229,1,0,255,2,0,1782507962.0105996,75
25.020262,25.012896,0.15724868,0.5863587,0.85787964,1,1,0,0.006286621,0.0234375,25.020264,61,229,1,0,255,2,0,1782507962.0105996,75
25.014648,25.007484,0.10531778,0.58927983,0.80862427,1,1,0,0.004211426,0.02355957,25.014648,61,229,1,0,255,2,0,1782507962.0105996,75
25.029541,25.022432,0.05192651,0.5942124,0.6881714,1,1,0,0.0020751953,0.023742676,25.029541,61,229,1,0,255,2,0,1782507962.0105996,75
25.01953,25.012405,-0.0,0.5970281,0.66864014,1,1,0,-0.0,0.023864746,25.019531,61,229,1,0,255,2,0,1782507962.0105996,75
25.030027,25.016836,0.26874587,0.7667913,0.71951294,1,1,0,0.0107421875,0.030639648,25.03003,24,230,0,0,255,2,0,1782507962.1100771,76
25.032715,25.020468,0.16493222,0.7653464,0.667511,1,1,0,0.006591797,0.030578613,25.032715,24,230,0,0,255,2,0,1782507962.1100771,76
25.031248,25.019297,0.11147588,0.76530164,0.70043945,1,2,0,0.0044555664,0.030578613,25.03125,24,230,0,0,255,2,0,1782507962.1100771,76
25.02905,25.017279,0.05955052,0.7652345,0.673584,1,1,0,0.002380371,0.030578613,25.029053,24,230,0,0,255,2,0,1782507962.1100771,76
25.032715,25.021011,0.0061086453,0.7653464,0.6709595,1,2,0,0.00024414062,0.030578613,25.032715,24,230,0,0,255,2,0,1782507962.1100771,76
25.019289,25.013474,0.26412913,0.4703056,1.0312805,1,1,0,0.010559082,0.018798828,25.019287,29,230,1,0,255,2,0,1782507962.1100771,76
25.02295,25.0183,0.10689036,0.47037444,0.73028564,1,1,0,0.004272461,0.018798828,25.02295,29,230,1,0,255,2,0,1782507962.1100771,76
25.02295,25.01847,0.053445302,0.47037444,0.7456665,1,1,0,0.0021362305,0.018798828,25.02295,29,230,1,0,255,2,0,1782507962.1100771,76
25.031738,25.027315,0.0015275461,0.47053966,0.71795654,1,1,0,6.1035156e-05,0.018798828,25.031738,29,230,1,0,255,2,0,1782507962.1100771,76
25.031006,25.02737,0.21538979,0.36817962,0.69525146,1,1,0,0.008605957,0.014709473,25.031006,60,230,0,0,255,2,0,1782507962.1100771,76
25.032228,25.028917,0.16346021,0.37278062,0.84436035,1,1,0,0.0065307617,0.014892578,25.032227,60,230,0,0,255,2,0,1782507962.1100771,76
25.021727,25.018665,0.10994602,0.37567833,0.7655029,1,1,0,0.0043945312,0.015014648,25.021729,60,230,0,0,255,2,0,1782507962.1100771,76
25.031738,25.02878,0.058050252,0.38041157,0.72125244,1,1,0,0.002319336,0.015197754,25.031738,60,230,0,0,255,2,0,1782507962.1100771,76
25.031006,25.028069,0.004582776,0.38345563,0.7307739,1,1,0,0.00018310547,0.015319824,25.031006,60,230,0,0,255,2,0,1782507962.1100771,76
25.034668,25.02547,0.36355472,0.57294804,1.0733337,1,1,0,0.014526367,0.022888184,25.034668,61,230,1,0,255,2,0,1782507962.1100771,76
25.026365,25.017786,0.30998966,0.57733935,0.74053955,1,1,0,0.012390137,0.023071289,25.026367,61,230,1,0,255,2,0,1782507962.1100771,76
25.025146,25.017084,0.25805894,0.5803652,0.85043335,1,1,0,0.010314941,0.02319336,25.025146,61,230,1,0,255,2,0,1782507962.1100771,76
25.027342,25.019655,0.20616029,0.58499753,0.8607178,1,1,0,0.008239746,0.023376465,25.027344,61,230,1,0,255,2,0,1782507962.1100771,76
25.023926,25.016552,0.15269081,0.5879715,0.70458984,1,1,0,0.0061035156,0.023498535,25.023926,61,230,1,0,255,2,0,1782507962.1100771,76
25.030762,25.02354,0.10080338,0.59271413,0.846344,1,1,0,0.0040283203,0.02368164,25.030762,61,230,1,0,255,2,0,1782507962.1100771,76
25.030762,25.023626,0.047347,0.59576875,0.8196411,1,1,0,0.0018920898,0.023803711,25.030762,61,230,1,0,255,2,0,1782507962.1100771,76
25.026367,25.019167,-0.0045811464,0.6002453,0.7867737,1,1,0,-0.00018310547,0.023986816,25.026367,61,230,1,0,255,2,0,1782507962.1100771,76
25.031004,25.018335,0.2198934,0.7652942,0.6718445,1,2,0,0.0087890625,0.030578613,25.031006,24,231,0,0,255,2,0,1782507962.2106411,77
25.03003,25.017775,0.16644152,0.76526433,0.620697,1,2,0,0.006652832,0.030578613,25.03003,24,231,0,0,255,2,0,1782507962.2106411,77
25.03198,25.020205,0.061084606,0.76532406,0.44210815,1,3,0,0.0024414062,0.030578613,25.031982,24,231,0,0,255,2,0,1782507962.2106411,77
25.015627,25.007687,0.32665706,0.5389302,1.1066589,1,1,0,0.013061523,0.02154541,25.015625,26,231,0,0,255,2,0,1782507962.2106411,77
25.031008,25.023687,0.2749295,0.5392616,0.629364,1,1,0,0.010986328,0.02154541,25.031006,26,231,0,0,255,2,0,1782507962.2106411,77
25.020506,25.01372,0.22137965,0.5390354,0.8564148,1,1,0,0.008850098,0.02154541,25.020508,26,231,0,0,255,2,0,1782507962.2106411,77
25.028076,25.022032,0.11606982,0.5376712,0.7715454,1,1,0,0.004638672,0.021484375,25.028076,26,231,0,0,255,2,0,1782507962.2106411,77
25.026123,25.020266,0.064139,0.53762925,0.71865845,1,1,0,0.0025634766,0.021484375,25.026123,26,231,0,0,255,2,0,1782507962.2106411,77
25.026121,25.020344,0.012216966,0.53762925,0.7585144,1,1,0,0.00048828125,0.021484375,25.026123,26,231,0,0,255,2,0,1782507962.2106411,77
25.028564,25.016642,0.31761116,0.70414096,0.91000366,1,1,0,0.0126953125,0.028137207,25.028564,27,231,1,0,255,2,0,1782507962.2106411,77
25.025146,25.01389,0.2641335,0.70251805,0.8565979,1,1,0,0.010559082,0.028076172,25.025146,27,231,1,0,255,2,0,1782507962.2106411,77
25.020752,25.010387,0.15875946,0.70239466,0.72720337,1,1,0,0.0063476562,0.028076172,25.020752,27,231,1,0,255,2,0,1782507962.2106411,77
25.023926,25.014004,0.054962493,0.7024838,0.75390625,1,1,0,0.0021972656,0.028076172,25.023926,27,231,1,0,255,2,0,1782507962.2106411,77
25.019533,25.012428,0.3664192,0.47031018,0.76828,1,1,0,0.0146484375,0.018798828,25.019531,29,231,1,0,255,2,0,1782507962.2106411,77
25.028564,25.023268,0.20924485,0.47048,0.7220459,1,1,0,0.008361816,0.018798828,25.028564,29,231,1,0,255,2,0,1782507962.2106411,77
25.01831,25.013395,0.15725182,0.47028723,0.66763306,1,1,0,0.006286621,0.018798828,25.01831,29,231,1,0,255,2,0,1782507962.2106411,77
25.015871,25.011234,0.10380699,0.47024134,0.7152405,1,1,0,0.0041503906,0.018798828,25.01587,29,231,1,0,255,2,0,1782507962.2106411,77
25.021729,25.017282,0.051915824,0.4688245,0.68917847,1,1,0,0.0020751953,0.018737793,25.021729,29,231,1,0,255,2,0,1782507962.2106411,77
25.009031,25.004642,-0.0,0.46858665,0.6526489,1,1,0,-0.0,0.018737793,25.009033,29,231,1,0,255,2,0,1782507962.2106411,77
25.033936,25.030651,0.16652717,0.3697505,1.0064697,1,1,0,0.006652832,0.014770508,25.033936,60,231,0,0,255,2,0,1782507962.2106411,77
25.032957,25.030035,0.06263633,0.37737468,0.72473145,1,1,0,0.0025024414,0.015075684,25.032959,60,231,0,0,255,2,0,1782507962.2106411,77
25.023926,25.015888,0.2626276,0.577283,0.7374573,1,1,0,0.010498047,0.023071289,25.023926,61,231,1,0,255,2,0,1782507962.2106411,77
25.031738,25.024096,0.20925176,0.58204544,0.7970276,1,1,0,0.008361816,0.023254395,25.031738,61,231,1,0,255,2,0,1782507962.2106411,77
25.028078,25.01482,0.27483207,0.76673144,0.6865845,1,1,0,0.010986328,0.030639648,25.028076,24,232,0,0,255,2,0,1782507962.3106203,78
25.024168,25.011896,0.16945575,0.76508516,0.652771,1,1,0,0.0067749023,0.030578613,25.02417,24,232,0,0,255,2,0,1782507962.3106203,78
25.031979,25.020275,0.012216932,0.76532406,0.667511,1,2,0,0.00048828125,0.030578613,25.031982,24,232,0,0,255,2,0,1782507962.3106203,78
25.026123,25.018272,0.3222136,0.53762925,0.72906494,1,1,0,0.012878418,0.021484375,25.026123,26,232,0,0,255,2,0,1782507962.3106203,78
25.03125,25.024029,0.26882315,0.5377394,0.71343994,1,1,0,0.0107421875,0.021484375,25.03125,26,232,0,0,255,2,0,1782507962.3106203,78
25.031982,25.025265,0.2168992,0.53775513,0.7619934,1,1,0,0.008666992,0.021484375,25.031982,26,232,0,0,255,2,0,1782507962.3106203,78
25.027098,25.021074,0.1114838,0.5376502,0.71606445,1,1,0,0.0044555664,0.021484375,25.0271,26,232,0,0,255,2,0,1782507962.3106203,78
25.027344,25.014774,0.3649265,0.7041066,0.6881714,1,1,0,0.014587402,0.028137207,25.027344,27,232,1,0,255,2,0,1782507962.3106203,78
25.02637,25.014566,0.31147677,0.70255226,0.695343,1,1,0,0.012451172,0.028076172,25.026367,27,232,1,0,255,2,0,1782507962.3106203,78
25.023926,25.012716,0.25954068,0.7024838,0.81140137,1,1,0,0.010375977,0.028076172,25.023926,27,232,1,0,255,2,0,1782507962.3106203,78
25.022951,25.012613,0.15419348,0.70245636,0.6881714,1,1,0,0.006164551,0.028076172,25.02295,27,232,1,0,255,2,0,1782507962.3106203,78
25.022951,25.01288,0.10228713,0.70245636,0.71588135,1,1,0,0.0040893555,0.028076172,25.02295,27,232,1,0,255,2,0,1782507962.3106203,78
25.020752,25.010891,-0.0030530873,0.70239466,0.67788696,1,1,0,-0.00012207031,0.028076172,25.020752,27,232,1,0,255,2,0,1782507962.3106203,78
25.018068,25.010963,0.36639777,0.47028264,0.8804321,1,1,0,0.0146484375,0.018798828,25.018066,29,232,1,0,255,2,0,1782507962.3106203,78
25.015871,25.009474,0.3144667,0.47024134,0.8147583,1,1,0,0.012573242,0.018798828,25.01587,29,232,1,0,255,2,0,1782507962.3106203,78
25.026367,25.02107,0.20922647,0.4704387,0.66967773,1,1,0,0.008361816,0.018798828,25.026367,29,232,1,0,255,2,0,1782507962.3106203,78
25.022947,25.018032,0.15728097,0.47037444,0.6850891,2,2,0,0.006286621,0.018798828,25.02295,29,232,1,0,255,2,0,1782507962.3106203,78
25.013672,25.009037,0.10379787,0.47020003,0.7470398,1,1,0,0.0041503906,0.018798828,25.013672,29,232,1,0,255,2,0,1782507962.3106203,78
25.020752,25.016306,0.051913798,0.4688062,0.6871338,1,1,0,0.0020751953,0.018737793,25.020752,29,232,1,0,255,2,0,1782507962.3106203,78
25.023926,25.019533,-0.0015270711,0.4688657,0.6737976,1,1,0,-6.1035156e-05,0.018737793,25.023926,29,232,1,0,255,2,0,1782507962.3106203,78
25.031982,25.02871,0.16804196,0.36819398,0.72906494,1,1,0,0.006713867,0.014709473,25.031982,60,232,0,0,255,2,0,1782507962.3106203,78
25.032717,25.02967,0.11610526,0.3727879,0.85302734,1,1,0,0.004638672,0.014892578,25.032715,60,232,0,0,255,2,0,1782507962.3106203,78
25.029053,25.026154,0.062626615,0.3757883,0.7585144,1,1,0,0.0025024414,0.015014648,25.029053,60,232,0,0,255,2,0,1782507962.3106203,78
25.017332,25.01444,0.010687323,0.38019267,1.0053406,1,1,0,0.0004272461,0.015197754,25.017334,60,232,0,0,255,2,0,1782507962.3106203,78
25.023926,25.014734,0.3679801,0.5696483,0.76416016,1,1,0,0.014709473,0.022766113,25.023926,61,232,1,0,255,2,0,1782507962.3106203,78
25.030762,25.02272,0.26269934,0.5774407,0.7487488,1,1,0,0.010498047,0.023071289,25.030762,61,232,1,0,255,2,0,1782507962.3106203,78
25.023926,25.01631,0.21071364,0.58033687,0.71588135,1,1,0,0.008422852,0.02319336,25.023926,61,232,1,0,255,2,0,1782507962.3106203,78
25.029541,25.0222,0.15883444,0.5850489,0.7991028,1,1,0,0.0063476562,0.023376465,25.029541,61,232,1,0,255,2,0,1782507962.3106203,78
25.020264,25.013176,0.0015266831,0.5955189,0.82092285,1,1,0,6.1035156e-05,0.023803711,25.020264,61,232,1,0,255,2,0,1782507962.3106203,78
25.031494,25.018332,0.2702891,0.7653091,0.69869995,1,1,0,0.010803223,0.030578613,25.031494,24,233,0,0,255,2,0,1782507962.4097984,79
25.031248,25.018606,0.21684149,0.76530164,0.8781738,1,1,0,0.008666992,0.030578613,25.03125,24,233,0,0,255,2,0,1782507962.4097984,79
25.031979,25.020206,0.05955749,0.76532406,0.7958069,1,2,0,0.002380371,0.030578613,25.031982,24,233,0,0,255,2,0,1782507962.4097984,79
25.029053,25.021181,0.32377845,0.5376922,0.84869385,1,1,0,0.012939453,0.021484375,25.029053,26,233,0,0,255,2,0,1782507962.4097984,79
25.031982,25.024744,0.27035838,0.53775513,0.9015808,1,1,0,0.010803223,0.021484375,25.031982,26,233,0,0,255,2,0,1782507962.4097984,79
25.0271,25.021322,0.007635902,0.5376502,0.7342529,1,1,0,0.00030517578,0.021484375,25.0271,26,233,0,0,255,2,0,1782507962.4097984,79
25.016846,25.004303,0.3663002,0.702285,0.90097046,1,1,0,0.0146484375,0.028076172,25.016846,27,233,1,0,255,2,0,1782507962.4097984,79
25.032959,25.021135,0.31308594,0.70273733,0.71795654,1,1,0,0.012512207,0.028076172,25.032959,27,233,1,0,255,2,0,1782507962.4097984,79
25.031736,25.02051,0.26114887,0.70270306,0.76623535,1,1,0,0.010437012,0.028076172,25.031738,27,233,1,0,255,2,0,1782507962.4097984,79
25.028563,25.017824,0.20919932,0.70261395,0.80319214,1,1,0,0.008361816,0.028076172,25.028564,27,233,1,0,255,2,0,1782507962.4097984,79
25.023682,25.013603,0.103816815,0.7024769,0.86813354,1,1,0,0.0041503906,0.028076172,25.023682,27,233,1,0,255,2,0,1782507962.4097984,79
25.020264,25.010351,0.05037492,0.70238096,0.91122437,1,1,0,0.0020141602,0.028076172,25.020264,27,233,1,0,255,2,0,1782507962.4097984,79
25.02295,25.017666,0.20767096,0.47037444,0.7005005,1,1,0,0.008300781,0.018798828,25.02295,29,233,1,0,255,2,0,1782507962.4097984,79
25.029543,25.024635,0.15579504,0.47049835,0.78060913,1,1,0,0.006225586,0.018798828,25.029541,29,233,1,0,255,2,0,1782507962.4097984,79
25.017336,25.0127,0.10381307,0.47026888,0.47042847,1,1,0,0.0041503906,0.018798828,25.017334,29,233,1,0,255,2,0,1782507962.4097984,79
25.026125,25.02165,0.05039768,0.4704341,1.0743713,1,1,0,0.0020141602,0.018798828,25.026123,29,233,1,0,255,2,0,1782507962.4097984,79
25.031738,25.027344,-0.0015275478,0.46901208,0.87509155,1,1,0,-6.1035156e-05,0.018737793,25.031738,29,233,1,0,255,2,0,1782507962.4097984,79
25.032957,25.029663,0.16804837,0.36973608,0.93969727,1,1,0,0.006713867,0.014770508,25.032959,60,233,0,0,255,2,0,1782507962.4097984,79
25.027102,25.024033,0.11607911,0.37423164,0.667511,1,1,0,0.004638672,0.014953613,25.0271,60,233,0,0,255,2,0,1782507962.4097984,79
25.021729,25.018806,0.06260823,0.37720537,0.700531,1,1,0,0.0025024414,0.015075684,25.021729,60,233,0,0,255,2,0,1782507962.4097984,79
25.031736,25.02882,0.010693467,0.38193917,0.7680664,1,1,0,0.0004272461,0.015258789,25.031738,60,233,0,0,255,2,0,1782507962.4097984,79
25.02295,25.014362,0.3160552,0.57420677,0.7867737,1,1,0,0.012634277,0.022949219,25.02295,61,233,1,0,255,2,0,1782507962.4097984,79
25.023928,25.015854,0.26262724,0.5788099,0.76416016,1,1,0,0.010498047,0.023132324,25.023926,61,233,1,0,255,2,0,1782507962.4097984,79
25.018312,25.01066,0.21066606,0.5817332,0.72821045,1,1,0,0.008422852,0.023254395,25.01831,61,233,1,0,255,2,0,1782507962.4097984,79
25.01831,25.011147,0.1053332,0.58936614,0.7251282,1,1,0,0.004211426,0.02355957,25.01831,61,233,1,0,255,2,0,1782507962.4097984,79
25.028564,25.021452,0.05345167,0.5941892,0.7477417,1,1,0,0.0021362305,0.023742676,25.028564,61,233,1,0,255,2,0,1782507962.4097984,79
25.026365,25.01924,-0.0,0.5971912,0.73028564,1,1,0,-0.0,0.023864746,25.026367,61,233,1,0,255,2,0,1782507962.4097984,79
25.032469,25.019274,0.2733538,0.76533896,0.81399536,1,1,0,0.010925293,0.030578613,25.03247,24,234,0,0,255,2,0,1782507962.5100648,80
25.023191,25.010513,0.22135127,0.7650553,0.71865845,1,1,0,0.008850098,0.030578613,25.023193,24,234,0,0,255,2,0,1782507962.5100648,80
25.032469,25.020203,0.16798484,0.76533896,0.7533264,1,1,0,0.006713867,0.030578613,25.03247,24,234,0,0,255,2,0,1782507962.5100648,80
25.03198,25.020197,0.06413883,0.76532406,0.95269775,1,1,0,0.0025634766,0.030578613,25.031982,24,234,0,0,255,2,0,1782507962.5100648,80
25.028074,25.0213,0.21991944,0.53919846,0.8703613,1,1,0,0.0087890625,0.02154541,25.028076,26,234,0,0,255,2,0,1782507962.5100648,80
25.033201,25.027163,0.114566065,0.53778136,0.8070679,1,1,0,0.0045776367,0.021484375,25.033203,26,234,0,0,255,2,0,1782507962.5100648,80
25.015625,25.009773,0.06258562,0.53740376,0.8001404,1,1,0,0.0025024414,0.021484375,25.015625,26,234,0,0,255,2,0,1782507962.5100648,80
25.031492,25.025713,0.01069214,0.53774464,0.8781738,1,1,0,0.0004272461,0.021484375,25.031494,26,234,0,0,255,2,0,1782507962.5100648,80
25.020266,25.008984,0.26255512,0.70390743,0.8045044,1,1,0,0.010498047,0.028137207,25.020264,27,234,1,0,255,2,0,1782507962.5100648,80
25.027344,25.02026,0.3650065,0.47045705,0.72821045,1,1,0,0.014587402,0.018798828,25.027344,29,234,1,0,255,2,0,1782507962.5100648,80
25.01465,25.008291,0.31139863,0.4702184,0.8496704,1,1,0,0.012451172,0.018798828,25.014648,29,234,1,0,255,2,0,1782507962.5100648,80
25.016113,25.011219,0.15418488,0.47024593,0.65426636,1,1,0,0.006164551,0.018798828,25.016113,29,234,1,0,255,2,0,1782507962.5100648,80
25.02173,25.0171,0.102304384,0.4703515,0.66967773,1,1,0,0.0040893555,0.018798828,25.021729,29,234,1,0,255,2,0,1782507962.5100648,80
25.015871,25.011402,0.048850454,0.47024134,0.7798767,1,1,0,0.001953125,0.018798828,25.01587,29,234,1,0,255,2,0,1782507962.5100648,80
25.031008,25.027954,0.11762492,0.37276244,0.9041748,1,1,0,0.004699707,0.014892578,25.031006,60,234,0,0,255,2,0,1782507962.5100648,80
25.0271,25.024174,0.06414902,0.37728634,0.71084595,1,1,0,0.0025634766,0.015075684,25.0271,60,234,0,0,255,2,0,1782507962.5100648,80
25.018066,25.009462,0.31752002,0.5740947,0.7809143,1,1,0,0.0126953125,0.022949219,25.018066,61,234,1,0,255,2,0,1782507962.5100648,80
25.02246,25.014408,0.264139,0.5772492,0.839386,1,1,0,0.010559082,0.023071289,25.02246,61,234,1,0,255,2,0,1782507962.5100648,80
25.011229,25.003881,0.16024436,0.5846209,0.6895752,1,1,0,0.0064086914,0.023376465,25.01123,61,234,1,0,255,2,0,1782507962.5100648,80
25.013674,25.0066,0.054946225,0.5923094,0.6967468,1,1,0,0.0021972656,0.02368164,25.013672,61,234,1,0,255,2,0,1782507962.5100648,80
25.01123,25.004108,0.0030522593,0.59683,0.73883057,1,1,0,0.00012207031,0.023864746,25.01123,61,234,1,0,255,2,0,1782507962.5100648,80
25.031248,25.01858,0.21989554,0.76530164,0.6336975,1,1,0,0.0087890625,0.030578613,25.03125,24,235,0,0,255,2,0,1782507962.6098635,81
25.031738,25.019766,0.11605931,0.7653166,0.68743896,1,2,0,0.004638672,0.030578613,25.031738,24,235,0,0,255,2,0,1782507962.6098635,81
25.02197,25.014082,0.3252136,0.5375401,0.8356323,1,1,0,0.013000488,0.021484375,25.021973,26,235,0,0,255,2,0,1782507962.6098635,81
25.032713,25.026674,0.11456383,0.53777087,0.85910034,1,1,0,0.0045776367,0.021484375,25.032715,26,235,0,0,255,2,0,1782507962.6098635,81
25.021484,25.01563,0.062600285,0.5375296,1.1179199,1,1,0,0.0025024414,0.021484375,25.021484,26,235,0,0,255,2,0,1782507962.6098635,81
25.020508,25.014732,0.0091606695,0.5375086,0.82785034,1,1,0,0.00036621094,0.021484375,25.020508,26,235,0,0,255,2,0,1782507962.6098635,81
25.020264,25.014956,0.21070224,0.47032395,0.8517151,1,1,0,0.008422852,0.018798828,25.020264,29,235,1,0,255,2,0,1782507962.6098635,81
25.025146,25.020502,0.105372615,0.47041574,0.6830139,1,1,0,0.004211426,0.018798828,25.025146,29,235,1,0,255,2,0,1782507962.6098635,81
25.032957,25.028564,0.0015276223,0.46903494,1.0250549,1,1,0,6.1035156e-05,0.018737793,25.032959,29,235,1,0,255,2,0,1782507962.6098635,81
25.03003,25.026354,0.21996386,0.36816525,0.6692505,1,1,0,0.0087890625,0.014709473,25.03003,60,235,0,0,255,2,0,1782507962.6098635,81
25.03247,25.029154,0.16804494,0.37125656,0.7698059,1,1,0,0.006713867,0.014831543,25.03247,60,235,0,0,255,2,0,1782507962.6098635,81
25.031006,25.027922,0.114569545,0.37581763,0.84436035,1,1,0,0.0045776367,0.015014648,25.031006,60,235,0,0,255,2,0,1782507962.6098635,81
25.032713,25.029768,0.06263566,0.37889868,0.7533264,1,1,0,0.0025024414,0.015136719,25.032715,60,235,0,0,255,2,0,1782507962.6098635,81
25.032715,25.029776,0.009166178,0.3834818,0.86169434,1,1,0,0.00036621094,0.015319824,25.032715,60,235,0,0,255,2,0,1782507962.6098635,81
25.022947,25.013687,0.36796468,0.5726798,0.734375,1,1,0,0.014709473,0.022888184,25.02295,61,235,1,0,255,2,0,1782507962.6098635,81
25.01587,25.007269,0.314439,0.5755707,0.8599243,1,1,0,0.012573242,0.023010254,25.01587,61,235,1,0,255,2,0,1782507962.6098635,81
25.021484,25.013796,0.21069247,0.5833338,0.79629517,1,1,0,0.008422852,0.02331543,25.021484,61,235,1,0,255,2,0,1782507962.6098635,81
25.02856,25.021158,0.15730062,0.58808047,0.86483765,1,1,0,0.006286621,0.023498535,25.028564,61,235,1,0,255,2,0,1782507962.6098635,81
25.01465,25.00745,0.10531764,0.5908062,0.6659851,1,1,0,0.004211426,0.023620605,25.014648,61,235,1,0,255,2,0,1782507962.6098635,81
25.019287,25.012146,0.051905163,0.59549564,0.7213745,1,1,0,0.0020751953,0.023803711,25.019287,61,235,1,0,255,2,0,1782507962.6098635,81
25.019531,25.012371,-0.0,0.5985547,0.6593933,1,1,0,-0.0,0.023925781,25.019531,61,235,1,0,255,2,0,1782507962.6098635,81
25.0271,25.013939,0.27024165,0.76517475,0.71343994,1,2,0,0.010803223,0.030578613,25.0271,24,236,0,0,255,2,0,1782507962.7100637,82
25.031248,25.018593,0.21836852,0.76530164,0.6770325,1,1,0,0.008728027,0.030578613,25.03125,24,236,0,0,255,2,0,1782507962.7100637,82
25.031736,25.019491,0.16492578,0.7653166,0.44210815,1,2,0,0.006591797,0.030578613,25.031738,24,236,0,0,255,2,0,1782507962.7100637,82
25.02026,25.008493,0.05952961,0.7649658,0.6423645,1,2,0,0.002380371,0.030578613,25.020264,24,236,0,0,255,2,0,1782507962.7100637,82
25.01831,25.005724,0.366321,0.70385253,0.6357727,1,1,0,0.0146484375,0.028137207,25.01831,27,236,1,0,255,2,0,1782507962.7100637,82
25.02417,25.012945,0.2610699,0.7024906,0.8722229,1,1,0,0.010437012,0.028076172,25.02417,27,236,1,0,255,2,0,1782507962.7100637,82
25.021484,25.015085,0.3145373,0.4703469,0.9533081,1,1,0,0.012573242,0.018798828,25.021484,29,236,1,0,255,2,0,1782507962.7100637,82
25.032957,25.02804,0.15734388,0.4705626,0.734375,1,1,0,0.006286621,0.018798828,25.032959,29,236,1,0,255,2,0,1782507962.7100637,82
25.01465,25.010008,0.10532841,0.4702184,0.72753906,1,1,0,0.004211426,0.018798828,25.014648,29,236,1,0,255,2,0,1782507962.7100637,82
25.030762,25.02634,-0.0,0.4705213,0.8093567,1,1,0,-0.0,0.018798828,25.030762,29,236,1,0,255,2,0,1782507962.7100637,82
25.033934,25.030273,0.21847045,0.3682227,0.7793274,1,1,0,0.008728027,0.014709473,25.033936,60,236,0,0,255,2,0,1782507962.7100637,82
25.031252,25.027945,0.16650917,0.37123844,0.7767334,1,1,0,0.006652832,0.014831543,25.03125,60,236,0,0,255,2,0,1782507962.7100637,82
25.03247,25.029387,0.11457625,0.37583962,0.82873535,1,1,0,0.0045776367,0.015014648,25.03247,60,236,0,0,255,2,0,1782507962.7100637,82
25.032715,25.029772,0.061107963,0.37889868,0.82354736,1,1,0,0.0024414062,0.015136719,25.032715,60,236,0,0,255,2,0,1782507962.7100637,82
25.032469,25.029531,0.009166089,0.38347808,0.83828735,1,1,0,0.00036621094,0.015319824,25.03247,60,236,0,0,255,2,0,1782507962.7100637,82
25.022947,25.01371,0.36643797,0.5726798,0.885376,1,1,0,0.0146484375,0.022888184,25.02295,61,236,1,0,255,2,0,1782507962.7100637,82
25.02295,25.014347,0.31452802,0.5757336,0.71383667,1,1,0,0.012573242,0.023010254,25.02295,61,236,1,0,255,2,0,1782507962.7100637,82
25.025146,25.017052,0.26111278,0.5803652,0.7477417,1,1,0,0.010437012,0.02319336,25.025146,61,236,1,0,255,2,0,1782507962.7100637,82
25.025146,25.01747,0.20919636,0.5834192,0.7374573,1,1,0,0.008361816,0.02331543,25.025146,61,236,1,0,255,2,0,1782507962.7100637,82
25.019285,25.011883,0.15724231,0.5878625,0.8517151,1,1,0,0.006286621,0.023498535,25.019287,61,236,1,0,255,2,0,1782507962.7100637,82
25.020264,25.01307,0.1038146,0.5909388,0.8024597,1,1,0,0.0041503906,0.023620605,25.020264,61,236,1,0,255,2,0,1782507962.7100637,82
25.025146,25.018003,0.05191732,0.5956351,0.77752686,1,1,0,0.0020751953,0.023803711,25.025146,61,236,1,0,255,2,0,1782507962.7100637,82
25.019531,25.012371,-0.001526634,0.5985547,0.6645508,1,1,0,-6.1035156e-05,0.023925781,25.019531,61,236,1,0,255,2,0,1782507962.7100637,82
25.028074,25.01428,0.32368916,0.7652046,0.69351196,1,1,0,0.012939453,0.030578613,25.028076,24,237,0,0,255,2,0,1782507962.8099136,83
25.02417,25.011518,0.21830675,0.76508516,0.60510254,1,1,0,0.008728027,0.030578613,25.02417,24,237,0,0,255,2,0,1782507962.8099136,83
25.031006,25.019228,0.06108222,0.7652942,0.69177246,1,1,0,0.0024414062,0.030578613,25.031006,24,237,0,0,255,2,0,1782507962.8099136,83
25.019531,25.011644,0.3251819,0.5374876,0.9031677,1,1,0,0.013000488,0.021484375,25.019531,26,237,0,0,255,2,0,1782507962.8099136,83
25.020754,25.013485,0.27329051,0.53751385,1.0166016,1,1,0,0.010925293,0.021484375,25.020752,26,237,0,0,255,2,0,1782507962.8099136,83
25.016602,25.01056,0.116016604,0.53742474,0.80792236,1,1,0,0.004638672,0.021484375,25.016602,26,237,0,0,255,2,0,1782507962.8099136,83
25.033201,25.027348,0.0626296,0.53778136,0.83047485,1,1,0,0.0025024414,0.021484375,25.033203,26,237,0,0,255,2,0,1782507962.8099136,83
25.026367,25.014507,0.31605706,0.70255226,0.70150757,1,1,0,0.012634277,0.028076172,25.026367,27,237,1,0,255,2,0,1782507962.8099136,83
25.028564,25.017323,0.26264265,0.70261395,0.69125366,1,1,0,0.010498047,0.028076172,25.028564,27,237,1,0,255,2,0,1782507962.8099136,83
25.022951,25.012585,0.1587734,0.70245636,0.6984253,1,1,0,0.0063476562,0.028076172,25.02295,27,237,1,0,255,2,0,1782507962.8099136,83
25.028564,25.02278,0.26117253,0.47048,0.89974976,1,1,0,0.010437012,0.018798828,25.028564,29,237,1,0,255,2,0,1782507962.8099136,83
25.01465,25.010176,0.051901076,0.4702184,0.77371216,1,1,0,0.0020751953,0.018798828,25.014648,29,237,1,0,255,2,0,1782507962.8099136,83
25.031006,25.027754,0.16498025,0.36817962,0.85736084,1,1,0,0.006591797,0.014709473,25.031006,60,237,0,0,255,2,0,1782507962.8099136,83
25.031738,25.028736,0.111517936,0.37124568,0.7307739,1,1,0,0.0044555664,0.014831543,25.031738,60,237,0,0,255,2,0,1782507962.8099136,83
25.032713,25.029821,0.05958038,0.3758433,0.83306885,1,1,0,0.002380371,0.015014648,25.032715,60,237,0,0,255,2,0,1782507962.8099136,83
25.031006,25.028137,0.007637982,0.3788728,0.7342529,1,1,0,0.00030517578,0.015136719,25.031006,60,237,0,0,255,2,0,1782507962.8099136,83
25.029541,25.020428,0.36500895,0.56824887,0.8196411,1,1,0,0.014587402,0.022705078,25.029541,61,237,1,0,255,2,0,1782507962.8099136,83
25.024168,25.015656,0.3130174,0.5727078,1.0466919,1,1,0,0.012512207,0.022888184,25.02417,61,237,1,0,255,2,0,1782507962.8099136,83
25.023924,25.015953,0.25957426,0.5757561,0.66864014,1,1,0,0.010375977,0.023010254,25.023926,61,237,1,0,255,2,0,1782507962.8099136,83
25.028564,25.021286,0.15424694,0.5834989,0.6984253,1,1,0,0.006164551,0.02331543,25.028564,61,237,1,0,255,2,0,1782507962.8099136,83
25.02295,25.015833,0.102299206,0.58794856,0.6511841,1,1,0,0.0040893555,0.023498535,25.02295,61,237,1,0,255,2,0,1782507962.8099136,83
25.023926,25.016893,0.050388098,0.59102535,0.8607178,1,1,0,0.0020141602,0.023620605,25.023926,61,237,1,0,255,2,0,1782507962.8099136,83
25.013672,25.006586,-0.0030525618,0.595362,0.7809143,1,1,0,-0.00012207031,0.023803711,25.013672,61,237,1,0,255,2,0,1782507962.8099136,83
25.03247,25.019228,0.27335328,0.7668661,0.7862549,1,1,0,0.010925293,0.030639648,25.03247,24,238,0,0,255,2,0,1782507962.910081,84
25.03003,25.017347,0.22141175,0.76526433,0.85910034,1,1,0,0.008850098,0.030578613,25.03003,24,238,0,0,255,2,0,1782507962.910081,84
25.026121,25.013847,0.16946897,0.7651449,0.7507324,1,1,0,0.0067749023,0.030578613,25.026123,24,238,0,0,255,2,0,1782507962.910081,84
25.032957,25.020987,0.11606497,0.7653539,0.7568054,1,2,0,0.004638672,0.030578613,25.032959,24,238,0,0,255,2,0,1782507962.910081,84
25.023191,25.011412,0.06411631,0.7650553,0.7862549,1,1,0,0.0025634766,0.030578613,25.023193,24,238,0,0,255,2,0,1782507962.910081,84
25.028072,25.01637,0.010688148,0.7652046,0.6571045,1,2,0,0.0004272461,0.030578613,25.028076,24,238,0,0,255,2,0,1782507962.910081,84
25.025145,25.01937,0.009162367,0.53760827,0.7585144,1,1,0,0.00036621094,0.021484375,25.025146,26,238,0,0,255,2,0,1782507962.910081,84
25.016848,25.00501,0.3144106,0.702285,0.8475952,1,1,0,0.012573242,0.028076172,25.016846,27,238,1,0,255,2,0,1782507962.910081,84
25.022951,25.013088,-0.0,0.70245636,0.9336548,1,1,0,-0.0,0.028076172,25.02295,27,238,1,0,255,2,0,1782507962.910081,84
25.025143,25.019331,0.26113656,0.47194287,0.8093567,1,1,0,0.010437012,0.018859863,25.025146,29,238,1,0,255,2,0,1782507962.910081,84
25.029541,25.024244,0.20925301,0.47049835,0.92440796,1,1,0,0.008361816,0.018798828,25.029541,29,238,1,0,255,2,0,1782507962.910081,84
25.02295,25.018528,-0.0015270098,0.47037444,0.66967773,1,1,0,-6.1035156e-05,0.018798828,25.02295,29,238,1,0,255,2,0,1782507962.910081,84
25.031008,25.02771,0.16497996,0.37123483,1.0081787,1,1,0,0.006591797,0.014831543,25.031006,60,238,0,0,255,2,0,1782507962.910081,84
25.019773,25.016722,0.11299133,0.3741221,0.9239502,1,1,0,0.0045166016,0.014953613,25.019775,60,238,0,0,255,2,0,1782507962.910081,84
25.02417,25.02123,0.05955993,0.37876934,0.7420654,1,1,0,0.002380371,0.015136719,25.02417,60,238,0,0,255,2,0,1782507962.910081,84
25.020264,25.01735,0.0076346896,0.3817641,0.8417053,1,1,0,0.00030517578,0.015258789,25.020264,60,238,0,0,255,2,0,1782507962.910081,84
25.022951,25.01377,0.3649118,0.571153,0.72720337,1,1,0,0.014587402,0.022827148,25.02295,61,238,1,0,255,2,0,1782507962.910081,84
25.025145,25.016562,0.31302872,0.57578415,0.7723999,1,1,0,0.012512207,0.023010254,25.025146,61,238,1,0,255,2,0,1782507962.910081,84
25.015867,25.00783,0.25948995,0.5786236,0.7029114,1,1,0,0.010375977,0.023132324,25.01587,61,238,1,0,255,2,0,1782507962.910081,84
25.014648,25.007023,0.20758261,0.5816481,0.66186523,1,1,0,0.008300781,0.023254395,25.014648,61,238,1,0,255,2,0,1782507962.910081,84
25.013672,25.006317,0.15568098,0.5862043,0.6998291,1,1,0,0.006225586,0.0234375,25.013672,61,238,1,0,255,2,0,1782507962.910081,84
25.020264,25.013077,0.10228793,0.5909388,0.7922058,1,1,0,0.0040893555,0.023620605,25.020264,61,238,1,0,255,2,0,1782507962.910081,84
25.01367,25.006569,0.050367303,0.5938357,0.653656,1,1,0,0.0020141602,0.023742676,25.013672,61,238,1,0,255,2,0,1782507962.910081,84
25.031736,25.024609,-0.0015273809,0.59731936,0.8483887,1,1,0,-6.1035156e-05,0.023864746,25.031738,61,238,1,0,255,2,0,1782507962.910081,84
25.031982,25.018099,0.32679307,0.7668511,0.69525146,1,1,0,0.013061523,0.030639648,25.031982,24,239,0,0,255,2,0,1782507963.0097415,85
25.02905,25.015858,0.27331647,0.7652345,0.71084595,1,2,0,0.010925293,0.030578613,25.029053,24,239,0,0,255,2,0,1782507963.0097415,85
25.031004,25.01922,0.06413633,0.7652942,0.46984863,1,2,0,0.0025634766,0.030578613,25.031006,24,239,0,0,255,2,0,1782507963.0097415,85
25.021482,25.014755,0.21833502,0.5375296,0.8667908,1,1,0,0.008728027,0.021484375,25.021484,26,239,0,0,255,2,0,1782507963.0097415,85
25.0271,25.021322,0.009163083,0.5376502,0.7663269,1,1,0,0.00036621094,0.021484375,25.0271,26,239,0,0,255,2,0,1782507963.0097415,85
25.026367,25.01382,0.3664396,0.70255226,0.8730469,1,1,0,0.0146484375,0.028076172,25.026367,27,239,1,0,255,2,0,1782507963.0097415,85
25.018312,25.008398,0.051897388,0.7023261,0.6974182,1,1,0,0.0020751953,0.028076172,25.01831,27,239,1,0,255,2,0,1782507963.0097415,85
25.031738,25.025337,0.3146662,0.47053966,0.8196411,1,1,0,0.012573242,0.018798828,25.031738,29,239,1,0,255,2,0,1782507963.0097415,85
25.028564,25.02392,0.10538701,0.47048,0.7846985,1,1,0,0.004211426,0.018798828,25.028564,29,239,1,0,255,2,0,1782507963.0097415,85
25.020264,25.015789,0.051912725,0.47032395,0.8517151,1,1,0,0.0020751953,0.018798828,25.020264,29,239,1,0,255,2,0,1782507963.0097415,85
25.02295,25.018528,-0.0,0.47037444,0.81552124,1,1,0,-0.0,0.018798828,25.02295,29,239,1,0,255,2,0,1782507963.0097415,85
25.029053,25.025791,0.16649485,0.3681509,0.7637329,1,1,0,0.006652832,0.014709473,25.029053,60,239,0,0,255,2,0,1782507963.0097415,85
25.028074,25.025038,0.11455634,0.3727188,0.84436035,1,1,0,0.0045776367,0.014892578,25.028076,60,239,0,0,255,2,0,1782507963.0097415,85
25.031006,25.02811,0.06110391,0.37581763,0.7568054,1,1,0,0.0024414062,0.015014648,25.031006,60,239,0,0,255,2,0,1782507963.0097415,85
25.023924,25.015392,0.31454116,0.57270217,0.750824,1,1,0,0.012573242,0.022888184,25.023926,61,239,1,0,255,2,0,1782507963.0097415,85
25.021484,25.013483,0.26260236,0.5756999,0.74191284,1,1,0,0.010498047,0.023010254,25.021484,61,239,1,0,255,2,0,1782507963.0097415,85
25.025146,25.01754,0.20919695,0.5803652,0.7446594,1,1,0,0.008361816,0.02319336,25.025146,61,239,1,0,255,2,0,1782507963.0097415,85
25.01587,25.00854,0.15722127,0.5847293,0.7501221,1,1,0,0.006286621,0.023376465,25.01587,61,239,1,0,255,2,0,1782507963.0097415,85
25.020264,25.013134,0.105341576,0.58788544,0.7593689,1,1,0,0.004211426,0.023498535,25.020264,61,239,1,0,255,2,0,1782507963.0097415,85
25.015871,25.008802,0.051898226,0.59236145,0.73883057,1,1,0,0.0020751953,0.02368164,25.01587,61,239,1,0,255,2,0,1782507963.0097415,85
25.01953,25.006868,0.21979259,0.76494336,0.97592163,1,1,0,0.0087890625,0.030578613,25.019531,24,240,0,0,255,2,0,1782507963.1094596,86
25.032957,25.021177,0.062614165,0.7653539,0.8894348,1,1,0,0.0025024414,0.030578613,25.032959,24,240,0,0,255,2,0,1782507963.1094596,86
25.019531,25.012806,0.21831799,0.5374876,0.7793274,1,1,0,0.008728027,0.021484375,25.019531,26,240,0,0,255,2,0,1782507963.1094596,86
25.033447,25.027117,0.16650365,0.5377866,0.93969727,1,1,0,0.006652832,0.021484375,25.033447,26,240,0,0,255,2,0,1782507963.1094596,86
25.028076,25.022226,0.06108954,0.5376712,0.85910034,1,1,0,0.0024414062,0.021484375,25.028076,26,240,0,0,255,2,0,1782507963.1094596,86
25.021729,25.010462,0.26104397,0.7039487,0.6840515,1,1,0,0.010437012,0.028137207,25.021729,27,240,1,0,255,2,0,1782507963.1094596,86
25.018066,25.007723,0.15568975,0.70231926,0.7839966,1,1,0,0.006225586,0.028076172,25.018066,27,240,1,0,255,2,0,1782507963.1094596,86
25.02417,25.014091,0.10381884,0.7024906,0.9378967,1,1,0,0.0041503906,0.028076172,25.02417,27,240,1,0,255,2,0,1782507963.1094596,86
25.018066,25.008156,0.0503705,0.70231926,0.81066895,1,1,0,0.0020141602,0.028076172,25.018066,27,240,1,0,255,2,0,1782507963.1094596,86
25.009766,25.005318,0.053417202,0.46860036,0.93704224,1,1,0,0.0021362305,0.018737793,25.009766,29,240,1,0,255,2,0,1782507963.1094596,86
25.026123,25.022852,0.16800264,0.3681078,0.9266968,1,1,0,0.006713867,0.014709473,25.026123,60,240,0,0,255,2,0,1782507963.1094596,86
25.031494,25.028595,0.062632725,0.37582496,0.73599243,1,1,0,0.0025024414,0.015014648,25.031494,60,240,0,0,255,2,0,1782507963.1094596,86
25.032959,25.024918,0.2627224,0.5774914,0.7487488,1,1,0,0.010498047,0.023071289,25.032959,61,240,1,0,255,2,0,1782507963.1094596,86
25.025146,25.017805,0.15880655,0.58494616,0.7210388,1,1,0,0.0063476562,0.023376465,25.025146,61,240,1,0,255,2,0,1782507963.1094596,86
25.029541,25.02245,0.0015272491,0.59573966,0.7610779,1,1,0,6.1035156e-05,0.023803711,25.029541,61,240,1,0,255,2,0,1782507963.1094596,86
25.031738,25.017855,0.3267899,0.7668437,0.7403259,1,1,0,0.013061523,0.030639648,25.031738,24,241,0,0,255,2,0,1782507963.2118227,87
25.03125,25.017992,0.2748669,0.7668287,0.83654785,1,1,0,0.010986328,0.030639648,25.03125,24,241,0,0,255,2,0,1782507963.2118227,87
25.028074,25.0158,0.1694822,0.7652046,0.8105469,1,2,0,0.0067749023,0.030578613,25.028076,24,241,0,0,255,2,0,1782507963.2118227,87
25.02124,25.009274,0.11601064,0.76499563,0.64151,1,2,0,0.004638672,0.030578613,25.02124,24,241,0,0,255,2,0,1782507963.2118227,87
25.03003,25.018246,0.06413383,0.76526433,0.49066162,1,2,0,0.0025634766,0.030578613,25.03003,24,241,0,0,255,2,0,1782507963.2118227,87
25.027098,25.015394,0.012214549,0.76517475,0.6839905,1,2,0,0.00048828125,0.030578613,25.0271,24,241,0,0,255,2,0,1782507963.2118227,87
25.033447,25.02673,0.2169119,0.5377866,1.1755066,1,1,0,0.008666992,0.021484375,25.033447,26,241,0,0,255,2,0,1782507963.2118227,87
25.026123,25.020346,0.007635604,0.53762925,0.70391846,1,1,0,0.00030517578,0.021484375,25.026123,26,241,0,0,255,2,0,1782507963.2118227,87
25.018066,25.006207,0.31289914,0.7038456,0.8763428,1,1,0,0.012512207,0.028137207,25.018066,27,241,1,0,255,2,0,1782507963.2118227,87
25.023926,25.012674,0.25954023,0.7040105,0.8545532,1,1,0,0.010375977,0.028137207,25.023926,27,241,1,0,255,2,0,1782507963.2118227,87
25.028564,25.017838,0.20767237,0.70261395,0.75390625,1,1,0,0.008300781,0.028076172,25.028564,27,241,1,0,255,2,0,1782507963.2118227,87
25.023926,25.013855,0.102291115,0.7024838,0.7693176,1,1,0,0.0040893555,0.028076172,25.023926,27,241,1,0,255,2,0,1782507963.2118227,87
25.014648,25.00479,-0.0015261712,0.7022233,0.77474976,1,1,0,-6.1035156e-05,0.028076172,25.014648,27,241,1,0,255,2,0,1782507963.2118227,87
25.02295,25.015865,0.3649424,0.47037444,0.7374573,1,1,0,0.014587402,0.018798828,25.02295,29,241,1,0,255,2,0,1782507963.2118227,87
25.015871,25.010088,0.26104006,0.47024134,0.8496704,1,1,0,0.010437012,0.018798828,25.01587,29,241,1,0,255,2,0,1782507963.2118227,87
25.021484,25.016579,0.15574488,0.4703469,0.9984436,1,1,0,0.006225586,0.018798828,25.021484,29,241,1,0,255,2,0,1782507963.2118227,87
25.014648,25.010178,0.05037457,0.4702184,0.7101135,1,1,0,0.0020141602,0.018798828,25.014648,29,241,1,0,255,2,0,1782507963.2118227,87
25.02246,25.01804,-0.00152698,0.47036526,0.83325195,1,1,0,-6.1035156e-05,0.018798828,25.02246,29,241,1,0,255,2,0,1782507963.2118227,87
25.031494,25.028492,0.11151685,0.37124208,0.72125244,1,1,0,0.0044555664,0.014831543,25.031494,60,241,0,0,255,2,0,1782507963.2118227,87
25.031004,25.028135,0.059576362,0.37429005,1.0472107,1,1,0,0.002380371,0.014953613,25.031006,60,241,0,0,255,2,0,1782507963.2118227,87
25.032713,25.029844,0.007638503,0.37889868,0.83828735,1,1,0,0.00030517578,0.015136719,25.032715,60,241,0,0,255,2,0,1782507963.2118227,87
25.031738,25.023258,0.31311253,0.5713536,0.9706116,1,1,0,0.012512207,0.022827148,25.031738,61,241,1,0,255,2,0,1782507963.2118227,87
25.01245,25.004896,0.20756495,0.5785445,0.7008667,1,1,0,0.008300781,0.023132324,25.012451,61,241,1,0,255,2,0,1782507963.2118227,87
25.025146,25.01787,0.15422589,0.5834192,0.66763306,1,1,0,0.006164551,0.02331543,25.025146,61,241,1,0,255,2,0,1782507963.2118227,87
25.02295,25.01587,0.102299355,0.58642167,0.65631104,1,1,0,0.0040893555,0.0234375,25.02295,61,241,1,0,255,2,0,1782507963.2118227,87
25.01831,25.01128,0.05037679,0.5908927,0.70458984,1,1,0,0.0020141602,0.023620605,25.01831,61,241,1,0,255,2,0,1782507963.2118227,87
25.01367,25.00662,-0.003052566,0.5938357,0.76345825,1,1,0,-0.00012207031,0.023742676,25.013672,61,241,1,0,255,2,0,1782507963.2118227,87
25.02124,25.00745,0.32360077,0.76499563,0.7602539,1,1,0,0.012939453,0.030578613,25.02124,24,242,0,0,255,2,0,1782507963.3097675,88
25.032227,25.019047,0.2718241,0.7653315,0.85128784,1,1,0,0.010864258,0.030578613,25.032227,24,242,0,0,255,2,0,1782507963.3097675,88
25.031004,25.018349,0.21836638,0.7652942,0.68310547,1,1,0,0.008728027,0.030578613,25.031006,24,242,0,0,255,2,0,1782507963.3097675,88
25.022215,25.009964,0.16638954,0.7650255,0.7845459,1,1,0,0.006652832,0.030578613,25.022217,24,242,0,0,255,2,0,1782507963.3097675,88
25.03003,25.022158,0.3237911,0.53771317,1.0064697,1,1,0,0.012939453,0.021484375,25.03003,26,242,0,0,255,2,0,1782507963.3097675,88
25.029053,25.0218,0.27185398,0.5376922,0.83654785,1,1,0,0.010864258,0.021484375,25.029053,26,242,0,0,255,2,0,1782507963.3097675,88
25.025146,25.018818,0.16644844,0.53760827,0.68743896,1,1,0,0.006652832,0.021484375,25.025146,26,242,0,0,255,2,0,1782507963.3097675,88
25.016602,25.010826,0.009159239,0.53742474,0.80966187,1,1,0,0.00036621094,0.021484375,25.016602,26,242,0,0,255,2,0,1782507963.3097675,88
25.026365,25.014482,0.31452972,0.70407915,0.7846985,1,1,0,0.012573242,0.028137207,25.026367,27,242,1,0,255,2,0,1782507963.3097675,88
25.018066,25.006802,0.26100576,0.7038456,0.85787964,1,1,0,0.010437012,0.028137207,25.018066,27,242,1,0,255,2,0,1782507963.3097675,88
25.016846,25.006933,0.051894348,0.702285,0.7716675,1,1,0,0.0020751953,0.028076172,25.016846,27,242,1,0,255,2,0,1782507963.3097675,88
25.018312,25.008451,-0.0,0.7023261,0.6357727,1,1,0,-0.0,0.028076172,25.01831,27,242,1,0,255,2,0,1782507963.3097675,88
25.03589,25.031466,-0.0,0.47061768,1.1072083,1,1,0,-0.0,0.018798828,25.035889,29,242,1,0,255,2,0,1782507963.3097675,88
25.03247,25.02945,0.11610423,0.37125656,0.7732544,1,1,0,0.004638672,0.014831543,25.03247,60,242,0,0,255,2,0,1782507963.3097675,88
25.031982,25.029112,0.010693592,0.3788876,0.86776733,1,1,0,0.0004272461,0.015136719,25.031982,60,242,0,0,255,2,0,1782507963.3097675,88
25.013672,25.005125,0.31593847,0.5724675,0.7439575,1,1,0,0.012634277,0.022888184,25.013672,61,242,1,0,255,2,0,1782507963.3097675,88
25.030762,25.023178,0.21077149,0.57896805,0.9161682,1,1,0,0.008422852,0.023132324,25.030762,61,242,1,0,255,2,0,1782507963.3097675,88
25.021729,25.014423,0.15878509,0.5833395,0.79293823,1,1,0,0.0063476562,0.02331543,25.021729,61,242,1,0,255,2,0,1782507963.3097675,88
25.03076,25.023628,0.10538578,0.5881321,0.76416016,1,1,0,0.004211426,0.023498535,25.030762,61,242,1,0,255,2,0,1782507963.3097675,88
25.021484,25.014448,0.053436708,0.59096766,1.0743713,1,1,0,0.0021362305,0.023620605,25.021484,61,242,1,0,255,2,0,1782507963.3097675,88
25.027342,25.020288,0.0015271172,0.59416026,0.82580566,1,1,0,6.1035156e-05,0.023742676,25.027344,61,242,1,0,255,2,0,1782507963.3097675,88
25.027098,25.013905,0.27329513,0.76517475,0.72299194,1,1,0,0.010925293,0.030578613,25.0271,24,243,0,0,255,2,0,1782507963.4100263,89
25.02905,25.01637,0.2214031,0.7652345,0.83828735,1,1,0,0.008850098,0.030578613,25.029053,24,243,0,0,255,2,0,1782507963.4100263,89
25.03003,25.018059,0.11605139,0.76526433,0.6189575,1,1,0,0.004638672,0.030578613,25.03003,24,243,0,0,255,2,0,1782507963.4100263,89
25.032469,25.020685,0.06414008,0.76533896,0.82528687,1,1,0,0.0025634766,0.030578613,25.03247,24,243,0,0,255,2,0,1782507963.4100263,89
25.024166,25.012466,0.01068648,0.76508516,0.8027344,1,2,0,0.0004272461,0.030578613,25.02417,24,243,0,0,255,2,0,1782507963.4100263,89
25.03003,25.022808,0.26881003,0.53771317,0.8044739,1,1,0,0.0107421875,0.021484375,25.03003,26,243,0,0,255,2,0,1782507963.4100263,89
25.028076,25.02136,0.21686536,0.5376712,0.7767334,1,1,0,0.008666992,0.021484375,25.028076,26,243,0,0,255,2,0,1782507963.4100263,89
25.032957,25.026648,0.1634454,0.5377761,0.8764343,1,1,0,0.0065307617,0.021484375,25.032959,26,243,0,0,255,2,0,1782507963.4100263,89
25.026123,25.020098,0.11147945,0.53762925,0.82528687,1,1,0,0.0044555664,0.021484375,25.026123,26,243,0,0,255,2,0,1782507963.4100263,89
25.025146,25.019371,0.006108245,0.53760827,0.7403259,1,1,0,0.00024414062,0.021484375,25.025146,26,243,0,0,255,2,0,1782507963.4100263,89
25.021484,25.008919,0.36484104,0.7039418,0.8229675,1,1,0,0.014587402,0.028137207,25.021484,27,243,1,0,255,2,0,1782507963.4100263,89
25.018066,25.006226,0.3113729,0.7038456,0.7839966,1,1,0,0.012451172,0.028137207,25.018066,27,243,1,0,255,2,0,1782507963.4100263,89
25.016846,25.005596,0.2594668,0.7038113,0.69470215,1,1,0,0.010375977,0.028137207,25.016846,27,243,1,0,255,2,0,1782507963.4100263,89
25.031738,25.021399,0.15424763,0.70270306,0.85043335,1,1,0,0.006164551,0.028076172,25.031738,27,243,1,0,255,2,0,1782507963.4100263,89
25.021486,25.011415,0.10228114,0.7024152,0.93585205,1,1,0,0.0040893555,0.028076172,25.021484,27,243,1,0,255,2,0,1782507963.4100263,89
25.021486,25.017004,0.054969087,0.4703469,0.8701782,1,1,0,0.0021972656,0.018798828,25.021484,29,243,1,0,255,2,0,1782507963.4100263,89
25.019289,25.014868,0.0015267864,0.4703056,0.85375977,1,1,0,6.1035156e-05,0.018798828,25.019287,29,243,1,0,255,2,0,1782507963.4100263,89
25.031252,25.027946,0.16956449,0.36971083,0.84695435,1,1,0,0.0067749023,0.014770508,25.03125,60,243,0,0,255,2,0,1782507963.4100263,89
25.031982,25.028908,0.1176294,0.37430465,0.7793274,1,1,0,0.004699707,0.014953613,25.031982,60,243,0,0,255,2,0,1782507963.4100263,89
25.03198,25.029055,0.06416153,0.37735996,0.7568054,1,1,0,0.0025634766,0.015075684,25.031982,60,243,0,0,255,2,0,1782507963.4100263,89
25.032957,25.03004,0.0122217005,0.3819578,0.96484375,1,1,0,0.00048828125,0.015258789,25.032959,60,243,0,0,255,2,0,1782507963.4100263,89
25.021482,25.012878,0.31756338,0.57417315,0.92355347,1,1,0,0.0126953125,0.022949219,25.021484,61,243,1,0,255,2,0,1782507963.4100263,89
25.028564,25.020473,0.26420304,0.5789172,0.7251282,1,1,0,0.010559082,0.023132324,25.028564,61,243,1,0,255,2,0,1782507963.4100263,89
25.016846,25.00946,0.16028012,0.5862786,0.8968506,1,1,0,0.0064086914,0.0234375,25.016846,61,243,1,0,255,2,0,1782507963.4100263,89
25.027344,25.02017,0.10689835,0.5895789,0.82785034,1,1,0,0.004272461,0.02355957,25.027344,61,243,1,0,255,2,0,1782507963.4100263,89
25.023926,25.016813,0.054968666,0.59407914,0.8935852,1,1,0,0.0021972656,0.023742676,25.023926,61,243,1,0,255,2,0,1782507963.4100263,89
25.031248,25.017412,0.3267841,0.76530164,0.7715454,1,1,0,0.013061523,0.030578613,25.03125,24,244,0,0,255,2,0,1782507963.51063,90
25.02124,25.008034,0.27475753,0.76499563,0.81747437,1,1,0,0.010986328,0.030578613,25.02124,24,244,0,0,255,2,0,1782507963.51063,90
25.028074,25.015394,0.22139446,0.7652046,0.661438,1,1,0,0.008850098,0.030578613,25.028076,24,244,0,0,255,2,0,1782507963.51063,90
25.03247,25.02049,0.117589846,0.76533896,0.72299194,1,1,0,0.004699707,0.030578613,25.03247,24,244,0,0,255,2,0,1782507963.51063,90
25.03003,25.022104,0.32531792,0.53924054,0.94143677,1,1,0,0.013000488,0.02154541,25.03003,26,244,0,0,255,2,0,1782507963.51063,90
25.029053,25.021767,0.27185363,0.5392195,1.1052856,1,1,0,0.010864258,0.02154541,25.029053,26,244,0,0,255,2,0,1782507963.51063,90
25.03125,25.024473,0.21994734,0.5392668,0.83654785,1,1,0,0.0087890625,0.02154541,25.03125,26,244,0,0,255,2,0,1782507963.51063,90
25.031006,25.024675,0.16648743,0.53773415,0.7403259,1,1,0,0.006652832,0.021484375,25.031006,26,244,0,0,255,2,0,1782507963.51063,90
25.01831,25.012274,0.114497915,0.53746146,0.72998047,1,1,0,0.0045776367,0.021484375,25.01831,26,244,0,0,255,2,0,1782507963.51063,90
25.026123,25.020346,0.009162725,0.53762925,0.69177246,1,1,0,0.00036621094,0.021484375,25.026123,26,244,0,0,255,2,0,1782507963.51063,90
25.019531,25.008251,0.26254743,0.70388687,0.6255188,1,1,0,0.010498047,0.028137207,25.019531,27,244,1,0,255,2,0,1782507963.51063,90
25.020752,25.010891,-0.0,0.70239466,0.6881714,1,1,0,-0.0,0.028076172,25.020752,27,244,1,0,255,2,0,1782507963.51063,90
25.019289,25.012161,0.36794224,0.4703056,0.839386,1,1,0,0.014709473,0.018798828,25.019287,29,244,1,0,255,2,0,1782507963.51063,90
25.013672,25.008749,0.15874907,0.47020003,0.6752014,1,1,0,0.0063476562,0.018798828,25.013672,29,244,1,0,255,2,0,1782507963.51063,90
25.031736,25.02712,0.10540049,0.46901208,0.8565979,1,1,0,0.004211426,0.018737793,25.031738,29,244,1,0,255,2,0,1782507963.51063,90
25.018066,25.013618,0.053434934,0.4687559,0.7901306,1,1,0,0.0021362305,0.018737793,25.018066,29,244,1,0,255,2,0,1782507963.51063,90
25.026125,25.023125,0.11607489,0.3696351,0.7420654,1,1,0,0.004638672,0.014770508,25.026123,60,244,0,0,255,2,0,1782507963.51063,90
25.021238,25.01836,0.06413412,0.37414402,1.0001526,1,1,0,0.0025634766,0.014953613,25.02124,60,244,0,0,255,2,0,1782507963.51063,90
25.031004,25.028156,0.01222078,0.37734523,0.71691895,1,1,0,0.00048828125,0.015075684,25.031006,60,244,0,0,255,2,0,1782507963.51063,90
25.027344,25.018806,0.31763864,0.5712533,0.6604309,1,1,0,0.0126953125,0.022827148,25.027344,61,244,1,0,255,2,0,1782507963.51063,90
25.030762,25.022776,0.26422733,0.574386,0.71383667,1,1,0,0.010559082,0.022949219,25.030762,61,244,1,0,255,2,0,1782507963.51063,90
25.023926,25.01633,0.21224082,0.5788099,0.6470642,1,1,0,0.008483887,0.023132324,25.023926,61,244,1,0,255,2,0,1782507963.51063,90
25.029541,25.02227,0.15883489,0.58199435,0.7477417,1,1,0,0.0063476562,0.023254395,25.029541,61,244,1,0,255,2,0,1782507963.51063,90
25.030762,25.023659,0.10691325,0.5866048,0.88946533,1,1,0,0.004272461,0.0234375,25.030762,61,244,1,0,255,2,0,1782507963.51063,90
25.026371,25.019363,0.05497427,0.5895559,0.77752686,1,1,0,0.0021972656,0.02355957,25.026367,61,244,1,0,255,2,0,1782507963.51063,90
25.025146,25.018093,0.0015269832,0.5941081,0.80114746,1,1,0,6.1035156e-05,0.023742676,25.025146,61,244,1,0,255,2,0,1782507963.51063,90
25.02124,25.00859,0.2182812,0.76499563,0.69869995,1,1,0,0.008728027,0.030578613,25.02124,24,245,0,0,255,2,0,1782507963.6107035,91
25.031006,25.018759,0.16492096,0.7652942,0.60943604,1,2,0,0.006591797,0.030578613,25.031006,24,245,0,0,255,2,0,1782507963.6107035,91
25.024168,25.012396,0.061065543,0.76508516,0.7958069,1,2,0,0.0024414062,0.030578613,25.02417,24,245,0,0,255,2,0,1782507963.6107035,91
25.031004,25.0193,0.007635285,0.7652942,0.42129517,1,2,0,0.00030517578,0.030578613,25.031006,24,245,0,0,255,2,0,1782507963.6107035,91
25.032225,25.024302,0.32534647,0.53928787,0.8027344,1,1,0,0.013000488,0.02154541,25.032227,26,245,0,0,255,2,0,1782507963.6107035,91
25.026123,25.02027,0.06261189,0.53762925,0.71432495,1,1,0,0.0025024414,0.021484375,25.026123,26,245,0,0,255,2,0,1782507963.6107035,91
25.030764,25.01952,0.26266572,0.70267564,0.8360596,1,1,0,0.010498047,0.028076172,25.030762,27,245,1,0,255,2,0,1782507963.6107035,91
25.014648,25.004295,0.1571946,0.7022233,0.74191284,1,1,0,0.006286621,0.028076172,25.014648,27,245,1,0,255,2,0,1782507963.6107035,91
25.016848,25.006765,0.105314754,0.702285,0.8496704,1,1,0,0.004211426,0.028076172,25.016846,27,245,1,0,255,2,0,1782507963.6107035,91
25.028563,25.021427,0.36655104,0.47200733,0.84017944,1,1,0,0.0146484375,0.018859863,25.028564,29,245,1,0,255,2,0,1782507963.6107035,91
25.01367,25.008377,0.20912033,0.47020003,0.82092285,1,1,0,0.008361816,0.018798828,25.013672,29,245,1,0,255,2,0,1782507963.6107035,91
25.031006,25.027723,0.16956298,0.36817962,0.8027344,1,1,0,0.0067749023,0.014709473,25.031006,60,245,0,0,255,2,0,1782507963.6107035,91
25.031738,25.02871,0.11762847,0.37124568,0.8825073,1,1,0,0.004699707,0.014831543,25.031738,60,245,0,0,255,2,0,1782507963.6107035,91
25.032715,25.029812,0.064163476,0.3758433,0.86776733,1,1,0,0.0025634766,0.015014648,25.032715,60,245,0,0,255,2,0,1782507963.6107035,91
25.031738,25.028868,0.012221128,0.3788839,0.82354736,1,1,0,0.00048828125,0.015136719,25.031738,60,245,0,0,255,2,0,1782507963.6107035,91
25.022947,25.014378,0.3175824,0.5726798,0.6830139,1,1,0,0.0126953125,0.022888184,25.02295,61,245,1,0,255,2,0,1782507963.6107035,91
25.023924,25.015905,0.2641548,0.5757561,0.71588135,1,1,0,0.010559082,0.023010254,25.023926,61,245,1,0,255,2,0,1782507963.6107035,91
25.021729,25.0141,0.21222188,0.5802859,0.69226074,1,1,0,0.008483887,0.02319336,25.021729,61,245,1,0,255,2,0,1782507963.6107035,91
25.025145,25.01783,0.16033375,0.5834192,0.67071533,1,1,0,0.0064086914,0.02331543,25.025146,61,245,1,0,255,2,0,1782507963.6107035,91
25.01831,25.011175,0.10685992,0.58783954,0.66967773,1,1,0,0.004272461,0.023498535,25.01831,61,245,1,0,255,2,0,1782507963.6107035,91
25.016846,25.009808,0.054953273,0.5908581,1.0405273,1,1,0,0.0021972656,0.023620605,25.016846,61,245,1,0,255,2,0,1782507963.6107035,91
25.025146,25.018057,0.001526981,0.5956351,0.71383667,1,1,0,6.1035156e-05,0.023803711,25.025146,61,245,1,0,255,2,0,1782507963.6107035,91
25.021484,25.0142,0.27177143,0.5390564,0.9031677,1,1,0,0.010864258,0.02154541,25.021484,26,246,0,0,255,2,0,1782507963.7108161,92
25.021238,25.014479,0.2183326,0.5390512,0.8477478,1,1,0,0.008728027,0.02154541,25.02124,26,246,0,0,255,2,0,1782507963.7108161,92
25.02295,25.01036,0.36638892,0.703983,0.66967773,1,1,0,0.0146484375,0.028137207,25.02295,27,246,1,0,255,2,0,1782507963.7108161,92
25.031738,25.019852,0.31459722,0.70423025,0.9428711,1,1,0,0.012573242,0.028137207,25.031738,27,246,1,0,255,2,0,1782507963.7108161,92
25.027344,25.016562,0.20918877,0.7041066,0.80526733,1,1,0,0.008361816,0.028137207,25.027344,27,246,1,0,255,2,0,1782507963.7108161,92
25.031738,25.021389,0.15577482,0.70270306,0.87509155,1,1,0,0.006225586,0.028076172,25.031738,27,246,1,0,255,2,0,1782507963.7108161,92
25.035889,25.025969,0.051933847,0.7028196,1.1534424,1,1,0,0.0020751953,0.028076172,25.035889,27,246,1,0,255,2,0,1782507963.7108161,92
25.035156,25.02529,-0.0015274225,0.702799,0.95932007,1,1,0,-6.1035156e-05,0.028076172,25.035156,27,246,1,0,255,2,0,1782507963.7108161,92
25.021729,25.0153,0.31454,0.4718784,0.8422241,1,1,0,0.012573242,0.018859863,25.021729,29,246,1,0,255,2,0,1782507963.7108161,92
25.01465,25.009342,0.21065496,0.4702184,0.71728516,1,1,0,0.008422852,0.018798828,25.014648,29,246,1,0,255,2,0,1782507963.7108161,92
25.020264,25.015842,-0.0,0.47032395,0.9173889,1,1,0,-0.0,0.018798828,25.020264,29,246,1,0,255,2,0,1782507963.7108161,92
25.031494,25.028212,0.16956629,0.3681868,0.83828735,1,1,0,0.0067749023,0.014709473,25.031494,60,246,0,0,255,2,0,1782507963.7108161,92
25.02124,25.018219,0.116052136,0.37109,0.8503418,1,1,0,0.004638672,0.014831543,25.02124,60,246,0,0,255,2,0,1782507963.7108161,92
25.03125,25.028347,0.06415972,0.3758213,0.69610596,1,1,0,0.0025634766,0.015014648,25.03125,60,246,0,0,255,2,0,1782507963.7108161,92
25.01953,25.01666,0.012215167,0.37869912,0.6996765,1,1,0,0.00048828125,0.015136719,25.019531,60,246,0,0,255,2,0,1782507963.7108161,92
25.026367,25.017796,0.3176258,0.5727581,0.71795654,1,1,0,0.0126953125,0.022888184,25.026367,61,246,1,0,255,2,0,1782507963.7108161,92
25.028564,25.020544,0.2642038,0.5758628,0.7477417,1,1,0,0.010559082,0.023010254,25.028564,61,246,1,0,255,2,0,1782507963.7108161,92
25.027344,25.019712,0.2122695,0.58041614,0.7631531,1,1,0,0.008483887,0.02319336,25.027344,61,246,1,0,255,2,0,1782507963.7108161,92
25.023926,25.01662,0.15879904,0.5833907,0.7107544,1,1,0,0.0063476562,0.02331543,25.023926,61,246,1,0,255,2,0,1782507963.7108161,92
25.031738,25.0246,0.10691728,0.58815503,0.8442688,1,1,0,0.004272461,0.023498535,25.031738,61,246,1,0,255,2,0,1782507963.7108161,92
25.030762,25.02372,0.054983843,0.59118676,0.7836914,1,1,0,0.0021972656,0.023620605,25.030762,61,246,1,0,255,2,0,1782507963.7108161,92
25.021729,25.014639,0.0015267724,0.59555376,0.72720337,1,1,0,6.1035156e-05,0.023803711,25.021729,61,246,1,0,255,2,0,1782507963.7108161,92
25.03247,25.018673,0.323746,0.76533896,0.70739746,1,1,0,0.012939453,0.030578613,25.03247,24,247,0,0,255,2,0,1782507963.8101614,93
25.03125,25.018087,0.27028647,0.76530164,0.82354736,1,1,0,0.010803223,0.030578613,25.03125,24,247,0,0,255,2,0,1782507963.8101614,93
25.02905,25.01735,0.0076346896,0.7652345,0.42736816,1,2,0,0.00030517578,0.030578613,25.029053,24,247,0,0,255,2,0,1782507963.8101614,93
25.03125,25.023397,0.3222796,0.5377394,0.7940674,1,1,0,0.012878418,0.021484375,25.03125,26,247,0,0,255,2,0,1782507963.8101614,93
25.03247,25.02525,0.26883626,0.5377656,0.7507324,1,1,0,0.0107421875,0.021484375,25.03247,26,247,0,0,255,2,0,1782507963.8101614,93
25.019775,25.013458,0.16488601,0.5374929,0.7655029,1,1,0,0.006591797,0.021484375,25.019775,26,247,0,0,255,2,0,1782507963.8101614,93
25.015623,25.009602,0.11143268,0.53740376,0.701416,1,1,0,0.0044555664,0.021484375,25.015625,26,247,0,0,255,2,0,1782507963.8101614,93
25.02295,25.011106,0.31143367,0.703983,0.7127991,1,1,0,0.012451172,0.028137207,25.02295,27,247,1,0,255,2,0,1782507963.8101614,93
25.035156,25.024815,0.15426868,0.702799,0.8833008,1,1,0,0.006164551,0.028076172,25.035156,27,247,1,0,255,2,0,1782507963.8101614,93
25.026367,25.016457,0.048860326,0.70255226,0.80114746,1,1,0,0.001953125,0.028076172,25.026367,27,247,1,0,255,2,0,1782507963.8101614,93
25.027344,25.01748,-0.0030538917,0.7025797,0.7210388,1,1,0,-0.00012207031,0.028076172,25.027344,27,247,1,0,255,2,0,1782507963.8101614,93
25.021484,25.018202,0.16644435,0.3695666,1.1083984,1,1,0,0.006652832,0.014770508,25.021484,60,247,0,0,255,2,0,1782507963.8101614,93
25.031248,25.028189,0.11457077,0.37429368,0.70132446,1,1,0,0.0045776367,0.014953613,25.03125,60,247,0,0,255,2,0,1782507963.8101614,93
25.032713,25.029795,0.06110802,0.37737098,1.0194702,1,1,0,0.0024414062,0.015075684,25.032715,60,247,0,0,255,2,0,1782507963.8101614,93
25.021729,25.018814,0.009162164,0.38178647,1.1880798,1,1,0,0.00036621094,0.015258789,25.021729,60,247,0,0,255,2,0,1782507963.8101614,93
25.03076,25.021555,0.36655292,0.5713313,0.9901428,1,1,0,0.0146484375,0.022827148,25.030762,61,247,1,0,255,2,0,1782507963.8101614,93
25.028563,25.019995,0.31459904,0.57433563,0.7005005,1,1,0,0.012573242,0.022949219,25.028564,61,247,1,0,255,2,0,1782507963.8101614,93
25.02295,25.01489,0.26109022,0.5787873,0.7579956,1,1,0,0.010437012,0.023132324,25.02295,61,247,1,0,255,2,0,1782507963.8101614,93
25.02954,25.022171,0.15730698,0.58657616,0.8340149,1,1,0,0.006286621,0.0234375,25.029541,61,247,1,0,255,2,0,1782507963.8101614,93
25.021729,25.014622,0.0519103,0.5940269,0.68096924,1,1,0,0.0020751953,0.023742676,25.021729,61,247,1,0,255,2,0,1782507963.8101614,93
25.032957,25.02583,-0.0015274554,0.5973485,0.92645264,1,1,0,-6.1035156e-05,0.023864746,25.032959,61,247,1,0,255,2,0,1782507963.8101614,93
25.028074,25.01581,0.16795535,0.7652046,0.6545105,1,2,0,0.006713867,0.030578613,25.028076,24,248,0,0,255,2,0,1782507963.910617,94
25.0271,25.01919,0.32680732,0.5376502,0.8105469,1,1,0,0.013061523,0.021484375,25.0271,26,248,0,0,255,2,0,1782507963.910617,94
25.034424,25.027153,0.27343985,0.5378076,0.679657,1,1,0,0.010925293,0.021484375,25.034424,26,248,0,0,255,2,0,1782507963.910617,94
25.031006,25.024248,0.22147283,0.53773415,0.7715454,1,1,0,0.008850098,0.021484375,25.031006,26,248,0,0,255,2,0,1782507963.910617,94
25.019775,25.013733,0.11603133,0.5374929,1.1101379,1,1,0,0.004638672,0.021484375,25.019775,26,248,0,0,255,2,0,1782507963.910617,94
25.033936,25.028076,0.06415903,0.5377971,0.85736084,1,1,0,0.0025634766,0.021484375,25.033936,26,248,0,0,255,2,0,1782507963.910617,94
25.034178,25.028399,0.0106932875,0.53780234,1.0177307,1,1,0,0.0004272461,0.021484375,25.03418,26,248,0,0,255,2,0,1782507963.910617,94
25.029541,25.01768,0.3160971,0.70264137,0.7846985,1,1,0,0.012634277,0.028076172,25.029541,27,248,1,0,255,2,0,1782507963.910617,94
25.03418,25.023413,0.2123009,0.7027716,0.8730469,1,1,0,0.008483887,0.028076172,25.03418,27,248,1,0,255,2,0,1782507963.910617,94
25.030764,25.024946,0.26425028,0.4705213,0.8935852,1,1,0,0.010559082,0.018798828,25.030762,29,248,1,0,255,2,0,1782507963.910617,94
25.019289,25.014364,0.15878472,0.4703056,0.861969,1,1,0,0.0063476562,0.018798828,25.019287,29,248,1,0,255,2,0,1782507963.910617,94
25.02246,25.01781,0.10688827,0.47036526,0.8147583,1,1,0,0.004272461,0.018798828,25.02246,29,248,1,0,255,2,0,1782507963.910617,94
25.015871,25.011393,0.05343018,0.47024134,0.70599365,1,1,0,0.0021362305,0.018798828,25.01587,29,248,1,0,255,2,0,1782507963.910617,94
25.01831,25.01392,0.0015267285,0.4687605,0.60806274,1,1,0,6.1035156e-05,0.018737793,25.01831,29,248,1,0,255,2,0,1782507963.910617,94
25.031252,25.028206,0.11609846,0.37276608,0.7698059,1,1,0,0.004638672,0.014892578,25.03125,60,248,0,0,255,2,0,1782507963.910617,94
25.031738,25.02884,0.062633336,0.37582862,0.6718445,1,1,0,0.0025024414,0.015014648,25.031738,60,248,0,0,255,2,0,1782507963.910617,94
25.032469,25.029575,0.01069379,0.38042268,0.7507324,1,1,0,0.0004272461,0.015197754,25.03247,60,248,0,0,255,2,0,1782507963.910617,94
25.01953,25.01034,0.36791545,0.56954825,0.6984253,1,1,0,0.014709473,0.022766113,25.019531,61,248,1,0,255,2,0,1782507963.910617,94
25.03076,25.023418,0.15884218,0.5850774,0.829895,1,1,0,0.0063476562,0.023376465,25.030762,61,248,1,0,255,2,0,1782507963.910617,94
25.018066,25.010979,0.001526549,0.59546655,0.80862427,1,1,0,6.1035156e-05,0.023803711,25.018066,61,248,1,0,255,2,0,1782507963.910617,94
25.0271,25.013285,0.32520324,0.76517475,0.7680664,1,1,0,0.013000488,0.030578613,25.0271,24,249,0,0,255,2,0,1782507964.0104342,95
25.031734,25.019068,0.21989983,0.7653166,0.7550659,1,1,0,0.0087890625,0.030578613,25.031738,24,249,0,0,255,2,0,1782507964.0104342,95
25.033934,25.02223,0.009163415,0.7653838,0.7507324,1,2,0,0.00036621094,0.030578613,25.033936,24,249,0,0,255,2,0,1782507964.0104342,95
25.031006,25.023735,0.2734025,0.53773415,0.69003296,1,1,0,0.010925293,0.021484375,25.031006,26,249,0,0,255,2,0,1782507964.0104342,95
25.03418,25.024256,0.05345766,0.7027716,0.9685669,1,1,0,0.0021362305,0.028076172,25.03418,27,249,1,0,255,2,0,1782507964.0104342,95
25.021729,25.011868,0.0015266032,0.7024221,0.6984253,1,1,0,6.1035156e-05,0.028076172,25.021729,27,249,1,0,255,2,0,1782507964.0104342,95
25.016848,25.010489,0.31142598,0.4702597,0.83325195,1,1,0,0.012451172,0.018798828,25.016846,29,249,1,0,255,2,0,1782507964.0104342,95
25.00757,25.00182,0.25790146,0.47008532,0.82424927,1,1,0,0.010314941,0.018798828,25.007568,29,249,1,0,255,2,0,1782507964.0104342,95
25.01465,25.00938,0.20607561,0.4702184,0.7655029,1,1,0,0.008239746,0.018798828,25.014648,29,249,1,0,255,2,0,1782507964.0104342,95
25.014648,25.009754,0.15417585,0.4702184,0.79833984,1,1,0,0.006164551,0.018798828,25.014648,29,249,1,0,255,2,0,1782507964.0104342,95
25.015871,25.011248,0.100753866,0.47024134,0.7234497,1,1,0,0.0040283203,0.018798828,25.01587,29,249,1,0,255,2,0,1782507964.0104342,95
25.028566,25.024096,0.048875246,0.47048,0.7631531,1,1,0,0.001953125,0.018798828,25.028564,29,249,1,0,255,2,0,1782507964.0104342,95
25.027098,25.023783,0.16800888,0.3711769,0.74380493,1,1,0,0.006713867,0.014831543,25.0271,60,249,0,0,255,2,0,1782507964.0104342,95
25.032225,25.029142,0.11457513,0.37583596,0.7793274,1,1,0,0.0045776367,0.015014648,25.032227,60,249,0,0,255,2,0,1782507964.0104342,95
25.032469,25.029524,0.06263505,0.37889498,0.7845459,1,1,0,0.0025024414,0.015136719,25.03247,60,249,0,0,255,2,0,1782507964.0104342,95
25.033447,25.030506,0.010694187,0.383493,0.6336975,1,1,0,0.0004272461,0.015319824,25.033447,60,249,0,0,255,2,0,1782507964.0104342,95
25.018064,25.009445,0.3159931,0.57562125,1.0004883,1,1,0,0.012634277,0.023010254,25.018066,61,249,1,0,255,2,0,1782507964.0104342,95
25.016848,25.008741,0.2625526,0.5801727,0.94918823,1,1,0,0.010498047,0.02319336,25.016846,61,249,1,0,255,2,0,1782507964.0104342,95
25.023924,25.016521,0.15727147,0.5879715,0.76416016,1,1,0,0.006286621,0.023498535,25.023926,61,249,1,0,255,2,0,1782507964.0104342,95
25.027344,25.02014,0.10537109,0.59110606,0.7425842,1,1,0,0.004211426,0.023620605,25.027344,61,249,1,0,255,2,0,1782507964.0104342,95
25.014648,25.007505,0.053421877,0.5953852,0.77783203,1,1,0,0.0021362305,0.023803711,25.014648,61,249,1,0,255,2,0,1782507964.0104342,95
25.01587,25.008709,-0.0,0.5984671,0.7562866,1,1,0,-0.0,0.023925781,25.01587,61,249,1,0,255,2,0,1782507964.0104342,95
25.031734,25.01947,0.16797993,0.7653166,0.72906494,1,1,0,0.006713867,0.030578613,25.031738,24,250,0,0,255,2,0,1782507964.1101105,96
25.034176,25.022211,0.1145434,0.76539123,0.7914734,1,1,0,0.0045776367,0.030578613,25.03418,24,250,0,0,255,2,0,1782507964.1101105,96
25.032225,25.02052,0.010689921,0.7653315,0.71258545,1,1,0,0.0004272461,0.030578613,25.032227,24,250,0,0,255,2,0,1782507964.1101105,96
25.03247,25.025726,0.21995835,0.5377656,0.9015808,1,1,0,0.0087890625,0.021484375,25.03247,26,250,0,0,255,2,0,1782507964.1101105,96
25.032957,25.026617,0.16802791,0.5377761,0.7897339,1,1,0,0.006713867,0.021484375,25.032959,26,250,0,0,255,2,0,1782507964.1101105,96
25.032715,25.026669,0.11609133,0.53777087,0.99606323,1,1,0,0.004638672,0.021484375,25.032715,26,250,0,0,255,2,0,1782507964.1101105,96
25.02295,25.011091,0.31601387,0.70245636,0.8483887,1,1,0,0.012634277,0.028076172,25.02295,27,250,1,0,255,2,0,1782507964.1101105,96
25.018312,25.008394,0.053423773,0.7023261,0.6398926,1,1,0,0.0021362305,0.028076172,25.01831,27,250,1,0,255,2,0,1782507964.1101105,96
25.022951,25.013088,0.0015266777,0.70245636,0.7210388,1,1,0,6.1035156e-05,0.028076172,25.02295,27,250,1,0,255,2,0,1782507964.1101105,96
25.022951,25.01659,0.31150195,0.47037444,0.6645508,1,1,0,0.012451172,0.018798828,25.02295,29,250,1,0,255,2,0,1782507964.1101105,96
25.020264,25.015368,0.15421045,0.47032395,0.8825073,1,1,0,0.006164551,0.018798828,25.020264,29,250,1,0,255,2,0,1782507964.1101105,96
25.021484,25.016855,0.102303386,0.4703469,0.91122437,1,1,0,0.0040893555,0.018798828,25.021484,29,250,1,0,255,2,0,1782507964.1101105,96
25.034668,25.030197,0.048887163,0.47059473,0.8812561,1,1,0,0.001953125,0.018798828,25.034668,29,250,1,0,255,2,0,1782507964.1101105,96
25.023926,25.019533,-0.0030541422,0.4688657,0.76416016,1,1,0,-0.00012207031,0.018737793,25.023926,29,250,1,0,255,2,0,1782507964.1101105,96
25.020754,25.017492,0.16643964,0.3680288,0.75942993,1,1,0,0.006652832,0.014709473,25.020752,60,250,0,0,255,2,0,1782507964.1101105,96
25.031248,25.028357,0.009165659,0.38040414,0.71606445,1,1,0,0.00036621094,0.015197754,25.03125,60,250,0,0,255,2,0,1782507964.1101105,96
25.022463,25.013329,0.3664324,0.5680881,0.7337036,1,1,0,0.0146484375,0.022705078,25.02246,61,250,1,0,255,2,0,1782507964.1101105,96
25.019287,25.010757,0.31448287,0.572596,0.7449951,1,1,0,0.012573242,0.022888184,25.019287,61,250,1,0,255,2,0,1782507964.1101105,96
25.023926,25.016321,0.20918676,0.58033687,0.7220459,1,1,0,0.008361816,0.02319336,25.023926,61,250,1,0,255,2,0,1782507964.1101105,96
25.029541,25.022505,0.05192666,0.591158,0.76828,1,1,0,0.0020751953,0.023620605,25.029541,61,250,1,0,255,2,0,1782507964.1101105,96
25.023926,25.016836,-0.0,0.595606,0.68200684,1,1,0,-0.0,0.023803711,25.023926,61,250,1,0,255,2,0,1782507964.1101105,96
25.031004,25.019047,0.11300184,0.7652942,0.71691895,1,2,0,0.0045166016,0.030578613,25.031006,24,251,0,0,255,2,0,1782507964.2097862,97
25.03149,25.019718,0.059556328,0.7653091,0.7550659,1,1,0,0.002380371,0.030578613,25.031494,24,251,0,0,255,2,0,1782507964.2097862,97
25.032959,25.025688,0.27342385,0.5377761,0.7749939,1,1,0,0.010925293,0.021484375,25.032959,26,251,0,0,255,2,0,1782507964.2097862,97
25.032957,25.026215,0.21996264,0.5377761,0.7732544,1,1,0,0.0087890625,0.021484375,25.032959,26,251,0,0,255,2,0,1782507964.2097862,97
25.028076,25.022223,0.06261678,0.5376712,0.83654785,1,1,0,0.0025024414,0.021484375,25.028076,26,251,0,0,255,2,0,1782507964.2097862,97
25.022953,25.011711,0.26258376,0.70245636,0.73028564,1,1,0,0.010498047,0.028076172,25.02295,27,251,1,0,255,2,0,1782507964.2097862,97
25.031738,25.020987,0.21075304,0.70270306,0.94802856,1,1,0,0.008422852,0.028076172,25.031738,27,251,1,0,255,2,0,1782507964.2097862,97
25.022951,25.012867,0.10534045,0.70245636,0.7364502,1,1,0,0.004211426,0.028076172,25.02295,27,251,1,0,255,2,0,1782507964.2097862,97
25.034668,25.028267,0.31470302,0.47059473,0.89974976,1,1,0,0.012573242,0.018798828,25.034668,29,251,1,0,255,2,0,1782507964.2097862,97
25.027344,25.021544,0.262687,0.47045705,0.7867737,1,1,0,0.010498047,0.018798828,25.027344,29,251,1,0,255,2,0,1782507964.2097862,97
25.015871,25.01145,-0.0,0.47024134,0.73883057,1,1,0,-0.0,0.018798828,25.01587,29,251,1,0,255,2,0,1782507964.2097862,97
25.032227,25.028965,0.16651596,0.36819756,0.8027344,1,1,0,0.006652832,0.014709473,25.032227,60,251,0,0,255,2,0,1782507964.2097862,97
25.03247,25.029432,0.11457646,0.37278426,0.7602539,1,1,0,0.0045776367,0.014892578,25.03247,60,251,0,0,255,2,0,1782507964.2097862,97
25.031738,25.022566,0.36656773,0.5698261,0.88742065,1,1,0,0.0146484375,0.022766113,25.031738,61,251,1,0,255,2,0,1782507964.2097862,97
25.027342,25.01881,0.31458414,0.57278043,0.77853394,1,1,0,0.012573242,0.022888184,25.027344,61,251,1,0,255,2,0,1782507964.2097862,97
25.014648,25.00663,0.26100397,0.577069,0.7572937,1,1,0,0.010437012,0.023071289,25.014648,61,251,1,0,255,2,0,1782507964.2097862,97
25.021729,25.014124,0.20916839,0.5802859,0.70150757,1,1,0,0.008361816,0.02319336,25.021729,61,251,1,0,255,2,0,1782507964.2097862,97
25.02295,25.015825,0.10382604,0.58794856,0.73028564,1,1,0,0.0041503906,0.023498535,25.02295,61,251,1,0,255,2,0,1782507964.2097862,97
25.031738,25.024666,0.051931147,0.59273726,0.9315796,1,1,0,0.0020751953,0.02368164,25.031738,61,251,1,0,255,2,0,1782507964.2097862,97
25.031738,25.024647,-0.0015273832,0.595792,0.73028564,1,1,0,-6.1035156e-05,0.023803711,25.031738,61,251,1,0,255,2,0,1782507964.2097862,97
25.031004,25.017187,0.325254,0.7652942,0.59814453,1,1,0,0.013000488,0.030578613,25.031006,24,252,0,0,255,2,0,1782507964.3097935,98
25.027098,25.014431,0.21985908,0.76517475,0.42999268,1,2,0,0.0087890625,0.030578613,25.0271,24,252,0,0,255,2,0,1782507964.3097935,98
25.031006,25.024979,0.111501195,0.53773415,0.72299194,1,1,0,0.0044555664,0.021484375,25.031006,26,252,0,0,255,2,0,1782507964.3097935,98
25.030025,25.02418,0.05956695,0.53771317,0.82528687,1,1,0,0.002380371,0.021484375,25.03003,26,252,0,0,255,2,0,1782507964.3097935,98
25.020266,25.0077,0.36482328,0.70390743,0.8414612,1,1,0,0.014587402,0.028137207,25.020264,27,252,1,0,255,2,0,1782507964.3097935,98
25.025146,25.013937,0.25955334,0.70251805,0.8565979,1,1,0,0.010375977,0.028076172,25.025146,27,252,1,0,255,2,0,1782507964.3097935,98
25.030762,25.020035,0.20769061,0.70267564,0.77545166,1,1,0,0.008300781,0.028076172,25.030762,27,252,1,0,255,2,0,1782507964.3097935,98
25.03296,25.02262,0.15425515,0.70273733,0.85043335,1,1,0,0.006164551,0.028076172,25.032959,27,252,1,0,255,2,0,1782507964.3097935,98
25.029541,25.019625,0.0503936,0.70264137,0.8812561,1,1,0,0.0020141602,0.028076172,25.029541,27,252,1,0,255,2,0,1782507964.3097935,98
25.01367,25.006538,0.36633295,0.47172648,0.7942505,1,1,0,0.0146484375,0.018859863,25.013672,29,252,1,0,255,2,0,1782507964.3097935,98
25.013672,25.0092,0.05189905,0.47020003,0.77371216,1,1,0,0.0020751953,0.018798828,25.013672,29,252,1,0,255,2,0,1782507964.3097935,98
25.019775,25.016504,0.16796002,0.36801443,0.8295593,1,1,0,0.006713867,0.014709473,25.019775,60,252,0,0,255,2,0,1782507964.3097935,98
25.032225,25.029333,0.009166016,0.380419,0.70043945,1,1,0,0.00036621094,0.015197754,25.032227,60,252,0,0,255,2,0,1782507964.3097935,98
25.025146,25.01599,0.36799854,0.5681491,0.7241211,1,1,0,0.014709473,0.022705078,25.025146,61,252,1,0,255,2,0,1782507964.3097935,98
25.02075,25.01222,0.3145013,0.5726296,0.6593933,1,1,0,0.012573242,0.022888184,25.020752,61,252,1,0,255,2,0,1782507964.3097935,98
25.016846,25.009552,0.15722765,0.58322567,0.84555054,1,1,0,0.006286621,0.02331543,25.016846,61,252,1,0,255,2,0,1782507964.3097935,98
25.03003,25.016193,0.3267682,0.76526433,0.644104,1,2,0,0.013061523,0.030578613,25.03003,24,253,0,0,255,2,0,1782507964.410712,99
25.026123,25.01293,0.27328447,0.7651449,1.0029907,1,1,0,0.010925293,0.030578613,25.026123,24,253,0,0,255,2,0,1782507964.410712,99
25.031492,25.01881,0.2214247,0.7653091,0.72125244,1,2,0,0.008850098,0.030578613,25.031494,24,253,0,0,255,2,0,1782507964.410712,99
25.0271,25.014835,0.1679488,0.76517475,0.41262817,1,2,0,0.006713867,0.030578613,25.0271,24,253,0,0,255,2,0,1782507964.410712,99
25.026123,25.019407,0.21684843,0.53762925,0.8105469,1,1,0,0.008666992,0.021484375,25.026123,26,253,0,0,255,2,0,1782507964.410712,99
25.033934,25.027908,0.11151425,0.5377971,1.0376587,1,1,0,0.0044555664,0.021484375,25.033936,26,253,0,0,255,2,0,1782507964.410712,99
25.020752,25.014977,0.006107172,0.53751385,0.8477478,1,1,0,0.00024414062,0.021484375,25.020752,26,253,0,0,255,2,0,1782507964.410712,99
25.026367,25.01603,0.15421453,0.70255226,0.7744446,1,1,0,0.006164551,0.028076172,25.026367,27,253,1,0,255,2,0,1782507964.410712,99
25.018312,25.008451,-0.0030527895,0.7023261,0.67788696,1,1,0,-0.00012207031,0.028076172,25.01831,27,253,1,0,255,2,0,1782507964.410712,99
25.027342,25.020206,0.36653316,0.4719843,0.8319702,1,1,0,0.0146484375,0.018859863,25.027344,29,253,1,0,255,2,0,1782507964.410712,99
25.02637,25.021461,0.15577528,0.4704387,0.7395325,1,1,0,0.006225586,0.018798828,25.026367,29,253,1,0,255,2,0,1782507964.410712,99
25.019533,25.015059,0.05191121,0.47031018,0.6131897,1,1,0,0.0020751953,0.018798828,25.019531,29,253,1,0,255,2,0,1782507964.410712,99
25.019289,25.014868,-0.0015267864,0.4703056,0.8147583,1,1,0,-6.1035156e-05,0.018798828,25.019287,29,253,1,0,255,2,0,1782507964.410712,99
25.03247,25.029596,0.061107535,0.37431195,0.86169434,1,1,0,0.0024414062,0.014953613,25.03247,60,253,0,0,255,2,0,1782507964.410712,99
25.034668,25.02553,0.36661115,0.5683653,0.93878174,1,1,0,0.0146484375,0.022705078,25.034668,61,253,1,0,255,2,0,1782507964.410712,99
25.029541,25.02106,0.31308502,0.5713034,0.695343,1,1,0,0.012512207,0.022827148,25.029541,61,253,1,0,255,2,0,1782507964.410712,99
25.021729,25.013742,0.2610782,0.5757055,0.7076721,1,1,0,0.010437012,0.023010254,25.021729,61,253,1,0,255,2,0,1782507964.410712,99
25.026367,25.018808,0.20768043,0.57886636,0.6984253,1,1,0,0.008300781,0.023132324,25.026367,61,253,1,0,255,2,0,1782507964.410712,99
25.029541,25.022253,0.1557802,0.58352166,0.8545532,1,1,0,0.006225586,0.02331543,25.029541,61,253,1,0,255,2,0,1782507964.410712,99
25.015871,25.008783,0.10379681,0.5862557,0.90097046,1,1,0,0.0041503906,0.0234375,25.01587,61,253,1,0,255,2,0,1782507964.410712,99
25.026367,25.019335,0.050393015,0.591083,0.76828,1,1,0,0.0020141602,0.023620605,25.026367,61,253,1,0,255,2,0,1782507964.410712,99
25.018066,25.011015,-0.0015265512,0.59394,0.93585205,1,1,0,-6.1035156e-05,0.023742676,25.018066,61,253,1,0,255,2,0,1782507964.410712,99
25.03125,25.017492,0.32067633,0.76530164,0.8764343,1,1,0,0.012817383,0.030578613,25.03125,24,254,0,0,255,2,0,1782507964.5093887,100
25.026121,25.012978,0.26870444,0.7651449,0.69525146,1,2,0,0.0107421875,0.030578613,25.026123,24,254,0,0,255,2,0,1782507964.5093887,100
25.031248,25.01862,0.2153145,0.76530164,0.71691895,1,1,0,0.008605957,0.030578613,25.03125,24,254,0,0,255,2,0,1782507964.5093887,100
25.028074,25.01584,0.16337481,0.7652046,0.43432617,1,2,0,0.0065307617,0.030578613,25.028076,24,254,0,0,255,2,0,1782507964.5093887,100
25.031004,25.01906,0.109947756,0.7652942,0.8928833,1,1,0,0.0043945312,0.030578613,25.031006,24,254,0,0,255,2,0,1782507964.5093887,100
25.031248,25.01948,0.05802868,0.76530164,0.7602539,1,2,0,0.002319336,0.030578613,25.03125,24,254,0,0,255,2,0,1782507964.5093887,100
25.0271,25.015398,0.006107275,0.76517475,0.46984863,1,2,0,0.00024414062,0.030578613,25.0271,24,254,0,0,255,2,0,1782507964.5093887,100
25.031982,25.025219,0.21842635,0.5392826,0.7828064,1,1,0,0.008728027,0.02154541,25.031982,26,254,0,0,255,2,0,1782507964.5093887,100
25.033936,25.027903,0.11304183,0.5377971,0.85562134,1,1,0,0.0045166016,0.021484375,25.033936,26,254,0,0,255,2,0,1782507964.5093887,100
25.028564,25.01668,0.31455734,0.70414096,0.8935852,1,1,0,0.012573242,0.028137207,25.028564,27,254,1,0,255,2,0,1782507964.5093887,100
25.028563,25.0187,-0.0015270202,0.70261395,0.8935852,1,1,0,-6.1035156e-05,0.028076172,25.028564,27,254,1,0,255,2,0,1782507964.5093887,100
25.028566,25.024086,0.053457297,0.47048,0.82373047,1,1,0,0.0021362305,0.018798828,25.028564,29,254,1,0,255,2,0,1782507964.5093887,100
25.033447,25.030163,0.16652392,0.3697433,1.2249146,1,1,0,0.006652832,0.014770508,25.033447,60,254,0,0,255,2,0,1782507964.5093887,100
25.028074,25.025045,0.11302893,0.3727188,0.6839905,1,1,0,0.0045166016,0.014892578,25.028076,60,254,0,0,255,2,0,1782507964.5093887,100
25.031736,25.028818,0.061105635,0.37735626,0.82180786,1,1,0,0.0024414062,0.015075684,25.031738,60,254,0,0,255,2,0,1782507964.5093887,100
25.02124,25.018349,0.009161994,0.380252,1.1984558,1,1,0,0.00036621094,0.015197754,25.02124,60,254,0,0,255,2,0,1782507964.5093887,100
25.03076,25.02159,0.36655343,0.5698039,1.0014343,1,1,0,0.0146484375,0.022766113,25.030762,61,254,1,0,255,2,0,1782507964.5093887,100
25.02295,25.015308,0.20917828,0.5818411,0.76416016,1,1,0,0.008361816,0.023254395,25.02295,61,254,1,0,255,2,0,1782507964.5093887,100
25.020264,25.012943,0.15572225,0.5848321,0.8517151,1,1,0,0.006225586,0.023376465,25.020264,61,254,1,0,255,2,0,1782507964.5093887,100
25.025146,25.017986,0.10383501,0.5895272,0.8175659,1,1,0,0.0041503906,0.02355957,25.025146,61,254,1,0,255,2,0,1782507964.5093887,100
25.022951,25.01588,0.051912915,0.5925291,0.7395325,1,1,0,0.0020751953,0.02368164,25.02295,61,254,1,0,255,2,0,1782507964.5093887,100
25.027098,25.013264,0.32672992,0.76517475,0.45684814,1,2,0,0.013061523,0.030578613,25.0271,24,255,0,0,255,2,0,1782507964.6102304,101
25.03125,25.018038,0.27486742,0.76530164,0.85736084,1,2,0,0.010986328,0.030578613,25.03125,24,255,0,0,255,2,0,1782507964.6102304,101
25.032713,25.020031,0.2214355,0.7653464,0.640625,1,2,0,0.008850098,0.030578613,25.032715,24,255,0,0,255,2,0,1782507964.6102304,101
25.02905,25.016777,0.16948882,0.7652345,0.47158813,1,2,0,0.0067749023,0.030578613,25.029053,24,255,0,0,255,2,0,1782507964.6102304,101
25.027098,25.015121,0.11756461,0.76517475,0.71343994,1,2,0,0.004699707,0.030578613,25.0271,24,255,0,0,255,2,0,1782507964.6102304,101
25.031002,25.019299,0.012216455,0.7652942,0.43170166,1,2,0,0.00048828125,0.030578613,25.031006,24,255,0,0,255,2,0,1782507964.6102304,101
25.02905,25.02116,0.32530564,0.5376922,0.84436035,1,1,0,0.013000488,0.021484375,25.029053,26,255,0,0,255,2,0,1782507964.6102304,101
25.019531,25.01279,0.21984465,0.5374876,0.8321533,1,1,0,0.0087890625,0.021484375,25.019531,26,255,0,0,255,2,0,1782507964.6102304,101
25.029541,25.019455,0.1053682,0.70264137,0.6974182,1,1,0,0.004211426,0.028076172,25.029541,27,255,1,0,255,2,0,1782507964.6102304,101
25.035156,25.025236,0.051932327,0.702799,1.0692139,1,1,0,0.0020751953,0.028076172,25.035156,27,255,1,0,255,2,0,1782507964.6102304,101
25.012451,25.006655,0.26253065,0.47017708,0.7131653,1,1,0,0.010498047,0.018798828,25.012451,29,255,1,0,255,2,0,1782507964.6102304,101
25.011232,25.006317,0.15720731,0.47015414,0.67211914,1,1,0,0.006286621,0.018798828,25.01123,29,255,1,0,255,2,0,1782507964.6102304,101
25.026123,25.02245,0.21992955,0.3681078,0.87384033,1,1,0,0.0087890625,0.014709473,25.026123,60,255,0,0,255,2,0,1782507964.6102304,101
25.030031,25.026712,0.16802855,0.37122035,0.7992859,1,1,0,0.006713867,0.014831543,25.03003,60,255,0,0,255,2,0,1782507964.6102304,101
25.028078,25.024986,0.116083525,0.37577364,0.7550659,1,1,0,0.004638672,0.015014648,25.028076,60,255,0,0,255,2,0,1782507964.6102304,101
25.032469,25.02953,0.01069377,0.38347808,0.69003296,1,1,0,0.0004272461,0.015319824,25.03247,60,255,0,0,255,2,0,1782507964.6102304,101
25.023924,25.015303,0.3160671,0.5757561,0.6881714,1,1,0,0.012634277,0.023010254,25.023926,61,255,1,0,255,2,0,1782507964.6102304,101
25.023926,25.016237,0.21071303,0.5833907,0.78778076,1,1,0,0.008422852,0.02331543,25.023926,61,255,1,0,255,2,0,1782507964.6102304,101
25.028564,25.02115,0.15882778,0.58808047,0.7189636,1,1,0,0.0063476562,0.023498535,25.028564,61,255,1,0,255,2,0,1782507964.6102304,101
25.025146,25.017944,0.105361834,0.59105414,0.7579956,1,1,0,0.004211426,0.023620605,25.025146,61,255,1,0,255,2,0,1782507964.6102304,101
25.025146,25.018,0.053444296,0.5956351,0.846344,1,1,0,0.0021362305,0.023803711,25.025146,61,255,1,0,255,2,0,1782507964.6102304,101
25.029541,25.022377,0.0015272447,0.59879416,0.7836914,1,1,0,6.1035156e-05,0.023925781,25.029541,61,255,1,0,255,2,0,1782507964.6102304,101
25.032225,25.018448,0.32221586,0.7653315,0.69869995,1,1,0,0.012878418,0.030578613,25.032227,24,0,0,0,255,2,0,1782507964.7095516,102
25.024166,25.012398,0.059538905,0.76508516,0.6397705,1,2,0,0.002380371,0.030578613,25.02417,24,0,0,0,255,2,0,1782507964.7095516,102
25.025145,25.017256,0.3252549,0.53760827,0.71951294,1,1,0,0.013000488,0.021484375,25.025146,26,0,0,0,255,2,0,1782507964.7095516,102
25.02905,25.022308,0.21992831,0.5376922,0.7619934,1,1,0,0.0087890625,0.021484375,25.029053,26,0,0,0,255,2,0,1782507964.7095516,102
25.02417,25.018393,0.00916201,0.5375873,0.6631775,1,1,0,0.00036621094,0.021484375,25.02417,26,0,0,0,255,2,0,1782507964.7095516,102
25.018312,25.005747,0.36784786,0.7023261,0.67892456,1,1,0,0.014709473,0.028076172,25.01831,27,0,1,0,255,2,0,1782507964.7095516,102
25.018312,25.007957,0.15721762,0.7023261,0.69125366,1,1,0,0.006286621,0.028076172,25.01831,27,0,1,0,255,2,0,1782507964.7095516,102
25.02246,25.012379,0.105338395,0.70244265,0.8373413,1,1,0,0.004211426,0.028076172,25.02246,27,0,1,0,255,2,0,1782507964.7095516,102
25.021484,25.01157,0.051903967,0.7024152,1.0364075,1,1,0,0.0020751953,0.028076172,25.021484,27,0,1,0,255,2,0,1782507964.7095516,102
25.02246,25.0126,-0.0,0.70244265,0.8948059,1,1,0,-0.0,0.028076172,25.02246,27,0,1,0,255,2,0,1782507964.7095516,102
25.034182,25.030918,0.16652896,0.3682263,0.7585144,1,1,0,0.006652832,0.014709473,25.03418,60,0,0,0,255,2,0,1782507964.7095516,102
25.032715,25.029684,0.11304988,0.3727879,0.72906494,1,1,0,0.0045166016,0.014892578,25.032715,60,0,0,0,255,2,0,1782507964.7095516,102
25.032469,25.029577,0.0076384214,0.38042268,0.7619934,1,1,0,0.00030517578,0.015197754,25.03247,60,0,0,0,255,2,0,1782507964.7095516,102
25.02075,25.011583,0.36640683,0.5695761,0.6614685,1,1,0,0.0146484375,0.022766113,25.020752,61,0,1,0,255,2,0,1782507964.7095516,102
25.019287,25.011683,0.20914797,0.5802293,0.861969,1,1,0,0.008361816,0.02319336,25.019287,61,0,1,0,255,2,0,1782507964.7095516,102
25.016846,25.009525,0.15570097,0.58475214,0.94714355,1,1,0,0.006225586,0.023376465,25.016846,61,0,1,0,255,2,0,1782507964.7095516,102
25.018066,25.010944,0.10380578,0.5878338,0.76345825,1,1,0,0.0041503906,0.023498535,25.018066,61,0,1,0,255,2,0,1782507964.7095516,102
25.028564,25.021496,0.05039737,0.5926621,0.70666504,1,1,0,0.0020141602,0.02368164,25.028564,61,0,1,0,255,2,0,1782507964.7095516,102
25.023926,25.016836,-0.0015269065,0.595606,0.7600708,1,1,0,-6.1035156e-05,0.023803711,25.023926,61,0,1,0,255,2,0,1782507964.7095516,102
25.032227,25.019064,0.27029702,0.7653315,0.646698,1,2,0,0.010803223,0.030578613,25.032227,24,1,0,0,255,2,0,1782507964.810078,103
25.0271,25.01446,0.21680553,0.76517475,0.44644165,1,2,0,0.008666992,0.030578613,25.0271,24,1,0,0,255,2,0,1782507964.810078,103
25.042479,25.030228,0.16499656,0.765645,0.3866272,1,2,0,0.006591797,0.030578613,25.04248,24,1,0,0,255,2,0,1782507964.810078,103
25.025143,25.013374,0.05954123,0.765115,0.3796997,1,2,0,0.002380371,0.030578613,25.025146,24,1,0,0,255,2,0,1782507964.810078,103
25.021729,25.00914,0.36637104,0.7039487,0.67071533,1,1,0,0.0146484375,0.028137207,25.021729,27,1,1,0,255,2,0,1782507964.810078,103
25.021486,25.009647,0.31446892,0.7024152,0.90301514,1,1,0,0.012573242,0.028076172,25.021484,27,1,1,0,255,2,0,1782507964.810078,103
25.014647,25.004574,0.10377934,0.7022233,0.760376,1,1,0,0.0041503906,0.028076172,25.014648,27,1,1,0,255,2,0,1782507964.810078,103
25.02417,25.014254,0.051909536,0.7024906,0.96047974,1,1,0,0.0020751953,0.028076172,25.02417,27,1,1,0,255,2,0,1782507964.810078,103
25.021484,25.014423,0.36339426,0.4703469,0.75115967,1,1,0,0.014526367,0.018798828,25.021484,29,1,1,0,255,2,0,1782507964.810078,103
25.030764,25.0244,0.31159922,0.4705213,0.8340149,1,1,0,0.012451172,0.018798828,25.030762,29,1,1,0,255,2,0,1782507964.810078,103
25.020264,25.014496,0.25955912,0.47032395,0.8948059,1,1,0,0.010375977,0.018798828,25.020264,29,1,1,0,255,2,0,1782507964.810078,103
25.018066,25.012796,0.20610377,0.47028264,0.92355347,1,1,0,0.008239746,0.018798828,25.018066,29,1,1,0,255,2,0,1782507964.810078,103
25.031738,25.02684,0.15428117,0.47053966,0.80319214,1,1,0,0.006164551,0.018798828,25.031738,29,1,1,0,255,2,0,1782507964.810078,103
25.023928,25.019297,0.10231337,0.4703928,0.87713623,1,1,0,0.0040893555,0.018798828,25.023926,29,1,1,0,255,2,0,1782507964.810078,103
25.023926,25.019457,0.048866186,0.4703928,0.78985596,1,1,0,0.001953125,0.018798828,25.023926,29,1,1,0,255,2,0,1782507964.810078,103
25.028564,25.024172,-0.0030547085,0.4689526,0.8956299,1,1,0,-0.00012207031,0.018737793,25.028564,29,1,1,0,255,2,0,1782507964.810078,103
25.020262,25.01697,0.16796315,0.36954856,0.8650818,1,1,0,0.006713867,0.014770508,25.020264,60,1,0,0,255,2,0,1782507964.810078,103
25.033447,25.030378,0.11610854,0.37432656,1.1278381,1,1,0,0.004638672,0.014953613,25.033447,60,1,0,0,255,2,0,1782507964.810078,103
25.032713,25.029797,0.010693884,0.38195407,0.96310425,1,1,0,0.0004272461,0.015258789,25.032715,60,1,0,0,255,2,0,1782507964.810078,103
25.031738,25.023663,0.26270923,0.57899064,0.7949829,1,1,0,0.010498047,0.023132324,25.031738,61,1,1,0,255,2,0,1782507964.810078,103
25.021729,25.014353,0.15878464,0.58639306,0.65530396,1,1,0,0.0063476562,0.0234375,25.021729,61,1,1,0,255,2,0,1782507964.810078,103
25.030762,25.02365,0.053456362,0.5942414,0.8442688,1,1,0,0.0021362305,0.023742676,25.030762,61,1,1,0,255,2,0,1782507964.810078,103
25.015867,25.008745,-0.0,0.5969407,0.8065491,1,1,0,-0.0,0.023864746,25.01587,61,1,1,0,255,2,0,1782507964.810078,103
25.029055,25.015846,0.27026224,0.76676136,0.73773193,1,1,0,0.010803223,0.030639648,25.029053,24,2,0,0,255,2,0,1782507964.9100828,104
25.02905,25.017277,0.06107746,0.7652345,0.46984863,1,2,0,0.0024414062,0.030578613,25.029053,24,2,0,0,255,2,0,1782507964.9100828,104
25.031738,25.023846,0.32534054,0.5377499,0.84869385,1,1,0,0.013000488,0.021484375,25.031738,26,2,0,0,255,2,0,1782507964.9100828,104
25.02124,25.015387,0.062599674,0.53752434,0.87210083,1,1,0,0.0025024414,0.021484375,25.02124,26,2,0,0,255,2,0,1782507964.9100828,104
25.026121,25.020344,0.010689845,0.53762925,0.69784546,1,1,0,0.0004272461,0.021484375,25.026123,26,2,0,0,255,2,0,1782507964.9100828,104
25.021484,25.008917,0.3678945,0.7024152,0.8250427,1,1,0,0.014709473,0.028076172,25.021484,27,2,1,0,255,2,0,1782507964.9100828,104
25.02173,25.01049,0.26257095,0.7024221,0.79293823,1,1,0,0.010498047,0.028076172,25.021729,27,2,1,0,255,2,0,1782507964.9100828,104
25.028564,25.017813,0.2107263,0.70261395,0.8792114,1,1,0,0.008422852,0.028076172,25.028564,27,2,1,0,255,2,0,1782507964.9100828,104
25.021729,25.01181,0.05343107,0.7024221,0.750824,1,1,0,0.0021362305,0.028076172,25.021729,27,2,1,0,255,2,0,1782507964.9100828,104
25.016848,25.01045,0.314479,0.4702597,0.8701782,1,1,0,0.012573242,0.018798828,25.016846,29,2,1,0,255,2,0,1782507964.9100828,104
25.019289,25.014652,0.10382117,0.4703056,0.839386,1,1,0,0.0041503906,0.018798828,25.019287,29,2,1,0,255,2,0,1782507964.9100828,104
25.010988,25.006514,0.051893476,0.47014955,0.82424927,1,1,0,0.0020751953,0.018798828,25.010986,29,2,1,0,255,2,0,1782507964.9100828,104
25.016846,25.012426,-0.0,0.4702597,0.8640137,1,1,0,-0.0,0.018798828,25.016846,29,2,1,0,255,2,0,1782507964.9100828,104
25.021484,25.01819,0.16797134,0.3695666,0.8356323,1,1,0,0.006713867,0.014770508,25.021484,60,2,0,0,255,2,0,1782507964.9100828,104
25.029055,25.025986,0.11608817,0.37426084,0.7767334,1,1,0,0.004638672,0.014953613,25.029053,60,2,0,0,255,2,0,1782507964.9100828,104
25.026123,25.023201,0.062619224,0.37727162,0.70825195,1,1,0,0.0025024414,0.015075684,25.026123,60,2,0,0,255,2,0,1782507964.9100828,104
25.03198,25.029064,0.0106935715,0.3819429,0.62677,1,1,0,0.0004272461,0.015258789,25.031982,60,2,0,0,255,2,0,1782507964.9100828,104
25.025146,25.01592,0.36799753,0.5712031,0.7425842,1,1,0,0.014709473,0.022827148,25.025146,61,2,1,0,255,2,0,1782507964.9100828,104
25.027344,25.019253,0.26419014,0.57888895,0.8196411,1,1,0,0.010559082,0.023132324,25.027344,61,2,1,0,255,2,0,1782507964.9100828,104
25.029543,25.021887,0.21076061,0.58199435,0.8442688,1,1,0,0.008422852,0.023254395,25.029541,61,2,1,0,255,2,0,1782507964.9100828,104
25.02954,25.022366,0.10690773,0.58963066,0.7189636,1,1,0,0.004272461,0.02355957,25.029541,61,2,1,0,255,2,0,1782507964.9100828,104
25.018063,25.01094,0.0015265467,0.59699315,0.9286804,1,1,0,6.1035156e-05,0.023864746,25.018066,61,2,1,0,255,2,0,1782507964.9100828,104
25.031248,25.018053,0.27334043,0.76530164,0.85128784,1,1,0,0.010925293,0.030578613,25.03125,24,3,0,0,255,2,0,1782507965.0100095,105
25.027098,25.014418,0.22138582,0.76517475,0.70825195,1,1,0,0.008850098,0.030578613,25.0271,24,3,0,0,255,2,0,1782507965.0100095,105
25.027098,25.020357,0.21991116,0.5376502,0.7568054,1,1,0,0.0087890625,0.021484375,25.0271,26,3,0,0,255,2,0,1782507965.0100095,105
25.031982,25.026203,0.00916487,0.53775513,0.9379883,1,1,0,0.00036621094,0.021484375,25.031982,26,3,0,0,255,2,0,1782507965.0100095,105
25.02295,25.011068,0.31448677,0.703983,0.7076721,1,1,0,0.012573242,0.028137207,25.02295,27,3,1,0,255,2,0,1782507965.0100095,105
25.02954,25.0188,0.20920749,0.70264137,0.7220459,1,1,0,0.008361816,0.028076172,25.029541,27,3,1,0,255,2,0,1782507965.0100095,105
25.019531,25.012375,0.36794537,0.47183698,0.633728,1,1,0,0.014709473,0.018859863,25.019531,29,3,1,0,255,2,0,1782507965.0100095,105
25.018068,25.013144,0.15877697,0.47028264,0.861969,1,1,0,0.0063476562,0.018798828,25.018066,29,3,1,0,255,2,0,1782507965.0100095,105
25.01123,25.006811,0.0015262946,0.47015414,0.66085815,1,1,0,6.1035156e-05,0.018798828,25.01123,29,3,1,0,255,2,0,1782507965.0100095,105
25.032225,25.028564,0.21845554,0.36819756,0.6926575,1,1,0,0.008728027,0.014709473,25.032227,60,3,0,0,255,2,0,1782507965.0100095,105
25.031984,25.028677,0.16651404,0.37124932,0.72299194,1,1,0,0.006652832,0.014831543,25.031982,60,3,0,0,255,2,0,1782507965.0100095,105
25.019775,25.016838,0.009161441,0.3832836,1.053833,1,1,0,0.00036621094,0.015319824,25.019775,60,3,0,0,255,2,0,1782507965.0100095,105
25.023926,25.014687,0.36645228,0.57270217,0.6871338,1,1,0,0.0146484375,0.022888184,25.023926,61,3,1,0,255,2,0,1782507965.0100095,105
25.03076,25.022156,0.3146262,0.57591337,1.0230103,1,1,0,0.012573242,0.023010254,25.030762,61,3,1,0,255,2,0,1782507965.0100095,105
25.031738,25.023643,0.26118156,0.58051807,0.89974976,1,1,0,0.010437012,0.02319336,25.031738,61,3,1,0,255,2,0,1782507965.0100095,105
25.023924,25.016249,0.20918615,0.5833907,0.7693176,1,1,0,0.008361816,0.02331543,25.023926,61,3,1,0,255,2,0,1782507965.0100095,105
25.02954,25.022135,0.15730676,0.5881034,0.76828,1,1,0,0.006286621,0.023498535,25.029541,61,3,1,0,255,2,0,1782507965.0100095,105
25.031738,25.02454,0.10386221,0.5912098,0.7569885,1,1,0,0.0041503906,0.023620605,25.031738,61,3,1,0,255,2,0,1782507965.0100095,105
25.022459,25.015318,0.051911745,0.59557116,0.75115967,1,1,0,0.0020751953,0.023803711,25.02246,61,3,1,0,255,2,0,1782507965.0100095,105
25.031738,25.024574,-0.0,0.59884673,0.76828,1,1,0,-0.0,0.023925781,25.031738,61,3,1,0,255,2,0,1782507965.0100095,105
25.026121,25.012348,0.32213727,0.7651449,0.70217896,1,2,0,0.012878418,0.030578613,25.026123,24,4,0,0,255,2,0,1782507965.1098027,106
25.041502,25.029795,0.007638488,0.76561517,0.36749268,1,2,0,0.00030517578,0.030578613,25.041504,24,4,0,0,255,2,0,1782507965.1098027,106
25.033447,25.026226,0.26884675,0.5377866,0.85302734,1,1,0,0.0107421875,0.021484375,25.033447,26,4,0,0,255,2,0,1782507965.1098027,106
25.03418,25.027462,0.21691824,0.53780234,0.82528687,1,1,0,0.008666992,0.021484375,25.03418,26,4,0,0,255,2,0,1782507965.1098027,106
25.03125,25.024939,0.16343424,0.5377394,0.8044739,1,1,0,0.0065307617,0.021484375,25.03125,26,4,0,0,255,2,0,1782507965.1098027,106
25.031248,25.025223,0.11150228,0.5377394,0.7663269,1,1,0,0.0044555664,0.021484375,25.03125,26,4,0,0,255,2,0,1782507965.1098027,106
25.01367,25.007826,0.05952802,0.5373618,1.040863,1,1,0,0.002380371,0.021484375,25.013672,26,4,0,0,255,2,0,1782507965.1098027,106
25.032715,25.026937,0.006110092,0.53777087,0.8998413,1,1,0,0.00024414062,0.021484375,25.032715,26,4,0,0,255,2,0,1782507965.1098027,106
25.027346,25.015543,0.31148893,0.7025797,0.82580566,1,1,0,0.012451172,0.028076172,25.027344,27,4,1,0,255,2,0,1782507965.1098027,106
25.023922,25.013212,0.2061072,0.7024838,0.7569885,1,1,0,0.008239746,0.028076172,25.023926,27,4,1,0,255,2,0,1782507965.1098027,106
25.018312,25.008244,0.10226817,0.7023261,0.69433594,1,1,0,0.0040893555,0.028076172,25.01831,27,4,1,0,255,2,0,1782507965.1098027,106
25.027344,25.017433,0.048862234,0.7025797,0.964447,1,1,0,0.001953125,0.028076172,25.027344,27,4,1,0,255,2,0,1782507965.1098027,106
25.022951,25.013088,-0.0030533555,0.70245636,0.78985596,1,1,0,-0.00012207031,0.028076172,25.02295,27,4,1,0,255,2,0,1782507965.1098027,106
25.031738,25.02683,0.1558087,0.47053966,0.868927,1,1,0,0.006225586,0.018798828,25.031738,29,4,1,0,255,2,0,1782507965.1098027,106
25.031006,25.027945,0.11456965,0.37429005,0.6865845,1,1,0,0.0045776367,0.014953613,25.031006,60,4,0,0,255,2,0,1782507965.1098027,106
25.033934,25.031015,0.061111,0.3773894,0.7619934,1,1,0,0.0024414062,0.015075684,25.033936,60,4,0,0,255,2,0,1782507965.1098027,106
25.017334,25.008133,0.36635628,0.57102484,0.73028564,1,1,0,0.0146484375,0.022827148,25.017334,61,4,1,0,255,2,0,1782507965.1098027,106
25.025146,25.017073,0.26264003,0.57883817,0.7867737,1,1,0,0.010498047,0.023132324,25.025146,61,4,1,0,255,2,0,1782507965.1098027,106
25.013672,25.006308,0.15720725,0.5862043,0.7942505,1,1,0,0.006286621,0.0234375,25.013672,61,4,1,0,255,2,0,1782507965.1098027,106
25.020266,25.013105,0.10381475,0.58941215,0.6967468,1,1,0,0.0041503906,0.02355957,25.020264,61,4,1,0,255,2,0,1782507965.1098027,106
25.021484,25.014378,0.051909793,0.59402114,0.9307251,1,1,0,0.0020751953,0.023742676,25.021484,61,4,1,0,255,2,0,1782507965.1098027,106
25.021484,25.014359,-0.0,0.5970747,0.8599243,1,1,0,-0.0,0.023864746,25.021484,61,4,1,0,255,2,0,1782507965.1098027,106
25.033201,25.019424,0.32222843,0.76536137,0.7637329,1,2,0,0.012878418,0.030578613,25.033203,24,5,0,0,255,2,0,1782507965.2100544,107
25.031982,25.01882,0.27029437,0.76532406,0.7602539,1,2,0,0.010803223,0.030578613,25.031982,24,5,0,0,255,2,0,1782507965.2100544,107
25.031002,25.01923,0.059555165,0.7652942,0.60336304,1,2,0,0.002380371,0.030578613,25.031006,24,5,0,0,255,2,0,1782507965.2100544,107
25.03003,25.018326,0.0076349876,0.76526433,0.47766113,1,2,0,0.00030517578,0.030578613,25.03003,24,5,0,0,255,2,0,1782507965.2100544,107
25.026123,25.018854,0.2733492,0.53762925,0.7637329,1,1,0,0.010925293,0.021484375,25.026123,26,5,0,0,255,2,0,1782507965.2100544,107
25.019531,25.012777,0.22137131,0.5374876,0.7819519,1,1,0,0.008850098,0.021484375,25.019531,26,5,0,0,255,2,0,1782507965.2100544,107
25.022217,25.016172,0.116042644,0.5375453,0.6536255,1,1,0,0.004638672,0.021484375,25.022217,26,5,0,0,255,2,0,1782507965.2100544,107
25.028076,25.022219,0.06414401,0.5376712,0.6865845,1,1,0,0.0025634766,0.021484375,25.028076,26,5,0,0,255,2,0,1782507965.2100544,107
25.023191,25.017414,0.010688594,0.5375663,0.7602539,1,1,0,0.0004272461,0.021484375,25.023193,26,5,0,0,255,2,0,1782507965.2100544,107
25.030762,25.0189,0.31611255,0.70267564,0.91412354,1,1,0,0.012634277,0.028076172,25.030762,27,5,1,0,255,2,0,1782507965.2100544,107
25.023924,25.013834,0.10687128,0.7024838,0.7005005,1,1,0,0.004272461,0.028076172,25.023926,27,5,1,0,255,2,0,1782507965.2100544,107
25.028566,25.022165,0.3146263,0.47048,0.87713623,1,1,0,0.012573242,0.018798828,25.028564,29,5,1,0,255,2,0,1782507965.2100544,107
25.031248,25.027588,0.21844701,0.3681832,0.83306885,1,1,0,0.008728027,0.014709473,25.03125,60,5,0,0,255,2,0,1782507965.2100544,107
25.032228,25.02893,0.16498801,0.37125292,1.0125427,1,1,0,0.006591797,0.014831543,25.032227,60,5,0,0,255,2,0,1782507965.2100544,107
25.03125,25.028173,0.113043055,0.3758213,0.7489929,1,1,0,0.0045166016,0.015014648,25.03125,60,5,0,0,255,2,0,1782507965.2100544,107
25.0271,25.024158,0.06109426,0.37881368,0.6805115,1,1,0,0.0024414062,0.015136719,25.0271,60,5,0,0,255,2,0,1782507965.2100544,107
25.027098,25.02416,0.0076367683,0.3833958,0.7507324,1,1,0,0.00030517578,0.015319824,25.0271,60,5,0,0,255,2,0,1782507965.2100544,107
25.021484,25.012245,0.3664165,0.5726463,0.91326904,1,1,0,0.0146484375,0.022888184,25.021484,61,5,1,0,255,2,0,1782507965.2100544,107
25.023926,25.015343,0.31301346,0.5757561,0.70458984,1,1,0,0.012512207,0.023010254,25.023926,61,5,1,0,255,2,0,1782507965.2100544,107
25.030762,25.022667,0.26117137,0.5804954,0.76828,1,1,0,0.010437012,0.02319336,25.030762,61,5,1,0,255,2,0,1782507965.2100544,107
25.025146,25.017483,0.20766944,0.5834192,0.7693176,1,1,0,0.008300781,0.02331543,25.025146,61,5,1,0,255,2,0,1782507965.2100544,107
25.027344,25.019949,0.15576586,0.5880518,0.750824,1,1,0,0.006225586,0.023498535,25.027344,61,5,1,0,255,2,0,1782507965.2100544,107
25.027344,25.020147,0.10384398,0.59110606,0.7374573,1,1,0,0.0041503906,0.023620605,25.027344,61,5,1,0,255,2,0,1782507965.2100544,107
25.031738,25.024595,0.05040361,0.595792,0.82580566,1,1,0,0.0020141602,0.023803711,25.031738,61,5,1,0,255,2,0,1782507965.2100544,107
25.029541,25.022377,-0.0015272447,0.59879416,0.77853394,1,1,0,-6.1035156e-05,0.023925781,25.029541,61,5,1,0,255,2,0,1782507965.2100544,107
25.032225,25.018429,0.32374284,0.7653315,0.69869995,1,2,0,0.012939453,0.030578613,25.032227,24,6,0,0,255,2,0,1782507965.309605,108
25.034178,25.020998,0.27184528,0.76539123,0.70043945,1,2,0,0.010864258,0.030578613,25.03418,24,6,0,0,255,2,0,1782507965.309605,108
25.034176,25.02152,0.21839407,0.76539123,0.652771,1,2,0,0.008728027,0.030578613,25.03418,24,6,0,0,255,2,0,1782507965.309605,108
25.031982,25.019726,0.1664545,0.76532406,0.6484375,1,2,0,0.006652832,0.030578613,25.031982,24,6,0,0,255,2,0,1782507965.309605,108
25.041502,25.029795,0.009166185,0.76561517,0.36923218,1,2,0,0.00036621094,0.030578613,25.041504,24,6,0,0,255,2,0,1782507965.309605,108
25.021238,25.013338,0.32367697,0.5390512,0.9707031,1,1,0,0.012939453,0.02154541,25.02124,26,6,0,0,255,2,0,1782507965.309605,108
25.031738,25.025887,0.06109848,0.5377499,0.7342529,1,1,0,0.0024414062,0.021484375,25.031738,26,6,0,0,255,2,0,1782507965.309605,108
25.016115,25.009737,0.3129433,0.47024593,0.7076721,1,1,0,0.012512207,0.018798828,25.016113,29,6,1,0,255,2,0,1782507965.309605,108
25.032469,25.029547,0.06263511,0.37736732,0.84695435,1,1,0,0.0025024414,0.015075684,25.03247,60,6,0,0,255,2,0,1782507965.309605,108
25.025146,25.015955,0.36799803,0.5696761,0.6409302,1,1,0,0.014709473,0.022766113,25.025146,61,6,1,0,255,2,0,1782507965.309605,108
25.02295,25.014381,0.31452844,0.57420677,0.7241211,1,1,0,0.012573242,0.022949219,25.02295,61,6,1,0,255,2,0,1782507965.309605,108
25.02417,25.016518,0.2107154,0.5818695,0.9892273,1,1,0,0.008422852,0.023254395,25.02417,61,6,1,0,255,2,0,1782507965.309605,108
25.032957,25.02579,0.10539488,0.5897112,0.8586731,1,1,0,0.004211426,0.02355957,25.032959,61,6,1,0,255,2,0,1782507965.309605,108
25.030762,25.023634,-0.0,0.59729606,0.84017944,1,1,0,-0.0,0.023864746,25.030762,61,6,1,0,255,2,0,1782507965.309605,108
25.032715,25.018917,0.32374915,0.7653464,1.1451721,1,1,0,0.012939453,0.030578613,25.032715,24,7,0,0,255,2,0,1782507965.4101133,109
25.03247,25.01929,0.27182674,0.76533896,1.0602112,1,1,0,0.010864258,0.030578613,25.03247,24,7,0,0,255,2,0,1782507965.4101133,109
25.025146,25.017912,0.27028456,0.53760827,0.72732544,1,1,0,0.010803223,0.021484375,25.025146,26,7,0,0,255,2,0,1782507965.4101133,109
25.023924,25.013187,0.20916055,0.7024838,0.69433594,1,1,0,0.008361816,0.028076172,25.023926,27,7,1,0,255,2,0,1782507965.4101133,109
25.01587,25.005526,0.15567607,0.7022576,0.7922058,1,1,0,0.006225586,0.028076172,25.01587,27,7,1,0,255,2,0,1782507965.4101133,109
25.02295,25.015816,0.36646882,0.47190145,0.77752686,1,1,0,0.0146484375,0.018859863,25.02295,29,7,1,0,255,2,0,1782507965.4101133,109
25.028566,25.022764,0.2626998,0.47048,0.89974976,1,1,0,0.010498047,0.018798828,25.028564,29,7,1,0,255,2,0,1782507965.4101133,109
25.021484,25.018188,0.1649172,0.3710936,0.8694153,1,1,0,0.006591797,0.014831543,25.021484,60,7,0,0,255,2,0,1782507965.4101133,109
25.031248,25.028196,0.11304316,0.37429368,0.68569946,1,1,0,0.0045166016,0.014953613,25.03125,60,7,0,0,255,2,0,1782507965.4101133,109
25.032469,25.02953,0.05957968,0.37889498,0.7862549,1,1,0,0.002380371,0.015136719,25.03247,60,7,0,0,255,2,0,1782507965.4101133,109
25.03418,25.031263,0.007638936,0.38197643,0.86776733,1,1,0,0.00030517578,0.015258789,25.03418,60,7,0,0,255,2,0,1782507965.4101133,109
25.023926,25.01657,0.15574482,0.58644456,0.80114746,1,1,0,0.006225586,0.0234375,25.023926,61,7,1,0,255,2,0,1782507965.4101133,109
25.028566,25.021376,0.10232187,0.5911349,0.79086304,1,1,0,0.0040893555,0.023620605,25.028564,61,7,1,0,255,2,0,1782507965.4101133,109
25.028564,25.021458,0.05039729,0.5941892,0.93878174,1,1,0,0.0020141602,0.023742676,25.028564,61,7,1,0,255,2,0,1782507965.4101133,109
25.031738,25.024574,-0.0030547576,0.59884673,0.76623535,1,1,0,-0.00012207031,0.023925781,25.031738,61,7,1,0,255,2,0,1782507965.4101133,109
25.025146,25.012495,0.21831527,0.765115,0.68310547,1,1,0,0.008728027,0.030578613,25.025146,24,8,0,0,255,2,0,1782507965.5098886,110
25.026121,25.013878,0.16488878,0.7651449,0.620697,1,1,0,0.006591797,0.030578613,25.026123,24,8,0,0,255,2,0,1782507965.5098886,110
25.032959,25.025087,0.323829,0.5377761,0.7862549,1,1,0,0.012939453,0.021484375,25.032959,26,8,0,0,255,2,0,1782507965.5098886,110
25.031736,25.025698,0.11455936,0.5377499,1.0801392,1,1,0,0.0045776367,0.021484375,25.031738,26,8,0,0,255,2,0,1782507965.5098886,110
25.016111,25.00357,0.36628947,0.7022644,0.76623535,1,1,0,0.0146484375,0.028076172,25.016113,27,8,1,0,255,2,0,1782507965.5098886,110
25.023922,25.013567,0.1572529,0.7024838,0.6984253,1,1,0,0.006286621,0.028076172,25.023926,27,8,1,0,255,2,0,1782507965.5098886,110
25.021486,25.015686,0.2626255,0.4703469,0.9871521,1,1,0,0.010498047,0.018798828,25.021484,29,8,1,0,255,2,0,1782507965.5098886,110
25.031496,25.02819,0.16956614,0.36971444,0.7698059,1,1,0,0.0067749023,0.014770508,25.031494,60,8,0,0,255,2,0,1782507965.5098886,110
25.032715,25.029663,0.117632955,0.3727879,0.7715454,1,1,0,0.004699707,0.014892578,25.032715,60,8,0,0,255,2,0,1782507965.5098886,110
25.032713,25.029787,0.06416341,0.37737098,1.0671387,1,1,0,0.0025634766,0.015075684,25.032715,60,8,0,0,255,2,0,1782507965.5098886,110
25.029541,25.02147,0.26574093,0.57741255,0.80319214,1,1,0,0.010620117,0.023071289,25.029541,61,8,1,0,255,2,0,1782507965.5098886,110
25.02417,25.016504,0.21224229,0.5818695,1.0261536,1,1,0,0.008483887,0.023254395,25.02417,61,8,1,0,255,2,0,1782507965.5098886,110
25.022459,25.015287,0.10687749,0.5894639,0.91534424,1,1,0,0.004272461,0.02355957,25.02246,61,8,1,0,255,2,0,1782507965.5098886,110
25.025146,25.01807,0.05497143,0.59258115,0.7713623,1,1,0,0.0021972656,0.02368164,25.025146,61,8,1,0,255,2,0,1782507965.5098886,110
25.014648,25.007524,0.0030526763,0.59691155,0.76345825,1,1,0,0.00012207031,0.023864746,25.014648,61,8,1,0,255,2,0,1782507965.5098886,110
25.033201,25.019384,0.32528254,0.76536137,0.70391846,1,2,0,0.013000488,0.030578613,25.033203,24,9,0,0,255,2,0,1782507965.6100757,111
25.015625,25.002438,0.27316982,0.7648239,0.6189575,1,2,0,0.010925293,0.030578613,25.015625,24,9,0,0,255,2,0,1782507965.6100757,111
25.034176,25.021494,0.22144845,0.76539123,0.71606445,1,1,0,0.008850098,0.030578613,25.03418,24,9,0,0,255,2,0,1782507965.6100757,111
25.025146,25.012884,0.1679357,0.765115,0.41958618,1,2,0,0.006713867,0.030578613,25.025146,24,9,0,0,255,2,0,1782507965.6100757,111
25.032227,25.020254,0.116061576,0.7653315,0.4152527,1,2,0,0.004638672,0.030578613,25.032227,24,9,0,0,255,2,0,1782507965.6100757,111
25.024168,25.012392,0.06259218,0.76508516,0.3831787,1,2,0,0.0025024414,0.030578613,25.02417,24,9,0,0,255,2,0,1782507965.6100757,111
25.028076,25.020166,0.32682008,0.5376712,0.83047485,1,1,0,0.013061523,0.021484375,25.028076,26,9,0,0,255,2,0,1782507965.6100757,111
25.031006,25.024654,0.16954218,0.53773415,0.7550659,1,1,0,0.0067749023,0.021484375,25.031006,26,9,0,0,255,2,0,1782507965.6100757,111
25.021238,25.015188,0.117564924,0.53752434,1.0443115,1,1,0,0.004699707,0.021484375,25.02124,26,9,0,0,255,2,0,1782507965.6100757,111
25.020264,25.014486,0.012214106,0.53750336,1.09021,1,1,0,0.00048828125,0.021484375,25.020264,26,9,0,0,255,2,0,1782507965.6100757,111
25.02295,25.011072,0.31754044,0.70245636,0.6871338,1,1,0,0.0126953125,0.028076172,25.02295,27,9,1,0,255,2,0,1782507965.6100757,111
25.030762,25.020668,0.106900476,0.70267564,1.0630493,1,1,0,0.004272461,0.028076172,25.030762,27,9,1,0,255,2,0,1782507965.6100757,111
25.022951,25.01303,0.05496035,0.70245636,0.7210388,1,1,0,0.0021972656,0.028076172,25.02295,27,9,1,0,255,2,0,1782507965.6100757,111
25.031738,25.021873,0.003054428,0.70270306,0.80526733,1,1,0,0.00012207031,0.028076172,25.031738,27,9,1,0,255,2,0,1782507965.6100757,111
25.031738,25.02729,0.051936593,0.46901208,0.6881714,1,1,0,0.0020751953,0.018737793,25.031738,29,9,1,0,255,2,0,1782507965.6100757,111
25.02417,25.019777,-0.0,0.46887025,1.0907898,1,1,0,-0.0,0.018737793,25.02417,29,9,1,0,255,2,0,1782507965.6100757,111
25.02417,25.020887,0.16646221,0.36960626,0.72125244,1,1,0,0.006652832,0.014770508,25.02417,60,9,0,0,255,2,0,1782507965.6100757,111
25.019775,25.016857,0.061076436,0.37717593,0.7628784,1,1,0,0.0024414062,0.015075684,25.019775,60,9,0,0,255,2,0,1782507965.6100757,111
25.019775,25.016884,0.009161457,0.38022974,1.0477905,1,1,0,0.00036621094,0.015197754,25.019775,60,9,0,0,255,2,0,1782507965.6100757,111
25.023926,25.014757,0.36645332,0.5696483,0.6737976,1,1,0,0.0146484375,0.022766113,25.023926,61,9,1,0,255,2,0,1782507965.6100757,111
25.03076,25.022736,0.2611721,0.5774407,0.8175659,1,1,0,0.010437012,0.023071289,25.030762,61,9,1,0,255,2,0,1782507965.6100757,111
25.027344,25.020184,0.10384413,0.5895789,0.7241211,1,1,0,0.0041503906,0.02355957,25.027344,61,9,1,0,255,2,0,1782507965.6100757,111
25.018309,25.011185,-0.0015265616,0.596999,0.6881714,1,1,0,-6.1035156e-05,0.023864746,25.01831,61,9,1,0,255,2,0,1782507965.6100757,111
25.033934,25.020771,0.27031547,0.7653838,0.8868408,1,1,0,0.010803223,0.030578613,25.033936,24,10,0,0,255,2,0,1782507965.7099628,112
25.02124,25.008604,0.21675478,0.76499563,0.69003296,1,2,0,0.008666992,0.030578613,25.02124,24,10,0,0,255,2,0,1782507965.7099628,112
25.020264,25.008024,0.16485019,0.7649658,0.36236572,1,2,0,0.006591797,0.030578613,25.020264,24,10,0,0,255,2,0,1782507965.7099628,112
25.031494,25.023628,0.32075498,0.53927207,0.8911743,1,1,0,0.012817383,0.02154541,25.031494,26,10,0,0,255,2,0,1782507965.7099628,112
25.03247,25.025234,0.2673085,0.5392931,0.7307739,1,1,0,0.010681152,0.02154541,25.03247,26,10,0,0,255,2,0,1782507965.7099628,112
25.031492,25.025192,0.16190842,0.53774464,1.0108032,1,1,0,0.0064697266,0.021484375,25.031494,26,10,0,0,255,2,0,1782507965.7099628,112
25.032713,25.026695,0.109981306,0.53777087,0.7680664,1,1,0,0.0043945312,0.021484375,25.032715,26,10,0,0,255,2,0,1782507965.7099628,112
25.031982,25.026138,0.058044124,0.53775513,0.69610596,1,1,0,0.002319336,0.021484375,25.031982,26,10,0,0,255,2,0,1782507965.7099628,112
25.031006,25.025229,0.004582256,0.53773415,0.83480835,1,1,0,0.00018310547,0.021484375,25.031006,26,10,0,0,255,2,0,1782507965.7099628,112
25.025146,25.01332,0.30993435,0.7040448,0.7970276,1,1,0,0.012390137,0.028137207,25.025146,27,10,1,0,255,2,0,1782507965.7099628,112
25.031736,25.020498,0.25809413,0.70423025,0.8565979,1,1,0,0.010314941,0.028137207,25.031738,27,10,1,0,255,2,0,1782507965.7099628,112
25.028563,25.017862,0.20461842,0.70261395,0.7867737,1,1,0,0.008178711,0.028076172,25.028564,27,10,1,0,255,2,0,1782507965.7099628,112
25.023926,25.013597,0.15267278,0.7024838,0.6624756,1,1,0,0.0061035156,0.028076172,25.023926,27,10,1,0,255,2,0,1782507965.7099628,112
25.019287,25.009224,0.10074571,0.70235354,0.9871521,1,1,0,0.0040283203,0.028076172,25.019287,27,10,1,0,255,2,0,1782507965.7099628,112
25.031252,25.027964,0.163454,0.37123844,0.7810669,1,1,0,0.0065307617,0.014831543,25.03125,60,10,0,0,255,2,0,1782507965.7099628,112
25.032225,25.029287,0.059579108,0.3788913,0.85128784,1,1,0,0.002380371,0.015136719,25.032227,60,10,0,0,255,2,0,1782507965.7099628,112
25.021486,25.018572,0.00610805,0.38178274,0.81484985,1,1,0,0.00024414062,0.015258789,25.021484,60,10,0,0,255,2,0,1782507965.7099628,112
25.027344,25.018183,0.36344886,0.5712533,0.829895,1,1,0,0.014526367,0.022827148,25.027344,61,10,1,0,255,2,0,1782507965.7099628,112
25.026365,25.018324,0.25959885,0.57886636,0.66555786,1,1,0,0.010375977,0.023132324,25.026367,61,10,1,0,255,2,0,1782507965.7099628,112
25.026367,25.018751,0.20615284,0.58192056,0.70458984,1,1,0,0.008239746,0.023254395,25.026367,61,10,1,0,255,2,0,1782507965.7099628,112
25.018066,25.01088,0.10227895,0.59088695,0.782959,1,1,0,0.0040893555,0.023620605,25.018066,61,10,1,0,255,2,0,1782507965.7099628,112
25.025146,25.018045,0.04886343,0.5941081,0.70666504,1,1,0,0.001953125,0.023742676,25.025146,61,10,1,0,255,2,0,1782507965.7099628,112
25.018063,25.01094,-0.0030530933,0.59699315,0.7942505,1,1,0,-0.00012207031,0.023864746,25.018066,61,10,1,0,255,2,0,1782507965.7099628,112
25.033934,25.020739,0.2733698,0.7653838,0.7862549,1,2,0,0.010925293,0.030578613,25.033936,24,11,0,0,255,2,0,1782507965.8095818,113
25.033934,25.028189,0.009165597,0.5362695,0.69351196,1,1,0,0.00036621094,0.02142334,25.033936,26,11,0,0,255,2,0,1782507965.8095818,113
25.029541,25.019192,0.15576114,0.70264137,0.73028564,1,1,0,0.006225586,0.028076172,25.029541,27,11,1,0,255,2,0,1782507965.8095818,113
25.034668,25.024586,0.1038624,0.7027853,0.9408264,1,1,0,0.0041503906,0.028076172,25.034668,27,11,1,0,255,2,0,1782507965.8095818,113
25.019285,25.009468,-0.0015264568,0.70082706,0.9512329,1,1,0,-6.1035156e-05,0.028015137,25.019287,27,11,1,0,255,2,0,1782507965.8095818,113
25.02075,25.014353,0.31452808,0.47033313,0.7241211,1,1,0,0.012573242,0.018798828,25.020752,29,11,1,0,255,2,0,1782507965.8095818,113
25.033203,25.029505,0.21999156,0.36973968,0.94577026,1,1,0,0.0087890625,0.014770508,25.033203,60,11,0,0,255,2,0,1782507965.8095818,113
25.025146,25.021807,0.16799562,0.37267518,0.9076233,1,1,0,0.006713867,0.014892578,25.025146,60,11,0,0,255,2,0,1782507965.8095818,113
25.028076,25.024992,0.114556134,0.37577364,0.7663269,1,1,0,0.0045776367,0.015014648,25.028076,60,11,0,0,255,2,0,1782507965.8095818,113
25.031006,25.028036,0.062631324,0.38040042,0.7767334,1,1,0,0.0025024414,0.015197754,25.031006,60,11,0,0,255,2,0,1782507965.8095818,113
25.017334,25.014372,0.010687294,0.38477293,1.1265869,1,1,0,0.0004272461,0.015380859,25.017334,60,11,0,0,255,2,0,1782507965.8095818,113
25.026367,25.01771,0.3160975,0.57733935,0.82373047,1,1,0,0.012634277,0.023071289,25.026367,61,11,1,0,255,2,0,1782507965.8095818,113
25.023924,25.016201,0.21071273,0.58491766,0.77752686,1,1,0,0.008422852,0.023376465,25.023926,61,11,1,0,255,2,0,1782507965.8095818,113
25.022947,25.015545,0.15726534,0.58794856,0.695343,1,1,0,0.006286621,0.023498535,25.02295,61,11,1,0,255,2,0,1782507965.8095818,113
25.026367,25.019129,0.10536682,0.59261006,0.74053955,1,1,0,0.004211426,0.02368164,25.026367,61,11,1,0,255,2,0,1782507965.8095818,113
25.01587,25.008673,-0.0,0.5999935,0.83325195,1,1,0,-0.0,0.023986816,25.01587,61,11,1,0,255,2,0,1782507965.8095818,113
25.031494,25.018314,0.27181613,0.7653091,0.7568054,1,1,0,0.010864258,0.030578613,25.031494,24,12,0,0,255,2,0,1782507965.9101033,114
25.031979,25.019325,0.21837491,0.76532406,0.7698059,1,1,0,0.008728027,0.030578613,25.031982,24,12,0,0,255,2,0,1782507965.9101033,114
25.031734,25.019772,0.11453223,0.7653166,0.7680664,1,1,0,0.0045776367,0.030578613,25.031738,24,12,0,0,255,2,0,1782507965.9101033,114
25.032715,25.020937,0.061086394,0.7653464,0.86343384,1,1,0,0.0024414062,0.030578613,25.032715,24,12,0,0,255,2,0,1782507965.9101033,114
25.031248,25.019592,0.009162449,0.7637746,0.46551514,1,1,0,0.00036621094,0.030517578,25.03125,24,12,0,0,255,2,0,1782507965.9101033,114
25.02295,25.017181,0.259587,0.47037444,0.7312927,1,1,0,0.010375977,0.018798828,25.02295,29,12,1,0,255,2,0,1782507965.9101033,114
25.013672,25.00839,0.20759396,0.47020003,0.79629517,1,1,0,0.008300781,0.018798828,25.013672,29,12,1,0,255,2,0,1782507965.9101033,114
25.020752,25.015856,0.15421346,0.47033313,0.7446594,1,1,0,0.006164551,0.018798828,25.020752,29,12,1,0,255,2,0,1782507965.9101033,114
25.009035,25.004616,-0.0030523213,0.47011286,0.631073,1,1,0,-0.00012207031,0.018798828,25.009033,29,12,1,0,255,2,0,1782507965.9101033,114
25.03247,25.029186,0.16651742,0.36972886,0.74380493,1,1,0,0.006652832,0.014770508,25.03247,60,12,0,0,255,2,0,1782507965.9101033,114
25.0271,25.024038,0.11455177,0.37423164,0.83828735,1,1,0,0.0045776367,0.014953613,25.0271,60,12,0,0,255,2,0,1782507965.9101033,114
25.032225,25.02931,0.009166008,0.38194662,0.67529297,1,1,0,0.00036621094,0.015258789,25.032227,60,12,0,0,255,2,0,1782507965.9101033,114
25.029541,25.020334,0.36653504,0.5713034,0.7713623,1,1,0,0.0146484375,0.022827148,25.029541,61,12,1,0,255,2,0,1782507965.9101033,114
25.025143,25.017776,0.15727936,0.58647317,0.6522217,1,1,0,0.006286621,0.0234375,25.025146,61,12,1,0,255,2,0,1782507965.9101033,114
25.019289,25.012218,0.051905315,0.5924424,0.8373413,1,1,0,0.0020751953,0.02368164,25.019287,61,12,1,0,255,2,0,1782507965.9101033,114
25.01953,25.012405,-0.0015266361,0.5970281,0.72720337,1,1,0,-6.1035156e-05,0.023864746,25.019531,61,12,1,0,255,2,0,1782507965.9101033,114
25.032957,25.02069,0.16798812,0.7653539,0.6362915,1,1,0,0.006713867,0.030578613,25.032959,24,13,0,0,255,2,0,1782507966.0099628,115
25.032225,25.024334,0.3253469,0.5377604,0.7879944,1,1,0,0.013000488,0.021484375,25.032227,26,13,0,0,255,2,0,1782507966.0099628,115
25.032959,25.025705,0.27189642,0.5377761,0.7325134,1,1,0,0.010864258,0.021484375,25.032959,26,13,0,0,255,2,0,1782507966.0099628,115
25.01831,25.01157,0.21983393,0.53746146,0.9326172,1,1,0,0.0087890625,0.021484375,25.01831,26,13,0,0,255,2,0,1782507966.0099628,115
25.032715,25.02686,0.06262838,0.53777087,0.6475525,1,1,0,0.0025024414,0.021484375,25.032715,26,13,0,0,255,2,0,1782507966.0099628,115
25.031736,25.025957,0.010692244,0.5377499,0.82354736,1,1,0,0.0004272461,0.021484375,25.031738,26,13,0,0,255,2,0,1782507966.0099628,115
25.02368,25.01184,0.31449652,0.7024769,0.83325195,1,1,0,0.012573242,0.028076172,25.023682,27,13,1,0,255,2,0,1782507966.0099628,115
25.017332,25.012419,0.15724568,0.47026888,0.4899292,1,1,0,0.006286621,0.018798828,25.017334,29,13,1,0,255,2,0,1782507966.0099628,115
25.035156,25.030762,-0.0,0.4690761,0.8360596,1,1,0,-0.0,0.018737793,25.035156,29,13,1,0,255,2,0,1782507966.0099628,115
25.030031,25.026724,0.16650105,0.37122035,0.71432495,1,1,0,0.006652832,0.014831543,25.03003,60,13,0,0,255,2,0,1782507966.0099628,115
25.031738,25.028797,0.061105587,0.3788839,0.7715454,1,1,0,0.0024414062,0.015136719,25.031738,60,13,0,0,255,2,0,1782507966.0099628,115
25.0271,25.024185,0.009164131,0.38186842,0.7619934,1,1,0,0.00036621094,0.015258789,25.0271,60,13,0,0,255,2,0,1782507966.0099628,115
25.034178,25.024971,0.36660296,0.57140934,1.1318665,1,1,0,0.0146484375,0.022827148,25.03418,61,13,1,0,255,2,0,1782507966.0099628,115
25.028564,25.01996,0.3145986,0.5758628,0.8216858,1,1,0,0.012573242,0.023010254,25.028564,61,13,1,0,255,2,0,1782507966.0099628,115
25.030762,25.022701,0.26117173,0.57896805,0.8319702,1,1,0,0.010437012,0.023132324,25.030762,61,13,1,0,255,2,0,1782507966.0099628,115
25.018066,25.010391,0.20913717,0.5832541,0.84555054,1,1,0,0.008361816,0.02331543,25.018066,61,13,1,0,255,2,0,1782507966.0099628,115
25.019289,25.012093,0.10381055,0.59091574,0.839386,1,1,0,0.0041503906,0.023620605,25.019287,61,13,1,0,255,2,0,1782507966.0099628,115
25.020264,25.013157,0.05190726,0.5939922,0.8024597,1,1,0,0.0020751953,0.023742676,25.020264,61,13,1,0,255,2,0,1782507966.0099628,115
25.023926,25.016764,-0.0015269021,0.5986598,0.7600708,1,1,0,-6.1035156e-05,0.023925781,25.023926,61,13,1,0,255,2,0,1782507966.0099628,115
25.03003,25.016233,0.32371444,0.76526433,0.9310303,1,1,0,0.012939453,0.030578613,25.03003,24,14,0,0,255,2,0,1782507966.1097977,116
25.031494,25.023602,0.32533738,0.53774464,0.68310547,1,1,0,0.013000488,0.021484375,25.031494,26,14,0,0,255,2,0,1782507966.1097977,116
25.032227,25.024973,0.27188846,0.5377604,0.72299194,1,1,0,0.010864258,0.021484375,25.032227,26,14,0,0,255,2,0,1782507966.1097977,116
25.019775,25.013739,0.11450462,0.5374929,0.9837036,1,1,0,0.0045776367,0.021484375,25.019775,26,14,0,0,255,2,0,1782507966.1097977,116
25.02075,25.008184,0.36788374,0.70239466,0.6409302,1,1,0,0.014709473,0.028076172,25.020752,27,14,1,0,255,2,0,1782507966.1097977,116
25.023926,25.01948,0.051920384,0.4688657,0.8360596,1,1,0,0.0020751953,0.018737793,25.023926,29,14,1,0,255,2,0,1782507966.1097977,116
25.030762,25.026367,-0.0,0.46899378,0.9202881,1,1,0,-0.0,0.018737793,25.030762,29,14,1,0,255,2,0,1782507966.1097977,116
25.02905,25.026014,0.11456081,0.37273335,0.7732544,1,1,0,0.0045776367,0.014892578,25.029053,60,14,0,0,255,2,0,1782507966.1097977,116
25.01831,25.009726,0.31599662,0.5741003,0.69226074,1,1,0,0.012634277,0.022949219,25.01831,61,14,1,0,255,2,0,1782507966.1097977,116
25.02637,25.019201,0.105367124,0.5895559,0.6511841,1,1,0,0.004211426,0.02355957,25.026367,61,14,1,0,255,2,0,1782507966.1097977,116
25.019531,25.012459,0.053432457,0.5924482,0.633728,1,1,0,0.0021362305,0.02368164,25.019531,61,14,1,0,255,2,0,1782507966.1097977,116
25.028563,25.021437,-0.0,0.59724367,0.71795654,1,1,0,-0.0,0.023864746,25.028564,61,14,1,0,255,2,0,1782507966.1097977,116
25.032715,25.018896,0.3252762,0.7653464,0.73599243,1,1,0,0.013000488,0.030578613,25.032715,24,15,0,0,255,2,0,1782507966.2100194,117
25.033936,25.020756,0.27184263,0.7653838,0.72732544,1,1,0,0.010864258,0.030578613,25.033936,24,15,0,0,255,2,0,1782507966.2100194,117
25.032469,25.020765,0.009162879,0.76533896,0.6744385,1,2,0,0.00036621094,0.030578613,25.03247,24,15,0,0,255,2,0,1782507966.2100194,117
25.02905,25.022322,0.21840106,0.5376922,0.81747437,1,1,0,0.008728027,0.021484375,25.029053,26,15,0,0,255,2,0,1782507966.2100194,117
25.032225,25.026194,0.113034114,0.5377604,0.9310303,1,1,0,0.0045166016,0.021484375,25.032227,26,15,0,0,255,2,0,1782507966.2100194,117
25.032225,25.026377,0.05957218,0.5377604,0.82354736,1,1,0,0.002380371,0.021484375,25.032227,26,15,0,0,255,2,0,1782507966.2100194,117
25.01831,25.00579,0.36479542,0.7023261,0.69433594,1,1,0,0.014587402,0.028076172,25.01831,27,15,1,0,255,2,0,1782507966.2100194,117
25.020752,25.008934,0.31293327,0.70239466,0.65838623,1,1,0,0.012512207,0.028076172,25.020752,27,15,1,0,255,2,0,1782507966.2100194,117
25.016848,25.006779,0.10226218,0.702285,0.7572937,1,1,0,0.0040893555,0.028076172,25.016846,27,15,1,0,255,2,0,1782507966.2100194,117
25.021729,25.01596,0.25957432,0.4703515,0.79293823,1,1,0,0.010375977,0.018798828,25.021729,29,15,1,0,255,2,0,1782507966.2100194,117
25.028566,25.023281,0.20771757,0.47048,0.86276245,1,1,0,0.008300781,0.018798828,25.028564,29,15,1,0,255,2,0,1782507966.2100194,117
25.026371,25.021738,0.10232335,0.4704387,0.7744446,1,1,0,0.0040893555,0.018798828,25.026367,29,15,1,0,255,2,0,1782507966.2100194,117
25.023193,25.01991,0.16645572,0.36959183,0.71691895,1,1,0,0.006652832,0.014770508,25.023193,60,15,0,0,255,2,0,1782507966.2100194,117
25.026123,25.023205,0.061091933,0.37727162,0.7732544,1,1,0,0.0024414062,0.015075684,25.026123,60,15,0,0,255,2,0,1782507966.2100194,117
25.020506,25.017616,0.009161726,0.3802409,0.7905884,1,1,0,0.00036621094,0.015197754,25.020508,60,15,0,0,255,2,0,1782507966.2100194,117
25.02954,25.020369,0.36653554,0.5697761,0.8442688,1,1,0,0.0146484375,0.022766113,25.029541,61,15,1,0,255,2,0,1782507966.2100194,117
25.023926,25.016285,0.20918645,0.5818638,0.70150757,1,1,0,0.008361816,0.023254395,25.023926,61,15,1,0,255,2,0,1782507966.2100194,117
25.021729,25.014563,0.10534759,0.58944666,0.60702515,1,1,0,0.004211426,0.02355957,25.021729,61,15,1,0,255,2,0,1782507966.2100194,117
25.031006,25.017168,0.32678092,0.7652942,0.83480835,1,1,0,0.013061523,0.030578613,25.031006,24,16,0,0,255,2,0,1782507966.3096108,118
25.031006,25.017794,0.27486473,0.7652942,0.82873535,1,1,0,0.010986328,0.030578613,25.031006,24,16,0,0,255,2,0,1782507966.3096108,118
25.028072,25.01637,0.012215026,0.7652046,0.6224365,1,2,0,0.00048828125,0.030578613,25.028076,24,16,0,0,255,2,0,1782507966.3096108,118
25.031738,25.025408,0.1664923,0.5377499,1.0194702,1,1,0,0.006652832,0.021484375,25.031738,26,16,0,0,255,2,0,1782507966.3096108,118
25.032225,25.026447,0.009164959,0.5377604,1.0914001,1,1,0,0.00036621094,0.021484375,25.032227,26,16,0,0,255,2,0,1782507966.3096108,118
25.022951,25.011112,0.3144873,0.70245636,0.76828,1,1,0,0.012573242,0.028076172,25.02295,27,16,1,0,255,2,0,1782507966.3096108,118
25.02295,25.016512,0.3176095,0.47037444,0.7210388,1,1,0,0.0126953125,0.018798828,25.02295,29,16,1,0,255,2,0,1782507966.3096108,118
25.016846,25.011032,0.26410335,0.4702597,0.8989258,1,1,0,0.010559082,0.018798828,25.016846,29,16,1,0,255,2,0,1782507966.3096108,118
25.020752,25.01543,0.21223317,0.47033313,0.7076721,1,1,0,0.008483887,0.018798828,25.020752,29,16,1,0,255,2,0,1782507966.3096108,118
25.028564,25.023628,0.16037092,0.47048,0.88742065,1,1,0,0.0064086914,0.018798828,25.028564,29,16,1,0,255,2,0,1782507966.3096108,118
25.028564,25.023914,0.10691435,0.47048,0.8812561,1,1,0,0.004272461,0.018798828,25.028564,29,16,1,0,255,2,0,1782507966.3096108,118
25.032715,25.02941,0.16651891,0.37126017,0.7958069,1,1,0,0.006652832,0.014831543,25.032715,60,16,0,0,255,2,0,1782507966.3096108,118
25.021238,25.018179,0.114524946,0.37414402,1.1265869,1,1,0,0.0045776367,0.014953613,25.02124,60,16,0,0,255,2,0,1782507966.3096108,118
25.032469,25.029528,0.061107367,0.37889498,0.9310303,1,1,0,0.0024414062,0.015136719,25.03247,60,16,0,0,255,2,0,1782507966.3096108,118
25.019287,25.016373,0.00916127,0.3817492,1.029602,1,1,0,0.00036621094,0.015258789,25.019287,60,16,0,0,255,2,0,1782507966.3096108,118
25.021729,25.012526,0.36642063,0.57112515,0.6758423,1,1,0,0.0146484375,0.022827148,25.021729,61,16,1,0,255,2,0,1782507966.3096108,118
25.020262,25.012623,0.20915583,0.58177865,0.85375977,1,1,0,0.008361816,0.023254395,25.020264,61,16,1,0,255,2,0,1782507966.3096108,118
25.022947,25.015581,0.15726556,0.58642167,0.65734863,1,1,0,0.006286621,0.0234375,25.02295,61,16,1,0,255,2,0,1782507966.3096108,118
25.02295,25.015753,0.10382574,0.5910023,0.70666504,1,1,0,0.0041503906,0.023620605,25.02295,61,16,1,0,255,2,0,1782507966.3096108,118
25.02295,25.015842,0.051912833,0.59405595,0.7867737,1,1,0,0.0020751953,0.023742676,25.02295,61,16,1,0,255,2,0,1782507966.3096108,118
25.02295,25.015823,-0.0,0.5971097,0.6501465,1,1,0,-0.0,0.023864746,25.02295,61,16,1,0,255,2,0,1782507966.3096108,118
25.031248,25.017452,0.3237302,0.76530164,0.7420654,1,2,0,0.012939453,0.030578613,25.03125,24,17,0,0,255,2,0,1782507966.4100714,119
25.031738,25.018559,0.2718188,0.7653166,0.82354736,1,2,0,0.010864258,0.030578613,25.031738,24,17,0,0,255,2,0,1782507966.4100714,119
25.02417,25.011917,0.16640253,0.76508516,0.679657,1,2,0,0.006652832,0.030578613,25.02417,24,17,0,0,255,2,0,1782507966.4100714,119
25.028076,25.020206,0.32376584,0.5376712,0.7862549,1,1,0,0.012939453,0.021484375,25.028076,26,17,0,0,255,2,0,1782507966.4100714,119
25.032227,25.025496,0.21842876,0.5377604,0.7793274,1,1,0,0.008728027,0.021484375,25.032227,26,17,0,0,255,2,0,1782507966.4100714,119
25.033445,25.027414,0.11303963,0.5377866,0.7489929,1,1,0,0.0045166016,0.021484375,25.033447,26,17,0,0,255,2,0,1782507966.4100714,119
25.033203,25.027351,0.061102055,0.53778136,1.0653992,1,1,0,0.0024414062,0.021484375,25.033203,26,17,0,0,255,2,0,1782507966.4100714,119
25.035643,25.023048,0.3665748,0.70434016,0.6980591,1,1,0,0.0146484375,0.028137207,25.035645,27,17,1,0,255,2,0,1782507966.4100714,119
25.01587,25.00601,-0.0015262457,0.7022576,0.8065491,1,1,0,-6.1035156e-05,0.028076172,25.01587,27,17,1,0,255,2,0,1782507966.4100714,119
25.015871,25.01055,0.21219176,0.47024134,0.7655029,1,1,0,0.008483887,0.018798828,25.01587,29,17,1,0,255,2,0,1782507966.4100714,119
25.015139,25.010214,0.15875837,0.47022757,0.6101074,1,1,0,0.0063476562,0.018798828,25.015137,29,17,1,0,255,2,0,1782507966.4100714,119
25.01831,25.013662,0.10687055,0.47028723,0.67993164,1,1,0,0.004272461,0.018798828,25.01831,29,17,1,0,255,2,0,1782507966.4100714,119
25.027102,25.02378,0.16495407,0.37270427,0.85302734,1,1,0,0.006591797,0.014892578,25.0271,60,17,0,0,255,2,0,1782507966.4100714,119
25.028076,25.025,0.11302872,0.37577364,0.82354736,1,1,0,0.0045166016,0.015014648,25.028076,60,17,0,0,255,2,0,1782507966.4100714,119
25.031248,25.028286,0.059576724,0.38040414,0.7619934,1,1,0,0.002380371,0.015197754,25.03125,60,17,0,0,255,2,0,1782507966.4100714,119
25.03003,25.02709,0.0076376623,0.38344067,0.7992859,1,1,0,0.00030517578,0.015319824,25.03003,60,17,0,0,255,2,0,1782507966.4100714,119
25.02246,25.013245,0.36490414,0.5726687,1.1585388,1,1,0,0.014587402,0.022888184,25.02246,61,17,1,0,255,2,0,1782507966.4100714,119
25.030762,25.02214,0.31309852,0.5774407,0.87713623,1,1,0,0.012512207,0.023071289,25.030762,61,17,1,0,255,2,0,1782507966.4100714,119
25.029541,25.021463,0.25963143,0.5804671,0.8833008,1,1,0,0.010375977,0.02319336,25.029541,61,17,1,0,255,2,0,1782507966.4100714,119
25.025146,25.017447,0.20766912,0.58494616,0.75390625,1,1,0,0.008300781,0.023376465,25.025146,61,17,1,0,255,2,0,1782507966.4100714,119
25.025146,25.017754,0.15575218,0.5880002,0.7097168,1,1,0,0.006225586,0.023498535,25.025146,61,17,1,0,255,2,0,1782507966.4100714,119
25.022463,25.015238,0.10229677,0.59251755,0.84350586,1,1,0,0.0040893555,0.02368164,25.02246,61,17,1,0,255,2,0,1782507966.4100714,119
25.018066,25.010927,0.05037608,0.59546655,0.85375977,1,1,0,0.0020141602,0.023803711,25.018066,61,17,1,0,255,2,0,1782507966.4100714,119
25.027344,25.020144,-0.0015271084,0.6002687,0.80319214,1,1,0,-6.1035156e-05,0.023986816,25.027344,61,17,1,0,255,2,0,1782507966.4100714,119
25.032713,25.018936,0.32222214,0.7653464,0.86169434,1,1,0,0.012878418,0.030578613,25.032715,24,18,0,0,255,2,0,1782507966.510078,120
25.032715,25.019552,0.2703023,0.7653464,0.7507324,1,1,0,0.010803223,0.030578613,25.032715,24,18,0,0,255,2,0,1782507966.510078,120
25.019531,25.007292,0.16484536,0.76494336,0.6068115,1,2,0,0.006591797,0.030578613,25.019531,24,18,0,0,255,2,0,1782507966.510078,120
25.031002,25.019278,0.05955528,0.7637671,0.3918457,1,2,0,0.002380371,0.030517578,25.031006,24,18,0,0,255,2,0,1782507966.510078,120
25.032715,25.021057,0.007635821,0.7638193,0.6250305,1,2,0,0.00030517578,0.030517578,25.032715,24,18,0,0,255,2,0,1782507966.510078,120
25.019531,25.011684,0.3221287,0.5374876,1.026123,1,1,0,0.012878418,0.021484375,25.019531,26,18,0,0,255,2,0,1782507966.510078,120
25.021482,25.015165,0.16489728,0.5375296,0.9135742,1,1,0,0.006591797,0.021484375,25.021484,26,18,0,0,255,2,0,1782507966.510078,120
25.021238,25.015215,0.11145769,0.53752434,1.0555725,1,1,0,0.0044555664,0.021484375,25.02124,26,18,0,0,255,2,0,1782507966.510078,120
25.025143,25.019299,0.05955533,0.53760827,0.631958,1,1,0,0.002380371,0.021484375,25.025146,26,18,0,0,255,2,0,1782507966.510078,120
25.033936,25.028156,0.007637988,0.5377971,0.68917847,1,1,0,0.00030517578,0.021484375,25.033936,26,18,0,0,255,2,0,1782507966.510078,120
25.022951,25.010427,0.36486304,0.70245636,0.76623535,1,1,0,0.014587402,0.028076172,25.02295,27,18,1,0,255,2,0,1782507966.510078,120
25.02173,25.00991,0.3129455,0.7024221,0.77752686,1,1,0,0.012512207,0.028076172,25.021729,27,18,1,0,255,2,0,1782507966.510078,120
25.016113,25.005392,0.20756908,0.7022644,0.6871338,1,1,0,0.008300781,0.028076172,25.016113,27,18,1,0,255,2,0,1782507966.510078,120
25.023926,25.018642,0.20767906,0.4703928,0.83813477,1,1,0,0.008300781,0.018798828,25.023926,29,18,1,0,255,2,0,1782507966.510078,120
25.02295,25.018476,0.050391287,0.47037444,0.6871338,1,1,0,0.0020141602,0.018798828,25.02295,29,18,1,0,255,2,0,1782507966.510078,120
25.020752,25.01636,-0.0030537548,0.4688062,0.6326904,1,1,0,-0.00012207031,0.018737793,25.020752,29,18,1,0,255,2,0,1782507966.510078,120
25.034182,25.031164,0.11458439,0.3712819,0.7810669,1,1,0,0.0045776367,0.014831543,25.03418,60,18,0,0,255,2,0,1782507966.510078,120
25.032715,25.02982,0.061108083,0.3758433,0.69177246,1,1,0,0.0024414062,0.015014648,25.032715,60,18,0,0,255,2,0,1782507966.510078,120
25.032713,25.029844,0.009166203,0.37889868,0.6779175,1,1,0,0.00036621094,0.015136719,25.032715,60,18,0,0,255,2,0,1782507966.510078,120
25.026367,25.017233,0.3664896,0.5681768,0.7970276,1,1,0,0.0146484375,0.022705078,25.026367,61,18,1,0,255,2,0,1782507966.510078,120
25.019285,25.011992,0.157243,0.5832826,0.91326904,1,1,0,0.006286621,0.02331543,25.019287,61,18,1,0,255,2,0,1782507966.510078,120
25.019287,25.012157,0.10533746,0.5878625,0.8968506,1,1,0,0.004211426,0.023498535,25.019287,61,18,1,0,255,2,0,1782507966.510078,120
25.025146,25.018112,0.051917545,0.59105414,0.67071533,1,1,0,0.0020751953,0.023620605,25.025146,61,18,1,0,255,2,0,1782507966.510078,120
25.013672,25.006586,-0.0,0.595362,0.7152405,1,1,0,-0.0,0.023803711,25.013672,61,18,1,0,255,2,0,1782507966.510078,120
25.032713,25.019518,0.27335644,0.7653464,0.69003296,1,2,0,0.010925293,0.030578613,25.032715,24,19,0,0,255,2,0,1782507966.6097388,121
25.027098,25.014824,0.16947559,0.76517475,0.6510315,1,2,0,0.0067749023,0.030578613,25.0271,24,19,0,0,255,2,0,1782507966.6097388,121
25.028074,25.016106,0.11604233,0.7652046,0.81573486,1,2,0,0.004638672,0.030578613,25.028076,24,19,0,0,255,2,0,1782507966.6097388,121
25.03125,25.02398,0.2734052,0.5377394,0.7732544,1,1,0,0.010925293,0.021484375,25.03125,26,19,0,0,255,2,0,1782507966.6097388,121
25.028564,25.018196,0.15880904,0.70261395,0.7364502,1,1,0,0.0063476562,0.028076172,25.028564,27,19,1,0,255,2,0,1782507966.6097388,121
25.022951,25.013031,0.05343368,0.70245636,0.7210388,1,1,0,0.0021362305,0.028076172,25.02295,27,19,1,0,255,2,0,1782507966.6097388,121
25.027344,25.017523,-0.0,0.7010528,0.8812561,2,2,0,-0.0,0.028015137,25.027344,27,19,1,0,255,2,0,1782507966.6097388,121
25.02295,25.017134,0.2641678,0.47037444,0.8483887,1,1,0,0.010559082,0.018798828,25.02295,29,19,1,0,255,2,0,1782507966.6097388,121
25.032228,25.02894,0.16346037,0.37125292,0.99172974,1,1,0,0.0065307617,0.014831543,25.032227,60,19,0,0,255,2,0,1782507966.6097388,121
25.029053,25.02599,0.10997821,0.3757883,0.96310425,1,1,0,0.0043945312,0.015014648,25.029053,60,19,0,0,255,2,0,1782507966.6097388,121
25.031252,25.028316,0.058049176,0.3788765,0.71432495,1,1,0,0.002319336,0.015136719,25.03125,60,19,0,0,255,2,0,1782507966.6097388,121
25.0271,25.024162,0.0061094146,0.3833958,0.7862549,1,1,0,0.00024414062,0.015319824,25.0271,60,19,0,0,255,2,0,1782507966.6097388,121
25.02954,25.020344,0.36348024,0.5728307,0.8668823,1,1,0,0.014526367,0.022888184,25.029541,61,19,1,0,255,2,0,1782507966.6097388,121
25.023926,25.015865,0.25804636,0.58033687,0.81552124,1,1,0,0.010314941,0.02319336,25.023926,61,19,1,0,255,2,0,1782507966.6097388,121
25.01831,25.01066,0.20608617,0.5832598,0.59265137,1,1,0,0.008239746,0.02331543,25.01831,61,19,1,0,255,2,0,1782507966.6097388,121
25.028564,25.021189,0.15271911,0.58808047,0.72720337,1,1,0,0.0061035156,0.023498535,25.028564,61,19,1,0,255,2,0,1782507966.6097388,121
25.016846,25.009665,0.10074749,0.5908581,0.7922058,1,1,0,0.0040283203,0.023620605,25.016846,61,19,1,0,255,2,0,1782507966.6097388,121
25.026367,25.01923,0.048865743,0.59566414,0.734375,1,1,0,0.001953125,0.023803711,25.026367,61,19,1,0,255,2,0,1782507966.6097388,121
25.014648,25.007488,-0.0045790076,0.5984379,0.77679443,1,1,0,-0.00018310547,0.023925781,25.014648,61,19,1,0,255,2,0,1782507966.6097388,121
25.03003,25.016212,0.32524133,0.76526433,0.96310425,1,1,0,0.013000488,0.030578613,25.03003,24,20,0,0,255,2,0,1782507966.7101514,122
25.025146,25.017237,0.3267818,0.53760827,0.70999146,1,1,0,0.013061523,0.021484375,25.025146,26,20,0,0,255,2,0,1782507966.7101514,122
25.028074,25.02132,0.22144692,0.5376712,0.7637329,1,1,0,0.008850098,0.021484375,25.028076,26,20,0,0,255,2,0,1782507966.7101514,122
25.029053,25.023006,0.116074346,0.5376922,0.7455139,1,1,0,0.004638672,0.021484375,25.029053,26,20,0,0,255,2,0,1782507966.7101514,122
25.019773,25.013998,0.010687134,0.5374929,0.74642944,1,1,0,0.0004272461,0.021484375,25.019775,26,20,0,0,255,2,0,1782507966.7101514,122
25.017336,25.00548,0.31594297,0.7022987,0.61831665,1,1,0,0.012634277,0.028076172,25.017334,27,20,1,0,255,2,0,1782507966.7101514,122
25.029541,25.01879,0.21073453,0.70264137,0.82580566,1,1,0,0.008422852,0.028076172,25.029541,27,20,1,0,255,2,0,1782507966.7101514,122
25.029541,25.019173,0.15881523,0.70264137,0.8710022,1,1,0,0.0063476562,0.028076172,25.029541,27,20,1,0,255,2,0,1782507966.7101514,122
25.021484,25.011395,0.10686086,0.7024152,0.8722229,1,1,0,0.004272461,0.028076172,25.021484,27,20,1,0,255,2,0,1782507966.7101514,122
25.021486,25.014402,0.36492103,0.4703469,0.85787964,1,1,0,0.014587402,0.018798828,25.021484,29,20,1,0,255,2,0,1782507966.7101514,122
25.015871,25.011398,0.05037703,0.47024134,0.726532,1,1,0,0.0020141602,0.018798828,25.01587,29,20,1,0,255,2,0,1782507966.7101514,122
25.025146,25.021883,0.16341428,0.36962068,0.84695435,1,1,0,0.0065307617,0.014770508,25.025146,60,20,0,0,255,2,0,1782507966.7101514,122
25.032227,25.02921,0.109992355,0.37278062,0.82006836,1,1,0,0.0043945312,0.014892578,25.032227,60,20,0,0,255,2,0,1782507966.7101514,122
25.02905,25.02614,0.058044128,0.3773158,0.6622925,1,1,0,0.002319336,0.015075684,25.029053,60,20,0,0,255,2,0,1782507966.7101514,122
25.0271,25.024208,0.006109426,0.38034105,0.7810669,1,1,0,0.00024414062,0.015197754,25.0271,60,20,0,0,255,2,0,1782507966.7101514,122
25.02783,25.018705,0.36345646,0.56973726,0.62094116,1,1,0,0.014526367,0.022766113,25.027832,61,20,1,0,255,2,0,1782507966.7101514,122
25.031738,25.023226,0.31005707,0.5744084,0.82580566,1,1,0,0.012390137,0.022949219,25.031738,61,20,1,0,255,2,0,1782507966.7101514,122
25.028564,25.020573,0.2580949,0.57739,0.7846985,1,1,0,0.010314941,0.023071289,25.028564,61,20,1,0,255,2,0,1782507966.7101514,122
25.028563,25.020947,0.20617093,0.58197165,0.78985596,1,1,0,0.008239746,0.023254395,25.028564,61,20,1,0,255,2,0,1782507966.7101514,122
25.026367,25.019064,0.15270615,0.5849747,0.67993164,1,1,0,0.0061035156,0.023376465,25.026367,61,20,1,0,255,2,0,1782507966.7101514,122
25.014648,25.007504,0.10073878,0.58927983,0.6875305,1,1,0,0.0040283203,0.02355957,25.014648,61,20,1,0,255,2,0,1782507966.7101514,122
25.027344,25.020279,0.048867792,0.5926332,0.907959,1,1,0,0.001953125,0.02368164,25.027344,61,20,1,0,255,2,0,1782507966.7101514,122
25.014648,25.007524,-0.0045790146,0.59691155,0.73986816,1,1,0,-0.00018310547,0.023864746,25.014648,61,20,1,0,255,2,0,1782507966.7101514,122
25.027098,25.013304,0.32367653,0.76517475,0.8105469,1,1,0,0.012939453,0.030578613,25.0271,24,21,0,0,255,2,0,1782507966.8096292,123
25.025146,25.013372,0.061067928,0.765115,0.6545105,1,2,0,0.0024414062,0.030578613,25.025146,24,21,0,0,255,2,0,1782507966.8096292,123
25.02075,25.014975,0.007633965,0.53751385,0.8295593,1,1,0,0.00030517578,0.021484375,25.020752,26,21,0,0,255,2,0,1782507966.8096292,123
25.030764,25.018213,0.36650395,0.70267564,0.98706055,1,1,0,0.0146484375,0.028076172,25.030762,27,21,1,0,255,2,0,1782507966.8096292,123
25.022953,25.011131,0.31296077,0.70245636,0.77752686,1,1,0,0.012512207,0.028076172,25.02295,27,21,1,0,255,2,0,1782507966.8096292,123
25.03662,25.025879,0.20926668,0.70284015,0.72579956,1,1,0,0.008361816,0.028076172,25.036621,27,21,1,0,255,2,0,1782507966.8096292,123
25.028076,25.02477,0.16648805,0.37119138,0.7507324,1,1,0,0.006652832,0.014831543,25.028076,60,21,0,0,255,2,0,1782507966.8096292,123
25.025146,25.022205,0.061089493,0.37878412,0.68569946,1,1,0,0.0024414062,0.015136719,25.025146,60,21,0,0,255,2,0,1782507966.8096292,123
25.032469,25.029554,0.009166097,0.38195035,0.7680664,1,1,0,0.00036621094,0.015258789,25.03247,60,21,0,0,255,2,0,1782507966.8096292,123
25.02637,25.017164,0.36648858,0.571231,0.6850891,1,1,0,0.0146484375,0.022827148,25.026367,61,21,1,0,255,2,0,1782507966.8096292,123
25.028563,25.020504,0.2611488,0.5789172,0.76623535,1,1,0,0.010437012,0.023132324,25.028564,61,21,1,0,255,2,0,1782507966.8096292,123
25.020752,25.013077,0.20915963,0.58331674,0.65426636,1,1,0,0.008361816,0.02331543,25.020752,61,21,1,0,255,2,0,1782507966.8096292,123
25.01831,25.010944,0.1572364,0.58631295,0.66763306,1,1,0,0.006286621,0.0234375,25.01831,61,21,1,0,255,2,0,1782507966.8096292,123
25.025146,25.01795,0.10383486,0.59105414,0.65530396,1,1,0,0.0041503906,0.023620605,25.025146,61,21,1,0,255,2,0,1782507966.8096292,123
25.026367,25.01926,0.051919926,0.5941371,0.6974182,1,1,0,0.0020751953,0.023742676,25.026367,61,21,1,0,255,2,0,1782507966.8096292,123
25.020264,25.013102,-0.0,0.5985722,0.8270874,1,1,0,-0.0,0.023925781,25.020264,61,21,1,0,255,2,0,1782507966.8096292,123
25.033203,25.020023,0.2718347,0.76536137,0.71606445,1,1,0,0.010864258,0.030578613,25.033203,24,22,0,0,255,2,0,1782507966.9094446,124
25.029053,25.01732,0.06260451,0.7637075,0.632843,1,2,0,0.0025024414,0.030517578,25.029053,24,22,0,0,255,2,0,1782507966.9094446,124
25.031004,25.019348,0.00916236,0.7637671,0.8955078,1,1,0,0.00036621094,0.030517578,25.031006,24,22,0,0,255,2,0,1782507966.9094446,124
25.02905,25.02271,0.16800168,0.5376922,0.7810669,1,1,0,0.006713867,0.021484375,25.029053,26,22,0,0,255,2,0,1782507966.9094446,124
25.030027,25.02425,0.0091641545,0.53771317,0.8105469,1,1,0,0.00036621094,0.021484375,25.03003,26,22,0,0,255,2,0,1782507966.9094446,124
25.018066,25.013151,0.15725029,0.47028264,0.760376,1,1,0,0.006286621,0.018798828,25.018066,29,22,1,0,255,2,0,1782507966.9094446,124
25.016848,25.01221,0.10381104,0.4702597,0.760376,1,1,0,0.0041503906,0.018798828,25.016846,29,22,1,0,255,2,0,1782507966.9094446,124
25.031006,25.02731,0.21997227,0.36970723,0.81573486,1,1,0,0.0087890625,0.014770508,25.031006,60,22,0,0,255,2,0,1782507966.9094446,124
25.02124,25.017902,0.1679694,0.372617,0.7550659,1,1,0,0.006713867,0.014892578,25.02124,60,22,0,0,255,2,0,1782507966.9094446,124
25.031248,25.028135,0.116098136,0.3773489,0.7307739,1,1,0,0.004638672,0.015075684,25.03125,60,22,0,0,255,2,0,1782507966.9094446,124
25.025145,25.022177,0.06261666,0.38031137,0.8070679,1,1,0,0.0025024414,0.015197754,25.025146,60,22,0,0,255,2,0,1782507966.9094446,124
25.027098,25.024136,0.010691466,0.38492313,0.7568054,1,1,0,0.0004272461,0.015380859,25.0271,60,22,0,0,255,2,0,1782507966.9094446,124
25.020752,25.011457,0.36793187,0.57415634,0.7949829,1,1,0,0.014709473,0.022949219,25.020752,61,22,1,0,255,2,0,1782507966.9094446,124
25.025146,25.016489,0.3160821,0.57731116,0.7970276,1,1,0,0.012634277,0.023071289,25.025146,61,22,1,0,255,2,0,1782507966.9094446,124
25.02417,25.016722,0.15879968,0.5895042,1.1082458,1,1,0,0.0063476562,0.02355957,25.02417,61,22,1,0,255,2,0,1782507966.9094446,124
25.028564,25.021324,0.10537607,0.5926621,0.80114746,1,1,0,0.004211426,0.02368164,25.028564,61,22,1,0,255,2,0,1782507966.9094446,124
25.020264,25.013065,-0.0,0.6000989,0.88864136,1,1,0,-0.0,0.023986816,25.020264,61,22,1,0,255,2,0,1782507966.9094446,124
25.026121,25.012308,0.32519054,0.7651449,0.7455139,1,1,0,0.013000488,0.030578613,25.026123,24,23,0,0,255,2,0,1782507967.00993,125
25.03003,25.016834,0.27332714,0.76526433,0.7507324,1,1,0,0.010925293,0.030578613,25.03003,24,23,0,0,255,2,0,1782507967.00993,125
25.02905,25.016787,0.16796191,0.7652345,0.65625,1,2,0,0.006713867,0.030578613,25.029053,24,23,0,0,255,2,0,1782507967.00993,125
25.03125,25.019516,0.06261001,0.7637746,0.7879944,1,2,0,0.0025024414,0.030517578,25.03125,24,23,0,0,255,2,0,1782507967.00993,125
25.021238,25.01402,0.26871565,0.53752434,0.7828064,1,1,0,0.0107421875,0.021484375,25.02124,26,23,0,0,255,2,0,1782507967.00993,125
25.032715,25.02697,0.0061101,0.5362433,0.87210083,1,1,0,0.00024414062,0.02142334,25.032715,26,23,0,0,255,2,0,1782507967.00993,125
25.02637,25.013844,0.3649129,0.70255226,0.7600708,1,1,0,0.014587402,0.028076172,25.026367,27,23,1,0,255,2,0,1782507967.00993,125
25.026367,25.015158,0.259566,0.70255226,0.71795654,1,1,0,0.010375977,0.028076172,25.026367,27,23,1,0,255,2,0,1782507967.00993,125
25.023926,25.013588,0.15419948,0.7024838,0.7846985,1,1,0,0.006164551,0.028076172,25.023926,27,23,1,0,255,2,0,1782507967.00993,125
25.035646,25.02557,0.10233902,0.70281273,0.66619873,1,1,0,0.0040893555,0.028076172,25.035645,27,23,1,0,255,2,0,1782507967.00993,125
25.023926,25.014063,-0.0030534745,0.7024838,0.75183105,1,1,0,-0.00012207031,0.028076172,25.023926,27,23,1,0,255,2,0,1782507967.00993,125
25.025146,25.018085,0.36344746,0.47041574,0.7631531,1,1,0,0.014526367,0.018798828,25.025146,29,23,1,0,255,2,0,1782507967.00993,125
25.023926,25.018173,0.25807017,0.4703928,0.82785034,1,1,0,0.010314941,0.018798828,25.023926,29,23,1,0,255,2,0,1782507967.00993,125
25.019531,25.014261,0.20611584,0.47031018,0.68096924,1,1,0,0.008239746,0.018798828,25.019531,29,23,1,0,255,2,0,1782507967.00993,125
25.018314,25.013416,0.15419842,0.47028723,0.6265259,1,1,0,0.006164551,0.018798828,25.01831,29,23,1,0,255,2,0,1782507967.00993,125
25.025146,25.020523,0.10079123,0.47041574,0.67788696,1,1,0,0.0040283203,0.018798828,25.025146,29,23,1,0,255,2,0,1782507967.00993,125
25.027344,25.022903,0.048872918,0.46892974,0.8216858,1,1,0,0.001953125,0.018737793,25.027344,29,23,1,0,255,2,0,1782507967.00993,125
25.01831,25.01392,-0.0045801857,0.4687605,0.65734863,1,1,0,-0.00018310547,0.018737793,25.01831,29,23,1,0,255,2,0,1782507967.00993,125
25.03125,25.027575,0.21997459,0.3681832,0.638031,1,1,0,0.0087890625,0.014709473,25.03125,60,23,0,0,255,2,0,1782507967.00993,125
25.032715,25.029398,0.16804658,0.37126017,1.1954346,1,1,0,0.006713867,0.014831543,25.032715,60,23,0,0,255,2,0,1782507967.00993,125
25.031248,25.028166,0.11457066,0.3758213,0.7663269,1,1,0,0.0045776367,0.015014648,25.03125,60,23,0,0,255,2,0,1782507967.00993,125
25.029053,25.026108,0.0626265,0.37884325,0.6371765,1,1,0,0.0025024414,0.015136719,25.029053,60,23,0,0,255,2,0,1782507967.00993,125
25.03003,25.027088,0.010692727,0.38344067,0.7810669,1,1,0,0.0004272461,0.015319824,25.03003,60,23,0,0,255,2,0,1782507967.00993,125
25.021727,25.013107,0.31603935,0.5757055,0.64193726,1,1,0,0.012634277,0.023010254,25.021729,61,23,1,0,255,2,0,1782507967.00993,125
25.032959,25.024847,0.26272166,0.5805464,0.85043335,1,1,0,0.010498047,0.02319336,25.032959,61,23,1,0,255,2,0,1782507967.00993,125
25.026367,25.018679,0.21073359,0.58344764,0.6717224,1,1,0,0.008422852,0.02331543,25.026367,61,23,1,0,255,2,0,1782507967.00993,125
25.03076,25.023355,0.15731443,0.5881321,0.77853394,1,1,0,0.006286621,0.023498535,25.030762,61,23,1,0,255,2,0,1782507967.00993,125
25.018312,25.01111,0.10533305,0.5908927,0.69433594,1,1,0,0.004211426,0.023620605,25.01831,61,23,1,0,255,2,0,1782507967.00993,125
25.030762,25.023598,-0.0,0.59882337,0.77545166,1,1,0,-0.0,0.023925781,25.030762,61,23,1,0,255,2,0,1782507967.00993,125
25.032225,25.018408,0.32526985,0.7653315,0.7619934,1,1,0,0.013000488,0.030578613,25.032227,24,24,0,0,255,2,0,1782507967.1099758,126
25.025145,25.01248,0.21984193,0.765115,0.6622925,1,1,0,0.0087890625,0.030578613,25.025146,24,24,0,0,255,2,0,1782507967.1099758,126
25.02417,25.011908,0.16792914,0.76508516,0.68743896,1,1,0,0.006713867,0.030578613,25.02417,24,24,0,0,255,2,0,1782507967.1099758,126
25.027098,25.015368,0.06259962,0.7636479,0.67529297,1,1,0,0.0025024414,0.030517578,25.0271,24,24,0,0,255,2,0,1782507967.1099758,126
25.025146,25.013493,0.009160215,0.7635883,0.7897339,1,2,0,0.00036621094,0.030517578,25.025146,24,24,0,0,255,2,0,1782507967.1099758,126
25.028564,25.016016,0.36647177,0.70261395,0.8956299,1,1,0,0.0146484375,0.028076172,25.028564,27,24,1,0,255,2,0,1782507967.1099758,126
25.013672,25.00294,0.20907487,0.7021959,0.8763428,1,1,0,0.008361816,0.028076172,25.013672,27,24,1,0,255,2,0,1782507967.1099758,126
25.0249,25.014544,0.15725903,0.7025112,0.9543152,1,1,0,0.006286621,0.028076172,25.024902,27,24,1,0,255,2,0,1782507967.1099758,126
25.029541,25.019676,-0.0,0.70264137,0.7631531,1,1,0,-0.0,0.028076172,25.029541,27,24,1,0,255,2,0,1782507967.1099758,126
25.023682,25.016554,0.36800686,0.4703882,0.9656067,1,1,0,0.014709473,0.018798828,25.023682,29,24,1,0,255,2,0,1782507967.1099758,126
25.02539,25.020998,-0.0,0.46889314,0.97280884,1,1,0,-0.0,0.018737793,25.02539,29,24,1,0,255,2,0,1782507967.1099758,126
25.03003,25.026346,0.21843618,0.3696928,0.67529297,1,1,0,0.008728027,0.014770508,25.03003,60,24,0,0,255,2,0,1782507967.1099758,126
25.031008,25.027678,0.1665074,0.37276244,1.0732117,1,1,0,0.006652832,0.014892578,25.031006,60,24,0,0,255,2,0,1782507967.1099758,126
25.031248,25.028149,0.11304294,0.3773489,0.69003296,1,1,0,0.0045166016,0.015075684,25.03125,60,24,0,0,255,2,0,1782507967.1099758,126
25.031738,25.028772,0.061105523,0.38041157,0.7472534,1,1,0,0.0024414062,0.015197754,25.031738,60,24,0,0,255,2,0,1782507967.1099758,126
25.029053,25.02609,0.0076373573,0.38495317,0.82354736,1,1,0,0.00030517578,0.015380859,25.029053,60,24,0,0,255,2,0,1782507967.1099758,126
25.01831,25.009039,0.36636958,0.5741003,0.7097168,1,1,0,0.0146484375,0.022949219,25.01831,61,24,1,0,255,2,0,1782507967.1099758,126
25.029541,25.02141,0.26115826,0.58199435,0.88742065,1,1,0,0.010437012,0.023254395,25.029541,61,24,1,0,255,2,0,1782507967.1099758,126
25.026367,25.018654,0.20920627,0.5849747,0.78778076,1,1,0,0.008361816,0.023376465,25.026367,61,24,1,0,255,2,0,1782507967.1099758,126
25.027346,25.019915,0.15576564,0.5895789,0.7846985,1,1,0,0.006225586,0.02355957,25.027344,61,24,1,0,255,2,0,1782507967.1099758,126
25.025146,25.017914,0.1038347,0.59258115,0.67788696,1,1,0,0.0041503906,0.02368164,25.025146,61,24,1,0,255,2,0,1782507967.1099758,126
25.031736,25.024557,0.050403535,0.59731936,0.80319214,1,1,0,0.0020141602,0.023864746,25.031738,61,24,1,0,255,2,0,1782507967.1099758,126
25.022947,25.015749,-0.0015268401,0.60016334,0.71795654,1,1,0,-6.1035156e-05,0.023986816,25.02295,61,24,1,0,255,2,0,1782507967.1099758,126
25.034176,25.02191,0.16799632,0.76539123,0.99346924,1,1,0,0.006713867,0.030578613,25.03418,24,25,0,0,255,2,0,1782507967.2096632,127
25.029053,25.017082,0.11604686,0.7652345,0.7602539,1,1,0,0.004638672,0.030578613,25.029053,24,25,0,0,255,2,0,1782507967.2096632,127
25.025145,25.013369,0.06259462,0.765115,0.6865845,1,1,0,0.0025024414,0.030578613,25.025146,24,25,0,0,255,2,0,1782507967.2096632,127
25.031248,25.023357,0.3253342,0.5377394,0.95443726,1,1,0,0.013000488,0.021484375,25.03125,26,25,0,0,255,2,0,1782507967.2096632,127
25.025146,25.019102,0.11605623,0.53760827,0.70651245,1,1,0,0.004638672,0.021484375,25.025146,26,25,0,0,255,2,0,1782507967.2096632,127
25.033934,25.028154,0.010693183,0.5377971,0.87210083,1,1,0,0.0004272461,0.021484375,25.033936,26,25,0,0,255,2,0,1782507967.2096632,127
25.034668,25.023914,0.2107777,0.7027853,0.9552002,1,1,0,0.008422852,0.028076172,25.034668,27,25,1,0,255,2,0,1782507967.2096632,127
25.019285,25.009369,0.053425856,0.70235354,0.81066895,1,1,0,0.0021362305,0.028076172,25.019287,27,25,1,0,255,2,0,1782507967.2096632,127
25.021484,25.016188,0.20918564,0.4703469,0.8640137,1,1,0,0.008361816,0.018798828,25.021484,29,25,1,0,255,2,0,1782507967.2096632,127
25.03003,25.026756,0.16497368,0.3696928,0.71432495,1,1,0,0.006591797,0.014770508,25.03003,60,25,0,0,255,2,0,1782507967.2096632,127
25.02905,25.026005,0.11150577,0.37426084,0.83654785,1,1,0,0.0044555664,0.014953613,25.029053,60,25,0,0,255,2,0,1782507967.2096632,127
25.031982,25.029043,0.059578527,0.3788876,0.82702637,1,1,0,0.002380371,0.015136719,25.031982,60,25,0,0,255,2,0,1782507967.2096632,127
25.031006,25.02809,0.0076379674,0.38192803,0.6709595,1,1,0,0.00030517578,0.015258789,25.031006,60,25,0,0,255,2,0,1782507967.2096632,127
25.027342,25.01816,0.36497587,0.5712533,0.81140137,1,1,0,0.014587402,0.022827148,25.027344,61,25,1,0,255,2,0,1782507967.2096632,127
25.018312,25.009766,0.31294367,0.5741003,0.6850891,1,1,0,0.012512207,0.022949219,25.01831,61,25,1,0,255,2,0,1782507967.2096632,127
25.027344,25.019995,0.15423898,0.58652467,0.9315796,1,1,0,0.006164551,0.0234375,25.027344,61,25,1,0,255,2,0,1782507967.2096632,127
25.014648,25.007498,0.10226512,0.58927983,0.8373413,1,1,0,0.0040893555,0.02355957,25.014648,61,25,1,0,255,2,0,1782507967.2096632,127
25.025146,25.018042,0.05039041,0.5941081,0.82785034,1,1,0,0.0020141602,0.023742676,25.025146,61,25,1,0,255,2,0,1782507967.2096632,127
25.02295,25.015823,-0.0030536894,0.5971097,0.79293823,1,1,0,-0.00012207031,0.023864746,25.02295,61,25,1,0,255,2,0,1782507967.2096632,127
25.031004,25.017826,0.27181083,0.7652942,0.83654785,1,2,0,0.010864258,0.030578613,25.031006,24,26,0,0,255,2,0,1782507967.310114,128
25.031979,25.020016,0.11453335,0.76532406,0.8088074,1,2,0,0.0045776367,0.030578613,25.031982,24,26,0,0,255,2,0,1782507967.310114,128
25.026123,25.020084,0.11453366,0.53762925,0.6805115,1,1,0,0.0045776367,0.021484375,25.026123,26,26,0,0,255,2,0,1782507967.310114,128
25.018066,25.00815,0.053423252,0.70231926,0.9512329,1,1,0,0.0021362305,0.028076172,25.018066,27,26,1,0,255,2,0,1782507967.310114,128
25.01831,25.011894,0.31602404,0.47028723,0.6974182,1,1,0,0.012634277,0.018798828,25.01831,29,26,1,0,255,2,0,1782507967.310114,128
25.015871,25.011229,0.10533355,0.47024134,0.77679443,1,1,0,0.004211426,0.018798828,25.01587,29,26,1,0,255,2,0,1782507967.310114,128
25.028566,25.024143,0.0015273525,0.47048,0.7333679,1,1,0,6.1035156e-05,0.018798828,25.028564,29,26,1,0,255,2,0,1782507967.310114,128
25.02124,25.017958,0.16644272,0.36956298,0.7507324,1,1,0,0.006652832,0.014770508,25.02124,60,26,0,0,255,2,0,1782507967.310114,128
25.01831,25.010672,0.20913953,0.5817332,0.61831665,1,1,0,0.008361816,0.023254395,25.01831,61,26,1,0,255,2,0,1782507967.310114,128
25.01831,25.011152,0.103806645,0.58936614,0.66555786,1,1,0,0.0041503906,0.02355957,25.01831,61,26,1,0,255,2,0,1782507967.310114,128
25.015867,25.008745,-0.0015264127,0.5969407,0.77474976,1,1,0,-6.1035156e-05,0.023864746,25.01587,61,26,1,0,255,2,0,1782507967.310114,128
25.025146,25.011955,0.2732738,0.765115,0.7879944,1,1,0,0.010925293,0.030578613,25.025146,24,27,0,0,255,2,0,1782507967.4105196,129
25.020264,25.0076,0.21979903,0.7649658,0.6622925,1,1,0,0.0087890625,0.030578613,25.020264,24,27,0,0,255,2,0,1782507967.4105196,129
25.035156,25.027903,0.2719203,0.5378233,0.84436035,1,1,0,0.010864258,0.021484375,25.035156,26,27,0,0,255,2,0,1782507967.4105196,129
25.021484,25.011408,0.1038077,0.7024152,0.963562,1,1,0,0.0041503906,0.028076172,25.021484,27,27,1,0,255,2,0,1782507967.4105196,129
25.019289,25.013992,0.20916729,0.4703056,0.8701782,1,1,0,0.008361816,0.018798828,25.019287,29,27,1,0,255,2,0,1782507967.4105196,129
25.03418,25.030504,0.22000034,0.3682263,0.71691895,1,1,0,0.0087890625,0.014709473,25.03418,60,27,0,0,255,2,0,1782507967.4105196,129
25.02124,25.017935,0.16644257,0.37109,0.72473145,1,1,0,0.006652832,0.014831543,25.02124,60,27,0,0,255,2,0,1782507967.4105196,129
25.03003,25.026945,0.114565074,0.37580296,0.72732544,1,1,0,0.0045776367,0.015014648,25.03003,60,27,0,0,255,2,0,1782507967.4105196,129
25.031252,25.028305,0.062632,0.3788765,0.72473145,1,1,0,0.0025024414,0.015136719,25.03125,60,27,0,0,255,2,0,1782507967.4105196,129
25.03003,25.02709,0.009165195,0.38344067,0.7663269,1,1,0,0.00036621094,0.015319824,25.03003,60,27,0,0,255,2,0,1782507967.4105196,129
25.02954,25.020298,0.3665345,0.5728307,0.87713623,1,1,0,0.0146484375,0.022888184,25.029541,61,27,1,0,255,2,0,1782507967.4105196,129
25.031738,25.023628,0.26270887,0.58051807,0.9202881,1,1,0,0.010498047,0.02319336,25.031738,61,27,1,0,255,2,0,1782507967.4105196,129
25.014648,25.007488,-0.0,0.5984379,0.7470398,1,1,0,-0.0,0.023925781,25.014648,61,27,1,0,255,2,0,1782507967.4105196,129
25.03003,25.016253,0.32218757,0.76526433,0.7828064,1,1,0,0.012878418,0.030578613,25.03003,24,28,0,0,255,2,0,1782507967.5112214,130
25.032959,25.025106,0.3223016,0.5377761,0.72906494,1,1,0,0.012878418,0.021484375,25.032959,26,28,0,0,255,2,0,1782507967.5112214,130
25.02905,25.022732,0.16494715,0.5376922,0.71691895,1,1,0,0.006591797,0.021484375,25.029053,26,28,0,0,255,2,0,1782507967.5112214,130
25.028074,25.022228,0.059562303,0.5376712,0.6770325,1,1,0,0.002380371,0.021484375,25.028076,26,28,0,0,255,2,0,1782507967.5112214,130
25.018312,25.006495,0.31290275,0.7023261,0.74053955,1,1,0,0.012512207,0.028076172,25.01831,27,28,1,0,255,2,0,1782507967.5112214,130
25.02417,25.01296,0.2595432,0.7024906,0.963562,1,1,0,0.010375977,0.028076172,25.02417,27,28,1,0,255,2,0,1782507967.5112214,130
25.013674,25.00333,0.1556624,0.7021959,0.73062134,1,1,0,0.006225586,0.028076172,25.013672,27,28,1,0,255,2,0,1782507967.5112214,130
25.028564,25.018492,0.10231008,0.70261395,0.76623535,1,1,0,0.0040893555,0.028076172,25.028564,27,28,1,0,255,2,0,1782507967.5112214,130
25.019285,25.009375,0.050372954,0.70235354,0.7706299,1,1,0,0.0020141602,0.028076172,25.019287,27,28,1,0,255,2,0,1782507967.5112214,130
25.018312,25.008451,-0.0015263947,0.7023261,0.6871338,1,1,0,-6.1035156e-05,0.028076172,25.01831,27,28,1,0,255,2,0,1782507967.5112214,130
25.031494,25.028456,0.11457199,0.3727697,0.8009949,1,1,0,0.0045776367,0.014892578,25.031494,60,28,0,0,255,2,0,1782507967.5112214,130
25.019775,25.016853,0.06260334,0.37717593,0.95339966,1,1,0,0.0025024414,0.015075684,25.019775,60,28,0,0,255,2,0,1782507967.5112214,130
25.031738,25.02315,0.31616622,0.5744084,0.72821045,1,1,0,0.012634277,0.022949219,25.031738,61,28,1,0,255,2,0,1782507967.5112214,130
25.034668,25.027012,0.21080378,0.58211356,0.92440796,1,1,0,0.008422852,0.023254395,25.034668,61,28,1,0,255,2,0,1782507967.5112214,130
25.029053,25.015278,0.322175,0.7652345,0.85910034,1,2,0,0.012878418,0.030578613,25.029053,24,29,0,0,255,2,0,1782507967.6097078,131
25.03003,25.018078,0.111470446,0.76526433,0.64151,1,2,0,0.0044555664,0.030578613,25.03003,24,29,0,0,255,2,0,1782507967.6097078,131
25.0271,25.01923,0.3237532,0.5376502,1.1980286,1,1,0,0.012939453,0.021484375,25.0271,26,29,0,0,255,2,0,1782507967.6097078,131
25.024168,25.01744,0.21835846,0.5375873,0.71865845,1,1,0,0.008728027,0.021484375,25.02417,26,29,0,0,255,2,0,1782507967.6097078,131
25.020752,25.008915,0.3144597,0.70239466,0.72720337,1,1,0,0.012573242,0.028076172,25.020752,27,29,1,0,255,2,0,1782507967.6097078,131
25.019285,25.008064,0.26101893,0.70235354,0.84555054,1,1,0,0.010437012,0.028076172,25.019287,27,29,1,0,255,2,0,1782507967.6097078,131
25.015867,25.005795,0.103784405,0.7022576,0.8229675,1,1,0,0.0041503906,0.028076172,25.01587,27,29,1,0,255,2,0,1782507967.6097078,131
25.018312,25.012497,0.26411882,0.47028723,0.68096924,1,1,0,0.010559082,0.018798828,25.01831,29,29,1,0,255,2,0,1782507967.6097078,131
25.016848,25.011923,0.15876922,0.4702597,0.8127136,1,1,0,0.0063476562,0.018798828,25.016846,29,29,1,0,255,2,0,1782507967.6097078,131
25.017336,25.012857,0.05343331,0.47026888,0.47042847,1,1,0,0.0021362305,0.018798828,25.017334,29,29,1,0,255,2,0,1782507967.6097078,131
25.015871,25.01145,0.0015265777,0.47024134,0.7131653,1,1,0,6.1035156e-05,0.018798828,25.01587,29,29,1,0,255,2,0,1782507967.6097078,131
25.01953,25.015848,0.21834455,0.36953774,0.6744385,1,1,0,0.008728027,0.014770508,25.019531,60,29,0,0,255,2,0,1782507967.6097078,131
25.03003,25.026953,0.11303754,0.37580296,1.0177307,1,1,0,0.0045166016,0.015014648,25.03003,60,29,0,0,255,2,0,1782507967.6097078,131
25.031248,25.028284,0.06110433,0.38040414,0.72732544,1,1,0,0.0024414062,0.015197754,25.03125,60,29,0,0,255,2,0,1782507967.6097078,131
25.03247,25.029509,0.0076384004,0.38500574,0.83828735,1,1,0,0.00030517578,0.015380859,25.03247,60,29,0,0,255,2,0,1782507967.6097078,131
25.017332,25.008718,0.31293058,0.5771309,0.6275635,1,1,0,0.012512207,0.023071289,25.017334,61,29,1,0,255,2,0,1782507967.6097078,131
25.026365,25.018272,0.2611255,0.5803935,0.7836914,1,1,0,0.010437012,0.02319336,25.026367,61,29,1,0,255,2,0,1782507967.6097078,131
25.023924,25.016212,0.20918585,0.58491766,0.750824,1,1,0,0.008361816,0.023376465,25.023926,61,29,1,0,255,2,0,1782507967.6097078,131
25.029541,25.022398,0.050399184,0.59573966,0.77752686,1,1,0,0.0020141602,0.023803711,25.029541,61,29,1,0,255,2,0,1782507967.6097078,131
25.021484,25.014286,-0.0015267509,0.6001282,0.91122437,1,1,0,-6.1035156e-05,0.023986816,25.021484,61,29,1,0,255,2,0,1782507967.6097078,131
25.026121,25.014387,0.064123936,0.7636181,0.41958618,1,2,0,0.0025634766,0.030517578,25.026123,24,30,0,0,255,2,0,1782507967.7102408,132
25.025146,25.01349,0.010686918,0.7635883,0.4152527,1,2,0,0.0004272461,0.030517578,25.025146,24,30,0,0,255,2,0,1782507967.7102408,132
25.033936,25.026665,0.27343452,0.5377971,0.8009949,1,1,0,0.010925293,0.021484375,25.033936,26,30,0,0,255,2,0,1782507967.7102408,132
25.028074,25.02233,0.010690694,0.53614396,0.7810669,1,1,0,0.0004272461,0.02142334,25.028076,26,30,0,0,255,2,0,1782507967.7102408,132
25.029541,25.018282,0.2641799,0.70264137,0.85043335,1,1,0,0.010559082,0.028076172,25.029541,27,30,1,0,255,2,0,1782507967.7102408,132
25.019285,25.009197,0.10685147,0.70235354,0.96047974,1,1,0,0.004272461,0.028076172,25.019287,27,30,1,0,255,2,0,1782507967.7102408,132
25.030762,25.02084,0.05345036,0.70267564,0.868927,1,1,0,0.0021362305,0.028076172,25.030762,27,30,1,0,255,2,0,1782507967.7102408,132
25.027344,25.01748,0.0015269459,0.7025797,0.6850891,1,1,0,6.1035156e-05,0.028076172,25.027344,27,30,1,0,255,2,0,1782507967.7102408,132
25.027344,25.020964,0.3130838,0.47045705,0.8565979,1,1,0,0.012512207,0.018798828,25.027344,29,30,1,0,255,2,0,1782507967.7102408,132
25.021729,25.015944,0.2611012,0.4703515,0.6974182,1,1,0,0.010437012,0.018798828,25.021729,29,30,1,0,255,2,0,1782507967.7102408,132
25.032715,25.029016,0.21998727,0.36973247,0.85562134,1,1,0,0.0087890625,0.014770508,25.032715,60,30,0,0,255,2,0,1782507967.7102408,132
25.032228,25.028887,0.16804315,0.37278062,0.629364,1,1,0,0.006713867,0.014892578,25.032227,60,30,0,0,255,2,0,1782507967.7102408,132
25.032469,25.029362,0.11457613,0.37736732,0.84869385,1,1,0,0.0045776367,0.015075684,25.03247,60,30,0,0,255,2,0,1782507967.7102408,132
25.03418,25.031218,0.009166706,0.38503203,0.86169434,1,1,0,0.00036621094,0.015380859,25.03418,60,30,0,0,255,2,0,1782507967.7102408,132
25.029543,25.020903,0.31461045,0.57741255,0.75390625,1,1,0,0.012573242,0.023071289,25.029541,61,30,1,0,255,2,0,1782507967.7102408,132
25.020754,25.01261,0.26259318,0.58179003,0.66555786,1,1,0,0.010498047,0.023254395,25.020752,61,30,1,0,255,2,0,1782507967.7102408,132
25.022947,25.015509,0.15726511,0.5894754,0.7076721,1,1,0,0.006286621,0.02355957,25.02295,61,30,1,0,255,2,0,1782507967.7102408,132
25.031736,25.024496,0.10538943,0.59273726,0.83813477,1,1,0,0.004211426,0.02368164,25.031738,61,30,1,0,255,2,0,1782507967.7102408,132
25.027344,25.020163,0.0519218,0.5972145,0.6347656,1,1,0,0.0020751953,0.023864746,25.027344,61,30,1,0,255,2,0,1782507967.7102408,132
25.014648,25.007452,-0.0,0.59996426,0.8475952,1,1,0,-0.0,0.023986816,25.014648,61,30,1,0,255,2,0,1782507967.7102408,132
25.031982,25.018803,0.27182144,0.76532406,0.47158813,1,2,0,0.010864258,0.030578613,25.031982,24,31,0,0,255,2,0,1782507967.8106153,133
25.032713,25.026934,0.010692662,0.53777087,0.9379883,1,1,0,0.0004272461,0.021484375,25.032715,26,31,0,0,255,2,0,1782507967.8106153,133
25.031738,25.019876,0.3161249,0.70270306,0.9295349,1,1,0,0.012634277,0.028076172,25.031738,27,31,1,0,255,2,0,1782507967.8106153,133
25.029543,25.024258,0.20772567,0.47049835,0.6850891,1,1,0,0.008300781,0.018798828,25.029541,29,31,1,0,255,2,0,1782507967.8106153,133
25.023926,25.01903,0.15423302,0.4703928,0.71383667,1,1,0,0.006164551,0.018798828,25.023926,29,31,1,0,255,2,0,1782507967.8106153,133
25.023926,25.019453,0.050393254,0.4703928,0.7425842,1,1,0,0.0020141602,0.018798828,25.023926,29,31,1,0,255,2,0,1782507967.8106153,133
25.023926,25.019505,-0.0030541387,0.4703928,0.80114746,1,1,0,-0.00012207031,0.018798828,25.023926,29,31,1,0,255,2,0,1782507967.8106153,133
25.031252,25.027977,0.16498172,0.36971083,0.71951294,1,1,0,0.006591797,0.014770508,25.03125,60,31,0,0,255,2,0,1782507967.8106153,133
25.027098,25.024183,0.059566956,0.37728634,0.6926575,1,1,0,0.002380371,0.015075684,25.0271,60,31,0,0,255,2,0,1782507967.8106153,133
25.0166,25.01371,0.007633579,0.38018152,0.9871826,1,1,0,0.00030517578,0.015197754,25.016602,60,31,0,0,255,2,0,1782507967.8106153,133
25.018066,25.01044,0.20761098,0.58172756,0.8127136,1,1,0,0.008300781,0.023254395,25.018066,61,31,1,0,255,2,0,1782507967.8106153,133
25.01587,25.008718,0.10227011,0.5893086,0.7675781,1,1,0,0.0040893555,0.02355957,25.01587,61,31,1,0,255,2,0,1782507967.8106153,133
25.01831,25.011244,0.05037672,0.59241927,0.6717224,1,1,0,0.0020141602,0.02368164,25.01831,61,31,1,0,255,2,0,1782507967.8106153,133
25.032225,25.02026,0.11453447,0.7653315,0.6423645,1,2,0,0.0045776367,0.030578613,25.032227,24,32,0,0,255,2,0,1782507967.90988,134
25.020264,25.014227,0.114506856,0.53750336,0.69784546,1,1,0,0.0045776367,0.021484375,25.020264,26,32,0,0,255,2,0,1782507967.90988,134
25.029053,25.023308,0.00916381,0.5361649,0.8911743,1,1,0,0.00036621094,0.02142334,25.029053,26,32,0,0,255,2,0,1782507967.90988,134
25.027344,25.014797,0.36645392,0.7025797,0.77545166,1,1,0,0.0146484375,0.028076172,25.027344,27,32,1,0,255,2,0,1782507967.90988,134
25.025146,25.015326,-0.0,0.7009912,0.69125366,1,1,0,-0.0,0.028015137,25.025146,27,32,1,0,255,2,0,1782507967.90988,134
25.036379,25.029976,0.3147245,0.47062686,0.8812561,1,1,0,0.012573242,0.018798828,25.036377,29,32,1,0,255,2,0,1782507967.90988,134
25.01953,25.01647,0.11451712,0.37411845,1.0278625,1,1,0,0.0045776367,0.014953613,25.019531,60,32,0,0,255,2,0,1782507967.90988,134
25.027344,25.018139,0.36650285,0.5712533,0.8586731,1,1,0,0.0146484375,0.022827148,25.027344,61,32,1,0,255,2,0,1782507967.90988,134
25.02173,25.013657,0.26260418,0.5787591,0.65838623,1,1,0,0.010498047,0.023132324,25.021729,61,32,1,0,255,2,0,1782507967.90988,134
25.01587,25.008505,0.15722106,0.5862557,0.7706299,1,1,0,0.006286621,0.0234375,25.01587,61,32,1,0,255,2,0,1782507967.90988,134
25.02246,25.015354,0.05191182,0.5940443,0.8414612,1,1,0,0.0020751953,0.023742676,25.02246,61,32,1,0,255,2,0,1782507967.90988,134
25.03125,25.01952,0.061082937,0.7637746,0.42999268,1,2,0,0.0024414062,0.030517578,25.03125,24,33,0,0,255,2,0,1782507968.0096421,135
25.03247,25.020813,0.009162896,0.7638118,0.85562134,1,2,0,0.00036621094,0.030517578,25.03247,24,33,0,0,255,2,0,1782507968.0096421,135
25.028074,25.020807,0.27337053,0.5376712,0.8105469,1,1,0,0.010925293,0.021484375,25.028076,26,33,0,0,255,2,0,1782507968.0096421,135
25.024168,25.01783,0.16796891,0.5375873,0.69177246,1,1,0,0.006713867,0.021484375,25.02417,26,33,0,0,255,2,0,1782507968.0096421,135
25.032227,25.02618,0.11608907,0.5377604,0.85910034,1,1,0,0.004638672,0.021484375,25.032227,26,33,0,0,255,2,0,1782507968.0096421,135
25.027344,25.014774,0.36798066,0.7025797,0.8360596,1,1,0,0.014709473,0.028076172,25.027344,27,33,1,0,255,2,0,1782507968.0096421,135
25.027344,25.015484,0.3160694,0.7025797,0.8710022,1,1,0,0.012634277,0.028076172,25.027344,27,33,1,0,255,2,0,1782507968.0096421,135
25.035156,25.025232,0.053459745,0.702799,0.964447,1,1,0,0.0021362305,0.028076172,25.035156,27,33,1,0,255,2,0,1782507968.0096421,135
25.032959,25.026558,0.31468153,0.4705626,0.81552124,1,1,0,0.012573242,0.018798828,25.032959,29,33,1,0,255,2,0,1782507968.0096421,135
25.018314,25.01253,0.26106554,0.47028723,0.7097168,1,1,0,0.010437012,0.018798828,25.01831,29,33,1,0,255,2,0,1782507968.0096421,135
25.019533,25.014896,0.10382219,0.47031018,0.65426636,1,1,0,0.0041503906,0.018798828,25.019531,29,33,1,0,255,2,0,1782507968.0096421,135
25.027344,25.022923,-0.001527278,0.47045705,0.82373047,1,1,0,-6.1035156e-05,0.018798828,25.027344,29,33,1,0,255,2,0,1782507968.0096421,135
25.031982,25.02827,0.22150843,0.36972165,0.8027344,1,1,0,0.008850098,0.014770508,25.031982,60,33,0,0,255,2,0,1782507968.0096421,135
25.030031,25.02694,0.116092585,0.37580296,0.7680664,1,1,0,0.004638672,0.015014648,25.03003,60,33,0,0,255,2,0,1782507968.0096421,135
25.032715,25.029741,0.0641633,0.3804264,0.98306274,1,1,0,0.0025634766,0.015197754,25.032715,60,33,0,0,255,2,0,1782507968.0096421,135
25.026121,25.023159,0.010691049,0.3849081,0.8009949,1,1,0,0.0004272461,0.015380859,25.026123,60,33,0,0,255,2,0,1782507968.0096421,135
25.030764,25.022636,0.26422587,0.5804954,0.868927,1,1,0,0.010559082,0.02319336,25.030762,61,33,1,0,255,2,0,1782507968.0096421,135
25.027344,25.019619,0.21074152,0.58499753,0.7723999,1,1,0,0.008422852,0.023376465,25.027344,61,33,1,0,255,2,0,1782507968.0096421,135
25.031738,25.024288,0.1588477,0.58968246,0.9408264,1,1,0,0.0063476562,0.02355957,25.031738,61,33,1,0,255,2,0,1782507968.0096421,135
25.028564,25.021318,0.106903255,0.5926621,0.8668823,1,1,0,0.004272461,0.02368164,25.028564,61,33,1,0,255,2,0,1782507968.0096421,135
25.013672,25.006529,0.05341979,0.595362,0.85580444,1,1,0,0.0021362305,0.023803711,25.013672,61,33,1,0,255,2,0,1782507968.0096421,135
25.02954,25.022339,0.0015272424,0.6003214,0.87509155,1,1,0,6.1035156e-05,0.023986816,25.029541,61,33,1,0,255,2,0,1782507968.0096421,135
25.031004,25.019346,0.01068942,0.7637671,0.6423645,1,2,0,0.0004272461,0.030517578,25.031006,24,34,0,0,255,2,0,1782507968.1101315,136
25.026125,25.01822,0.32374015,0.5391564,0.7732544,1,1,0,0.012939453,0.02154541,25.026123,26,34,0,0,255,2,0,1782507968.1101315,136
25.032715,25.025429,0.2718934,0.53929836,0.94577026,1,1,0,0.010864258,0.02154541,25.032715,26,34,0,0,255,2,0,1782507968.1101315,136
25.035154,25.024414,0.20925443,0.702799,1.1020813,1,1,0,0.008361816,0.028076172,25.035156,27,34,1,0,255,2,0,1782507968.1101315,136
25.021484,25.015066,0.3160641,0.4703469,0.8024597,1,1,0,0.012634277,0.018798828,25.021484,29,34,1,0,255,2,0,1782507968.1101315,136
25.01465,25.008835,0.26408014,0.4702184,0.8599243,1,1,0,0.010559082,0.018798828,25.014648,29,34,1,0,255,2,0,1782507968.1101315,136
25.018068,25.012747,0.2122104,0.47028264,0.8127136,1,1,0,0.008483887,0.018798828,25.018066,29,34,1,0,255,2,0,1782507968.1101315,136
25.009766,25.005287,0.05494334,0.47012663,0.97598267,1,1,0,0.0021972656,0.018798828,25.009766,29,34,1,0,255,2,0,1782507968.1101315,136
25.02295,25.018528,0.0015270098,0.47037444,0.7107544,1,1,0,6.1035156e-05,0.018798828,25.02295,29,34,1,0,255,2,0,1782507968.1101315,136
25.030031,25.027088,0.061101414,0.37885803,0.71691895,1,1,0,0.0024414062,0.015136719,25.03003,60,34,0,0,255,2,0,1782507968.1101315,136
25.01831,25.00911,0.3663706,0.5710471,0.69226074,1,1,0,0.0146484375,0.022827148,25.01831,61,34,1,0,255,2,0,1782507968.1101315,136
25.025145,25.016542,0.31455562,0.57578415,0.7312927,1,1,0,0.012573242,0.023010254,25.025146,61,34,1,0,255,2,0,1782507968.1101315,136
25.031738,25.023678,0.26118192,0.57899064,0.77752686,1,1,0,0.010437012,0.023132324,25.031738,61,34,1,0,255,2,0,1782507968.1101315,136
25.01831,25.010635,0.20913921,0.5832598,0.6121521,1,1,0,0.008361816,0.02331543,25.01831,61,34,1,0,255,2,0,1782507968.1101315,136
25.02417,25.016973,0.10383081,0.5910311,1.0220642,1,1,0,0.0041503906,0.023620605,25.02417,61,34,1,0,255,2,0,1782507968.1101315,136
25.031004,25.017227,0.32220012,0.7652942,0.9379883,1,1,0,0.012878418,0.030578613,25.031006,24,35,0,0,255,2,0,1782507968.2101595,137
25.019775,25.006618,0.27016255,0.7649508,0.97592163,1,1,0,0.010803223,0.030578613,25.019775,24,35,0,0,255,2,0,1782507968.2101595,137
25.03003,25.017784,0.16491453,0.76526433,0.673584,1,1,0,0.006591797,0.030578613,25.03003,24,35,0,0,255,2,0,1782507968.2101595,137
25.03003,25.018373,0.007635002,0.7637373,0.7568054,1,2,0,0.00030517578,0.030517578,25.03003,24,35,0,0,255,2,0,1782507968.2101595,137
25.032228,25.024323,0.3238191,0.53928787,0.83654785,1,1,0,0.012939453,0.02154541,25.032227,26,35,0,0,255,2,0,1782507968.2101595,137
25.028076,25.021748,0.16646793,0.5376712,1.1096191,1,1,0,0.006652832,0.021484375,25.028076,26,35,0,0,255,2,0,1782507968.2101595,137
25.031494,25.025642,0.061097883,0.53774464,0.69003296,1,1,0,0.0024414062,0.021484375,25.031494,26,35,0,0,255,2,0,1782507968.2101595,137
25.03418,25.02295,0.26117432,0.7027716,0.92440796,1,1,0,0.010437012,0.028076172,25.03418,27,35,1,0,255,2,0,1782507968.2101595,137
25.032957,25.022598,0.15730968,0.70273733,0.7970276,1,1,0,0.006286621,0.028076172,25.032959,27,35,1,0,255,2,0,1782507968.2101595,137
25.02417,25.019691,0.05344791,0.47039738,1.1523743,1,1,0,0.0021362305,0.018798828,25.02417,29,35,1,0,255,2,0,1782507968.2101595,137
25.032715,25.02904,0.21998747,0.36820474,0.9162903,1,1,0,0.0087890625,0.014709473,25.032715,60,35,0,0,255,2,0,1782507968.2101595,137
25.025146,25.02183,0.16799577,0.37114793,0.82702637,1,1,0,0.006713867,0.014831543,25.025146,60,35,0,0,255,2,0,1782507968.2101595,137
25.031736,25.028797,0.010693457,0.38346684,0.9206238,1,1,0,0.0004272461,0.015319824,25.031738,60,35,0,0,255,2,0,1782507968.2101595,137
25.013672,25.005568,0.26251927,0.5800991,0.7029114,1,1,0,0.010498047,0.02319336,25.013672,61,35,1,0,255,2,0,1782507968.2101595,137
25.014648,25.006962,0.2106349,0.58317447,0.71832275,1,1,0,0.008422852,0.02331543,25.014648,61,35,1,0,255,2,0,1782507968.2101595,137
25.025146,25.017742,0.15727915,0.5880002,0.6850891,1,1,0,0.006286621,0.023498535,25.025146,61,35,1,0,255,2,0,1782507968.2101595,137
25.02954,25.022335,0.105380334,0.591158,0.6850891,1,1,0,0.004211426,0.023620605,25.029541,61,35,1,0,255,2,0,1782507968.2101595,137
25.029541,25.022392,0.053453676,0.59573966,0.72720337,1,1,0,0.0021362305,0.023803711,25.029541,61,35,1,0,255,2,0,1782507968.2101595,137
25.026365,25.019203,-0.0,0.5987182,0.7610779,1,1,0,-0.0,0.023925781,25.026367,61,35,1,0,255,2,0,1782507968.2101595,137
25.016846,25.004967,0.31441006,0.7038113,0.93481445,1,1,0,0.012573242,0.028137207,25.016846,27,36,1,0,255,2,0,1782507968.3099856,138
25.028074,25.024414,0.21841931,0.36813653,0.8807678,1,1,0,0.008728027,0.014709473,25.028076,60,36,0,0,255,2,0,1782507968.3099856,138
25.01831,25.015373,0.0076340865,0.38326114,0.94299316,1,1,0,0.00030517578,0.015319824,25.01831,60,36,0,0,255,2,0,1782507968.3099856,138
25.02295,25.013746,0.3664385,0.571153,0.69021606,1,1,0,0.0146484375,0.022827148,25.02295,61,36,1,0,255,2,0,1782507968.3099856,138
25.027342,25.019283,0.26113605,0.57888895,0.8586731,1,1,0,0.010437012,0.023132324,25.027344,61,36,1,0,255,2,0,1782507968.3099856,138
25.025145,25.017788,0.1557524,0.58647317,0.7836914,1,1,0,0.006225586,0.0234375,25.025146,61,36,1,0,255,2,0,1782507968.3099856,138
25.035156,25.027958,0.1038764,0.5912906,0.88742065,1,1,0,0.0041503906,0.023620605,25.035156,61,36,1,0,255,2,0,1782507968.3099856,138
25.02295,25.015844,0.050385986,0.59405595,0.68917847,1,1,0,0.0020141602,0.023742676,25.02295,61,36,1,0,255,2,0,1782507968.3099856,138
25.025146,25.017984,-0.0015269766,0.598689,0.69433594,1,1,0,-6.1035156e-05,0.023925781,25.025146,61,36,1,0,255,2,0,1782507968.3099856,138
25.027096,25.013243,0.3282566,0.76517475,0.620697,1,1,0,0.013122559,0.030578613,25.0271,24,37,0,0,255,2,0,1782507968.409777,139
25.035156,25.021942,0.27491033,0.7654211,0.9015808,1,1,0,0.010986328,0.030578613,25.035156,24,37,0,0,255,2,0,1782507968.409777,139
25.031248,25.018553,0.22294955,0.76530164,0.72125244,1,2,0,0.008911133,0.030578613,25.03125,24,37,0,0,255,2,0,1782507968.409777,139
25.021238,25.008968,0.16943592,0.76499563,0.7533264,1,2,0,0.0067749023,0.030578613,25.02124,24,37,0,0,255,2,0,1782507968.409777,139
25.028074,25.016098,0.1175692,0.7652046,0.7507324,1,2,0,0.004699707,0.030578613,25.028076,24,37,0,0,255,2,0,1782507968.409777,139
25.0271,25.015312,0.06565313,0.76517475,0.48025513,1,2,0,0.0026245117,0.030578613,25.0271,24,37,0,0,255,2,0,1782507968.409777,139
25.027098,25.015442,0.012214572,0.7636479,0.602478,1,2,0,0.00048828125,0.030517578,25.0271,24,37,0,0,255,2,0,1782507968.409777,139
25.033447,25.027401,0.11609473,0.5377866,0.95706177,1,1,0,0.004638672,0.021484375,25.033447,26,37,0,0,255,2,0,1782507968.409777,139
25.026367,25.016504,0.0015268862,0.70255226,0.70666504,1,1,0,6.1035156e-05,0.028076172,25.026367,27,37,1,0,255,2,0,1782507968.409777,139
25.018312,25.013866,0.051908735,0.4687605,0.6974182,1,1,0,0.0020751953,0.018737793,25.01831,29,37,1,0,255,2,0,1782507968.409777,139
25.031982,25.028687,0.1649864,0.37124932,0.70651245,1,1,0,0.006591797,0.014831543,25.031982,60,37,0,0,255,2,0,1782507968.409777,139
25.031252,25.028309,0.061104394,0.3788765,0.7403259,1,1,0,0.0024414062,0.015136719,25.03125,60,37,0,0,255,2,0,1782507968.409777,139
25.02954,25.02148,0.261159,0.5789398,0.81347656,1,1,0,0.010437012,0.023132324,25.029541,61,37,1,0,255,2,0,1782507968.409777,139
25.022459,25.014797,0.20764714,0.58335656,0.8640137,1,1,0,0.008300781,0.02331543,25.02246,61,37,1,0,255,2,0,1782507968.409777,139
25.018066,25.010963,0.050376154,0.59394,0.8147583,1,1,0,0.0020141602,0.023742676,25.018066,61,37,1,0,255,2,0,1782507968.409777,139
25.03003,25.023298,0.21840958,0.53771317,0.71951294,1,1,0,0.008728027,0.021484375,25.03003,26,38,0,0,255,2,0,1782507968.509603,140
25.029053,25.023308,0.007636508,0.5361649,0.9336548,1,1,0,0.00030517578,0.02142334,25.029053,26,38,0,0,255,2,0,1782507968.509603,140
25.018066,25.00625,0.31289968,0.70231926,0.78604126,1,1,0,0.012512207,0.028076172,25.018066,27,38,1,0,255,2,0,1782507968.509603,140
25.021729,25.011005,0.20761566,0.7024221,0.89974976,1,1,0,0.008300781,0.028076172,25.021729,27,38,1,0,255,2,0,1782507968.509603,140
25.018309,25.008492,-0.0015263972,0.7007997,0.6481018,1,1,0,-6.1035156e-05,0.028015137,25.01831,27,38,1,0,255,2,0,1782507968.509603,140
25.02295,25.015821,0.36799607,0.47037444,0.85043335,1,1,0,0.014709473,0.018798828,25.02295,29,38,1,0,255,2,0,1782507968.509603,140
25.028564,25.023647,0.15731627,0.47048,0.8093567,1,1,0,0.006286621,0.018798828,25.028564,29,38,1,0,255,2,0,1782507968.509603,140
25.019533,25.01489,0.105348974,0.47031018,0.7600708,1,1,0,0.004211426,0.018798828,25.019531,29,38,1,0,255,2,0,1782507968.509603,140
25.029541,25.025148,-0.0,0.4689709,0.8175659,1,1,0,-0.0,0.018737793,25.029541,29,38,1,0,255,2,0,1782507968.509603,140
25.032227,25.029327,0.06263456,0.37583596,0.7845459,1,1,0,0.0025024414,0.015014648,25.032227,60,38,0,0,255,2,0,1782507968.509603,140
25.032227,25.029356,0.010693696,0.3788913,0.8955078,1,1,0,0.0004272461,0.015136719,25.032227,60,38,0,0,255,2,0,1782507968.509603,140
25.013674,25.00452,0.36782983,0.5678886,0.7716675,1,1,0,0.014709473,0.022705078,25.013672,61,38,1,0,255,2,0,1782507968.509603,140
25.014648,25.006649,0.2625306,0.5755426,0.7501221,1,1,0,0.010498047,0.023010254,25.014648,61,38,1,0,255,2,0,1782507968.509603,140
25.019531,25.011915,0.21067663,0.58023494,0.6830139,1,1,0,0.008422852,0.02319336,25.019531,61,38,1,0,255,2,0,1782507968.509603,140
25.014648,25.007355,0.15721384,0.58317447,0.7942505,1,1,0,0.006286621,0.02331543,25.014648,61,38,1,0,255,2,0,1782507968.509603,140
25.02295,25.01582,0.105352886,0.58794856,0.7241211,1,1,0,0.004211426,0.023498535,25.02295,61,38,1,0,255,2,0,1782507968.509603,140
25.02295,25.015911,0.053439833,0.5910023,0.69021606,1,1,0,0.0021362305,0.023620605,25.02295,61,38,1,0,255,2,0,1782507968.509603,140
25.031979,25.018164,0.3252667,0.76532406,0.7810669,1,1,0,0.013000488,0.030578613,25.031982,24,39,0,0,255,2,0,1782507968.610109,141
25.031979,25.019312,0.21990198,0.76532406,0.8027344,1,2,0,0.0087890625,0.030578613,25.031982,24,39,0,0,255,2,0,1782507968.610109,141
25.031006,25.019272,0.0626094,0.7637671,0.43777466,1,2,0,0.0025024414,0.030517578,25.031006,24,39,0,0,255,2,0,1782507968.610109,141
25.03418,25.02252,0.010690776,0.763864,0.7940674,1,2,0,0.0004272461,0.030517578,25.03418,24,39,0,0,255,2,0,1782507968.610109,141
25.033203,25.026861,0.16802955,0.53778136,0.8807678,1,1,0,0.006713867,0.021484375,25.033203,26,39,0,0,255,2,0,1782507968.610109,141
25.026367,25.013798,0.3679663,0.70255226,0.76623535,1,1,0,0.014709473,0.028076172,25.026367,27,39,1,0,255,2,0,1782507968.610109,141
25.025146,25.015062,0.1053497,0.70251805,0.73028564,1,1,0,0.004211426,0.028076172,25.025146,27,39,1,0,255,2,0,1782507968.610109,141
25.029541,25.019619,0.053447753,0.70264137,0.78778076,1,1,0,0.0021362305,0.028076172,25.029541,27,39,1,0,255,2,0,1782507968.610109,141
25.020262,25.014479,0.2610859,0.47032395,0.9871521,1,1,0,0.010437012,0.018798828,25.020264,29,39,1,0,255,2,0,1782507968.610109,141
25.015871,25.010965,0.15570992,0.47024134,0.8989258,1,1,0,0.006225586,0.018798828,25.01587,29,39,1,0,255,2,0,1782507968.610109,141
25.034182,25.031284,0.06111166,0.37586528,0.94403076,1,1,0,0.0024414062,0.015014648,25.03418,60,39,0,0,255,2,0,1782507968.610109,141
25.032713,25.029821,0.009166195,0.3804264,0.7767334,1,1,0,0.00036621094,0.015197754,25.032715,60,39,0,0,255,2,0,1782507968.610109,141
25.018066,25.0089,0.36636752,0.56951493,0.86813354,1,1,0,0.0146484375,0.022766113,25.018066,61,39,1,0,255,2,0,1782507968.610109,141
25.01831,25.0098,0.3129441,0.57257366,0.66967773,1,1,0,0.012512207,0.022888184,25.01831,61,39,1,0,255,2,0,1782507968.610109,141
25.020264,25.012278,0.26106292,0.5756718,0.90097046,1,1,0,0.010437012,0.023010254,25.020264,61,39,1,0,255,2,0,1782507968.610109,141
25.012451,25.005133,0.15567362,0.58464944,0.7685852,1,1,0,0.006225586,0.023376465,25.012451,61,39,1,0,255,2,0,1782507968.610109,141
25.016846,25.009724,0.103800714,0.58780515,0.8291321,1,1,0,0.0041503906,0.023498535,25.016846,61,39,1,0,255,2,0,1782507968.610109,141
25.02246,25.015392,0.0519119,0.59251755,0.93585205,1,1,0,0.0020751953,0.02368164,25.02246,61,39,1,0,255,2,0,1782507968.610109,141
25.017332,25.010246,-0.0015265043,0.59544915,0.6203613,1,1,0,-6.1035156e-05,0.023803711,25.017334,61,39,1,0,255,2,0,1782507968.610109,141
25.028074,25.01642,0.009161288,0.7636777,0.3918457,1,2,0,0.00036621094,0.030517578,25.028076,24,40,0,0,255,2,0,1782507968.7101192,142
25.010742,25.004715,0.11293711,0.53729886,1.0884705,1,1,0,0.0045166016,0.021484375,25.010742,26,40,0,0,255,2,0,1782507968.7101192,142
25.018312,25.00709,0.26100877,0.7023261,0.69433594,1,1,0,0.010437012,0.028076172,25.01831,27,40,1,0,255,2,0,1782507968.7101192,142
25.015871,25.010073,0.26256654,0.47024134,0.78704834,1,1,0,0.010498047,0.018798828,25.01587,29,40,1,0,255,2,0,1782507968.7101192,142
25.030764,25.025454,0.21079066,0.4705213,0.6604309,1,1,0,0.008422852,0.018798828,25.030762,29,40,1,0,255,2,0,1782507968.7101192,142
25.017336,25.012693,0.10533972,0.47026888,0.6398926,1,1,0,0.004211426,0.018798828,25.017334,29,40,1,0,255,2,0,1782507968.7101192,142
25.020752,25.016273,0.053440608,0.47033313,0.6850891,1,1,0,0.0021362305,0.018798828,25.020752,29,40,1,0,255,2,0,1782507968.7101192,142
25.031982,25.028967,0.11457433,0.37124932,0.8009949,1,1,0,0.0045776367,0.014831543,25.031982,60,40,0,0,255,2,0,1782507968.7101192,142
25.016602,25.013725,0.06259552,0.37407467,0.90057373,1,1,0,0.0025024414,0.014953613,25.016602,60,40,0,0,255,2,0,1782507968.7101192,142
25.027344,25.01934,0.26266384,0.57583475,0.76416016,1,1,0,0.010498047,0.023010254,25.027344,61,40,1,0,255,2,0,1782507968.7101192,142
25.031738,25.024155,0.21077971,0.57899064,1.0856628,1,1,0,0.008422852,0.023132324,25.031738,61,40,1,0,255,2,0,1782507968.7101192,142
25.031734,25.02464,0.105390035,0.58662766,0.81140137,1,1,0,0.004211426,0.0234375,25.031738,61,40,1,0,255,2,0,1782507968.7101192,142
25.023926,25.016872,-0.0,0.59407914,0.81140137,1,1,0,-0.0,0.023742676,25.023926,61,40,1,0,255,2,0,1782507968.7101192,142
25.030031,25.016819,0.27485403,0.76526433,0.7585144,1,1,0,0.010986328,0.030578613,25.03003,24,41,0,0,255,2,0,1782507968.8098364,143
25.031982,25.020058,0.11606067,0.7637969,1.0012512,1,1,0,0.004638672,0.030517578,25.031982,24,41,0,0,255,2,0,1782507968.8098364,143
25.027098,25.015364,0.06412644,0.7636479,0.6154785,1,2,0,0.0025634766,0.030517578,25.0271,24,41,0,0,255,2,0,1782507968.8098364,143
25.032225,25.020567,0.012217075,0.7638044,0.7975464,1,2,0,0.00048828125,0.030517578,25.032227,24,41,0,0,255,2,0,1782507968.8098364,143
25.026125,25.020079,0.11606076,0.53762925,0.86602783,1,1,0,0.004638672,0.021484375,25.026123,26,41,0,0,255,2,0,1782507968.8098364,143
25.03003,25.02417,0.064149015,0.53771317,0.7715454,1,1,0,0.0025634766,0.021484375,25.03003,26,41,0,0,255,2,0,1782507968.8098364,143
25.032225,25.026445,0.010692453,0.5377604,0.8105469,1,1,0,0.0004272461,0.021484375,25.032227,26,41,0,0,255,2,0,1782507968.8098364,143
25.029541,25.01824,0.26417947,0.70416844,0.8216858,1,1,0,0.010559082,0.028137207,25.029541,27,41,1,0,255,2,0,1782507968.8098364,143
25.018312,25.007948,0.15874398,0.7023261,0.75183105,1,1,0,0.0063476562,0.028076172,25.01831,27,41,1,0,255,2,0,1782507968.8098364,143
25.030762,25.020897,0.0015271544,0.70267564,0.7713623,1,1,0,6.1035156e-05,0.028076172,25.030762,27,41,1,0,255,2,0,1782507968.8098364,143
25.020264,25.015871,-0.0015268476,0.46879706,0.782959,1,1,0,-6.1035156e-05,0.018737793,25.020264,29,41,1,0,255,2,0,1782507968.8098364,143
25.031982,25.028708,0.16498654,0.36972165,0.71606445,1,1,0,0.006591797,0.014770508,25.031982,60,41,0,0,255,2,0,1782507968.8098364,143
25.027098,25.024075,0.111497164,0.37270427,0.71343994,1,1,0,0.0044555664,0.014892578,25.0271,60,41,0,0,255,2,0,1782507968.8098364,143
25.031002,25.028088,0.05957625,0.37734523,1.0012512,1,1,0,0.002380371,0.015075684,25.031006,60,41,0,0,255,2,0,1782507968.8098364,143
25.028563,25.020033,0.31154484,0.57433563,0.8340149,1,1,0,0.012451172,0.022949219,25.028564,61,41,1,0,255,2,0,1782507968.8098364,143
25.028564,25.020557,0.25962204,0.57739,0.81140137,1,1,0,0.010375977,0.023071289,25.028564,61,41,1,0,255,2,0,1782507968.8098364,143
25.02295,25.015322,0.2076515,0.5818411,0.7579956,1,1,0,0.008300781,0.023254395,25.02295,61,41,1,0,255,2,0,1782507968.8098364,143
25.016844,25.009535,0.15417449,0.58475214,0.8045044,1,1,0,0.006164551,0.023376465,25.016846,61,41,1,0,255,2,0,1782507968.8098364,143
25.026371,25.019215,0.102313034,0.5895559,0.829895,1,1,0,0.0040893555,0.02355957,25.026367,61,41,1,0,255,2,0,1782507968.8098364,143
25.015871,25.008808,0.048845388,0.59236145,0.7337036,1,1,0,0.001953125,0.02368164,25.01587,61,41,1,0,255,2,0,1782507968.8098364,143
25.021484,25.014359,-0.0030535106,0.5970747,0.9091797,1,1,0,-0.00012207031,0.023864746,25.021484,61,41,1,0,255,2,0,1782507968.8098364,143
25.033201,25.020039,0.27030757,0.76536137,0.72473145,1,2,0,0.010803223,0.030578613,25.033203,24,42,0,0,255,2,0,1782507968.9094963,144
25.033936,25.027594,0.16803446,0.5377971,0.9145813,1,1,0,0.006713867,0.021484375,25.033936,26,42,0,0,255,2,0,1782507968.9094963,144
25.012453,25.002373,0.105296254,0.7021616,0.6577759,1,1,0,0.004211426,0.028076172,25.012451,27,42,1,0,255,2,0,1782507968.9094963,144
25.016846,25.006987,-0.0,0.702285,0.94918823,1,1,0,-0.0,0.028076172,25.016846,27,42,1,0,255,2,0,1782507968.9094963,144
25.031738,25.025936,0.2627331,0.47053966,0.8483887,1,1,0,0.010498047,0.018798828,25.031738,29,42,1,0,255,2,0,1782507968.9094963,144
25.020262,25.015347,0.15726408,0.47032395,0.8188782,1,1,0,0.006286621,0.018798828,25.020264,29,42,1,0,255,2,0,1782507968.9094963,144
25.019531,25.01664,0.009161368,0.38022605,1.0443115,1,1,0,0.00036621094,0.015197754,25.019531,60,42,0,0,255,2,0,1782507968.9094963,144
25.032957,25.023787,0.3665856,0.56985396,0.97369385,1,1,0,0.0146484375,0.022766113,25.032959,61,42,1,0,255,2,0,1782507968.9094963,144
25.031492,25.01885,0.2168436,0.7653091,0.7307739,1,1,0,0.008666992,0.030578613,25.031494,24,43,0,0,255,2,0,1782507969.0100908,145
25.031006,25.018806,0.16492127,0.7637671,0.71865845,1,2,0,0.006591797,0.030517578,25.031006,24,43,0,0,255,2,0,1782507969.0100908,145
25.027098,25.015196,0.11145761,0.7636479,0.82006836,1,1,0,0.0044555664,0.030517578,25.0271,24,43,0,0,255,2,0,1782507969.0100908,145
25.032469,25.020742,0.059558768,0.7638118,0.71951294,1,2,0,0.002380371,0.030517578,25.03247,24,43,0,0,255,2,0,1782507969.0100908,145
25.0271,25.015446,0.0061072866,0.7636479,0.72732544,1,2,0,0.00024414062,0.030517578,25.0271,24,43,0,0,255,2,0,1782507969.0100908,145
25.03418,25.027449,0.21844581,0.53780234,0.9076233,1,1,0,0.008728027,0.021484375,25.03418,26,43,0,0,255,2,0,1782507969.0100908,145
25.02905,25.023201,0.061091922,0.5376922,0.6744385,1,1,0,0.0024414062,0.021484375,25.029053,26,43,0,0,255,2,0,1782507969.0100908,145
25.019285,25.009426,-0.0,0.70235354,0.7839966,1,1,0,-0.0,0.028076172,25.019287,27,43,1,0,255,2,0,1782507969.0100908,145
25.017334,25.010918,0.3160117,0.47026888,0.6378479,1,1,0,0.012634277,0.018798828,25.017334,29,43,1,0,255,2,0,1782507969.0100908,145
25.013674,25.007875,0.26254347,0.47020003,0.70599365,1,1,0,0.010498047,0.018798828,25.013672,29,43,1,0,255,2,0,1782507969.0100908,145
25.008059,25.003582,0.053413495,0.4700945,0.6782837,1,1,0,0.0021362305,0.018798828,25.008057,29,43,1,0,255,2,0,1782507969.0100908,145
25.021729,25.017307,-0.0,0.4703515,0.6974182,1,1,0,-0.0,0.018798828,25.021729,29,43,1,0,255,2,0,1782507969.0100908,145
25.03247,25.029205,0.1634621,0.36972886,0.73599243,1,1,0,0.0065307617,0.014770508,25.03247,60,43,0,0,255,2,0,1782507969.0100908,145
25.019773,25.016727,0.11146443,0.3741221,0.8477478,1,1,0,0.0044555664,0.014953613,25.019775,60,43,0,0,255,2,0,1782507969.0100908,145
25.020996,25.018063,0.058025394,0.3787213,0.9049072,1,1,0,0.002319336,0.015136719,25.020996,60,43,0,0,255,2,0,1782507969.0100908,145
25.014648,25.011736,0.006106381,0.38167843,1.0313416,1,1,0,0.00024414062,0.015258789,25.014648,60,43,0,0,255,2,0,1782507969.0100908,145
25.01831,25.009785,0.31141722,0.5741003,0.6368103,1,1,0,0.012451172,0.022949219,25.01831,61,43,1,0,255,2,0,1782507969.0100908,145
25.021729,25.013702,0.25802404,0.5787591,0.67993164,1,1,0,0.010314941,0.023132324,25.021729,61,43,1,0,255,2,0,1782507969.0100908,145
25.022459,25.014845,0.20612065,0.5818297,0.8517151,1,1,0,0.008239746,0.023254395,25.02246,61,43,1,0,255,2,0,1782507969.0100908,145
25.026367,25.019018,0.15423296,0.5865018,0.7241211,1,1,0,0.006164551,0.0234375,25.026367,61,43,1,0,255,2,0,1782507969.0100908,145
25.036377,25.029226,0.100826286,0.5897917,1.1483154,1,1,0,0.0040283203,0.02355957,25.036377,61,43,1,0,255,2,0,1782507969.0100908,145
25.021727,25.014627,0.048856754,0.5940269,0.84017944,1,1,0,0.001953125,0.023742676,25.021729,61,43,1,0,255,2,0,1782507969.0100908,145
25.030762,25.023634,-0.0030546428,0.59729606,0.8792114,1,1,0,-0.00012207031,0.023864746,25.030762,61,43,1,0,255,2,0,1782507969.0100908,145
25.02905,25.017088,0.11451995,0.7652345,0.3944397,1,2,0,0.0045776367,0.030578613,25.029053,24,44,0,0,255,2,0,1782507969.1102195,146
25.020264,25.00854,0.061056126,0.76343936,0.41262817,1,2,0,0.0024414062,0.030517578,25.020264,24,44,0,0,255,2,0,1782507969.1102195,146
25.033203,25.025291,0.326887,0.53778136,0.6683655,1,1,0,0.013061523,0.021484375,25.033203,26,44,0,0,255,2,0,1782507969.1102195,146
25.033936,25.026648,0.27496204,0.5377971,0.97177124,1,1,0,0.010986328,0.021484375,25.033936,26,44,0,0,255,2,0,1782507969.1102195,146
25.025146,25.019094,0.11758328,0.53760827,0.8894348,1,1,0,0.004699707,0.021484375,25.025146,26,44,0,0,255,2,0,1782507969.1102195,146
25.031004,25.025225,0.012219349,0.53773415,0.69610596,1,1,0,0.00048828125,0.021484375,25.031006,26,44,0,0,255,2,0,1782507969.1102195,146
25.01831,25.006435,0.31748158,0.7023261,0.65426636,1,1,0,0.0126953125,0.028076172,25.01831,27,44,1,0,255,2,0,1782507969.1102195,146
25.026367,25.01511,0.26414642,0.70255226,0.7189636,1,1,0,0.010559082,0.028076172,25.026367,27,44,1,0,255,2,0,1782507969.1102195,146
25.034668,25.023901,0.21230504,0.7027853,0.8977051,1,1,0,0.008483887,0.028076172,25.034668,27,44,1,0,255,2,0,1782507969.1102195,146
25.016846,25.006472,0.16026096,0.702285,0.84555054,1,1,0,0.0064086914,0.028076172,25.016846,27,44,1,0,255,2,0,1782507969.1102195,146
25.029543,25.019617,0.054974828,0.70264137,1.0301819,1,1,0,0.0021972656,0.028076172,25.029541,27,44,1,0,255,2,0,1782507969.1102195,146
25.02075,25.014315,0.31758162,0.47033313,0.69021606,1,1,0,0.0126953125,0.018798828,25.020752,29,44,1,0,255,2,0,1782507969.1102195,146
25.014648,25.01,0.1068549,0.4702184,0.68136597,1,1,0,0.004272461,0.018798828,25.014648,29,44,1,0,255,2,0,1782507969.1102195,146
25.03174,25.027256,0.054991614,0.47053966,0.77853394,1,1,0,0.0021972656,0.018798828,25.031738,29,44,1,0,255,2,0,1782507969.1102195,146
25.0271,25.023813,0.16342689,0.3711769,0.83047485,1,1,0,0.0065307617,0.014831543,25.0271,60,44,0,0,255,2,0,1782507969.1102195,146
25.03003,25.026958,0.111510016,0.37580296,0.7507324,1,1,0,0.0044555664,0.015014648,25.03003,60,44,0,0,255,2,0,1782507969.1102195,146
25.025145,25.022207,0.059562255,0.37878412,0.72732544,1,1,0,0.002380371,0.015136719,25.025146,60,44,0,0,255,2,0,1782507969.1102195,146
25.031984,25.029045,0.0061106067,0.3834706,0.8009949,1,1,0,0.00024414062,0.015319824,25.031982,60,44,0,0,255,2,0,1782507969.1102195,146
25.025145,25.015951,0.36341643,0.5727301,0.7189636,1,1,0,0.014526367,0.022888184,25.025146,61,44,1,0,255,2,0,1782507969.1102195,146
25.025146,25.016582,0.31150186,0.57578415,0.7600708,1,1,0,0.012451172,0.023010254,25.025146,61,44,1,0,255,2,0,1782507969.1102195,146
25.031738,25.023695,0.25965458,0.57899064,0.8422241,1,1,0,0.010375977,0.023132324,25.031738,61,44,1,0,255,2,0,1782507969.1102195,146
25.02954,25.021887,0.20617868,0.58352166,0.7846985,1,1,0,0.008239746,0.02331543,25.029541,61,44,1,0,255,2,0,1782507969.1102195,146
25.023926,25.016542,0.15421769,0.5879715,0.7210388,1,1,0,0.006164551,0.023498535,25.023926,61,44,1,0,255,2,0,1782507969.1102195,146
25.023682,25.016493,0.1023019,0.5910196,0.9399719,1,1,0,0.0040893555,0.023620605,25.023682,61,44,1,0,255,2,0,1782507969.1102195,146
25.027342,25.02024,0.048867717,0.59416026,0.69226074,1,1,0,0.001953125,0.023742676,25.027344,61,44,1,0,255,2,0,1782507969.1102195,146
25.023926,25.016764,-0.0030538042,0.5986598,0.8483887,1,1,0,-0.00012207031,0.023925781,25.023926,61,44,1,0,255,2,0,1782507969.1102195,146
25.03003,25.016851,0.27180022,0.76526433,0.623291,1,2,0,0.010864258,0.030578613,25.03003,24,45,0,0,255,2,0,1782507969.2098675,147
25.014648,25.00675,0.3235917,0.53890914,0.87719727,1,1,0,0.012939453,0.02154541,25.014648,26,45,0,0,255,2,0,1782507969.2098675,147
25.021727,25.015,0.21833715,0.53753483,1.1023254,1,1,0,0.008728027,0.021484375,25.021729,26,45,0,0,255,2,0,1782507969.2098675,147
25.023926,25.016865,0.36342973,0.4703928,0.6737976,1,1,0,0.014526367,0.018798828,25.023926,29,45,1,0,255,2,0,1782507969.2098675,147
25.026367,25.0206,0.25962245,0.4704387,0.7425842,1,1,0,0.010375977,0.018798828,25.026367,29,45,1,0,255,2,0,1782507969.2098675,147
25.02075,25.01548,0.20612589,0.47033313,0.7220459,1,1,0,0.008239746,0.018798828,25.020752,29,45,1,0,255,2,0,1782507969.2098675,147
25.029541,25.025148,-0.0030548277,0.4689709,0.7569885,1,1,0,-0.00012207031,0.018737793,25.029541,29,45,1,0,255,2,0,1782507969.2098675,147
25.031982,25.028952,0.11304657,0.372777,0.85128784,1,1,0,0.0045166016,0.014892578,25.031982,60,45,0,0,255,2,0,1782507969.2098675,147
25.019531,25.01664,0.007634473,0.38022605,0.8546753,1,1,0,0.00030517578,0.015197754,25.019531,60,45,0,0,255,2,0,1782507969.2098675,147
25.018066,25.009521,0.31294063,0.5740947,0.74191284,1,1,0,0.012512207,0.022949219,25.018066,61,45,1,0,255,2,0,1782507969.2098675,147
25.021486,25.013464,0.2610753,0.5772267,0.8291321,1,1,0,0.010437012,0.023071289,25.021484,61,45,1,0,255,2,0,1782507969.2098675,147
25.027344,25.020275,0.05039491,0.5926332,0.68917847,1,1,0,0.0020141602,0.02368164,25.027344,61,45,1,0,255,2,0,1782507969.2098675,147
25.032959,25.019796,0.27030492,0.7653539,0.7602539,1,2,0,0.010803223,0.030578613,25.032959,24,46,0,0,255,2,0,1782507969.3096426,148
25.024168,25.012215,0.11297098,0.76508516,0.7507324,1,2,0,0.0045166016,0.030578613,25.02417,24,46,0,0,255,2,0,1782507969.3096426,148
25.033447,25.02167,0.061088182,0.7653688,0.623291,1,2,0,0.0024414062,0.030578613,25.033447,24,46,0,0,255,2,0,1782507969.3096426,148
25.031248,25.019592,0.007635374,0.7637746,0.68743896,1,2,0,0.00030517578,0.030517578,25.03125,24,46,0,0,255,2,0,1782507969.3096426,148
25.03003,25.023718,0.16342627,0.53771317,0.85302734,1,1,0,0.0065307617,0.021484375,25.03003,26,46,0,0,255,2,0,1782507969.3096426,148
25.028074,25.02205,0.11148815,0.5376712,0.6718445,1,1,0,0.0044555664,0.021484375,25.028076,26,46,0,0,255,2,0,1782507969.3096426,148
25.0271,25.021257,0.058032803,0.5376502,0.7698059,1,1,0,0.002319336,0.021484375,25.0271,26,46,0,0,255,2,0,1782507969.3096426,148
25.025146,25.013346,0.31146157,0.70251805,0.6881714,1,1,0,0.012451172,0.028076172,25.025146,27,46,1,0,255,2,0,1782507969.3096426,148
25.01831,25.007105,0.25948244,0.7023261,0.69226074,1,1,0,0.010375977,0.028076172,25.01831,27,46,1,0,255,2,0,1782507969.3096426,148
25.020264,25.009928,0.15417692,0.70238096,1.0682373,1,1,0,0.006164551,0.028076172,25.020264,27,46,1,0,255,2,0,1782507969.3096426,148
25.027344,25.017279,0.100778155,0.7025797,0.78778076,1,1,0,0.0040283203,0.028076172,25.027344,27,46,1,0,255,2,0,1782507969.3096426,148
25.035156,25.02529,-0.003054845,0.702799,1.1216125,1,1,0,-0.00012207031,0.028076172,25.035156,27,46,1,0,255,2,0,1782507969.3096426,148
25.030764,25.024994,0.25966805,0.4705213,0.70150757,1,1,0,0.010375977,0.018798828,25.030762,29,46,1,0,255,2,0,1782507969.3096426,148
25.027344,25.02206,0.20770743,0.47045705,0.75390625,1,1,0,0.008300781,0.018798828,25.027344,29,46,1,0,255,2,0,1782507969.3096426,148
25.031738,25.027315,-0.0015275461,0.47053966,0.70666504,1,1,0,-6.1035156e-05,0.018798828,25.031738,29,46,1,0,255,2,0,1782507969.3096426,148
25.03125,25.027967,0.16956463,0.3681832,1.0307312,1,1,0,0.0067749023,0.014709473,25.03125,60,46,0,0,255,2,0,1782507969.3096426,148
25.021975,25.018923,0.11758248,0.3726279,1.051239,1,1,0,0.004699707,0.014892578,25.021973,60,46,0,0,255,2,0,1782507969.3096426,148
25.019289,25.016386,0.06412906,0.37564167,1.0278625,1,1,0,0.0025634766,0.015014648,25.019287,60,46,0,0,255,2,0,1782507969.3096426,148
25.03198,25.029087,0.012221235,0.38041526,1.0012512,1,1,0,0.00048828125,0.015197754,25.031982,60,46,0,0,255,2,0,1782507969.3096426,148
25.020264,25.011694,0.31754833,0.57261837,0.839386,1,1,0,0.0126953125,0.022888184,25.020264,61,46,1,0,255,2,0,1782507969.3096426,148
25.017336,25.009706,0.21218462,0.58018404,0.64398193,1,1,0,0.008483887,0.02319336,25.017334,61,46,1,0,255,2,0,1782507969.3096426,148
25.023926,25.016788,0.106883906,0.5879715,0.7425842,1,1,0,0.004272461,0.023498535,25.023926,61,46,1,0,255,2,0,1782507969.3096426,148
25.023928,25.01685,0.05496875,0.59255224,0.750824,1,1,0,0.0021972656,0.02368164,25.023926,61,46,1,0,255,2,0,1782507969.3096426,148
25.025146,25.018057,0.003053962,0.5956351,0.7487488,1,1,0,0.00012207031,0.023803711,25.025146,61,46,1,0,255,2,0,1782507969.3096426,148
25.032713,25.020748,0.1145367,0.7653464,0.8027344,1,1,0,0.0045776367,0.030578613,25.032715,24,47,0,0,255,2,0,1782507969.4098215,149
25.032225,25.020449,0.0610852,0.7653315,0.6475525,1,2,0,0.0024414062,0.030578613,25.032227,24,47,0,0,255,2,0,1782507969.4098215,149
25.026121,25.014467,0.009160573,0.7636181,0.7325134,1,2,0,0.00036621094,0.030517578,25.026123,24,47,0,0,255,2,0,1782507969.4098215,149
25.02905,25.0212,0.3222513,0.5376922,0.7307739,1,1,0,0.012878418,0.021484375,25.029053,26,47,0,0,255,2,0,1782507969.4098215,149
25.02417,25.01695,0.26874712,0.5375873,0.71343994,1,1,0,0.0107421875,0.021484375,25.02417,26,47,0,0,255,2,0,1782507969.4098215,149
25.027344,25.017006,0.15422055,0.7025797,0.7867737,1,1,0,0.006164551,0.028076172,25.027344,27,47,1,0,255,2,0,1782507969.4098215,149
25.03418,25.024265,0.048875578,0.7027716,0.99938965,1,1,0,0.001953125,0.028076172,25.03418,27,47,1,0,255,2,0,1782507969.4098215,149
25.020264,25.010403,-0.0030530277,0.70238096,0.91122437,1,1,0,-0.00012207031,0.028076172,25.020264,27,47,1,0,255,2,0,1782507969.4098215,149
25.023926,25.018093,0.26570508,0.4703928,0.7477417,1,1,0,0.010620117,0.018798828,25.023926,29,47,1,0,255,2,0,1782507969.4098215,149
25.02295,25.018013,0.16033493,0.47037444,0.80319214,1,1,0,0.0064086914,0.018798828,25.02295,29,47,1,0,255,2,0,1782507969.4098215,149
25.026367,25.021717,0.10690496,0.4704387,0.6624756,1,1,0,0.004272461,0.018798828,25.026367,29,47,1,0,255,2,0,1782507969.4098215,149
25.015871,25.01139,0.054956753,0.47024134,0.7716675,1,1,0,0.0021972656,0.018798828,25.01587,29,47,1,0,255,2,0,1782507969.4098215,149
25.021484,25.017063,0.0030538407,0.4703469,0.8742981,1,1,0,0.00012207031,0.018798828,25.021484,29,47,1,0,255,2,0,1782507969.4098215,149
25.017334,25.014051,0.16641673,0.3695053,0.8295593,1,1,0,0.006652832,0.014770508,25.017334,60,47,0,0,255,2,0,1782507969.4098215,149
25.032225,25.029163,0.11457522,0.3743083,0.70217896,1,1,0,0.0045776367,0.014953613,25.032227,60,47,0,0,255,2,0,1782507969.4098215,149
25.031738,25.028822,0.009165829,0.38193917,0.84869385,1,1,0,0.00036621094,0.015258789,25.031738,60,47,0,0,255,2,0,1782507969.4098215,149
25.01953,25.010328,0.36638844,0.57107496,0.7846985,1,1,0,0.0146484375,0.022827148,25.019531,61,47,1,0,255,2,0,1782507969.4098215,149
25.025145,25.018019,-0.0015269787,0.59716207,0.7127991,1,1,0,-6.1035156e-05,0.023864746,25.025146,61,47,1,0,255,2,0,1782507969.4098215,149
25.031736,25.01796,0.32220957,0.7653166,0.86602783,1,1,0,0.012878418,0.030578613,25.031738,24,48,0,0,255,2,0,1782507969.5099504,150
25.032225,25.020569,0.007635672,0.7638044,0.67529297,1,2,0,0.00030517578,0.030517578,25.032227,24,48,0,0,255,2,0,1782507969.5099504,150
25.019775,25.01344,0.16793942,0.5374929,1.0244141,1,1,0,0.006713867,0.021484375,25.019775,26,48,0,0,255,2,0,1782507969.5099504,150
25.025146,25.019293,0.06260945,0.53760827,0.7914734,1,1,0,0.0025024414,0.021484375,25.025146,26,48,0,0,255,2,0,1782507969.5099504,150
25.028563,25.016703,0.31608477,0.70261395,0.7991028,1,1,0,0.012634277,0.028076172,25.028564,27,48,1,0,255,2,0,1782507969.5099504,150
25.018066,25.00732,0.21063793,0.70231926,0.86608887,1,1,0,0.008422852,0.028076172,25.018066,27,48,1,0,255,2,0,1782507969.5099504,150
25.023926,25.01356,0.1587796,0.7024838,0.7333679,1,1,0,0.0063476562,0.028076172,25.023926,27,48,1,0,255,2,0,1782507969.5099504,150
25.008059,25.002752,0.21059945,0.4700945,0.68444824,1,1,0,0.008422852,0.018798828,25.008057,29,48,1,0,255,2,0,1782507969.5099504,150
25.019289,25.01481,0.053437483,0.4703056,0.7655029,1,1,0,0.0021362305,0.018798828,25.019287,29,48,1,0,255,2,0,1782507969.5099504,150
25.032225,25.029303,0.0626345,0.37736362,0.68743896,1,1,0,0.0025024414,0.015075684,25.032227,60,48,0,0,255,2,0,1782507969.5099504,150
25.030027,25.027134,0.010692747,0.38038558,0.8009949,1,1,0,0.0004272461,0.015197754,25.03003,60,48,0,0,255,2,0,1782507969.5099504,150
25.021729,25.014112,0.21069513,0.5802859,0.6758423,1,1,0,0.008422852,0.02319336,25.021729,61,48,1,0,255,2,0,1782507969.5099504,150
25.02295,25.015783,0.10535273,0.5894754,0.64297485,1,1,0,0.004211426,0.02355957,25.02295,61,48,1,0,255,2,0,1782507969.5099504,150
25.013672,25.009253,-0.0,0.47020003,0.7655029,1,1,0,-0.0,0.018798828,25.013672,29,49,1,0,255,2,0,1782507969.610029,151
25.031006,25.02806,0.06263139,0.3788728,0.6865845,1,1,0,0.0025024414,0.015136719,25.031006,60,49,0,0,255,2,0,1782507969.610029,151
25.032225,25.029308,0.010693676,0.38194662,0.652771,1,1,0,0.0004272461,0.015258789,25.032227,60,49,0,0,255,2,0,1782507969.610029,151
25.03076,25.022137,0.31615344,0.57591337,0.7477417,1,1,0,0.012634277,0.023010254,25.030762,61,49,1,0,255,2,0,1782507969.610029,151
25.030762,25.022686,0.26269898,0.57896805,0.7836914,1,1,0,0.010498047,0.023132324,25.030762,61,49,1,0,255,2,0,1782507969.610029,151
25.031738,25.024048,0.21077882,0.58357286,0.81140137,1,1,0,0.008422852,0.02331543,25.031738,61,49,1,0,255,2,0,1782507969.610029,151
25.019285,25.011919,0.15724254,0.58633584,0.676239,1,1,0,0.006286621,0.0234375,25.019287,61,49,1,0,255,2,0,1782507969.610029,151
25.021486,25.014284,0.10534642,0.59096766,0.7685852,1,1,0,0.004211426,0.023620605,25.021484,61,49,1,0,255,2,0,1782507969.610029,151
25.020264,25.013153,0.05343394,0.5939922,0.8804321,1,1,0,0.0021362305,0.023742676,25.020264,61,49,1,0,255,2,0,1782507969.610029,151
25.03198,25.018204,0.3222127,0.76532406,0.7420654,1,1,0,0.012878418,0.030578613,25.031982,24,50,0,0,255,2,0,1782507969.709875,152
25.031248,25.018103,0.2687595,0.76530164,0.70391846,1,1,0,0.0107421875,0.030578613,25.03125,24,50,0,0,255,2,0,1782507969.709875,152
25.032225,25.020273,0.11148023,0.7653315,0.624176,1,2,0,0.0044555664,0.030578613,25.032227,24,50,0,0,255,2,0,1782507969.709875,152
25.027098,25.015373,0.059545986,0.7636479,0.59729004,1,2,0,0.002380371,0.030517578,25.0271,24,50,0,0,255,2,0,1782507969.709875,152
25.020264,25.008614,0.0061056186,0.76343936,0.42303467,1,2,0,0.00024414062,0.030517578,25.020264,24,50,0,0,255,2,0,1782507969.709875,152
25.021729,25.01388,0.322157,0.53753483,1.0477905,1,1,0,0.012878418,0.021484375,25.021729,26,50,0,0,255,2,0,1782507969.709875,152
25.033936,25.027218,0.21691613,0.5377971,0.83828735,1,1,0,0.008666992,0.021484375,25.033936,26,50,0,0,255,2,0,1782507969.709875,152
25.03198,25.026133,0.059571598,0.53775513,0.7958069,1,1,0,0.002380371,0.021484375,25.031982,26,50,0,0,255,2,0,1782507969.709875,152
25.032225,25.02648,0.007637476,0.5362329,0.81573486,1,1,0,0.00030517578,0.02142334,25.032227,26,50,0,0,255,2,0,1782507969.709875,152
25.023926,25.01136,0.36487666,0.7040105,0.7723999,1,1,0,0.014587402,0.028137207,25.023926,27,50,1,0,255,2,0,1782507969.709875,152
25.025146,25.013327,0.31298822,0.70251805,0.8175659,1,1,0,0.012512207,0.028076172,25.025146,27,50,1,0,255,2,0,1782507969.709875,152
25.027344,25.017273,0.10230509,0.7025797,0.7005005,1,1,0,0.0040893555,0.028076172,25.027344,27,50,1,0,255,2,0,1782507969.709875,152
25.016848,25.009766,0.3648534,0.4702597,0.8742981,1,1,0,0.014587402,0.018798828,25.016846,29,50,1,0,255,2,0,1782507969.709875,152
25.02173,25.01537,0.31148675,0.4703515,0.7477417,1,1,0,0.012451172,0.018798828,25.021729,29,50,1,0,255,2,0,1782507969.709875,152
25.034182,25.02841,0.25970352,0.47058555,0.92440796,1,1,0,0.010375977,0.018798828,25.03418,29,50,1,0,255,2,0,1782507969.709875,152
25.020264,25.01498,0.20764866,0.47032395,0.8229675,1,1,0,0.008300781,0.018798828,25.020264,29,50,1,0,255,2,0,1782507969.709875,152
25.013674,25.009045,0.102271445,0.47020003,0.77371216,1,1,0,0.0040893555,0.018798828,25.013672,29,50,1,0,255,2,0,1782507969.709875,152
25.01831,25.013872,0.04885528,0.4687605,0.63168335,1,1,0,0.001953125,0.018737793,25.01831,29,50,1,0,255,2,0,1782507969.709875,152
25.019531,25.015139,-0.0030536058,0.46878335,0.6481018,1,1,0,-0.00012207031,0.018737793,25.019531,29,50,1,0,255,2,0,1782507969.709875,152
25.029053,25.025377,0.21995528,0.3681509,1.0125427,1,1,0,0.0087890625,0.014709473,25.029053,60,50,0,0,255,2,0,1782507969.709875,152
25.03003,25.02669,0.1680284,0.3727479,0.7793274,1,1,0,0.006713867,0.014892578,25.03003,60,50,0,0,255,2,0,1782507969.709875,152
25.03345,25.030357,0.11610844,0.37585428,0.7810669,1,1,0,0.004638672,0.015014648,25.033447,60,50,0,0,255,2,0,1782507969.709875,152
25.028074,25.025106,0.06262399,0.3803559,0.83654785,1,1,0,0.0025024414,0.015197754,25.028076,60,50,0,0,255,2,0,1782507969.709875,152
25.019287,25.016348,0.010688138,0.3832761,0.7802124,1,1,0,0.0004272461,0.015319824,25.019287,60,50,0,0,255,2,0,1782507969.709875,152
25.023926,25.015268,0.31606665,0.577283,0.7631531,1,1,0,0.012634277,0.023071289,25.023926,61,50,1,0,255,2,0,1782507969.709875,152
25.023928,25.01582,0.2626269,0.58033687,0.65530396,1,1,0,0.010498047,0.02319336,25.023926,61,50,1,0,255,2,0,1782507969.709875,152
25.01367,25.006262,0.15873328,0.5877305,0.84350586,1,1,0,0.0063476562,0.023498535,25.013672,61,50,1,0,255,2,0,1782507969.709875,152
25.022951,25.015713,0.10535243,0.5925291,0.7693176,1,1,0,0.004211426,0.02368164,25.02295,61,50,1,0,255,2,0,1782507969.709875,152
25.018066,25.010921,0.053429175,0.59546655,0.8291321,1,1,0,0.0021362305,0.023803711,25.018066,61,50,1,0,255,2,0,1782507969.709875,152
25.02246,25.015263,0.0015268105,0.6001516,0.76242065,1,1,0,6.1035156e-05,0.023986816,25.02246,61,50,1,0,255,2,0,1782507969.709875,152
25.031982,25.01877,0.27487546,0.76532406,1.0194702,1,1,0,0.010986328,0.030578613,25.031982,24,51,0,0,255,2,0,1782507969.8102443,153
25.021238,25.009266,0.11753709,0.76499563,0.614624,1,1,0,0.004699707,0.030578613,25.02124,24,51,0,0,255,2,0,1782507969.8102443,153
25.032715,25.020977,0.06414083,0.7638193,0.7342529,1,1,0,0.0025634766,0.030517578,25.032715,24,51,0,0,255,2,0,1782507969.8102443,153
25.02905,25.017395,0.012215526,0.7637075,0.71258545,1,1,0,0.00048828125,0.030517578,25.029053,24,51,0,0,255,2,0,1782507969.8102443,153
25.025146,25.017244,0.32372752,0.53913534,0.70825195,1,1,0,0.012939453,0.02154541,25.025146,26,51,0,0,255,2,0,1782507969.8102443,153
25.02124,25.013956,0.27176878,0.5390512,0.83828735,1,1,0,0.010864258,0.02154541,25.02124,26,51,0,0,255,2,0,1782507969.8102443,153
25.020264,25.009527,0.20912994,0.70238096,0.91534424,1,1,0,0.008361816,0.028076172,25.020264,27,51,1,0,255,2,0,1782507969.8102443,153
25.023193,25.018719,0.051918805,0.47037902,1.0169067,1,1,0,0.0020751953,0.018798828,25.023193,29,51,1,0,255,2,0,1782507969.8102443,153
25.009766,25.006481,0.16331369,0.37091982,0.72824097,1,1,0,0.0065307617,0.014831543,25.009766,60,51,0,0,255,2,0,1782507969.8102443,153
25.03003,25.026981,0.11151012,0.37427545,0.85302734,1,1,0,0.0044555664,0.014953613,25.03003,60,51,0,0,255,2,0,1782507969.8102443,153
25.031738,25.028805,0.05805031,0.3788839,0.7897339,1,1,0,0.002319336,0.015136719,25.031738,60,51,0,0,255,2,0,1782507969.8102443,153
25.015627,25.012712,0.0061066193,0.38169333,1.0755005,1,1,0,0.00024414062,0.015258789,25.015625,60,51,0,0,255,2,0,1782507969.8102443,153
25.028563,25.019403,0.3634666,0.57128114,0.75390625,1,1,0,0.014526367,0.022827148,25.028564,61,51,1,0,255,2,0,1782507969.8102443,153
25.01831,25.009748,0.31141677,0.5756269,0.70358276,1,1,0,0.012451172,0.023010254,25.01831,61,51,1,0,255,2,0,1782507969.8102443,153
25.027342,25.019316,0.25808194,0.57888895,0.829895,1,1,0,0.010314941,0.023132324,25.027344,61,51,1,0,255,2,0,1782507969.8102443,153
25.027342,25.019726,0.20616087,0.5819433,0.750824,1,1,0,0.008239746,0.023254395,25.027344,61,51,1,0,255,2,0,1782507969.8102443,153
25.02295,25.015766,0.10077207,0.5910023,0.7425842,1,1,0,0.0040283203,0.023620605,25.02295,61,51,1,0,255,2,0,1782507969.8102443,153
25.019287,25.012188,0.04885199,0.593969,0.7706299,1,1,0,0.001953125,0.023742676,25.019287,61,51,1,0,255,2,0,1782507969.8102443,153
25.02124,25.00898,0.16790949,0.76499563,0.70043945,1,2,0,0.006713867,0.030578613,25.02124,24,52,0,0,255,2,0,1782507969.910083,154
25.025146,25.013178,0.116028756,0.765115,0.70999146,1,2,0,0.004638672,0.030578613,25.025146,24,52,0,0,255,2,0,1782507969.910083,154
25.021238,25.01333,0.3267308,0.53752434,0.9293213,1,1,0,0.013061523,0.021484375,25.02124,26,52,0,0,255,2,0,1782507969.910083,154
25.03003,25.022743,0.27491912,0.53771317,0.7992859,1,1,0,0.010986328,0.021484375,25.03003,26,52,0,0,255,2,0,1782507969.910083,154
25.0271,25.021242,0.064141504,0.5376502,0.7550659,1,1,0,0.0025634766,0.021484375,25.0271,26,52,0,0,255,2,0,1782507969.910083,154
25.021238,25.015461,0.0122145815,0.53752434,0.83480835,1,1,0,0.00048828125,0.021484375,25.02124,26,52,0,0,255,2,0,1782507969.910083,154
25.013674,25.0018,0.31742272,0.7021959,0.8147583,1,1,0,0.0126953125,0.028076172,25.013672,27,52,1,0,255,2,0,1782507969.910083,154
25.021729,25.010967,0.2121953,0.7024221,0.82373047,1,1,0,0.008483887,0.028076172,25.021729,27,52,1,0,255,2,0,1782507969.910083,154
25.027346,25.017422,0.054970004,0.7025797,0.734375,1,1,0,0.0021972656,0.028076172,25.027344,27,52,1,0,255,2,0,1782507969.910083,154
25.013916,25.009003,0.1572242,0.47020462,0.58236694,1,1,0,0.006286621,0.018798828,25.013916,29,52,1,0,255,2,0,1782507969.910083,154
25.013674,25.009281,-0.0,0.46867356,0.72958374,1,1,0,-0.0,0.018737793,25.013672,29,52,1,0,255,2,0,1782507969.910083,154
25.032713,25.029652,0.11457746,0.3743156,0.7568054,1,1,0,0.0045776367,0.014953613,25.032715,60,52,0,0,255,2,0,1782507969.910083,154
25.031738,25.023113,0.31616578,0.57593584,0.8545532,1,1,0,0.012634277,0.023010254,25.031738,61,52,1,0,255,2,0,1782507969.910083,154
25.035156,25.027079,0.26274508,0.5790697,0.91207886,1,1,0,0.010498047,0.023132324,25.035156,61,52,1,0,255,2,0,1782507969.910083,154
25.019289,25.012127,-0.0,0.5985488,0.839386,1,1,0,-0.0,0.023925781,25.019287,61,52,1,0,255,2,0,1782507969.910083,154
25.028074,25.014898,0.271779,0.7652046,0.68917847,1,2,0,0.010864258,0.030578613,25.028076,24,53,0,0,255,2,0,1782507970.0097368,155
25.020264,25.008013,0.16637656,0.7649658,0.43603516,1,2,0,0.006652832,0.030578613,25.020264,24,53,0,0,255,2,0,1782507970.0097368,155
25.030031,25.018301,0.06107996,0.7637373,0.3710327,1,2,0,0.0024414062,0.030517578,25.03003,24,53,0,0,255,2,0,1782507970.0097368,155
25.02124,25.009588,0.009158785,0.76346916,0.39788818,1,2,0,0.00036621094,0.030517578,25.02124,24,53,0,0,255,2,0,1782507970.0097368,155
25.031494,25.02366,0.3207554,0.53774464,0.8703613,1,1,0,0.012817383,0.021484375,25.031494,26,53,0,0,255,2,0,1782507970.0097368,155
25.027098,25.020384,0.2168569,0.5376502,0.8027344,1,1,0,0.008666992,0.021484375,25.0271,26,53,0,0,255,2,0,1782507970.0097368,155
25.027098,25.02079,0.16340715,0.5376502,0.7533264,1,1,0,0.0065307617,0.021484375,25.0271,26,53,0,0,255,2,0,1782507970.0097368,155
25.032959,25.027182,0.0061101518,0.5377761,1.0489502,1,1,0,0.00024414062,0.021484375,25.032959,26,53,0,0,255,2,0,1782507970.0097368,155
25.027344,25.016134,0.25957614,0.7025797,0.77752686,1,1,0,0.010375977,0.028076172,25.027344,27,53,1,0,255,2,0,1782507970.0097368,155
25.031736,25.021023,0.20617156,0.70270306,0.82785034,1,1,0,0.008239746,0.028076172,25.031738,27,53,1,0,255,2,0,1782507970.0097368,155
25.030762,25.02085,0.048868906,0.70267564,0.79293823,1,1,0,0.001953125,0.028076172,25.030762,27,53,1,0,255,2,0,1782507970.0097368,155
25.01831,25.013016,0.20915912,0.47028723,0.6522217,1,1,0,0.008361816,0.018798828,25.01831,29,53,1,0,255,2,0,1782507970.0097368,155
25.018068,25.013594,0.05190817,0.47028264,0.7501221,1,1,0,0.0020751953,0.018798828,25.018066,29,53,1,0,255,2,0,1782507970.0097368,155
25.018068,25.013647,-0.0015267119,0.47028264,0.70703125,1,1,0,-6.1035156e-05,0.018798828,25.018066,29,53,1,0,255,2,0,1782507970.0097368,155
25.031252,25.027933,0.16803674,0.37123844,0.72732544,1,1,0,0.006713867,0.014831543,25.03125,60,53,0,0,255,2,0,1782507970.0097368,155
25.030031,25.027084,0.06262895,0.37885803,0.68917847,1,1,0,0.0025024414,0.015136719,25.03003,60,53,0,0,255,2,0,1782507970.0097368,155
25.02417,25.021255,0.009163058,0.38182372,0.673584,1,1,0,0.00036621094,0.015258789,25.02417,60,53,0,0,255,2,0,1782507970.0097368,155
25.02295,25.013723,0.36796522,0.571153,0.7312927,1,1,0,0.014709473,0.022827148,25.02295,61,53,1,0,255,2,0,1782507970.0097368,155
25.020262,25.011662,0.31449425,0.5756718,0.8640137,1,1,0,0.012573242,0.023010254,25.020264,61,53,1,0,255,2,0,1782507970.0097368,155
25.022951,25.014877,0.262617,0.5787873,0.73028564,1,1,0,0.010498047,0.023132324,25.02295,61,53,1,0,255,2,0,1782507970.0097368,155
25.01831,25.010624,0.21066575,0.5832598,0.66864014,1,1,0,0.008422852,0.02331543,25.01831,61,53,1,0,255,2,0,1782507970.0097368,155
25.03296,25.02585,0.0519336,0.5942936,0.8915405,1,1,0,0.0020751953,0.023742676,25.032959,61,53,1,0,255,2,0,1782507970.0097368,155
25.033934,25.021265,0.21991915,0.7653838,0.42129517,1,2,0,0.0087890625,0.030578613,25.033936,24,54,0,0,255,2,0,1782507970.1100907,156
25.031248,25.019331,0.11453022,0.7637746,0.6709595,1,2,0,0.0045776367,0.030517578,25.03125,24,54,0,0,255,2,0,1782507970.1100907,156
25.032715,25.02098,0.06261367,0.7638193,0.6449585,1,2,0,0.0025024414,0.030517578,25.032715,24,54,0,0,255,2,0,1782507970.1100907,156
25.031736,25.020079,0.010689733,0.7637895,0.6536255,1,2,0,0.0004272461,0.030517578,25.031738,24,54,0,0,255,2,0,1782507970.1100907,156
25.019775,25.013035,0.2198468,0.5374929,0.8001404,1,1,0,0.0087890625,0.021484375,25.019775,26,54,0,0,255,2,0,1782507970.1100907,156
25.033201,25.027422,0.01069287,0.53778136,0.9145813,1,1,0,0.0004272461,0.021484375,25.033203,26,54,0,0,255,2,0,1782507970.1100907,156
25.016113,25.00426,0.31592754,0.7022644,0.66763306,1,1,0,0.012634277,0.028076172,25.016113,27,54,1,0,255,2,0,1782507970.1100907,156
25.020264,25.009516,0.21065642,0.70238096,0.8804321,1,1,0,0.008422852,0.028076172,25.020264,27,54,1,0,255,2,0,1782507970.1100907,156
25.019531,25.009176,0.15722528,0.7023604,0.65838623,1,1,0,0.006286621,0.028076172,25.019531,27,54,1,0,255,2,0,1782507970.1100907,156
25.02295,25.016531,0.3160826,0.47037444,0.7456665,1,1,0,0.012634277,0.018798828,25.02295,29,54,1,0,255,2,0,1782507970.1100907,156
25.02295,25.018307,0.10536336,0.47037444,0.7374573,1,1,0,0.004211426,0.018798828,25.02295,29,54,1,0,255,2,0,1782507970.1100907,156
25.028564,25.024172,-0.0,0.4689526,0.7949829,1,1,0,-0.0,0.018737793,25.028564,29,54,1,0,255,2,0,1782507970.1100907,156
25.016603,25.013298,0.16641173,0.37102118,1.1482239,1,1,0,0.006652832,0.014831543,25.016602,60,54,0,0,255,2,0,1782507970.1100907,156
25.021729,25.013126,0.31451267,0.5757055,0.66763306,1,1,0,0.012573242,0.023010254,25.021729,61,54,1,0,255,2,0,1782507970.1100907,156
25.02295,25.015272,0.20917799,0.58336794,0.66763306,1,1,0,0.008361816,0.02331543,25.02295,61,54,1,0,255,2,0,1782507970.1100907,156
25.026367,25.019009,0.15576,0.5865018,0.6850891,1,1,0,0.006225586,0.0234375,25.026367,61,54,1,0,255,2,0,1782507970.1100907,156
25.029541,25.022343,0.10385309,0.591158,0.8935852,1,1,0,0.0041503906,0.023620605,25.029541,61,54,1,0,255,2,0,1782507970.1100907,156
25.027344,25.02018,-0.0015271106,0.5987416,0.77752686,1,1,0,-6.1035156e-05,0.023925781,25.027344,61,54,1,0,255,2,0,1782507970.1100907,156
25.031248,25.017471,0.32220328,0.76530164,0.7533264,1,1,0,0.012878418,0.030578613,25.03125,24,55,0,0,255,2,0,1782507970.210159,157
25.03003,25.017374,0.21835788,0.76526433,0.46118164,1,1,0,0.008728027,0.030578613,25.03003,24,55,0,0,255,2,0,1782507970.210159,157
25.032225,25.020498,0.059558187,0.7638044,0.6622925,1,2,0,0.002380371,0.030517578,25.032227,24,55,0,0,255,2,0,1782507970.210159,157
25.029053,25.017397,0.007634704,0.7637075,0.47158813,1,2,0,0.00030517578,0.030517578,25.029053,24,55,0,0,255,2,0,1782507970.210159,157
25.021729,25.014494,0.27024764,0.53753483,1.1707458,1,1,0,0.010803223,0.021484375,25.021729,26,55,0,0,255,2,0,1782507970.210159,157
25.021238,25.014511,0.21833289,0.53752434,1.2885132,1,1,0,0.008728027,0.021484375,25.02124,26,55,0,0,255,2,0,1782507970.210159,157
25.01953,25.013685,0.059541967,0.5374876,1.1421814,1,1,0,0.002380371,0.021484375,25.019531,26,55,0,0,255,2,0,1782507970.210159,157
25.01831,25.005747,0.3647948,0.70385253,0.638855,1,1,0,0.014587402,0.028137207,25.01831,27,55,1,0,255,2,0,1782507970.210159,157
25.032957,25.021687,0.26116115,0.70426464,0.87713623,1,1,0,0.010437012,0.028137207,25.032959,27,55,1,0,255,2,0,1782507970.210159,157
25.020752,25.010683,0.10227814,0.70239466,0.7005005,1,1,0,0.0040893555,0.028076172,25.020752,27,55,1,0,255,2,0,1782507970.210159,157
25.031738,25.0271,0.10387283,0.47053966,0.8319702,1,1,0,0.0041503906,0.018798828,25.031738,29,55,1,0,255,2,0,1782507970.210159,157
25.014648,25.005447,0.36631694,0.5709635,0.77679443,1,1,0,0.0146484375,0.022827148,25.014648,61,55,1,0,255,2,0,1782507970.210159,157
25.021482,25.013807,0.20916574,0.5833338,0.85787964,1,1,0,0.008361816,0.02331543,25.021484,61,55,1,0,255,2,0,1782507970.210159,157
25.021727,25.01436,0.15725788,0.58639306,0.6850891,1,1,0,0.006286621,0.0234375,25.021729,61,55,1,0,255,2,0,1782507970.210159,157
25.013672,25.00648,0.10378725,0.5907831,0.85787964,1,1,0,0.0041503906,0.023620605,25.013672,61,55,1,0,255,2,0,1782507970.210159,157
25.01587,25.008764,0.051898148,0.59388787,0.8475952,1,1,0,0.0020751953,0.023742676,25.01587,61,55,1,0,255,2,0,1782507970.210159,157
25.028074,25.015858,0.16795568,0.7636777,0.43777466,1,2,0,0.006713867,0.030517578,25.028076,24,56,0,0,255,2,0,1782507970.3101404,158
25.030031,25.018106,0.116051614,0.7637373,0.6068115,1,2,0,0.004638672,0.030517578,25.03003,24,56,0,0,255,2,0,1782507970.3101404,158
25.02124,25.009512,0.06258497,0.76346916,0.4048462,1,2,0,0.0025024414,0.030517578,25.02124,24,56,0,0,255,2,0,1782507970.3101404,158
25.019531,25.013096,0.31756613,0.47031018,0.7127991,1,1,0,0.0126953125,0.018798828,25.019531,29,56,1,0,255,2,0,1782507970.3101404,158
25.029543,25.02422,0.21230774,0.47049835,0.7991028,1,1,0,0.008483887,0.018798828,25.029541,29,56,1,0,255,2,0,1782507970.3101404,158
25.026367,25.021431,0.16035683,0.4704387,0.7569885,1,1,0,0.0064086914,0.018798828,25.026367,29,56,1,0,255,2,0,1782507970.3101404,158
25.01465,25.01017,0.05495407,0.4702184,0.78912354,1,1,0,0.0021972656,0.018798828,25.014648,29,56,1,0,255,2,0,1782507970.3101404,158
25.015871,25.01145,0.0030531555,0.47024134,0.68032837,1,1,0,0.00012207031,0.018798828,25.01587,29,56,1,0,255,2,0,1782507970.3101404,158
25.033203,25.029518,0.21846387,0.36973968,0.85128784,1,1,0,0.008728027,0.014770508,25.033203,60,56,0,0,255,2,0,1782507970.3101404,158
25.02417,25.020842,0.16646191,0.37266064,0.8868408,1,1,0,0.006652832,0.014892578,25.02417,60,56,0,0,255,2,0,1782507970.3101404,158
25.027098,25.024,0.113024205,0.37728634,0.69351196,1,1,0,0.0045166016,0.015075684,25.0271,60,56,0,0,255,2,0,1782507970.3101404,158
25.03003,25.02704,0.061101295,0.38191313,0.98306274,1,1,0,0.0024414062,0.015258789,25.03003,60,56,0,0,255,2,0,1782507970.3101404,158
25.032227,25.029264,0.009165991,0.385002,0.7507324,1,1,0,0.00036621094,0.015380859,25.032227,60,56,0,0,255,2,0,1782507970.3101404,158
25.023926,25.014652,0.3664518,0.5742292,0.7189636,1,1,0,0.0146484375,0.022949219,25.023926,61,56,1,0,255,2,0,1782507970.3101404,158
25.021729,25.013092,0.31451225,0.5772323,0.69021606,1,1,0,0.012573242,0.023071289,25.021729,61,56,1,0,255,2,0,1782507970.3101404,158
25.025146,25.017017,0.26111242,0.5818922,0.7836914,1,1,0,0.010437012,0.023254395,25.025146,61,56,1,0,255,2,0,1782507970.3101404,158
25.011229,25.003521,0.20907973,0.5846209,0.6639099,1,1,0,0.008361816,0.023376465,25.01123,61,56,1,0,255,2,0,1782507970.3101404,158
25.025146,25.017717,0.15575196,0.5895272,0.7991028,1,1,0,0.006225586,0.02355957,25.025146,61,56,1,0,255,2,0,1782507970.3101404,158
25.02173,25.014498,0.103820525,0.5925002,0.69021606,1,1,0,0.0041503906,0.02368164,25.021729,61,56,1,0,255,2,0,1782507970.3101404,158
25.029541,25.02236,0.05192636,0.597267,0.83813477,1,1,0,0.0020751953,0.023864746,25.029541,61,56,1,0,255,2,0,1782507970.3101404,158
25.03076,25.02356,-0.0015273169,0.6003507,0.78985596,1,1,0,-6.1035156e-05,0.023986816,25.030762,61,56,1,0,255,2,0,1782507970.3101404,158
25.031004,25.019094,0.113002054,0.7637671,0.45510864,1,2,0,0.0045166016,0.030517578,25.031006,24,57,0,0,255,2,0,1782507970.4094367,159
25.031004,25.019348,0.0076352996,0.7637671,0.6423645,1,2,0,0.00030517578,0.030517578,25.031006,24,57,0,0,255,2,0,1782507970.4094367,159
25.035887,25.025146,0.20926055,0.7028196,1.1616516,1,1,0,0.008361816,0.028076172,25.035889,27,57,1,0,255,2,0,1782507970.4094367,159
25.021729,25.011814,0.051904473,0.7024221,0.8196411,1,1,0,0.0020751953,0.028076172,25.021729,27,57,1,0,255,2,0,1782507970.4094367,159
25.020264,25.013885,0.31299523,0.47032395,0.7562866,1,1,0,0.012512207,0.018798828,25.020264,29,57,1,0,255,2,0,1782507970.4094367,159
25.026125,25.022863,0.16647537,0.3681078,0.83654785,1,1,0,0.006652832,0.014709473,25.026123,60,57,0,0,255,2,0,1782507970.4094367,159
25.024168,25.021132,0.11453846,0.37266064,0.661438,1,1,0,0.0045776367,0.014892578,25.02417,60,57,0,0,255,2,0,1782507970.4094367,159
25.033203,25.030308,0.061109275,0.37585062,0.8703613,1,1,0,0.0024414062,0.015014648,25.033203,60,57,0,0,255,2,0,1782507970.4094367,159
25.024168,25.021276,0.009163066,0.38029653,0.8928833,1,1,0,0.00036621094,0.015197754,25.02417,60,57,0,0,255,2,0,1782507970.4094367,159
25.028564,25.020958,0.20922554,0.58044446,0.7127991,1,1,0,0.008361816,0.02319336,25.028564,61,57,1,0,255,2,0,1782507970.4094367,159
25.01831,25.01098,0.15723662,0.5847864,0.7097168,1,1,0,0.006286621,0.023376465,25.01831,61,57,1,0,255,2,0,1782507970.4094367,159
25.021486,25.014416,0.051909875,0.5924944,0.8188782,1,1,0,0.0020751953,0.02368164,25.021484,61,57,1,0,255,2,0,1782507970.4094367,159
25.032957,25.01918,0.32222527,0.7653539,0.70391846,1,1,0,0.012878418,0.030578613,25.032959,24,58,0,0,255,2,0,1782507970.509872,160
25.033936,25.020788,0.26878834,0.7653838,0.6839905,1,2,0,0.0107421875,0.030578613,25.033936,24,58,0,0,255,2,0,1782507970.509872,160
25.031979,25.019339,0.21684784,0.76532406,0.7507324,1,2,0,0.008666992,0.030578613,25.031982,24,58,0,0,255,2,0,1782507970.509872,160
25.027098,25.015148,0.11145739,0.76517475,0.73599243,1,2,0,0.0044555664,0.030578613,25.0271,24,58,0,0,255,2,0,1782507970.509872,160
25.03125,25.019547,0.0061082877,0.76530164,0.49847412,1,2,0,0.00024414062,0.030578613,25.03125,24,58,0,0,255,2,0,1782507970.509872,160
25.03125,25.023338,0.3268615,0.5377394,0.86602783,1,1,0,0.013061523,0.021484375,25.03125,26,58,0,0,255,2,0,1782507970.509872,160
25.033447,25.026176,0.2734292,0.5377866,1.2119141,1,1,0,0.010925293,0.021484375,25.033447,26,58,0,0,255,2,0,1782507970.509872,160
25.03003,25.023983,0.116078876,0.53771317,0.7619934,1,1,0,0.004638672,0.021484375,25.03003,26,58,0,0,255,2,0,1782507970.509872,160
25.020264,25.009502,0.21218288,0.70238096,0.9440613,1,1,0,0.008483887,0.028076172,25.020264,27,58,1,0,255,2,0,1782507970.509872,160
25.031738,25.02137,0.15882918,0.70270306,0.8730469,1,1,0,0.0063476562,0.028076172,25.031738,27,58,1,0,255,2,0,1782507970.509872,160
25.02295,25.01286,0.10686712,0.70245636,0.7005005,1,1,0,0.004272461,0.028076172,25.02295,27,58,1,0,255,2,0,1782507970.509872,160
25.018312,25.008451,0.0015263947,0.7023261,0.6224365,1,1,0,6.1035156e-05,0.028076172,25.01831,27,58,1,0,255,2,0,1782507970.509872,160
25.012451,25.007538,0.15721498,0.47017708,0.61569214,1,1,0,0.006286621,0.018798828,25.012451,29,58,1,0,255,2,0,1782507970.509872,160
25.0271,25.024181,0.061094318,0.37728634,0.98132324,1,1,0,0.0024414062,0.015075684,25.0271,60,58,0,0,255,2,0,1782507970.509872,160
25.032957,25.024881,0.26272202,0.57901883,0.82373047,1,1,0,0.010498047,0.023132324,25.032959,61,58,1,0,255,2,0,1782507970.509872,160
25.025145,25.012466,0.22136855,0.765115,0.68310547,1,2,0,0.008850098,0.030578613,25.025146,24,59,0,0,255,2,0,1782507970.6095526,161
25.025146,25.013226,0.11602897,0.7635883,0.6839905,1,2,0,0.004638672,0.030517578,25.025146,24,59,0,0,255,2,0,1782507970.6095526,161
25.031248,25.01959,0.010689524,0.7637746,0.68569946,1,2,0,0.0004272461,0.030517578,25.03125,24,59,0,0,255,2,0,1782507970.6095526,161
25.01953,25.009186,0.15569885,0.7023604,0.6491394,1,1,0,0.006225586,0.028076172,25.019531,27,59,1,0,255,2,0,1782507970.6095526,161
25.018066,25.008154,0.05189688,0.70231926,1.0035706,1,1,0,0.0020751953,0.028076172,25.018066,27,59,1,0,255,2,0,1782507970.6095526,161
25.019289,25.012184,0.36641562,0.4703056,0.7470398,1,1,0,0.0146484375,0.018798828,25.019287,29,59,1,0,255,2,0,1782507970.6095526,161
25.030762,25.026367,-0.0015274882,0.46899378,0.829895,1,1,0,-6.1035156e-05,0.018737793,25.030762,29,59,1,0,255,2,0,1782507970.6095526,161
25.027098,25.024206,0.0076367822,0.38034105,1.0671387,1,1,0,0.00030517578,0.015197754,25.0271,60,59,0,0,255,2,0,1782507970.6095526,161
25.029541,25.020391,0.3650084,0.5697761,0.88946533,1,1,0,0.014587402,0.022766113,25.029541,61,59,1,0,255,2,0,1782507970.6095526,161
25.023926,25.015379,0.3130139,0.5742292,0.73028564,1,1,0,0.012512207,0.022949219,25.023926,61,59,1,0,255,2,0,1782507970.6095526,161
25.013672,25.006353,0.15568122,0.584678,0.8250427,1,1,0,0.006225586,0.023376465,25.013672,61,59,1,0,255,2,0,1782507970.6095526,161
25.014648,25.007524,-0.0015263382,0.59691155,0.7798767,1,1,0,-6.1035156e-05,0.023864746,25.014648,61,59,1,0,255,2,0,1782507970.6095526,161
25.01953,25.007565,0.116002716,0.76494336,0.44903564,1,2,0,0.004638672,0.030578613,25.019531,24,60,0,0,255,2,0,1782507970.7099009,162
25.03125,25.023384,0.32075185,0.5392668,0.84436035,1,1,0,0.012817383,0.02154541,25.03125,26,60,0,0,255,2,0,1782507970.7099009,162
25.032225,25.0262,0.11150663,0.5377604,1.1659546,1,1,0,0.0044555664,0.021484375,25.032227,26,60,0,0,255,2,0,1782507970.7099009,162
25.017578,25.011738,0.058010723,0.5374457,0.8070679,1,1,0,0.002319336,0.021484375,25.017578,26,60,0,0,255,2,0,1782507970.7099009,162
25.023926,25.011381,0.36335006,0.7040105,0.7374573,1,1,0,0.014526367,0.028137207,25.023926,27,60,1,0,255,2,0,1782507970.7099009,162
25.014648,25.00281,0.31133038,0.7037495,0.85787964,1,1,0,0.012451172,0.028137207,25.014648,27,60,1,0,255,2,0,1782507970.7099009,162
25.021484,25.010773,0.2060871,0.7024152,0.8742981,1,1,0,0.008239746,0.028076172,25.021484,27,60,1,0,255,2,0,1782507970.7099009,162
25.031738,25.025951,0.26120564,0.47053966,0.7970276,1,1,0,0.010437012,0.018798828,25.031738,29,60,1,0,255,2,0,1782507970.7099009,162
25.02295,25.018044,0.155754,0.47037444,0.7816162,1,1,0,0.006225586,0.018798828,25.02295,29,60,1,0,255,2,0,1782507970.7099009,162
25.02417,25.019695,0.05192083,0.47039738,1.0241089,1,1,0,0.0020751953,0.018798828,25.02417,29,60,1,0,255,2,0,1782507970.7099009,162
25.031248,25.028332,0.010693259,0.38193175,0.84262085,1,1,0,0.0004272461,0.015258789,25.03125,60,60,0,0,255,2,0,1782507970.7099009,162
25.02075,25.01213,0.31602702,0.57568306,0.7076721,1,1,0,0.012634277,0.023010254,25.020752,61,60,1,0,255,2,0,1782507970.7099009,162
25.020754,25.013065,0.21068631,0.58331674,0.7374573,1,1,0,0.008422852,0.02331543,25.020752,61,60,1,0,255,2,0,1782507970.7099009,162
25.023926,25.01655,0.15879859,0.58644456,0.734375,1,1,0,0.0063476562,0.0234375,25.023926,61,60,1,0,255,2,0,1782507970.7099009,162
25.026367,25.019257,0.05344698,0.5941371,0.76828,1,1,0,0.0021362305,0.023742676,25.026367,61,60,1,0,255,2,0,1782507970.7099009,162
25.031492,25.018297,0.27334312,0.7653091,0.8122864,1,2,0,0.010925293,0.030578613,25.031494,24,61,0,0,255,2,0,1782507970.8099473,163
25.02417,25.01244,0.0625923,0.7635585,0.620697,1,2,0,0.0025024414,0.030517578,25.02417,24,61,0,0,255,2,0,1782507970.8099473,163
25.029541,25.02512,-0.0,0.47049835,0.67892456,1,1,0,-0.0,0.018798828,25.029541,29,61,1,0,255,2,0,1782507970.8099473,163
25.027102,25.02339,0.22146523,0.36964953,0.8088074,1,1,0,0.008850098,0.014770508,25.0271,60,61,0,0,255,2,0,1782507970.8099473,163
25.032469,25.029497,0.06416267,0.38042268,0.71951294,1,1,0,0.0025634766,0.015197754,25.03247,60,61,0,0,255,2,0,1782507970.8099473,163
25.031248,25.028286,0.010693239,0.38498697,0.81399536,1,1,0,0.0004272461,0.015380859,25.03125,60,61,0,0,255,2,0,1782507970.8099473,163
25.015867,25.007711,0.26406828,0.5816765,0.703949,1,1,0,0.010559082,0.023254395,25.01587,61,61,1,0,255,2,0,1782507970.8099473,163
25.02295,25.015224,0.2107045,0.58489484,0.6840515,1,1,0,0.008422852,0.023376465,25.02295,61,61,1,0,255,2,0,1782507970.8099473,163
25.02295,25.015501,0.15879193,0.5894754,0.7127991,1,1,0,0.0063476562,0.02355957,25.02295,61,61,1,0,255,2,0,1782507970.8099473,163
25.025145,25.0179,0.10688865,0.59258115,0.8833008,1,1,0,0.004272461,0.02368164,25.025146,61,61,1,0,255,2,0,1782507970.8099473,163
25.02417,25.016987,0.05344213,0.59713876,1.0507812,1,1,0,0.0021362305,0.023864746,25.02417,61,61,1,0,255,2,0,1782507970.8099473,163
25.023924,25.016726,0.0015268998,0.60018677,0.81347656,1,1,0,6.1035156e-05,0.023986816,25.023926,61,61,1,0,255,2,0,1782507970.8099473,163
25.031494,25.019764,0.061083533,0.763782,0.69784546,1,2,0,0.0024414062,0.030517578,25.031494,24,62,0,0,255,2,0,1782507970.9095516,164
25.031982,25.020325,0.0091627175,0.7637969,0.6709595,1,2,0,0.00036621094,0.030517578,25.031982,24,62,0,0,255,2,0,1782507970.9095516,164
25.032959,25.026638,0.1649729,0.5377761,0.93536377,1,1,0,0.006591797,0.021484375,25.032959,26,62,0,0,255,2,0,1782507970.9095516,164
25.018309,25.012287,0.111444645,0.53746146,1.1664124,1,1,0,0.0044555664,0.021484375,25.01831,26,62,0,0,255,2,0,1782507970.9095516,164
25.031738,25.019934,0.3115436,0.70270306,0.8545532,1,1,0,0.012451172,0.028076172,25.031738,27,62,1,0,255,2,0,1782507970.9095516,164
25.03296,25.022232,0.20770885,0.70273733,0.82785034,1,1,0,0.008300781,0.028076172,25.032959,27,62,1,0,255,2,0,1782507970.9095516,164
25.029541,25.019629,0.04886652,0.70264137,0.76623535,1,1,0,0.001953125,0.028076172,25.029541,27,62,1,0,255,2,0,1782507970.9095516,164
25.01587,25.008743,0.36789197,0.47024134,0.7234497,1,1,0,0.014709473,0.018798828,25.01587,29,62,1,0,255,2,0,1782507970.9095516,164
25.020264,25.015339,0.1587909,0.47032395,0.8373413,1,1,0,0.0063476562,0.018798828,25.020264,29,62,1,0,255,2,0,1782507970.9095516,164
25.018312,25.01367,0.10534383,0.47028723,0.6614685,1,1,0,0.004211426,0.018798828,25.01831,29,62,1,0,255,2,0,1782507970.9095516,164
25.023682,25.019203,0.053446867,0.4703882,0.91122437,1,1,0,0.0021362305,0.018798828,25.023682,29,62,1,0,255,2,0,1782507970.9095516,164
25.025146,25.020725,0.0015271439,0.47041574,0.7446594,1,1,0,6.1035156e-05,0.018798828,25.025146,29,62,1,0,255,2,0,1782507970.9095516,164
25.019775,25.016493,0.16643298,0.36954135,0.8581543,1,1,0,0.006652832,0.014770508,25.019775,60,62,0,0,255,2,0,1782507970.9095516,164
25.02905,25.026129,0.062626556,0.3773158,0.83047485,1,1,0,0.0025024414,0.015075684,25.029053,60,62,0,0,255,2,0,1782507970.9095516,164
25.031738,25.022532,0.36656722,0.5713536,0.77545166,1,1,0,0.0146484375,0.022827148,25.031738,61,62,1,0,255,2,0,1782507970.9095516,164
25.030762,25.022192,0.31462666,0.574386,0.8565979,1,1,0,0.012573242,0.022949219,25.030762,61,62,1,0,255,2,0,1782507970.9095516,164
25.026367,25.018293,0.26265284,0.57886636,0.70458984,1,1,0,0.010498047,0.023132324,25.026367,61,62,1,0,255,2,0,1782507970.9095516,164
25.01953,25.01189,0.2091497,0.5817616,0.6470642,1,1,0,0.008361816,0.023254395,25.019531,61,62,1,0,255,2,0,1782507970.9095516,164
25.01953,25.012163,0.15724407,0.58634156,0.6481018,1,1,0,0.006286621,0.0234375,25.019531,61,62,1,0,255,2,0,1782507970.9095516,164
25.031736,25.024609,-0.0,0.59731936,0.8093567,1,1,0,-0.0,0.023864746,25.031738,61,62,1,0,255,2,0,1782507970.9095516,164
25.03247,25.018633,0.32680005,0.76533896,0.7619934,1,1,0,0.013061523,0.030578613,25.03247,24,63,0,0,255,2,0,1782507971.009468,165
25.031979,25.019299,0.22142902,0.76532406,1.0159912,1,1,0,0.008850098,0.030578613,25.031982,24,63,0,0,255,2,0,1782507971.009468,165
25.03125,25.019512,0.06413707,0.7637746,0.70739746,1,2,0,0.0025634766,0.030517578,25.03125,24,63,0,0,255,2,0,1782507971.009468,165
25.032715,25.021055,0.01069015,0.7638193,0.68743896,1,2,0,0.0004272461,0.030517578,25.032715,24,63,0,0,255,2,0,1782507971.009468,165
25.031006,25.020918,0.105374366,0.7026825,0.6312256,1,1,0,0.004211426,0.028076172,25.031006,27,63,1,0,255,2,0,1782507971.009468,165
25.028564,25.018642,0.053445667,0.70261395,0.7600708,1,1,0,0.0021362305,0.028076172,25.028564,27,63,1,0,255,2,0,1782507971.009468,165
25.018312,25.013004,0.2106858,0.47028723,0.67993164,1,1,0,0.008422852,0.018798828,25.01831,29,63,1,0,255,2,0,1782507971.009468,165
25.030762,25.026112,0.10692374,0.4705213,0.76623535,1,1,0,0.004272461,0.018798828,25.030762,29,63,1,0,255,2,0,1782507971.009468,165
25.03247,25.028795,0.21998532,0.36820117,1.1018066,1,1,0,0.0087890625,0.014709473,25.03247,60,63,0,0,255,2,0,1782507971.009468,165
25.016602,25.013634,0.062595285,0.38018152,0.8373718,1,1,0,0.0025024414,0.015197754,25.016602,60,63,0,0,255,2,0,1782507971.009468,165
25.022701,25.019764,0.010689598,0.38332847,1.0867615,1,1,0,0.0004272461,0.015319824,25.022705,60,63,0,0,255,2,0,1782507971.009468,165
25.019285,25.010632,0.3160081,0.577176,0.839386,1,1,0,0.012634277,0.023071289,25.019287,61,63,1,0,255,2,0,1782507971.009468,165
25.02295,25.015537,0.15879215,0.58794856,0.68096924,1,1,0,0.0063476562,0.023498535,25.02295,61,63,1,0,255,2,0,1782507971.009468,165
25.03076,25.02352,0.10538532,0.59271413,0.868927,1,1,0,0.004211426,0.02368164,25.030762,61,63,1,0,255,2,0,1782507971.009468,165
25.030762,25.023613,0.053456284,0.59576875,0.7312927,1,1,0,0.0021362305,0.023803711,25.030762,61,63,1,0,255,2,0,1782507971.009468,165
25.018309,25.011112,-0.0,0.60005206,0.68917847,1,1,0,-0.0,0.023986816,25.01831,61,63,1,0,255,2,0,1782507971.009468,165
25.029053,25.015842,0.2748433,0.7652345,0.640625,1,2,0,0.010986328,0.030578613,25.029053,24,64,0,0,255,2,0,1782507971.1100647,166
25.046385,25.033697,0.22155645,0.7657644,0.4100647,1,2,0,0.008850098,0.030578613,25.046387,24,64,0,0,255,2,0,1782507971.1100647,166
25.041504,25.029222,0.16957313,0.76561517,0.46170044,1,2,0,0.0067749023,0.030578613,25.041504,24,64,0,0,255,2,0,1782507971.1100647,166
25.02905,25.017122,0.117574014,0.7637075,0.43603516,1,2,0,0.004699707,0.030517578,25.029053,24,64,0,0,255,2,0,1782507971.1100647,166
25.014404,25.002674,0.06409391,0.76326054,0.31015015,1,2,0,0.0025634766,0.030517578,25.014404,24,64,0,0,255,2,0,1782507971.1100647,166
25.028809,25.01715,0.012215407,0.76370007,0.32928467,1,2,0,0.00048828125,0.030517578,25.028809,24,64,0,0,255,2,0,1782507971.1100647,166
25.030027,25.024248,0.010691514,0.53771317,0.7914734,1,1,0,0.0004272461,0.021484375,25.03003,26,64,0,0,255,2,0,1782507971.1100647,166
25.023195,25.013332,-0.0,0.7024632,1.1102905,1,1,0,-0.0,0.028076172,25.023193,27,64,1,0,255,2,0,1782507971.1100647,166
25.021242,25.01819,0.117579035,0.372617,0.82528687,1,1,0,0.004699707,0.014892578,25.02124,60,64,0,0,255,2,0,1782507971.1100647,166
25.027344,25.018772,0.3176382,0.57278043,0.7949829,1,1,0,0.0126953125,0.022888184,25.027344,61,64,1,0,255,2,0,1782507971.1100647,166
25.016846,25.008793,0.2640797,0.57711965,0.703949,1,1,0,0.010559082,0.023071289,25.016846,61,64,1,0,255,2,0,1782507971.1100647,166
25.030762,25.02313,0.2122985,0.5804954,0.74053955,1,1,0,0.008483887,0.02319336,25.030762,61,64,1,0,255,2,0,1782507971.1100647,166
25.032957,25.025818,0.10692248,0.58818376,0.77752686,1,1,0,0.004272461,0.023498535,25.032959,61,64,1,0,255,2,0,1782507971.1100647,166
25.026367,25.019278,0.0015270555,0.59566414,0.7713623,1,1,0,6.1035156e-05,0.023803711,25.026367,61,64,1,0,255,2,0,1782507971.1100647,166
25.03003,25.016869,0.2702733,0.76526433,0.6449585,1,2,0,0.010803223,0.030578613,25.03003,24,65,0,0,255,2,0,1782507971.2095788,167
25.030031,25.017822,0.16644183,0.7637373,0.6510315,1,1,0,0.006652832,0.030517578,25.03003,24,65,0,0,255,2,0,1782507971.2095788,167
25.02124,25.009335,0.11295797,0.76346916,0.45944214,1,2,0,0.0045166016,0.030517578,25.02124,24,65,0,0,255,2,0,1782507971.2095788,167
25.031006,25.019276,0.06108234,0.7637671,0.664917,1,2,0,0.0024414062,0.030517578,25.031006,24,65,0,0,255,2,0,1782507971.2095788,167
25.029053,25.017397,0.009161646,0.7637075,0.6475525,1,2,0,0.00036621094,0.030517578,25.029053,24,65,0,0,255,2,0,1782507971.2095788,167
25.016602,25.008774,0.32056457,0.53742474,0.94473267,1,1,0,0.012817383,0.021484375,25.016602,26,65,0,0,255,2,0,1782507971.2095788,167
25.031006,25.024288,0.21689074,0.53773415,0.69784546,1,1,0,0.008666992,0.021484375,25.031006,26,65,0,0,255,2,0,1782507971.2095788,167
25.026123,25.019814,0.16340077,0.53762925,0.7619934,1,1,0,0.0065307617,0.021484375,25.026123,26,65,0,0,255,2,0,1782507971.2095788,167
25.031738,25.025894,0.05804356,0.5377499,0.69525146,1,1,0,0.002319336,0.021484375,25.031738,26,65,0,0,255,2,0,1782507971.2095788,167
25.021729,25.015953,0.0061074104,0.53753483,1.026123,1,1,0,0.00024414062,0.021484375,25.021729,26,65,0,0,255,2,0,1782507971.2095788,167
25.026367,25.013865,0.36338612,0.70255226,0.7097168,1,1,0,0.014526367,0.028076172,25.026367,27,65,1,0,255,2,0,1782507971.2095788,167
25.030764,25.018959,0.31153145,0.70267564,0.7991028,1,1,0,0.012451172,0.028076172,25.030762,27,65,1,0,255,2,0,1782507971.2095788,167
25.028564,25.018225,0.15422806,0.70261395,0.70666504,1,1,0,0.006164551,0.028076172,25.028564,27,65,1,0,255,2,0,1782507971.2095788,167
25.031738,25.021671,0.10079585,0.70270306,0.8483887,1,1,0,0.0040283203,0.028076172,25.031738,27,65,1,0,255,2,0,1782507971.2095788,167
25.020994,25.017935,0.11452383,0.37414035,0.9888916,1,1,0,0.0045776367,0.014953613,25.020996,60,65,0,0,255,2,0,1782507971.2095788,167
25.033445,25.030523,0.06263755,0.37738204,0.8764343,1,1,0,0.0025024414,0.015075684,25.033447,60,65,0,0,255,2,0,1782507971.2095788,167
25.016846,25.007622,0.36787546,0.5710137,0.8742981,1,1,0,0.014709473,0.022827148,25.016846,61,65,1,0,255,2,0,1782507971.2095788,167
25.034666,25.027557,0.051937144,0.5943341,0.87713623,1,1,0,0.0020751953,0.023742676,25.034668,61,65,1,0,255,2,0,1782507971.2095788,167
25.025145,25.018019,-0.0,0.59716207,0.7127991,1,1,0,-0.0,0.023864746,25.025146,61,65,1,0,255,2,0,1782507971.2095788,167
25.031736,25.01794,0.32373652,0.7653166,0.73599243,1,2,0,0.012939453,0.030578613,25.031738,24,66,0,0,255,2,0,1782507971.310029,168
25.027102,25.019815,0.27183244,0.5391774,0.74380493,1,1,0,0.010864258,0.02154541,25.0271,26,66,0,0,255,2,0,1782507971.310029,168
25.01367,25.007635,0.11447668,0.5373618,0.9179077,1,1,0,0.0045776367,0.021484375,25.013672,26,66,0,0,255,2,0,1782507971.310029,168
25.027344,25.020945,0.31461096,0.47045705,0.7005005,1,1,0,0.012573242,0.018798828,25.027344,29,66,1,0,255,2,0,1782507971.310029,168
25.031006,25.027733,0.1680354,0.36817962,0.85128784,1,1,0,0.006713867,0.014709473,25.031006,60,66,0,0,255,2,0,1782507971.310029,168
25.035156,25.032118,0.11458875,0.37282425,0.8088074,1,1,0,0.0045776367,0.014892578,25.035156,60,66,0,0,255,2,0,1782507971.310029,168
25.034182,25.03128,0.062639445,0.37586528,0.72732544,1,1,0,0.0025024414,0.015014648,25.03418,60,66,0,0,255,2,0,1782507971.310029,168
25.034178,25.031286,0.0091667315,0.38044867,0.82180786,1,1,0,0.00036621094,0.015197754,25.03418,60,66,0,0,255,2,0,1782507971.310029,168
25.02417,25.016132,0.26263016,0.5772886,1.171875,1,1,0,0.010498047,0.023071289,25.02417,61,66,1,0,255,2,0,1782507971.310029,168
25.018066,25.010736,0.15723509,0.5847807,0.78704834,1,1,0,0.006286621,0.023376465,25.018066,61,66,1,0,255,2,0,1782507971.310029,168
25.02905,25.015217,0.32675543,0.7652345,0.7940674,1,1,0,0.013061523,0.030578613,25.029053,24,67,0,0,255,2,0,1782507971.4099338,169
25.031248,25.01903,0.16797698,0.7637746,0.6683655,1,1,0,0.006713867,0.030517578,25.03125,24,67,0,0,255,2,0,1782507971.4099338,169
25.033205,25.021278,0.11606633,0.7638342,0.70825195,1,1,0,0.004638672,0.030517578,25.033203,24,67,0,0,255,2,0,1782507971.4099338,169
25.03003,25.022776,0.2718646,0.53771317,0.69351196,1,1,0,0.010864258,0.021484375,25.03003,26,67,0,0,255,2,0,1782507971.4099338,169
25.021484,25.011623,-0.0,0.7024152,0.95843506,1,1,0,-0.0,0.028076172,25.021484,27,67,1,0,255,2,0,1782507971.4099338,169
25.02173,25.01593,0.26262805,0.4703515,0.6522217,1,1,0,0.010498047,0.018798828,25.021729,29,67,1,0,255,2,0,1782507971.4099338,169
25.012451,25.007145,0.21063645,0.47017708,0.6752014,1,1,0,0.008422852,0.018798828,25.012451,29,67,1,0,255,2,0,1782507971.4099338,169
25.025146,25.020754,-0.0,0.46888855,0.7744446,1,1,0,-0.0,0.018737793,25.025146,29,67,1,0,255,2,0,1782507971.4099338,169
25.021729,25.012537,0.36794776,0.5695983,0.80319214,1,1,0,0.014709473,0.022766113,25.021729,61,67,1,0,255,2,0,1782507971.4099338,169
25.020752,25.012167,0.31602746,0.57415634,0.6881714,1,1,0,0.012634277,0.022949219,25.020752,61,67,1,0,255,2,0,1782507971.4099338,169
25.013672,25.005621,0.26404622,0.57704645,0.7685852,1,1,0,0.010559082,0.023071289,25.013672,61,67,1,0,255,2,0,1782507971.4099338,169
25.019289,25.011637,0.21067429,0.58175594,0.8599243,1,1,0,0.008422852,0.023254395,25.019287,61,67,1,0,255,2,0,1782507971.4099338,169
25.019285,25.012115,0.10686394,0.58938915,0.83529663,1,1,0,0.004272461,0.02355957,25.019287,61,67,1,0,255,2,0,1782507971.4099338,169
25.018309,25.011185,0.0015265616,0.596999,0.695343,1,1,0,6.1035156e-05,0.023864746,25.01831,61,67,1,0,255,2,0,1782507971.4099338,169
25.032225,25.020569,0.009162807,0.7638044,0.6536255,1,2,0,0.00036621094,0.030517578,25.032227,24,68,0,0,255,2,0,1782507971.5101218,170
25.031494,25.02361,0.3222823,0.53927207,0.85562134,1,1,0,0.012878418,0.02154541,25.031494,26,68,0,0,255,2,0,1782507971.5101218,170
25.02124,25.014526,0.21680611,0.53752434,0.7420654,1,1,0,0.008666992,0.021484375,25.02124,26,68,0,0,255,2,0,1782507971.5101218,170
25.032715,25.026394,0.16497129,0.53777087,0.7862549,1,1,0,0.006591797,0.021484375,25.032715,26,68,0,0,255,2,0,1782507971.5101218,170
25.033201,25.027176,0.111510985,0.53778136,1.0012512,1,1,0,0.0044555664,0.021484375,25.033203,26,68,0,0,255,2,0,1782507971.5101218,170
25.021729,25.01052,0.25951788,0.7024221,0.71383667,1,1,0,0.010375977,0.028076172,25.021729,27,68,1,0,255,2,0,1782507971.5101218,170
25.01465,25.007591,0.363295,0.4702184,0.7480774,1,1,0,0.014526367,0.018798828,25.014648,29,68,1,0,255,2,0,1782507971.5101218,170
25.023924,25.018654,0.20615204,0.4703928,0.7251282,1,1,0,0.008239746,0.018798828,25.023926,29,68,1,0,255,2,0,1782507971.5101218,170
25.019289,25.014666,0.100767635,0.4703056,0.73883057,1,1,0,0.0040283203,0.018798828,25.019287,29,68,1,0,255,2,0,1782507971.5101218,170
25.014648,25.01021,0.048848126,0.46869186,0.82092285,1,1,0,0.001953125,0.018737793,25.014648,29,68,1,0,255,2,0,1782507971.5101218,170
25.02954,25.020952,0.31613848,0.574358,0.85043335,1,1,0,0.012634277,0.022949219,25.029541,61,68,1,0,255,2,0,1782507971.5101218,170
25.018066,25.010902,0.10533217,0.58936036,0.8147583,1,1,0,0.004211426,0.02355957,25.018066,61,68,1,0,255,2,0,1782507971.5101218,170
25.031738,25.024662,0.053458527,0.59273726,0.92233276,1,1,0,0.0021362305,0.02368164,25.031738,61,68,1,0,255,2,0,1782507971.5101218,170
25.0271,25.014893,0.16642234,0.7636479,0.6692505,1,1,0,0.006652832,0.030517578,25.0271,24,69,0,0,255,2,0,1782507971.609536,171
25.025146,25.013231,0.114502296,0.7635883,0.71951294,1,1,0,0.0045776367,0.030517578,25.025146,24,69,0,0,255,2,0,1782507971.609536,171
25.027098,25.015371,0.061072808,0.7636479,0.629364,1,2,0,0.0024414062,0.030517578,25.0271,24,69,0,0,255,2,0,1782507971.609536,171
25.030027,25.022137,0.32531834,0.53771317,0.8105469,1,1,0,0.013000488,0.021484375,25.03003,26,69,0,0,255,2,0,1782507971.609536,171
25.020264,25.014486,0.010687343,0.53750336,0.9984131,1,1,0,0.0004272461,0.021484375,25.020264,26,69,0,0,255,2,0,1782507971.609536,171
25.021484,25.01112,0.15876411,0.7024152,0.8640137,1,1,0,0.0063476562,0.028076172,25.021484,27,69,1,0,255,2,0,1782507971.609536,171
25.020752,25.01067,0.1053312,0.70239466,0.66763306,1,1,0,0.004211426,0.028076172,25.020752,27,69,1,0,255,2,0,1782507971.609536,171
25.02368,25.013819,0.0015267223,0.7024769,1.0056458,1,1,0,6.1035156e-05,0.028076172,25.023682,27,69,1,0,255,2,0,1782507971.609536,171
25.018066,25.010933,0.36639732,0.47180936,0.8188782,1,1,0,0.0146484375,0.018859863,25.018066,29,69,1,0,255,2,0,1782507971.609536,171
25.023924,25.015902,0.26110077,0.577283,0.85043335,1,1,0,0.010437012,0.023071289,25.023926,61,69,1,0,255,2,0,1782507971.609536,171
25.022459,25.01482,0.2091742,0.5818297,1.0056458,1,1,0,0.008361816,0.023254395,25.02246,61,69,1,0,255,2,0,1782507971.609536,171
25.018066,25.010908,0.10380563,0.58936036,0.8414612,1,1,0,0.0041503906,0.02355957,25.018066,61,69,1,0,255,2,0,1782507971.609536,171
25.029541,25.02247,0.05192659,0.5926852,0.77752686,1,1,0,0.0020751953,0.02368164,25.029541,61,69,1,0,255,2,0,1782507971.609536,171
25.00537,24.99825,-0.0,0.5966902,0.7678833,1,1,0,-0.0,0.023864746,25.005371,61,69,1,0,255,2,0,1782507971.609536,171
25.032225,25.01959,0.2214316,0.7638044,0.6484375,1,2,0,0.008850098,0.030517578,25.032227,24,70,0,0,255,2,0,1782507971.7100217,172
25.021242,25.009027,0.16790982,0.76346916,0.6683655,1,2,0,0.006713867,0.030517578,25.02124,24,70,0,0,255,2,0,1782507971.7100217,172
25.0271,25.015177,0.116038024,0.7636479,0.6285095,1,2,0,0.004638672,0.030517578,25.0271,24,70,0,0,255,2,0,1782507971.7100217,172
25.028074,25.01634,0.06412894,0.7636777,0.68743896,1,2,0,0.0025634766,0.030517578,25.028076,24,70,0,0,255,2,0,1782507971.7100217,172
25.01953,25.012247,0.2717502,0.53901434,1.0359192,1,1,0,0.010864258,0.02154541,25.019531,26,70,0,0,255,2,0,1782507971.7100217,172
25.021484,25.009604,0.31446835,0.7039418,1.1062012,1,1,0,0.012573242,0.028137207,25.021484,27,70,1,0,255,2,0,1782507971.7100217,172
25.018312,25.007967,0.15569127,0.7023261,0.67071533,1,1,0,0.006225586,0.028076172,25.01831,27,70,1,0,255,2,0,1782507971.7100217,172
25.026367,25.019232,0.36651886,0.4719659,0.79086304,1,1,0,0.0146484375,0.018859863,25.026367,29,70,1,0,255,2,0,1782507971.7100217,172
25.031982,25.029058,0.06263389,0.37735996,0.7568054,1,1,0,0.0025024414,0.015075684,25.031982,60,70,0,0,255,2,0,1782507971.7100217,172
25.028563,25.021395,0.10537637,0.58960766,0.81347656,1,1,0,0.004211426,0.02355957,25.028564,61,70,1,0,255,2,0,1782507971.7100217,172
25.017334,25.01021,0.0015265021,0.5969757,0.71795654,1,1,0,6.1035156e-05,0.023864746,25.017334,61,70,1,0,255,2,0,1782507971.7100217,172
25.026121,25.013441,0.22137718,0.7651449,0.644104,1,1,0,0.008850098,0.030578613,25.026123,24,71,0,0,255,2,0,1782507971.8098583,173
25.03003,25.01781,0.1679688,0.7637373,0.646698,1,2,0,0.006713867,0.030517578,25.03003,24,71,0,0,255,2,0,1782507971.8098583,173
25.032959,25.021034,0.1160652,0.7638267,0.74380493,1,2,0,0.004638672,0.030517578,25.032959,24,71,0,0,255,2,0,1782507971.8098583,173
25.025146,25.013416,0.06259474,0.7635883,0.658844,1,2,0,0.0025024414,0.030517578,25.025146,24,71,0,0,255,2,0,1782507971.8098583,173
25.032227,25.024923,0.2734155,0.53928787,0.7914734,1,1,0,0.010925293,0.02154541,25.032227,26,71,0,0,255,2,0,1782507971.8098583,173
25.03418,25.027838,0.1680361,0.53780234,1.0862122,1,1,0,0.006713867,0.021484375,25.03418,26,71,0,0,255,2,0,1782507971.8098583,173
25.031494,25.025448,0.11608567,0.53774464,0.82006836,1,1,0,0.004638672,0.021484375,25.031494,26,71,0,0,255,2,0,1782507971.8098583,173
25.016602,25.01075,0.062588066,0.53742474,1.1846008,1,1,0,0.0025024414,0.021484375,25.016602,26,71,0,0,255,2,0,1782507971.8098583,173
25.034668,25.023422,0.26270673,0.7027853,0.87713623,1,1,0,0.010498047,0.028076172,25.034668,27,71,1,0,255,2,0,1782507971.8098583,173
25.0271,25.024069,0.11302452,0.37270427,0.83047485,1,1,0,0.0045166016,0.014892578,25.0271,60,71,0,0,255,2,0,1782507971.8098583,173
25.02417,25.021275,0.06108722,0.375715,0.69177246,1,1,0,0.0024414062,0.015014648,25.02417,60,71,0,0,255,2,0,1782507971.8098583,173
25.015867,25.006702,0.36633533,0.5694649,0.8640137,1,1,0,0.0146484375,0.022766113,25.01587,61,71,1,0,255,2,0,1782507971.8098583,173
25.021729,25.014605,0.10382097,0.58791983,0.6871338,1,1,0,0.0041503906,0.023498535,25.021729,61,71,1,0,255,2,0,1782507971.8098583,173
25.025146,25.018057,-0.001526981,0.5956351,0.77752686,1,1,0,-6.1035156e-05,0.023803711,25.025146,61,71,1,0,255,2,0,1782507971.8098583,173
25.0271,25.013325,0.32214984,0.76517475,0.81399536,1,1,0,0.012878418,0.030578613,25.0271,24,72,0,0,255,2,0,1782507971.9100063,174
25.027098,25.014864,0.16336843,0.76517475,0.60769653,1,2,0,0.0065307617,0.030578613,25.0271,24,72,0,0,255,2,0,1782507971.9100063,174
25.031006,25.01935,0.0061082398,0.7637671,0.60076904,1,2,0,0.00024414062,0.030517578,25.031006,24,72,0,0,255,2,0,1782507971.9100063,174
25.02905,25.022295,0.22145554,0.5376922,0.82873535,1,1,0,0.008850098,0.021484375,25.029053,26,72,0,0,255,2,0,1782507971.9100063,174
25.033201,25.027344,0.06415715,0.53778136,0.7533264,1,1,0,0.0025634766,0.021484375,25.033203,26,72,0,0,255,2,0,1782507971.9100063,174
25.016111,25.005354,0.21214768,0.7022644,0.6224365,1,1,0,0.008483887,0.028076172,25.016113,27,72,1,0,255,2,0,1782507971.9100063,174
25.011477,25.001114,0.1587006,0.7021342,0.6141968,1,1,0,0.0063476562,0.028076172,25.011475,27,72,1,0,255,2,0,1782507971.9100063,174
25.026367,25.016275,0.10688171,0.70255226,0.91000366,1,1,0,0.004272461,0.028076172,25.026367,27,72,1,0,255,2,0,1782507971.9100063,174
25.020264,25.01313,0.36642948,0.47185078,0.99435425,1,1,0,0.0146484375,0.018859863,25.020264,29,72,1,0,255,2,0,1782507971.9100063,174
25.013918,25.00752,0.31444216,0.47020462,0.6470642,1,1,0,0.012573242,0.018798828,25.013916,29,72,1,0,255,2,0,1782507971.9100063,174
25.028566,25.024143,-0.0015273525,0.47048,0.86276245,1,1,0,-6.1035156e-05,0.018798828,25.028564,29,72,1,0,255,2,0,1782507971.9100063,174
25.031008,25.027723,0.16650769,0.36970723,0.9206238,1,1,0,0.006652832,0.014770508,25.031006,60,72,0,0,255,2,0,1782507971.9100063,174
25.020506,25.01759,0.061078224,0.37718698,0.75250244,1,1,0,0.0024414062,0.015075684,25.020508,60,72,0,0,255,2,0,1782507971.9100063,174
25.023684,25.020767,0.00916288,0.38181627,0.9871826,1,1,0,0.00036621094,0.015258789,25.023682,60,72,0,0,255,2,0,1782507971.9100063,174
25.026363,25.018997,0.15728703,0.5865018,0.79086304,1,1,0,0.006286621,0.0234375,25.026367,61,72,1,0,255,2,0,1782507971.9100063,174
25.026367,25.019207,0.103840075,0.5895559,0.7949829,1,1,0,0.0041503906,0.02355957,25.026367,61,72,1,0,255,2,0,1782507971.9100063,174
25.028564,25.021494,0.051924564,0.5926621,0.9315796,1,1,0,0.0020751953,0.02368164,25.028564,61,72,1,0,255,2,0,1782507971.9100063,174
25.034178,25.020359,0.32529524,0.76539123,0.72732544,1,1,0,0.013000488,0.030578613,25.03418,24,73,0,0,255,2,0,1782507972.0097337,175
25.03003,25.018112,0.11452464,0.7637373,0.83654785,1,1,0,0.0045776367,0.030517578,25.03003,24,73,0,0,255,2,0,1782507972.0097337,175
25.03247,25.020811,0.010690046,0.7638118,0.70825195,1,1,0,0.0004272461,0.030517578,25.03247,24,73,0,0,255,2,0,1782507972.0097337,175
25.025146,25.017263,0.3222006,0.53913534,0.6596985,1,1,0,0.012878418,0.02154541,25.025146,26,73,0,0,255,2,0,1782507972.0097337,175
25.031738,25.02502,0.21689709,0.5377499,0.7879944,1,1,0,0.008666992,0.021484375,25.031738,26,73,0,0,255,2,0,1782507972.0097337,175
25.025145,25.018837,0.16339439,0.53760827,0.74380493,1,1,0,0.0065307617,0.021484375,25.025146,26,73,0,0,255,2,0,1782507972.0097337,175
25.026121,25.020275,0.059557654,0.53762925,0.8088074,1,1,0,0.002380371,0.021484375,25.026123,26,73,0,0,255,2,0,1782507972.0097337,175
25.027102,25.021324,0.0061087217,0.5376502,0.6744385,1,1,0,0.00024414062,0.021484375,25.0271,26,73,0,0,255,2,0,1782507972.0097337,175
25.035156,25.025242,0.048877485,0.702799,0.98706055,1,1,0,0.001953125,0.028076172,25.035156,27,73,1,0,255,2,0,1782507972.0097337,175
25.028563,25.0187,-0.0030540405,0.70261395,0.8442688,1,1,0,-0.00012207031,0.028076172,25.028564,27,73,1,0,255,2,0,1782507972.0097337,175
25.03174,25.028694,0.11610073,0.37277335,0.7715454,1,1,0,0.004638672,0.014892578,25.031738,60,73,0,0,255,2,0,1782507972.0097337,175
25.033445,25.030552,0.010694208,0.38043752,0.7845459,1,1,0,0.0004272461,0.015197754,25.033447,60,73,0,0,255,2,0,1782507972.0097337,175
25.028564,25.02091,0.21075238,0.58197165,0.7744446,1,1,0,0.008422852,0.023254395,25.028564,61,73,1,0,255,2,0,1782507972.0097337,175
25.03198,25.018185,0.32373968,0.76532406,0.6371765,1,2,0,0.012939453,0.030578613,25.031982,24,74,0,0,255,2,0,1782507972.110012,176
25.026121,25.013502,0.21985091,0.7636181,0.69003296,1,2,0,0.0087890625,0.030517578,25.026123,24,74,0,0,255,2,0,1782507972.110012,176
25.025146,25.012941,0.16640936,0.7635883,0.614624,1,2,0,0.006652832,0.030517578,25.025146,24,74,0,0,255,2,0,1782507972.110012,176
25.026121,25.014206,0.11450676,0.7636181,0.42129517,1,2,0,0.0045776367,0.030517578,25.026123,24,74,0,0,255,2,0,1782507972.110012,176
25.028076,25.016348,0.061075192,0.7636777,0.3814392,1,2,0,0.0024414062,0.030517578,25.028076,24,74,0,0,255,2,0,1782507972.110012,176
25.031006,25.023735,0.2703475,0.5392616,0.7325134,1,1,0,0.010803223,0.02154541,25.031006,26,74,0,0,255,2,0,1782507972.110012,176
25.01831,25.012535,0.0076332204,0.53746146,1.1326599,1,1,0,0.00030517578,0.021484375,25.01831,26,74,0,0,255,2,0,1782507972.110012,176
25.031738,25.019167,0.36499056,0.70423025,0.8792114,1,1,0,0.014587402,0.028137207,25.031738,27,74,1,0,255,2,0,1782507972.110012,176
25.015137,25.004416,0.20756097,0.702237,0.61831665,1,1,0,0.008300781,0.028076172,25.015137,27,74,1,0,255,2,0,1782507972.110012,176
25.027344,25.022871,0.050400138,0.47045705,0.81552124,1,1,0,0.0020141602,0.018798828,25.027344,29,74,1,0,255,2,0,1782507972.110012,176
25.021729,25.017307,-0.0015269353,0.4703515,0.75183105,1,1,0,-6.1035156e-05,0.018798828,25.021729,29,74,1,0,255,2,0,1782507972.110012,176
25.022215,25.019156,0.114529416,0.37415862,0.67529297,1,1,0,0.0045776367,0.014953613,25.022217,60,74,0,0,255,2,0,1782507972.110012,176
25.032957,25.030016,0.06110856,0.37890238,0.83828735,1,1,0,0.0024414062,0.015136719,25.032959,60,74,0,0,255,2,0,1782507972.110012,176
25.020264,25.012192,0.2625888,0.5787252,0.97073364,1,1,0,0.010498047,0.023132324,25.020264,61,74,1,0,255,2,0,1782507972.110012,176
25.027342,25.019974,0.15729317,0.58652467,0.77853394,1,1,0,0.006286621,0.0234375,25.027344,61,74,1,0,255,2,0,1782507972.110012,176
25.031738,25.024532,0.10538959,0.5912098,0.76416016,1,1,0,0.004211426,0.023620605,25.031738,61,74,1,0,255,2,0,1782507972.110012,176
25.025146,25.01804,0.051917393,0.5941081,0.75183105,1,1,0,0.0020751953,0.023742676,25.025146,61,74,1,0,255,2,0,1782507972.110012,176
25.012451,25.005293,-0.0,0.59838533,0.703949,1,1,0,-0.0,0.023925781,25.012451,61,74,1,0,255,2,0,1782507972.110012,176
25.031982,25.019346,0.22142944,0.7637969,0.7663269,1,1,0,0.008850098,0.030517578,25.031982,24,75,0,0,255,2,0,1782507972.2100976,177
25.03125,25.01902,0.16950402,0.7637746,0.6770325,1,2,0,0.0067749023,0.030517578,25.03125,24,75,0,0,255,2,0,1782507972.2100976,177
25.027098,25.01517,0.117564835,0.7636479,0.71606445,1,2,0,0.004699707,0.030517578,25.0271,24,75,0,0,255,2,0,1782507972.2100976,177
25.031736,25.020079,0.012216836,0.7637895,0.68743896,1,2,0,0.00048828125,0.030517578,25.031738,24,75,0,0,255,2,0,1782507972.2100976,177
25.018312,25.010412,0.3236391,0.53898805,1.053833,1,1,0,0.012939453,0.02154541,25.01831,26,75,0,0,255,2,0,1782507972.2100976,177
25.013914,25.003181,0.20907688,0.70220274,0.6593933,1,1,0,0.008361816,0.028076172,25.013916,27,75,1,0,255,2,0,1782507972.2100976,177
25.015139,25.008057,0.36482847,0.47022757,0.599823,1,1,0,0.014587402,0.018798828,25.015137,29,75,1,0,255,2,0,1782507972.2100976,177
25.013672,25.007296,0.31291276,0.47020003,0.71728516,1,1,0,0.012512207,0.018798828,25.013672,29,75,1,0,255,2,0,1782507972.2100976,177
25.012451,25.008032,-0.0015263691,0.47017708,0.7244568,1,1,0,-6.1035156e-05,0.018798828,25.012451,29,75,1,0,255,2,0,1782507972.2100976,177
25.032223,25.029308,0.059579156,0.37736362,0.70477295,1,1,0,0.002380371,0.015075684,25.032227,60,75,0,0,255,2,0,1782507972.2100976,177
25.023926,25.015398,0.3114871,0.5742292,0.6460571,1,1,0,0.012451172,0.022949219,25.023926,61,75,1,0,255,2,0,1782507972.2100976,177
25.02246,25.015114,0.15420888,0.5864102,0.8229675,1,1,0,0.006164551,0.0234375,25.02246,61,75,1,0,255,2,0,1782507972.2100976,177
25.028566,25.02141,0.10232201,0.58960766,0.9552002,1,1,0,0.0040893555,0.02355957,25.028564,61,75,1,0,255,2,0,1782507972.2100976,177
25.02075,25.013647,0.05038156,0.5940038,0.7631531,1,1,0,0.0020141602,0.023742676,25.020752,61,75,1,0,255,2,0,1782507972.2100976,177
25.031734,25.01792,0.3252635,0.7653166,0.6718445,1,2,0,0.013000488,0.030578613,25.031738,24,76,0,0,255,2,0,1782507972.3100145,178
25.032959,25.021225,0.062614284,0.7638267,0.640625,1,2,0,0.0025024414,0.030517578,25.032959,24,76,0,0,255,2,0,1782507972.3100145,178
25.03198,25.020323,0.010689837,0.7637969,0.45510864,1,2,0,0.0004272461,0.030517578,25.031982,24,76,0,0,255,2,0,1782507972.3100145,178
25.020752,25.010838,0.051902447,0.70239466,0.70150757,1,1,0,0.0020751953,0.028076172,25.020752,27,76,1,0,255,2,0,1782507972.3100145,178
25.02173,25.014647,0.3649246,0.4703515,0.71383667,1,1,0,0.014587402,0.018798828,25.021729,29,76,1,0,255,2,0,1782507972.3100145,178
25.029543,25.023773,0.2596554,0.47049835,0.8340149,1,1,0,0.010375977,0.018798828,25.029541,29,76,1,0,255,2,0,1782507972.3100145,178
25.031494,25.027819,0.21997674,0.3681868,0.82354736,1,1,0,0.0087890625,0.014709473,25.031494,60,76,0,0,255,2,0,1782507972.3100145,178
25.032715,25.029625,0.11610504,0.3758433,0.95706177,1,1,0,0.004638672,0.015014648,25.032715,60,76,0,0,255,2,0,1782507972.3100145,178
25.033934,25.030989,0.062638715,0.37891716,0.72732544,1,1,0,0.0025024414,0.015136719,25.033936,60,76,0,0,255,2,0,1782507972.3100145,178
25.01953,25.01091,0.3160116,0.575655,0.65631104,1,1,0,0.012634277,0.023010254,25.019531,61,76,1,0,255,2,0,1782507972.3100145,178
25.023926,25.016514,0.15879835,0.5879715,0.7477417,1,1,0,0.0063476562,0.023498535,25.023926,61,76,1,0,255,2,0,1782507972.3100145,178
25.023926,25.016764,0.0015269021,0.5986598,0.7744446,1,1,0,6.1035156e-05,0.023925781,25.023926,61,76,1,0,255,2,0,1782507972.3100145,178
25.032715,25.020515,0.16493253,0.7638193,0.664917,1,2,0,0.006591797,0.030517578,25.032715,24,77,0,0,255,2,0,1782507972.4094126,179
25.031494,25.024256,0.2703531,0.53774464,1.0584717,1,1,0,0.010803223,0.021484375,25.031494,26,77,0,0,255,2,0,1782507972.4094126,179
25.033936,25.027205,0.21844368,0.5377971,0.86602783,1,1,0,0.008728027,0.021484375,25.033936,26,77,0,0,255,2,0,1782507972.4094126,179
25.033201,25.02717,0.113038525,0.53778136,0.83047485,1,1,0,0.0045166016,0.021484375,25.033203,26,77,0,0,255,2,0,1782507972.4094126,179
25.021729,25.011383,0.15571253,0.7024221,0.6717224,1,1,0,0.006225586,0.028076172,25.021729,27,77,1,0,255,2,0,1782507972.4094126,179
25.02954,25.022427,0.3650381,0.47202575,0.7713623,1,1,0,0.014587402,0.018859863,25.029541,29,77,1,0,255,2,0,1782507972.4094126,179
25.015871,25.011242,0.10228043,0.47024134,0.83529663,1,1,0,0.0040893555,0.018798828,25.01587,29,77,1,0,255,2,0,1782507972.4094126,179
25.028564,25.019394,0.36652124,0.5697539,0.77545166,1,1,0,0.0146484375,0.022766113,25.028564,61,77,1,0,255,2,0,1782507972.4094126,179
25.018064,25.010462,0.20913777,0.58020097,0.75320435,1,1,0,0.008361816,0.02319336,25.018066,61,77,1,0,255,2,0,1782507972.4094126,179
25.031738,25.024414,0.15579365,0.58510023,0.76416016,1,1,0,0.006225586,0.023376465,25.031738,61,77,1,0,255,2,0,1782507972.4094126,179
25.031734,25.019054,0.22142686,0.7653166,0.7914734,1,1,0,0.008850098,0.030578613,25.031738,24,78,0,0,255,2,0,1782507972.5100417,180
25.031006,25.018776,0.16950236,0.7637671,0.6336975,1,2,0,0.0067749023,0.030517578,25.031006,24,78,0,0,255,2,0,1782507972.5100417,180
25.028076,25.016153,0.116042554,0.7636777,0.6189575,1,2,0,0.004638672,0.030517578,25.028076,24,78,0,0,255,2,0,1782507972.5100417,180
25.031494,25.019756,0.0641377,0.763782,0.4091797,1,2,0,0.0025634766,0.030517578,25.031494,24,78,0,0,255,2,0,1782507972.5100417,180
25.02905,25.017395,0.010688586,0.7637075,0.4022522,1,2,0,0.0004272461,0.030517578,25.029053,24,78,0,0,255,2,0,1782507972.5100417,180
25.026121,25.018232,0.32526758,0.53762925,0.84002686,1,1,0,0.013000488,0.021484375,25.026123,26,78,0,0,255,2,0,1782507972.5100417,180
25.03418,25.027435,0.21997337,0.53780234,1.0584717,1,1,0,0.0087890625,0.021484375,25.03418,26,78,0,0,255,2,0,1782507972.5100417,180
25.016846,25.006493,0.15720841,0.702285,0.90301514,1,1,0,0.006286621,0.028076172,25.016846,27,78,1,0,255,2,0,1782507972.5100417,180
25.019531,25.009449,0.10532606,0.7023604,0.70358276,1,1,0,0.004211426,0.028076172,25.019531,27,78,1,0,255,2,0,1782507972.5100417,180
25.02246,25.015305,0.36798847,0.47189224,0.991272,1,1,0,0.014709473,0.018859863,25.02246,29,78,1,0,255,2,0,1782507972.5100417,180
25.025145,25.018698,0.31611,0.47194287,0.8360596,1,1,0,0.012634277,0.018859863,25.025146,29,78,1,0,255,2,0,1782507972.5100417,180
25.030762,25.02634,0.0015274866,0.4705213,0.9161682,1,1,0,6.1035156e-05,0.018798828,25.030762,29,78,1,0,255,2,0,1782507972.5100417,180
25.012451,25.00323,0.36781082,0.5709134,0.726532,1,1,0,0.014709473,0.022827148,25.012451,61,78,1,0,255,2,0,1782507972.5100417,180
25.020264,25.011642,0.31602085,0.5756718,0.98202515,1,1,0,0.012634277,0.023010254,25.020264,61,78,1,0,255,2,0,1782507972.5100417,180
25.029541,25.022163,0.15883422,0.58657616,0.91412354,1,1,0,0.0063476562,0.0234375,25.029541,61,78,1,0,255,2,0,1782507972.5100417,180
25.02905,25.015257,0.3237018,0.7652345,0.69784546,1,1,0,0.012939453,0.030578613,25.029053,24,79,0,0,255,2,0,1782507972.6102943,181
25.031248,25.019339,0.11300316,0.7637746,0.6397705,1,2,0,0.0045166016,0.030517578,25.03125,24,79,0,0,255,2,0,1782507972.6102943,181
25.03003,25.022776,0.26880968,0.53924054,0.68743896,1,1,0,0.0107421875,0.02154541,25.03003,26,79,0,0,255,2,0,1782507972.6102943,181
25.031738,25.024988,0.2168968,0.5392773,0.7680664,1,1,0,0.008666992,0.02154541,25.031738,26,79,0,0,255,2,0,1782507972.6102943,181
25.031736,25.025711,0.11150446,0.5377499,0.7715454,1,1,0,0.0044555664,0.021484375,25.031738,26,79,0,0,255,2,0,1782507972.6102943,181
25.021482,25.015707,0.0076341885,0.5375296,0.7689514,1,1,0,0.00030517578,0.021484375,25.021484,26,79,0,0,255,2,0,1782507972.6102943,181
25.026367,25.015114,0.25956556,0.70407915,0.76623535,1,1,0,0.010375977,0.028137207,25.026367,27,79,1,0,255,2,0,1782507972.6102943,181
25.028564,25.017796,0.20767203,0.70414096,0.7693176,1,1,0,0.008300781,0.028137207,25.028564,27,79,1,0,255,2,0,1782507972.6102943,181
25.013672,25.006569,0.3663334,0.47020003,0.67211914,1,1,0,0.0146484375,0.018798828,25.013672,29,79,1,0,255,2,0,1782507972.6102943,181
25.021486,25.015106,0.31301048,0.4703469,0.8127136,1,1,0,0.012512207,0.018798828,25.021484,29,79,1,0,255,2,0,1782507972.6102943,181
25.019775,25.016516,0.16643314,0.36801443,1.0443115,1,1,0,0.006652832,0.014709473,25.019775,60,79,0,0,255,2,0,1782507972.6102943,181
25.019287,25.016396,0.009161279,0.38022232,1.3067017,1,1,0,0.00036621094,0.015197754,25.019287,60,79,0,0,255,2,0,1782507972.6102943,181
25.027344,25.018173,0.36650336,0.5697261,0.6984253,1,1,0,0.0146484375,0.022766113,25.027344,61,79,1,0,255,2,0,1782507972.6102943,181
25.01831,25.010706,0.20913981,0.58020663,0.6974182,1,1,0,0.008361816,0.02319336,25.01831,61,79,1,0,255,2,0,1782507972.6102943,181
25.021729,25.014599,0.105347745,0.58791983,0.6511841,1,1,0,0.004211426,0.023498535,25.021729,61,79,1,0,255,2,0,1782507972.6102943,181
25.03247,25.019308,0.27029964,0.76533896,0.7489929,1,1,0,0.010803223,0.030578613,25.03247,24,80,0,0,255,2,0,1782507972.7100446,182
25.02905,25.016445,0.21834977,0.7637075,0.7862549,1,1,0,0.008728027,0.030517578,25.029053,24,80,0,0,255,2,0,1782507972.7100446,182
25.026121,25.013926,0.1648891,0.7636181,0.6744385,1,1,0,0.006591797,0.030517578,25.026123,24,80,0,0,255,2,0,1782507972.7100446,182
25.032225,25.020315,0.11300757,0.7638044,0.97177124,1,1,0,0.0045166016,0.030517578,25.032227,24,80,0,0,255,2,0,1782507972.7100446,182
25.03418,25.022522,0.007636268,0.763864,0.72906494,1,1,0,0.00030517578,0.030517578,25.03418,24,80,0,0,255,2,0,1782507972.7100446,182
25.031006,25.023767,0.27034783,0.53773415,0.84002686,1,1,0,0.010803223,0.021484375,25.031006,26,80,0,0,255,2,0,1782507972.7100446,182
25.02246,25.0106,0.3129541,0.7039693,0.9656067,1,1,0,0.012512207,0.028137207,25.02246,27,80,1,0,255,2,0,1782507972.7100446,182
25.016111,25.005379,0.20909525,0.7022644,0.65734863,1,1,0,0.008361816,0.028076172,25.016113,27,80,1,0,255,2,0,1782507972.7100446,182
25.030762,25.023624,0.36658323,0.47204876,0.7867737,1,1,0,0.0146484375,0.018859863,25.030762,29,80,1,0,255,2,0,1782507972.7100446,182
25.031738,25.028433,0.16651241,0.37124568,0.7489929,1,1,0,0.006652832,0.014831543,25.031738,60,80,0,0,255,2,0,1782507972.7100446,182
25.032957,25.029903,0.11305087,0.37431926,0.70477295,1,1,0,0.0045166016,0.014953613,25.032959,60,80,0,0,255,2,0,1782507972.7100446,182
25.026123,25.023209,0.009163774,0.38185352,0.71951294,1,1,0,0.00036621094,0.015258789,25.026123,60,80,0,0,255,2,0,1782507972.7100446,182
25.025146,25.015944,0.3664707,0.5712031,0.7364502,1,1,0,0.0146484375,0.022827148,25.025146,61,80,1,0,255,2,0,1782507972.7100446,182
25.03076,25.022175,0.31309897,0.57591337,0.9038696,1,1,0,0.012512207,0.023010254,25.030762,61,80,1,0,255,2,0,1782507972.7100446,182
25.027344,25.019667,0.20921473,0.5834704,0.76828,1,1,0,0.008361816,0.02331543,25.027344,61,80,1,0,255,2,0,1782507972.7100446,182
25.028564,25.021206,0.15577368,0.5865533,0.7836914,1,1,0,0.006225586,0.0234375,25.028564,61,80,1,0,255,2,0,1782507972.7100446,182
25.019531,25.012426,0.051905748,0.59397477,0.5885315,1,1,0,0.0020751953,0.023742676,25.019531,61,80,1,0,255,2,0,1782507972.7100446,182
25.021484,25.014322,-0.0015267531,0.5986014,1.0004883,1,1,0,-6.1035156e-05,0.023925781,25.021484,61,80,1,0,255,2,0,1782507972.7100446,182
25.031248,25.0181,0.27334097,0.7637746,0.71084595,1,1,0,0.010925293,0.030517578,25.03125,24,81,0,0,255,2,0,1782507972.8103323,183
25.032225,25.019604,0.21990454,0.7638044,0.73599243,1,1,0,0.0087890625,0.030517578,25.032227,24,81,0,0,255,2,0,1782507972.8103323,183
25.032225,25.020006,0.16798353,0.7638044,0.43170166,1,1,0,0.006713867,0.030517578,25.032227,24,81,0,0,255,2,0,1782507972.8103323,183
25.032715,25.020796,0.114536926,0.7638193,0.8009949,1,2,0,0.0045776367,0.030517578,25.032715,24,81,0,0,255,2,0,1782507972.8103323,183
25.03003,25.023312,0.21688227,0.53771317,0.8027344,1,1,0,0.008666992,0.021484375,25.03003,26,81,0,0,255,2,0,1782507972.8103323,183
25.016602,25.010828,0.006106159,0.53742474,0.89019775,1,1,0,0.00024414062,0.021484375,25.016602,26,81,0,0,255,2,0,1782507972.8103323,183
25.018066,25.00627,0.31137344,0.70231926,0.8373413,1,1,0,0.012451172,0.028076172,25.018066,27,81,1,0,255,2,0,1782507972.8103323,183
25.026367,25.016504,-0.0030537725,0.70255226,0.8565979,1,1,0,-0.00012207031,0.028076172,25.026367,27,81,1,0,255,2,0,1782507972.8103323,183
25.032227,25.028961,0.16346051,0.36972526,0.7958069,1,1,0,0.0065307617,0.014770508,25.032227,60,81,0,0,255,2,0,1782507972.8103323,183
25.022701,25.019789,0.059556495,0.3772201,0.89019775,1,1,0,0.002380371,0.015075684,25.022705,60,81,0,0,255,2,0,1782507972.8103323,183
25.028076,25.025185,0.006109664,0.3803559,0.82180786,1,1,0,0.00024414062,0.015197754,25.028076,60,81,0,0,255,2,0,1782507972.8103323,183
25.025146,25.01753,0.20614278,0.5818922,0.7210388,1,1,0,0.008239746,0.023254395,25.025146,61,81,1,0,255,2,0,1782507972.8103323,183
25.023926,25.016773,0.10230305,0.5894984,0.7220459,1,1,0,0.0040893555,0.02355957,25.023926,61,81,1,0,255,2,0,1782507972.8103323,183
25.015137,25.008013,-0.003052736,0.59692323,0.6213989,1,1,0,-0.00012207031,0.023864746,25.015137,61,81,1,0,255,2,0,1782507972.8103323,183
25.032469,25.018652,0.32527304,0.76533896,0.8009949,1,1,0,0.013000488,0.030578613,25.03247,24,82,0,0,255,2,0,1782507972.9098506,184
25.032715,25.020092,0.21990883,0.7638193,0.7342529,1,1,0,0.0087890625,0.030517578,25.032715,24,82,0,0,255,2,0,1782507972.9098506,184
25.031736,25.019518,0.16798025,0.7637895,0.7602539,1,2,0,0.006713867,0.030517578,25.031738,24,82,0,0,255,2,0,1782507972.9098506,184
25.03418,25.02226,0.114543624,0.763864,0.8807678,1,2,0,0.0045776367,0.030517578,25.03418,24,82,0,0,255,2,0,1782507972.9098506,184
25.034182,25.026327,0.32231733,0.53780234,1.0029907,1,1,0,0.012878418,0.021484375,25.03418,26,82,0,0,255,2,0,1782507972.9098506,184
25.019775,25.012558,0.2686999,0.5374929,0.9802551,1,1,0,0.0107421875,0.021484375,25.019775,26,82,0,0,255,2,0,1782507972.9098506,184
25.032715,25.025997,0.21690555,0.53777087,1.0212097,1,1,0,0.008666992,0.021484375,25.032715,26,82,0,0,255,2,0,1782507972.9098506,184
25.019287,25.01297,0.1648828,0.5374824,1.04953,1,1,0,0.006591797,0.021484375,25.019287,26,82,0,0,255,2,0,1782507972.9098506,184
25.020994,25.015219,0.0076340395,0.5375191,0.82611084,1,1,0,0.00030517578,0.021484375,25.020996,26,82,0,0,255,2,0,1782507972.9098506,184
25.018314,25.006514,0.31137648,0.7023261,0.69021606,1,1,0,0.012451172,0.028076172,25.01831,27,82,1,0,255,2,0,1782507972.9098506,184
25.018066,25.007732,0.15416339,0.70231926,0.7809143,1,1,0,0.006164551,0.028076172,25.018066,27,82,1,0,255,2,0,1782507972.9098506,184
25.029541,25.019676,-0.0030541597,0.70264137,0.8812561,1,1,0,-0.00012207031,0.028076172,25.029541,27,82,1,0,255,2,0,1782507972.9098506,184
25.013674,25.007277,0.3144391,0.47020003,0.7922058,1,1,0,0.012573242,0.018798828,25.013672,29,82,1,0,255,2,0,1782507972.9098506,184
25.021729,25.01642,0.21071458,0.4703515,0.6737976,1,1,0,0.008422852,0.018798828,25.021729,29,82,1,0,255,2,0,1782507972.9098506,184
25.015139,25.010496,0.10533047,0.47022757,0.61727905,1,1,0,0.004211426,0.018798828,25.015137,29,82,1,0,255,2,0,1782507972.9098506,184
25.03247,25.029394,0.11763169,0.37431195,0.71951294,1,1,0,0.004699707,0.014953613,25.03247,60,82,0,0,255,2,0,1782507972.9098506,184
25.032713,25.029797,0.012221581,0.38195407,0.85128784,1,1,0,0.00048828125,0.015258789,25.032715,60,82,0,0,255,2,0,1782507972.9098506,184
25.034424,25.025816,0.31772763,0.57447004,0.68777466,1,1,0,0.0126953125,0.022949219,25.034424,61,82,1,0,255,2,0,1782507972.9098506,184
25.02295,25.01486,0.26414376,0.5787873,0.7251282,1,1,0,0.010559082,0.023132324,25.02295,61,82,1,0,255,2,0,1782507972.9098506,184
25.025143,25.017757,0.16033329,0.58647317,0.7076721,1,1,0,0.0064086914,0.0234375,25.025146,61,82,1,0,255,2,0,1782507972.9098506,184
25.031738,25.024563,0.10691712,0.58968246,0.8175659,1,1,0,0.004272461,0.02355957,25.031738,61,82,1,0,255,2,0,1782507972.9098506,184
25.027344,25.02023,0.054976173,0.59416026,0.8340149,1,1,0,0.0021972656,0.023742676,25.027344,61,82,1,0,255,2,0,1782507972.9098506,184
25.019285,25.012161,0.0015266212,0.5970223,0.83529663,1,1,0,6.1035156e-05,0.023864746,25.019287,61,82,1,0,255,2,0,1782507972.9098506,184
25.032715,25.019535,0.2718294,0.7653464,0.7940674,1,1,0,0.010864258,0.030578613,25.032715,24,83,0,0,255,2,0,1782507973.0103636,185
25.013672,25.009201,0.050372604,0.47020003,0.7675781,1,1,0,0.0020141602,0.018798828,25.013672,29,83,1,0,255,2,0,1782507973.0103636,185
25.032715,25.029728,0.11305008,0.36973247,1.0142517,1,1,0,0.0045166016,0.014770508,25.032715,60,83,0,0,255,2,0,1782507973.0103636,185
25.014648,25.0118,0.06106409,0.37251884,0.88586426,1,1,0,0.0024414062,0.014892578,25.014648,60,83,0,0,255,2,0,1782507973.0103636,185
25.031004,25.028158,0.0076379883,0.37734523,0.71432495,1,1,0,0.00030517578,0.015075684,25.031006,60,83,0,0,255,2,0,1782507973.0103636,185
25.031738,25.022636,0.36656877,0.5667713,0.8812561,1,1,0,0.0146484375,0.022644043,25.031738,61,83,1,0,255,2,0,1782507973.0103636,185
25.020752,25.01231,0.3129755,0.5695761,0.695343,1,1,0,0.012512207,0.022766113,25.020752,61,83,1,0,255,2,0,1782507973.0103636,185
25.01831,25.01036,0.26104292,0.5741003,0.68096924,1,1,0,0.010437012,0.022949219,25.01831,61,83,1,0,255,2,0,1782507973.0103636,185
25.026365,25.018831,0.20920774,0.57733935,0.77853394,1,1,0,0.008361816,0.023071289,25.026367,61,83,1,0,255,2,0,1782507973.0103636,185
25.027344,25.020092,0.15576674,0.5819433,0.79293823,1,1,0,0.006225586,0.023254395,25.027344,61,83,1,0,255,2,0,1782507973.0103636,185
25.026367,25.019314,0.103840515,0.5849747,0.829895,1,1,0,0.0041503906,0.023376465,25.026367,61,83,1,0,255,2,0,1782507973.0103636,185
25.030762,25.023764,0.050401937,0.58965945,0.8668823,1,1,0,0.0020141602,0.02355957,25.030762,61,83,1,0,255,2,0,1782507973.0103636,185
25.030762,25.023743,-0.001527328,0.59271413,0.8812561,1,1,0,-6.1035156e-05,0.02368164,25.030762,61,83,1,0,255,2,0,1782507973.0103636,185
25.033936,25.021715,0.167995,0.76385653,0.7732544,1,1,0,0.006713867,0.030517578,25.033936,24,84,0,0,255,2,0,1782507973.1095388,186
25.03125,25.019325,0.11605727,0.7637746,0.7845459,1,1,0,0.004638672,0.030517578,25.03125,24,84,0,0,255,2,0,1782507973.1095388,186
25.03125,25.023417,0.32075226,0.5377394,0.7637329,1,1,0,0.012817383,0.021484375,25.03125,26,84,0,0,255,2,0,1782507973.1095388,186
25.031252,25.024046,0.2672958,0.5377394,0.96917725,1,1,0,0.010681152,0.021484375,25.03125,26,84,0,0,255,2,0,1782507973.1095388,186
25.021727,25.01571,0.10993304,0.53753483,0.8607483,1,1,0,0.0043945312,0.021484375,25.021729,26,84,0,0,255,2,0,1782507973.1095388,186
25.01831,25.012537,0.0045799324,0.53746146,0.6970825,1,1,0,0.00018310547,0.021484375,25.01831,26,84,0,0,255,2,0,1782507973.1095388,186
25.021729,25.009947,0.30989254,0.7024221,0.72821045,1,1,0,0.012390137,0.028076172,25.021729,27,84,1,0,255,2,0,1782507973.1095388,186
25.023924,25.012732,0.25801402,0.7024838,0.67993164,1,1,0,0.010314941,0.028076172,25.023926,27,84,1,0,255,2,0,1782507973.1095388,186
25.027342,25.01663,0.20613536,0.7025797,0.85043335,1,1,0,0.008239746,0.028076172,25.027344,27,84,1,0,255,2,0,1782507973.1095388,186
25.025146,25.014818,0.15268023,0.70251805,0.868927,1,1,0,0.0061035156,0.028076172,25.025146,27,84,1,0,255,2,0,1782507973.1095388,186
25.030762,25.020897,-0.004581463,0.70267564,0.80526733,1,1,0,-0.00018310547,0.028076172,25.030762,27,84,1,0,255,2,0,1782507973.1095388,186
25.028566,25.022749,0.26422706,0.47048,0.76623535,1,1,0,0.010559082,0.018798828,25.028564,29,84,1,0,255,2,0,1782507973.1095388,186
25.021484,25.017063,0.0015269204,0.4703469,0.8250427,1,1,0,6.1035156e-05,0.018798828,25.021484,29,84,1,0,255,2,0,1782507973.1095388,186
25.034182,25.031136,0.11611205,0.3728097,0.84869385,1,1,0,0.004638672,0.014892578,25.03418,60,84,0,0,255,2,0,1782507973.1095388,186
25.031006,25.028103,0.064159095,0.37581763,0.7828064,1,1,0,0.0025634766,0.015014648,25.031006,60,84,0,0,255,2,0,1782507973.1095388,186
25.028074,25.02518,0.0122193275,0.3803559,0.72906494,1,1,0,0.00048828125,0.015197754,25.028076,60,84,0,0,255,2,0,1782507973.1095388,186
25.029543,25.021486,0.26421374,0.57741255,0.9182434,1,1,0,0.010559082,0.023071289,25.029541,61,84,1,0,255,2,0,1782507973.1095388,186
25.02295,25.015608,0.1587926,0.58489484,0.71383667,1,1,0,0.0063476562,0.023376465,25.02295,61,84,1,0,255,2,0,1782507973.1095388,186
25.03003,25.017763,0.16796847,0.76526433,0.6423645,1,1,0,0.006713867,0.030578613,25.03003,24,85,0,0,255,2,0,1782507973.209951,187
25.025146,25.017895,0.27181157,0.53760827,0.86602783,1,1,0,0.010864258,0.021484375,25.025146,26,85,0,0,255,2,0,1782507973.209951,187
25.013672,25.006947,0.21826684,0.5373618,0.8546753,1,1,0,0.008728027,0.021484375,25.013672,26,85,0,0,255,2,0,1782507973.209951,187
25.020264,25.014488,0.00916058,0.53750336,0.726532,1,1,0,0.00036621094,0.021484375,25.020264,26,85,0,0,255,2,0,1782507973.209951,187
25.012453,25.005327,0.3678417,0.47017708,0.7922058,1,1,0,0.014709473,0.018798828,25.012451,29,85,1,0,255,2,0,1782507973.209951,187
25.012451,25.00781,0.10531916,0.47017708,0.7213745,1,1,0,0.004211426,0.018798828,25.012451,29,85,1,0,255,2,0,1782507973.209951,187
25.012451,25.007975,0.05342288,0.47017708,0.7213745,1,1,0,0.0021362305,0.018798828,25.012451,29,85,1,0,255,2,0,1782507973.209951,187
25.026125,25.02282,0.16952975,0.3696351,0.83828735,1,1,0,0.0067749023,0.014770508,25.026123,60,85,0,0,255,2,0,1782507973.209951,187
25.0271,25.024048,0.117606565,0.37270427,0.7403259,2,2,0,0.004699707,0.014892578,25.0271,60,85,0,0,255,2,0,1782507973.209951,187
25.031736,25.028843,0.012221116,0.38041157,0.7619934,1,1,0,0.00048828125,0.015197754,25.031738,60,85,0,0,255,2,0,1782507973.209951,187
25.019531,25.010962,0.31753904,0.5726016,0.695343,1,1,0,0.0126953125,0.022888184,25.019531,61,85,1,0,255,2,0,1782507973.209951,187
25.018066,25.010014,0.2640926,0.57714784,0.7706299,1,1,0,0.010559082,0.023071289,25.018066,61,85,1,0,255,2,0,1782507973.209951,187
25.016848,25.009218,0.21218048,0.5801727,0.8475952,1,1,0,0.008483887,0.02319336,25.016846,61,85,1,0,255,2,0,1782507973.209951,187
25.01953,25.01218,0.16029756,0.5848149,0.65631104,1,1,0,0.0064086914,0.023376465,25.019531,61,85,1,0,255,2,0,1782507973.209951,187
25.014648,25.007576,0.05494837,0.59233254,0.76242065,1,1,0,0.0021972656,0.02368164,25.014648,61,85,1,0,255,2,0,1782507973.209951,187
25.026121,25.013859,0.16794224,0.7651449,0.44903564,1,2,0,0.006713867,0.030578613,25.026123,24,86,0,0,255,2,0,1782507973.310012,188
25.028074,25.016344,0.062602066,0.7636777,0.35272217,1,2,0,0.0025024414,0.030517578,25.028076,24,86,0,0,255,2,0,1782507973.310012,188
25.028563,25.015995,0.36494428,0.70414096,0.92645264,1,1,0,0.014587402,0.028137207,25.028564,27,86,1,0,255,2,0,1782507973.310012,188
25.017334,25.006613,0.20757921,0.7022987,0.67993164,1,1,0,0.008300781,0.028076172,25.017334,27,86,1,0,255,2,0,1782507973.310012,188
25.025146,25.019875,0.2061621,0.47041574,0.6286011,1,1,0,0.008239746,0.018798828,25.025146,29,86,1,0,255,2,0,1782507973.310012,188
25.014648,25.010181,0.04884807,0.4702184,0.86608887,1,1,0,0.001953125,0.018798828,25.014648,29,86,1,0,255,2,0,1782507973.310012,188
25.033447,25.030174,0.1680518,0.36821553,0.9310303,1,1,0,0.006713867,0.014709473,25.033447,60,86,0,0,255,2,0,1782507973.310012,188
25.013672,25.010775,0.06258813,0.37555736,0.82611084,1,1,0,0.0025024414,0.015014648,25.013672,60,86,0,0,255,2,0,1782507973.310012,188
25.010256,25.003128,0.105299436,0.58765024,0.7121582,1,1,0,0.004211426,0.023498535,25.010254,61,86,1,0,255,2,0,1782507973.310012,188
25.022459,25.015371,0.0015268171,0.59557116,0.96765137,1,1,0,6.1035156e-05,0.023803711,25.02246,61,86,1,0,255,2,0,1782507973.310012,188
25.029055,25.016846,0.16643533,0.7637075,0.7325134,1,2,0,0.006652832,0.030517578,25.029053,24,87,0,0,255,2,0,1782507973.4097877,189
25.032715,25.021057,0.009162986,0.7638193,0.7637329,1,2,0,0.00036621094,0.030517578,25.032715,24,87,0,0,255,2,0,1782507973.4097877,189
25.031738,25.021873,-0.003054428,0.70270306,0.80319214,1,1,0,-0.00012207031,0.028076172,25.031738,27,87,1,0,255,2,0,1782507973.4097877,189
25.023926,25.016813,0.36495623,0.47191986,0.750824,1,1,0,0.014587402,0.018859863,25.023926,29,87,1,0,255,2,0,1782507973.4097877,189
25.01807,25.01169,0.31296775,0.47028264,0.77371216,1,1,0,0.012512207,0.018798828,25.018066,29,87,1,0,255,2,0,1782507973.4097877,189
25.019289,25.014006,0.20764057,0.4703056,0.8496704,1,1,0,0.008300781,0.018798828,25.019287,29,87,1,0,255,2,0,1782507973.4097877,189
25.02417,25.019749,-0.0015270843,0.47039738,0.9091797,1,1,0,-6.1035156e-05,0.018798828,25.02417,29,87,1,0,255,2,0,1782507973.4097877,189
25.031006,25.027733,0.16498011,0.36970723,0.67529297,1,1,0,0.006591797,0.014770508,25.031006,60,87,0,0,255,2,0,1782507973.4097877,189
25.023193,25.014048,0.36491585,0.56963164,1.0661621,1,1,0,0.014587402,0.022766113,25.023193,61,87,1,0,255,2,0,1782507973.4097877,189
25.028563,25.020014,0.31307194,0.57433563,0.7991028,1,1,0,0.012512207,0.022949219,25.028564,61,87,1,0,255,2,0,1782507973.4097877,189
25.035156,25.027832,0.15581493,0.58518016,0.79086304,1,1,0,0.006225586,0.023376465,25.035156,61,87,1,0,255,2,0,1782507973.4097877,189
25.028563,25.021437,-0.0015271873,0.59724367,0.8792114,1,1,0,-6.1035156e-05,0.023864746,25.028564,61,87,1,0,255,2,0,1782507973.4097877,189
25.031492,25.017696,0.32373336,0.7653091,0.7619934,1,2,0,0.012939453,0.030578613,25.031494,24,88,0,0,255,2,0,1782507973.5099611,190
25.025146,25.01197,0.2717472,0.765115,0.6189575,1,2,0,0.010864258,0.030578613,25.025146,24,88,0,0,255,2,0,1782507973.5099611,190
25.031004,25.019087,0.1145291,0.7637671,0.42303467,1,2,0,0.0045776367,0.030517578,25.031006,24,88,0,0,255,2,0,1782507973.5099611,190
25.032715,25.020985,0.061086513,0.7638193,0.661438,1,2,0,0.0024414062,0.030517578,25.032715,24,88,0,0,255,2,0,1782507973.5099611,190
25.032227,25.025463,0.21842848,0.53928787,0.70391846,1,1,0,0.008728027,0.02154541,25.032227,26,88,0,0,255,2,0,1782507973.5099611,190
25.022951,25.015793,0.36799565,0.47190145,0.68096924,1,1,0,0.014709473,0.018859863,25.02295,29,88,1,0,255,2,0,1782507973.5099611,190
25.01465,25.009726,0.15875527,0.4702184,0.81066895,1,1,0,0.0063476562,0.018798828,25.014648,29,88,1,0,255,2,0,1782507973.5099611,190
25.03003,25.027014,0.11456539,0.37122035,0.7342529,1,1,0,0.0045776367,0.014831543,25.03003,60,88,0,0,255,2,0,1782507973.5099611,190
25.021729,25.01883,0.06260829,0.37567833,1.09021,1,1,0,0.0025024414,0.015014648,25.021729,60,88,0,0,255,2,0,1782507973.5099611,190
25.023928,25.01477,0.3679806,0.5681214,0.7005005,1,1,0,0.014709473,0.022705078,25.023926,61,88,1,0,255,2,0,1782507973.5099611,190
25.013672,25.006058,0.21062729,0.5800991,0.69369507,1,1,0,0.008422852,0.02319336,25.013672,61,88,1,0,255,2,0,1782507973.5099611,190
25.022947,25.015652,0.157266,0.58336794,0.86276245,1,1,0,0.006286621,0.02331543,25.02295,61,88,1,0,255,2,0,1782507973.5099611,190
25.027342,25.02021,0.105371386,0.5880518,0.79293823,1,1,0,0.004211426,0.023498535,25.027344,61,88,1,0,255,2,0,1782507973.5099611,190
25.025146,25.018108,0.053444527,0.59105414,0.85250854,1,1,0,0.0021362305,0.023620605,25.025146,61,88,1,0,255,2,0,1782507973.5099611,190
25.021484,25.014397,-0.0,0.5955479,1.1051636,1,1,0,-0.0,0.023803711,25.021484,61,88,1,0,255,2,0,1782507973.5099611,190
25.02905,25.015875,0.2717896,0.7652345,0.45077515,1,2,0,0.010864258,0.030578613,25.029053,24,89,0,0,255,2,0,1782507973.6102002,191
25.02124,25.009327,0.11448442,0.76346916,0.3857727,1,2,0,0.0045776367,0.030517578,25.02124,24,89,0,0,255,2,0,1782507973.6102002,191
25.027098,25.015444,0.00916093,0.7636479,0.635437,1,2,0,0.00036621094,0.030517578,25.0271,24,89,0,0,255,2,0,1782507973.6102002,191
25.032959,25.026628,0.1665004,0.5377761,0.7749939,1,1,0,0.006652832,0.021484375,25.032959,26,89,0,0,255,2,0,1782507973.6102002,191
25.023926,25.01138,0.36640385,0.7024838,0.63168335,1,1,0,0.0146484375,0.028076172,25.023926,27,89,1,0,255,2,0,1782507973.6102002,191
25.035154,25.023926,0.2611845,0.702799,1.193512,1,1,0,0.010437012,0.028076172,25.035156,27,89,1,0,255,2,0,1782507973.6102002,191
25.023926,25.017479,0.31609458,0.47191986,0.8833008,1,1,0,0.012634277,0.018859863,25.023926,29,89,1,0,255,2,0,1782507973.6102002,191
25.02075,25.015444,0.21070635,0.47033313,0.6470642,1,1,0,0.008422852,0.018798828,25.020752,29,89,1,0,255,2,0,1782507973.6102002,191
25.03003,25.026747,0.16955636,0.36816525,0.84436035,1,1,0,0.0067749023,0.014709473,25.03003,60,89,0,0,255,2,0,1782507973.6102002,191
25.032715,25.029686,0.11763306,0.37126017,1.1078796,1,1,0,0.004699707,0.014831543,25.032715,60,89,0,0,255,2,0,1782507973.6102002,191
25.032227,25.029324,0.064162225,0.37583596,0.7489929,1,1,0,0.0025634766,0.015014648,25.032227,60,89,0,0,255,2,0,1782507973.6102002,191
25.034178,25.031307,0.012222319,0.37892085,0.84695435,1,1,0,0.00048828125,0.015136719,25.03418,60,89,0,0,255,2,0,1782507973.6102002,191
25.021482,25.012913,0.3175638,0.5726463,0.84350586,1,1,0,0.0126953125,0.022888184,25.021484,61,89,1,0,255,2,0,1782507973.6102002,191
25.029541,25.02152,0.2642141,0.5758853,0.9038696,1,1,0,0.010559082,0.023010254,25.029541,61,89,1,0,255,2,0,1782507973.6102002,191
25.014648,25.00702,0.21216184,0.58012176,0.89071655,1,1,0,0.008483887,0.02319336,25.014648,61,89,1,0,255,2,0,1782507973.6102002,191
25.020264,25.012949,0.16030248,0.58330536,0.8496704,1,1,0,0.0064086914,0.02331543,25.020264,61,89,1,0,255,2,0,1782507973.6102002,191
25.02295,25.015812,0.10687973,0.58794856,0.7713623,1,1,0,0.004272461,0.023498535,25.02295,61,89,1,0,255,2,0,1782507973.6102002,191
25.01587,25.008831,0.054951128,0.59083503,0.7131653,1,1,0,0.0021972656,0.023620605,25.01587,61,89,1,0,255,2,0,1782507973.6102002,191
25.02295,25.01586,0.0030536938,0.5955828,0.65734863,1,1,0,0.00012207031,0.023803711,25.02295,61,89,1,0,255,2,0,1782507973.6102002,191
25.031006,25.017208,0.32372704,0.7652942,0.85128784,1,1,0,0.012939453,0.030578613,25.031006,24,90,0,0,255,2,0,1782507973.7099514,192
25.025146,25.012527,0.21984234,0.7635883,0.70217896,1,1,0,0.0087890625,0.030517578,25.025146,24,90,0,0,255,2,0,1782507973.7099514,192
25.03125,25.019041,0.16644993,0.7637746,0.82006836,1,1,0,0.006652832,0.030517578,25.03125,24,90,0,0,255,2,0,1782507973.7099514,192
25.033936,25.022017,0.11454251,0.76385653,0.86776733,1,1,0,0.0045776367,0.030517578,25.033936,24,90,0,0,255,2,0,1782507973.7099514,192
25.021236,25.013277,0.32825705,0.5390512,0.9819641,1,1,0,0.013122559,0.02154541,25.02124,26,90,0,0,255,2,0,1782507973.7099514,192
25.031982,25.024677,0.27646795,0.53775513,0.7810669,1,1,0,0.011047363,0.021484375,25.031982,26,90,0,0,255,2,0,1782507973.7099514,192
25.0271,25.02033,0.22296539,0.5376502,1.0619507,1,1,0,0.008911133,0.021484375,25.0271,26,90,0,0,255,2,0,1782507973.7099514,192
25.031492,25.025131,0.1710729,0.53774464,0.72906494,1,1,0,0.0068359375,0.021484375,25.031494,26,90,0,0,255,2,0,1782507973.7099514,192
25.03125,25.025188,0.119139366,0.5377394,0.8027344,1,1,0,0.004760742,0.021484375,25.03125,26,90,0,0,255,2,0,1782507973.7099514,192
25.029053,25.02319,0.065673806,0.5376922,0.8070679,1,1,0,0.0026245117,0.021484375,25.029053,26,90,0,0,255,2,0,1782507973.7099514,192
25.032227,25.026445,0.013747439,0.5377604,0.85736084,1,1,0,0.0005493164,0.021484375,25.032227,26,90,0,0,255,2,0,1782507973.7099514,192
25.021729,25.009789,0.31905088,0.7039487,0.67892456,1,1,0,0.012756348,0.028137207,25.021729,27,90,1,0,255,2,0,1782507973.7099514,192
25.034668,25.02339,0.26576135,0.7027853,0.8442688,1,1,0,0.010620117,0.028076172,25.034668,27,90,1,0,255,2,0,1782507973.7099514,192
25.02637,25.015593,0.21376146,0.70255226,0.68200684,1,1,0,0.008544922,0.028076172,25.026367,27,90,1,0,255,2,0,1782507973.7099514,192
25.027344,25.016958,0.16185513,0.7025797,0.8093567,1,1,0,0.0064697266,0.028076172,25.027344,27,90,1,0,255,2,0,1782507973.7099514,192
25.01587,25.005775,0.10836311,0.7022576,0.7542114,1,1,0,0.004333496,0.028076172,25.01587,27,90,1,0,255,2,0,1782507973.7099514,192
25.018064,25.008142,0.05647601,0.70231926,0.7501221,1,1,0,0.0022583008,0.028076172,25.018066,27,90,1,0,255,2,0,1782507973.7099514,192
25.030762,25.020897,0.004581463,0.70267564,0.8668823,1,1,0,0.00018310547,0.028076172,25.030762,27,90,1,0,255,2,0,1782507973.7099514,192
25.018312,25.011208,0.36640134,0.47028723,0.66967773,1,1,0,0.0146484375,0.018798828,25.01831,29,90,1,0,255,2,0,1782507973.7099514,192
25.012695,25.008223,0.051897023,0.47018167,1.1359253,1,1,0,0.0020751953,0.018798828,25.012695,29,90,1,0,255,2,0,1782507973.7099514,192
25.01123,25.006811,-0.0015262946,0.47015414,0.6639099,1,1,0,-6.1035156e-05,0.018798828,25.01123,29,90,1,0,255,2,0,1782507973.7099514,192
25.031738,25.028433,0.16956778,0.36971804,1.0194702,1,1,0,0.0067749023,0.014770508,25.031738,60,90,0,0,255,2,0,1782507973.7099514,192
25.031252,25.028183,0.11609836,0.37429368,0.7828064,1,1,0,0.004638672,0.014953613,25.03125,60,90,0,0,255,2,0,1782507973.7099514,192
25.021729,25.01364,0.2641309,0.5787591,0.6758423,1,1,0,0.010559082,0.023132324,25.021729,61,90,1,0,255,2,0,1782507973.7099514,192
25.023926,25.01626,0.21224022,0.5818638,0.7846985,1,1,0,0.008483887,0.023254395,25.023926,61,90,1,0,255,2,0,1782507973.7099514,192
25.01831,25.011139,0.106859766,0.58936614,0.66555786,1,1,0,0.004272461,0.02355957,25.01831,61,90,1,0,255,2,0,1782507973.7099514,192
25.029541,25.022427,0.054981,0.5942124,0.77752686,1,1,0,0.0021972656,0.023742676,25.029541,61,90,1,0,255,2,0,1782507973.7099514,192
25.025145,25.018019,0.0015269787,0.59716207,0.7251282,1,1,0,6.1035156e-05,0.023864746,25.025146,61,90,1,0,255,2,0,1782507973.7099514,192
25.033201,25.020546,0.21838556,0.76536137,0.67529297,1,1,0,0.008728027,0.030578613,25.033203,24,91,0,0,255,2,0,1782507973.809916,193
25.03125,25.01905,0.16492288,0.7637746,0.68569946,1,1,0,0.006591797,0.030517578,25.03125,24,91,0,0,255,2,0,1782507973.809916,193
25.031248,25.019522,0.059555862,0.7637746,0.69784546,1,2,0,0.002380371,0.030517578,25.03125,24,91,0,0,255,2,0,1782507973.809916,193
25.027098,25.015444,0.007634108,0.7636479,0.629364,1,2,0,0.00030517578,0.030517578,25.0271,24,91,0,0,255,2,0,1782507973.809916,193
25.020754,25.01283,0.32519734,0.5390406,1.0720215,1,1,0,0.013000488,0.02154541,25.020752,26,91,0,0,255,2,0,1782507973.809916,193
25.016602,25.009863,0.2198189,0.53742474,0.96206665,1,1,0,0.0087890625,0.021484375,25.016602,26,91,0,0,255,2,0,1782507973.809916,193
25.027098,25.02076,0.16798858,0.5376502,0.8825073,1,1,0,0.006713867,0.021484375,25.0271,26,91,0,0,255,2,0,1782507973.809916,193
25.028564,25.015951,0.36799797,0.70414096,0.92645264,1,1,0,0.014709473,0.028137207,25.028564,27,91,1,0,255,2,0,1782507973.809916,193
25.019289,25.007408,0.31444076,0.70388,0.75320435,1,1,0,0.012573242,0.028137207,25.019287,27,91,1,0,255,2,0,1782507973.809916,193
25.027344,25.016594,0.21071604,0.7025797,0.81552124,1,1,0,0.008422852,0.028076172,25.027344,27,91,1,0,255,2,0,1782507973.809916,193
25.03247,25.029463,0.11304888,0.37125656,0.86602783,1,1,0,0.0045166016,0.014831543,25.03247,60,91,0,0,255,2,0,1782507973.809916,193
25.03125,25.028378,0.061104562,0.37429368,0.71865845,1,1,0,0.0024414062,0.014953613,25.03125,60,91,0,0,255,2,0,1782507973.809916,193
25.023684,25.01455,0.36645028,0.56811583,0.90301514,1,1,0,0.0146484375,0.022705078,25.023682,61,91,1,0,255,2,0,1782507973.809916,193
25.013674,25.005724,0.26099452,0.57399386,0.6916199,1,1,0,0.010437012,0.022949219,25.013672,61,91,1,0,255,2,0,1782507973.809916,193
25.019287,25.012003,0.15571639,0.5832826,0.8475952,1,1,0,0.006225586,0.02331543,25.019287,61,91,1,0,255,2,0,1782507973.809916,193
25.024172,25.017082,0.103831254,0.5864503,0.8763428,1,1,0,0.0041503906,0.0234375,25.02417,61,91,1,0,255,2,0,1782507973.809916,193
25.01123,25.004238,0.05036261,0.58919936,0.64956665,1,1,0,0.0020141602,0.02355957,25.01123,61,91,1,0,255,2,0,1782507973.809916,193
25.025146,25.018093,-0.0015269832,0.5941081,0.67684937,1,1,0,-6.1035156e-05,0.023742676,25.025146,61,91,1,0,255,2,0,1782507973.809916,193
25.032225,25.01957,0.21837704,0.7653315,0.6449585,1,1,0,0.008728027,0.030578613,25.032227,24,92,0,0,255,2,0,1782507973.9101071,194
25.032227,25.01997,0.16645612,0.7653315,0.85302734,1,2,0,0.006652832,0.030578613,25.032227,24,92,0,0,255,2,0,1782507973.9101071,194
25.022951,25.011087,0.3129602,0.703983,0.695343,1,1,0,0.012512207,0.028137207,25.02295,27,92,1,0,255,2,0,1782507973.9101071,194
25.025146,25.020702,0.05039577,0.46888855,0.7744446,1,1,0,0.0020141602,0.018737793,25.025146,29,92,1,0,255,2,0,1782507973.9101071,194
25.01587,25.011478,-0.003053159,0.46871474,0.8168335,1,1,0,-0.00012207031,0.018737793,25.01587,29,92,1,0,255,2,0,1782507973.9101071,194
25.025148,25.021887,0.16646887,0.36809343,0.82354736,1,1,0,0.006652832,0.014709473,25.025146,60,92,0,0,255,2,0,1782507973.9101071,194
25.031006,25.028107,0.0626315,0.37581763,0.71951294,1,1,0,0.0025024414,0.015014648,25.031006,60,92,0,0,255,2,0,1782507973.9101071,194
25.031982,25.029114,0.009165936,0.3788876,0.71691895,1,1,0,0.00036621094,0.015136719,25.031982,60,92,0,0,255,2,0,1782507973.9101071,194
25.029541,25.020405,0.36653608,0.56824887,0.8812561,1,1,0,0.0146484375,0.022705078,25.029541,61,92,1,0,255,2,0,1782507973.9101071,194
25.031979,25.019714,0.16798156,0.76532406,0.43170166,1,1,0,0.006713867,0.030578613,25.031982,24,93,0,0,255,2,0,1782507974.0100248,195
25.03247,25.020737,0.06261306,0.7638118,0.7585144,1,2,0,0.0025024414,0.030517578,25.03247,24,93,0,0,255,2,0,1782507974.0100248,195
25.028074,25.016418,0.010688169,0.7636777,0.7342529,1,2,0,0.0004272461,0.030517578,25.028076,24,93,0,0,255,2,0,1782507974.0100248,195
25.033201,25.027424,0.009165317,0.53778136,0.7472534,1,1,0,0.00036621094,0.021484375,25.033203,26,93,0,0,255,2,0,1782507974.0100248,195
25.02173,25.014618,0.3649242,0.4718784,0.67071533,1,1,0,0.014587402,0.018859863,25.021729,29,93,1,0,255,2,0,1782507974.0100248,195
25.023926,25.017517,0.31304067,0.47191986,0.6984253,1,1,0,0.012512207,0.018859863,25.023926,29,93,1,0,255,2,0,1782507974.0100248,195
25.031252,25.028252,0.11609867,0.36971083,0.7698059,1,1,0,0.004638672,0.014770508,25.03125,60,93,0,0,255,2,0,1782507974.0100248,195
25.031006,25.028126,0.064159155,0.37429005,0.8998413,1,1,0,0.0025634766,0.014953613,25.031006,60,93,0,0,255,2,0,1782507974.0100248,195
25.028072,25.025227,0.01221935,0.37730107,0.7767334,1,1,0,0.00048828125,0.015075684,25.028076,60,93,0,0,255,2,0,1782507974.0100248,195
25.012451,25.003939,0.31592348,0.5709134,0.72958374,1,1,0,0.012634277,0.022827148,25.012451,61,93,1,0,255,2,0,1782507974.0100248,195
25.031738,25.023752,0.26423764,0.5744084,1.0291748,1,1,0,0.010559082,0.022949219,25.031738,61,93,1,0,255,2,0,1782507974.0100248,195
25.014648,25.007381,0.15874039,0.5816481,0.83529663,1,1,0,0.0063476562,0.023254395,25.014648,61,93,1,0,255,2,0,1782507974.0100248,195
25.015137,25.008038,0.10684652,0.58623856,0.60598755,1,1,0,0.004272461,0.0234375,25.015137,61,93,1,0,255,2,0,1782507974.0100248,195
25.014648,25.007647,0.054948524,0.58927983,0.73986816,1,1,0,0.0021972656,0.02355957,25.014648,61,93,1,0,255,2,0,1782507974.0100248,195
25.030762,25.023706,0.0015273258,0.5942414,0.94595337,1,1,0,6.1035156e-05,0.023742676,25.030762,61,93,1,0,255,2,0,1782507974.0100248,195
25.031248,25.01864,0.21836893,0.7637746,0.70825195,1,2,0,0.008728027,0.030517578,25.03125,24,94,0,0,255,2,0,1782507974.1096327,196
25.032715,25.024862,0.32229847,0.53777087,1.2275085,1,1,0,0.012878418,0.021484375,25.032715,26,94,0,0,255,2,0,1782507974.1096327,196
25.02124,25.014006,0.27024236,0.53752434,0.679657,1,1,0,0.010803223,0.021484375,25.02124,26,94,0,0,255,2,0,1782507974.1096327,196
25.013674,25.003763,0.050361652,0.7021959,0.8475952,1,1,0,0.0020141602,0.028076172,25.013672,27,94,1,0,255,2,0,1782507974.1096327,196
25.013674,25.003815,-0.0030522235,0.7021959,0.77679443,1,1,0,-0.00012207031,0.028076172,25.013672,27,94,1,0,255,2,0,1782507974.1096327,196
25.03296,25.02719,0.25969085,0.4705626,0.92233276,1,1,0,0.010375977,0.018798828,25.032959,29,94,1,0,255,2,0,1782507974.1096327,196
25.02075,25.015469,0.20765272,0.47033313,0.7723999,1,1,0,0.008300781,0.018798828,25.020752,29,94,1,0,255,2,0,1782507974.1096327,196
25.03247,25.029219,0.1649899,0.36820117,0.8851013,1,1,0,0.006591797,0.014709473,25.03247,60,94,0,0,255,2,0,1782507974.1096327,196
25.027098,25.024092,0.11302462,0.3711769,0.83480835,1,1,0,0.0045166016,0.014831543,25.0271,60,94,0,0,255,2,0,1782507974.1096327,196
25.0271,25.024204,0.061094373,0.37575898,0.82702637,1,1,0,0.0024414062,0.015014648,25.0271,60,94,0,0,255,2,0,1782507974.1096327,196
25.033934,25.031042,0.0076388684,0.38044494,1.1538391,1,1,0,0.00030517578,0.015197754,25.033936,60,94,0,0,255,2,0,1782507974.1096327,196
25.028564,25.019451,0.3649947,0.5682267,0.8812561,1,1,0,0.014587402,0.022705078,25.028564,61,94,1,0,255,2,0,1782507974.1096327,196
25.02295,25.014437,0.3130021,0.5726798,0.75390625,1,1,0,0.012512207,0.022888184,25.02295,61,94,1,0,255,2,0,1782507974.1096327,196
25.028563,25.020575,0.26114953,0.5758628,0.69433594,1,1,0,0.010437012,0.023010254,25.028564,61,94,1,0,255,2,0,1782507974.1096327,196
25.02246,25.015337,0.10382401,0.58793706,1.0569458,1,1,0,0.0041503906,0.023498535,25.02246,61,94,1,0,255,2,0,1782507974.1096327,196
25.032959,25.025925,0.05040629,0.5912387,0.80319214,1,1,0,0.0020141602,0.023620605,25.032959,61,94,1,0,255,2,0,1782507974.1096327,196
25.030762,25.02367,-0.0015273236,0.59576875,0.8977051,1,1,0,-6.1035156e-05,0.023803711,25.030762,61,94,1,0,255,2,0,1782507974.1096327,196
25.020262,25.006493,0.32206187,0.7649658,0.6779175,1,2,0,0.012878418,0.030578613,25.020264,24,95,0,0,255,2,0,1782507974.2100086,197
25.025146,25.011988,0.27022058,0.765115,0.60510254,1,2,0,0.010803223,0.030578613,25.025146,24,95,0,0,255,2,0,1782507974.2100086,197
25.02905,25.01641,0.21682246,0.7652345,0.70825195,1,2,0,0.008666992,0.030578613,25.029053,24,95,0,0,255,2,0,1782507974.2100086,197
25.025145,25.013197,0.1114487,0.765115,0.62677,1,2,0,0.0044555664,0.030578613,25.025146,24,95,0,0,255,2,0,1782507974.2100086,197
25.02075,25.009485,0.26103377,0.7039212,0.5988159,1,1,0,0.010437012,0.028137207,25.020752,27,95,1,0,255,2,0,1782507974.2100086,197
25.013914,25.003841,0.1037763,0.70220274,0.58132935,1,1,0,0.0041503906,0.028076172,25.013916,27,95,1,0,255,2,0,1782507974.2100086,197
25.025143,25.018032,0.36497402,0.47194287,0.6635132,1,1,0,0.014587402,0.018859863,25.025146,29,95,1,0,255,2,0,1782507974.2100086,197
25.026367,25.019957,0.31307122,0.4719659,0.695343,1,1,0,0.012512207,0.018859863,25.026367,29,95,1,0,255,2,0,1782507974.2100086,197
25.019289,25.01466,0.10229441,0.4703056,0.75115967,1,1,0,0.0040893555,0.018798828,25.019287,29,95,1,0,255,2,0,1782507974.2100086,197
25.009035,25.004616,-0.0015261606,0.47011286,0.6690674,1,1,0,-6.1035156e-05,0.018798828,25.009033,29,95,1,0,255,2,0,1782507974.2100086,197
25.031982,25.028982,0.11610206,0.36972165,0.8070679,1,1,0,0.004638672,0.014770508,25.031982,60,95,0,0,255,2,0,1782507974.2100086,197
25.032955,25.03011,0.010694018,0.37737468,0.95443726,1,1,0,0.0004272461,0.015075684,25.032959,60,95,0,0,255,2,0,1782507974.2100086,197
25.025146,25.01663,0.31608385,0.5712031,0.72720337,1,1,0,0.012634277,0.022827148,25.025146,61,95,1,0,255,2,0,1782507974.2100086,197
25.014648,25.006683,0.26253098,0.5740163,0.79833984,1,1,0,0.010498047,0.022949219,25.014648,61,95,1,0,255,2,0,1782507974.2100086,197
25.01367,25.006092,0.21062759,0.57857275,0.7901306,1,1,0,0.008422852,0.023132324,25.013672,61,95,1,0,255,2,0,1782507974.2100086,197
25.030762,25.02349,0.15884264,0.5820228,0.8442688,1,1,0,0.0063476562,0.023254395,25.030762,61,95,1,0,255,2,0,1782507974.2100086,197
25.007568,25.000479,0.105288275,0.58606124,0.855011,1,1,0,0.004211426,0.0234375,25.007568,61,95,1,0,255,2,0,1782507974.2100086,197
25.028564,25.02156,0.053451903,0.58960766,0.750824,1,1,0,0.0021362305,0.02355957,25.028564,61,95,1,0,255,2,0,1782507974.2100086,197
25.01367,25.00662,-0.0,0.5938357,0.80862427,1,1,0,-0.0,0.023742676,25.013672,61,95,1,0,255,2,0,1782507974.2100086,197
25.03198,25.018785,0.27334845,0.76532406,0.6692505,1,2,0,0.010925293,0.030578613,25.031982,24,96,0,0,255,2,0,1782507974.3097756,198
25.026123,25.013906,0.16794257,0.7636181,0.6510315,1,2,0,0.006713867,0.030517578,25.026123,24,96,0,0,255,2,0,1782507974.3097756,198
25.019531,25.007612,0.11600293,0.763417,0.3831787,1,2,0,0.004638672,0.030517578,25.019531,24,96,0,0,255,2,0,1782507974.3097756,198
25.020264,25.014488,0.0076338165,0.53750336,0.6839905,1,1,0,0.00030517578,0.021484375,25.020264,26,96,0,0,255,2,0,1782507974.3097756,198
25.029541,25.017675,0.31304267,0.70416844,1.0291748,1,1,0,0.012512207,0.028137207,25.029541,27,96,1,0,255,2,0,1782507974.3097756,198
25.026123,25.015385,0.20917892,0.70254546,1.1585388,1,1,0,0.008361816,0.028076172,25.026123,27,96,1,0,255,2,0,1782507974.3097756,198
25.035154,25.025238,0.050404906,0.702799,0.93569946,1,1,0,0.0020141602,0.028076172,25.035156,27,96,1,0,255,2,0,1782507974.3097756,198
25.031738,25.026415,0.21232636,0.47053966,0.8935852,1,1,0,0.008483887,0.018798828,25.031738,29,96,1,0,255,2,0,1782507974.3097756,198
25.019289,25.014639,0.10687472,0.4703056,0.83529663,1,1,0,0.004272461,0.018798828,25.019287,29,96,1,0,255,2,0,1782507974.3097756,198
25.010988,25.00651,0.05341975,0.47014955,0.8222046,1,1,0,0.0021362305,0.018798828,25.010986,29,96,1,0,255,2,0,1782507974.3097756,198
25.020264,25.015842,0.0015268459,0.47032395,0.6669922,1,1,0,6.1035156e-05,0.018798828,25.020264,29,96,1,0,255,2,0,1782507974.3097756,198
25.03174,25.028717,0.11610083,0.37124568,0.81573486,1,1,0,0.004638672,0.014831543,25.031738,60,96,0,0,255,2,0,1782507974.3097756,198
25.03125,25.028374,0.06263217,0.37429368,0.7307739,1,1,0,0.0025024414,0.014953613,25.03125,60,96,0,0,255,2,0,1782507974.3097756,198
25.03296,25.02444,0.31618255,0.57138145,0.6974182,1,1,0,0.012634277,0.022827148,25.032959,61,96,1,0,255,2,0,1782507974.3097756,198
25.027344,25.020039,0.15882073,0.5834704,0.8360596,1,1,0,0.0063476562,0.02331543,25.027344,61,96,1,0,255,2,0,1782507974.3097756,198
25.023928,25.016832,0.10535715,0.58644456,0.6974182,1,1,0,0.004211426,0.0234375,25.023926,61,96,1,0,255,2,0,1782507974.3097756,198
25.03247,25.019848,0.21990669,0.7638118,0.83047485,1,2,0,0.0087890625,0.030517578,25.03247,24,97,0,0,255,2,0,1782507974.4094636,199
25.031004,25.018785,0.16797534,0.7637671,0.6250305,1,2,0,0.006713867,0.030517578,25.031006,24,97,0,0,255,2,0,1782507974.4094636,199
25.015623,25.003714,0.114458725,0.7632978,1.0391235,1,1,0,0.0045776367,0.030517578,25.015625,24,97,0,0,255,2,0,1782507974.4094636,199
25.033936,25.022276,0.010690671,0.76385653,0.6336975,1,2,0,0.0004272461,0.030517578,25.033936,24,97,0,0,255,2,0,1782507974.4094636,199
25.025145,25.018736,0.31305593,0.47194287,0.72821045,1,1,0,0.012512207,0.018859863,25.025146,29,97,1,0,255,2,0,1782507974.4094636,199
25.018312,25.012545,0.2595389,0.47028723,0.6398926,1,1,0,0.010375977,0.018798828,25.01831,29,97,1,0,255,2,0,1782507974.4094636,199
25.018309,25.01527,0.109931104,0.3741002,0.81918335,1,1,0,0.0043945312,0.014953613,25.01831,60,97,0,0,255,2,0,1782507974.4094636,199
25.0271,25.024189,0.058039602,0.37728634,0.7663269,1,1,0,0.002319336,0.015075684,25.0271,60,97,0,0,255,2,0,1782507974.4094636,199
25.027102,25.024187,0.0061094207,0.38186842,0.6926575,1,1,0,0.00024414062,0.015258789,25.0271,60,97,0,0,255,2,0,1782507974.4094636,199
25.025146,25.015987,0.36341697,0.5712031,0.85043335,1,1,0,0.014526367,0.022827148,25.025146,61,97,1,0,255,2,0,1782507974.4094636,199
25.030762,25.02225,0.31004497,0.574386,0.8792114,1,1,0,0.012390137,0.022949219,25.030762,61,97,1,0,255,2,0,1782507974.4094636,199
25.032957,25.02493,0.25813985,0.57901883,0.95932007,1,1,0,0.010314941,0.023132324,25.032959,61,97,1,0,255,2,0,1782507974.4094636,199
25.030762,25.023144,0.20618904,0.5820228,0.75183105,1,1,0,0.008239746,0.023254395,25.030762,61,97,1,0,255,2,0,1782507974.4094636,199
25.02295,25.015612,0.15268508,0.58642167,0.7631531,1,1,0,0.0061035156,0.0234375,25.02295,61,97,1,0,255,2,0,1782507974.4094636,199
25.02075,25.013605,0.10076336,0.58942366,0.64297485,1,1,0,0.0040283203,0.02355957,25.020752,61,97,1,0,255,2,0,1782507974.4094636,199
25.026367,25.019266,0.048865814,0.5941371,0.71795654,1,1,0,0.001953125,0.023742676,25.026367,61,97,1,0,255,2,0,1782507974.4094636,199
25.028563,25.021437,-0.004581562,0.59724367,0.7600708,1,1,0,-0.00018310547,0.023864746,25.028564,61,97,1,0,255,2,0,1782507974.4094636,199
25.032225,25.020567,0.010689941,0.7638044,0.69869995,1,2,0,0.0004272461,0.030517578,25.032227,24,98,0,0,255,2,0,1782507974.5099125,200
25.034182,25.026236,0.32689935,0.53932995,1.0324707,1,1,0,0.013061523,0.02154541,25.03418,26,98,0,0,255,2,0,1782507974.5099125,200
25.031252,25.023932,0.27493218,0.5392668,0.68310547,1,1,0,0.010986328,0.02154541,25.03125,26,98,0,0,255,2,0,1782507974.5099125,200
25.032959,25.026913,0.116092466,0.5377761,0.86169434,1,1,0,0.004638672,0.021484375,25.032959,26,98,0,0,255,2,0,1782507974.5099125,200
25.02905,25.023193,0.06414651,0.5376922,0.70132446,1,1,0,0.0025634766,0.021484375,25.029053,26,98,0,0,255,2,0,1782507974.5099125,200
25.028074,25.022297,0.012217919,0.5376712,1.0012512,1,1,0,0.00048828125,0.021484375,25.028076,26,98,0,0,255,2,0,1782507974.5099125,200
25.019531,25.007612,0.3174965,0.70388687,0.69125366,1,1,0,0.0126953125,0.028137207,25.019531,27,98,1,0,255,2,0,1782507974.5099125,200
25.03125,25.028265,0.11304347,0.36971083,0.70739746,1,1,0,0.0045166016,0.014770508,25.03125,60,98,0,0,255,2,0,1782507974.5099125,200
25.028074,25.025229,0.059569445,0.3727188,0.82873535,1,1,0,0.002380371,0.014892578,25.028076,60,98,0,0,255,2,0,1782507974.5099125,200
25.03198,25.029135,0.0076382863,0.37735996,0.86602783,1,1,0,0.00030517578,0.015075684,25.031982,60,98,0,0,255,2,0,1782507974.5099125,200
25.028564,25.019485,0.3649952,0.56669945,0.7333679,1,1,0,0.014587402,0.022644043,25.028564,61,98,1,0,255,2,0,1782507974.5099125,200
25.03076,25.022316,0.31310073,0.5698039,0.77752686,1,1,0,0.012512207,0.022766113,25.030762,61,98,1,0,255,2,0,1782507974.5099125,200
25.026367,25.01843,0.25959995,0.5742852,0.8216858,1,1,0,0.010375977,0.022949219,25.026367,61,98,1,0,255,2,0,1782507974.5099125,200
25.01831,25.01079,0.20761387,0.57715344,0.70358276,1,1,0,0.008300781,0.023071289,25.01831,61,98,1,0,255,2,0,1782507974.5099125,200
25.029543,25.02229,0.15578042,0.58199435,0.77853394,1,1,0,0.006225586,0.023254395,25.029541,61,98,1,0,255,2,0,1782507974.5099125,200
25.03174,25.02469,0.10233542,0.58510023,0.7477417,1,1,0,0.0040893555,0.023376465,25.031738,61,98,1,0,255,2,0,1782507974.5099125,200
25.027344,25.020348,0.050395057,0.5895789,0.7744446,1,1,0,0.0020141602,0.02355957,25.027344,61,98,1,0,255,2,0,1782507974.5099125,200
25.025146,25.01813,-0.0015269854,0.59258115,0.82580566,1,1,0,-6.1035156e-05,0.02368164,25.025146,61,98,1,0,255,2,0,1782507974.5099125,200
25.03003,25.016884,0.2687464,0.76526433,0.6545105,1,1,0,0.0107421875,0.030578613,25.03003,24,99,0,0,255,2,0,1782507974.6097062,201
25.029053,25.016855,0.16490841,0.7637075,0.7403259,1,1,0,0.006591797,0.030517578,25.029053,24,99,0,0,255,2,0,1782507974.6097062,201
25.03003,25.018303,0.05955296,0.7637373,0.6285095,1,2,0,0.002380371,0.030517578,25.03003,24,99,0,0,255,2,0,1782507974.6097062,201
25.030031,25.018375,0.006108002,0.7637373,0.7663269,1,2,0,0.00024414062,0.030517578,25.03003,24,99,0,0,255,2,0,1782507974.6097062,201
25.035643,25.023071,0.3650475,0.70434016,0.67852783,1,1,0,0.014587402,0.028137207,25.035645,27,99,1,0,255,2,0,1782507974.6097062,201
25.030762,25.018894,0.3130579,0.70420283,0.87509155,1,1,0,0.012512207,0.028137207,25.030762,27,99,1,0,255,2,0,1782507974.6097062,201
25.028809,25.017555,0.25959086,0.7041479,0.67544556,1,1,0,0.010375977,0.028137207,25.028809,27,99,1,0,255,2,0,1782507974.6097062,201
25.021729,25.011868,-0.0030532065,0.7024221,0.6748047,1,1,0,-0.00012207031,0.028076172,25.021729,27,99,1,0,255,2,0,1782507974.6097062,201
25.018312,25.011185,0.36792788,0.47028723,0.6501465,1,1,0,0.014709473,0.018798828,25.01831,29,99,1,0,255,2,0,1782507974.6097062,201
25.020994,25.01798,0.11452404,0.37108636,0.8503418,1,1,0,0.0045776367,0.014831543,25.020996,60,99,0,0,255,2,0,1782507974.6097062,201
25.0166,25.013733,0.0091603035,0.3786548,0.81311035,1,1,0,0.00036621094,0.015136719,25.016602,60,99,0,0,255,2,0,1782507974.6097062,201
25.030762,25.022263,0.31462753,0.5713313,0.85043335,1,1,0,0.012573242,0.022827148,25.030762,61,99,1,0,255,2,0,1782507974.6097062,201
25.021729,25.014147,0.21069542,0.5787591,0.7005005,1,1,0,0.008422852,0.023132324,25.021729,61,99,1,0,255,2,0,1782507974.6097062,201
25.016848,25.009754,0.10532734,0.5862786,0.76242065,1,1,0,0.004211426,0.0234375,25.016846,61,99,1,0,255,2,0,1782507974.6097062,201
25.025146,25.018093,-0.0,0.5941081,0.6470642,1,1,0,-0.0,0.023742676,25.025146,61,99,1,0,255,2,0,1782507974.6097062,201
25.02905,25.017136,0.11452017,0.7637075,0.68136597,1,2,0,0.0045776367,0.030517578,25.029053,24,100,0,0,255,2,0,1782507974.7098475,202
25.026121,25.01439,0.06259718,0.7636181,0.6068115,1,2,0,0.0025024414,0.030517578,25.026123,24,100,0,0,255,2,0,1782507974.7098475,202
25.018312,25.011974,0.16792959,0.53746146,0.8321533,1,1,0,0.006713867,0.021484375,25.01831,26,100,0,0,255,2,0,1782507974.7098475,202
25.02417,25.018131,0.11452472,0.5375873,0.70043945,1,1,0,0.0045776367,0.021484375,25.02417,26,100,0,0,255,2,0,1782507974.7098475,202
25.01831,25.012535,0.009159865,0.53746146,1.1066589,1,1,0,0.00036621094,0.021484375,25.01831,26,100,0,0,255,2,0,1782507974.7098475,202
25.018066,25.006786,0.26253206,0.7038456,0.71832275,1,1,0,0.010498047,0.028137207,25.018066,27,100,1,0,255,2,0,1782507974.7098475,202
25.009035,25.002659,0.31285477,0.47011286,0.7234497,1,1,0,0.012512207,0.018798828,25.009033,29,100,1,0,255,2,0,1782507974.7098475,202
25.019531,25.016249,0.16643135,0.36953774,1.0114136,1,1,0,0.006652832,0.014770508,25.019531,60,100,0,0,255,2,0,1782507974.7098475,202
25.020754,25.012732,0.26106766,0.5772098,0.6460571,1,1,0,0.010437012,0.023071289,25.020752,61,100,1,0,255,2,0,1782507974.7098475,202
25.02295,25.015627,0.15573895,0.58489484,0.6481018,1,1,0,0.006225586,0.023376465,25.02295,61,100,1,0,255,2,0,1782507974.7098475,202
25.018066,25.010979,-0.001526549,0.59546655,0.7213745,1,1,0,-6.1035156e-05,0.023803711,25.018066,61,100,1,0,255,2,0,1782507974.7098475,202
25.031492,25.017675,0.32526034,0.7653091,0.70043945,1,1,0,0.013000488,0.030578613,25.031494,24,101,0,0,255,2,0,1782507974.809741,203
25.027098,25.015182,0.11451123,0.7636479,0.65625,1,2,0,0.0045776367,0.030517578,25.0271,24,101,0,0,255,2,0,1782507974.809741,203
25.01074,25.004898,0.05952105,0.53729886,0.82263184,1,1,0,0.002380371,0.021484375,25.010742,26,101,0,0,255,2,0,1782507974.809741,203
25.027344,25.020283,0.36347938,0.47045705,0.82580566,1,1,0,0.014526367,0.018798828,25.027344,29,101,1,0,255,2,0,1782507974.809741,203
25.029543,25.02318,0.31158403,0.47049835,0.8319702,1,1,0,0.012451172,0.018798828,25.029541,29,101,1,0,255,2,0,1782507974.809741,203
25.026367,25.021095,0.20617215,0.4704387,0.72720337,1,1,0,0.008239746,0.018798828,25.026367,29,101,1,0,255,2,0,1782507974.809741,203
25.029543,25.024654,0.15274027,0.47049835,0.77752686,1,1,0,0.0061035156,0.018798828,25.029541,29,101,1,0,255,2,0,1782507974.809741,203
25.03296,25.028334,0.100822695,0.4705626,0.7991028,1,1,0,0.0040283203,0.018798828,25.032959,29,101,1,0,255,2,0,1782507974.809741,203
25.025146,25.020725,-0.004581432,0.47041574,0.6974182,1,1,0,-0.00018310547,0.018798828,25.025146,29,101,1,0,255,2,0,1782507974.809741,203
25.021482,25.018469,0.11452627,0.3710936,0.8390808,1,1,0,0.0045776367,0.014831543,25.021484,60,101,0,0,255,2,0,1782507974.809741,203
25.026123,25.023228,0.06109199,0.3757443,0.81399536,1,1,0,0.0024414062,0.015014648,25.026123,60,101,0,0,255,2,0,1782507974.809741,203
25.025145,25.017157,0.26111385,0.57578415,0.77752686,1,1,0,0.010437012,0.023010254,25.025146,61,101,1,0,255,2,0,1782507974.809741,203
25.030758,25.023462,0.1573151,0.5835501,0.8216858,1,1,0,0.006286621,0.02331543,25.030762,61,101,1,0,255,2,0,1782507974.809741,203
25.03003,25.018373,0.009162003,0.7637373,0.7472534,1,2,0,0.00036621094,0.030517578,25.03003,24,102,0,0,255,2,0,1782507974.9095733,204
25.03003,25.022743,0.27186424,0.53924054,0.84869385,1,1,0,0.010864258,0.02154541,25.03003,26,102,0,0,255,2,0,1782507974.9095733,204
25.031982,25.025942,0.11456048,0.53775513,0.6770325,1,1,0,0.0045776367,0.021484375,25.031982,26,102,0,0,255,2,0,1782507974.9095733,204
25.03467,25.029741,0.15888232,0.47059473,0.9038696,1,1,0,0.0063476562,0.018798828,25.034668,29,102,1,0,255,2,0,1782507974.9095733,204
25.03589,25.031406,0.055000734,0.47061768,0.8442688,1,1,0,0.0021972656,0.018798828,25.035889,29,102,1,0,255,2,0,1782507974.9095733,204
25.029053,25.02577,0.16954975,0.3681509,0.72732544,1,1,0,0.0067749023,0.014709473,25.029053,60,102,0,0,255,2,0,1782507974.9095733,204
25.019773,25.016882,0.012215275,0.38022974,0.94473267,1,1,0,0.00048828125,0.015197754,25.019775,60,102,0,0,255,2,0,1782507974.9095733,204
25.020754,25.0127,0.26412094,0.5772098,0.616272,1,1,0,0.010559082,0.023071289,25.020752,61,102,1,0,255,2,0,1782507974.9095733,204
25.026365,25.019014,0.16034135,0.5849747,0.6974182,1,1,0,0.0064086914,0.023376465,25.026367,61,102,1,0,255,2,0,1782507974.9095733,204
25.030764,25.023684,0.05498376,0.59271413,0.99731445,1,1,0,0.0021972656,0.02368164,25.030762,61,102,1,0,255,2,0,1782507974.9095733,204
25.029053,25.015892,0.27026275,0.7652345,0.7472534,1,2,0,0.010803223,0.030578613,25.029053,24,103,0,0,255,2,0,1782507975.0100646,205
25.031982,25.020325,0.0076355976,0.7637969,0.6362915,1,2,0,0.00030517578,0.030517578,25.031982,24,103,0,0,255,2,0,1782507975.0100646,205
25.026367,25.014463,0.3160565,0.70407915,0.78778076,1,1,0,0.012634277,0.028137207,25.026367,27,103,1,0,255,2,0,1782507975.0100646,205
25.019531,25.015112,-0.0,0.47031018,0.6501465,1,1,0,-0.0,0.018798828,25.019531,29,103,1,0,255,2,0,1782507975.0100646,205
25.033934,25.03068,0.16194391,0.3697505,0.69351196,1,1,0,0.0064697266,0.014770508,25.033936,60,103,0,0,255,2,0,1782507975.0100646,205
25.032469,25.029428,0.10999332,0.37431195,0.72125244,1,1,0,0.0043945312,0.014953613,25.03247,60,103,0,0,255,2,0,1782507975.0100646,205
25.028072,25.025166,0.05651445,0.37730107,1.0194702,1,1,0,0.0022583008,0.015075684,25.028076,60,103,0,0,255,2,0,1782507975.0100646,205
25.028076,25.025164,0.0045822444,0.38188332,0.83047485,1,1,0,0.00018310547,0.015258789,25.028076,60,103,0,0,255,2,0,1782507975.0100646,205
25.032959,25.023819,0.3620031,0.57138145,0.8915405,1,1,0,0.014465332,0.022827148,25.032959,61,103,1,0,255,2,0,1782507975.0100646,205
25.018309,25.009802,0.30989075,0.5741003,0.6481018,1,1,0,0.012390137,0.022949219,25.01831,61,103,1,0,255,2,0,1782507975.0100646,205
25.023926,25.0159,0.25804672,0.5788099,0.7836914,1,1,0,0.010314941,0.023132324,25.023926,61,103,1,0,255,2,0,1782507975.0100646,205
25.026367,25.018764,0.2046258,0.58192056,0.70666504,1,1,0,0.008178711,0.023254395,25.026367,61,103,1,0,255,2,0,1782507975.0100646,205
25.030762,25.023422,0.15273274,0.5866048,0.79086304,1,1,0,0.0061035156,0.0234375,25.030762,61,103,1,0,255,2,0,1782507975.0100646,205
25.031738,25.024595,0.09928023,0.58968246,0.846344,1,1,0,0.003967285,0.02355957,25.031738,61,103,1,0,255,2,0,1782507975.0100646,205
25.028564,25.021465,0.047342915,0.5941892,0.80114746,1,1,0,0.0018920898,0.023742676,25.028564,61,103,1,0,255,2,0,1782507975.0100646,205
25.023926,25.0168,-0.004580713,0.597133,0.72720337,1,1,0,-0.00018310547,0.023864746,25.023926,61,103,1,0,255,2,0,1782507975.0100646,205
25.032957,25.020315,0.2168563,0.7653539,0.67529297,1,2,0,0.008666992,0.030578613,25.032959,24,104,0,0,255,2,0,1782507975.1097293,206
25.02417,25.011974,0.16487624,0.7635585,0.3796997,1,2,0,0.006591797,0.030517578,25.02417,24,104,0,0,255,2,0,1782507975.1097293,206
25.03247,25.020565,0.11148153,0.7638118,0.73599243,1,2,0,0.0044555664,0.030517578,25.03247,24,104,0,0,255,2,0,1782507975.1097293,206
25.02905,25.021168,0.32225087,0.5392195,0.69177246,1,1,0,0.012878418,0.02154541,25.029053,26,104,0,0,255,2,0,1782507975.1097293,206
25.027102,25.019848,0.26877823,0.5391774,0.86169434,1,1,0,0.0107421875,0.02154541,25.0271,26,104,0,0,255,2,0,1782507975.1097293,206
25.025146,25.013304,0.31146103,0.7040448,0.67788696,1,1,0,0.012451172,0.028137207,25.025146,27,104,1,0,255,2,0,1782507975.1097293,206
25.022951,25.011742,0.25953054,0.70245636,0.70358276,1,1,0,0.010375977,0.028076172,25.02295,27,104,1,0,255,2,0,1782507975.1097293,206
25.019531,25.009462,0.10227315,0.7023604,0.6717224,1,1,0,0.0040893555,0.028076172,25.019531,27,104,1,0,255,2,0,1782507975.1097293,206
25.018066,25.01167,0.31449434,0.47028264,0.8229675,1,1,0,0.012573242,0.018798828,25.018066,29,104,1,0,255,2,0,1782507975.1097293,206
25.018068,25.01359,0.053434875,0.47028264,0.8599243,1,1,0,0.0021362305,0.018798828,25.018066,29,104,1,0,255,2,0,1782507975.1097293,206
25.019773,25.01677,0.11757235,0.36954135,1.0001526,1,1,0,0.004699707,0.014770508,25.019775,60,104,0,0,255,2,0,1782507975.1097293,206
25.019773,25.016895,0.064130366,0.3741221,0.75250244,1,1,0,0.0025634766,0.014953613,25.019775,60,104,0,0,255,2,0,1782507975.1097293,206
25.023926,25.01539,0.31759527,0.5711753,0.68917847,1,1,0,0.0126953125,0.022827148,25.023926,61,104,1,0,255,2,0,1782507975.1097293,206
25.020264,25.012281,0.26411653,0.57414514,0.8024597,1,1,0,0.010559082,0.022949219,25.020264,61,104,1,0,255,2,0,1782507975.1097293,206
25.026365,25.01877,0.21226151,0.57886636,0.7076721,1,1,0,0.008483887,0.023132324,25.026367,61,104,1,0,255,2,0,1782507975.1097293,206
25.02954,25.022259,0.16036214,0.58199435,0.72821045,1,1,0,0.0064086914,0.023254395,25.029541,61,104,1,0,255,2,0,1782507975.1097293,206
25.026365,25.019264,0.10689448,0.5865018,0.7713623,1,1,0,0.004272461,0.0234375,25.026367,61,104,1,0,255,2,0,1782507975.1097293,206
25.027346,25.02034,0.054976415,0.5895789,0.7005005,1,1,0,0.0021972656,0.02355957,25.027344,61,104,1,0,255,2,0,1782507975.1097293,206
25.029053,25.017324,0.061077576,0.7637075,0.6709595,1,2,0,0.0024414062,0.030517578,25.029053,24,105,0,0,255,2,0,1782507975.2094386,207
25.026125,25.01824,0.32221317,0.5391564,0.8911743,1,1,0,0.012878418,0.02154541,25.026123,26,105,0,0,255,2,0,1782507975.2094386,207
25.025145,25.017927,0.2687576,0.53760827,0.7325134,1,1,0,0.0107421875,0.021484375,25.025146,26,105,0,0,255,2,0,1782507975.2094386,207
25.03247,25.025753,0.21690343,0.5377656,0.87384033,1,1,0,0.008666992,0.021484375,25.03247,26,105,0,0,255,2,0,1782507975.2094386,207
25.032957,25.02718,0.00763769,0.5377761,0.99780273,1,1,0,0.00030517578,0.021484375,25.032959,26,105,0,0,255,2,0,1782507975.2094386,207
25.031738,25.020527,0.2596217,0.70270306,0.8422241,1,1,0,0.010375977,0.028076172,25.031738,27,105,1,0,255,2,0,1782507975.2094386,207
25.014647,25.008202,0.31597736,0.4717449,0.7337036,1,1,0,0.012634277,0.018859863,25.014648,29,105,1,0,255,2,0,1782507975.2094386,207
25.021238,25.01837,0.010689002,0.378725,0.81399536,1,1,0,0.0004272461,0.015136719,25.02124,60,105,0,0,255,2,0,1782507975.2094386,207
25.021484,25.01233,0.36794472,0.56806594,0.8414612,1,1,0,0.014709473,0.022705078,25.021484,61,105,1,0,255,2,0,1782507975.2094386,207
25.021727,25.013195,0.31451353,0.5726519,0.71383667,1,1,0,0.012573242,0.022888184,25.021729,61,105,1,0,255,2,0,1782507975.2094386,207
25.029541,25.021536,0.2626869,0.5758853,0.83813477,1,1,0,0.010498047,0.023010254,25.029541,61,105,1,0,255,2,0,1782507975.2094386,207
25.01831,25.010695,0.21066634,0.58020663,0.6470642,1,1,0,0.008422852,0.02319336,25.01831,61,105,1,0,255,2,0,1782507975.2094386,207
25.018066,25.010773,0.15723532,0.5832541,0.7367859,1,1,0,0.006286621,0.02331543,25.018066,61,105,1,0,255,2,0,1782507975.2094386,207
25.032959,25.025919,0.053461213,0.5912387,0.8216858,1,1,0,0.0021362305,0.023620605,25.032959,61,105,1,0,255,2,0,1782507975.2094386,207
25.032469,25.018692,0.32221898,0.76533896,0.7307739,1,2,0,0.012878418,0.030578613,25.03247,24,106,0,0,255,2,0,1782507975.3100772,208
25.032715,25.020525,0.1634054,0.7638193,0.45684814,1,2,0,0.0065307617,0.030517578,25.032715,24,106,0,0,255,2,0,1782507975.3100772,208
25.026121,25.01422,0.11145326,0.7636181,0.42303467,1,2,0,0.0044555664,0.030517578,25.026123,24,106,0,0,255,2,0,1782507975.3100772,208
25.021482,25.015707,0.009161026,0.5375296,0.95773315,1,1,0,0.00036621094,0.021484375,25.021484,26,106,0,0,255,2,0,1782507975.3100772,208
25.024168,25.013432,0.2091626,0.7024906,1.0867004,1,1,0,0.008361816,0.028076172,25.02417,27,106,1,0,255,2,0,1782507975.3100772,208
25.02295,25.01832,0.102309376,0.47037444,0.7189636,1,1,0,0.0040893555,0.018798828,25.02295,29,106,1,0,255,2,0,1782507975.3100772,208
25.011719,25.008438,0.16943233,0.3678959,0.8321533,1,1,0,0.0067749023,0.014709473,25.011719,60,106,0,0,255,2,0,1782507975.3100772,208
25.017336,25.014433,0.064124055,0.37561235,0.7836609,1,1,0,0.0025634766,0.015014648,25.017334,60,106,0,0,255,2,0,1782507975.3100772,208
25.027346,25.019289,0.26419052,0.5773618,0.7456665,1,1,0,0.010559082,0.023071289,25.027344,61,106,1,0,255,2,0,1782507975.3100772,208
25.028564,25.020933,0.21227986,0.58044446,0.82580566,1,1,0,0.008483887,0.02319336,25.028564,61,106,1,0,255,2,0,1782507975.3100772,208
25.02246,25.015121,0.15878952,0.5848834,0.8188782,1,1,0,0.0063476562,0.023376465,25.02246,61,106,1,0,255,2,0,1782507975.3100772,208
25.029055,25.015345,0.3206488,0.7637075,0.7810669,1,1,0,0.012817383,0.030517578,25.029053,24,107,0,0,255,2,0,1782507975.409562,209
25.034668,25.021566,0.26879668,0.7638789,0.6683655,1,1,0,0.0107421875,0.030517578,25.034668,24,107,0,0,255,2,0,1782507975.409562,209
25.03125,25.018667,0.2153149,0.7637746,0.6224365,1,2,0,0.008605957,0.030517578,25.03125,24,107,0,0,255,2,0,1782507975.409562,209
25.02124,25.009348,0.10990508,0.76346916,0.58602905,1,2,0,0.0043945312,0.030517578,25.02124,24,107,0,0,255,2,0,1782507975.409562,209
25.032227,25.020504,0.058031056,0.7638044,0.6926575,1,2,0,0.002319336,0.030517578,25.032227,24,107,0,0,255,2,0,1782507975.409562,209
25.032473,25.020815,0.0061085974,0.7638118,0.640625,1,2,0,0.00024414062,0.030517578,25.03247,24,107,0,0,255,2,0,1782507975.409562,209
25.02124,25.013319,0.3252037,0.5390512,0.71865845,1,1,0,0.013000488,0.02154541,25.02124,26,107,0,0,255,2,0,1782507975.409562,209
25.021484,25.015146,0.16795088,0.5375296,1.1083984,1,1,0,0.006713867,0.021484375,25.021484,26,107,0,0,255,2,0,1782507975.409562,209
25.031736,25.02045,0.26267552,0.70423025,0.96136475,1,1,0,0.010498047,0.028137207,25.031738,27,107,1,0,255,2,0,1782507975.409562,209
25.032959,25.022163,0.21076295,0.70426464,0.7189636,1,1,0,0.008422852,0.028137207,25.032959,27,107,1,0,255,2,0,1782507975.409562,209
25.034668,25.02937,0.20929587,0.47059473,0.91207886,1,1,0,0.008361816,0.018798828,25.034668,29,107,1,0,255,2,0,1782507975.409562,209
25.024902,25.02051,-0.0,0.468884,1.0846558,1,1,0,-0.0,0.018737793,25.024902,29,107,1,0,255,2,0,1782507975.409562,209
25.021242,25.018198,0.11605204,0.372617,1.1205139,1,1,0,0.004638672,0.014892578,25.02124,60,107,0,0,255,2,0,1782507975.409562,209
25.016846,25.00971,0.106853664,0.58780515,0.7152405,1,1,0,0.004272461,0.023498535,25.016846,61,107,1,0,255,2,0,1782507975.409562,209
25.029541,25.022467,0.053453837,0.5926852,0.750824,1,1,0,0.0021362305,0.02368164,25.029541,61,107,1,0,255,2,0,1782507975.409562,209
25.025145,25.011333,0.32517788,0.765115,0.71865845,1,1,0,0.013000488,0.030578613,25.025146,24,108,0,0,255,2,0,1782507975.510027,210
25.027098,25.014479,0.2198595,0.7636479,0.8764343,1,1,0,0.0087890625,0.030517578,25.0271,24,108,0,0,255,2,0,1782507975.510027,210
25.0271,25.014883,0.16794913,0.7636479,0.632843,1,2,0,0.006713867,0.030517578,25.0271,24,108,0,0,255,2,0,1782507975.510027,210
25.031982,25.02409,0.32534373,0.53775513,0.85128784,1,1,0,0.013000488,0.021484375,25.031982,26,108,0,0,255,2,0,1782507975.510027,210
25.021484,25.011566,0.05343055,0.7024152,0.7839966,1,1,0,0.0021362305,0.028076172,25.021484,27,108,1,0,255,2,0,1782507975.510027,210
25.016846,25.006987,0.0015263053,0.702285,0.7839966,1,1,0,6.1035156e-05,0.028076172,25.016846,27,108,1,0,255,2,0,1782507975.510027,210
25.032959,25.026539,0.31620905,0.4705626,0.7333679,1,1,0,0.012634277,0.018798828,25.032959,29,108,1,0,255,2,0,1782507975.510027,210
25.01685,25.01105,0.2625768,0.4702597,0.84555054,1,1,0,0.010498047,0.018798828,25.016846,29,108,1,0,255,2,0,1782507975.510027,210
25.023684,25.01904,0.105366446,0.4703882,0.9327698,1,1,0,0.004211426,0.018798828,25.023682,29,108,1,0,255,2,0,1782507975.510027,210
25.032715,25.029816,0.06263578,0.3758433,0.8807678,1,1,0,0.0025024414,0.015014648,25.032715,60,108,0,0,255,2,0,1782507975.510027,210
25.027344,25.019726,0.21074241,0.58041614,0.807312,1,1,0,0.008422852,0.02319336,25.027344,61,108,1,0,255,2,0,1782507975.510027,210
25.031738,25.024647,-0.0,0.595792,0.7425842,1,1,0,-0.0,0.023803711,25.031738,61,108,1,0,255,2,0,1782507975.510027,210
25.031004,25.018322,0.22142038,0.7652942,0.84695435,1,2,0,0.008850098,0.030578613,25.031006,24,109,0,0,255,2,0,1782507975.609558,211
25.031494,25.019264,0.16950567,0.763782,0.84869385,1,1,0,0.0067749023,0.030517578,25.031494,24,109,0,0,255,2,0,1782507975.609558,211
25.033937,25.02201,0.11606973,0.76385653,0.8009949,1,1,0,0.004638672,0.030517578,25.033936,24,109,0,0,255,2,0,1782507975.609558,211
25.02124,25.009508,0.06411143,0.76346916,0.6311035,1,2,0,0.0025634766,0.030517578,25.02124,24,109,0,0,255,2,0,1782507975.609558,211
25.03003,25.018372,0.010689003,0.7637373,0.6475525,1,2,0,0.0004272461,0.030517578,25.03003,24,109,0,0,255,2,0,1782507975.609558,211
25.028076,25.020824,0.2718434,0.5376712,0.69869995,1,1,0,0.010864258,0.021484375,25.028076,26,109,0,0,255,2,0,1782507975.609558,211
25.02417,25.018316,0.062607005,0.5375873,0.8928833,1,1,0,0.0025024414,0.021484375,25.02417,26,109,0,0,255,2,0,1782507975.609558,211
25.016846,25.006111,0.20910138,0.702285,0.80041504,1,1,0,0.008361816,0.028076172,25.016846,27,109,1,0,255,2,0,1782507975.609558,211
25.034666,25.024305,0.15732041,0.7027853,0.86483765,1,1,0,0.006286621,0.028076172,25.034668,27,109,1,0,255,2,0,1782507975.609558,211
25.019287,25.01286,0.3145093,0.47183236,0.91534424,1,1,0,0.012573242,0.018859863,25.019287,29,109,1,0,255,2,0,1782507975.609558,211
25.020266,25.014437,0.26261237,0.47185078,0.8475952,1,1,0,0.010498047,0.018859863,25.020264,29,109,1,0,255,2,0,1782507975.609558,211
25.028566,25.02409,0.05192995,0.47048,0.75390625,1,1,0,0.0020751953,0.018798828,25.028564,29,109,1,0,255,2,0,1782507975.609558,211
25.013674,25.010733,0.061061483,0.37861046,0.8624878,1,1,0,0.0024414062,0.015136719,25.013672,60,109,0,0,255,2,0,1782507975.609558,211
25.031982,25.029066,0.0076382654,0.3819429,0.7568054,1,1,0,0.00030517578,0.015258789,25.031982,60,109,0,0,255,2,0,1782507975.609558,211
25.021484,25.012938,0.31298336,0.57417315,0.8475952,1,1,0,0.012512207,0.022949219,25.021484,61,109,1,0,255,2,0,1782507975.609558,211
25.025145,25.017086,0.26111314,0.57883817,0.885376,1,1,0,0.010437012,0.023132324,25.025146,61,109,1,0,255,2,0,1782507975.609558,211
25.03174,25.024109,0.20772444,0.58204544,0.77545166,1,1,0,0.008300781,0.023254395,25.031738,61,109,1,0,255,2,0,1782507975.609558,211
25.030764,25.023403,0.15578736,0.5866048,0.80526733,1,1,0,0.006225586,0.0234375,25.030762,61,109,1,0,255,2,0,1782507975.609558,211
25.031738,25.024576,0.10386236,0.58968246,0.7425842,1,1,0,0.0041503906,0.02355957,25.031738,61,109,1,0,255,2,0,1782507975.609558,211
25.029541,25.022413,-0.0015272469,0.597267,0.7395325,1,1,0,-6.1035156e-05,0.023864746,25.029541,61,109,1,0,255,2,0,1782507975.609558,211
25.032225,25.018496,0.32221648,0.7638044,0.7749939,1,1,0,0.012878418,0.030517578,25.032227,24,110,0,0,255,2,0,1782507975.7106328,212
25.0271,25.013987,0.27024215,0.7636479,0.658844,1,1,0,0.010803223,0.030517578,25.0271,24,110,0,0,255,2,0,1782507975.7106328,212
25.032225,25.019617,0.21837746,0.7638044,0.99346924,1,1,0,0.008728027,0.030517578,25.032227,24,110,0,0,255,2,0,1782507975.7106328,212
25.030031,25.017832,0.16491485,0.7637373,0.85302734,1,1,0,0.006591797,0.030517578,25.03003,24,110,0,0,255,2,0,1782507975.7106328,212
25.027098,25.01519,0.11298442,0.7636479,0.6475525,1,2,0,0.0045166016,0.030517578,25.0271,24,110,0,0,255,2,0,1782507975.7106328,212
25.019531,25.01165,0.3221283,0.53901434,0.6839905,1,1,0,0.012878418,0.02154541,25.019531,26,110,0,0,255,2,0,1782507975.7106328,212
25.028074,25.020805,0.27031586,0.53919846,0.72473145,1,1,0,0.010803223,0.02154541,25.028076,26,110,0,0,255,2,0,1782507975.7106328,212
25.026123,25.019361,0.21837522,0.5391564,1.1676941,1,1,0,0.008728027,0.02154541,25.026123,26,110,0,0,255,2,0,1782507975.7106328,212
25.021238,25.01521,0.1129845,0.53752434,0.83047485,1,1,0,0.0045166016,0.021484375,25.02124,26,110,0,0,255,2,0,1782507975.7106328,212
25.033201,25.027424,0.0076377643,0.53778136,0.7698059,1,1,0,0.00030517578,0.021484375,25.033203,26,110,0,0,255,2,0,1782507975.7106328,212
25.026367,25.0138,0.36491224,0.70407915,0.7312927,1,1,0,0.014587402,0.028137207,25.026367,27,110,1,0,255,2,0,1782507975.7106328,212
25.028566,25.022127,0.31768078,0.47048,0.8792114,1,1,0,0.0126953125,0.018798828,25.028564,29,110,1,0,255,2,0,1782507975.7106328,212
25.023924,25.01899,0.16034119,0.4703928,0.6974182,1,1,0,0.0064086914,0.018798828,25.023926,29,110,1,0,255,2,0,1782507975.7106328,212
25.027098,25.023848,0.1649545,0.36812216,0.83828735,1,1,0,0.006591797,0.014709473,25.0271,60,110,0,0,255,2,0,1782507975.7106328,212
25.03003,25.02716,0.007637684,0.37885803,0.8955078,1,1,0,0.00030517578,0.015136719,25.03003,60,110,0,0,255,2,0,1782507975.7106328,212
25.020266,25.011154,0.36487365,0.5680382,0.963562,1,1,0,0.014587402,0.022705078,25.020264,61,110,1,0,255,2,0,1782507975.7106328,212
25.027344,25.01883,0.3130571,0.57278043,0.8956299,1,1,0,0.012512207,0.022888184,25.027344,61,110,1,0,255,2,0,1782507975.7106328,212
25.02295,25.014961,0.26109093,0.5757336,0.67993164,1,1,0,0.010437012,0.023010254,25.02295,61,110,1,0,255,2,0,1782507975.7106328,212
25.026367,25.018774,0.20768015,0.5803935,0.76416016,1,1,0,0.008300781,0.02319336,25.026367,61,110,1,0,255,2,0,1782507975.7106328,212
25.019531,25.012407,0.10381185,0.5878682,0.48068237,1,1,0,0.0041503906,0.023498535,25.019531,61,110,1,0,255,2,0,1782507975.7106328,212
25.031248,25.018614,0.22142296,0.7637746,0.6805115,1,2,0,0.008850098,0.030517578,25.03125,24,111,0,0,255,2,0,1782507975.8094518,213
25.031982,25.02564,0.16802135,0.53775513,0.85562134,1,1,0,0.006713867,0.021484375,25.031982,26,111,0,0,255,2,0,1782507975.8094518,213
25.03247,25.026424,0.1160902,0.5377656,0.9379883,1,1,0,0.004638672,0.021484375,25.03247,26,111,0,0,255,2,0,1782507975.8094518,213
25.03296,25.0217,0.26421598,0.70273733,0.99731445,1,1,0,0.010559082,0.028076172,25.032959,27,111,1,0,255,2,0,1782507975.8094518,213
25.031738,25.024601,0.36659753,0.47206718,0.8710022,1,1,0,0.0146484375,0.018859863,25.031738,29,111,1,0,255,2,0,1782507975.8094518,213
25.02368,25.018385,0.20920402,0.4703882,1.0825806,1,1,0,0.008361816,0.018798828,25.023682,29,111,1,0,255,2,0,1782507975.8094518,213
25.03003,25.026756,0.16802885,0.36816525,0.98306274,1,1,0,0.006713867,0.014709473,25.03003,60,111,0,0,255,2,0,1782507975.8094518,213
25.026123,25.023224,0.062619284,0.3757443,0.71606445,1,1,0,0.0025024414,0.015014648,25.026123,60,111,0,0,255,2,0,1782507975.8094518,213
25.022459,25.013908,0.3160495,0.5726687,0.8496704,1,1,0,0.012634277,0.022888184,25.02246,61,111,1,0,255,2,0,1782507975.8094518,213
25.016846,25.009775,0.053426724,0.5923846,0.8640137,1,1,0,0.0021362305,0.02368164,25.016846,61,111,1,0,255,2,0,1782507975.8094518,213
25.034182,25.026308,0.3238448,0.53780234,0.83828735,1,1,0,0.012939453,0.021484375,25.03418,26,112,0,0,255,2,0,1782507975.9100697,214
25.031738,25.021915,-0.0,0.70117587,0.7446594,1,1,0,-0.0,0.028015137,25.031738,27,112,1,0,255,2,0,1782507975.9100697,214
25.027098,25.024204,0.010691496,0.38034105,0.69525146,1,1,0,0.0004272461,0.015197754,25.0271,60,112,0,0,255,2,0,1782507975.9100697,214
25.026123,25.018782,0.15881275,0.584969,0.91534424,1,1,0,0.0063476562,0.023376465,25.026123,61,112,1,0,255,2,0,1782507975.9100697,214
25.023684,25.016552,0.10535597,0.5879657,0.8475952,1,1,0,0.004211426,0.023498535,25.023682,61,112,1,0,255,2,0,1782507975.9100697,214
25.019289,25.012215,0.053431936,0.5924424,0.7542114,1,1,0,0.0021362305,0.02368164,25.019287,61,112,1,0,255,2,0,1782507975.9100697,214
25.027344,25.020254,0.0015271151,0.5956874,0.66659546,1,1,0,6.1035156e-05,0.023803711,25.027344,61,112,1,0,255,2,0,1782507975.9100697,214
25.03125,25.0175,0.32373083,0.7637746,0.9249573,1,1,0,0.012939453,0.030517578,25.03125,24,113,0,0,255,2,0,1782507976.0103455,215
25.031252,25.018135,0.27028698,0.7637746,0.83480835,1,1,0,0.010803223,0.030517578,25.03125,24,113,0,0,255,2,0,1782507976.0103455,215
25.027098,25.014492,0.21833272,0.7636479,0.7749939,1,1,0,0.008728027,0.030517578,25.0271,24,113,0,0,255,2,0,1782507976.0103455,215
25.026121,25.014214,0.11298001,0.7636181,0.67529297,1,2,0,0.0045166016,0.030517578,25.026123,24,113,0,0,255,2,0,1782507976.0103455,215
25.031006,25.02312,0.32227603,0.5392616,0.7568054,1,1,0,0.012878418,0.02154541,25.031006,26,113,0,0,255,2,0,1782507976.0103455,215
25.032227,25.025509,0.21690132,0.5377604,0.83828735,1,1,0,0.008666992,0.021484375,25.032227,26,113,0,0,255,2,0,1782507976.0103455,215
25.033445,25.02742,0.11151207,0.5377866,0.7958069,1,1,0,0.0044555664,0.021484375,25.033447,26,113,0,0,255,2,0,1782507976.0103455,215
25.033447,25.021599,0.31156433,0.70427835,0.6682434,1,1,0,0.012451172,0.028137207,25.033447,27,113,1,0,255,2,0,1782507976.0103455,215
25.02417,25.014307,-0.0030535043,0.7024906,0.96151733,1,1,0,-0.00012207031,0.028076172,25.02417,27,113,1,0,255,2,0,1782507976.0103455,215
25.032715,25.02943,0.16651905,0.36973247,0.83654785,1,1,0,0.006652832,0.014770508,25.032715,60,113,0,0,255,2,0,1782507976.0103455,215
25.02905,25.025991,0.11456071,0.37426084,0.6839905,1,1,0,0.0045776367,0.014953613,25.029053,60,113,0,0,255,2,0,1782507976.0103455,215
25.023926,25.014723,0.3664528,0.5711753,1.0158081,1,1,0,0.0146484375,0.022827148,25.023926,61,113,1,0,255,2,0,1782507976.0103455,215
25.028563,25.020922,0.20922522,0.58197165,0.8607178,1,1,0,0.008361816,0.023254395,25.028564,61,113,1,0,255,2,0,1782507976.0103455,215
25.02295,25.015789,0.10382589,0.5894754,0.76623535,1,1,0,0.0041503906,0.02355957,25.02295,61,113,1,0,255,2,0,1782507976.0103455,215
25.033936,25.020098,0.32681918,0.7653838,0.69003296,1,2,0,0.013061523,0.030578613,25.033936,24,114,0,0,255,2,0,1782507976.110144,216
25.028074,25.014929,0.2733063,0.7636777,0.6805115,1,2,0,0.010925293,0.030517578,25.028076,24,114,0,0,255,2,0,1782507976.110144,216
25.02905,25.016418,0.22140354,0.7637075,0.46292114,1,2,0,0.008850098,0.030517578,25.029053,24,114,0,0,255,2,0,1782507976.110144,216
25.02417,25.016287,0.32218802,0.5391143,0.7810669,1,1,0,0.012878418,0.02154541,25.02417,26,114,0,0,255,2,0,1782507976.110144,216
25.02905,25.023026,0.11149249,0.5376922,0.7732544,1,1,0,0.0044555664,0.021484375,25.029053,26,114,0,0,255,2,0,1782507976.110144,216
25.024168,25.018322,0.059553005,0.5375873,0.7975464,1,1,0,0.002380371,0.021484375,25.02417,26,114,0,0,255,2,0,1782507976.110144,216
25.02417,25.018393,0.007635008,0.5375873,0.658844,1,1,0,0.00030517578,0.021484375,25.02417,26,114,0,0,255,2,0,1782507976.110144,216
25.01953,25.008324,0.25949508,0.7023604,0.6881714,1,1,0,0.010375977,0.028076172,25.019531,27,114,1,0,255,2,0,1782507976.110144,216
25.01587,25.005148,0.20756705,0.7022576,0.8968506,1,1,0,0.008300781,0.028076172,25.01587,27,114,1,0,255,2,0,1782507976.110144,216
25.02539,25.020056,0.21379963,0.47042033,1.1102905,1,1,0,0.008544922,0.018798828,25.02539,29,114,1,0,255,2,0,1782507976.110144,216
25.025146,25.02021,0.16034901,0.47041574,0.76623535,1,1,0,0.0064086914,0.018798828,25.025146,29,114,1,0,255,2,0,1782507976.110144,216
25.021729,25.017242,0.056496557,0.4703515,0.7220459,1,1,0,0.0022583008,0.018798828,25.021729,29,114,1,0,255,2,0,1782507976.110144,216
25.032713,25.02966,0.11304977,0.3743156,0.7663269,1,1,0,0.0045166016,0.014953613,25.032715,60,114,0,0,255,2,0,1782507976.110144,216
25.019531,25.016617,0.007634466,0.38175294,0.8338928,1,1,0,0.00030517578,0.015258789,25.019531,60,114,0,0,255,2,0,1782507976.110144,216
25.026367,25.017818,0.31304446,0.5742852,0.7487488,1,1,0,0.012512207,0.022949219,25.026367,61,114,1,0,255,2,0,1782507976.110144,216
25.027342,25.019701,0.20921502,0.5819433,0.9038696,1,1,0,0.008361816,0.023254395,25.027344,61,114,1,0,255,2,0,1782507976.110144,216
25.026121,25.018995,-0.0015270383,0.5971854,1.1431274,1,1,0,-6.1035156e-05,0.023864746,25.026123,61,114,1,0,255,2,0,1782507976.110144,216
25.028074,25.015455,0.21986808,0.7636777,0.60595703,1,2,0,0.0087890625,0.030517578,25.028076,24,115,0,0,255,2,0,1782507976.2106693,217
25.031492,25.019274,0.16797861,0.763782,0.42999268,1,2,0,0.006713867,0.030517578,25.031494,24,115,0,0,255,2,0,1782507976.2106693,217
25.02124,25.009586,0.01068525,0.76346916,0.41958618,1,2,0,0.0004272461,0.030517578,25.02124,24,115,0,0,255,2,0,1782507976.2106693,217
25.033203,25.026453,0.2169095,0.5393089,0.7828064,1,1,0,0.008666992,0.02154541,25.033203,26,115,0,0,255,2,0,1782507976.2106693,217
25.035889,25.024632,0.2596643,0.704347,0.86276245,1,1,0,0.010375977,0.028137207,25.035889,27,115,1,0,255,2,0,1782507976.2106693,217
25.014647,25.003927,0.20755692,0.7022233,0.6916199,1,1,0,0.008300781,0.028076172,25.014648,27,115,1,0,255,2,0,1782507976.2106693,217
25.033447,25.030151,0.16805165,0.3697433,0.8825073,1,1,0,0.006713867,0.014770508,25.033447,60,115,0,0,255,2,0,1782507976.2106693,217
25.030027,25.027111,0.010692737,0.38191313,0.83828735,1,1,0,0.0004272461,0.015258789,25.03003,60,115,0,0,255,2,0,1782507976.2106693,217
25.034668,25.02659,0.26273996,0.5790584,0.868927,1,1,0,0.010498047,0.023132324,25.034668,61,115,1,0,255,2,0,1782507976.2106693,217
25.03296,25.025305,0.2107894,0.58207387,0.8607178,1,1,0,0.008422852,0.023254395,25.032959,61,115,1,0,255,2,0,1782507976.2106693,217
25.023926,25.016815,0.053441763,0.59407914,0.72821045,1,1,0,0.0021362305,0.023742676,25.023926,61,115,1,0,255,2,0,1782507976.2106693,217
25.019285,25.012161,-0.0,0.5970223,0.7357483,1,1,0,-0.0,0.023864746,25.019287,61,115,1,0,255,2,0,1782507976.2106693,217
25.031006,25.017256,0.32372767,0.7637671,0.69351196,1,2,0,0.012939453,0.030517578,25.031006,24,116,0,0,255,2,0,1782507976.310714,218
25.032715,25.019583,0.2718299,0.7638193,0.70477295,1,2,0,0.010864258,0.030517578,25.032715,24,116,0,0,255,2,0,1782507976.310714,218
25.031006,25.018797,0.16644831,0.7637671,0.43432617,1,2,0,0.006652832,0.030517578,25.031006,24,116,0,0,255,2,0,1782507976.310714,218
25.03247,25.020552,0.11453581,0.7638118,0.44903564,1,2,0,0.0045776367,0.030517578,25.03247,24,116,0,0,255,2,0,1782507976.310714,218
25.026123,25.014395,0.061070424,0.7636181,0.42562866,1,2,0,0.0024414062,0.030517578,25.026123,24,116,0,0,255,2,0,1782507976.310714,218
25.035156,25.027885,0.27344787,0.5378233,1.0081787,1,1,0,0.010925293,0.021484375,25.035156,26,116,0,0,255,2,0,1782507976.310714,218
25.034668,25.027924,0.21997766,0.5378128,0.84436035,1,1,0,0.0087890625,0.021484375,25.034668,26,116,0,0,255,2,0,1782507976.310714,218
25.020264,25.007654,0.36787593,0.70390743,0.8024597,1,1,0,0.014709473,0.028137207,25.020264,27,116,1,0,255,2,0,1782507976.310714,218
25.014648,25.002752,0.31590852,0.7037495,0.9450989,1,1,0,0.012634277,0.028137207,25.014648,27,116,1,0,255,2,0,1782507976.310714,218
25.02246,25.012543,0.053432636,0.70244265,0.8804321,1,1,0,0.0021362305,0.028076172,25.02246,27,116,1,0,255,2,0,1782507976.310714,218
25.023926,25.017498,0.31456763,0.47191986,0.734375,1,1,0,0.012573242,0.018859863,25.023926,29,116,1,0,255,2,0,1782507976.310714,218
25.009766,25.00513,0.103781655,0.47012663,0.8427124,1,1,0,0.0041503906,0.018798828,25.009766,29,116,1,0,255,2,0,1782507976.310714,218
25.03125,25.027998,0.16498186,0.3681832,0.72125244,1,1,0,0.006591797,0.014709473,25.03125,60,116,0,0,255,2,0,1782507976.310714,218
25.026123,25.023254,0.0076364917,0.3787989,0.69525146,1,1,0,0.00030517578,0.015136719,25.026123,60,116,0,0,255,2,0,1782507976.310714,218
25.027344,25.01823,0.3649769,0.568199,0.88946533,1,1,0,0.014587402,0.022705078,25.027344,61,116,1,0,255,2,0,1782507976.310714,218
25.031738,25.024145,0.20772474,0.58051807,0.92233276,1,1,0,0.008300781,0.02319336,25.031738,61,116,1,0,255,2,0,1782507976.310714,218
25.020754,25.013477,0.1541988,0.58331674,0.633728,1,1,0,0.006164551,0.02331543,25.020752,61,116,1,0,255,2,0,1782507976.310714,218
25.026367,25.019249,0.102313176,0.58802885,0.7569885,1,1,0,0.0040893555,0.023498535,25.026367,61,116,1,0,255,2,0,1782507976.310714,218
25.031738,25.024647,-0.0030547665,0.595792,0.82373047,1,1,0,-0.00012207031,0.023803711,25.031738,61,116,1,0,255,2,0,1782507976.310714,218
25.03003,25.0169,0.27180076,0.7637373,0.72125244,1,1,0,0.010864258,0.030517578,25.03003,24,117,0,0,255,2,0,1782507976.4108608,219
25.032227,25.020496,0.06108532,0.7638044,0.72906494,1,2,0,0.0024414062,0.030517578,25.032227,24,117,0,0,255,2,0,1782507976.4108608,219
25.032957,25.026228,0.21843515,0.5377761,0.7862549,1,1,0,0.008728027,0.021484375,25.032959,26,117,0,0,255,2,0,1782507976.4108608,219
25.02417,25.014307,-0.0015267521,0.7024906,1.0969543,1,1,0,-6.1035156e-05,0.028076172,25.02417,27,117,1,0,255,2,0,1782507976.4108608,219
25.017334,25.010223,0.3648601,0.47179553,0.6881714,1,1,0,0.014587402,0.018859863,25.017334,29,117,1,0,255,2,0,1782507976.4108608,219
25.018314,25.011953,0.31144422,0.47028723,0.69021606,1,1,0,0.012451172,0.018798828,25.01831,29,117,1,0,255,2,0,1782507976.4108608,219
25.032957,25.028059,0.1542887,0.4705626,0.6850891,1,1,0,0.006164551,0.018798828,25.032959,29,117,1,0,255,2,0,1782507976.4108608,219
25.031982,25.029089,0.009165927,0.38041526,0.70217896,1,1,0,0.00036621094,0.015197754,25.031982,60,117,0,0,255,2,0,1782507976.4108608,219
25.032959,25.025316,0.20926197,0.58207387,0.81552124,1,1,0,0.008361816,0.023254395,25.032959,61,117,1,0,255,2,0,1782507976.4108608,219
25.027832,25.020704,-0.0,0.59722614,1.2088013,1,1,0,-0.0,0.023864746,25.027832,61,117,1,0,255,2,0,1782507976.4108608,219
25.033205,25.020071,0.2718352,0.7638342,0.7568054,1,1,0,0.010864258,0.030517578,25.033203,24,118,0,0,255,2,0,1782507976.5106611,220
25.026121,25.013515,0.2183242,0.7636181,0.7732544,1,1,0,0.008728027,0.030517578,25.026123,24,118,0,0,255,2,0,1782507976.5106611,220
25.028074,25.01616,0.1145157,0.7636777,0.70132446,1,1,0,0.0045776367,0.030517578,25.028076,24,118,0,0,255,2,0,1782507976.5106611,220
25.03247,25.02074,0.061085917,0.7638118,0.619812,1,2,0,0.0024414062,0.030517578,25.03247,24,118,0,0,255,2,0,1782507976.5106611,220
25.023926,25.016836,0.3634293,0.47191986,0.71383667,1,1,0,0.014526367,0.018859863,25.023926,29,118,1,0,255,2,0,1782507976.5106611,220
25.025145,25.018774,0.3100019,0.47194287,0.88946533,1,1,0,0.012390137,0.018859863,25.025146,29,118,1,0,255,2,0,1782507976.5106611,220
25.028566,25.022812,0.258118,0.47048,0.79086304,1,1,0,0.010314941,0.018798828,25.028564,29,118,1,0,255,2,0,1782507976.5106611,220
25.028564,25.023306,0.20466295,0.47048,0.7579956,1,1,0,0.008178711,0.018798828,25.028564,29,118,1,0,255,2,0,1782507976.5106611,220
25.020264,25.015377,0.15268365,0.47032395,0.96047974,1,1,0,0.0061035156,0.018798828,25.020264,29,118,1,0,255,2,0,1782507976.5106611,220
25.019533,25.015068,0.04733081,0.47031018,0.7220459,1,1,0,0.0018920898,0.018798828,25.019531,29,118,1,0,255,2,0,1782507976.5106611,220
25.020264,25.015842,-0.004580538,0.47032395,0.7439575,1,1,0,-0.00018310547,0.018798828,25.020264,29,118,1,0,255,2,0,1782507976.5106611,220
25.03125,25.027988,0.16650946,0.3681832,0.86776733,1,1,0,0.006652832,0.014709473,25.03125,60,118,0,0,255,2,0,1782507976.5106611,220
25.02124,25.018372,0.009162002,0.378725,0.94143677,1,1,0,0.00036621094,0.015136719,25.02124,60,118,0,0,255,2,0,1782507976.5106611,220
25.021484,25.012352,0.3664181,0.56806594,1.0641174,1,1,0,0.0146484375,0.022705078,25.021484,61,118,1,0,255,2,0,1782507976.5106611,220
25.019287,25.011286,0.2625793,0.5756494,0.85580444,1,1,0,0.010498047,0.023010254,25.019287,61,118,1,0,255,2,0,1782507976.5106611,220
25.027344,25.02031,0.051922105,0.59110606,0.7693176,1,1,0,0.0020751953,0.023620605,25.027344,61,118,1,0,255,2,0,1782507976.5106611,220
25.02417,25.011965,0.16640286,0.7635585,0.6285095,1,2,0,0.006652832,0.030517578,25.02417,24,119,0,0,255,2,0,1782507976.6109946,221
25.035887,25.02423,0.007636789,0.7639161,0.36102295,1,2,0,0.00030517578,0.030517578,25.035889,24,119,0,0,255,2,0,1782507976.6109946,221
25.032715,25.02477,0.32688022,0.53929836,0.72906494,1,1,0,0.013061523,0.02154541,25.032715,26,119,0,0,255,2,0,1782507976.6109946,221
25.026123,25.019367,0.22142963,0.53762925,0.7420654,1,1,0,0.008850098,0.021484375,25.026123,26,119,0,0,255,2,0,1782507976.6109946,221
25.033447,25.027096,0.16955872,0.5377866,0.7342529,1,1,0,0.0067749023,0.021484375,25.033447,26,119,0,0,255,2,0,1782507976.6109946,221
25.032225,25.026367,0.06415465,0.5377604,0.7637329,1,1,0,0.0025634766,0.021484375,25.032227,26,119,0,0,255,2,0,1782507976.6109946,221
25.032225,25.026445,0.012219945,0.5377604,0.70217896,1,1,0,0.00048828125,0.021484375,25.032227,26,119,0,0,255,2,0,1782507976.6109946,221
25.032957,25.021034,0.31766692,0.70426464,0.885376,1,1,0,0.0126953125,0.028137207,25.032959,27,119,1,0,255,2,0,1782507976.6109946,221
25.026367,25.015066,0.26414594,0.70407915,0.6974182,1,1,0,0.010559082,0.028137207,25.026367,27,119,1,0,255,2,0,1782507976.6109946,221
25.030762,25.020897,0.0030543087,0.70267564,0.7991028,1,1,0,0.00012207031,0.028076172,25.030762,27,119,1,0,255,2,0,1782507976.6109946,221
25.031738,25.024624,0.36507016,0.47206718,0.79293823,1,1,0,0.014587402,0.018859863,25.031738,29,119,1,0,255,2,0,1782507976.6109946,221
25.02246,25.017178,0.2076669,0.47036526,0.8291321,1,1,0,0.008300781,0.018798828,25.02246,29,119,1,0,255,2,0,1782507976.6109946,221
25.02246,25.017832,0.10230738,0.47036526,0.8250427,1,1,0,0.0040893555,0.018798828,25.02246,29,119,1,0,255,2,0,1782507976.6109946,221
25.020752,25.017807,0.06260573,0.3787176,1.07724,1,1,0,0.0025024414,0.015136719,25.020752,60,119,0,0,255,2,0,1782507976.6109946,221
25.031492,25.028578,0.00916574,0.38193545,0.74380493,1,1,0,0.00036621094,0.015258789,25.031494,60,119,0,0,255,2,0,1782507976.6109946,221
25.029541,25.021898,0.20923339,0.58199435,0.88742065,1,1,0,0.008361816,0.023254395,25.029541,61,119,1,0,255,2,0,1782507976.6109946,221
25.028563,25.021194,0.15730084,0.5865533,0.75390625,1,1,0,0.006286621,0.0234375,25.028564,61,119,1,0,255,2,0,1782507976.6109946,221
25.020264,25.007614,0.21827267,0.7649658,0.60943604,1,1,0,0.008728027,0.030578613,25.020264,24,120,0,0,255,2,0,1782507976.7108173,222
25.03003,25.01812,0.11299765,0.7637373,0.71084595,1,1,0,0.0045166016,0.030517578,25.03003,24,120,0,0,255,2,0,1782507976.7108173,222
25.03418,25.023396,0.20924592,0.704299,1.0497131,1,1,0,0.008361816,0.028137207,25.03418,27,120,1,0,255,2,0,1782507976.7108173,222
25.026367,25.019253,0.3649918,0.4719659,0.88946533,1,1,0,0.014587402,0.018859863,25.026367,29,120,1,0,255,2,0,1782507976.7108173,222
25.02246,25.01608,0.3130227,0.47036526,0.9050598,1,1,0,0.012512207,0.018798828,25.02246,29,120,1,0,255,2,0,1782507976.7108173,222
25.01587,25.010588,0.2076122,0.47024134,0.7675781,1,1,0,0.008300781,0.018798828,25.01587,29,120,1,0,255,2,0,1782507976.7108173,222
25.030764,25.026125,0.10386878,0.4705213,0.8360596,1,1,0,0.0041503906,0.018798828,25.030762,29,120,1,0,255,2,0,1782507976.7108173,222
25.032713,25.029665,0.11152208,0.3743156,0.83654785,1,1,0,0.0044555664,0.014953613,25.032715,60,120,0,0,255,2,0,1782507976.7108173,222
25.026121,25.023184,0.05956458,0.3787989,0.6779175,1,1,0,0.002380371,0.015136719,25.026123,60,120,0,0,255,2,0,1782507976.7108173,222
25.0271,25.024185,0.0076367757,0.38186842,0.72299194,1,1,0,0.00030517578,0.015258789,25.0271,60,120,0,0,255,2,0,1782507976.7108173,222
25.029541,25.020956,0.3130837,0.5758853,0.8586731,1,1,0,0.012512207,0.023010254,25.029541,61,120,1,0,255,2,0,1782507976.7108173,222
25.030762,25.022718,0.25964445,0.57896805,0.86276245,1,1,0,0.010375977,0.023132324,25.030762,61,120,1,0,255,2,0,1782507976.7108173,222
25.029541,25.021875,0.2077059,0.58352166,0.8833008,1,1,0,0.008300781,0.02331543,25.029541,61,120,1,0,255,2,0,1782507976.7108173,222
25.02295,25.015602,0.1542119,0.58642167,0.70666504,1,1,0,0.006164551,0.0234375,25.02295,61,120,1,0,255,2,0,1782507976.7108173,222
25.03296,25.025768,0.102339834,0.5912387,0.8340149,1,1,0,0.0040893555,0.023620605,25.032959,61,120,1,0,255,2,0,1782507976.7108173,222
25.028564,25.0214,-0.0030543702,0.5987708,0.8565979,1,1,0,-0.00012207031,0.023925781,25.028564,61,120,1,0,255,2,0,1782507976.7108173,222
25.028074,25.01426,0.32521594,0.7652046,0.71865845,1,1,0,0.013000488,0.030578613,25.028076,24,121,0,0,255,2,0,1782507976.8106709,223
25.026125,25.012978,0.27328497,0.7636181,0.7680664,1,1,0,0.010925293,0.030517578,25.026123,24,121,0,0,255,2,0,1782507976.8106709,223
25.032225,25.020308,0.11453469,0.7638044,0.664917,1,1,0,0.0045776367,0.030517578,25.032227,24,121,0,0,255,2,0,1782507976.8106709,223
25.032957,25.026201,0.22149011,0.5377761,0.86169434,1,1,0,0.008850098,0.021484375,25.032959,26,121,0,0,255,2,0,1782507976.8106709,223
25.020752,25.014402,0.16947272,0.53751385,1.068573,1,1,0,0.0067749023,0.021484375,25.020752,26,121,0,0,255,2,0,1782507976.8106709,223
25.020996,25.014952,0.11603698,0.5375191,0.8988342,1,1,0,0.004638672,0.021484375,25.020996,26,121,0,0,255,2,0,1782507976.8106709,223
25.023191,25.017336,0.06413149,0.5375663,0.7489929,1,1,0,0.0025634766,0.021484375,25.023193,26,121,0,0,255,2,0,1782507976.8106709,223
25.032959,25.022194,0.21229056,0.70273733,0.9521179,1,1,0,0.008483887,0.028076172,25.032959,27,121,1,0,255,2,0,1782507976.8106709,223
25.021484,25.01701,0.05191526,0.4703469,0.8127136,1,1,0,0.0020751953,0.018798828,25.021484,29,121,1,0,255,2,0,1782507976.8106709,223
25.031736,25.019142,0.21684614,0.7637895,0.9102478,1,1,0,0.008666992,0.030517578,25.031738,24,122,0,0,255,2,0,1782507976.9109,224
25.027098,25.014902,0.16489553,0.7636479,0.7663269,1,1,0,0.006591797,0.030517578,25.0271,24,122,0,0,255,2,0,1782507976.9109,224
25.021238,25.00934,0.11143152,0.76346916,0.58428955,1,2,0,0.0044555664,0.030517578,25.02124,24,122,0,0,255,2,0,1782507976.9109,224
25.02905,25.017326,0.059550636,0.7637075,0.7472534,1,2,0,0.002380371,0.030517578,25.029053,24,122,0,0,255,2,0,1782507976.9109,224
25.034182,25.022524,0.0061090146,0.763864,0.8027344,1,2,0,0.00024414062,0.030517578,25.03418,24,122,0,0,255,2,0,1782507976.9109,224
25.019531,25.006945,0.36633888,0.70388687,0.6255188,1,1,0,0.0146484375,0.028137207,25.019531,27,122,1,0,255,2,0,1782507976.9109,224
25.02075,25.015455,0.20917952,0.47033313,0.6286011,1,1,0,0.008361816,0.018798828,25.020752,29,122,1,0,255,2,0,1782507976.9109,224
25.032959,25.028536,-0.0,0.4705626,0.72821045,1,1,0,-0.0,0.018798828,25.032959,29,122,1,0,255,2,0,1782507976.9109,224
25.031982,25.029102,0.06416166,0.37430465,1.1338806,1,1,0,0.0025634766,0.014953613,25.031982,60,122,0,0,255,2,0,1782507976.9109,224
25.03198,25.029133,0.0106936,0.37735996,0.7568054,1,1,0,0.0004272461,0.015075684,25.031982,60,122,0,0,255,2,0,1782507976.9109,224
25.023926,25.01541,0.31606844,0.5711753,0.77853394,1,1,0,0.012634277,0.022827148,25.023926,61,122,1,0,255,2,0,1782507976.9109,224
25.02295,25.014965,0.26414487,0.57420677,0.71795654,1,1,0,0.010559082,0.022949219,25.02295,61,122,1,0,255,2,0,1782507976.9109,224
25.031738,25.024141,0.21230708,0.57899064,0.846344,1,1,0,0.008483887,0.023132324,25.031738,61,122,1,0,255,2,0,1782507976.9109,224
25.019531,25.012262,0.15877137,0.5817616,0.67071533,1,1,0,0.0063476562,0.023254395,25.019531,61,122,1,0,255,2,0,1782507976.9109,224
25.025145,25.018044,0.10688926,0.58647317,0.8175659,1,1,0,0.004272461,0.0234375,25.025146,61,122,1,0,255,2,0,1782507976.9109,224
25.020266,25.013264,0.05343418,0.58941215,0.85580444,1,1,0,0.0021362305,0.02355957,25.020264,61,122,1,0,255,2,0,1782507976.9109,224
25.021727,25.014675,0.0015267746,0.5940269,0.74053955,1,1,0,6.1035156e-05,0.023742676,25.021729,61,122,1,0,255,2,0,1782507976.9109,224
25.03247,25.01874,0.3222196,0.7638118,1.1235046,1,1,0,0.012878418,0.030517578,25.03247,24,123,0,0,255,2,0,1782507977.0104766,225
25.031738,25.018623,0.27029225,0.7637895,0.68917847,1,1,0,0.010803223,0.030517578,25.031738,24,123,0,0,255,2,0,1782507977.0104766,225
25.026125,25.018839,0.27182183,0.5391564,0.69525146,1,1,0,0.010864258,0.02154541,25.026123,26,123,0,0,255,2,0,1782507977.0104766,225
25.025148,25.013865,0.26260635,0.7040448,0.6984253,1,1,0,0.010498047,0.028137207,25.025146,27,123,1,0,255,2,0,1782507977.0104766,225
25.025146,25.018078,0.36192003,0.47194287,0.7425842,1,1,0,0.014465332,0.018859863,25.025146,29,123,1,0,255,2,0,1782507977.0104766,225
25.025146,25.018805,0.3100023,0.47041574,0.7631531,1,1,0,0.012390137,0.018798828,25.025146,29,123,1,0,255,2,0,1782507977.0104766,225
25.020264,25.014511,0.25803238,0.47032395,0.8188782,1,1,0,0.010314941,0.018798828,25.020264,29,123,1,0,255,2,0,1782507977.0104766,225
25.026367,25.021109,0.20464498,0.4704387,0.77853394,1,1,0,0.008178711,0.018798828,25.026367,29,123,1,0,255,2,0,1782507977.0104766,225
25.02173,25.016842,0.15269259,0.4703515,0.7312927,1,1,0,0.0061035156,0.018798828,25.021729,29,123,1,0,255,2,0,1782507977.0104766,225
25.013672,25.009056,0.09921858,0.47020003,0.80862427,1,1,0,0.003967285,0.018798828,25.013672,29,123,1,0,255,2,0,1782507977.0104766,225
25.024172,25.019705,0.047339585,0.47039738,0.8640137,1,1,0,0.0018920898,0.018798828,25.02417,29,123,1,0,255,2,0,1782507977.0104766,225
25.034424,25.03115,0.16805835,0.3682299,0.7602539,1,1,0,0.006713867,0.014709473,25.034424,60,123,0,0,255,2,0,1782507977.0104766,225
25.032715,25.0297,0.11457768,0.37126017,0.7810669,1,1,0,0.0045776367,0.014831543,25.032715,60,123,0,0,255,2,0,1782507977.0104766,225
25.020994,25.018097,0.062606454,0.37566733,0.8988342,1,1,0,0.0025024414,0.015014648,25.020996,60,123,0,0,255,2,0,1782507977.0104766,225
25.032469,25.0296,0.009166114,0.37889498,1.0324707,1,1,0,0.00036621094,0.015136719,25.03247,60,123,0,0,255,2,0,1782507977.0104766,225
25.030764,25.023144,0.2107712,0.5804954,0.7970276,1,1,0,0.008422852,0.02319336,25.030762,61,123,1,0,255,2,0,1782507977.0104766,225
25.034666,25.027533,0.105402224,0.5882239,1.003479,1,1,0,0.004211426,0.023498535,25.034668,61,123,1,0,255,2,0,1782507977.0104766,225
25.032959,25.025867,-0.0,0.595821,0.8607178,1,1,0,-0.0,0.023803711,25.032959,61,123,1,0,255,2,0,1782507977.0104766,225
25.032225,25.018456,0.32527047,0.7638044,0.7533264,1,1,0,0.013000488,0.030517578,25.032227,24,124,0,0,255,2,0,1782507977.1109643,226
25.027098,25.013952,0.27329564,0.7636479,0.83306885,1,1,0,0.010925293,0.030517578,25.0271,24,124,0,0,255,2,0,1782507977.1109643,226
25.032715,25.020079,0.22143592,0.7638193,0.7403259,1,1,0,0.008850098,0.030517578,25.032715,24,124,0,0,255,2,0,1782507977.1109643,226
25.031006,25.019081,0.11605614,0.7637671,0.70825195,1,1,0,0.004638672,0.030517578,25.031006,24,124,0,0,255,2,0,1782507977.1109643,226
25.03247,25.020733,0.0641402,0.7638118,0.635437,1,2,0,0.0025634766,0.030517578,25.03247,24,124,0,0,255,2,0,1782507977.1109643,226
25.015135,25.00798,0.36788073,0.4717541,0.43652344,1,1,0,0.014709473,0.018859863,25.015137,29,124,1,0,255,2,0,1782507977.1109643,226
25.018312,25.013891,-0.0,0.47028723,0.7097168,1,1,0,-0.0,0.018798828,25.01831,29,124,1,0,255,2,0,1782507977.1109643,226
25.033201,25.03031,0.009166374,0.38043383,1.1451721,1,1,0,0.00036621094,0.015197754,25.033203,60,124,0,0,255,2,0,1782507977.1109643,226
25.016113,25.008093,0.26101923,0.5771028,0.638855,1,1,0,0.010437012,0.023071289,25.016113,61,124,1,0,255,2,0,1782507977.1109643,226
25.029541,25.021935,0.2092337,0.5804671,0.7816162,1,1,0,0.008361816,0.02319336,25.029541,61,124,1,0,255,2,0,1782507977.1109643,226
25.021729,25.014408,0.15573137,0.5848663,0.6748047,1,1,0,0.006225586,0.023376465,25.021729,61,124,1,0,255,2,0,1782507977.1109643,226
25.0271,25.019798,0.2733595,0.5391774,0.7767334,1,1,0,0.010925293,0.02154541,25.0271,26,125,0,0,255,2,0,1782507977.210488,227
25.011475,25.001123,0.15717466,0.7021342,0.57928467,1,1,0,0.006286621,0.028076172,25.011475,27,125,1,0,255,2,0,1782507977.210488,227
25.035154,25.025066,0.10539184,0.702799,0.85043335,1,1,0,0.004211426,0.028076172,25.035156,27,125,1,0,255,2,0,1782507977.210488,227
25.018064,25.011639,0.31449395,0.47180936,0.7234497,1,1,0,0.012573242,0.018859863,25.018066,29,125,1,0,255,2,0,1782507977.210488,227
25.02539,25.02097,-0.0015271588,0.47042033,1.0384827,1,1,0,-6.1035156e-05,0.018798828,25.02539,29,125,1,0,255,2,0,1782507977.210488,227
25.026125,25.023102,0.116074786,0.3711624,0.8122864,1,1,0,0.004638672,0.014831543,25.026123,60,125,0,0,255,2,0,1782507977.210488,227
25.03003,25.02715,0.06415665,0.37427545,0.7749939,1,1,0,0.0025634766,0.014953613,25.03003,60,125,0,0,255,2,0,1782507977.210488,227
25.019773,25.016905,0.010688377,0.37870282,1.051239,1,1,0,0.0004272461,0.015136719,25.019775,60,125,0,0,255,2,0,1782507977.210488,227
25.01831,25.009796,0.3159975,0.5710471,0.65838623,1,1,0,0.012634277,0.022827148,25.01831,61,125,1,0,255,2,0,1782507977.210488,227
25.031738,25.023716,0.26423728,0.57593584,0.8956299,1,1,0,0.010559082,0.023010254,25.031738,61,125,1,0,255,2,0,1782507977.210488,227
25.01587,25.00877,0.10684965,0.5862557,0.7501221,1,1,0,0.004272461,0.0234375,25.01587,61,125,1,0,255,2,0,1782507977.210488,227
25.035156,25.028116,0.053465907,0.5912906,0.9161682,1,1,0,0.0021362305,0.023620605,25.035156,61,125,1,0,255,2,0,1782507977.210488,227
25.031738,25.024683,0.0015273854,0.59426457,0.8360596,1,1,0,6.1035156e-05,0.023742676,25.031738,61,125,1,0,255,2,0,1782507977.210488,227
25.032225,25.019077,0.27335164,0.7638044,0.86169434,1,1,0,0.010925293,0.030517578,25.032227,24,126,0,0,255,2,0,1782507977.3104224,228
25.032715,25.02079,0.116064064,0.7638193,0.83480835,1,1,0,0.004638672,0.030517578,25.032715,24,126,0,0,255,2,0,1782507977.3104224,228
25.01831,25.005703,0.3678472,0.70385253,0.69433594,1,1,0,0.014709473,0.028137207,25.01831,27,126,1,0,255,2,0,1782507977.3104224,228
25.02539,25.01415,0.26260936,0.7025249,1.1390381,1,1,0,0.010498047,0.028076172,25.02539,27,126,1,0,255,2,0,1782507977.3104224,228
25.014648,25.004732,0.05341595,0.7022233,0.78604126,1,1,0,0.0021362305,0.028076172,25.014648,27,126,1,0,255,2,0,1782507977.3104224,228
25.03296,25.028328,0.1023503,0.4705626,0.79086304,1,1,0,0.0040893555,0.018798828,25.032959,29,126,1,0,255,2,0,1782507977.3104224,228
25.018068,25.013596,0.050381456,0.47028264,0.86813354,1,1,0,0.0020141602,0.018798828,25.018066,29,126,1,0,255,2,0,1782507977.3104224,228
25.031738,25.027315,-0.0030550922,0.47053966,0.829895,1,1,0,-0.00012207031,0.018798828,25.031738,29,126,1,0,255,2,0,1782507977.3104224,228
25.028074,25.024794,0.16954313,0.36813653,0.72732544,1,1,0,0.0067749023,0.014709473,25.028076,60,126,0,0,255,2,0,1782507977.3104224,228
25.03247,25.029568,0.06416285,0.37583962,0.83828735,1,1,0,0.0025634766,0.015014648,25.03247,60,126,0,0,255,2,0,1782507977.3104224,228
25.030762,25.022207,0.31615433,0.57285863,0.8545532,1,1,0,0.012634277,0.022888184,25.030762,61,126,1,0,255,2,0,1782507977.3104224,228
25.01367,25.006536,0.106840104,0.5877305,0.7839966,1,1,0,0.004272461,0.023498535,25.013672,61,126,1,0,255,2,0,1782507977.3104224,228
25.02417,25.017096,0.053442363,0.592558,0.97280884,1,1,0,0.0021362305,0.02368164,25.02417,61,126,1,0,255,2,0,1782507977.3104224,228
25.019287,25.0122,0.0015266235,0.59549564,0.9840698,1,1,0,6.1035156e-05,0.023803711,25.019287,61,126,1,0,255,2,0,1782507977.3104224,228
25.034178,25.02034,0.32682234,0.76539123,0.83654785,1,1,0,0.013061523,0.030578613,25.03418,24,127,0,0,255,2,0,1782507977.4108353,229
25.032225,25.019543,0.22143118,0.7653315,0.652771,1,2,0,0.008850098,0.030578613,25.032227,24,127,0,0,255,2,0,1782507977.4108353,229
25.028074,25.016418,0.012215049,0.7636777,0.3831787,1,2,0,0.00048828125,0.030517578,25.028076,24,127,0,0,255,2,0,1782507977.4108353,229
25.03003,25.023252,0.21993661,0.53924054,0.68743896,1,1,0,0.0087890625,0.02154541,25.03003,26,127,0,0,255,2,0,1782507977.4108353,229
25.02246,25.012547,0.051905993,0.70244265,0.9450989,1,1,0,0.0020751953,0.028076172,25.02246,27,127,1,0,255,2,0,1782507977.4108353,229
25.019531,25.013115,0.31603944,0.47031018,0.59161377,1,1,0,0.012634277,0.018798828,25.019531,29,127,1,0,255,2,0,1782507977.4108353,229
25.031492,25.028624,0.059577525,0.37429735,0.7403259,1,1,0,0.002380371,0.014953613,25.031494,60,127,0,0,255,2,0,1782507977.4108353,229
25.032957,25.023844,0.36505878,0.5683265,0.94802856,1,1,0,0.014587402,0.022705078,25.032959,61,127,1,0,255,2,0,1782507977.4108353,229
25.015867,25.007898,0.25949067,0.5755707,0.68444824,1,1,0,0.010375977,0.023010254,25.01587,61,127,1,0,255,2,0,1782507977.4108353,229
25.029541,25.021982,0.20770678,0.5789398,0.7364502,1,1,0,0.008300781,0.023132324,25.029541,61,127,1,0,255,2,0,1782507977.4108353,229
25.023926,25.01664,0.15574525,0.5833907,0.71795654,1,1,0,0.006225586,0.02331543,25.023926,61,127,1,0,255,2,0,1782507977.4108353,229
25.023928,25.016846,0.10230335,0.58644456,0.6748047,1,1,0,0.0040893555,0.0234375,25.023926,61,127,1,0,255,2,0,1782507977.4108353,229
25.031006,25.01789,0.27028435,0.7637671,1.0142517,1,1,0,0.010803223,0.030517578,25.031006,24,128,0,0,255,2,0,1782507977.5105896,230
25.029053,25.017143,0.11299324,0.7637075,0.68136597,1,1,0,0.0045166016,0.030517578,25.029053,24,128,0,0,255,2,0,1782507977.5105896,230
25.025146,25.01388,0.26107964,0.7040448,0.7991028,1,1,0,0.010437012,0.028137207,25.025146,27,128,1,0,255,2,0,1782507977.5105896,230
25.0271,25.017183,0.051915616,0.7025728,1.1390381,1,1,0,0.0020751953,0.028076172,25.0271,27,128,1,0,255,2,0,1782507977.5105896,230
25.019533,25.013765,0.25955155,0.47031018,0.6265259,1,1,0,0.010375977,0.018798828,25.019531,29,128,1,0,255,2,0,1782507977.5105896,230
25.010986,25.00652,0.048840918,0.47014955,0.8980713,1,1,0,0.001953125,0.018798828,25.010986,29,128,1,0,255,2,0,1782507977.5105896,230
25.033934,25.03092,0.11458327,0.3712783,0.8027344,1,1,0,0.0045776367,0.014831543,25.033936,60,128,0,0,255,2,0,1782507977.5105896,230
25.028563,25.02003,0.31459945,0.5728084,0.7723999,1,1,0,0.012573242,0.022888184,25.028564,61,128,1,0,255,2,0,1782507977.5105896,230
25.036377,25.02837,0.26275864,0.57604253,0.89974976,1,1,0,0.010498047,0.023010254,25.036377,61,128,1,0,255,2,0,1782507977.5105896,230
25.031004,25.017235,0.32525462,0.7637671,0.81573486,1,1,0,0.013000488,0.030517578,25.031006,24,129,0,0,255,2,0,1782507977.6102846,231
25.029053,25.015923,0.27179015,0.7637075,0.6839905,1,1,0,0.010864258,0.030517578,25.029053,24,129,0,0,255,2,0,1782507977.6102846,231
25.031248,25.018627,0.21989596,0.7637746,0.8009949,1,1,0,0.0087890625,0.030517578,25.03125,24,129,0,0,255,2,0,1782507977.6102846,231
25.013674,25.003815,-0.0015261117,0.7021959,0.84350586,1,1,0,-6.1035156e-05,0.028076172,25.013672,27,129,1,0,255,2,0,1782507977.6102846,231
25.018309,25.011864,0.31602365,0.47181395,0.66659546,1,1,0,0.012634277,0.018859863,25.01831,29,129,1,0,255,2,0,1782507977.6102846,231
25.025146,25.019318,0.2626636,0.47194287,0.67276,1,1,0,0.010498047,0.018859863,25.025146,29,129,1,0,255,2,0,1782507977.6102846,231
25.019531,25.014194,0.21069582,0.47183698,0.6830139,1,1,0,0.008422852,0.018859863,25.019531,29,129,1,0,255,2,0,1782507977.6102846,231
25.026367,25.021946,0.0015272184,0.4704387,0.69021606,1,1,0,6.1035156e-05,0.018798828,25.026367,29,129,1,0,255,2,0,1782507977.6102846,231
25.029055,25.02578,0.16496724,0.36967838,0.95877075,1,1,0,0.006591797,0.014770508,25.029053,60,129,0,0,255,2,0,1782507977.6102846,231
25.03003,25.027134,0.061101526,0.37580296,0.95706177,1,1,0,0.0024414062,0.015014648,25.03003,60,129,0,0,255,2,0,1782507977.6102846,231
25.026121,25.02323,0.007636484,0.3803262,0.7619934,1,1,0,0.00030517578,0.015197754,25.026123,60,129,0,0,255,2,0,1782507977.6102846,231
25.028809,25.019659,0.36499774,0.5697595,0.59628296,1,1,0,0.014587402,0.022766113,25.028809,61,129,1,0,255,2,0,1782507977.6102846,231
25.031736,25.023712,0.26118228,0.5774632,0.97369385,1,1,0,0.010437012,0.023071289,25.031738,61,129,1,0,255,2,0,1782507977.6102846,231
25.026367,25.019045,0.15576023,0.5849747,0.6460571,1,1,0,0.006225586,0.023376465,25.026367,61,129,1,0,255,2,0,1782507977.6102846,231
25.017336,25.01022,0.10227625,0.5878166,0.45706177,1,1,0,0.0040893555,0.023498535,25.017334,61,129,1,0,255,2,0,1782507977.6102846,231
25.020754,25.013664,-0.0015267129,0.5955305,0.66967773,1,1,0,-6.1035156e-05,0.023803711,25.020752,61,129,1,0,255,2,0,1782507977.6102846,231
25.021484,25.015627,0.06412711,0.5375296,0.96640015,1,1,0,0.0025634766,0.021484375,25.021484,26,130,0,0,255,2,0,1782507977.7107623,232
25.021729,25.014572,0.3679777,0.4718784,0.7005005,1,1,0,0.014709473,0.018859863,25.021729,29,130,1,0,255,2,0,1782507977.7107623,232
25.020752,25.014305,0.3160545,0.47186,0.6717224,1,1,0,0.012634277,0.018859863,25.020752,29,130,1,0,255,2,0,1782507977.7107623,232
25.017334,25.012915,-0.0,0.47026888,0.63168335,1,1,0,-0.0,0.018798828,25.017334,29,130,1,0,255,2,0,1782507977.7107623,232
25.031006,25.028013,0.11456996,0.36970723,0.7793274,1,1,0,0.0045776367,0.014770508,25.031006,60,130,0,0,255,2,0,1782507977.7107623,232
25.03003,25.02718,0.061101638,0.3727479,0.7698059,1,1,0,0.0024414062,0.014892578,25.03003,60,130,0,0,255,2,0,1782507977.7107623,232
25.028074,25.025229,0.009164513,0.37730107,1.1538391,1,1,0,0.00036621094,0.015075684,25.028076,60,130,0,0,255,2,0,1782507977.7107623,232
25.027344,25.018244,0.3665044,0.5666718,0.70150757,1,1,0,0.0146484375,0.022644043,25.027344,61,130,1,0,255,2,0,1782507977.7107623,232
25.029541,25.021076,0.31461263,0.5697761,0.8319702,1,1,0,0.012573242,0.022766113,25.029541,61,130,1,0,255,2,0,1782507977.7107623,232
25.023193,25.015226,0.26262066,0.5742124,1.1031189,1,1,0,0.010498047,0.022949219,25.023193,61,130,1,0,255,2,0,1782507977.7107623,232
25.029541,25.022005,0.20923428,0.57741255,0.81347656,1,1,0,0.008361816,0.023071289,25.029541,61,130,1,0,255,2,0,1782507977.7107623,232
25.03076,25.023499,0.15731533,0.5820228,0.8812561,1,1,0,0.006286621,0.023254395,25.030762,61,130,1,0,255,2,0,1782507977.7107623,232
25.031736,25.024675,0.10539019,0.58510023,0.81347656,1,1,0,0.004211426,0.023376465,25.031738,61,130,1,0,255,2,0,1782507977.7107623,232
25.019531,25.012535,0.05190597,0.58939487,0.6860962,1,1,0,0.0020751953,0.02355957,25.019531,61,130,1,0,255,2,0,1782507977.7107623,232
25.026367,25.01935,-0.0,0.59261006,0.70358276,1,1,0,-0.0,0.02368164,25.026367,61,130,1,0,255,2,0,1782507977.7107623,232
25.034182,25.021048,0.27184582,0.763864,0.8027344,1,1,0,0.010864258,0.030517578,25.03418,24,131,0,0,255,2,0,1782507977.810312,233
25.02905,25.016432,0.21987666,0.7637075,0.6683655,1,1,0,0.0087890625,0.030517578,25.029053,24,131,0,0,255,2,0,1782507977.810312,233
25.027102,25.019833,0.2703053,0.5391774,0.673584,1,1,0,0.010803223,0.02154541,25.0271,26,131,0,0,255,2,0,1782507977.810312,233
25.032957,25.02711,0.059573922,0.5377761,0.6622925,1,1,0,0.002380371,0.021484375,25.032959,26,131,0,0,255,2,0,1782507977.810312,233
25.025146,25.01438,0.20764367,0.7040448,0.69226074,1,1,0,0.008300781,0.028137207,25.025146,27,131,1,0,255,2,0,1782507977.810312,233
25.03174,25.021666,0.102323055,0.70270306,0.72720337,1,1,0,0.0040893555,0.028076172,25.031738,27,131,1,0,255,2,0,1782507977.810312,233
25.020752,25.01084,0.050375905,0.70239466,0.69433594,1,1,0,0.0020141602,0.028076172,25.020752,27,131,1,0,255,2,0,1782507977.810312,233
25.021729,25.014639,0.3633974,0.4718784,0.6501465,1,1,0,0.014526367,0.018859863,25.021729,29,131,1,0,255,2,0,1782507977.810312,233
25.029541,25.02315,0.31158364,0.47202575,0.87509155,1,1,0,0.012451172,0.018859863,25.029541,29,131,1,0,255,2,0,1782507977.810312,233
25.032959,25.02716,0.25969055,0.4720902,0.868927,1,1,0,0.010375977,0.018859863,25.032959,29,131,1,0,255,2,0,1782507977.810312,233
25.027342,25.022072,0.2061802,0.47045705,0.82580566,1,1,0,0.008239746,0.018798828,25.027344,29,131,1,0,255,2,0,1782507977.810312,233
25.021486,25.016588,0.15421797,0.4703469,0.8599243,1,1,0,0.006164551,0.018798828,25.021484,29,131,1,0,255,2,0,1782507977.810312,233
25.032959,25.028488,0.048883826,0.4705626,0.80114746,1,1,0,0.001953125,0.018798828,25.032959,29,131,1,0,255,2,0,1782507977.810312,233
25.027344,25.022923,-0.003054556,0.47045705,0.73028564,1,1,0,-0.00012207031,0.018798828,25.027344,29,131,1,0,255,2,0,1782507977.810312,233
25.021238,25.018225,0.114525154,0.37109,0.81573486,1,1,0,0.0045776367,0.014831543,25.02124,60,131,0,0,255,2,0,1782507977.810312,233
25.031982,25.029083,0.06263395,0.3758323,0.7958069,1,1,0,0.0025024414,0.015014648,25.031982,60,131,0,0,255,2,0,1782507977.810312,233
25.03003,25.027159,0.010692758,0.37885803,0.96917725,1,1,0,0.0004272461,0.015136719,25.03003,60,131,0,0,255,2,0,1782507977.810312,233
25.026367,25.017815,0.31609884,0.5727581,0.80114746,1,1,0,0.012634277,0.022888184,25.026367,61,131,1,0,255,2,0,1782507977.810312,233
25.023926,25.015923,0.26262796,0.5757561,0.695343,1,1,0,0.010498047,0.023010254,25.023926,61,131,1,0,255,2,0,1782507977.810312,233
25.019531,25.012402,0.10533849,0.5878682,0.72821045,1,1,0,0.004211426,0.023498535,25.019531,61,131,1,0,255,2,0,1782507977.810312,233
25.01831,25.011274,0.053429928,0.5908927,0.68917847,1,1,0,0.0021362305,0.023620605,25.01831,61,131,1,0,255,2,0,1782507977.810312,233
25.032227,25.019094,0.2718246,0.7638044,0.7914734,1,1,0,0.010864258,0.030517578,25.032227,24,132,0,0,255,2,0,1782507977.9101765,234
25.037842,25.025953,0.31467393,0.70440197,0.6795349,1,1,0,0.012573242,0.028137207,25.037842,27,132,1,0,255,2,0,1782507977.9101765,234
25.036377,25.025623,0.21079208,0.7028333,1.0343018,1,1,0,0.008422852,0.028076172,25.036377,27,132,1,0,255,2,0,1782507977.9101765,234
25.01831,25.011177,0.3664009,0.47181395,0.7107544,1,1,0,0.0146484375,0.018859863,25.01831,29,132,1,0,255,2,0,1782507977.9101765,234
25.015135,25.009325,0.2610321,0.4717541,0.59365845,1,1,0,0.010437012,0.018859863,25.015137,29,132,1,0,255,2,0,1782507977.9101765,234
25.026123,25.023115,0.11302021,0.3711624,0.72473145,1,1,0,0.0045166016,0.014831543,25.026123,60,132,0,0,255,2,0,1782507977.9101765,234
25.019531,25.01194,0.20762342,0.58023494,0.6255188,1,1,0,0.008300781,0.02319336,25.019531,61,132,1,0,255,2,0,1782507977.9101765,234
25.020754,25.013468,0.15572551,0.58331674,0.7097168,1,1,0,0.006225586,0.02331543,25.020752,61,132,1,0,255,2,0,1782507977.9101765,234
25.012693,25.005573,0.10378349,0.58770764,1.217926,1,1,0,0.0041503906,0.023498535,25.012695,61,132,1,0,255,2,0,1782507977.9101765,234
25.028564,25.021532,0.05039744,0.5911349,0.868927,1,1,0,0.0020141602,0.023620605,25.028564,61,132,1,0,255,2,0,1782507977.9101765,234
25.031738,25.020004,0.06261123,0.7637895,0.7420654,1,2,0,0.0025024414,0.030517578,25.031738,24,133,0,0,255,2,0,1782507978.0098653,235
25.031006,25.023153,0.32227644,0.53773415,0.7810669,1,1,0,0.012878418,0.021484375,25.031006,26,133,0,0,255,2,0,1782507978.0098653,235
25.02295,25.016918,0.11299222,0.53756106,1.1525574,1,1,0,0.0045166016,0.021484375,25.02295,26,133,0,0,255,2,0,1782507978.0098653,235
25.023926,25.011402,0.36487728,0.7024838,0.7005005,1,1,0,0.014587402,0.028076172,25.023926,27,133,1,0,255,2,0,1782507978.0098653,235
25.021729,25.017092,0.10383129,0.4703515,0.7251282,1,1,0,0.0041503906,0.018798828,25.021729,29,133,1,0,255,2,0,1782507978.0098653,235
25.018068,25.013647,-0.0,0.47028264,0.8045044,1,1,0,-0.0,0.018798828,25.018066,29,133,1,0,255,2,0,1782507978.0098653,235
25.030758,25.023426,0.15731488,0.5850774,0.8730469,1,1,0,0.006286621,0.023376465,25.030762,61,133,1,0,255,2,0,1782507978.0098653,235
25.020262,25.013138,-0.0,0.59704554,0.71728516,1,1,0,-0.0,0.023864746,25.020264,61,133,1,0,255,2,0,1782507978.0098653,235
25.032715,25.018957,0.3206951,0.7653464,0.83480835,1,1,0,0.012817383,0.030578613,25.032715,24,134,0,0,255,2,0,1782507978.1102645,236
25.031004,25.017906,0.26875737,0.7637671,0.69610596,1,2,0,0.0107421875,0.030517578,25.031006,24,134,0,0,255,2,0,1782507978.1102645,236
25.03003,25.017448,0.2153044,0.7637373,0.6510315,1,2,0,0.008605957,0.030517578,25.03003,24,134,0,0,255,2,0,1782507978.1102645,236
25.031248,25.01906,0.16339584,0.7637746,0.6154785,1,2,0,0.0065307617,0.030517578,25.03125,24,134,0,0,255,2,0,1782507978.1102645,236
25.031248,25.019344,0.11147609,0.7637746,0.67529297,1,2,0,0.0044555664,0.030517578,25.03125,24,134,0,0,255,2,0,1782507978.1102645,236
25.027098,25.015379,0.05801917,0.7636479,0.45510864,1,2,0,0.002319336,0.030517578,25.0271,24,134,0,0,255,2,0,1782507978.1102645,236
25.028078,25.016422,0.006107525,0.7636777,0.650177,1,2,0,0.00024414062,0.030517578,25.028076,24,134,0,0,255,2,0,1782507978.1102645,236
25.017336,25.010595,0.21982534,0.5374405,1.0018921,1,1,0,0.0087890625,0.021484375,25.017334,26,134,0,0,255,2,0,1782507978.1102645,236
25.025146,25.012577,0.36794835,0.70251805,0.6614685,1,1,0,0.014709473,0.028076172,25.025146,27,134,1,0,255,2,0,1782507978.1102645,236
25.02295,25.015837,0.36494198,0.47190145,0.66763306,1,1,0,0.014587402,0.018859863,25.02295,29,134,1,0,255,2,0,1782507978.1102645,236
25.033447,25.030416,0.11305319,0.3727988,0.7879944,1,1,0,0.0045166016,0.014892578,25.033447,60,134,0,0,255,2,0,1782507978.1102645,236
25.031982,25.029062,0.06110623,0.37735996,0.679657,1,1,0,0.0024414062,0.015075684,25.031982,60,134,0,0,255,2,0,1782507978.1102645,236
25.020264,25.011095,0.36639968,0.56956494,0.94714355,1,1,0,0.0146484375,0.022766113,25.020264,61,134,1,0,255,2,0,1782507978.1102645,236
25.030762,25.023132,0.20771633,0.5820228,0.74053955,1,1,0,0.008300781,0.023254395,25.030762,61,134,1,0,255,2,0,1782507978.1102645,236
25.028566,25.021242,0.15577391,0.5850261,0.846344,1,1,0,0.006225586,0.023376465,25.028564,61,134,1,0,255,2,0,1782507978.1102645,236
25.036865,25.029701,0.10388363,0.5898032,0.8710022,1,1,0,0.0041503906,0.02355957,25.036865,61,134,1,0,255,2,0,1782507978.1102645,236
25.034668,25.027597,0.05040966,0.59280664,0.885376,1,1,0,0.0020141602,0.02368164,25.034668,61,134,1,0,255,2,0,1782507978.1102645,236
25.028074,25.014288,0.32674327,0.7636777,0.71343994,1,1,0,0.013061523,0.030517578,25.028076,24,135,0,0,255,2,0,1782507978.2099118,237
25.031252,25.018085,0.27486795,0.7637746,0.85128784,1,1,0,0.010986328,0.030517578,25.03125,24,135,0,0,255,2,0,1782507978.2099118,237
25.026121,25.013489,0.22137761,0.7636181,0.71343994,1,1,0,0.008850098,0.030517578,25.026123,24,135,0,0,255,2,0,1782507978.2099118,237
25.03247,25.02024,0.16951229,0.7638118,0.7958069,1,1,0,0.0067749023,0.030517578,25.03247,24,135,0,0,255,2,0,1782507978.2099118,237
25.033447,25.021523,0.11606746,0.7638416,0.7940674,1,1,0,0.004638672,0.030517578,25.033447,24,135,0,0,255,2,0,1782507978.2099118,237
25.026121,25.014465,0.012214095,0.7636181,0.658844,1,2,0,0.00048828125,0.030517578,25.026123,24,135,0,0,255,2,0,1782507978.2099118,237
25.032469,25.029476,0.11457666,0.36972886,0.8781738,1,1,0,0.0045776367,0.014770508,25.03247,60,135,0,0,255,2,0,1782507978.2099118,237
25.031738,25.028885,0.06263345,0.37277335,0.85128784,1,1,0,0.0025024414,0.014892578,25.031738,60,135,0,0,255,2,0,1782507978.2099118,237
25.031004,25.028156,0.010693183,0.37734523,0.7472534,1,1,0,0.0004272461,0.015075684,25.031006,60,135,0,0,255,2,0,1782507978.2099118,237
25.015867,25.00675,0.36786264,0.56641203,0.82092285,1,1,0,0.014709473,0.022644043,25.01587,61,135,1,0,255,2,0,1782507978.2099118,237
25.023926,25.015444,0.3160689,0.5696483,0.7364502,1,1,0,0.012634277,0.022766113,25.023926,61,135,1,0,255,2,0,1782507978.2099118,237
25.030762,25.023212,0.21077178,0.5774407,0.8483887,1,1,0,0.008422852,0.023071289,25.030762,61,135,1,0,255,2,0,1782507978.2099118,237
25.018312,25.011053,0.15723708,0.5817332,0.67071533,1,1,0,0.006286621,0.023254395,25.01831,61,135,1,0,255,2,0,1782507978.2099118,237
25.027342,25.020283,0.10537169,0.58499753,0.7723999,1,1,0,0.004211426,0.023376465,25.027344,61,135,1,0,255,2,0,1782507978.2099118,237
25.02539,25.018373,-0.0,0.59258693,0.83325195,1,1,0,-0.0,0.02368164,25.02539,61,135,1,0,255,2,0,1782507978.2099118,237
25.031004,25.018396,0.2183668,0.7637671,0.7680664,1,1,0,0.008728027,0.030517578,25.031006,24,136,0,0,255,2,0,1782507978.3101203,238
25.033203,25.021545,0.00763597,0.7638342,0.7619934,1,1,0,0.00030517578,0.030517578,25.033203,24,136,0,0,255,2,0,1782507978.3101203,238
25.020264,25.010403,-0.0015265138,0.70238096,0.7480774,1,1,0,-6.1035156e-05,0.028076172,25.020264,27,136,1,0,255,2,0,1782507978.3101203,238
25.031008,25.027985,0.116097435,0.37123483,0.71606445,1,1,0,0.004638672,0.014831543,25.031006,60,136,0,0,255,2,0,1782507978.3101203,238
25.021484,25.018604,0.06413475,0.37414765,0.9179077,1,1,0,0.0025634766,0.014953613,25.021484,60,136,0,0,255,2,0,1782507978.3101203,238
25.019773,25.016905,0.0122152865,0.37870282,1.1560364,1,1,0,0.00048828125,0.015136719,25.019775,60,136,0,0,255,2,0,1782507978.3101203,238
25.03296,25.024422,0.31770992,0.57138145,0.9685669,1,1,0,0.0126953125,0.022827148,25.032959,61,136,1,0,255,2,0,1782507978.3101203,238
25.025145,25.017126,0.2641677,0.57578415,0.7374573,1,1,0,0.010559082,0.023010254,25.025146,61,136,1,0,255,2,0,1782507978.3101203,238
25.031738,25.024431,0.15884861,0.58357286,0.81140137,1,1,0,0.0063476562,0.02331543,25.031738,61,136,1,0,255,2,0,1782507978.3101203,238
25.031736,25.024633,0.10691742,0.58662766,0.7816162,1,1,0,0.004272461,0.0234375,25.031738,61,136,1,0,255,2,0,1782507978.3101203,238
25.022951,25.01591,0.05496668,0.5910023,0.6286011,1,1,0,0.0021972656,0.023620605,25.02295,61,136,1,0,255,2,0,1782507978.3101203,238
25.03247,25.01872,0.32374662,0.7638118,0.84002686,1,1,0,0.012939453,0.030517578,25.03247,24,137,0,0,255,2,0,1782507978.4099,239
25.03003,25.017422,0.2183583,0.7637373,0.7489929,1,1,0,0.008728027,0.030517578,25.03003,24,137,0,0,255,2,0,1782507978.4099,239
25.026123,25.013916,0.16641584,0.7636181,0.83047485,1,1,0,0.006652832,0.030517578,25.026123,24,137,0,0,255,2,0,1782507978.4099,239
25.025145,25.017223,0.32525447,0.53913534,0.7810669,1,1,0,0.013000488,0.02154541,25.025146,26,137,0,0,255,2,0,1782507978.4099,239
25.025145,25.018404,0.21989399,0.53760827,0.7585144,1,1,0,0.0087890625,0.021484375,25.025146,26,137,0,0,255,2,0,1782507978.4099,239
25.018066,25.007986,0.105319895,0.70231926,0.91534424,1,1,0,0.004211426,0.028076172,25.018066,27,137,1,0,255,2,0,1782507978.4099,239
25.031738,25.025923,0.26120535,0.47206718,0.86483765,1,1,0,0.010437012,0.018859863,25.031738,29,137,1,0,255,2,0,1782507978.4099,239
25.034178,25.031116,0.11458416,0.3743375,0.86602783,1,1,0,0.0045776367,0.014953613,25.03418,60,137,0,0,255,2,0,1782507978.4099,239
25.019775,25.01686,0.010688357,0.38175666,1.0330505,1,1,0,0.0004272461,0.015258789,25.019775,60,137,0,0,255,2,0,1782507978.4099,239
25.027344,25.018757,0.31611073,0.5743076,0.807312,1,1,0,0.012634277,0.022949219,25.027344,61,137,1,0,255,2,0,1782507978.4099,239
25.033447,25.027105,0.16803119,0.5377866,0.7732544,1,1,0,0.006713867,0.021484375,25.033447,26,138,0,0,255,2,0,1782507978.5108232,240
25.02368,25.01178,0.31602257,0.70400363,0.85375977,1,1,0,0.012634277,0.028137207,25.023682,27,138,1,0,255,2,0,1782507978.5108232,240
25.029541,25.02512,-0.0015274121,0.47049835,0.80526733,1,1,0,-6.1035156e-05,0.018798828,25.029541,29,138,1,0,255,2,0,1782507978.5108232,240
25.020264,25.012888,0.15877534,0.5863587,0.8024597,1,1,0,0.0063476562,0.0234375,25.020264,61,138,1,0,255,2,0,1782507978.5108232,240
25.031738,25.024626,0.05345845,0.59426457,0.885376,1,1,0,0.0021362305,0.023742676,25.031738,61,138,1,0,255,2,0,1782507978.5108232,240
25.03125,25.018118,0.271814,0.7637746,0.8122864,1,1,0,0.010864258,0.030517578,25.03125,24,139,0,0,255,2,0,1782507978.6099977,241
25.025148,25.012543,0.21831569,0.7635883,0.82354736,1,1,0,0.008728027,0.030517578,25.025146,24,139,0,0,255,2,0,1782507978.6099977,241
25.031982,25.019773,0.1664548,0.7637969,0.71951294,1,1,0,0.006652832,0.030517578,25.031982,24,139,0,0,255,2,0,1782507978.6099977,241
25.033447,25.02179,0.009163254,0.7638416,0.7715454,1,2,0,0.00036621094,0.030517578,25.033447,24,139,0,0,255,2,0,1782507978.6099977,241
25.030762,25.019476,0.26266527,0.70420283,0.80114746,1,1,0,0.010498047,0.028137207,25.030762,27,139,1,0,255,2,0,1782507978.6099977,241
25.019287,25.00921,0.10379858,0.70235354,0.7439575,1,1,0,0.0041503906,0.028076172,25.019287,27,139,1,0,255,2,0,1782507978.6099977,241
25.016846,25.011942,0.155716,0.4702597,0.84555054,1,1,0,0.006225586,0.018798828,25.016846,29,139,1,0,255,2,0,1782507978.6099977,241
25.016846,25.012375,0.050378997,0.4702597,0.8948059,1,1,0,0.0020141602,0.018798828,25.016846,29,139,1,0,255,2,0,1782507978.6099977,241
25.022219,25.018934,0.16644922,0.3695774,0.70651245,1,1,0,0.006652832,0.014770508,25.022217,60,139,0,0,255,2,0,1782507978.6099977,241
25.026123,25.023092,0.11302011,0.37268972,0.74380493,1,1,0,0.0045166016,0.014892578,25.026123,60,139,0,0,255,2,0,1782507978.6099977,241
25.025146,25.022228,0.06108955,0.3772569,0.83828735,1,1,0,0.0024414062,0.015075684,25.025146,60,139,0,0,255,2,0,1782507978.6099977,241
25.032957,25.024933,0.26119503,0.5774914,0.83813477,1,1,0,0.010437012,0.023071289,25.032959,61,139,1,0,255,2,0,1782507978.6099977,241
25.023926,25.016766,0.10382994,0.5894984,0.6748047,1,1,0,0.0041503906,0.02355957,25.023926,61,139,1,0,255,2,0,1782507978.6099977,241
25.020264,25.013195,0.051907342,0.5924655,1.0148621,1,1,0,0.0020751953,0.02368164,25.020264,61,139,1,0,255,2,0,1782507978.6099977,241
25.031248,25.017479,0.32525778,0.7637746,0.9232483,1,1,0,0.013000488,0.030517578,25.03125,24,140,0,0,255,2,0,1782507978.7098176,242
25.027098,25.01397,0.27176893,0.7636479,0.64151,1,1,0,0.010864258,0.030517578,25.0271,24,140,0,0,255,2,0,1782507978.7098176,242
25.031982,25.020248,0.06261184,0.7637969,0.83828735,1,1,0,0.0025024414,0.030517578,25.031982,24,140,0,0,255,2,0,1782507978.7098176,242
25.019285,25.01202,0.27022094,0.5390091,0.80966187,1,1,0,0.010803223,0.02154541,25.019287,26,140,0,0,255,2,0,1782507978.7098176,242
25.025145,25.01937,0.007635306,0.53760827,0.68136597,1,1,0,0.00030517578,0.021484375,25.025146,26,140,0,0,255,2,0,1782507978.7098176,242
25.030762,25.019506,0.25961113,0.70420283,0.8915405,1,1,0,0.010375977,0.028137207,25.030762,27,140,1,0,255,2,0,1782507978.7098176,242
25.015871,25.009462,0.31293988,0.4717679,0.8496704,1,1,0,0.012512207,0.018859863,25.01587,29,140,1,0,255,2,0,1782507978.7098176,242
25.019531,25.01506,0.050384406,0.47031018,0.67071533,1,1,0,0.0020141602,0.018798828,25.019531,29,140,1,0,255,2,0,1782507978.7098176,242
25.026125,25.02284,0.1664752,0.3696351,0.71606445,1,1,0,0.006652832,0.014770508,25.026123,60,140,0,0,255,2,0,1782507978.7098176,242
25.03003,25.026976,0.113037646,0.37427545,0.85910034,1,1,0,0.0045166016,0.014953613,25.03003,60,140,0,0,255,2,0,1782507978.7098176,242
25.032225,25.029306,0.061106827,0.37736362,0.85736084,1,1,0,0.0024414062,0.015075684,25.032227,60,140,0,0,255,2,0,1782507978.7098176,242
25.03003,25.027113,0.0076376693,0.38191313,0.85562134,1,1,0,0.00030517578,0.015258789,25.03003,60,140,0,0,255,2,0,1782507978.7098176,242
25.026363,25.018307,0.26112586,0.57886636,0.8216858,1,1,0,0.010437012,0.023132324,25.026367,61,140,1,0,255,2,0,1782507978.7098176,242
25.01831,25.011208,0.050376646,0.5939458,0.638855,1,1,0,0.0020141602,0.023742676,25.01831,61,140,1,0,255,2,0,1782507978.7098176,242
25.030762,25.023634,-0.0015273214,0.59729606,0.9161682,1,1,0,-6.1035156e-05,0.023864746,25.030762,61,140,1,0,255,2,0,1782507978.7098176,242
25.035154,25.029306,0.059579153,0.5378233,1.1538391,1,1,0,0.002380371,0.021484375,25.035156,26,141,0,0,255,2,0,1782507978.8095863,243
25.034668,25.029383,0.2077682,0.47059473,0.8442688,1,1,0,0.008300781,0.018798828,25.034668,29,141,1,0,255,2,0,1782507978.8095863,243
25.029055,25.026031,0.116088375,0.37120587,0.82180786,1,1,0,0.004638672,0.014831543,25.029053,60,141,0,0,255,2,0,1782507978.8095863,243
25.03247,25.029593,0.06263522,0.37431195,0.71691895,1,1,0,0.0025024414,0.014953613,25.03247,60,141,0,0,255,2,0,1782507978.8095863,243
25.02905,25.026182,0.01069234,0.37884325,0.68310547,1,1,0,0.0004272461,0.015136719,25.029053,60,141,0,0,255,2,0,1782507978.8095863,243
25.027344,25.018826,0.3161116,0.5712533,0.8216858,1,1,0,0.012634277,0.022827148,25.027344,61,141,1,0,255,2,0,1782507978.8095863,243
25.023926,25.016344,0.21071392,0.5788099,0.7395325,1,1,0,0.008422852,0.023132324,25.023926,61,141,1,0,255,2,0,1782507978.8095863,243
25.023926,25.016872,0.0015269087,0.59407914,0.7241211,1,1,0,6.1035156e-05,0.023742676,25.023926,61,141,1,0,255,2,0,1782507978.8095863,243
25.03247,25.019356,0.27030018,0.7638118,0.7663269,1,1,0,0.010803223,0.030517578,25.03247,24,142,0,0,255,2,0,1782507978.9099581,244
25.031248,25.018654,0.2168419,0.7637746,0.70477295,1,1,0,0.008666992,0.030517578,25.03125,24,142,0,0,255,2,0,1782507978.9099581,244
25.033937,25.021736,0.16494058,0.76385653,0.68569946,1,1,0,0.006591797,0.030517578,25.033936,24,142,0,0,255,2,0,1782507978.9099581,244
25.032957,25.02123,0.05955993,0.7638267,0.84002686,1,2,0,0.002380371,0.030517578,25.032959,24,142,0,0,255,2,0,1782507978.9099581,244
25.014648,25.003443,0.25944445,0.7022233,0.89276123,1,1,0,0.010375977,0.028076172,25.014648,27,142,1,0,255,2,0,1782507978.9099581,244
25.020264,25.014967,0.20917544,0.47032395,0.87838745,1,1,0,0.008361816,0.018798828,25.020264,29,142,1,0,255,2,0,1782507978.9099581,244
25.034668,25.03003,0.10388499,0.47059473,0.8586731,1,1,0,0.0041503906,0.018798828,25.034668,29,142,1,0,255,2,0,1782507978.9099581,244
25.018312,25.015041,0.16795018,0.36799288,0.94039917,1,1,0,0.006713867,0.014709473,25.01831,60,142,0,0,255,2,0,1782507978.9099581,244
25.02124,25.018341,0.062607065,0.375671,0.83654785,1,1,0,0.0025024414,0.015014648,25.02124,60,142,0,0,255,2,0,1782507978.9099581,244
25.019531,25.012444,0.0015266384,0.5955014,0.6850891,1,1,0,6.1035156e-05,0.023803711,25.019531,61,142,1,0,255,2,0,1782507978.9099581,244
25.025146,25.012035,0.27022108,0.7635883,0.8807678,1,1,0,0.010803223,0.030517578,25.025146,24,143,0,0,255,2,0,1782507979.0097919,245
25.03003,25.017435,0.21683134,0.7637373,0.8825073,1,1,0,0.008666992,0.030517578,25.03003,24,143,0,0,255,2,0,1782507979.0097919,245
25.021238,25.009518,0.059532046,0.76346916,0.4091797,1,1,0,0.002380371,0.030517578,25.02124,24,143,0,0,255,2,0,1782507979.0097919,245
25.015627,25.009298,0.16638511,0.53740376,1.0096741,1,1,0,0.006652832,0.021484375,25.015625,26,143,0,0,255,2,0,1782507979.0097919,245
25.040037,25.027441,0.36663914,0.7044638,0.7103882,1,1,0,0.0146484375,0.028137207,25.04004,27,143,1,0,255,2,0,1782507979.0097919,245
25.01831,25.011154,0.36792743,0.47181395,0.6974182,1,1,0,0.014709473,0.018859863,25.01831,29,143,1,0,255,2,0,1782507979.0097919,245
25.019531,25.013084,0.31603906,0.47183698,0.72720337,1,1,0,0.012634277,0.018859863,25.019531,29,143,1,0,255,2,0,1782507979.0097919,245
25.019531,25.014225,0.21069609,0.47031018,0.6398926,1,1,0,0.008422852,0.018798828,25.019531,29,143,1,0,255,2,0,1782507979.0097919,245
25.02539,25.020912,0.053450517,0.47042033,1.1031189,1,1,0,0.0021362305,0.018798828,25.02539,29,143,1,0,255,2,0,1782507979.0097919,245
25.03247,25.029575,0.061107486,0.37583962,0.85736084,1,1,0,0.0024414062,0.015014648,25.03247,60,143,0,0,255,2,0,1782507979.0097919,245
25.021484,25.018616,0.009162092,0.3787287,0.8564148,1,1,0,0.00036621094,0.015136719,25.021484,60,143,0,0,255,2,0,1782507979.0097919,245
25.019531,25.010399,0.36638948,0.5680216,0.6614685,1,1,0,0.0146484375,0.022705078,25.019531,61,143,1,0,255,2,0,1782507979.0097919,245
25.02539,25.017784,0.209199,0.58037084,0.91122437,1,1,0,0.008361816,0.02319336,25.02539,61,143,1,0,255,2,0,1782507979.0097919,245
25.021484,25.01436,0.10381996,0.5879141,0.91326904,1,1,0,0.0041503906,0.023498535,25.021484,61,143,1,0,255,2,0,1782507979.0097919,245
25.03247,25.019321,0.2733543,0.7638118,0.82702637,1,1,0,0.010925293,0.030517578,25.03247,24,144,0,0,255,2,0,1782507979.1098783,246
25.033934,25.026043,0.32536912,0.5377971,0.7958069,1,1,0,0.013000488,0.021484375,25.033936,26,144,0,0,255,2,0,1782507979.1098783,246
25.023191,25.017155,0.11452025,0.5375663,0.7828064,1,1,0,0.0045776367,0.021484375,25.023193,26,144,0,0,255,2,0,1782507979.1098783,246
25.034666,25.024578,0.10538978,0.7027853,0.86483765,1,1,0,0.004211426,0.028076172,25.034668,27,144,1,0,255,2,0,1782507979.1098783,246
25.027344,25.020176,0.10537124,0.5895789,0.8812561,1,1,0,0.004211426,0.02355957,25.027344,61,144,1,0,255,2,0,1782507979.1098783,246
25.021484,25.014359,0.0015267553,0.5970747,0.91122437,1,1,0,6.1035156e-05,0.023864746,25.021484,61,144,1,0,255,2,0,1782507979.1098783,246
25.03247,25.019339,0.27182725,0.7638118,0.71258545,1,2,0,0.010864258,0.030517578,25.03247,24,145,0,0,255,2,0,1782507979.2097566,247
25.031004,25.018383,0.21989381,0.7637671,0.72473145,1,1,0,0.0087890625,0.030517578,25.031006,24,145,0,0,255,2,0,1782507979.2097566,247
25.03247,25.020262,0.16645806,0.7638118,0.644104,1,2,0,0.006652832,0.030517578,25.03247,24,145,0,0,255,2,0,1782507979.2097566,247
25.033201,25.021284,0.11453916,0.7638342,0.68136597,1,2,0,0.0045776367,0.030517578,25.033203,24,145,0,0,255,2,0,1782507979.2097566,247
25.032225,25.020493,0.06261245,0.7638044,0.618103,1,2,0,0.0025024414,0.030517578,25.032227,24,145,0,0,255,2,0,1782507979.2097566,247
25.032715,25.025461,0.26883852,0.53929836,0.7342529,1,1,0,0.0107421875,0.02154541,25.032715,26,145,0,0,255,2,0,1782507979.2097566,247
25.03125,25.0245,0.21689257,0.5392668,0.7568054,1,1,0,0.008666992,0.02154541,25.03125,26,145,0,0,255,2,0,1782507979.2097566,247
25.024168,25.018145,0.111470744,0.5375873,1.0567322,1,1,0,0.0044555664,0.021484375,25.02417,26,145,0,0,255,2,0,1782507979.2097566,247
25.029053,25.023275,0.006109198,0.5376922,0.82873535,1,1,0,0.00024414062,0.021484375,25.029053,26,145,0,0,255,2,0,1782507979.2097566,247
25.020266,25.007723,0.3632969,0.70390743,0.861969,1,1,0,0.014526367,0.028137207,25.020264,27,145,1,0,255,2,0,1782507979.2097566,247
25.030762,25.018915,0.3115309,0.70420283,0.80114746,1,1,0,0.012451172,0.028137207,25.030762,27,145,1,0,255,2,0,1782507979.2097566,247
25.025387,25.014633,0.20611891,0.7040517,1.0589905,1,1,0,0.008239746,0.028137207,25.02539,27,145,1,0,255,2,0,1782507979.2097566,247
25.026367,25.016302,0.10077422,0.70255226,0.69021606,1,1,0,0.0040283203,0.028076172,25.026367,27,145,1,0,255,2,0,1782507979.2097566,247
25.01953,25.00967,-0.0030529383,0.7023604,0.7487488,1,1,0,-0.00012207031,0.028076172,25.019531,27,145,1,0,255,2,0,1782507979.2097566,247
25.034668,25.02756,0.36664087,0.47059473,0.79086304,1,1,0,0.0146484375,0.018798828,25.034668,29,145,1,0,255,2,0,1782507979.2097566,247
25.021484,25.018179,0.1664442,0.3710936,1.2789917,1,1,0,0.006652832,0.014831543,25.021484,60,145,0,0,255,2,0,1782507979.2097566,247
25.024168,25.021109,0.11453836,0.37418783,0.7810669,1,1,0,0.0045776367,0.014953613,25.02417,60,145,0,0,255,2,0,1782507979.2097566,247
25.010742,25.007803,0.06105433,0.37856612,0.7724304,1,1,0,0.0024414062,0.015136719,25.010742,60,145,0,0,255,2,0,1782507979.2097566,247
25.03003,25.027113,0.009165203,0.38191313,0.87384033,1,1,0,0.00036621094,0.015258789,25.03003,60,145,0,0,255,2,0,1782507979.2097566,247
25.021727,25.014051,0.20916778,0.5833395,0.65426636,1,1,0,0.008361816,0.02331543,25.021729,61,145,1,0,255,2,0,1782507979.2097566,247
25.026367,25.01917,0.10383993,0.591083,0.7487488,1,1,0,0.0041503906,0.023620605,25.026367,61,145,1,0,255,2,0,1782507979.2097566,247
25.023926,25.016764,-0.0,0.5986598,0.6850891,1,1,0,-0.0,0.023925781,25.023926,61,145,1,0,255,2,0,1782507979.2097566,247
25.015627,25.007778,0.32207844,0.53740376,0.8338928,1,1,0,0.012878418,0.021484375,25.015625,26,146,0,0,255,2,0,1782507979.3099651,248
25.028563,25.01674,0.31303096,0.70261395,0.7333679,1,1,0,0.012512207,0.028076172,25.028564,27,146,1,0,255,2,0,1782507979.3099651,248
25.036377,25.025648,0.2077372,0.7028333,1.0517578,1,1,0,0.008300781,0.028076172,25.036377,27,146,1,0,255,2,0,1782507979.3099651,248
25.02368,25.013819,-0.0015267223,0.7024769,1.0487366,1,1,0,-6.1035156e-05,0.028076172,25.023682,27,146,1,0,255,2,0,1782507979.3099651,248
25.031252,25.027954,0.16498157,0.37123844,0.71865845,1,1,0,0.006591797,0.014831543,25.03125,60,146,0,0,255,2,0,1782507979.3099651,248
25.021238,25.018187,0.11299795,0.37414402,0.7507324,1,1,0,0.0045166016,0.014953613,25.02124,60,146,0,0,255,2,0,1782507979.3099651,248
25.033445,25.03053,0.0076387124,0.38196525,1.2093201,1,1,0,0.00030517578,0.015258789,25.033447,60,146,0,0,255,2,0,1782507979.3099651,248
25.032959,25.023775,0.36505777,0.57138145,0.868927,1,1,0,0.014587402,0.022827148,25.032959,61,146,1,0,255,2,0,1782507979.3099651,248
25.027344,25.01968,0.20768768,0.5834704,0.76416016,1,1,0,0.008300781,0.02331543,25.027344,61,146,1,0,255,2,0,1782507979.3099651,248
25.016846,25.009659,0.102273956,0.5908581,0.760376,1,1,0,0.0040893555,0.023620605,25.016846,61,146,1,0,255,2,0,1782507979.3099651,248
25.02246,25.015356,0.050385002,0.5940443,0.8250427,1,1,0,0.0020141602,0.023742676,25.02246,61,146,1,0,255,2,0,1782507979.3099651,248
25.029053,25.016825,0.16948915,0.7637075,0.70999146,1,1,0,0.0067749023,0.030517578,25.029053,24,147,0,0,255,2,0,1782507979.409635,249
25.031004,25.019268,0.064136446,0.7637671,0.41262817,1,2,0,0.0025634766,0.030517578,25.031006,24,147,0,0,255,2,0,1782507979.409635,249
25.03003,25.018372,0.012216003,0.7637373,0.65625,1,1,0,0.00048828125,0.030517578,25.03003,24,147,0,0,255,2,0,1782507979.409635,249
25.03125,25.023306,0.32686108,0.5392668,0.86602783,1,1,0,0.013061523,0.02154541,25.03125,26,147,0,0,255,2,0,1782507979.409635,249
25.03003,25.02271,0.27491876,0.53924054,0.84002686,1,1,0,0.010986328,0.02154541,25.03003,26,147,0,0,255,2,0,1782507979.409635,249
25.032227,25.025469,0.22148363,0.5377604,0.7810669,1,1,0,0.008850098,0.021484375,25.032227,26,147,0,0,255,2,0,1782507979.409635,249
25.021484,25.010723,0.21219324,0.7024152,0.9214783,1,1,0,0.008483887,0.028076172,25.021484,27,147,1,0,255,2,0,1782507979.409635,249
25.020264,25.010174,0.106855646,0.70238096,0.7901306,1,1,0,0.004272461,0.028076172,25.020264,27,147,1,0,255,2,0,1782507979.409635,249
25.02075,25.014967,0.261091,0.47033313,0.6203613,1,1,0,0.010437012,0.018798828,25.020752,29,147,1,0,255,2,0,1782507979.409635,249
25.033201,25.02993,0.16805016,0.36821193,0.85910034,1,1,0,0.006713867,0.014709473,25.033203,60,147,0,0,255,2,0,1782507979.409635,249
25.03003,25.02716,0.009165221,0.37885803,0.6631775,1,1,0,0.00036621094,0.015136719,25.03003,60,147,0,0,255,2,0,1782507979.409635,249
25.03247,25.019861,0.21837959,0.7638118,0.84869385,1,1,0,0.008728027,0.030517578,25.03247,24,148,0,0,255,2,0,1782507979.5101082,250
25.032715,25.02103,0.061086625,0.7622921,0.83047485,1,2,0,0.0024414062,0.030456543,25.032715,24,148,0,0,255,2,0,1782507979.5101082,250
25.031736,25.020126,0.009162645,0.76226234,0.658844,1,1,0,0.00036621094,0.030456543,25.031738,24,148,0,0,255,2,0,1782507979.5101082,250
25.033203,25.025318,0.32230434,0.5393089,0.97872925,1,1,0,0.012878418,0.02154541,25.033203,26,148,0,0,255,2,0,1782507979.5101082,250
25.032715,25.025494,0.26883888,0.53777087,0.8825073,1,1,0,0.0107421875,0.021484375,25.032715,26,148,0,0,255,2,0,1782507979.5101082,250
25.031252,25.025473,0.0061097345,0.5377394,0.96743774,1,1,0,0.00024414062,0.021484375,25.03125,26,148,0,0,255,2,0,1782507979.5101082,250
25.021484,25.011576,0.048850793,0.7024152,0.8948059,1,1,0,0.001953125,0.028076172,25.021484,27,148,1,0,255,2,0,1782507979.5101082,250
25.026367,25.019938,0.3145983,0.4719659,0.7744446,1,1,0,0.012573242,0.018859863,25.026367,29,148,1,0,255,2,0,1782507979.5101082,250
25.027344,25.022438,0.15578136,0.47045705,0.65530396,1,1,0,0.006225586,0.018798828,25.027344,29,148,1,0,255,2,0,1782507979.5101082,250
25.03003,25.026726,0.16955622,0.3696928,0.84869385,1,1,0,0.0067749023,0.014770508,25.03003,60,148,0,0,255,2,0,1782507979.5101082,250
25.031252,25.028198,0.11762607,0.37276608,0.7828064,1,1,0,0.004699707,0.014892578,25.03125,60,148,0,0,255,2,0,1782507979.5101082,250
25.027344,25.018738,0.31763777,0.5743076,0.6758423,1,1,0,0.0126953125,0.022949219,25.027344,61,148,1,0,255,2,0,1782507979.5101082,250
25.031738,25.02407,0.21230648,0.58204544,0.77545166,1,1,0,0.008483887,0.023254395,25.031738,61,148,1,0,255,2,0,1782507979.5101082,250
25.025145,25.017794,0.16033353,0.58494616,0.734375,1,1,0,0.0064086914,0.023376465,25.025146,61,148,1,0,255,2,0,1782507979.5101082,250
25.031006,25.017216,0.32678154,0.7637671,0.69784546,1,1,0,0.013061523,0.030517578,25.031006,24,149,0,0,255,2,0,1782507979.6097136,251
25.031494,25.018345,0.27334362,0.763782,0.82528687,1,1,0,0.010925293,0.030517578,25.031494,24,149,0,0,255,2,0,1782507979.6097136,251
25.03247,25.020546,0.11606293,0.7638118,1.0194702,1,1,0,0.004638672,0.030517578,25.03247,24,149,0,0,255,2,0,1782507979.6097136,251
25.019531,25.0078,0.064107046,0.763417,0.6250305,1,2,0,0.0025634766,0.030517578,25.019531,24,149,0,0,255,2,0,1782507979.6097136,251
25.032715,25.021055,0.012217313,0.7638193,0.7619934,1,2,0,0.00048828125,0.030517578,25.032715,24,149,0,0,255,2,0,1782507979.6097136,251
25.03003,25.022177,0.32226387,0.53771317,0.86602783,1,1,0,0.012878418,0.021484375,25.03003,26,149,0,0,255,2,0,1782507979.6097136,251
25.03418,25.026958,0.26885462,0.53780234,0.8105469,1,1,0,0.0107421875,0.021484375,25.03418,26,149,0,0,255,2,0,1782507979.6097136,251
25.032957,25.026932,0.1115099,0.5377761,1.1078796,1,1,0,0.0044555664,0.021484375,25.032959,26,149,0,0,255,2,0,1782507979.6097136,251
25.031982,25.026205,0.0061099133,0.53775513,0.8122864,1,1,0,0.00024414062,0.021484375,25.031982,26,149,0,0,255,2,0,1782507979.6097136,251
25.03076,25.020046,0.20616351,0.70267564,0.91412354,1,1,0,0.008239746,0.028076172,25.030762,27,149,1,0,255,2,0,1782507979.6097136,251
25.031982,25.02872,0.16651434,0.36819398,1.0029907,1,1,0,0.006652832,0.014709473,25.031982,60,149,0,0,255,2,0,1782507979.6097136,251
25.025145,25.022253,0.009163423,0.38031137,0.6692505,1,1,0,0.00036621094,0.015197754,25.025146,60,149,0,0,255,2,0,1782507979.6097136,251
25.026367,25.019241,0.10384022,0.58802885,0.70666504,1,1,0,0.0041503906,0.023498535,25.026367,61,149,1,0,255,2,0,1782507979.6097136,251
25.029541,25.02245,-0.0015272491,0.59573966,0.7693176,1,1,0,-6.1035156e-05,0.023803711,25.029541,61,149,1,0,255,2,0,1782507979.6097136,251
25.032715,25.018877,0.32680324,0.7653464,0.71084595,1,1,0,0.013061523,0.030578613,25.032715,24,150,0,0,255,2,0,1782507979.7100542,252
25.027098,25.014465,0.22138625,0.7636479,0.71865845,1,1,0,0.008850098,0.030517578,25.0271,24,150,0,0,255,2,0,1782507979.7100542,252
25.025146,25.018827,0.16492142,0.53760827,0.7897339,1,1,0,0.006591797,0.021484375,25.025146,26,150,0,0,255,2,0,1782507979.7100542,252
25.032957,25.02653,0.31468117,0.4720902,0.846344,1,1,0,0.012573242,0.018859863,25.032959,29,150,1,0,255,2,0,1782507979.7100542,252
25.026121,25.023062,0.1145473,0.37421703,0.6631775,1,1,0,0.0045776367,0.014953613,25.026123,60,150,0,0,255,2,0,1782507979.7100542,252
25.031248,25.028334,0.00916565,0.38193175,0.83047485,1,1,0,0.00036621094,0.015258789,25.03125,60,150,0,0,255,2,0,1782507979.7100542,252
25.026365,25.017763,0.31457096,0.5758123,0.75390625,1,1,0,0.012573242,0.023010254,25.026367,61,150,1,0,255,2,0,1782507979.7100542,252
25.028076,25.015848,0.16948253,0.7636777,0.74380493,1,2,0,0.0067749023,0.030517578,25.028076,24,151,0,0,255,2,0,1782507979.8097403,253
25.02417,25.012436,0.06411894,0.7635585,0.638031,1,2,0,0.0025634766,0.030517578,25.02417,24,151,0,0,255,2,0,1782507979.8097403,253
25.02124,25.009586,0.012211713,0.76346916,0.60595703,1,2,0,0.00048828125,0.030517578,25.02124,24,151,0,0,255,2,0,1782507979.8097403,253
25.025145,25.018417,0.21836698,0.53760827,0.70739746,1,1,0,0.008728027,0.021484375,25.025146,26,151,0,0,255,2,0,1782507979.8097403,253
25.013674,25.002453,0.26096037,0.7021959,0.760376,1,1,0,0.010437012,0.028076172,25.013672,27,151,1,0,255,2,0,1782507979.8097403,253
25.02417,25.013823,0.15572771,0.7024906,0.99331665,1,1,0,0.006225586,0.028076172,25.02417,27,151,1,0,255,2,0,1782507979.8097403,253
25.03418,25.029757,0.0015276951,0.47058555,1.0538025,1,1,0,6.1035156e-05,0.018798828,25.03418,29,151,1,0,255,2,0,1782507979.8097403,253
25.02124,25.01758,0.21835968,0.36803597,0.9741821,1,1,0,0.008728027,0.014709473,25.02124,60,151,0,0,255,2,0,1782507979.8097403,253
25.031008,25.0277,0.16650754,0.37123483,0.84002686,1,1,0,0.006652832,0.014831543,25.031006,60,151,0,0,255,2,0,1782507979.8097403,253
25.031982,25.028906,0.11304636,0.3758323,0.6805115,1,1,0,0.0045166016,0.015014648,25.031982,60,151,0,0,255,2,0,1782507979.8097403,253
25.025145,25.015907,0.36647016,0.5727301,0.7097168,1,1,0,0.0146484375,0.022888184,25.025146,61,151,1,0,255,2,0,1782507979.8097403,253
25.028564,25.02047,0.26114845,0.58044446,0.7210388,1,1,0,0.010437012,0.02319336,25.028564,61,151,1,0,255,2,0,1782507979.8097403,253
25.032957,25.02528,0.20926167,0.5836013,0.79293823,1,1,0,0.008361816,0.02331543,25.032959,61,151,1,0,255,2,0,1782507979.8097403,253
25.032957,25.025562,0.1558008,0.58818376,0.82580566,1,1,0,0.006225586,0.023498535,25.032959,61,151,1,0,255,2,0,1782507979.8097403,253
25.027344,25.0202,0.051921878,0.5956874,0.81140137,1,1,0,0.0020751953,0.023803711,25.027344,61,151,1,0,255,2,0,1782507979.8097403,253
25.032469,25.0187,0.32527366,0.7638118,0.71343994,1,1,0,0.013000488,0.030517578,25.03247,24,152,0,0,255,2,0,1782507979.9100554,254
25.029543,25.024616,0.15884979,0.47049835,0.6871338,1,1,0,0.0063476562,0.018798828,25.029541,29,152,1,0,255,2,0,1782507979.9100554,254
25.032959,25.028536,0.0015276206,0.4705626,0.8565979,1,1,0,6.1035156e-05,0.018798828,25.032959,29,152,1,0,255,2,0,1782507979.9100554,254
25.0271,25.023804,0.16495422,0.3711769,0.82354736,1,1,0,0.006591797,0.014831543,25.0271,60,152,0,0,255,2,0,1782507979.9100554,254
25.031006,25.027958,0.11151447,0.37429005,0.8122864,1,1,0,0.0044555664,0.014953613,25.031006,60,152,0,0,255,2,0,1782507979.9100554,254
25.021482,25.018545,0.059553538,0.3787287,0.8650818,1,1,0,0.002380371,0.015136719,25.021484,60,152,0,0,255,2,0,1782507979.9100554,254
25.03247,25.029556,0.0061107315,0.38195035,0.9015808,1,1,0,0.00024414062,0.015258789,25.03247,60,152,0,0,255,2,0,1782507979.9100554,254
25.026367,25.017803,0.31151706,0.5758123,0.68096924,1,1,0,0.012451172,0.023010254,25.026367,61,152,1,0,255,2,0,1782507979.9100554,254
25.027342,25.0193,0.25960898,0.57888895,0.78060913,1,1,0,0.010375977,0.023132324,25.027344,61,152,1,0,255,2,0,1782507979.9100554,254
25.03174,25.024548,0.10233484,0.5912098,0.9059143,1,1,0,0.0040893555,0.023620605,25.031738,61,152,1,0,255,2,0,1782507979.9100554,254
25.030762,25.023659,0.048874393,0.5942414,0.7867737,1,1,0,0.001953125,0.023742676,25.030762,61,152,1,0,255,2,0,1782507979.9100554,254
25.028563,25.021437,-0.0030543746,0.59724367,0.6347656,1,1,0,-0.00012207031,0.023864746,25.028564,61,152,1,0,255,2,0,1782507979.9100554,254
25.032959,25.01978,0.27183205,0.7653539,0.8105469,1,1,0,0.010864258,0.030578613,25.032959,24,153,0,0,255,2,0,1782507980.0096297,255
25.023191,25.01154,0.0091595,0.7635287,0.83047485,1,2,0,0.00036621094,0.030517578,25.023193,24,153,0,0,255,2,0,1782507980.0096297,255
25.03467,25.024593,0.10233503,0.7027853,1.0301819,1,1,0,0.0040893555,0.028076172,25.034668,27,153,1,0,255,2,0,1782507980.0096297,255
25.016846,25.01042,0.3144786,0.47178632,0.8127136,1,1,0,0.012573242,0.018859863,25.016846,29,153,1,0,255,2,0,1782507980.0096297,255
25.031982,25.028334,0.2169258,0.36819398,0.72732544,1,1,0,0.008666992,0.014709473,25.031982,60,153,0,0,255,2,0,1782507980.0096297,255
25.025146,25.021828,0.16494119,0.37267518,0.84002686,1,1,0,0.006591797,0.014892578,25.025146,60,153,0,0,255,2,0,1782507980.0096297,255
25.025145,25.022076,0.11148826,0.37572965,1.0359192,1,1,0,0.0044555664,0.015014648,25.025146,60,153,0,0,255,2,0,1782507980.0096297,255
25.025145,25.022207,0.007636172,0.38336587,0.7568054,1,1,0,0.00030517578,0.015319824,25.025146,60,153,0,0,255,2,0,1782507980.0096297,255
25.032957,25.024372,0.31312644,0.5759639,0.77853394,1,1,0,0.012512207,0.023010254,25.032959,61,153,1,0,255,2,0,1782507980.0096297,255
25.027344,25.019266,0.25960863,0.58041614,0.84017944,1,1,0,0.010375977,0.02319336,25.027344,61,153,1,0,255,2,0,1782507980.0096297,255
25.020752,25.013369,0.15419813,0.5878969,0.6265259,1,1,0,0.006164551,0.023498535,25.020752,61,153,1,0,255,2,0,1782507980.0096297,255
25.029543,25.022316,0.102325715,0.5926852,0.81552124,1,1,0,0.0040893555,0.02368164,25.029541,61,153,1,0,255,2,0,1782507980.0096297,255
25.029541,25.022377,-0.0030544894,0.59879416,0.71795654,1,1,0,-0.00012207031,0.023925781,25.029541,61,153,1,0,255,2,0,1782507980.0096297,255
25.034182,25.022255,0.11607086,0.763864,0.6657715,1,2,0,0.004638672,0.030517578,25.03418,24,154,0,0,255,2,0,1782507980.1102366,256
25.019289,25.014383,0.1557312,0.4703056,0.8270874,1,1,0,0.006225586,0.018798828,25.019287,29,154,1,0,255,2,0,1782507980.1102366,256
25.020752,25.016115,0.10382724,0.47033313,0.6881714,1,1,0,0.0041503906,0.018798828,25.020752,29,154,1,0,255,2,0,1782507980.1102366,256
25.034666,25.025494,0.36661062,0.5698928,0.98706055,1,1,0,0.0146484375,0.022766113,25.034668,61,154,1,0,255,2,0,1782507980.1102366,256
25.02295,25.015345,0.2091786,0.5803142,0.7251282,1,1,0,0.008361816,0.02319336,25.02295,61,154,1,0,255,2,0,1782507980.1102366,256
25.020264,25.013176,-0.0015266831,0.5955189,0.8475952,1,1,0,-6.1035156e-05,0.023803711,25.020264,61,154,1,0,255,2,0,1782507980.1102366,256
25.028076,25.01587,0.16642883,0.7636777,0.7307739,1,1,0,0.006652832,0.030517578,25.028076,24,155,0,0,255,2,0,1782507980.2101882,257
25.031738,25.019827,0.11300536,0.7637895,0.667511,1,2,0,0.0045166016,0.030517578,25.031738,24,155,0,0,255,2,0,1782507980.2101882,257
25.028074,25.01642,0.007634406,0.7636777,0.6657715,1,3,0,0.00030517578,0.030517578,25.028076,24,155,0,0,255,2,0,1782507980.2101882,257
25.035156,25.027264,0.32538497,0.5378233,0.8911743,1,1,0,0.013000488,0.021484375,25.035156,26,155,0,0,255,2,0,1782507980.2101882,257
25.022459,25.017544,0.1572779,0.47036526,0.79833984,1,1,0,0.006286621,0.018798828,25.02246,29,155,1,0,255,2,0,1782507980.2101882,257
25.031248,25.02831,0.059576783,0.3788765,0.6709595,1,1,0,0.002380371,0.015136719,25.03125,60,155,0,0,255,2,0,1782507980.2101882,257
25.033936,25.031021,0.006111089,0.3819727,1.0653992,1,1,0,0.00024414062,0.015258789,25.033936,60,155,0,0,255,2,0,1782507980.2101882,257
25.035156,25.02597,0.3650898,0.57143164,0.85043335,1,1,0,0.014587402,0.022827148,25.035156,61,155,1,0,255,2,0,1782507980.2101882,257
25.036377,25.02781,0.31164166,0.57604253,1.1195374,1,1,0,0.012451172,0.023010254,25.036377,61,155,1,0,255,2,0,1782507980.2101882,257
25.035889,25.027843,0.25969762,0.5790866,1.1863098,1,1,0,0.010375977,0.023132324,25.035889,61,155,1,0,255,2,0,1782507980.2101882,257
25.025145,25.017494,0.20614249,0.5834192,0.7312927,1,1,0,0.008239746,0.02331543,25.025146,61,155,1,0,255,2,0,1782507980.2101882,257
25.031738,25.024387,0.15426606,0.58662766,0.829895,1,1,0,0.006164551,0.0234375,25.031738,61,155,1,0,255,2,0,1782507980.2101882,257
25.027348,25.020155,0.10231688,0.59110606,0.7312927,1,1,0,0.0040893555,0.023620605,25.027344,61,155,1,0,255,2,0,1782507980.2101882,257
25.031494,25.017744,0.323734,0.763782,0.7914734,1,1,0,0.012939453,0.030517578,25.031494,24,156,0,0,255,2,0,1782507980.3108993,258
25.031492,25.019836,0.009162539,0.763782,0.7767334,1,2,0,0.00036621094,0.030517578,25.031494,24,156,0,0,255,2,0,1782507980.3108993,258
25.019531,25.015081,0.05343806,0.46878335,0.6101074,1,1,0,0.0021362305,0.018737793,25.019531,29,156,1,0,255,2,0,1782507980.3108993,258
25.028076,25.025127,0.064151466,0.37882847,0.71865845,1,1,0,0.0025634766,0.015136719,25.028076,60,156,0,0,255,2,0,1782507980.3108993,258
25.026367,25.017761,0.31762537,0.5742852,0.81552124,1,1,0,0.0126953125,0.022949219,25.026367,61,156,1,0,255,2,0,1782507980.3108993,258
25.02295,25.015284,0.21223193,0.5818411,0.69226074,1,1,0,0.008483887,0.023254395,25.02295,61,156,1,0,255,2,0,1782507980.3108993,258
25.02246,25.015348,0.054965448,0.5940443,0.82092285,1,1,0,0.0021972656,0.023742676,25.02246,61,156,1,0,255,2,0,1782507980.3108993,258
25.033203,25.019432,0.32528317,0.7638342,0.7489929,1,1,0,0.013000488,0.030517578,25.033203,24,157,0,0,255,2,0,1782507980.409757,259
25.032957,25.020336,0.21991098,0.7638267,0.8088074,1,1,0,0.0087890625,0.030517578,25.032959,24,157,0,0,255,2,0,1782507980.409757,259
25.03247,25.02025,0.16798517,0.7638118,0.68917847,1,1,0,0.006713867,0.030517578,25.03247,24,157,0,0,255,2,0,1782507980.409757,259
25.022215,25.010561,0.010685666,0.76349896,0.6224365,1,2,0,0.0004272461,0.030517578,25.022217,24,157,0,0,255,2,0,1782507980.409757,259
25.02075,25.014713,0.114509076,0.53751385,0.9369507,1,1,0,0.0045776367,0.021484375,25.020752,26,157,0,0,255,2,0,1782507980.409757,259
25.023926,25.013134,0.21068689,0.7040105,0.8668823,1,1,0,0.008422852,0.028137207,25.023926,27,157,1,0,255,2,0,1782507980.409757,259
25.031738,25.025356,0.31313875,0.47053966,1.059967,1,1,0,0.012512207,0.018798828,25.031738,29,157,1,0,255,2,0,1782507980.409757,259
25.018312,25.013891,-0.0015267268,0.47028723,0.7241211,1,1,0,-6.1035156e-05,0.018798828,25.01831,29,157,1,0,255,2,0,1782507980.409757,259
25.029053,25.025404,0.21690041,0.3681509,0.7749939,1,1,0,0.008666992,0.014709473,25.029053,60,157,0,0,255,2,0,1782507980.409757,259
25.022219,25.0189,0.1649219,0.37263155,0.7585144,1,1,0,0.006591797,0.014892578,25.022217,60,157,0,0,255,2,0,1782507980.409757,259
25.031248,25.02818,0.111515455,0.3758213,0.73773193,1,1,0,0.0044555664,0.015014648,25.03125,60,157,0,0,255,2,0,1782507980.409757,259
25.03198,25.029018,0.059578467,0.38041526,0.7810669,1,1,0,0.002380371,0.015197754,25.031982,60,157,0,0,255,2,0,1782507980.409757,259
25.028564,25.019945,0.31307107,0.57739,0.77853394,1,1,0,0.012512207,0.023071289,25.028564,61,157,1,0,255,2,0,1782507980.409757,259
25.022947,25.01525,0.20765088,0.58489484,0.7487488,1,1,0,0.008300781,0.023376465,25.02295,61,157,1,0,255,2,0,1782507980.409757,259
25.028564,25.02118,0.15424629,0.58808047,0.8340149,1,1,0,0.006164551,0.023498535,25.028564,61,157,1,0,255,2,0,1782507980.409757,259
25.03296,25.025732,0.102339685,0.59276617,0.71383667,1,1,0,0.0040893555,0.02368164,25.032959,61,157,1,0,255,2,0,1782507980.409757,259
25.027344,25.020203,0.050394762,0.5956874,0.78060913,1,1,0,0.0020141602,0.023803711,25.027344,61,157,1,0,255,2,0,1782507980.409757,259
25.025145,25.017946,-0.0030539485,0.60021603,0.68917847,1,1,0,-0.00012207031,0.023986816,25.025146,61,157,1,0,255,2,0,1782507980.409757,259
25.031494,25.017784,0.32068005,0.763782,0.7897339,1,1,0,0.012817383,0.030517578,25.031494,24,158,0,0,255,2,0,1782507980.5102398,260
25.032715,25.019615,0.26877573,0.7638193,0.69610596,1,1,0,0.0107421875,0.030517578,25.032715,24,158,0,0,255,2,0,1782507980.5102398,260
25.033203,25.020607,0.21685883,0.7638342,0.8027344,1,1,0,0.008666992,0.030517578,25.033203,24,158,0,0,255,2,0,1782507980.5102398,260
25.03247,25.02028,0.16340381,0.7638118,0.7602539,1,2,0,0.0065307617,0.030517578,25.03247,24,158,0,0,255,2,0,1782507980.5102398,260
25.028074,25.01635,0.05954831,0.7636777,0.619812,1,2,0,0.002380371,0.030517578,25.028076,24,158,0,0,255,2,0,1782507980.5102398,260
25.031738,25.020082,0.0061084186,0.7637895,0.614624,1,2,0,0.00024414062,0.030517578,25.031738,24,158,0,0,255,2,0,1782507980.5102398,260
25.031738,25.023813,0.32534012,0.5392773,0.71951294,1,1,0,0.013000488,0.02154541,25.031738,26,158,0,0,255,2,0,1782507980.5102398,260
25.031494,25.024717,0.21994948,0.53927207,0.6805115,1,1,0,0.0087890625,0.02154541,25.031494,26,158,0,0,255,2,0,1782507980.5102398,260
25.028074,25.022297,0.01069068,0.5376712,0.83654785,1,1,0,0.0004272461,0.021484375,25.028076,26,158,0,0,255,2,0,1782507980.5102398,260
25.019531,25.008783,0.21065025,0.7023604,0.6748047,1,1,0,0.008422852,0.028076172,25.019531,27,158,1,0,255,2,0,1782507980.5102398,260
25.019287,25.012177,0.36488858,0.47183236,0.91122437,1,1,0,0.014587402,0.018859863,25.019287,29,158,1,0,255,2,0,1782507980.5102398,260
25.012451,25.008032,-0.0030527383,0.47017708,0.732666,1,1,0,-0.00012207031,0.018798828,25.012451,29,158,1,0,255,2,0,1782507980.5102398,260
25.032469,25.029554,0.0076384144,0.38195035,0.7489929,1,1,0,0.00030517578,0.015258789,25.03247,60,158,0,0,255,2,0,1782507980.5102398,260
25.032957,25.024897,0.26119465,0.57901883,0.88742065,1,1,0,0.010437012,0.023132324,25.032959,61,158,1,0,255,2,0,1782507980.5102398,260
25.023926,25.016262,0.2076593,0.5833907,0.65530396,1,1,0,0.008300781,0.02331543,25.023926,61,158,1,0,255,2,0,1782507980.5102398,260
25.019531,25.012337,0.10381156,0.5909215,0.6840515,1,1,0,0.0041503906,0.023620605,25.019531,61,158,1,0,255,2,0,1782507980.5102398,260
25.01367,25.006512,-0.0015262763,0.59841454,0.7809143,1,1,0,-6.1035156e-05,0.023925781,25.013672,61,158,1,0,255,2,0,1782507980.5102398,260
25.015627,25.008886,0.21981032,0.53740376,0.9049072,1,1,0,0.0087890625,0.021484375,25.015625,26,159,0,0,255,2,0,1782507980.6099007,261
25.021484,25.015156,0.16642408,0.5375296,1.0001526,1,1,0,0.006652832,0.021484375,25.021484,26,159,0,0,255,2,0,1782507980.6099007,261
25.032957,25.027103,0.06262899,0.5377761,0.84695435,1,1,0,0.0025024414,0.021484375,25.032959,26,159,0,0,255,2,0,1782507980.6099007,261
25.032957,25.02718,0.009165227,0.5377761,0.82006836,1,1,0,0.00036621094,0.021484375,25.032959,26,159,0,0,255,2,0,1782507980.6099007,261
25.035156,25.02391,0.26271185,0.702799,0.99731445,1,1,0,0.010498047,0.028076172,25.035156,27,159,1,0,255,2,0,1782507980.6099007,261
25.018066,25.012772,0.20915708,0.47028264,0.8147583,1,1,0,0.008361816,0.018798828,25.018066,29,159,1,0,255,2,0,1782507980.6099007,261
25.006594,25.001953,0.10529449,0.47006696,0.7770996,1,1,0,0.004211426,0.018798828,25.006592,29,159,1,0,255,2,0,1782507980.6099007,261
25.032959,25.02962,0.16804807,0.37279153,0.97177124,1,1,0,0.006713867,0.014892578,25.032959,60,159,0,0,255,2,0,1782507980.6099007,261
25.017332,25.014366,0.06259712,0.38019267,0.7559509,1,1,0,0.0025024414,0.015197754,25.017334,60,159,0,0,255,2,0,1782507980.6099007,261
25.031248,25.02831,0.009165642,0.38345936,0.7342529,1,1,0,0.00036621094,0.015319824,25.03125,60,159,0,0,255,2,0,1782507980.6099007,261
25.020262,25.011627,0.31449383,0.5771985,1.0867004,1,1,0,0.012573242,0.023071289,25.020264,61,159,1,0,255,2,0,1782507980.6099007,261
25.036865,25.028753,0.26276267,0.580637,1.0476379,1,1,0,0.010498047,0.02319336,25.036865,61,159,1,0,255,2,0,1782507980.6099007,261
25.030762,25.023035,0.21077028,0.5850774,0.9408264,1,1,0,0.008422852,0.023376465,25.030762,61,159,1,0,255,2,0,1782507980.6099007,261
25.029541,25.0223,0.105380185,0.5926852,0.78985596,1,1,0,0.004211426,0.02368164,25.029541,61,159,1,0,255,2,0,1782507980.6099007,261
25.030762,25.023617,0.051928967,0.59576875,0.8442688,1,1,0,0.0020751953,0.023803711,25.030762,61,159,1,0,255,2,0,1782507980.6099007,261
25.032957,25.025757,-0.0,0.6004034,0.88946533,1,1,0,-0.0,0.023986816,25.032959,61,159,1,0,255,2,0,1782507980.6099007,261
25.02905,25.016459,0.21682288,0.7637075,0.68743896,1,1,0,0.008666992,0.030517578,25.029053,24,160,0,0,255,2,0,1782507980.7098396,262
25.03247,25.020271,0.16493092,0.7638118,0.70043945,1,1,0,0.006591797,0.030517578,25.03247,24,160,0,0,255,2,0,1782507980.7098396,262
25.031982,25.020071,0.113006465,0.7637969,0.68743896,1,2,0,0.0045166016,0.030517578,25.031982,24,160,0,0,255,2,0,1782507980.7098396,262
25.025145,25.013422,0.05954134,0.7635883,0.6631775,1,2,0,0.002380371,0.030517578,25.025146,24,160,0,0,255,2,0,1782507980.7098396,262
25.03247,25.020813,0.0076357466,0.7638118,0.6683655,1,2,0,0.00030517578,0.030517578,25.03247,24,160,0,0,255,2,0,1782507980.7098396,262
25.02905,25.023272,0.010691097,0.5376922,0.81747437,1,1,0,0.0004272461,0.021484375,25.029053,26,160,0,0,255,2,0,1782507980.7098396,262
25.024902,25.012291,0.36794415,0.70403796,1.2539673,1,1,0,0.014709473,0.028137207,25.024902,27,160,1,0,255,2,0,1782507980.7098396,262
25.015871,25.009512,0.31141382,0.47024134,0.732666,1,1,0,0.012451172,0.018798828,25.01587,29,160,1,0,255,2,0,1782507980.7098396,262
25.026367,25.020615,0.25809532,0.4704387,0.7631531,1,1,0,0.010314941,0.018798828,25.026367,29,160,1,0,255,2,0,1782507980.7098396,262
25.022459,25.017189,0.20613997,0.47036526,0.9840698,1,1,0,0.008239746,0.018798828,25.02246,29,160,1,0,255,2,0,1782507980.7098396,262
25.036865,25.031965,0.15431277,0.47063604,1.0137634,1,1,0,0.006164551,0.018798828,25.036865,29,160,1,0,255,2,0,1782507980.7098396,262
25.030766,25.026138,0.10081385,0.4705213,0.7425842,1,1,0,0.0040283203,0.018798828,25.030762,29,160,1,0,255,2,0,1782507980.7098396,262
25.031738,25.027267,0.04888144,0.47053966,0.8956299,1,1,0,0.001953125,0.018798828,25.031738,29,160,1,0,255,2,0,1782507980.7098396,262
25.028566,25.024143,-0.003054705,0.47048,0.7189636,1,1,0,-0.00012207031,0.018798828,25.028564,29,160,1,0,255,2,0,1782507980.7098396,262
25.019531,25.016258,0.16490448,0.36953774,0.81658936,1,1,0,0.006591797,0.014770508,25.019531,60,160,0,0,255,2,0,1782507980.7098396,262
25.03003,25.026999,0.11303775,0.3727479,0.82528687,1,1,0,0.0045166016,0.014892578,25.03003,60,160,0,0,255,2,0,1782507980.7098396,262
25.027344,25.019714,0.20768796,0.5819433,0.638855,1,1,0,0.008300781,0.023254395,25.027344,61,160,1,0,255,2,0,1782507980.7098396,262
25.02246,25.015394,0.05038508,0.59251755,0.83325195,1,1,0,0.0020141602,0.02368164,25.02246,61,160,1,0,255,2,0,1782507980.7098396,262
25.03125,25.017519,0.3222039,0.7637746,0.7585144,1,1,0,0.012878418,0.030517578,25.03125,24,161,0,0,255,2,0,1782507980.809745,263
25.020264,25.007677,0.3663496,0.70390743,0.7655029,1,1,0,0.0146484375,0.028137207,25.020264,27,161,1,0,255,2,0,1782507980.809745,263
25.034668,25.023438,0.26117942,0.7027853,0.868927,1,1,0,0.010437012,0.028076172,25.034668,27,161,1,0,255,2,0,1782507980.809745,263
25.021729,25.015282,0.31606683,0.4718784,0.73028564,1,1,0,0.012634277,0.018859863,25.021729,29,161,1,0,255,2,0,1782507980.809745,263
25.027346,25.022863,0.05498196,0.47045705,0.7477417,1,1,0,0.0021972656,0.018798828,25.027344,29,161,1,0,255,2,0,1782507980.809745,263
25.033447,25.03012,0.16957922,0.37127104,0.7715454,1,1,0,0.0067749023,0.014831543,25.033447,60,161,0,0,255,2,0,1782507980.809745,263
25.031982,25.028915,0.11610176,0.37430465,0.7958069,1,1,0,0.004638672,0.014953613,25.031982,60,161,0,0,255,2,0,1782507980.809745,263
25.032227,25.029278,0.064162105,0.3788913,0.84695435,1,1,0,0.0025634766,0.015136719,25.032227,60,161,0,0,255,2,0,1782507980.809745,263
25.032469,25.029552,0.012221462,0.38195035,0.7420654,1,1,0,0.00048828125,0.015258789,25.03247,60,161,0,0,255,2,0,1782507980.809745,263
25.025145,25.016523,0.3160825,0.57578415,0.70358276,1,1,0,0.012634277,0.023010254,25.025146,61,161,1,0,255,2,0,1782507980.809745,263
25.020266,25.012564,0.21220885,0.58330536,0.8291321,1,1,0,0.008483887,0.02331543,25.020264,61,161,1,0,255,2,0,1782507980.809745,263
25.015871,25.008495,0.15874745,0.5862557,0.68444824,1,1,0,0.0063476562,0.0234375,25.01587,61,161,1,0,255,2,0,1782507980.809745,263
25.021729,25.01452,0.10687421,0.59097344,0.6357727,1,1,0,0.004272461,0.023620605,25.021729,61,161,1,0,255,2,0,1782507980.809745,263
25.017334,25.010174,0.0015264999,0.59850216,0.75390625,1,1,0,6.1035156e-05,0.023925781,25.017334,61,161,1,0,255,2,0,1782507980.809745,263
25.031492,25.017683,0.32831487,0.763782,0.667511,1,1,0,0.013122559,0.030517578,25.031494,24,162,0,0,255,2,0,1782507980.910044,264
25.026121,25.013475,0.2229043,0.7636181,0.70132446,1,2,0,0.008911133,0.030517578,25.026123,24,162,0,0,255,2,0,1782507980.910044,264
25.030031,25.017801,0.16949576,0.7637373,0.6545105,1,2,0,0.0067749023,0.030517578,25.03003,24,162,0,0,255,2,0,1782507980.910044,264
25.03247,25.020538,0.11759007,0.7638118,0.661438,1,2,0,0.004699707,0.030517578,25.03247,24,162,0,0,255,2,0,1782507980.910044,264
25.03125,25.019508,0.06566414,0.7637746,0.6154785,1,2,0,0.0026245117,0.030517578,25.03125,24,162,0,0,255,2,0,1782507980.910044,264
25.02856,25.017336,0.26111573,0.70261395,0.82580566,1,1,0,0.010437012,0.028076172,25.028564,27,162,1,0,255,2,0,1782507980.910044,264
25.011477,25.00435,0.36782733,0.47015873,0.4519348,1,1,0,0.014709473,0.018798828,25.011475,29,162,1,0,255,2,0,1782507980.910044,264
25.026367,25.017185,0.36496165,0.571231,0.7744446,1,1,0,0.014587402,0.022827148,25.026367,61,162,1,0,255,2,0,1782507980.910044,264
25.026123,25.012993,0.27175832,0.7636181,0.85128784,1,1,0,0.010864258,0.030517578,25.026123,24,163,0,0,255,2,0,1782507981.009543,265
25.031982,25.020063,0.11453357,0.7637969,1.0783997,1,1,0,0.0045776367,0.030517578,25.031982,24,163,0,0,255,2,0,1782507981.009543,265
25.031738,25.02008,0.009162628,0.7637895,0.673584,1,2,0,0.00036621094,0.030517578,25.031738,24,163,0,0,255,2,0,1782507981.009543,265
25.01123,25.001316,0.053408656,0.70212734,0.7716675,1,1,0,0.0021362305,0.028076172,25.01123,27,163,1,0,255,2,0,1782507981.009543,265
25.023928,25.017567,0.3115141,0.4703928,0.7127991,1,1,0,0.012451172,0.018798828,25.023926,29,163,1,0,255,2,0,1782507981.009543,265
25.032957,25.027685,0.20622645,0.4705626,0.97369385,1,1,0,0.008239746,0.018798828,25.032959,29,163,1,0,255,2,0,1782507981.009543,265
25.019533,25.014637,0.15420595,0.47031018,0.7076721,1,1,0,0.006164551,0.018798828,25.019531,29,163,1,0,255,2,0,1782507981.009543,265
25.021484,25.017063,-0.0030538407,0.4703469,0.861969,1,1,0,-0.00012207031,0.018798828,25.021484,29,163,1,0,255,2,0,1782507981.009543,265
25.020752,25.017488,0.16338558,0.36955577,0.87112427,1,1,0,0.0065307617,0.014770508,25.020752,60,163,0,0,255,2,0,1782507981.009543,265
25.026121,25.023075,0.111492716,0.37421703,0.82528687,1,1,0,0.0044555664,0.014953613,25.026123,60,163,0,0,255,2,0,1782507981.009543,265
25.01953,25.010351,0.36486194,0.57107496,0.72821045,1,1,0,0.014587402,0.022827148,25.019531,61,163,1,0,255,2,0,1782507981.009543,265
25.030762,25.02223,0.3115722,0.574386,0.8196411,1,1,0,0.012451172,0.022949219,25.030762,61,163,1,0,255,2,0,1782507981.009543,265
25.032959,25.024914,0.25966722,0.57901883,0.846344,1,1,0,0.010375977,0.023132324,25.032959,61,163,1,0,255,2,0,1782507981.009543,265
25.028564,25.021215,0.15424651,0.5865533,0.92233276,1,1,0,0.006164551,0.0234375,25.028564,61,163,1,0,255,2,0,1782507981.009543,265
25.034666,25.027563,0.04888202,0.5943341,0.74053955,1,1,0,0.001953125,0.023742676,25.034668,61,163,1,0,255,2,0,1782507981.009543,265
25.029053,25.015305,0.32370242,0.7637075,0.7568054,1,1,0,0.012939453,0.030517578,25.029053,24,164,0,0,255,2,0,1782507981.1098933,266
25.034422,25.021812,0.21839662,0.76387143,0.7403259,1,1,0,0.008728027,0.030517578,25.034424,24,164,0,0,255,2,0,1782507981.1098933,266
25.032959,25.025074,0.32230118,0.53930366,1.0992126,1,1,0,0.012878418,0.02154541,25.032959,26,164,0,0,255,2,0,1782507981.1098933,266
25.026367,25.0199,0.3176525,0.4719659,0.7333679,1,1,0,0.0126953125,0.018859863,25.026367,29,164,1,0,255,2,0,1782507981.1098933,266
25.023682,25.017849,0.2657025,0.4703882,0.8250427,1,1,0,0.010620117,0.018798828,25.023682,29,164,1,0,255,2,0,1782507981.1098933,266
25.03296,25.027636,0.21233672,0.4705626,0.80114746,1,1,0,0.008483887,0.018798828,25.032959,29,164,1,0,255,2,0,1782507981.1098933,266
25.021484,25.016548,0.16032554,0.4703469,0.8229675,1,1,0,0.0064086914,0.018798828,25.021484,29,164,1,0,255,2,0,1782507981.1098933,266
25.025146,25.020489,0.10842688,0.47041574,0.78060913,1,1,0,0.004333496,0.018798828,25.025146,29,164,1,0,255,2,0,1782507981.1098933,266
25.030762,25.02634,0.0030549732,0.4705213,0.75390625,1,1,0,0.00012207031,0.018798828,25.030762,29,164,1,0,255,2,0,1782507981.1098933,266
25.018066,25.010427,0.20913748,0.58172756,0.78704834,1,1,0,0.008361816,0.023254395,25.018066,61,164,1,0,255,2,0,1782507981.1098933,266
25.035156,25.028084,0.05193824,0.5928182,1.0476379,1,1,0,0.0020751953,0.02368164,25.035156,61,164,1,0,255,2,0,1782507981.1098933,266
25.032957,25.02583,-0.0,0.5973485,0.9059143,1,1,0,-0.0,0.023864746,25.032959,61,164,1,0,255,2,0,1782507981.1098933,266
25.031738,25.01953,0.16645318,0.7637895,0.43603516,1,2,0,0.006652832,0.030517578,25.031738,24,165,0,0,255,2,0,1782507981.2097988,267
25.034668,25.022823,0.3146346,0.7027853,1.008606,1,1,0,0.012573242,0.028076172,25.034668,27,165,1,0,255,2,0,1782507981.2097988,267
25.02246,25.017824,0.10383433,0.47036526,0.81066895,1,1,0,0.0041503906,0.018798828,25.02246,29,165,1,0,255,2,0,1782507981.2097988,267
25.010988,25.003338,0.21060438,0.58156294,0.85092163,1,1,0,0.008422852,0.023254395,25.010986,61,165,1,0,255,2,0,1782507981.2097988,267
25.03125,25.01746,0.32678473,0.7637746,0.8105469,1,1,0,0.013061523,0.030517578,25.03125,24,166,0,0,255,2,0,1782507981.3100977,268
25.028074,25.015442,0.2213949,0.7636777,0.68917847,1,1,0,0.008850098,0.030517578,25.028076,24,166,0,0,255,2,0,1782507981.3100977,268
25.030027,25.018143,0.31457573,0.7041822,0.6445923,1,1,0,0.012573242,0.028137207,25.03003,27,166,1,0,255,2,0,1782507981.3100977,268
25.025145,25.018679,0.317637,0.47194287,0.71795654,1,1,0,0.0126953125,0.018859863,25.025146,29,166,1,0,255,2,0,1782507981.3100977,268
25.029541,25.023695,0.26423705,0.47202575,0.7312927,1,1,0,0.010559082,0.018859863,25.029541,29,166,1,0,255,2,0,1782507981.3100977,268
25.019531,25.014212,0.21222283,0.47031018,0.6522217,1,1,0,0.008483887,0.018798828,25.019531,29,166,1,0,255,2,0,1782507981.3100977,268
25.02295,25.018024,0.15880795,0.47037444,0.69226074,1,1,0,0.0063476562,0.018798828,25.02295,29,166,1,0,255,2,0,1782507981.3100977,268
25.026123,25.02283,0.16800249,0.3696351,0.7879944,1,1,0,0.006713867,0.014770508,25.026123,60,166,0,0,255,2,0,1782507981.3100977,268
25.015867,25.007782,0.26406902,0.5786236,0.6690674,1,1,0,0.010559082,0.023132324,25.01587,61,166,1,0,255,2,0,1782507981.3100977,268
25.016846,25.009195,0.21065372,0.5816992,0.72753906,1,1,0,0.008422852,0.023254395,25.016846,61,166,1,0,255,2,0,1782507981.3100977,268
25.028564,25.021187,0.15882802,0.5865533,0.6881714,1,1,0,0.0063476562,0.0234375,25.028564,61,166,1,0,255,2,0,1782507981.3100977,268
25.026121,25.012327,0.3236639,0.7651449,0.7403259,1,1,0,0.012939453,0.030578613,25.026123,24,167,0,0,255,2,0,1782507981.4100258,269
25.032227,25.020018,0.16645643,0.7638044,0.45251465,1,2,0,0.006652832,0.030517578,25.032227,24,167,0,0,255,2,0,1782507981.4100258,269
25.023928,25.017538,0.31151375,0.47191986,0.69021606,1,1,0,0.012451172,0.018859863,25.023926,29,167,1,0,255,2,0,1782507981.4100258,269
25.02295,25.017153,0.2595867,0.47190145,0.75183105,1,1,0,0.010375977,0.018859863,25.02295,29,167,1,0,255,2,0,1782507981.4100258,269
25.02515,25.020517,0.10231836,0.47041574,0.8340149,1,1,0,0.0040893555,0.018798828,25.025146,29,167,1,0,255,2,0,1782507981.4100258,269
25.028074,25.024387,0.22147405,0.36813653,0.85302734,1,1,0,0.008850098,0.014709473,25.028076,60,167,0,0,255,2,0,1782507981.4100258,269
25.031738,25.028648,0.11610051,0.37582862,0.97525024,1,1,0,0.004638672,0.015014648,25.031738,60,167,0,0,255,2,0,1782507981.4100258,269
25.019531,25.01656,0.0641295,0.38022605,0.96206665,1,1,0,0.0025634766,0.015197754,25.019531,60,167,0,0,255,2,0,1782507981.4100258,269
25.031248,25.028309,0.012220855,0.38345936,0.7767334,1,1,0,0.00048828125,0.015319824,25.03125,60,167,0,0,255,2,0,1782507981.4100258,269
25.021484,25.013361,0.26412794,0.58028024,0.96047974,1,1,0,0.010559082,0.02319336,25.021484,61,167,1,0,255,2,0,1782507981.4100258,269
25.01587,25.008133,0.21217127,0.5847293,0.79629517,1,1,0,0.008483887,0.023376465,25.01587,61,167,1,0,255,2,0,1782507981.4100258,269
25.01587,25.00846,0.15874723,0.5877822,0.8065491,1,1,0,0.0063476562,0.023498535,25.01587,61,167,1,0,255,2,0,1782507981.4100258,269
25.019287,25.012043,0.106863625,0.5924424,0.83325195,1,1,0,0.004272461,0.02368164,25.019287,61,167,1,0,255,2,0,1782507981.4100258,269
25.021486,25.014338,0.054963227,0.5955479,0.9779358,1,1,0,0.0021972656,0.023803711,25.021484,61,167,1,0,255,2,0,1782507981.4100258,269
25.035156,25.027954,0.0015275851,0.6004561,0.9829407,1,1,0,6.1035156e-05,0.023986816,25.035156,61,167,1,0,255,2,0,1782507981.4100258,269
25.031982,25.018225,0.3206857,0.76532406,0.8044739,1,1,0,0.012817383,0.030578613,25.031982,24,168,0,0,255,2,0,1782507981.5100071,270
25.031736,25.018639,0.26876524,0.7637895,0.6423645,1,1,0,0.0107421875,0.030517578,25.031738,24,168,0,0,255,2,0,1782507981.5100071,270
25.028074,25.015888,0.16337512,0.7636777,0.71258545,1,1,0,0.0065307617,0.030517578,25.028076,24,168,0,0,255,2,0,1782507981.5100071,270
25.031248,25.019352,0.10994904,0.7637746,0.86602783,1,1,0,0.0043945312,0.030517578,25.03125,24,168,0,0,255,2,0,1782507981.5100071,270
25.032715,25.020992,0.05803219,0.7638193,0.94836426,1,1,0,0.002319336,0.030517578,25.032715,24,168,0,0,255,2,0,1782507981.5100071,270
25.029055,25.017399,0.0061077634,0.7637075,0.72125244,1,1,0,0.00024414062,0.030517578,25.029053,24,168,0,0,255,2,0,1782507981.5100071,270
25.032957,25.02572,0.27036893,0.5377761,0.664917,1,1,0,0.010803223,0.021484375,25.032959,26,168,0,0,255,2,0,1782507981.5100071,270
25.035156,25.024427,0.20772707,0.702799,0.9942322,1,1,0,0.008300781,0.028076172,25.035156,27,168,1,0,255,2,0,1782507981.5100071,270
25.02295,25.017628,0.21225181,0.47037444,0.76828,1,1,0,0.008483887,0.018798828,25.02295,29,168,1,0,255,2,0,1782507981.5100071,270
25.02515,25.020666,0.054977134,0.47041574,0.7867737,1,1,0,0.0021972656,0.018798828,25.025146,29,168,1,0,255,2,0,1782507981.5100071,270
25.021484,25.018612,0.06108072,0.37414765,0.94039917,1,1,0,0.0024414062,0.014953613,25.021484,60,168,0,0,255,2,0,1782507981.5100071,270
25.032957,25.024967,0.2611954,0.5759639,0.885376,1,1,0,0.010437012,0.023010254,25.032959,61,168,1,0,255,2,0,1782507981.5100071,270
25.015867,25.0083,0.20911969,0.5786236,0.8024597,1,1,0,0.008361816,0.023132324,25.01587,61,168,1,0,255,2,0,1782507981.5100071,270
25.030762,25.023672,0.103858605,0.5866048,0.8093567,1,1,0,0.0041503906,0.0234375,25.030762,61,168,1,0,255,2,0,1782507981.5100071,270
25.031738,25.024683,-0.0015273854,0.59426457,0.9182434,1,1,0,-6.1035156e-05,0.023742676,25.031738,61,168,1,0,255,2,0,1782507981.5100071,270
25.031004,25.017857,0.2733383,0.7637671,0.82528687,1,1,0,0.010925293,0.030517578,25.031006,24,169,0,0,255,2,0,1782507981.6098976,271
25.033445,25.021788,0.010690463,0.7638416,0.81399536,1,2,0,0.0004272461,0.030517578,25.033447,24,169,0,0,255,2,0,1782507981.6098976,271
25.026611,25.014748,0.313006,0.70408607,0.66000366,1,1,0,0.012512207,0.028137207,25.026611,27,169,1,0,255,2,0,1782507981.6098976,271
25.025146,25.014809,0.154207,0.70251805,0.7446594,1,1,0,0.006164551,0.028076172,25.025146,27,169,1,0,255,2,0,1782507981.6098976,271
25.025146,25.020678,0.04886857,0.47041574,0.72720337,1,1,0,0.001953125,0.018798828,25.025146,29,169,1,0,255,2,0,1782507981.6098976,271
25.021729,25.018856,0.061081316,0.37415132,1.1465149,1,1,0,0.0024414062,0.014953613,25.021729,60,169,0,0,255,2,0,1782507981.6098976,271
25.017334,25.008204,0.36635733,0.5679717,0.5885315,1,1,0,0.0146484375,0.022705078,25.017334,61,169,1,0,255,2,0,1782507981.6098976,271
25.01953,25.012236,0.15724453,0.58328825,0.6511841,1,1,0,0.006286621,0.02331543,25.019531,61,169,1,0,255,2,0,1782507981.6098976,271
25.027098,25.013351,0.32367715,0.7636479,0.7732544,1,1,0,0.012939453,0.030517578,25.0271,24,170,0,0,255,2,0,1782507981.7096522,272
25.023926,25.012644,0.26259354,0.7040105,0.6635132,1,1,0,0.010498047,0.028137207,25.023926,27,170,1,0,255,2,0,1782507981.7096522,272
25.021729,25.015291,0.317594,0.4703515,0.61831665,1,1,0,0.0126953125,0.018798828,25.021729,29,170,1,0,255,2,0,1782507981.7096522,272
25.021484,25.015669,0.26415232,0.4703469,0.7839966,1,1,0,0.010559082,0.018798828,25.021484,29,170,1,0,255,2,0,1782507981.7096522,272
25.01123,25.00591,0.21215242,0.47015414,0.66290283,1,1,0,0.008483887,0.018798828,25.01123,29,170,1,0,255,2,0,1782507981.7096522,272
25.009033,25.0041,0.16024578,0.47011286,0.66085815,1,1,0,0.0064086914,0.018798828,25.009033,29,170,1,0,255,2,0,1782507981.7096522,272
25.03296,25.028477,0.054994296,0.4705626,0.9706116,1,1,0,0.0021972656,0.018798828,25.032959,29,170,1,0,255,2,0,1782507981.7096522,272
25.016602,25.013578,0.111450404,0.37254792,0.76116943,1,1,0,0.0044555664,0.014892578,25.016602,60,170,0,0,255,2,0,1782507981.7096522,272
25.032225,25.029333,0.059579216,0.37583596,0.72473145,1,1,0,0.002380371,0.015014648,25.032227,60,170,0,0,255,2,0,1782507981.7096522,272
25.028074,25.025183,0.0076370803,0.3803559,0.83828735,1,1,0,0.00030517578,0.015197754,25.028076,60,170,0,0,255,2,0,1782507981.7096522,272
25.026367,25.017874,0.31151792,0.5727581,0.750824,1,1,0,0.012451172,0.022888184,25.026367,61,170,1,0,255,2,0,1782507981.7096522,272
25.021484,25.013514,0.25954893,0.5756999,0.9748535,1,1,0,0.010375977,0.023010254,25.021484,61,170,1,0,255,2,0,1782507981.7096522,272
25.026367,25.01909,0.15423341,0.58344764,0.7600708,1,1,0,0.006164551,0.02331543,25.026367,61,170,1,0,255,2,0,1782507981.7096522,272
25.030762,25.023727,0.050401863,0.59118676,0.8710022,1,1,0,0.0020141602,0.023620605,25.030762,61,170,1,0,255,2,0,1782507981.7096522,272
25.02295,25.01586,-0.0030536938,0.5955828,0.6039429,1,1,0,-0.00012207031,0.023803711,25.02295,61,170,1,0,255,2,0,1782507981.7096522,272
25.028076,25.015879,0.16490197,0.7636777,0.8070679,1,1,0,0.006591797,0.030517578,25.028076,24,171,0,0,255,2,0,1782507981.810444,273
25.025146,25.013245,0.111448914,0.7635883,0.81747437,1,1,0,0.0044555664,0.030517578,25.025146,24,171,0,0,255,2,0,1782507981.810444,273
25.030762,25.023384,0.15884197,0.5866048,0.79293823,1,1,0,0.0063476562,0.0234375,25.030762,61,171,1,0,255,2,0,1782507981.810444,273
25.02954,25.022371,0.10538048,0.58963066,0.8710022,1,1,0,0.004211426,0.02355957,25.029541,61,171,1,0,255,2,0,1782507981.810444,273
25.03198,25.018211,0.32526731,0.7637969,0.7845459,1,2,0,0.013000488,0.030517578,25.031982,24,172,0,0,255,2,0,1782507981.9102473,274
25.031982,25.01936,0.2199024,0.7637969,0.83828735,1,1,0,0.0087890625,0.030517578,25.031982,24,172,0,0,255,2,0,1782507981.9102473,274
25.03003,25.022144,0.32226345,0.53924054,0.7550659,1,1,0,0.012878418,0.02154541,25.03003,26,172,0,0,255,2,0,1782507981.9102473,274
25.032957,25.027107,0.06110146,0.5377761,1.0212097,1,1,0,0.0024414062,0.021484375,25.032959,26,172,0,0,255,2,0,1782507981.9102473,274
25.02246,25.012548,0.050379347,0.70244265,0.8475952,1,1,0,0.0020141602,0.028076172,25.02246,27,172,1,0,255,2,0,1782507981.9102473,274
25.019531,25.012405,0.36794582,0.47031018,0.59265137,1,1,0,0.014709473,0.018798828,25.019531,29,172,1,0,255,2,0,1782507981.9102473,274
25.032225,25.029171,0.11304756,0.3743083,0.85302734,1,1,0,0.0045166016,0.014953613,25.032227,60,172,0,0,255,2,0,1782507981.9102473,274
25.032228,25.029285,0.06110678,0.3788913,1.1191406,1,1,0,0.0024414062,0.015136719,25.032227,60,172,0,0,255,2,0,1782507981.9102473,274
25.020752,25.01215,0.3145004,0.57568306,0.61727905,1,1,0,0.012573242,0.023010254,25.020752,61,172,1,0,255,2,0,1782507981.9102473,274
25.02954,25.021862,0.20923309,0.58352166,0.7569885,1,1,0,0.008361816,0.02331543,25.029541,61,172,1,0,255,2,0,1782507981.9102473,274
25.019531,25.012175,0.15571746,0.58634156,0.6881714,1,1,0,0.006225586,0.0234375,25.019531,61,172,1,0,255,2,0,1782507981.9102473,274
25.019289,25.012127,-0.0015266191,0.5985488,0.79833984,1,1,0,-6.1035156e-05,0.023925781,25.019287,61,172,1,0,255,2,0,1782507981.9102473,274
25.020266,25.007648,0.21979944,0.76343936,0.70217896,1,1,0,0.0087890625,0.030517578,25.020264,24,173,0,0,255,2,0,1782507982.0105908,275
25.021238,25.009632,0.010685269,0.7619427,0.41958618,1,2,0,0.0004272461,0.030456543,25.02124,24,173,0,0,255,2,0,1782507982.0105908,275
25.031248,25.023317,0.3283888,0.5377394,0.68917847,1,1,0,0.013122559,0.021484375,25.03125,26,173,0,0,255,2,0,1782507982.0105908,275
25.032717,25.025429,0.27494863,0.53777087,1.2951355,1,1,0,0.010986328,0.021484375,25.032715,26,173,0,0,255,2,0,1782507982.0105908,275
25.026123,25.019354,0.22295669,0.53762925,0.83828735,1,1,0,0.008911133,0.021484375,25.026123,26,173,0,0,255,2,0,1782507982.0105908,275
25.030027,25.023666,0.17106289,0.53771317,1.0472107,1,1,0,0.0068359375,0.021484375,25.03003,26,173,0,0,255,2,0,1782507982.0105908,275
25.03003,25.023975,0.11760622,0.53771317,0.71606445,1,1,0,0.004699707,0.021484375,25.03003,26,173,0,0,255,2,0,1782507982.0105908,275
25.03125,25.025387,0.06567957,0.5377394,0.81399536,1,1,0,0.0026245117,0.021484375,25.03125,26,173,0,0,255,2,0,1782507982.0105908,275
25.023924,25.012047,0.3175528,0.7024838,0.79293823,1,1,0,0.0126953125,0.028076172,25.023926,27,173,1,0,255,2,0,1782507982.0105908,275
25.031738,25.020462,0.26573023,0.70270306,0.9706116,1,1,0,0.010620117,0.028076172,25.031738,27,173,1,0,255,2,0,1782507982.0105908,275
25.030762,25.019983,0.213799,0.70267564,0.78060913,1,1,0,0.008544922,0.028076172,25.030762,27,173,1,0,255,2,0,1782507982.0105908,275
25.027342,25.016966,0.16032822,0.7025797,0.807312,1,1,0,0.0064086914,0.028076172,25.027344,27,173,1,0,255,2,0,1782507982.0105908,275
25.032959,25.022858,0.10843714,0.70273733,0.9706116,1,1,0,0.004333496,0.028076172,25.032959,27,173,1,0,255,2,0,1782507982.0105908,275
25.02295,25.013023,0.05648703,0.70245636,0.69021606,1,1,0,0.0022583008,0.028076172,25.02295,27,173,1,0,255,2,0,1782507982.0105908,275
25.033445,25.02358,0.0030546363,0.70275104,0.6589966,1,1,0,0.00012207031,0.028076172,25.033447,27,173,1,0,255,2,0,1782507982.0105908,275
25.029541,25.023092,0.3161655,0.47202575,0.77545166,1,1,0,0.012634277,0.018859863,25.029541,29,173,1,0,255,2,0,1782507982.0105908,275
25.026365,25.020536,0.26267642,0.4719659,0.67892456,1,1,0,0.010498047,0.018859863,25.026367,29,173,1,0,255,2,0,1782507982.0105908,275
25.031494,25.028198,0.16498318,0.37124208,0.7828064,1,1,0,0.006591797,0.014831543,25.031494,60,173,0,0,255,2,0,1782507982.0105908,275
25.020994,25.017942,0.11299685,0.37414035,0.89019775,1,1,0,0.0045166016,0.014953613,25.020996,60,173,0,0,255,2,0,1782507982.0105908,275
25.032227,25.023043,0.3650471,0.57136476,0.63946533,1,1,0,0.014587402,0.022827148,25.032227,61,173,1,0,255,2,0,1782507982.0105908,275
25.028563,25.020899,0.2076978,0.5834989,0.6501465,1,1,0,0.008300781,0.02331543,25.028564,61,173,1,0,255,2,0,1782507982.0105908,275
25.02417,25.011026,0.27326366,0.7635585,0.85562134,1,1,0,0.010925293,0.030517578,25.02417,24,174,0,0,255,2,0,1782507982.110229,276
25.030031,25.018297,0.06260695,0.7637373,0.6536255,1,2,0,0.0025024414,0.030517578,25.03003,24,174,0,0,255,2,0,1782507982.110229,276
25.0271,25.020338,0.21838374,0.5391774,0.71606445,1,1,0,0.008728027,0.02154541,25.0271,26,174,0,0,255,2,0,1782507982.110229,276
25.020994,25.014965,0.1129834,0.5375191,1.1222534,1,1,0,0.0045166016,0.021484375,25.020996,26,174,0,0,255,2,0,1782507982.110229,276
25.023928,25.018099,0.26265082,0.47191986,0.7631531,1,1,0,0.010498047,0.018859863,25.023926,29,174,1,0,255,2,0,1782507982.110229,276
25.018312,25.013388,0.15877852,0.47028723,0.70150757,1,1,0,0.0063476562,0.018798828,25.01831,29,174,1,0,255,2,0,1782507982.110229,276
25.031252,25.028229,0.11609857,0.37123844,1.0437317,1,1,0,0.004638672,0.014831543,25.03125,60,174,0,0,255,2,0,1782507982.110229,276
25.020264,25.017365,0.06260462,0.37565634,1.0125427,1,1,0,0.0025024414,0.015014648,25.020264,60,174,0,0,255,2,0,1782507982.110229,276
25.02539,25.016233,0.36800215,0.56815463,0.9440613,1,1,0,0.014709473,0.022705078,25.02539,61,174,1,0,255,2,0,1782507982.110229,276
25.031738,25.024698,0.053458605,0.5912098,0.95007324,1,1,0,0.0021362305,0.023620605,25.031738,61,174,1,0,255,2,0,1782507982.110229,276
25.02539,25.015476,0.050385244,0.7025249,1.0825806,1,1,0,0.0020141602,0.028076172,25.02539,27,175,1,0,255,2,0,1782507982.209582,277
25.031738,25.028465,0.16804032,0.36819038,0.7914734,1,1,0,0.006713867,0.014709473,25.031738,60,175,0,0,255,2,0,1782507982.209582,277
25.030031,25.027008,0.116092905,0.37122035,0.72906494,1,1,0,0.004638672,0.014831543,25.03003,60,175,0,0,255,2,0,1782507982.209582,277
25.028076,25.025177,0.06262417,0.37577364,1.0012512,1,1,0,0.0025024414,0.015014648,25.028076,60,175,0,0,255,2,0,1782507982.209582,277
25.026121,25.023252,0.010691089,0.3787989,1.0419922,1,1,0,0.0004272461,0.015136719,25.026123,60,175,0,0,255,2,0,1782507982.209582,277
25.027344,25.019323,0.26419088,0.57583475,0.8360596,1,1,0,0.010559082,0.023010254,25.027344,61,175,1,0,255,2,0,1782507982.209582,277
25.02295,25.015644,0.15879284,0.58336794,0.71383667,1,1,0,0.0063476562,0.02331543,25.02295,61,175,1,0,255,2,0,1782507982.209582,277
25.032717,25.0196,0.2703028,0.7638193,0.7602539,1,1,0,0.010803223,0.030517578,25.032715,24,176,0,0,255,2,0,1782507982.310553,278
25.03418,25.02157,0.2183945,0.763864,0.69610596,1,1,0,0.008728027,0.030517578,25.03418,24,176,0,0,255,2,0,1782507982.310553,278
25.031982,25.024097,0.3222886,0.5392826,0.94577026,1,1,0,0.012878418,0.02154541,25.031982,26,176,0,0,255,2,0,1782507982.310553,278
25.032713,25.026688,0.11150881,0.53777087,1.0047302,1,1,0,0.0044555664,0.021484375,25.032715,26,176,0,0,255,2,0,1782507982.310553,278
25.034178,25.02833,0.059576828,0.53780234,0.70132446,1,1,0,0.002380371,0.021484375,25.03418,26,176,0,0,255,2,0,1782507982.310553,278
25.02246,25.012392,0.10228513,0.70244265,0.91122437,1,1,0,0.0040893555,0.028076172,25.02246,27,176,1,0,255,2,0,1782507982.310553,278
25.016846,25.006987,-0.0030526107,0.702285,0.7839966,1,1,0,-0.00012207031,0.028076172,25.016846,27,176,1,0,255,2,0,1782507982.310553,278
25.025146,25.018011,0.36650097,0.47194287,0.7241211,1,1,0,0.0146484375,0.018859863,25.025146,29,176,1,0,255,2,0,1782507982.310553,278
25.032959,25.025887,0.05193368,0.59276617,0.8545532,1,1,0,0.0020751953,0.02368164,25.032959,61,176,1,0,255,2,0,1782507982.310553,278
25.022459,25.015335,-0.0,0.597098,1.0076904,1,1,0,-0.0,0.023864746,25.02246,61,176,1,0,255,2,0,1782507982.310553,278
25.02905,25.015284,0.32522926,0.7637075,0.7568054,1,1,0,0.013000488,0.030517578,25.029053,24,177,0,0,255,2,0,1782507982.4103377,279
25.034424,25.022537,0.314631,0.7043058,0.8265686,1,1,0,0.012573242,0.028137207,25.034424,27,177,1,0,255,2,0,1782507982.4103377,279
25.036377,25.026014,0.15733115,0.7028333,0.8833008,1,1,0,0.006286621,0.028076172,25.036377,27,177,1,0,255,2,0,1782507982.4103377,279
25.03418,25.024097,0.10386037,0.7027716,1.0270996,1,1,0,0.0041503906,0.028076172,25.03418,27,177,1,0,255,2,0,1782507982.4103377,279
25.015867,25.009422,0.3159928,0.4717679,0.907135,1,1,0,0.012634277,0.018859863,25.01587,29,177,1,0,255,2,0,1782507982.4103377,279
25.019773,25.016699,0.11299123,0.375649,0.8477478,1,1,0,0.0045166016,0.015014648,25.019775,60,177,0,0,255,2,0,1782507982.4103377,279
25.031006,25.028067,0.0076379604,0.38345563,0.7342529,1,1,0,0.00030517578,0.015319824,25.031006,60,177,0,0,255,2,0,1782507982.4103377,279
25.026365,25.017782,0.313044,0.5758123,0.75390625,1,1,0,0.012512207,0.023010254,25.026367,61,177,1,0,255,2,0,1782507982.4103377,279
25.026367,25.019226,0.050392795,0.59566414,0.73028564,1,1,0,0.0020141602,0.023803711,25.026367,61,177,1,0,255,2,0,1782507982.4103377,279
25.018066,25.010906,-0.0015265446,0.5985196,0.77474976,1,1,0,-6.1035156e-05,0.023925781,25.018066,61,177,1,0,255,2,0,1782507982.4103377,279
25.031006,25.017296,0.3206738,0.7637671,0.8009949,1,1,0,0.012817383,0.030517578,25.031006,24,178,0,0,255,2,0,1782507982.5101438,280
25.028074,25.014978,0.26872593,0.7636777,0.73599243,1,2,0,0.0107421875,0.030517578,25.028076,24,178,0,0,255,2,0,1782507982.5101438,280
25.032957,25.020363,0.21685672,0.7638267,0.70391846,1,1,0,0.008666992,0.030517578,25.032959,24,178,0,0,255,2,0,1782507982.5101438,280
25.025148,25.013494,0.00610681,0.7635883,0.652771,1,2,0,0.00024414062,0.030517578,25.025146,24,178,0,0,255,2,0,1782507982.5101438,280
25.02124,25.013298,0.32673037,0.5390512,0.673584,1,1,0,0.013061523,0.02154541,25.02124,26,178,0,0,255,2,0,1782507982.5101438,280
25.0271,25.02075,0.16951573,0.5376502,0.83306885,1,1,0,0.0067749023,0.021484375,25.0271,26,178,0,0,255,2,0,1782507982.5101438,280
25.032957,25.0271,0.064156525,0.5377761,0.7793274,1,1,0,0.0025634766,0.021484375,25.032959,26,178,0,0,255,2,0,1782507982.5101438,280
25.031738,25.020435,0.26420262,0.70423025,0.69226074,1,1,0,0.010559082,0.028137207,25.031738,27,178,1,0,255,2,0,1782507982.5101438,280
25.028563,25.01847,0.10689109,0.70261395,0.69021606,1,1,0,0.004272461,0.028076172,25.028564,27,178,1,0,255,2,0,1782507982.5101438,280
25.030762,25.024916,0.26424995,0.47204876,0.8565979,1,1,0,0.010559082,0.018859863,25.030762,29,178,1,0,255,2,0,1782507982.5101438,280
25.026367,25.021015,0.21228056,0.4719659,0.72821045,1,1,0,0.008483887,0.018859863,25.026367,29,178,1,0,255,2,0,1782507982.5101438,280
25.019531,25.014883,0.10687576,0.47031018,0.6481018,1,1,0,0.004272461,0.018798828,25.019531,29,178,1,0,255,2,0,1782507982.5101438,280
25.032227,25.028942,0.1665158,0.36972526,0.84436035,1,1,0,0.006652832,0.014770508,25.032227,60,178,0,0,255,2,0,1782507982.5101438,280
25.031492,25.028574,0.06110504,0.3773526,0.6718445,1,1,0,0.0024414062,0.015075684,25.031494,60,178,0,0,255,2,0,1782507982.5101438,280
25.016846,25.00974,0.051900174,0.59391105,0.760376,1,1,0,0.0020751953,0.023742676,25.016846,61,178,1,0,255,2,0,1782507982.5101438,280
25.0271,25.013332,0.32520387,0.7636479,0.70132446,1,1,0,0.013000488,0.030517578,25.0271,24,179,0,0,255,2,0,1782507982.6111107,281
25.03125,25.02446,0.2214747,0.5392668,0.48458862,1,1,0,0.008850098,0.02154541,25.03125,26,179,0,0,255,2,0,1782507982.6111107,281
25.030027,25.023655,0.16800803,0.53924054,0.6683655,1,1,0,0.006713867,0.02154541,25.03003,26,179,0,0,255,2,0,1782507982.6111107,281
25.02124,25.015163,0.116037965,0.5390512,0.83047485,1,1,0,0.004638672,0.02154541,25.02124,26,179,0,0,255,2,0,1782507982.6111107,281
25.02246,25.011162,0.26410472,0.7039693,0.8599243,1,1,0,0.010559082,0.028137207,25.02246,27,179,1,0,255,2,0,1782507982.6111107,281
25.024902,25.014536,0.1587858,0.7025112,0.8968506,1,1,0,0.0063476562,0.028076172,25.024902,27,179,1,0,255,2,0,1782507982.6111107,281
25.015867,25.008713,0.36789152,0.4717679,0.75320435,1,1,0,0.014709473,0.018859863,25.01587,29,179,1,0,255,2,0,1782507982.6111107,281
25.03589,25.030087,0.26277667,0.47061768,0.8422241,1,1,0,0.010498047,0.018798828,25.035889,29,179,1,0,255,2,0,1782507982.6111107,281
25.026125,25.022463,0.2184023,0.3681078,0.7637329,1,1,0,0.008728027,0.014709473,25.026123,60,179,0,0,255,2,0,1782507982.6111107,281
25.026365,25.017149,0.36496112,0.5727581,0.71383667,1,1,0,0.014587402,0.022888184,25.026367,61,179,1,0,255,2,0,1782507982.6111107,281
25.022951,25.014368,0.31300125,0.5757336,0.67788696,1,1,0,0.012512207,0.023010254,25.02295,61,179,1,0,255,2,0,1782507982.6111107,281
25.02954,25.021446,0.26115862,0.5804671,0.75390625,1,1,0,0.010437012,0.02319336,25.029541,61,179,1,0,255,2,0,1782507982.6111107,281
25.020752,25.01309,0.20763297,0.58331674,0.6635132,1,1,0,0.008300781,0.02331543,25.020752,61,179,1,0,255,2,0,1782507982.6111107,281
25.01953,25.012138,0.15571722,0.5878682,0.6881714,1,1,0,0.006225586,0.023498535,25.019531,61,179,1,0,255,2,0,1782507982.6111107,281
25.032227,25.019112,0.27029753,0.7638044,0.95269775,1,1,0,0.010803223,0.030517578,25.032227,24,180,0,0,255,2,0,1782507982.7097716,282
25.032715,25.020105,0.21838172,0.7638193,0.72473145,1,1,0,0.008728027,0.030517578,25.032715,24,180,0,0,255,2,0,1782507982.7097716,282
25.02905,25.017443,0.007634718,0.76218057,0.65625,1,2,0,0.00030517578,0.030456543,25.029053,24,180,0,0,255,2,0,1782507982.7097716,282
25.03247,25.024546,0.32534966,0.5392931,1.0862122,1,1,0,0.013000488,0.02154541,25.03247,26,180,0,0,255,2,0,1782507982.7097716,282
25.016846,25.005548,0.26404545,0.7038113,0.69470215,1,1,0,0.010559082,0.028137207,25.016846,27,180,1,0,255,2,0,1782507982.7097716,282
25.032959,25.02802,0.16039906,0.4705626,0.86276245,1,1,0,0.0064086914,0.018798828,25.032959,29,180,1,0,255,2,0,1782507982.7097716,282
25.020266,25.015783,0.054966405,0.47032395,0.73062134,1,1,0,0.0021972656,0.018798828,25.020264,29,180,1,0,255,2,0,1782507982.7097716,282
25.031984,25.028961,0.116101965,0.37124932,0.83306885,1,1,0,0.004638672,0.014831543,25.031982,60,180,0,0,255,2,0,1782507982.7097716,282
25.03125,25.02838,0.012220889,0.3788765,1.0029907,1,1,0,0.00048828125,0.015136719,25.03125,60,180,0,0,255,2,0,1782507982.7097716,282
25.023682,25.01513,0.3160649,0.5726966,1.0887451,1,1,0,0.012634277,0.022888184,25.023682,61,180,1,0,255,2,0,1782507982.7097716,282
25.030762,25.02274,0.26422697,0.57591337,0.85043335,1,1,0,0.010559082,0.023010254,25.030762,61,180,1,0,255,2,0,1782507982.7097716,282
25.019531,25.011902,0.21220323,0.58023494,0.638855,1,1,0,0.008483887,0.02319336,25.019531,61,180,1,0,255,2,0,1782507982.7097716,282
25.025148,25.018106,0.05497151,0.59105414,0.68917847,1,1,0,0.0021972656,0.023620605,25.025146,61,180,1,0,255,2,0,1782507982.7097716,282
25.032959,25.025867,0.0015274577,0.595821,0.70150757,1,1,0,6.1035156e-05,0.023803711,25.032959,61,180,1,0,255,2,0,1782507982.7097716,282
25.032715,25.019566,0.27335697,0.7638193,0.7455139,1,2,0,0.010925293,0.030517578,25.032715,24,181,0,0,255,2,0,1782507982.8101795,283
25.032957,25.020739,0.16798845,0.7638267,0.46984863,1,2,0,0.006713867,0.030517578,25.032959,24,181,0,0,255,2,0,1782507982.8101795,283
25.026123,25.0142,0.116033494,0.7636181,0.8070679,1,2,0,0.004638672,0.030517578,25.026123,24,181,0,0,255,2,0,1782507982.8101795,283
25.027098,25.015442,0.010687752,0.7636479,0.43603516,1,2,0,0.0004272461,0.030517578,25.0271,24,181,0,0,255,2,0,1782507982.8101795,283
25.016602,25.010275,0.16639161,0.53742474,1.2712097,1,1,0,0.006652832,0.021484375,25.016602,26,181,0,0,255,2,0,1782507982.8101795,283
25.021729,25.010992,0.2091422,0.7024221,0.7600708,1,1,0,0.008361816,0.028076172,25.021729,27,181,1,0,255,2,0,1782507982.8101795,283
25.014648,25.009367,0.20760207,0.4702184,0.73062134,1,1,0,0.008300781,0.018798828,25.014648,29,181,1,0,255,2,0,1782507982.8101795,283
25.028078,25.024794,0.1664882,0.36966395,0.7602539,1,1,0,0.006652832,0.014770508,25.028076,60,181,0,0,255,2,0,1782507982.8101795,283
25.02295,25.020035,0.009162611,0.3818051,1.2105713,1,1,0,0.00036621094,0.015258789,25.02295,60,181,0,0,255,2,0,1782507982.8101795,283
25.027344,25.018776,0.3145837,0.5743076,0.8216858,1,1,0,0.012573242,0.022949219,25.027344,61,181,1,0,255,2,0,1782507982.8101795,283
25.034668,25.026642,0.26121286,0.5775308,1.019928,1,1,0,0.010437012,0.023071289,25.034668,61,181,1,0,255,2,0,1782507982.8101795,283
25.028564,25.021402,0.10384919,0.58960766,0.7991028,1,1,0,0.0041503906,0.02355957,25.028564,61,181,1,0,255,2,0,1782507982.8101795,283
25.023926,25.0168,-0.0,0.597133,0.76623535,1,1,0,-0.0,0.023864746,25.023926,61,181,1,0,255,2,0,1782507982.8101795,283
25.032711,25.029842,0.059580427,0.3743156,0.8851013,1,1,0,0.002380371,0.014953613,25.032715,60,182,0,0,255,2,0,1782507982.9098742,284
25.033201,25.030333,0.007638652,0.37890607,0.84262085,1,1,0,0.00030517578,0.015136719,25.033203,60,182,0,0,255,2,0,1782507982.9098742,284
25.026365,25.017254,0.36496267,0.5681768,0.7107544,1,1,0,0.014587402,0.022705078,25.026367,61,182,1,0,255,2,0,1782507982.9098742,284
25.023926,25.01545,0.3130148,0.5711753,0.695343,1,1,0,0.012512207,0.022827148,25.023926,61,182,1,0,255,2,0,1782507982.9098742,284
25.027344,25.019371,0.25960973,0.57583475,0.75183105,1,1,0,0.010375977,0.023010254,25.027344,61,182,1,0,255,2,0,1782507982.9098742,284
25.019531,25.012247,0.15571791,0.58328825,0.6850891,1,1,0,0.006225586,0.02331543,25.019531,61,182,1,0,255,2,0,1782507982.9098742,284
25.02637,25.019285,0.102313325,0.5865018,0.7569885,1,1,0,0.0040893555,0.0234375,25.026367,61,182,1,0,255,2,0,1782507982.9098742,284
25.02368,25.016628,-0.0015268938,0.5940733,0.82092285,1,1,0,-6.1035156e-05,0.023742676,25.023682,61,182,1,0,255,2,0,1782507982.9098742,284
25.026121,25.014465,0.010687334,0.7636181,0.42303467,1,2,0,0.0004272461,0.030517578,25.026123,24,183,0,0,255,2,0,1782507983.0101402,285
25.032715,25.025412,0.27342084,0.53929836,1.1572876,1,1,0,0.010925293,0.02154541,25.032715,26,183,0,0,255,2,0,1782507983.0101402,285
25.032715,25.025938,0.21996021,0.53929836,0.8764343,1,1,0,0.0087890625,0.02154541,25.032715,26,183,0,0,255,2,0,1782507983.0101402,285
25.031982,25.025608,0.16802114,0.5392826,0.7489929,1,1,0,0.006713867,0.02154541,25.031982,26,183,0,0,255,2,0,1782507983.0101402,285
25.019531,25.01242,0.36489213,0.47183698,0.7477417,1,1,0,0.014587402,0.018859863,25.019531,29,183,1,0,255,2,0,1782507983.0101402,285
25.019285,25.015993,0.16795659,0.36953413,1.1161804,1,1,0,0.006713867,0.014770508,25.019287,60,183,0,0,255,2,0,1782507983.0101402,285
25.020998,25.017954,0.11605091,0.37261337,1.0607605,1,1,0,0.004638672,0.014892578,25.020996,60,183,0,0,255,2,0,1782507983.0101402,285
25.032959,25.025883,0.053461134,0.59276617,0.82580566,1,1,0,0.0021362305,0.02368164,25.032959,61,183,1,0,255,2,0,1782507983.0101402,285
25.029055,25.015326,0.32217562,0.7637075,0.73773193,1,1,0,0.012878418,0.030517578,25.029053,24,184,0,0,255,2,0,1782507983.1100154,286
25.026123,25.01301,0.2702316,0.7636181,0.7810669,1,1,0,0.010803223,0.030517578,25.026123,24,184,0,0,255,2,0,1782507983.1100154,286
25.032957,25.021048,0.113010876,0.7638267,0.8105469,1,1,0,0.0045166016,0.030517578,25.032959,24,184,0,0,255,2,0,1782507983.1100154,286
25.031982,25.024761,0.268831,0.53775513,0.8851013,1,1,0,0.0107421875,0.021484375,25.031982,26,184,0,0,255,2,0,1782507983.1100154,286
25.025145,25.019121,0.111475095,0.53760827,0.71084595,1,1,0,0.0044555664,0.021484375,25.025146,26,184,0,0,255,2,0,1782507983.1100154,286
25.014645,25.008802,0.059530344,0.5373828,1.0218201,1,1,0,0.002380371,0.021484375,25.014648,26,184,0,0,255,2,0,1782507983.1100154,286
25.032957,25.02111,0.31155825,0.70426464,0.8833008,1,1,0,0.012451172,0.028137207,25.032959,27,184,1,0,255,2,0,1782507983.1100154,286
25.013674,25.00334,0.1541363,0.7021959,0.7439575,1,1,0,0.006164551,0.028076172,25.013672,27,184,1,0,255,2,0,1782507983.1100154,286
25.027344,25.020914,0.31461057,0.4719843,0.76828,1,1,0,0.012573242,0.018859863,25.027344,29,184,1,0,255,2,0,1782507983.1100154,286
25.023926,25.0186,0.20920582,0.47191986,0.616272,1,1,0,0.008361816,0.018859863,25.023926,29,184,1,0,255,2,0,1782507983.1100154,286
25.034668,25.029749,0.15735462,0.47059473,1.0651245,1,1,0,0.006286621,0.018798828,25.034668,29,184,1,0,255,2,0,1782507983.1100154,286
25.029053,25.02578,0.16802229,0.3681509,0.7307739,1,1,0,0.006713867,0.014709473,25.029053,60,184,0,0,255,2,0,1782507983.1100154,286
25.028563,25.021473,-0.0,0.5957164,0.88742065,1,1,0,-0.0,0.023803711,25.028564,61,184,1,0,255,2,0,1782507983.1100154,286
25.02124,25.007477,0.32512772,0.76346916,0.7914734,1,1,0,0.013000488,0.030517578,25.02124,24,185,0,0,255,2,0,1782507983.2095313,287
25.0271,25.015415,0.06259974,0.7621211,0.7550659,1,1,0,0.0025024414,0.030456543,25.0271,24,185,0,0,255,2,0,1782507983.2095313,287
25.0271,25.015491,0.009160947,0.7621211,1.0108032,1,1,0,0.00036621094,0.030456543,25.0271,24,185,0,0,255,2,0,1782507983.2095313,287
25.021486,25.011402,0.10533428,0.7024152,0.8948059,1,1,0,0.004211426,0.028076172,25.021484,27,185,1,0,255,2,0,1782507983.2095313,287
25.026365,25.020552,0.2611493,0.4719659,0.7220459,1,1,0,0.010437012,0.018859863,25.026367,29,185,1,0,255,2,0,1782507983.2095313,287
25.035156,25.03068,0.051943626,0.4706039,1.1216125,1,1,0,0.0020751953,0.018798828,25.035156,29,185,1,0,255,2,0,1782507983.2095313,287
25.030762,25.023108,0.21077089,0.5820228,0.82580566,1,1,0,0.008422852,0.023254395,25.030762,61,185,1,0,255,2,0,1782507983.2095313,287
25.02246,25.015388,0.053438716,0.59251755,0.8270874,1,1,0,0.0021362305,0.02368164,25.02246,61,185,1,0,255,2,0,1782507983.2095313,287
25.031982,25.018833,0.27334896,0.7637969,0.6397705,1,1,0,0.010925293,0.030517578,25.031982,24,186,0,0,255,2,0,1782507983.3099046,288
25.021236,25.015392,0.05954603,0.53752434,0.8070679,1,1,0,0.002380371,0.021484375,25.02124,26,186,0,0,255,2,0,1782507983.3099046,288
25.017336,25.010939,0.31448513,0.47026888,0.6090698,1,1,0,0.012573242,0.018798828,25.017334,29,186,1,0,255,2,0,1782507983.3099046,288
25.03296,25.027649,0.21080914,0.4705626,0.8340149,1,1,0,0.008422852,0.018798828,25.032959,29,186,1,0,255,2,0,1782507983.3099046,288
25.016846,25.012373,0.051905636,0.4702597,0.76242065,1,1,0,0.0020751953,0.018798828,25.016846,29,186,1,0,255,2,0,1782507983.3099046,288
25.016846,25.009722,0.0015264723,0.596964,0.8291321,1,1,0,6.1035156e-05,0.023864746,25.016846,61,186,1,0,255,2,0,1782507983.3099046,288
25.03003,25.017408,0.21988524,0.7637373,0.7342529,1,2,0,0.0087890625,0.030517578,25.03003,24,187,0,0,255,2,0,1782507983.4098408,289
25.01758,25.005367,0.16788523,0.7633574,0.6102905,1,1,0,0.006713867,0.030517578,25.017578,24,187,0,0,255,2,0,1782507983.4098408,289
25.024168,25.012514,0.010686501,0.7635585,0.6779175,1,2,0,0.0004272461,0.030517578,25.02417,24,187,0,0,255,2,0,1782507983.4098408,289
25.028074,25.02021,0.3207112,0.53919846,0.82354736,1,1,0,0.012817383,0.02154541,25.028076,26,187,0,0,255,2,0,1782507983.4098408,289
25.026125,25.020348,0.0061084833,0.53762925,0.70825195,1,1,0,0.00024414062,0.021484375,25.026123,26,187,0,0,255,2,0,1782507983.4098408,289
25.021729,25.01182,0.04885127,0.7024221,0.75183105,1,1,0,0.001953125,0.028076172,25.021729,27,187,1,0,255,2,0,1782507983.4098408,289
25.03003,25.026777,0.16497381,0.36816525,0.7698059,1,1,0,0.006591797,0.014709473,25.03003,60,187,0,0,255,2,0,1782507983.4098408,289
25.031982,25.02898,0.111519024,0.37124932,0.6657715,1,1,0,0.0044555664,0.014831543,25.031982,60,187,0,0,255,2,0,1782507983.4098408,289
25.019531,25.010422,0.36486298,0.5680216,0.70358276,1,1,0,0.014587402,0.022705078,25.019531,61,187,1,0,255,2,0,1782507983.4098408,289
25.023926,25.015413,0.31301433,0.57270217,0.66555786,1,1,0,0.012512207,0.022888184,25.023926,61,187,1,0,255,2,0,1782507983.4098408,289
25.01831,25.011036,0.15418375,0.5832598,0.5649109,1,1,0,0.006164551,0.02331543,25.01831,61,187,1,0,255,2,0,1782507983.4098408,289
25.029543,25.022423,0.102326155,0.5881034,0.80319214,1,1,0,0.0040893555,0.023498535,25.029541,61,187,1,0,255,2,0,1782507983.4098408,289
25.02295,25.015917,0.05038613,0.5910023,0.69433594,1,1,0,0.0020141602,0.023620605,25.02295,61,187,1,0,255,2,0,1782507983.4098408,289
25.027344,25.020254,-0.0030542302,0.5956874,0.84017944,1,1,0,-0.00012207031,0.023803711,25.027344,61,187,1,0,255,2,0,1782507983.4098408,289
25.031004,25.017874,0.27181134,0.7637671,0.6683655,1,1,0,0.010864258,0.030517578,25.031006,24,188,0,0,255,2,0,1782507983.5094945,290
25.02124,25.009516,0.06105851,0.76346916,0.620697,1,2,0,0.0024414062,0.030517578,25.02124,24,188,0,0,255,2,0,1782507983.5094945,290
25.024902,25.014824,0.10382188,0.7025112,0.85787964,1,1,0,0.0041503906,0.028076172,25.024902,27,188,1,0,255,2,0,1782507983.5094945,290
25.02246,25.016033,0.3145492,0.47189224,0.9840698,1,1,0,0.012573242,0.018859863,25.02246,29,188,1,0,255,2,0,1782507983.5094945,290
25.02075,25.017736,0.11452292,0.37108275,0.715271,1,1,0,0.0045776367,0.014831543,25.020752,60,188,0,0,255,2,0,1782507983.5094945,290
25.0271,25.024223,0.06262179,0.37423164,0.8070679,1,1,0,0.0025024414,0.014953613,25.0271,60,188,0,0,255,2,0,1782507983.5094945,290
25.023926,25.015429,0.3145416,0.5711753,0.64297485,1,1,0,0.012573242,0.022827148,25.023926,61,188,1,0,255,2,0,1782507983.5094945,290
25.032959,25.025904,-0.0,0.5942936,0.9521179,1,1,0,-0.0,0.023742676,25.032959,61,188,1,0,255,2,0,1782507983.5094945,290
25.032959,25.026182,0.21996236,0.53930366,0.7975464,1,1,0,0.0087890625,0.02154541,25.032959,26,189,0,0,255,2,0,1782507983.609875,291
25.034668,25.024748,0.051931314,0.7027853,0.9038696,1,1,0,0.0020751953,0.028076172,25.034668,27,189,1,0,255,2,0,1782507983.609875,291
25.026125,25.021648,0.051924884,0.4704341,1.1226196,1,1,0,0.0020751953,0.018798828,25.026123,29,189,1,0,255,2,0,1782507983.609875,291
25.02075,25.01633,-0.0,0.47033313,0.638855,1,1,0,-0.0,0.018798828,25.020752,29,189,1,0,255,2,0,1782507983.609875,291
25.025146,25.022161,0.113015905,0.36962068,0.7619934,1,1,0,0.0045166016,0.014770508,25.025146,60,189,0,0,255,2,0,1782507983.609875,291
25.03003,25.027157,0.061101582,0.37427545,0.71691895,1,1,0,0.0024414062,0.014953613,25.03003,60,189,0,0,255,2,0,1782507983.609875,291
25.023926,25.014814,0.36492708,0.5681214,0.6758423,1,1,0,0.014587402,0.022705078,25.023926,61,189,1,0,255,2,0,1782507983.609875,291
25.028564,25.020084,0.3130728,0.57128114,0.77853394,1,1,0,0.012512207,0.022827148,25.028564,61,189,1,0,255,2,0,1782507983.609875,291
25.027344,25.01939,0.26113716,0.5743076,0.76623535,1,1,0,0.010437012,0.022949219,25.027344,61,189,1,0,255,2,0,1782507983.609875,291
25.031738,25.02445,0.15579388,0.58357286,0.79086304,1,1,0,0.006225586,0.02331543,25.031738,61,189,1,0,255,2,0,1782507983.609875,291
25.021484,25.014397,0.10382011,0.58638734,0.82092285,1,1,0,0.0041503906,0.0234375,25.021484,61,189,1,0,255,2,0,1782507983.609875,291
25.019287,25.012293,0.050378833,0.58938915,0.89071655,1,1,0,0.0020141602,0.02355957,25.019287,61,189,1,0,255,2,0,1782507983.609875,291
25.030031,25.016281,0.32371506,0.7637373,1.1512451,1,1,0,0.012939453,0.030517578,25.03003,24,190,0,0,255,2,0,1782507983.7099695,292
25.031248,25.019638,0.009162466,0.7622475,0.6276245,1,2,0,0.00036621094,0.030456543,25.03125,24,190,0,0,255,2,0,1782507983.7099695,292
25.028074,25.021736,0.16799514,0.5376712,0.85910034,1,1,0,0.006713867,0.021484375,25.028076,26,190,0,0,255,2,0,1782507983.7099695,292
25.014648,25.003902,0.21060914,0.7022233,0.73062134,1,1,0,0.008422852,0.028076172,25.014648,27,190,1,0,255,2,0,1782507983.7099695,292
25.030762,25.024313,0.3161809,0.47204876,0.9284973,1,1,0,0.012634277,0.018859863,25.030762,29,190,1,0,255,2,0,1782507983.7099695,292
25.032959,25.029697,0.16652083,0.36820835,0.7862549,1,1,0,0.006652832,0.014709473,25.032959,60,190,0,0,255,2,0,1782507983.7099695,292
25.029543,25.021502,0.26268655,0.57741255,0.846344,1,1,0,0.010498047,0.023071289,25.029541,61,190,1,0,255,2,0,1782507983.7099695,292
25.025146,25.018023,0.10383516,0.5880002,0.6871338,1,1,0,0.0041503906,0.023498535,25.025146,61,190,1,0,255,2,0,1782507983.7099695,292
25.02417,25.012262,0.112971194,0.7635585,0.632843,1,2,0,0.0045166016,0.030517578,25.02417,24,191,0,0,255,2,0,1782507983.8096359,293
25.01831,25.011045,0.2702104,0.53898805,1.07724,1,1,0,0.010803223,0.02154541,25.01831,26,191,0,0,255,2,0,1782507983.8096359,293
25.030762,25.020897,-0.0030543087,0.70267564,0.76416016,1,1,0,-0.00012207031,0.028076172,25.030762,27,191,1,0,255,2,0,1782507983.8096359,293
25.027342,25.020952,0.31155628,0.4719843,0.7744446,1,1,0,0.012451172,0.018859863,25.027344,29,191,1,0,255,2,0,1782507983.8096359,293
25.025146,25.022108,0.11454293,0.37267518,0.7958069,1,1,0,0.0045776367,0.014892578,25.025146,60,191,0,0,255,2,0,1782507983.8096359,293
25.01831,25.009144,0.3663711,0.5695205,0.66967773,1,1,0,0.0146484375,0.022766113,25.01831,61,191,1,0,255,2,0,1782507983.8096359,293
25.015139,25.00807,0.051896706,0.5923441,0.60702515,1,1,0,0.0020751953,0.02368164,25.015137,61,191,1,0,255,2,0,1782507983.8096359,293
25.028074,25.021334,0.21991974,0.5376712,0.7568054,1,1,0,0.0087890625,0.021484375,25.028076,26,192,0,0,255,2,0,1782507983.909992,294
25.02075,25.00947,0.26256022,0.7039212,0.6131897,1,1,0,0.010498047,0.028137207,25.020752,27,192,1,0,255,2,0,1782507983.909992,294
25.027344,25.01655,0.21071567,0.7041066,0.74053955,1,1,0,0.008422852,0.028137207,25.027344,27,192,1,0,255,2,0,1782507983.909992,294
25.029541,25.02245,0.36351085,0.47202575,0.8483887,1,1,0,0.014526367,0.018859863,25.029541,29,192,1,0,255,2,0,1782507983.909992,294
25.020754,25.014364,0.31147423,0.47186,0.59161377,1,1,0,0.012451172,0.018859863,25.020752,29,192,1,0,255,2,0,1782507983.909992,294
25.016848,25.012218,0.102284424,0.4702597,0.80041504,1,1,0,0.0040893555,0.018798828,25.016846,29,192,1,0,255,2,0,1782507983.909992,294
25.026367,25.021898,0.048870955,0.4704387,0.72720337,1,1,0,0.001953125,0.018798828,25.026367,29,192,1,0,255,2,0,1782507983.909992,294
25.026123,25.023207,0.010691069,0.38185352,0.97177124,1,1,0,0.0004272461,0.015258789,25.026123,60,192,0,0,255,2,0,1782507983.909992,294
25.016846,25.008776,0.26255295,0.5786462,0.7449951,1,1,0,0.010498047,0.023132324,25.016846,61,192,1,0,255,2,0,1782507983.909992,294
25.019531,25.007328,0.16637202,0.763417,0.45077515,1,2,0,0.006652832,0.030517578,25.019531,24,193,0,0,255,2,0,1782507984.0099118,295
25.032227,25.024956,0.27036068,0.53928787,0.85910034,1,1,0,0.010803223,0.02154541,25.032227,26,193,0,0,255,2,0,1782507984.0099118,295
25.021482,25.014723,0.21833473,0.5390564,1.1646729,1,1,0,0.008728027,0.02154541,25.021484,26,193,0,0,255,2,0,1782507984.0099118,295
25.019531,25.013502,0.11297679,0.5374876,0.8390808,1,1,0,0.0045166016,0.021484375,25.019531,26,193,0,0,255,2,0,1782507984.0099118,295
25.021729,25.01725,0.053442694,0.4703515,0.7005005,1,1,0,0.0021362305,0.018798828,25.021729,29,193,1,0,255,2,0,1782507984.0099118,295
25.032715,25.029419,0.16804673,0.36973247,0.72125244,1,1,0,0.006713867,0.014770508,25.032715,60,193,0,0,255,2,0,1782507984.0099118,295
25.031006,25.027939,0.11609723,0.37429005,0.84262085,1,1,0,0.004638672,0.014953613,25.031006,60,193,0,0,255,2,0,1782507984.0099118,295
25.031494,25.02855,0.06263261,0.3788802,1.0324707,1,1,0,0.0025024414,0.015136719,25.031494,60,193,0,0,255,2,0,1782507984.0099118,295
25.029541,25.021465,0.26268616,0.5789398,0.8340149,1,1,0,0.010498047,0.023132324,25.029541,61,193,1,0,255,2,0,1782507984.0099118,295
25.01367,25.006563,0.053419862,0.5938357,0.8517151,1,1,0,0.0021362305,0.023742676,25.013672,61,193,1,0,255,2,0,1782507984.0099118,295
25.025146,25.012514,0.22136898,0.7635883,0.6362915,1,1,0,0.008850098,0.030517578,25.025146,24,194,0,0,255,2,0,1782507984.1101213,296
25.019775,25.011913,0.3206048,0.5390196,1.068573,1,1,0,0.012817383,0.02154541,25.019775,26,194,0,0,255,2,0,1782507984.1101213,296
25.022217,25.016441,0.0061075296,0.5375453,0.7420654,1,1,0,0.00024414062,0.021484375,25.022217,26,194,0,0,255,2,0,1782507984.1101213,296
25.028564,25.01672,0.31150356,0.70414096,0.7713623,1,1,0,0.012451172,0.028137207,25.028564,27,194,1,0,255,2,0,1782507984.1101213,296
25.029541,25.019474,0.100787,0.70264137,0.7970276,1,1,0,0.0040283203,0.028076172,25.029541,27,194,1,0,255,2,0,1782507984.1101213,296
25.031738,25.021826,0.048870813,0.70270306,0.8175659,1,1,0,0.001953125,0.028076172,25.031738,27,194,1,0,255,2,0,1782507984.1101213,296
25.027344,25.022022,0.2122891,0.47045705,0.7970276,1,1,0,0.008483887,0.018798828,25.027344,29,194,1,0,255,2,0,1782507984.1101213,296
25.03296,25.028032,0.15887147,0.4705626,0.91412354,1,1,0,0.0063476562,0.018798828,25.032959,29,194,1,0,255,2,0,1782507984.1101213,296
25.029545,25.02506,0.05498679,0.47049835,0.8483887,1,1,0,0.0021972656,0.018798828,25.029541,29,194,1,0,255,2,0,1782507984.1101213,296
25.028074,25.024815,0.16648835,0.36813653,0.59902954,1,1,0,0.006652832,0.014709473,25.028076,60,194,0,0,255,2,0,1782507984.1101213,296
25.02905,25.026184,0.009164863,0.37884325,0.7715454,1,1,0,0.00036621094,0.015136719,25.029053,60,194,0,0,255,2,0,1782507984.1101213,296
25.032957,25.024443,0.31312734,0.57290894,0.964447,1,1,0,0.012512207,0.022888184,25.032959,61,194,1,0,255,2,0,1782507984.1101213,296
25.030762,25.023474,0.1557878,0.5835501,0.85250854,1,1,0,0.006225586,0.02331543,25.030762,61,194,1,0,255,2,0,1782507984.1101213,296
25.014648,25.007526,0.103791595,0.5877535,0.732666,1,1,0,0.0041503906,0.023498535,25.014648,61,194,1,0,255,2,0,1782507984.1101213,296
