calculated_range,x,y,z,reflectance,return_index,last_return_index,sensor_id,azimuth,elevation,depth,line_index,frame_index,detector_site_id,scan_checkpoint,existence_probability_percent,data_qualifier,blockage_level,timestamp,cloud_index
25.031252,25.025381,-0.09775589,0.53315705,0.6475525,1,1,0,-0.00390625,0.02130127,25.03125,26,165,0,0,255,2,0,1782503398.8468595,0
25.032227,25.0261,-0.14969404,0.53317785,0.7793274,1,1,0,-0.0059814453,0.02130127,25.032227,26,165,0,0,255,2,0,1782503398.8468595,0
25.03125,25.02476,-0.20161985,0.53315705,0.7862549,1,1,0,-0.008056641,0.02130127,25.03125,26,165,0,0,255,2,0,1782503398.8468595,0
25.027098,25.02012,-0.2550357,0.53306866,0.8027344,1,1,0,-0.010192871,0.02130127,25.0271,26,165,0,0,255,2,0,1782503398.8468595,0
25.032715,25.025152,-0.30702564,0.5331883,0.82873535,1,1,0,-0.012268066,0.02130127,25.032715,26,165,0,0,255,2,0,1782503398.8468595,0
25.032715,25.024462,-0.35895702,0.5331883,0.96484375,1,1,0,-0.014343262,0.02130127,25.032715,26,165,0,0,255,2,0,1782503398.8468595,0
25.032715,25.023638,-0.41241422,0.5331883,0.86602783,1,1,0,-0.016479492,0.02130127,25.032715,26,165,0,0,255,2,0,1782503398.8468595,0
25.025146,25.023134,-0.0962198,0.30242056,0.68569946,1,1,0,-0.0038452148,0.012084961,25.025146,28,165,0,0,255,2,0,1782503398.8468595,0
25.03003,25.02778,-0.14817646,0.30095196,0.83828735,1,1,0,-0.00592041,0.012023926,25.03003,28,165,0,0,255,2,0,1782503398.8468595,0
25.0271,25.02449,-0.20009021,0.30091673,0.6622925,1,1,0,-0.0079956055,0.012023926,25.0271,28,165,0,0,255,2,0,1782503398.8468595,0
25.03247,25.029377,-0.2536022,0.3009813,0.7810669,1,1,0,-0.010131836,0.012023926,25.03247,28,165,0,0,255,2,0,1782503398.8468595,0
25.027098,25.023424,-0.3054769,0.30091673,0.8894348,1,1,0,-0.012207031,0.012023926,25.0271,28,165,0,0,255,2,0,1782503398.8468595,0
25.032959,25.028597,-0.3574884,0.30098718,0.9076233,1,1,0,-0.014282227,0.012023926,25.032959,28,165,0,0,255,2,0,1782503398.8468595,0
25.032469,25.027287,-0.41094637,0.3009813,0.8088074,1,1,0,-0.016418457,0.012023926,25.03247,28,165,0,0,255,2,0,1782503398.8468595,0
25.020752,25.016195,-0.105354466,0.46575248,0.61831665,1,1,0,-0.004211426,0.018615723,25.020752,29,165,1,0,255,2,0,1782503398.8468595,0
25.025145,25.020315,-0.15729532,0.4658343,0.7600708,1,1,0,-0.006286621,0.018615723,25.025146,29,165,1,0,255,2,0,1782503398.8468595,0
25.027344,25.02212,-0.21076258,0.46587518,0.7241211,1,1,0,-0.008422852,0.018615723,25.027344,29,165,1,0,255,2,0,1782503398.8468595,0
25.027344,25.021627,-0.26268786,0.46587518,0.75390625,1,1,0,-0.010498047,0.018615723,25.027344,29,165,1,0,255,2,0,1782503398.8468595,0
25.02637,25.020054,-0.31459978,0.465857,0.7477417,1,1,0,-0.012573242,0.018615723,25.026367,29,165,1,0,255,2,0,1782503398.8468595,0
25.02539,25.018349,-0.36803323,0.46583885,1.1164551,1,1,0,-0.014709473,0.018615723,25.02539,29,165,1,0,255,2,0,1782503398.8468595,0
25.031738,25.023876,-0.4200569,0.465957,0.77545166,1,1,0,-0.016784668,0.018615723,25.031738,29,165,1,0,255,2,0,1782503398.8468595,0
25.020752,25.017435,-0.09772485,0.39551422,1.2045288,1,1,0,-0.00390625,0.015808105,25.020752,60,165,0,0,255,2,0,1782503398.8468595,0
25.03003,25.026405,-0.14969586,0.39871588,0.73599243,1,1,0,-0.0059814453,0.015930176,25.03003,60,165,0,0,255,2,0,1782503398.8468595,0
25.03198,25.027906,-0.20317289,0.40332994,0.7862549,1,1,0,-0.008117676,0.016113281,25.031982,60,165,0,0,255,2,0,1782503398.8468595,0
25.0271,25.022501,-0.25505996,0.4063059,0.82180786,1,1,0,-0.010192871,0.016235352,25.0271,60,165,0,0,255,2,0,1782503398.8468595,0
25.031248,25.025991,-0.30703595,0.41095603,0.7325134,1,1,0,-0.012268066,0.016418457,25.03125,60,165,0,0,255,2,0,1782503398.8468595,0
25.031248,25.025229,-0.36049578,0.41401118,0.7715454,1,1,0,-0.014404297,0.016540527,25.03125,60,165,0,0,255,2,0,1782503398.8468595,0
25.031006,25.024107,-0.41242194,0.41858983,0.7602539,1,1,0,-0.016479492,0.016723633,25.031006,60,165,0,0,255,2,0,1782503398.8468595,0
25.029541,25.022076,-0.106906496,0.60184866,0.7579956,1,1,0,-0.004272461,0.024047852,25.029541,61,165,1,0,255,2,0,1782503398.8468595,0
25.032957,25.025133,-0.16038056,0.6049858,0.75183105,1,1,0,-0.0064086914,0.024169922,25.032959,61,165,1,0,255,2,0,1782503398.8468595,0
25.031736,25.023415,-0.21230091,0.6095384,0.98706055,1,1,0,-0.008483887,0.024353027,25.031738,61,165,1,0,255,2,0,1782503398.8468595,0
25.026367,25.017477,-0.2641714,0.6124616,0.69125366,1,1,0,-0.010559082,0.024475098,25.026367,61,165,1,0,255,2,0,1782503398.8468595,0
25.026367,25.016743,-0.31761244,0.61704266,0.7333679,1,1,0,-0.0126953125,0.024658203,25.026367,61,165,1,0,255,2,0,1782503398.8468595,0
25.026367,25.015955,-0.36952522,0.62009674,0.80526733,1,1,0,-0.014770508,0.024780273,25.026367,61,165,1,0,255,2,0,1782503398.8468595,0
25.025146,25.0138,-0.42141488,0.6246473,0.85043335,1,1,0,-0.016845703,0.024963379,25.025146,61,165,1,0,255,2,0,1782503398.8468595,0
25.033205,25.027334,-0.097763516,0.53319865,0.6926575,1,1,0,-0.00390625,0.02130127,25.033203,26,166,0,0,255,2,0,1782503398.9473488,1
25.03125,25.025124,-0.1496882,0.53315705,0.7342529,1,1,0,-0.0059814453,0.02130127,25.03125,26,166,0,0,255,2,0,1782503398.9473488,1
25.031494,25.025003,-0.20162182,0.5331623,0.70999146,1,1,0,-0.008056641,0.02130127,25.031494,26,166,0,0,255,2,0,1782503398.9473488,1
25.03003,25.02305,-0.25506556,0.53313106,0.70132446,1,1,0,-0.010192871,0.02130127,25.03003,26,166,0,0,255,2,0,1782503398.9473488,1
25.032227,25.024664,-0.30701968,0.53317785,0.8928833,1,1,0,-0.012268066,0.02130127,25.032227,26,166,0,0,255,2,0,1782503398.9473488,1
25.031248,25.022974,-0.3604633,0.53315705,0.69003296,1,1,0,-0.014404297,0.02130127,25.03125,26,166,0,0,255,2,0,1782503398.9473488,1
25.031248,25.022173,-0.41239008,0.53315705,1.0844727,1,1,0,-0.016479492,0.02130127,25.03125,26,166,0,0,255,2,0,1782503398.9473488,1
25.031006,25.028994,-0.09624233,0.30249137,0.8105469,1,1,0,-0.0038452148,0.012084961,25.031006,28,166,0,0,255,2,0,1782503398.9473488,1
25.032959,25.030693,-0.1481937,0.30251497,1.0472107,1,1,0,-0.00592041,0.012084961,25.032959,28,166,0,0,255,2,0,1782503398.9473488,1
25.032227,25.029617,-0.20013121,0.3009784,0.7897339,1,1,0,-0.0079956055,0.012023926,25.032227,28,166,0,0,255,2,0,1782503398.9473488,1
25.031736,25.028063,-0.30553353,0.30097252,0.7749939,1,1,0,-0.012207031,0.012023926,25.031738,28,166,0,0,255,2,0,1782503398.9473488,1
25.021729,25.017368,-0.35732803,0.30085215,1.046051,1,1,0,-0.014282227,0.012023926,25.021729,28,166,0,0,255,2,0,1782503398.9473488,1
25.033201,25.028019,-0.41095838,0.30099013,1.0194702,1,1,0,-0.016418457,0.012023926,25.033203,28,166,0,0,255,2,0,1782503398.9473488,1
25.025146,25.02056,-0.10537285,0.46736142,0.7487488,1,1,0,-0.004211426,0.018676758,25.025146,29,166,1,0,255,2,0,1782503398.9473488,1
25.023928,25.018703,-0.2107338,0.46581158,0.6645508,1,1,0,-0.008422852,0.018615723,25.023926,29,166,1,0,255,2,0,1782503398.9473488,1
25.026367,25.020653,-0.26267764,0.465857,0.7693176,1,1,0,-0.010498047,0.018615723,25.026367,29,166,1,0,255,2,0,1782503398.9473488,1
25.025146,25.018833,-0.31458443,0.4658343,0.76623535,1,1,0,-0.012573242,0.018615723,25.025146,29,166,1,0,255,2,0,1782503398.9473488,1
25.034668,25.027622,-0.36816967,0.46601152,0.78985596,1,1,0,-0.014709473,0.018615723,25.034668,29,166,1,0,255,2,0,1782503398.9473488,1
25.027344,25.019482,-0.41998315,0.46587518,0.79293823,1,1,0,-0.016784668,0.018615723,25.027344,29,166,1,0,255,2,0,1782503398.9473488,1
25.032228,25.028944,-0.09471447,0.39416796,0.7489929,1,1,0,-0.0037841797,0.01574707,25.032227,60,166,0,0,255,2,0,1782503398.9473488,1
25.03247,25.028856,-0.14818282,0.39875478,0.82873535,1,1,0,-0.00592041,0.015930176,25.03247,60,166,0,0,255,2,0,1782503398.9473488,1
25.034182,25.030155,-0.20013551,0.40183756,0.72473145,1,1,0,-0.0079956055,0.016052246,25.03418,60,166,0,0,255,2,0,1782503398.9473488,1
25.03125,25.026667,-0.25357476,0.4063733,0.72125244,1,1,0,-0.010131836,0.016235352,25.03125,60,166,0,0,255,2,0,1782503398.9473488,1
25.03247,25.027258,-0.3055237,0.40944842,0.97525024,1,1,0,-0.012207031,0.016357422,25.03247,60,166,0,0,255,2,0,1782503398.9473488,1
25.035158,25.02918,-0.35749674,0.4140758,0.82006836,1,1,0,-0.014282227,0.016540527,25.035156,60,166,0,0,255,2,0,1782503398.9473488,1
25.03125,25.024403,-0.41089898,0.41706634,0.7879944,1,1,0,-0.016418457,0.016662598,25.03125,60,166,0,0,255,2,0,1782503398.9473488,1
25.027342,25.01992,-0.105370164,0.6002687,0.83813477,1,1,0,-0.004211426,0.023986816,25.027344,61,166,1,0,255,2,0,1782503398.9473488,1
25.023922,25.016157,-0.15726918,0.60324055,0.71588135,1,1,0,-0.006286621,0.024108887,25.023926,61,166,1,0,255,2,0,1782503398.9473488,1
25.027346,25.019073,-0.21073692,0.60790426,0.84017944,1,1,0,-0.008422852,0.024291992,25.027344,61,166,1,0,255,2,0,1782503398.9473488,1
25.027342,25.018505,-0.26265508,0.61095846,0.8422241,1,1,0,-0.010498047,0.024414062,25.027344,61,166,1,0,255,2,0,1782503398.9473488,1
25.023926,25.014378,-0.3145284,0.6154556,0.6871338,1,1,0,-0.012573242,0.024597168,25.023926,61,166,1,0,255,2,0,1782503398.9473488,1
25.027342,25.01699,-0.36801326,0.6185939,0.69226074,1,1,0,-0.014709473,0.024719238,25.027344,61,166,1,0,255,2,0,1782503398.9473488,1
25.02637,25.015085,-0.41990933,0.62315077,0.81140137,1,1,0,-0.016784668,0.024902344,25.026367,61,166,1,0,255,2,0,1782503398.9473488,1
25.032473,25.026602,-0.097760655,0.5331831,0.70477295,1,1,0,-0.00390625,0.02130127,25.03247,26,167,0,0,255,2,0,1782503399.0453806,2
25.027098,25.020973,-0.14966337,0.53306866,0.7698059,1,1,0,-0.0059814453,0.02130127,25.0271,26,167,0,0,255,2,0,1782503399.0453806,2
25.031984,25.02548,-0.2031532,0.53317267,0.8070679,1,1,0,-0.008117676,0.02130127,25.031982,26,167,0,0,255,2,0,1782503399.0453806,2
25.032715,25.025736,-0.25509292,0.5331883,0.72906494,1,1,0,-0.010192871,0.02130127,25.032715,26,167,0,0,255,2,0,1782503399.0453806,2
25.03247,25.024908,-0.30702266,0.5331831,0.7975464,1,1,0,-0.012268066,0.02130127,25.03247,26,167,0,0,255,2,0,1782503399.0453806,2
25.03247,25.024195,-0.36048087,0.5331831,0.7879944,1,1,0,-0.014404297,0.02130127,25.03247,26,167,0,0,255,2,0,1782503399.0453806,2
25.032228,25.02315,-0.41240618,0.53317785,0.8955078,1,1,0,-0.016479492,0.02130127,25.032227,26,167,0,0,255,2,0,1782503399.0453806,2
25.030031,25.028011,-0.09776616,0.30247957,0.7420654,1,1,0,-0.00390625,0.012084961,25.03003,28,167,0,0,255,2,0,1782503399.0453806,2
25.027098,25.024841,-0.1496865,0.30091673,0.8703613,1,1,0,-0.0059814453,0.012023926,25.0271,28,167,0,0,255,2,0,1782503399.0453806,2
25.031736,25.029102,-0.20318261,0.30097252,0.7767334,1,1,0,-0.008117676,0.012023926,25.031738,28,167,0,0,255,2,0,1782503399.0453806,2
25.0166,25.013493,-0.25496814,0.30079052,0.8295593,1,1,0,-0.010192871,0.012023926,25.016602,28,167,0,0,255,2,0,1782503399.0453806,2
25.033445,25.029753,-0.3070821,0.30099306,0.86602783,1,1,0,-0.012268066,0.012023926,25.033447,28,167,0,0,255,2,0,1782503399.0453806,2
25.032713,25.028307,-0.36054012,0.30098426,1.0419922,1,1,0,-0.014404297,0.012023926,25.032715,28,167,0,0,255,2,0,1782503399.0453806,2
25.020754,25.015547,-0.41228086,0.3008404,0.87979126,1,1,0,-0.016479492,0.012023926,25.020752,28,167,0,0,255,2,0,1782503399.0453806,2
25.013672,25.00911,-0.10685109,0.4656207,0.7593689,1,1,0,-0.004272461,0.018615723,25.013672,29,167,1,0,255,2,0,1782503399.0453806,2
25.016844,25.011995,-0.16029637,0.46567976,0.7213745,1,1,0,-0.0064086914,0.018615723,25.016846,29,167,1,0,255,2,0,1782503399.0453806,2
25.023926,25.01869,-0.21226083,0.46581158,0.6470642,1,1,0,-0.008483887,0.018615723,25.023926,29,167,1,0,255,2,0,1782503399.0453806,2
25.02637,25.020638,-0.26420477,0.465857,0.6717224,1,1,0,-0.010559082,0.018615723,25.026367,29,167,1,0,255,2,0,1782503399.0453806,2
25.026367,25.020016,-0.31765398,0.465857,0.7220459,1,1,0,-0.0126953125,0.018615723,25.026367,29,167,1,0,255,2,0,1782503399.0453806,2
25.02637,25.019302,-0.36957467,0.465857,0.7744446,1,1,0,-0.014770508,0.018615723,25.026367,29,167,1,0,255,2,0,1782503399.0453806,2
25.026367,25.018456,-0.4230208,0.465857,0.79293823,1,1,0,-0.016906738,0.018615723,25.026367,29,167,1,0,255,2,0,1782503399.0453806,2
25.032957,25.029646,-0.09624484,0.3957072,1.0454712,1,1,0,-0.0038452148,0.015808105,25.032959,60,167,0,0,255,2,0,1782503399.0453806,2
25.0271,25.023485,-0.14815103,0.3986692,0.84869385,1,1,0,-0.00592041,0.015930176,25.0271,60,167,0,0,255,2,0,1782503399.0453806,2
25.031248,25.027187,-0.20163941,0.40331814,0.84002686,1,1,0,-0.008056641,0.016113281,25.03125,60,167,0,0,255,2,0,1782503399.0453806,2
25.026125,25.020887,-0.3054459,0.41087186,0.68743896,1,1,0,-0.012207031,0.016418457,25.026123,60,167,0,0,255,2,0,1782503399.0453806,2
25.027098,25.021101,-0.35890883,0.41394255,0.83047485,1,1,0,-0.014343262,0.016540527,25.0271,60,167,0,0,255,2,0,1782503399.0453806,2
25.026123,25.01925,-0.4108144,0.41850817,0.82180786,1,1,0,-0.016418457,0.016723633,25.026123,60,167,0,0,255,2,0,1782503399.0453806,2
25.025146,25.017689,-0.105360754,0.60174304,0.70358276,1,1,0,-0.004211426,0.024047852,25.025146,61,167,1,0,255,2,0,1782503399.0453806,2
25.030762,25.022947,-0.1588392,0.60493267,0.72821045,1,1,0,-0.0063476562,0.024169922,25.030762,61,167,1,0,255,2,0,1782503399.0453806,2
25.016846,25.008541,-0.21064821,0.60917574,0.8127136,1,1,0,-0.008422852,0.024353027,25.016846,61,167,1,0,255,2,0,1782503399.0453806,2
25.027342,25.018469,-0.26265472,0.6124855,0.7189636,1,1,0,-0.010498047,0.024475098,25.027344,61,167,1,0,255,2,0,1782503399.0453806,2
25.03174,25.022133,-0.31615338,0.6171751,0.82785034,1,1,0,-0.012634277,0.024658203,25.031738,61,167,1,0,255,2,0,1782503399.0453806,2
25.027342,25.016953,-0.3680127,0.62012094,0.7713623,1,1,0,-0.014709473,0.024780273,25.027344,61,167,1,0,255,2,0,1782503399.0453806,2
25.014645,25.003304,-0.4212381,0.6243853,0.8229675,1,1,0,-0.016845703,0.024963379,25.014648,61,167,1,0,255,2,0,1782503399.0453806,2
25.032715,25.026857,-0.09470658,0.5331883,0.6926575,1,1,0,-0.0037841797,0.02130127,25.032715,26,168,0,0,255,2,0,1782503399.146223,3
25.03125,25.025133,-0.14816079,0.53315705,0.7568054,1,1,0,-0.00592041,0.02130127,25.03125,26,168,0,0,255,2,0,1782503399.146223,3
25.031252,25.024773,-0.20009248,0.53315705,0.7602539,1,1,0,-0.0079956055,0.02130127,25.03125,26,168,0,0,255,2,0,1782503399.146223,3
25.033936,25.026987,-0.25205034,0.5332143,0.85562134,1,1,0,-0.010070801,0.02130127,25.033936,26,168,0,0,255,2,0,1782503399.146223,3
25.03125,25.023706,-0.30548033,0.53315705,0.7845459,1,1,0,-0.012207031,0.02130127,25.03125,26,168,0,0,255,2,0,1782503399.146223,3
25.034178,25.025948,-0.35745054,0.53321946,1.0324707,1,1,0,-0.014282227,0.02130127,25.03418,26,168,0,0,255,2,0,1782503399.146223,3
25.031008,25.021955,-0.4108588,0.53315187,0.82873535,1,1,0,-0.016418457,0.02130127,25.031006,26,168,0,0,255,2,0,1782503399.146223,3
25.029055,25.026787,-0.14817058,0.30246776,0.84436035,1,1,0,-0.00592041,0.012084961,25.029053,28,168,0,0,255,2,0,1782503399.146223,3
25.032959,25.03032,-0.20166464,0.30251497,0.7307739,1,1,0,-0.008056641,0.012084961,25.032959,28,168,0,0,255,2,0,1782503399.146223,3
25.033934,25.03084,-0.25361705,0.30099893,0.71951294,1,1,0,-0.010131836,0.012023926,25.033936,28,168,0,0,255,2,0,1782503399.146223,3
25.031492,25.0278,-0.30705813,0.30096957,1.0359192,1,1,0,-0.012268066,0.012023926,25.031494,28,168,0,0,255,2,0,1782503399.146223,3
25.031494,25.02711,-0.358995,0.30096957,0.84869385,1,1,0,-0.014343262,0.012023926,25.031494,28,168,0,0,255,2,0,1782503399.146223,3
25.03003,25.024847,-0.41090629,0.30095196,0.7602539,1,1,0,-0.016418457,0.012023926,25.03003,28,168,0,0,255,2,0,1782503399.146223,3
25.020752,25.016167,-0.10535435,0.46727934,0.6131897,1,1,0,-0.004211426,0.018676758,25.020752,29,168,1,0,255,2,0,1782503399.146223,3
25.021729,25.016861,-0.15880056,0.46729758,0.7949829,1,1,0,-0.0063476562,0.018676758,25.021729,29,168,1,0,255,2,0,1782503399.146223,3
25.013672,25.008423,-0.21064721,0.46714714,0.7234497,1,1,0,-0.008422852,0.018676758,25.013672,29,168,1,0,255,2,0,1782503399.146223,3
25.030762,25.02503,-0.26425114,0.4659388,0.75183105,1,1,0,-0.010559082,0.018615723,25.030762,29,168,1,0,255,2,0,1782503399.146223,3
25.02295,25.016617,-0.3160837,0.4657934,0.70150757,1,1,0,-0.012634277,0.018615723,25.02295,29,168,1,0,255,2,0,1782503399.146223,3
25.026125,25.019081,-0.36804402,0.46585247,1.0887451,1,1,0,-0.014709473,0.018615723,25.026123,29,168,1,0,255,2,0,1782503399.146223,3
25.021484,25.0136,-0.4214115,0.46576613,0.7572937,1,1,0,-0.016845703,0.018615723,25.021484,29,168,1,0,255,2,0,1782503399.146223,3
25.03125,25.027967,-0.094710775,0.39415258,0.73599243,1,1,0,-0.0037841797,0.01574707,25.03125,60,168,0,0,255,2,0,1782503399.146223,3
25.02246,25.018873,-0.14812373,0.39706826,1.2885132,1,1,0,-0.00592041,0.01586914,25.02246,60,168,0,0,255,2,0,1782503399.146223,3
25.021242,25.017218,-0.20003207,0.40162987,1.0018921,1,1,0,-0.0079956055,0.016052246,25.02124,60,168,0,0,255,2,0,1782503399.146223,3
25.02124,25.016684,-0.2534736,0.4046838,0.7698059,1,1,0,-0.010131836,0.016174316,25.02124,60,168,0,0,255,2,0,1782503399.146223,3
25.032715,25.027502,-0.30552667,0.4094524,0.86169434,1,1,0,-0.012207031,0.016357422,25.032715,60,168,0,0,255,2,0,1782503399.146223,3
25.033447,25.027496,-0.3574727,0.41251984,0.6839905,1,1,0,-0.014282227,0.016479492,25.033447,60,168,0,0,255,2,0,1782503399.146223,3
25.032227,25.02538,-0.41091502,0.4170826,0.7403259,1,1,0,-0.016418457,0.016662598,25.032227,60,168,0,0,255,2,0,1782503399.146223,3
25.027344,25.019848,-0.10536985,0.6033229,0.68096924,1,1,0,-0.004211426,0.024108887,25.027344,61,168,1,0,255,2,0,1782503399.146223,3
25.032957,25.025078,-0.15732527,0.60804063,0.9706116,1,1,0,-0.006286621,0.024291992,25.032959,61,168,1,0,255,2,0,1782503399.146223,3
25.031738,25.023392,-0.21077329,0.61106575,0.94595337,1,1,0,-0.008422852,0.024414062,25.031738,61,168,1,0,255,2,0,1782503399.146223,3
25.031738,25.022787,-0.26270005,0.6156478,0.9706116,1,1,0,-0.010498047,0.024597168,25.031738,61,168,1,0,255,2,0,1782503399.146223,3
25.028564,25.01894,-0.31458578,0.61862403,0.7189636,1,1,0,-0.012573242,0.024719238,25.028564,61,168,1,0,255,2,0,1782503399.146223,3
25.01587,25.005407,-0.36784285,0.6228894,0.81066895,1,1,0,-0.014709473,0.024902344,25.01587,61,168,1,0,255,2,0,1782503399.146223,3
25.019531,25.008175,-0.41979334,0.6260338,0.71588135,1,1,0,-0.016784668,0.025024414,25.019531,61,168,1,0,255,2,0,1782503399.146223,3
25.031984,25.026108,-0.09928623,0.53317267,0.68310547,1,1,0,-0.003967285,0.02130127,25.031982,26,169,0,0,255,2,0,1782503399.2451324,4
25.030031,25.023895,-0.15120824,0.53313106,0.7680664,1,1,0,-0.0060424805,0.02130127,25.03003,26,169,0,0,255,2,0,1782503399.2451324,4
25.03247,25.025969,-0.20315716,0.5331831,0.8070679,1,1,0,-0.008117676,0.02130127,25.03247,26,169,0,0,255,2,0,1782503399.2451324,4
25.031006,25.024012,-0.25660285,0.53315187,0.83480835,1,1,0,-0.010253906,0.02130127,25.031006,26,169,0,0,255,2,0,1782503399.2451324,4
25.031252,25.02367,-0.308535,0.53315705,0.8027344,1,1,0,-0.012329102,0.02130127,25.03125,26,169,0,0,255,2,0,1782503399.2451324,4
25.019287,25.01019,-0.41371945,0.53290224,0.8503418,1,1,0,-0.016540527,0.02130127,25.019287,26,169,0,0,255,2,0,1782503399.2451324,4
25.033203,25.031197,-0.09930642,0.30099013,0.7472534,1,1,0,-0.003967285,0.012023926,25.033203,28,169,0,0,255,2,0,1782503399.2451324,4
25.032715,25.030449,-0.15124783,0.30098426,0.86169434,1,1,0,-0.0060424805,0.012023926,25.032715,28,169,0,0,255,2,0,1782503399.2451324,4
25.032711,25.030079,-0.20319054,0.30098426,0.72299194,1,1,0,-0.008117676,0.012023926,25.032715,28,169,0,0,255,2,0,1782503399.2451324,4
25.031006,25.02788,-0.25664252,0.3009637,0.73599243,1,1,0,-0.010253906,0.012023926,25.031006,28,169,0,0,255,2,0,1782503399.2451324,4
25.0271,25.023388,-0.30853152,0.30091673,1.0342102,1,1,0,-0.012329102,0.012023926,25.0271,28,169,0,0,255,2,0,1782503399.2451324,4
25.02905,25.024645,-0.36048737,0.30094022,0.85128784,1,1,0,-0.014404297,0.012023926,25.029053,28,169,0,0,255,2,0,1782503399.2451324,4
25.031006,25.025772,-0.4139772,0.3009637,0.7767334,1,1,0,-0.016540527,0.012023926,25.031006,28,169,0,0,255,2,0,1782503399.2451324,4
25.032957,25.028528,-0.056522045,0.46750733,0.8915405,1,1,0,-0.0022583008,0.018676758,25.032959,29,169,1,0,255,2,0,1782503399.2451324,4
25.01733,25.012762,-0.10839339,0.46568885,0.61831665,1,1,0,-0.004333496,0.018615723,25.017334,29,169,1,0,255,2,0,1782503399.2451324,4
25.014648,25.0098,-0.1602823,0.46563888,0.83325195,1,1,0,-0.0064086914,0.018615723,25.014648,29,169,1,0,255,2,0,1782503399.2451324,4
25.025146,25.019897,-0.21379827,0.4658343,0.76623535,1,1,0,-0.008544922,0.018615723,25.025146,29,169,1,0,255,2,0,1782503399.2451324,4
25.016846,25.0111,-0.2656308,0.46567976,0.7480774,1,1,0,-0.010620117,0.018615723,25.016846,29,169,1,0,255,2,0,1782503399.2451324,4
25.028564,25.022211,-0.31768185,0.46589792,0.734375,1,1,0,-0.0126953125,0.018615723,25.028564,29,169,1,0,255,2,0,1782503399.2451324,4
25.024902,25.017815,-0.37108,0.46582976,1.0846558,1,1,0,-0.014831543,0.018615723,25.024902,29,169,1,0,255,2,0,1782503399.2451324,4
25.025146,25.017235,-0.42300016,0.4658343,0.72821045,1,1,0,-0.016906738,0.018615723,25.025146,29,169,1,0,255,2,0,1782503399.2451324,4
25.032469,25.02917,-0.093187645,0.39569947,1.1936951,1,1,0,-0.0037231445,0.015808105,25.03247,60,169,0,0,255,2,0,1782503399.2451324,4
25.03125,25.027653,-0.14512047,0.39873534,0.69869995,1,1,0,-0.00579834,0.015930176,25.03125,60,169,0,0,255,2,0,1782503399.2451324,4
25.031006,25.026968,-0.19858241,0.4033142,0.83047485,1,1,0,-0.00793457,0.016113281,25.031006,60,169,0,0,255,2,0,1782503399.2451324,4
25.033445,25.028893,-0.25054175,0.40640897,0.7455139,1,1,0,-0.010009766,0.016235352,25.033447,60,169,0,0,255,2,0,1782503399.2451324,4
25.03125,25.026049,-0.30245355,0.41095603,0.7914734,1,1,0,-0.012084961,0.016418457,25.03125,60,169,0,0,255,2,0,1782503399.2451324,4
25.03247,25.026516,-0.35593086,0.4140314,0.7732544,1,1,0,-0.014221191,0.016540527,25.03247,60,169,0,0,255,2,0,1782503399.2451324,4
25.033447,25.026623,-0.40787965,0.41863063,0.71951294,1,1,0,-0.016296387,0.016723633,25.033447,60,169,0,0,255,2,0,1782503399.2451324,4
25.029541,25.022058,-0.102324665,0.6033759,0.82785034,1,1,0,-0.0040893555,0.024108887,25.029541,61,169,1,0,255,2,0,1782503399.2451324,4
25.027346,25.019476,-0.15576291,0.60790426,0.79086304,1,1,0,-0.006225586,0.024291992,25.027344,61,169,1,0,255,2,0,1782503399.2451324,4
25.022459,25.014141,-0.20764169,0.61083925,0.8373413,1,1,0,-0.008300781,0.024414062,25.02246,61,169,1,0,255,2,0,1782503399.2451324,4
25.025146,25.01623,-0.25957713,0.61548567,0.7076721,1,1,0,-0.010375977,0.024597168,25.025146,61,169,1,0,255,2,0,1782503399.2451324,4
25.015871,25.00627,-0.31289992,0.6183102,0.7542114,1,1,0,-0.012512207,0.024719238,25.01587,61,169,1,0,255,2,0,1782503399.2451324,4
25.027342,25.01692,-0.36495778,0.6231751,0.7723999,1,1,0,-0.014587402,0.024902344,25.027344,61,169,1,0,255,2,0,1782503399.2451324,4
25.012451,25.001123,-0.41814855,0.62585664,0.8024597,1,1,0,-0.016723633,0.025024414,25.012451,61,169,1,0,255,2,0,1782503399.2451324,4
25.0271,25.021225,-0.09926686,0.53306866,0.661438,1,1,0,-0.003967285,0.02130127,25.0271,26,170,0,0,255,2,0,1782503399.3449361,5
25.032228,25.026093,-0.15122151,0.53317785,0.7680664,1,1,0,-0.0060424805,0.02130127,25.032227,26,170,0,0,255,2,0,1782503399.3449361,5
25.03125,25.024748,-0.20314725,0.53315705,0.72299194,1,1,0,-0.008117676,0.02130127,25.03125,26,170,0,0,255,2,0,1782503399.3449361,5
25.027098,25.020105,-0.2565628,0.53306866,0.8122864,1,1,0,-0.010253906,0.02130127,25.0271,26,170,0,0,255,2,0,1782503399.3449361,5
25.03345,25.025867,-0.3085621,0.5332039,0.9293213,1,1,0,-0.012329102,0.02130127,25.033447,26,170,0,0,255,2,0,1782503399.3449361,5
25.029055,25.020758,-0.3619588,0.53311026,0.7940674,1,1,0,-0.014465332,0.02130127,25.029053,26,170,0,0,255,2,0,1782503399.3449361,5
25.032227,25.023157,-0.41393396,0.5316504,0.86169434,1,1,0,-0.016540527,0.021240234,25.032227,26,170,0,0,255,2,0,1782503399.3449361,5
25.020752,25.018751,-0.09314886,0.30236745,1.053833,1,1,0,-0.0037231445,0.012084961,25.020752,28,170,0,0,255,2,0,1782503399.3449361,5
25.032469,25.03024,-0.14513546,0.3009813,1.0012512,1,1,0,-0.00579834,0.012023926,25.03247,28,170,0,0,255,2,0,1782503399.3449361,5
25.019775,25.01718,-0.19850475,0.30082867,0.9300232,1,1,0,-0.00793457,0.012023926,25.019775,28,170,0,0,255,2,0,1782503399.3449361,5
25.032225,25.029161,-0.25054443,0.3009784,0.83306885,1,1,0,-0.010009766,0.012023926,25.032227,28,170,0,0,255,2,0,1782503399.3449361,5
25.027098,25.023462,-0.30242229,0.30091673,0.67529297,1,1,0,-0.012084961,0.012023926,25.0271,28,170,0,0,255,2,0,1782503399.3449361,5
25.02124,25.016901,-0.35579413,0.30084628,0.7905884,1,1,0,-0.014221191,0.012023926,25.02124,28,170,0,0,255,2,0,1782503399.3449361,5
25.021484,25.016354,-0.40771228,0.30084923,1.1586304,1,1,0,-0.016296387,0.012023926,25.021484,28,170,0,0,255,2,0,1782503399.3449361,5
25.023928,25.019354,-0.1023136,0.46733862,0.65530396,1,1,0,-0.0040893555,0.018676758,25.023926,29,170,1,0,255,2,0,1782503399.3449361,5
25.025146,25.020327,-0.1557682,0.4658343,0.71383667,1,1,0,-0.006225586,0.018615723,25.025146,29,170,1,0,255,2,0,1782503399.3449361,5
25.02637,25.02117,-0.20770003,0.465857,0.70458984,1,1,0,-0.008300781,0.018615723,25.026367,29,170,1,0,255,2,0,1782503399.3449361,5
25.026367,25.020685,-0.25962335,0.465857,0.8196411,1,1,0,-0.010375977,0.018615723,25.026367,29,170,1,0,255,2,0,1782503399.3449361,5
25.023926,25.017632,-0.3130421,0.46581158,0.7487488,1,1,0,-0.012512207,0.018615723,25.023926,29,170,1,0,255,2,0,1782503399.3449361,5
25.027342,25.020344,-0.36500773,0.46587518,0.69021606,1,1,0,-0.014587402,0.018615723,25.027344,29,170,1,0,255,2,0,1782503399.3449361,5
25.023926,25.016117,-0.41687208,0.46581158,0.71795654,1,1,0,-0.016662598,0.018615723,25.023926,29,170,1,0,255,2,0,1782503399.3449361,5
25.027102,25.023788,-0.09622232,0.39561456,0.94143677,1,1,0,-0.0038452148,0.015808105,25.0271,60,170,0,0,255,2,0,1782503399.3449361,5
25.03003,25.026415,-0.14816837,0.39871588,0.83828735,1,1,0,-0.00592041,0.015930176,25.03003,60,170,0,0,255,2,0,1782503399.3449361,5
25.03003,25.025967,-0.20162958,0.40329847,0.74380493,1,1,0,-0.008056641,0.016113281,25.03003,60,170,0,0,255,2,0,1782503399.3449361,5
25.02124,25.016659,-0.25347334,0.40621078,0.661438,1,1,0,-0.010131836,0.016235352,25.02124,60,170,0,0,255,2,0,1782503399.3449361,5
25.03003,25.02479,-0.30549356,0.410936,0.71865845,1,1,0,-0.012207031,0.016418457,25.03003,60,170,0,0,255,2,0,1782503399.3449361,5
25.031006,25.025007,-0.35896486,0.41400716,0.7732544,1,1,0,-0.014343262,0.016540527,25.031006,60,170,0,0,255,2,0,1782503399.3449361,5
25.031252,25.024378,-0.41089857,0.41859388,0.85128784,1,1,0,-0.016418457,0.016723633,25.03125,60,170,0,0,255,2,0,1782503399.3449361,5
25.025145,25.017725,-0.10536091,0.60021603,0.7610779,1,1,0,-0.004211426,0.023986816,25.025146,61,170,1,0,255,2,0,1782503399.3449361,5
25.025146,25.017334,-0.15880357,0.60479695,0.79086304,1,1,0,-0.0063476562,0.024169922,25.025146,61,170,1,0,255,2,0,1782503399.3449361,5
25.026367,25.018097,-0.21072869,0.60788053,0.85043335,1,1,0,-0.008422852,0.024291992,25.026367,61,170,1,0,255,2,0,1782503399.3449361,5
25.025145,25.016272,-0.26263165,0.61243176,0.73028564,1,1,0,-0.010498047,0.024475098,25.025146,61,170,1,0,255,2,0,1782503399.3449361,5
25.025146,25.01558,-0.3160706,0.61548567,0.7251282,1,1,0,-0.012634277,0.024597168,25.025146,61,170,1,0,255,2,0,1782503399.3449361,5
25.01831,25.007923,-0.3678799,0.6198971,0.7723999,1,1,0,-0.014709473,0.024780273,25.01831,61,170,1,0,255,2,0,1782503399.3449361,5
25.03247,25.026608,-0.09623315,0.5331831,0.6718445,1,1,0,-0.0038452148,0.02130127,25.03247,26,171,0,0,255,2,0,1782503399.4450898,6
25.031006,25.02488,-0.14968674,0.53315187,0.7793274,1,1,0,-0.0059814453,0.02130127,25.031006,26,171,0,0,255,2,0,1782503399.4450898,6
25.0271,25.020609,-0.20158641,0.53306866,0.84869385,1,1,0,-0.008056641,0.02130127,25.0271,26,171,0,0,255,2,0,1782503399.4450898,6
25.033201,25.02564,-0.30703163,0.53319865,1.0159912,1,1,0,-0.012268066,0.02130127,25.033203,26,171,0,0,255,2,0,1782503399.4450898,6
25.031006,25.022753,-0.35893252,0.53315187,0.86776733,1,1,0,-0.014343262,0.02130127,25.031006,26,171,0,0,255,2,0,1782503399.4450898,6
25.03003,25.028034,-0.09623864,0.30095196,0.69784546,1,1,0,-0.0038452148,0.012023926,25.03003,28,171,0,0,255,2,0,1782503399.4450898,6
25.031006,25.028748,-0.14970987,0.3009637,0.7663269,1,1,0,-0.0059814453,0.012023926,25.031006,28,171,0,0,255,2,0,1782503399.4450898,6
25.03003,25.027407,-0.20164117,0.30095196,0.81747437,1,1,0,-0.008056641,0.012023926,25.03003,28,171,0,0,255,2,0,1782503399.4450898,6
25.031248,25.027555,-0.30705515,0.30096665,1.0359192,1,1,0,-0.012268066,0.012023926,25.03125,28,171,0,0,255,2,0,1782503399.4450898,6
25.027098,25.022715,-0.35893196,0.30091673,0.83654785,1,1,0,-0.014343262,0.012023926,25.0271,28,171,0,0,255,2,0,1782503399.4450898,6
25.032957,25.027775,-0.4109544,0.30098718,0.8027344,1,1,0,-0.016418457,0.012023926,25.032959,28,171,0,0,255,2,0,1782503399.4450898,6
25.023926,25.019361,-0.106894895,0.46581158,0.68200684,1,1,0,-0.004272461,0.018615723,25.023926,29,171,1,0,255,2,0,1782503399.4450898,6
25.02637,25.021528,-0.15883018,0.465857,0.7579956,1,1,0,-0.0063476562,0.018615723,25.026367,29,171,1,0,255,2,0,1782503399.4450898,6
25.022463,25.017239,-0.21072146,0.4657843,0.907135,1,1,0,-0.008422852,0.018615723,25.02246,29,171,1,0,255,2,0,1782503399.4450898,6
25.02246,25.016731,-0.26416352,0.4657843,0.8147583,1,1,0,-0.010559082,0.018615723,25.02246,29,171,1,0,255,2,0,1782503399.4450898,6
25.027342,25.02101,-0.3161392,0.46587518,0.81552124,1,1,0,-0.012634277,0.018615723,25.027344,29,171,1,0,255,2,0,1782503399.4450898,6
25.030762,25.022873,-0.42156777,0.4659388,0.829895,1,1,0,-0.016845703,0.018615723,25.030762,29,171,1,0,255,2,0,1782503399.4450898,6
25.03247,25.029129,-0.09777053,0.3972271,0.70825195,1,1,0,-0.00390625,0.01586914,25.03247,60,171,0,0,255,2,0,1782503399.4450898,6
25.03296,25.029303,-0.1512409,0.40029025,1.0289917,1,1,0,-0.0060424805,0.015991211,25.032959,60,171,0,0,255,2,0,1782503399.4450898,6
25.031004,25.02693,-0.20316496,0.4033142,1.0064697,1,1,0,-0.008117676,0.016113281,25.031006,60,171,0,0,255,2,0,1782503399.4450898,6
25.032225,25.027586,-0.2566395,0.4079168,0.72732544,1,1,0,-0.010253906,0.016296387,25.032227,60,171,0,0,255,2,0,1782503399.4450898,6
25.03003,25.024754,-0.30854836,0.410936,0.85128784,1,1,0,-0.012329102,0.016418457,25.03003,60,171,0,0,255,2,0,1782503399.4450898,6
25.032469,25.026423,-0.36051297,0.41555905,0.7585144,1,1,0,-0.014404297,0.016601562,25.03247,60,171,0,0,255,2,0,1782503399.4450898,6
25.031252,25.024326,-0.4139533,0.41859388,0.72906494,1,1,0,-0.016540527,0.016723633,25.03125,60,171,0,0,255,2,0,1782503399.4450898,6
25.028563,25.021091,-0.10842949,0.60182524,0.76828,1,1,0,-0.004333496,0.024047852,25.028564,61,171,1,0,255,2,0,1782503399.4450898,6
25.031734,25.023874,-0.1603725,0.60648364,0.9901428,1,1,0,-0.0064086914,0.024230957,25.031738,61,171,1,0,255,2,0,1782503399.4450898,6
25.031738,25.022793,-0.265755,0.6141204,0.86483765,1,1,0,-0.010620117,0.024536133,25.031738,61,171,1,0,255,2,0,1782503399.4450898,6
25.029541,25.019917,-0.31765273,0.6171209,0.8360596,1,1,0,-0.0126953125,0.024658203,25.029541,61,171,1,0,255,2,0,1782503399.4450898,6
25.027342,25.016869,-0.37106597,0.621648,0.7312927,1,1,0,-0.014831543,0.024841309,25.027344,61,171,1,0,255,2,0,1782503399.4450898,6
25.025146,25.013773,-0.42294165,0.6246473,0.69226074,1,1,0,-0.016906738,0.024963379,25.025146,61,171,1,0,255,2,0,1782503399.4450898,6
25.031984,25.02612,-0.096231274,0.53317267,0.84262085,1,1,0,-0.0038452148,0.02130127,25.031982,26,172,0,0,255,2,0,1782503399.5436766,7
25.032228,25.02611,-0.14816657,0.53317785,0.86776733,1,1,0,-0.00592041,0.02130127,25.032227,26,172,0,0,255,2,0,1782503399.5436766,7
25.031006,25.024515,-0.20161788,0.53315187,0.8703613,1,1,0,-0.008056641,0.02130127,25.031006,26,172,0,0,255,2,0,1782503399.5436766,7
25.032228,25.025265,-0.25356054,0.53317785,0.81573486,1,1,0,-0.010131836,0.02130127,25.032227,26,172,0,0,255,2,0,1782503399.5436766,7
25.032227,25.024683,-0.30549225,0.53317785,1.0376587,1,1,0,-0.012207031,0.02130127,25.032227,26,172,0,0,255,2,0,1782503399.5436766,7
25.027098,25.018847,-0.3588765,0.53306866,0.81399536,1,1,0,-0.014343262,0.02130127,25.0271,26,172,0,0,255,2,0,1782503399.5436766,7
25.026123,25.017073,-0.41077864,0.53304785,0.7940674,1,1,0,-0.016418457,0.02130127,25.026123,26,172,0,0,255,2,0,1782503399.5436766,7
25.032715,25.030703,-0.0962489,0.30251202,0.82006836,1,1,0,-0.0038452148,0.012084961,25.032715,28,172,0,0,255,2,0,1782503399.5436766,7
25.032227,25.02996,-0.14818937,0.30250612,0.72473145,1,1,0,-0.00592041,0.012084961,25.032227,28,172,0,0,255,2,0,1782503399.5436766,7
25.027098,25.024477,-0.20161757,0.30091673,0.7637329,1,1,0,-0.008056641,0.012023926,25.0271,28,172,0,0,255,2,0,1782503399.5436766,7
25.0271,25.024006,-0.2535478,0.30091673,0.7680664,1,1,0,-0.010131836,0.012023926,25.0271,28,172,0,0,255,2,0,1782503399.5436766,7
25.034178,25.029795,-0.35903352,0.30100188,0.8764343,1,1,0,-0.014343262,0.012023926,25.03418,28,172,0,0,255,2,0,1782503399.5436766,7
25.031252,25.026068,-0.4109263,0.30096665,0.8955078,1,1,0,-0.016418457,0.012023926,25.03125,28,172,0,0,255,2,0,1782503399.5436766,7
25.028563,25.023975,-0.10538724,0.46742526,0.77853394,1,1,0,-0.004211426,0.018676758,25.028564,29,172,1,0,255,2,0,1782503399.5436766,7
25.019531,25.014664,-0.15878661,0.46725655,0.7744446,1,1,0,-0.0063476562,0.018676758,25.019531,29,172,1,0,255,2,0,1782503399.5436766,7
25.01831,25.013088,-0.2106865,0.46570703,0.66967773,1,1,0,-0.008422852,0.018615723,25.01831,29,172,1,0,255,2,0,1782503399.5436766,7
25.023926,25.018211,-0.262652,0.46581158,0.67892456,1,1,0,-0.010498047,0.018615723,25.023926,29,172,1,0,255,2,0,1782503399.5436766,7
25.023926,25.017593,-0.31609604,0.46581158,0.7949829,1,1,0,-0.012634277,0.018615723,25.023926,29,172,1,0,255,2,0,1782503399.5436766,7
25.026367,25.019325,-0.3680476,0.465857,0.7816162,1,1,0,-0.014709473,0.018615723,25.026367,29,172,1,0,255,2,0,1782503399.5436766,7
25.019287,25.011402,-0.4213745,0.4657252,0.7809143,1,1,0,-0.016845703,0.018615723,25.019287,29,172,1,0,255,2,0,1782503399.5436766,7
25.03247,25.029163,-0.094715305,0.39569947,0.71432495,1,1,0,-0.0037841797,0.015808105,25.03247,60,172,0,0,255,2,0,1782503399.5436766,7
25.031006,25.027391,-0.14817415,0.39873144,0.9041748,1,1,0,-0.00592041,0.015930176,25.031006,60,172,0,0,255,2,0,1782503399.5436766,7
25.031006,25.026957,-0.20010994,0.4033142,0.96917725,1,1,0,-0.0079956055,0.016113281,25.031006,60,172,0,0,255,2,0,1782503399.5436766,7
25.022215,25.016241,-0.35731193,0.41386178,0.7568054,1,1,0,-0.014282227,0.016540527,25.022217,60,172,0,0,255,2,0,1782503399.5436766,7
25.026367,25.01891,-0.105365895,0.60177237,0.7333679,1,1,0,-0.004211426,0.024047852,25.026367,61,172,1,0,255,2,0,1782503399.5436766,7
25.03076,25.022955,-0.15731192,0.60493267,0.91207886,1,1,0,-0.006286621,0.024169922,25.030762,61,172,1,0,255,2,0,1782503399.5436766,7
25.029541,25.021233,-0.21075511,0.60948485,0.7949829,1,1,0,-0.008422852,0.024353027,25.029541,61,172,1,0,255,2,0,1782503399.5436766,7
25.023924,25.01505,-0.26261884,0.6124019,0.7395325,1,1,0,-0.010498047,0.024475098,25.023926,61,172,1,0,255,2,0,1782503399.5436766,7
25.03296,25.023409,-0.31464195,0.6156778,0.7610779,1,1,0,-0.012573242,0.024597168,25.032959,61,172,1,0,255,2,0,1782503399.5436766,7
25.029541,25.01915,-0.36804503,0.62017536,0.7251282,1,1,0,-0.014709473,0.024780273,25.029541,61,172,1,0,255,2,0,1782503399.5436766,7
25.032715,25.026588,-0.14969696,0.5331883,0.7914734,1,1,0,-0.0059814453,0.02130127,25.032715,26,173,0,0,255,2,0,1782503399.6433861,8
25.031248,25.024271,-0.255078,0.53315705,0.83828735,1,1,0,-0.010192871,0.02130127,25.03125,26,173,0,0,255,2,0,1782503399.6433861,8
25.028074,25.020514,-0.30696875,0.53308946,0.7897339,1,1,0,-0.012268066,0.02130127,25.028076,26,173,0,0,255,2,0,1782503399.6433861,8
25.031982,25.029976,-0.094718374,0.30250317,0.71432495,1,1,0,-0.0037841797,0.012084961,25.031982,28,173,0,0,255,2,0,1782503399.6433861,8
25.031494,25.029245,-0.14818513,0.30096957,0.84436035,1,1,0,-0.00592041,0.012023926,25.031494,28,173,0,0,255,2,0,1782503399.6433861,8
25.031006,25.028397,-0.20012145,0.3009637,0.7698059,1,1,0,-0.0079956055,0.012023926,25.031006,28,173,0,0,255,2,0,1782503399.6433861,8
25.034178,25.0311,-0.25209174,0.30100188,0.8009949,1,1,0,-0.010070801,0.012023926,25.03418,28,173,0,0,255,2,0,1782503399.6433861,8
25.032957,25.029284,-0.30554843,0.30098718,0.85736084,1,1,0,-0.012207031,0.012023926,25.032959,28,173,0,0,255,2,0,1782503399.6433861,8
25.031982,25.02762,-0.35747445,0.30097544,0.8703613,1,1,0,-0.014282227,0.012023926,25.031982,28,173,0,0,255,2,0,1782503399.6433861,8
25.031738,25.026525,-0.20927209,0.465957,0.8545532,1,1,0,-0.008361816,0.018615723,25.031738,29,173,1,0,255,2,0,1782503399.6433861,8
25.031738,25.026022,-0.262734,0.465957,0.82373047,1,1,0,-0.010498047,0.018615723,25.031738,29,173,1,0,255,2,0,1782503399.6433861,8
25.023926,25.017612,-0.3145691,0.46581158,0.7846985,1,1,0,-0.012573242,0.018615723,25.023926,29,173,1,0,255,2,0,1782503399.6433861,8
25.025146,25.017286,-0.41994628,0.4658343,0.829895,1,1,0,-0.016784668,0.018615723,25.025146,29,173,1,0,255,2,0,1782503399.6433861,8
25.03247,25.02914,-0.094715215,0.3972271,0.85736084,1,1,0,-0.0037841797,0.01586914,25.03247,60,173,0,0,255,2,0,1782503399.6433861,8
25.028074,25.024446,-0.14662929,0.40021217,0.7698059,1,1,0,-0.005859375,0.015991211,25.028076,60,173,0,0,255,2,0,1782503399.6433861,8
25.028076,25.024002,-0.20008631,0.40479437,0.7637329,1,1,0,-0.0079956055,0.016174316,25.028076,60,173,0,0,255,2,0,1782503399.6433861,8
25.032713,25.02812,-0.25206172,0.40792477,0.7715454,1,1,0,-0.010070801,0.016296387,25.032715,60,173,0,0,255,2,0,1782503399.6433861,8
25.027102,25.021837,-0.3054575,0.41241524,0.83480835,1,1,0,-0.012207031,0.016479492,25.0271,60,173,0,0,255,2,0,1782503399.6433861,8
25.025146,25.019146,-0.35735342,0.41543746,0.7637329,1,1,0,-0.014282227,0.016601562,25.025146,60,173,0,0,255,2,0,1782503399.6433861,8
25.032713,25.025839,-0.4093947,0.42014608,0.83654785,1,1,0,-0.016357422,0.016784668,25.032715,60,173,0,0,255,2,0,1782503399.6433861,8
25.025146,25.017658,-0.103833646,0.60327,0.7446594,1,1,0,-0.0041503906,0.024108887,25.025146,61,173,1,0,255,2,0,1782503399.6433861,8
25.014648,25.006811,-0.15721041,0.60606956,0.7337036,1,1,0,-0.006286621,0.024230957,25.014648,61,173,1,0,255,2,0,1782503399.6433861,8
25.019287,25.010956,-0.2091419,0.61076176,0.6977844,1,1,0,-0.008361816,0.024414062,25.019287,61,173,1,0,255,2,0,1782503399.6433861,8
25.031738,25.022825,-0.26270044,0.6141204,0.71383667,1,1,0,-0.010498047,0.024536133,25.031738,61,173,1,0,255,2,0,1782503399.6433861,8
25.019531,25.00991,-0.31447223,0.61840075,0.66763306,1,1,0,-0.012573242,0.024719238,25.019531,61,173,1,0,255,2,0,1782503399.6433861,8
25.030758,25.020351,-0.36653528,0.6217329,0.8710022,1,1,0,-0.0146484375,0.024841309,25.030762,61,173,1,0,255,2,0,1782503399.6433861,8
25.027344,25.015984,-0.41992444,0.6262292,0.78060913,1,1,0,-0.016784668,0.025024414,25.027344,61,173,1,0,255,2,0,1782503399.6433861,8
25.029053,25.023207,-0.09163813,0.53311026,0.73599243,1,1,0,-0.0036621094,0.02130127,25.029053,26,174,0,0,255,2,0,1782503399.7436316,9
25.032715,25.026615,-0.14511445,0.5331883,0.81399536,1,1,0,-0.00579834,0.02130127,25.032715,26,174,0,0,255,2,0,1782503399.7436316,9
25.032227,25.025772,-0.19704539,0.53317785,0.70999146,1,1,0,-0.007873535,0.02130127,25.032227,26,174,0,0,255,2,0,1782503399.7436316,9
25.032717,25.025799,-0.24898314,0.5331883,0.71865845,1,1,0,-0.0099487305,0.02130127,25.032715,26,174,0,0,255,2,0,1782503399.7436316,9
25.032473,25.024965,-0.30244043,0.5331831,0.8105469,1,1,0,-0.012084961,0.02130127,25.03247,26,174,0,0,255,2,0,1782503399.7436316,9
25.026121,25.017937,-0.35428157,0.53304785,0.95443726,1,1,0,-0.014160156,0.02130127,25.026123,26,174,0,0,255,2,0,1782503399.7436316,9
25.031252,25.02225,-0.40780836,0.53315705,0.86343384,1,1,0,-0.016296387,0.02130127,25.03125,26,174,0,0,255,2,0,1782503399.7436316,9
25.020508,25.01852,-0.09467503,0.3008375,0.75942993,1,1,0,-0.0037841797,0.012023926,25.020508,28,174,0,0,255,2,0,1782503399.7436316,9
25.032957,25.03071,-0.1481938,0.30098718,0.7585144,1,1,0,-0.00592041,0.012023926,25.032959,28,174,0,0,255,2,0,1782503399.7436316,9
25.03125,25.02864,-0.2001234,0.30096665,0.7489929,1,1,0,-0.0079956055,0.012023926,25.03125,28,174,0,0,255,2,0,1782503399.7436316,9
25.019289,25.016195,-0.25346866,0.3008228,0.7984009,1,1,0,-0.010131836,0.012023926,25.019287,28,174,0,0,255,2,0,1782503399.7436316,9
25.028074,25.0244,-0.30548882,0.30092847,0.84695435,1,1,0,-0.012207031,0.012023926,25.028076,28,174,0,0,255,2,0,1782503399.7436316,9
25.03003,25.025667,-0.35744655,0.30095196,0.95706177,1,1,0,-0.014282227,0.012023926,25.03003,28,174,0,0,255,2,0,1782503399.7436316,9
25.028563,25.024004,-0.10538736,0.46589792,0.6614685,1,1,0,-0.004211426,0.018615723,25.028564,29,174,1,0,255,2,0,1782503399.7436316,9
25.026367,25.021536,-0.15730299,0.465857,0.70150757,1,1,0,-0.006286621,0.018615723,25.026367,29,174,1,0,255,2,0,1782503399.7436316,9
25.025146,25.019924,-0.21074408,0.4658343,0.6830139,1,1,0,-0.008422852,0.018615723,25.025146,29,174,1,0,255,2,0,1782503399.7436316,9
25.021484,25.014442,-0.3679758,0.46576613,0.89071655,1,1,0,-0.014709473,0.018615723,25.021484,29,174,1,0,255,2,0,1782503399.7436316,9
25.020752,25.012894,-0.41987252,0.46575248,0.695343,1,1,0,-0.016784668,0.018615723,25.020752,29,174,1,0,255,2,0,1782503399.7436316,9
25.03296,25.02967,-0.09624493,0.3941795,0.86169434,1,1,0,-0.0038452148,0.01574707,25.032959,60,174,0,0,255,2,0,1782503399.7436316,9
25.031008,25.027416,-0.1481743,0.39720386,0.7879944,1,1,0,-0.00592041,0.01586914,25.031006,60,174,0,0,255,2,0,1782503399.7436316,9
25.031248,25.027212,-0.20163961,0.40179053,0.7307739,1,1,0,-0.008056641,0.016052246,25.03125,60,174,0,0,255,2,0,1782503399.7436316,9
25.034182,25.029621,-0.25360468,0.40489307,0.73773193,1,1,0,-0.010131836,0.016174316,25.03418,60,174,0,0,255,2,0,1782503399.7436316,9
25.029053,25.02384,-0.30548197,0.4093925,0.7732544,1,1,0,-0.012207031,0.016357422,25.029053,60,174,0,0,255,2,0,1782503399.7436316,9
25.032959,25.026985,-0.35899323,0.4125118,0.71865845,1,1,0,-0.014343262,0.016479492,25.032959,60,174,0,0,255,2,0,1782503399.7436316,9
25.031494,25.024647,-0.410903,0.41707042,0.7767334,1,1,0,-0.016418457,0.016662598,25.031494,60,174,0,0,255,2,0,1782503399.7436316,9
25.02637,25.018837,-0.10536559,0.60482645,0.6974182,1,1,0,-0.004211426,0.024169922,25.026367,61,174,1,0,255,2,0,1782503399.7436316,9
25.027344,25.019419,-0.1588168,0.6094314,0.7723999,1,1,0,-0.0063476562,0.024353027,25.027344,61,174,1,0,255,2,0,1782503399.7436316,9
25.029541,25.021158,-0.21075448,0.6125393,0.7949829,1,1,0,-0.008422852,0.024475098,25.029541,61,174,1,0,255,2,0,1782503399.7436316,9
25.026367,25.017418,-0.26264367,0.61551565,0.72720337,1,1,0,-0.010498047,0.024597168,25.026367,61,174,1,0,255,2,0,1782503399.7436316,9
25.025146,25.015467,-0.31606916,0.62006646,0.70458984,1,1,0,-0.012634277,0.024780273,25.025146,61,174,1,0,255,2,0,1782503399.7436316,9
25.026367,25.015902,-0.36799726,0.62315077,0.8586731,1,1,0,-0.014709473,0.024902344,25.026367,61,174,1,0,255,2,0,1782503399.7436316,9
25.023926,25.012503,-0.42139304,0.6276706,0.73028564,1,1,0,-0.016845703,0.02508545,25.023926,61,174,1,0,255,2,0,1782503399.7436316,9
25.032469,25.026573,-0.096233025,0.5347106,0.7940674,1,1,0,-0.0038452148,0.021362305,25.03247,26,175,0,0,255,2,0,1782503399.844743,10
25.03247,25.026354,-0.14816801,0.5331831,0.85562134,1,1,0,-0.00592041,0.02130127,25.03247,26,175,0,0,255,2,0,1782503399.844743,10
25.032228,25.02575,-0.20010029,0.53317785,0.7810669,1,1,0,-0.0079956055,0.02130127,25.032227,26,175,0,0,255,2,0,1782503399.844743,10
25.032473,25.025509,-0.25356302,0.5331831,0.87384033,1,1,0,-0.010131836,0.02130127,25.03247,26,175,0,0,255,2,0,1782503399.844743,10
25.03247,25.024927,-0.30549523,0.5331831,0.85302734,1,1,0,-0.012207031,0.02130127,25.03247,26,175,0,0,255,2,0,1782503399.844743,10
25.03125,25.02302,-0.35740873,0.53315705,0.86343384,1,1,0,-0.014282227,0.02130127,25.03125,26,175,0,0,255,2,0,1782503399.844743,10
25.031252,25.0222,-0.4108628,0.53315705,0.86343384,1,1,0,-0.016418457,0.02130127,25.03125,26,175,0,0,255,2,0,1782503399.844743,10
25.03125,25.029001,-0.14818369,0.30096665,0.82528687,1,1,0,-0.00592041,0.012023926,25.03125,28,175,0,0,255,2,0,1782503399.844743,10
25.031252,25.028156,-0.25358984,0.30096665,0.83828735,1,1,0,-0.010131836,0.012023926,25.03125,28,175,0,0,255,2,0,1782503399.844743,10
25.03247,25.028795,-0.30554247,0.3009813,0.85562134,1,1,0,-0.012207031,0.012023926,25.03247,28,175,0,0,255,2,0,1782503399.844743,10
25.032715,25.028353,-0.3574849,0.30098426,0.9232483,1,1,0,-0.014282227,0.012023926,25.032715,28,175,0,0,255,2,0,1782503399.844743,10
25.031738,25.026554,-0.41093433,0.30097252,0.70999146,1,1,0,-0.016418457,0.012023926,25.031738,28,175,0,0,255,2,0,1782503399.844743,10
25.027344,25.022757,-0.10538211,0.46740246,0.67071533,1,1,0,-0.004211426,0.018676758,25.027344,29,175,1,0,255,2,0,1782503399.844743,10
25.03076,25.0259,-0.15733042,0.4674663,0.750824,1,1,0,-0.006286621,0.018676758,25.030762,29,175,1,0,255,2,0,1782503399.844743,10
25.029541,25.024317,-0.21078108,0.4659161,0.94802856,1,1,0,-0.008422852,0.018615723,25.029541,29,175,1,0,255,2,0,1782503399.844743,10
25.030762,25.025045,-0.26272374,0.4659388,0.7713623,1,1,0,-0.010498047,0.018615723,25.030762,29,175,1,0,255,2,0,1782503399.844743,10
25.036377,25.029331,-0.36819482,0.46604335,1.0301819,1,1,0,-0.014709473,0.018615723,25.036377,29,175,1,0,255,2,0,1782503399.844743,10
25.030762,25.0229,-0.42004052,0.4659388,0.76828,1,1,0,-0.016784668,0.018615723,25.030762,29,175,1,0,255,2,0,1782503399.844743,10
25.027102,25.023783,-0.09774964,0.39561456,0.71432495,1,1,0,-0.00390625,0.015808105,25.0271,60,175,0,0,255,2,0,1782503399.844743,10
25.021238,25.017616,-0.14964329,0.39857587,1.0755005,1,1,0,-0.0059814453,0.015930176,25.02124,60,175,0,0,255,2,0,1782503399.844743,10
25.019775,25.015715,-0.20154698,0.40313324,1.0555725,1,1,0,-0.008056641,0.016113281,25.019775,60,175,0,0,255,2,0,1782503399.844743,10
25.032715,25.027456,-0.30705392,0.41098008,0.84695435,1,1,0,-0.012268066,0.016418457,25.032715,60,175,0,0,255,2,0,1782503399.844743,10
25.0271,25.02108,-0.360436,0.41394255,0.7585144,1,1,0,-0.014404297,0.016540527,25.0271,60,175,0,0,255,2,0,1782503399.844743,10
25.031248,25.024376,-0.41242638,0.41706634,0.70217896,1,1,0,-0.016479492,0.016662598,25.03125,60,175,0,0,255,2,0,1782503399.844743,10
25.025146,25.017609,-0.10688741,0.60479695,0.6758423,1,1,0,-0.004272461,0.024169922,25.025146,61,175,1,0,255,2,0,1782503399.844743,10
25.032959,25.02507,-0.15885267,0.60804063,0.9161682,1,1,0,-0.0063476562,0.024291992,25.032959,61,175,1,0,255,2,0,1782503399.844743,10
25.031736,25.02334,-0.21230029,0.61259305,0.8196411,1,1,0,-0.008483887,0.024475098,25.031738,61,175,1,0,255,2,0,1782503399.844743,10
25.030762,25.021795,-0.264217,0.6156238,0.91000366,1,1,0,-0.010559082,0.024597168,25.030762,61,175,1,0,255,2,0,1782503399.844743,10
25.026367,25.016668,-0.3176115,0.62009674,0.7816162,1,1,0,-0.0126953125,0.024780273,25.026367,61,175,1,0,255,2,0,1782503399.844743,10
25.031738,25.021248,-0.3696034,0.6232845,0.84017944,1,1,0,-0.014770508,0.024902344,25.031738,61,175,1,0,255,2,0,1782503399.844743,10
25.019531,25.00811,-0.42131907,0.6275604,0.6491394,1,1,0,-0.016845703,0.02508545,25.019531,61,175,1,0,255,2,0,1782503399.844743,10
25.03125,25.025398,-0.09317361,0.53315705,0.6536255,1,1,0,-0.0037231445,0.02130127,25.03125,26,176,0,0,255,2,0,1782503399.9437463,11
25.03247,25.026363,-0.14664052,0.5331831,0.7489929,1,1,0,-0.005859375,0.02130127,25.03247,26,176,0,0,255,2,0,1782503399.9437463,11
25.032715,25.026249,-0.1985767,0.5331883,0.71951294,1,1,0,-0.00793457,0.02130127,25.032715,26,176,0,0,255,2,0,1782503399.9437463,11
25.03247,25.025522,-0.2520356,0.5331831,0.71606445,1,1,0,-0.010070801,0.02130127,25.03247,26,176,0,0,255,2,0,1782503399.9437463,11
25.02905,25.021528,-0.30392632,0.53311026,0.7568054,1,1,0,-0.012145996,0.02130127,25.029053,26,176,0,0,255,2,0,1782503399.9437463,11
25.032715,25.024506,-0.35590228,0.5331883,0.7585144,1,1,0,-0.014221191,0.02130127,25.032715,26,176,0,0,255,2,0,1782503399.9437463,11
25.032959,25.023932,-0.4093635,0.53319347,0.87384033,1,1,0,-0.016357422,0.02130127,25.032959,26,176,0,0,255,2,0,1782503399.9437463,11
25.031738,25.029726,-0.09624515,0.30250022,0.85736084,1,1,0,-0.0038452148,0.012084961,25.031738,28,176,0,0,255,2,0,1782503399.9437463,11
25.02124,25.018984,-0.14965147,0.30084628,0.8373718,1,1,0,-0.0059814453,0.012023926,25.02124,28,176,0,0,255,2,0,1782503399.9437463,11
25.033934,25.031313,-0.20167264,0.30099893,0.8807678,1,1,0,-0.008056641,0.012023926,25.033936,28,176,0,0,255,2,0,1782503399.9437463,11
25.034424,25.030039,-0.359037,0.3010048,0.7767334,1,1,0,-0.014343262,0.012023926,25.034424,28,176,0,0,255,2,0,1782503399.9437463,11
25.019289,25.014107,-0.41072994,0.3008228,0.8477478,1,1,0,-0.016418457,0.012023926,25.019287,28,176,0,0,255,2,0,1782503399.9437463,11
25.021484,25.01692,-0.106884465,0.46576613,0.77783203,1,1,0,-0.004272461,0.018615723,25.021484,29,176,1,0,255,2,0,1782503399.9437463,11
25.025146,25.019417,-0.26419187,0.4658343,0.695343,1,1,0,-0.010559082,0.018615723,25.025146,29,176,1,0,255,2,0,1782503399.9437463,11
25.029541,25.023207,-0.31616694,0.4659161,0.8565979,1,1,0,-0.012634277,0.018615723,25.029541,29,176,1,0,255,2,0,1782503399.9437463,11
25.02246,25.015419,-0.36799017,0.4657843,0.86608887,1,1,0,-0.014709473,0.018615723,25.02246,29,176,1,0,255,2,0,1782503399.9437463,11
25.018309,25.010426,-0.42135805,0.46570703,0.6850891,1,1,0,-0.016845703,0.018615723,25.01831,29,176,1,0,255,2,0,1782503399.9437463,11
25.032957,25.029694,-0.09624502,0.3926518,1.1599121,1,1,0,-0.0038452148,0.015686035,25.032959,60,176,0,0,255,2,0,1782503399.9437463,11
25.03296,25.02937,-0.14818586,0.39723486,0.8009949,1,1,0,-0.00592041,0.01586914,25.032959,60,176,0,0,255,2,0,1782503399.9437463,11
25.031006,25.026993,-0.20163785,0.40025902,0.7585144,1,1,0,-0.008056641,0.015991211,25.031006,60,176,0,0,255,2,0,1782503399.9437463,11
25.033937,25.029377,-0.2536022,0.40488914,0.86343384,1,1,0,-0.010131836,0.016174316,25.033936,60,176,0,0,255,2,0,1782503399.9437463,11
25.031736,25.026548,-0.30551502,0.40790886,0.7897339,1,1,0,-0.012207031,0.016296387,25.031738,60,176,0,0,255,2,0,1782503399.9437463,11
25.03247,25.026497,-0.35898623,0.41250375,0.84436035,1,1,0,-0.014343262,0.016479492,25.03247,60,176,0,0,255,2,0,1782503399.9437463,11
25.0271,25.020279,-0.41083127,0.41546988,0.83828735,1,1,0,-0.016418457,0.016601562,25.0271,60,176,0,0,255,2,0,1782503399.9437463,11
25.01831,25.010818,-0.10533182,0.6031052,0.734375,1,1,0,-0.004211426,0.024108887,25.01831,61,176,1,0,255,2,0,1782503399.9437463,11
25.026367,25.01848,-0.15881084,0.60788053,0.7631531,1,1,0,-0.0063476562,0.024291992,25.026367,61,176,1,0,255,2,0,1782503399.9437463,11
25.020264,25.01192,-0.21067667,0.6107856,0.7839966,1,1,0,-0.008422852,0.024414062,25.020264,61,176,1,0,255,2,0,1782503399.9437463,11
25.025146,25.016197,-0.26263085,0.61548567,0.6984253,1,1,0,-0.010498047,0.024597168,25.025146,61,176,1,0,255,2,0,1782503399.9437463,11
25.025145,25.015503,-0.31606963,0.6185395,0.75390625,1,1,0,-0.012634277,0.024719238,25.025146,61,176,1,0,255,2,0,1782503399.9437463,11
25.031738,25.02127,-0.36807624,0.6232845,0.807312,1,1,0,-0.014709473,0.024902344,25.031738,61,176,1,0,255,2,0,1782503399.9437463,11
25.019287,25.00793,-0.41978922,0.62602764,0.8147583,1,1,0,-0.016784668,0.025024414,25.019287,61,176,1,0,255,2,0,1782503399.9437463,11
25.031252,25.025349,-0.09775576,0.53468454,0.6657715,1,1,0,-0.00390625,0.021362305,25.03125,26,177,0,0,255,2,0,1782503400.043921,12
25.031252,25.025084,-0.15121542,0.53468454,0.7958069,1,1,0,-0.0060424805,0.021362305,25.03125,26,177,0,0,255,2,0,1782503400.043921,12
25.032959,25.02598,-0.25509542,0.53319347,0.84869385,1,1,0,-0.010192871,0.02130127,25.032959,26,177,0,0,255,2,0,1782503400.043921,12
25.028076,25.020496,-0.30849588,0.53308946,0.82873535,1,1,0,-0.012329102,0.02130127,25.028076,26,177,0,0,255,2,0,1782503400.043921,12
25.032227,25.02395,-0.36047736,0.53317785,0.95706177,1,1,0,-0.014404297,0.02130127,25.032227,26,177,0,0,255,2,0,1782503400.043921,12
25.031006,25.021904,-0.41391325,0.53315187,0.8044739,1,1,0,-0.016540527,0.02130127,25.031006,26,177,0,0,255,2,0,1782503400.043921,12
25.015625,25.013613,-0.09618319,0.3023055,0.8477478,1,1,0,-0.0038452148,0.012084961,25.015625,28,177,0,0,255,2,0,1782503400.043921,12
25.02905,25.026794,-0.14969818,0.30094022,0.82702637,1,1,0,-0.0059814453,0.012023926,25.029053,28,177,0,0,255,2,0,1782503400.043921,12
25.022703,25.020082,-0.20158216,0.3008639,0.9282837,1,1,0,-0.008056641,0.012023926,25.022705,28,177,0,0,255,2,0,1782503400.043921,12
25.021729,25.01862,-0.2550204,0.30085215,0.8434143,1,1,0,-0.010192871,0.012023926,25.021729,28,177,0,0,255,2,0,1782503400.043921,12
25.032957,25.029264,-0.3070761,0.30098718,0.7325134,1,1,0,-0.012268066,0.012023926,25.032959,28,177,0,0,255,2,0,1782503400.043921,12
25.031738,25.027353,-0.3589985,0.30097252,0.81747437,1,1,0,-0.014343262,0.012023926,25.031738,28,177,0,0,255,2,0,1782503400.043921,12
25.035156,25.029947,-0.41251817,0.30101362,1.0602112,1,1,0,-0.016479492,0.012023926,25.035156,28,177,0,0,255,2,0,1782503400.043921,12
25.025146,25.020554,-0.10689999,0.46736142,0.6984253,1,1,0,-0.004272461,0.018676758,25.025146,29,177,1,0,255,2,0,1782503400.043921,12
25.025146,25.020279,-0.15882225,0.46736142,0.7600708,1,1,0,-0.0063476562,0.018676758,25.025146,29,177,1,0,255,2,0,1782503400.043921,12
25.025146,25.019882,-0.21227095,0.46736142,0.68200684,1,1,0,-0.008483887,0.018676758,25.025146,29,177,1,0,255,2,0,1782503400.043921,12
25.025146,25.018814,-0.31611145,0.4658343,0.8319702,1,1,0,-0.012634277,0.018615723,25.025146,29,177,1,0,255,2,0,1782503400.043921,12
25.025146,25.018082,-0.36955664,0.4658343,0.7569885,1,1,0,-0.014770508,0.018615723,25.025146,29,177,1,0,255,2,0,1782503400.043921,12
25.026367,25.01848,-0.42149377,0.465857,0.7569885,1,1,0,-0.016845703,0.018615723,25.026367,29,177,1,0,255,2,0,1782503400.043921,12
25.03125,25.027962,-0.09623836,0.39415258,0.673584,1,1,0,-0.0038452148,0.01574707,25.03125,60,177,0,0,255,2,0,1782503400.043921,12
25.032959,25.02936,-0.14971353,0.39723486,0.7992859,1,1,0,-0.0059814453,0.01586914,25.032959,60,177,0,0,255,2,0,1782503400.043921,12
25.032469,25.027895,-0.25511494,0.40486544,0.69784546,1,1,0,-0.010192871,0.016174316,25.03247,60,177,0,0,255,2,0,1782503400.043921,12
25.028076,25.022844,-0.30699733,0.40937653,1.0064697,1,1,0,-0.012268066,0.016357422,25.028076,60,177,0,0,255,2,0,1782503400.043921,12
25.028076,25.021204,-0.41237408,0.41701347,0.7550659,1,1,0,-0.016479492,0.016662598,25.028076,60,177,0,0,255,2,0,1782503400.043921,12
25.027342,25.01984,-0.106896944,0.6033229,0.7600708,1,1,0,-0.004272461,0.024108887,25.027344,61,177,1,0,255,2,0,1782503400.043921,12
25.025146,25.01726,-0.15880309,0.60785085,0.68917847,1,1,0,-0.0063476562,0.024291992,25.025146,61,177,1,0,255,2,0,1782503400.043921,12
25.025146,25.016788,-0.2122447,0.6109048,0.70666504,1,1,0,-0.008483887,0.024414062,25.025146,61,177,1,0,255,2,0,1782503400.043921,12
25.025146,25.016182,-0.2641577,0.61548567,0.76828,1,1,0,-0.010559082,0.024597168,25.025146,61,177,1,0,255,2,0,1782503400.043921,12
25.023924,25.014282,-0.3160542,0.61850935,0.7210388,1,1,0,-0.012634277,0.024719238,25.023926,61,177,1,0,255,2,0,1782503400.043921,12
25.023926,25.013437,-0.36948803,0.62308997,0.7723999,1,1,0,-0.014770508,0.024902344,25.023926,61,177,1,0,255,2,0,1782503400.043921,12
25.03076,25.019373,-0.42150882,0.62631476,0.82373047,1,1,0,-0.016845703,0.025024414,25.030762,61,177,1,0,255,2,0,1782503400.043921,12
25.032717,25.026852,-0.09623409,0.5331883,0.6805115,1,1,0,-0.0038452148,0.02130127,25.032715,26,178,0,0,255,2,0,1782503400.1437597,13
25.027102,25.020622,-0.2000593,0.53306866,0.7828064,1,1,0,-0.0079956055,0.02130127,25.0271,26,178,0,0,255,2,0,1782503400.1437597,13
25.031252,25.024288,-0.25355065,0.53315705,0.85302734,1,1,0,-0.010131836,0.02130127,25.03125,26,178,0,0,255,2,0,1782503400.1437597,13
25.032715,25.025171,-0.3054982,0.5331883,0.98132324,1,1,0,-0.012207031,0.02130127,25.032715,26,178,0,0,255,2,0,1782503400.1437597,13
25.020994,25.012768,-0.3572623,0.53293866,0.8607483,1,1,0,-0.014282227,0.02130127,25.020996,26,178,0,0,255,2,0,1782503400.1437597,13
25.032473,25.02342,-0.41088286,0.5331831,0.8781738,1,1,0,-0.016418457,0.02130127,25.03247,26,178,0,0,255,2,0,1782503400.1437597,13
25.034424,25.032417,-0.09472761,0.30253267,0.8703613,1,1,0,-0.0037841797,0.012084961,25.034424,28,178,0,0,255,2,0,1782503400.1437597,13
25.031738,25.029472,-0.14818648,0.30250022,0.8807678,1,1,0,-0.00592041,0.012084961,25.031738,28,178,0,0,255,2,0,1782503400.1437597,13
25.017334,25.014708,-0.200012,0.30232614,0.95166016,1,1,0,-0.0079956055,0.012084961,25.017334,28,178,0,0,255,2,0,1782503400.1437597,13
25.031006,25.027908,-0.2520596,0.30249137,0.7810669,1,1,0,-0.010070801,0.012084961,25.031006,28,178,0,0,255,2,0,1782503400.1437597,13
25.029053,25.02536,-0.30550054,0.30246776,0.8122864,1,1,0,-0.012207031,0.012084961,25.029053,28,178,0,0,255,2,0,1782503400.1437597,13
25.03125,25.026888,-0.357464,0.30096665,0.8894348,1,1,0,-0.014282227,0.012023926,25.03125,28,178,0,0,255,2,0,1782503400.1437597,13
25.021484,25.0169,-0.10535743,0.46729302,0.676239,1,1,0,-0.004211426,0.018676758,25.021484,29,178,1,0,255,2,0,1782503400.1437597,13
25.013672,25.008816,-0.15722302,0.46714714,0.7357483,1,1,0,-0.006286621,0.018676758,25.013672,29,178,1,0,255,2,0,1782503400.1437597,13
25.027344,25.022104,-0.20923512,0.46740246,0.70150757,1,1,0,-0.008361816,0.018676758,25.027344,29,178,1,0,255,2,0,1782503400.1437597,13
25.015867,25.010155,-0.26256743,0.4656616,0.70703125,1,1,0,-0.010498047,0.018615723,25.01587,29,178,1,0,255,2,0,1782503400.1437597,13
25.013674,25.007362,-0.3144402,0.4656207,0.74191284,1,1,0,-0.012573242,0.018615723,25.013672,29,178,1,0,255,2,0,1782503400.1437597,13
25.014648,25.007631,-0.36634892,0.46563888,0.7152405,1,1,0,-0.0146484375,0.018615723,25.014648,29,178,1,0,255,2,0,1782503400.1437597,13
25.014648,25.006792,-0.41977012,0.46563888,0.7798767,1,1,0,-0.016784668,0.018615723,25.014648,29,178,1,0,255,2,0,1782503400.1437597,13
25.027102,25.023836,-0.0962225,0.3925599,0.95877075,1,1,0,-0.0038452148,0.015686035,25.0271,60,178,0,0,255,2,0,1782503400.1437597,13
25.031248,25.027674,-0.14970344,0.3956802,0.98480225,1,1,0,-0.0059814453,0.015808105,25.03125,60,178,0,0,255,2,0,1782503400.1437597,13
25.019775,25.015764,-0.20154738,0.40007946,0.81137085,1,1,0,-0.008056641,0.015991211,25.019775,60,178,0,0,255,2,0,1782503400.1437597,13
25.032713,25.028164,-0.25511768,0.40334174,0.85128784,1,1,0,-0.010192871,0.016113281,25.032715,60,178,0,0,255,2,0,1782503400.1437597,13
25.031006,25.025797,-0.30703357,0.4078969,0.7715454,1,1,0,-0.012268066,0.016296387,25.031006,60,178,0,0,255,2,0,1782503400.1437597,13
25.031248,25.025301,-0.35896906,0.41095603,0.69525146,1,1,0,-0.014343262,0.016418457,25.03125,60,178,0,0,255,2,0,1782503400.1437597,13
25.031248,25.0244,-0.41242677,0.4155388,0.7602539,1,1,0,-0.016479492,0.016601562,25.03125,60,178,0,0,255,2,0,1782503400.1437597,13
25.032957,25.025528,-0.10692124,0.6004034,0.80114746,1,1,0,-0.004272461,0.023986816,25.032959,61,178,1,0,255,2,0,1782503400.1437597,13
25.027344,25.019531,-0.15881751,0.60485005,0.8545532,1,1,0,-0.0063476562,0.024169922,25.027344,61,178,1,0,255,2,0,1782503400.1437597,13
25.027344,25.01906,-0.21226397,0.60790426,0.80114746,1,1,0,-0.008483887,0.024291992,25.027344,61,178,1,0,255,2,0,1782503400.1437597,13
25.023926,25.014359,-0.31605515,0.6154556,0.7312927,1,1,0,-0.012634277,0.024597168,25.023926,61,178,1,0,255,2,0,1782503400.1437597,13
25.029541,25.019127,-0.36957207,0.62017536,0.8422241,1,1,0,-0.014770508,0.024780273,25.029541,61,178,1,0,255,2,0,1782503400.1437597,13
25.026365,25.015057,-0.4214361,0.62315077,0.8442688,1,1,0,-0.016845703,0.024902344,25.026367,61,178,1,0,255,2,0,1782503400.1437597,13
25.023193,25.017326,-0.09772442,0.53298545,0.71951294,1,1,0,-0.00390625,0.02130127,25.023193,26,179,0,0,255,2,0,1782503400.2453883,14
25.031252,25.025116,-0.15121561,0.53315705,0.72473145,1,1,0,-0.0060424805,0.02130127,25.03125,26,179,0,0,255,2,0,1782503400.2453883,14
25.032957,25.026455,-0.20316112,0.53319347,0.7897339,1,1,0,-0.008117676,0.02130127,25.032959,26,179,0,0,255,2,0,1782503400.2453883,14
25.032227,25.025248,-0.25508794,0.53317785,0.7897339,1,1,0,-0.010192871,0.02130127,25.032227,26,179,0,0,255,2,0,1782503400.2453883,14
25.018309,25.010733,-0.3083755,0.53288144,0.8503418,1,1,0,-0.012329102,0.02130127,25.01831,26,179,0,0,255,2,0,1782503400.2453883,14
25.033447,25.025171,-0.36049494,0.5332039,0.7975464,1,1,0,-0.014404297,0.02130127,25.033447,26,179,0,0,255,2,0,1782503400.2453883,14
25.03125,25.02925,-0.09318794,0.30249432,0.93969727,1,1,0,-0.0037231445,0.012084961,25.03125,28,179,0,0,255,2,0,1782503400.2453883,14
25.028076,25.025827,-0.14510988,0.30245596,0.7568054,1,1,0,-0.00579834,0.012084961,25.028076,28,179,0,0,255,2,0,1782503400.2453883,14
25.031248,25.028652,-0.19859578,0.30096665,0.84695435,1,1,0,-0.00793457,0.012023926,25.03125,28,179,0,0,255,2,0,1782503400.2453883,14
25.031004,25.02794,-0.2505322,0.3009637,0.74380493,1,1,0,-0.010009766,0.012023926,25.031006,28,179,0,0,255,2,0,1782503400.2453883,14
25.017332,25.013699,-0.3023043,0.3007993,0.95166016,1,1,0,-0.012084961,0.012023926,25.017334,28,179,0,0,255,2,0,1782503400.2453883,14
25.031006,25.026665,-0.35593298,0.3009637,0.83654785,1,1,0,-0.014221191,0.012023926,25.031006,28,179,0,0,255,2,0,1782503400.2453883,14
25.032713,25.02758,-0.40789527,0.30098426,1.0402832,1,1,0,-0.016296387,0.012023926,25.032715,28,179,0,0,255,2,0,1782503400.2453883,14
25.021484,25.016912,-0.10230362,0.46729302,0.8270874,1,1,0,-0.0040893555,0.018676758,25.021484,29,179,1,0,255,2,0,1782503400.2453883,14
25.023926,25.019106,-0.1557606,0.46581158,0.69226074,1,1,0,-0.006225586,0.018615723,25.023926,29,179,1,0,255,2,0,1782503400.2453883,14
25.025146,25.019949,-0.2076899,0.4658343,0.70358276,1,1,0,-0.008300781,0.018615723,25.025146,29,179,1,0,255,2,0,1782503400.2453883,14
25.025146,25.019464,-0.25961068,0.4658343,0.78060913,1,1,0,-0.010375977,0.018615723,25.025146,29,179,1,0,255,2,0,1782503400.2453883,14
25.026367,25.020073,-0.31307265,0.465857,0.78060913,1,1,0,-0.012512207,0.018615723,25.026367,29,179,1,0,255,2,0,1782503400.2453883,14
25.023926,25.016928,-0.3649579,0.46581158,0.71588135,1,1,0,-0.014587402,0.018615723,25.023926,29,179,1,0,255,2,0,1782503400.2453883,14
25.021484,25.013676,-0.4168314,0.46576613,0.7449951,1,1,0,-0.016662598,0.018615723,25.021484,29,179,1,0,255,2,0,1782503400.2453883,14
25.01831,25.01503,-0.09466182,0.39394882,0.8373718,1,1,0,-0.0037841797,0.01574707,25.01831,60,179,0,0,255,2,0,1782503400.2453883,14
25.034178,25.030573,-0.14666519,0.398782,0.85562134,1,1,0,-0.005859375,0.015930176,25.03418,60,179,0,0,255,2,0,1782503400.2453883,14
25.027098,25.023087,-0.19855161,0.40172392,0.84695435,1,1,0,-0.00793457,0.016052246,25.0271,60,179,0,0,255,2,0,1782503400.2453883,14
25.025146,25.02058,-0.2519858,0.4062742,0.72732544,1,1,0,-0.010070801,0.016235352,25.025146,60,179,0,0,255,2,0,1782503400.2453883,14
25.031006,25.025812,-0.30397835,0.40942445,0.7619934,1,1,0,-0.012145996,0.016357422,25.031006,60,179,0,0,255,2,0,1782503400.2453883,14
25.034182,25.028204,-0.3574828,0.41405964,0.85128784,1,1,0,-0.014282227,0.016540527,25.03418,60,179,0,0,255,2,0,1782503400.2453883,14
25.027098,25.020275,-0.40930372,0.4169972,0.7958069,1,1,0,-0.016357422,0.016662598,25.0271,60,179,0,0,255,2,0,1782503400.2453883,14
25.023926,25.016438,-0.10382858,0.60324055,0.69226074,1,1,0,-0.0041503906,0.024108887,25.023926,61,179,1,0,255,2,0,1782503400.2453883,14
25.031734,25.023893,-0.15731782,0.60648364,0.86483765,1,1,0,-0.006286621,0.024230957,25.031738,61,179,1,0,255,2,0,1782503400.2453883,14
25.02954,25.021206,-0.2092276,0.6110121,0.77545166,1,1,0,-0.008361816,0.024414062,25.029541,61,179,1,0,255,2,0,1782503400.2453883,14
25.032957,25.02406,-0.2611859,0.61415035,0.85250854,1,1,0,-0.010437012,0.024536133,25.032959,61,179,1,0,255,2,0,1782503400.2453883,14
25.032957,25.023333,-0.314641,0.61873263,0.8360596,1,1,0,-0.012573242,0.024719238,25.032959,61,179,1,0,255,2,0,1782503400.2453883,14
25.025145,25.01474,-0.36645305,0.6215934,0.69226074,1,1,0,-0.0146484375,0.024841309,25.025146,61,179,1,0,255,2,0,1782503400.2453883,14
25.032957,25.021622,-0.41849142,0.6263698,0.8710022,1,1,0,-0.016723633,0.025024414,25.032959,61,179,1,0,255,2,0,1782503400.2453883,14
25.031738,25.025864,-0.09928526,0.5331675,0.6189575,1,1,0,-0.003967285,0.02130127,25.031738,26,180,0,0,255,2,0,1782503400.3436208,15
25.032719,25.02658,-0.15122446,0.5331883,0.73773193,1,1,0,-0.0060424805,0.02130127,25.032715,26,180,0,0,255,2,0,1782503400.3436208,15
25.03125,25.024734,-0.20467463,0.53315705,0.8105469,1,1,0,-0.008178711,0.02130127,25.03125,26,180,0,0,255,2,0,1782503400.3436208,15
25.034422,25.027428,-0.2566379,0.5332247,0.84436035,1,1,0,-0.010253906,0.02130127,25.034424,26,180,0,0,255,2,0,1782503400.3436208,15
25.0271,25.01952,-0.30848384,0.53306866,0.6865845,1,1,0,-0.012329102,0.02130127,25.0271,26,180,0,0,255,2,0,1782503400.3436208,15
25.026123,25.017828,-0.36191642,0.53304785,0.8027344,1,1,0,-0.014465332,0.02130127,25.026123,26,180,0,0,255,2,0,1782503400.3436208,15
25.03125,25.022148,-0.41391727,0.53315705,0.7793274,1,1,0,-0.016540527,0.02130127,25.03125,26,180,0,0,255,2,0,1782503400.3436208,15
25.032715,25.030708,-0.094721146,0.30251202,0.7715454,1,1,0,-0.0037841797,0.012084961,25.032715,28,180,0,0,255,2,0,1782503400.3436208,15
25.032715,25.030458,-0.14666452,0.30251202,0.9059143,1,1,0,-0.005859375,0.012084961,25.032715,28,180,0,0,255,2,0,1782503400.3436208,15
25.0271,25.024502,-0.19856285,0.30091673,0.7602539,1,1,0,-0.00793457,0.012023926,25.0271,28,180,0,0,255,2,0,1782503400.3436208,15
25.032713,25.029634,-0.25207698,0.30098426,0.7940674,1,1,0,-0.010070801,0.012023926,25.032715,28,180,0,0,255,2,0,1782503400.3436208,15
25.033201,25.029547,-0.3040237,0.30099013,1.0402832,1,1,0,-0.012145996,0.012023926,25.033203,28,180,0,0,255,2,0,1782503400.3436208,15
25.027098,25.02194,-0.40933093,0.30091673,0.7958069,1,1,0,-0.016357422,0.012023926,25.0271,28,180,0,0,255,2,0,1782503400.3436208,15
25.025146,25.020596,-0.103845835,0.4658343,0.6511841,1,1,0,-0.0041503906,0.018615723,25.025146,29,180,1,0,255,2,0,1782503400.3436208,15
25.029541,25.024708,-0.15732294,0.4659161,0.7836914,1,1,0,-0.006286621,0.018615723,25.029541,29,180,1,0,255,2,0,1782503400.3436208,15
25.025146,25.019936,-0.20921698,0.4658343,0.76828,1,1,0,-0.008361816,0.018615723,25.025146,29,180,1,0,255,2,0,1782503400.3436208,15
25.031738,25.026037,-0.26120654,0.465957,0.7425842,1,1,0,-0.010437012,0.018615723,25.031738,29,180,1,0,255,2,0,1782503400.3436208,15
25.025393,25.018372,-0.36650625,0.46583885,1.171875,1,1,0,-0.0146484375,0.018615723,25.02539,29,180,1,0,255,2,0,1782503400.3436208,15
25.031738,25.023901,-0.41852954,0.465957,0.82580566,1,1,0,-0.016723633,0.018615723,25.031738,29,180,1,0,255,2,0,1782503400.3436208,15
25.032227,25.028902,-0.099297315,0.39569563,1.0472107,1,1,0,-0.003967285,0.015808105,25.032227,60,180,0,0,255,2,0,1782503400.3436208,15
25.03174,25.028107,-0.15123367,0.39874312,0.86343384,1,1,0,-0.0060424805,0.015930176,25.031738,60,180,0,0,255,2,0,1782503400.3436208,15
25.032711,25.028639,-0.20317884,0.40334174,0.81747437,1,1,0,-0.008117676,0.016113281,25.032715,60,180,0,0,255,2,0,1782503400.3436208,15
25.033934,25.02932,-0.2566573,0.4064169,0.7828064,1,1,0,-0.010253906,0.016235352,25.033936,60,180,0,0,255,2,0,1782503400.3436208,15
25.031494,25.026218,-0.30856642,0.41096005,0.70825195,1,1,0,-0.012329102,0.016418457,25.031494,60,180,0,0,255,2,0,1782503400.3436208,15
25.02124,25.015223,-0.36035162,0.41384563,0.8546753,1,1,0,-0.014404297,0.016540527,25.02124,60,180,0,0,255,2,0,1782503400.3436208,15
25.019289,25.012367,-0.41375548,0.41839385,0.87112427,1,1,0,-0.016540527,0.016723633,25.019287,60,180,0,0,255,2,0,1782503400.3436208,15
25.026363,25.019175,-0.056500923,0.5971912,0.68096924,1,1,0,-0.0022583008,0.023864746,25.026367,61,180,1,0,255,2,0,1782503400.3436208,15
25.025145,25.017673,-0.10841468,0.60174304,0.74053955,1,1,0,-0.004333496,0.024047852,25.025146,61,180,1,0,255,2,0,1782503400.3436208,15
25.031736,25.023912,-0.16037273,0.60495627,0.7127991,1,1,0,-0.0064086914,0.024169922,25.031738,61,180,1,0,255,2,0,1782503400.3436208,15
25.020264,25.01193,-0.21373019,0.60925895,0.7675781,1,1,0,-0.008544922,0.024353027,25.020264,61,180,1,0,255,2,0,1782503400.3436208,15
25.028564,25.019657,-0.26572168,0.6125154,0.750824,1,1,0,-0.010620117,0.024475098,25.028564,61,180,1,0,255,2,0,1782503400.3436208,15
25.030762,25.021137,-0.31766823,0.617151,0.82785034,1,1,0,-0.0126953125,0.024658203,25.030762,61,180,1,0,255,2,0,1782503400.3436208,15
25.02295,25.012516,-0.3710014,0.62001204,0.7569885,1,1,0,-0.014831543,0.024780273,25.02295,61,180,1,0,255,2,0,1782503400.3436208,15
25.027342,25.016006,-0.4229794,0.6231751,0.75183105,1,1,0,-0.016906738,0.024902344,25.027344,61,180,1,0,255,2,0,1782503400.3436208,15
25.034178,25.02832,-0.094712116,0.53321946,0.82873535,1,1,0,-0.0037841797,0.02130127,25.03418,26,181,0,0,255,2,0,1782503400.4444363,16
25.026123,25.020006,-0.14813043,0.53304785,0.7862549,1,1,0,-0.00592041,0.02130127,25.026123,26,181,0,0,255,2,0,1782503400.4444363,16
25.03418,25.0277,-0.20011589,0.53321946,0.7975464,1,1,0,-0.0079956055,0.02130127,25.03418,26,181,0,0,255,2,0,1782503400.4444363,16
25.031982,25.025034,-0.25203067,0.53317267,0.84262085,1,1,0,-0.010070801,0.02130127,25.031982,26,181,0,0,255,2,0,1782503400.4444363,16
25.031006,25.021978,-0.40933156,0.53315187,0.84262085,1,1,0,-0.016357422,0.02130127,25.031006,26,181,0,0,255,2,0,1782503400.4444363,16
25.032959,25.030958,-0.093194306,0.30251497,0.85910034,1,1,0,-0.0037231445,0.012084961,25.032959,28,181,0,0,255,2,0,1782503400.4444363,16
25.034178,25.03194,-0.1466732,0.30100188,0.7879944,1,1,0,-0.005859375,0.012023926,25.03418,28,181,0,0,255,2,0,1782503400.4444363,16
25.031006,25.028408,-0.19859384,0.3009637,0.7507324,1,1,0,-0.00793457,0.012023926,25.031006,28,181,0,0,255,2,0,1782503400.4444363,16
25.032469,25.02939,-0.25207454,0.3009813,0.85910034,1,1,0,-0.010070801,0.012023926,25.03247,28,181,0,0,255,2,0,1782503400.4444363,16
25.026121,25.021782,-0.35586354,0.300905,1.0957642,1,1,0,-0.014221191,0.012023926,25.026123,28,181,0,0,255,2,0,1782503400.4444363,16
25.032469,25.027311,-0.4094188,0.3009813,0.84869385,1,1,0,-0.016357422,0.012023926,25.03247,28,181,0,0,255,2,0,1782503400.4444363,16
25.031738,25.027157,-0.10387307,0.46748453,0.68096924,1,1,0,-0.0041503906,0.018676758,25.031738,29,181,1,0,255,2,0,1782503400.4444363,16
25.014648,25.00983,-0.15570286,0.46563888,0.7101135,1,1,0,-0.006225586,0.018615723,25.014648,29,181,1,0,255,2,0,1782503400.4444363,16
25.025145,25.019447,-0.26113775,0.4658343,0.6378479,1,1,0,-0.010437012,0.018615723,25.025146,29,181,1,0,255,2,0,1782503400.4444363,16
25.016846,25.010553,-0.31295353,0.46567976,0.80041504,1,1,0,-0.012512207,0.018615723,25.016846,29,181,1,0,255,2,0,1782503400.4444363,16
25.025146,25.017313,-0.41841933,0.4658343,0.7333679,1,1,0,-0.016723633,0.018615723,25.025146,29,181,1,0,255,2,0,1782503400.4444363,16
25.032957,25.0297,-0.09471733,0.3926518,0.69610596,1,1,0,-0.0037841797,0.015686035,25.032959,60,181,0,0,255,2,0,1782503400.4444363,16
25.033205,25.029613,-0.14818731,0.39723873,0.85302734,1,1,0,-0.00592041,0.01586914,25.033203,60,181,0,0,255,2,0,1782503400.4444363,16
25.031006,25.027006,-0.20011033,0.40025902,0.7533264,1,1,0,-0.0079956055,0.015991211,25.031006,60,181,0,0,255,2,0,1782503400.4444363,16
25.027098,25.022556,-0.2520057,0.40477857,0.7342529,1,1,0,-0.010070801,0.016174316,25.0271,60,181,0,0,255,2,0,1782503400.4444363,16
25.020996,25.01581,-0.30538392,0.4077338,1.0166016,1,1,0,-0.012207031,0.016296387,25.020996,60,181,0,0,255,2,0,1782503400.4444363,16
25.032717,25.026764,-0.35746223,0.41250777,0.84695435,1,1,0,-0.014282227,0.016479492,25.032715,60,181,0,0,255,2,0,1782503400.4444363,16
25.031008,25.024185,-0.4108954,0.41553473,0.7472534,1,1,0,-0.016418457,0.016601562,25.031006,60,181,0,0,255,2,0,1782503400.4444363,16
25.031736,25.02424,-0.10538836,0.6034289,0.8545532,1,1,0,-0.004211426,0.024108887,25.031738,61,181,1,0,255,2,0,1782503400.4444363,16
25.023924,25.016047,-0.15726848,0.6078212,0.7189636,1,1,0,-0.006286621,0.024291992,25.023926,61,181,1,0,255,2,0,1782503400.4444363,16
25.02295,25.013327,-0.3145152,0.6184852,0.6871338,1,1,0,-0.012573242,0.024719238,25.02295,61,181,1,0,255,2,0,1782503400.4444363,16
25.023926,25.01346,-0.36796135,0.62308997,0.67788696,1,1,0,-0.014709473,0.024902344,25.023926,61,181,1,0,255,2,0,1782503400.4444363,16
25.030762,25.0194,-0.41998175,0.62631476,0.88946533,1,1,0,-0.016784668,0.025024414,25.030762,61,181,1,0,255,2,0,1782503400.4444363,16
25.0271,25.021242,-0.09468533,0.53306866,0.68917847,1,1,0,-0.0037841797,0.02130127,25.0271,26,182,0,0,255,2,0,1782503400.5440812,17
25.03125,25.025143,-0.14663337,0.53315705,1.0454712,1,1,0,-0.005859375,0.02130127,25.03125,26,182,0,0,255,2,0,1782503400.5440812,17
25.032717,25.026237,-0.20010419,0.5331883,0.7619934,1,1,0,-0.0079956055,0.02130127,25.032715,26,182,0,0,255,2,0,1782503400.5440812,17
25.02124,25.014296,-0.2519225,0.53294384,0.72473145,1,1,0,-0.010070801,0.02130127,25.02124,26,182,0,0,255,2,0,1782503400.5440812,17
25.032959,25.025415,-0.3055012,0.53319347,0.85302734,1,1,0,-0.012207031,0.02130127,25.032959,26,182,0,0,255,2,0,1782503400.5440812,17
25.0271,25.01887,-0.35734946,0.53306866,0.7472534,1,1,0,-0.014282227,0.02130127,25.0271,26,182,0,0,255,2,0,1782503400.5440812,17
25.026121,25.017097,-0.4092517,0.53304785,0.81747437,1,1,0,-0.016357422,0.02130127,25.026123,26,182,0,0,255,2,0,1782503400.5440812,17
25.032715,25.03072,-0.09624897,0.30098426,0.7828064,1,1,0,-0.0038452148,0.012023926,25.032715,28,182,0,0,255,2,0,1782503400.5440812,17
25.034422,25.032166,-0.14973031,0.3010048,0.81573486,1,1,0,-0.0059814453,0.012023926,25.034424,28,182,0,0,255,2,0,1782503400.5440812,17
25.031006,25.028383,-0.20164904,0.3009637,0.7732544,1,1,0,-0.008056641,0.012023926,25.031006,28,182,0,0,255,2,0,1782503400.5440812,17
25.032225,25.029116,-0.25512737,0.3009784,0.8009949,1,1,0,-0.010192871,0.012023926,25.032227,28,182,0,0,255,2,0,1782503400.5440812,17
25.016602,25.01291,-0.30687547,0.30079052,0.8434143,1,1,0,-0.012268066,0.012023926,25.016602,28,182,0,0,255,2,0,1782503400.5440812,17
25.022701,25.01832,-0.35886896,0.3008639,0.9949646,1,1,0,-0.014343262,0.012023926,25.022705,28,182,0,0,255,2,0,1782503400.5440812,17
25.019775,25.01457,-0.41226476,0.30082867,1.0590515,1,1,0,-0.016479492,0.012023926,25.019775,28,182,0,0,255,2,0,1782503400.5440812,17
25.019531,25.014967,-0.10687612,0.46572977,0.6491394,1,1,0,-0.004272461,0.018615723,25.019531,29,182,1,0,255,2,0,1782503400.5440812,17
25.023926,25.019087,-0.15881468,0.46581158,0.67892456,1,1,0,-0.0063476562,0.018615723,25.023926,29,182,1,0,255,2,0,1782503400.5440812,17
25.025146,25.01991,-0.21227118,0.4658343,0.74053955,1,1,0,-0.008483887,0.018615723,25.025146,29,182,1,0,255,2,0,1782503400.5440812,17
25.029541,25.022474,-0.36962152,0.4659161,0.7395325,1,1,0,-0.014770508,0.018615723,25.029541,29,182,1,0,255,2,0,1782503400.5440812,17
25.023924,25.016039,-0.42145264,0.46581158,0.8216858,1,1,0,-0.016845703,0.018615723,25.023926,29,182,1,0,255,2,0,1782503400.5440812,17
25.033937,25.030647,-0.09624869,0.39419487,0.7663269,1,1,0,-0.0038452148,0.01574707,25.033936,60,182,0,0,255,2,0,1782503400.5440812,17
25.032715,25.029125,-0.14818442,0.39723098,0.82702637,1,1,0,-0.00592041,0.01586914,25.032715,60,182,0,0,255,2,0,1782503400.5440812,17
25.02173,25.01773,-0.20003617,0.4001107,0.9871826,1,1,0,-0.0079956055,0.015991211,25.021729,60,182,0,0,255,2,0,1782503400.5440812,17
25.032228,25.027668,-0.2535849,0.40486148,0.7568054,1,1,0,-0.010131836,0.016174316,25.032227,60,182,0,0,255,2,0,1782503400.5440812,17
25.033936,25.028746,-0.30554184,0.40794465,0.9015808,1,1,0,-0.012207031,0.016296387,25.033936,60,182,0,0,255,2,0,1782503400.5440812,17
25.03125,25.0253,-0.3574413,0.41248363,0.7698059,1,1,0,-0.014282227,0.016479492,25.03125,60,182,0,0,255,2,0,1782503400.5440812,17
25.03247,25.025648,-0.41091943,0.41555905,0.7585144,1,1,0,-0.016418457,0.016601562,25.03247,60,182,0,0,255,2,0,1782503400.5440812,17
25.032959,25.024649,-0.21078388,0.6095681,0.89974976,1,1,0,-0.008422852,0.024353027,25.032959,61,182,1,0,255,2,0,1782503400.5440812,17
25.029541,25.020666,-0.2626778,0.6125393,0.9059143,1,1,0,-0.010498047,0.024475098,25.029541,61,182,1,0,255,2,0,1782503400.5440812,17
25.029541,25.01999,-0.31459898,0.61559373,0.8319702,1,1,0,-0.012573242,0.024597168,25.029541,61,182,1,0,255,2,0,1782503400.5440812,17
25.032957,25.022566,-0.36809528,0.62026006,0.8935852,1,1,0,-0.014709473,0.024780273,25.032959,61,182,1,0,255,2,0,1782503400.5440812,17
25.020754,25.009472,-0.4198151,0.62301093,0.69021606,1,1,0,-0.016784668,0.024902344,25.020752,61,182,1,0,255,2,0,1782503400.5440812,17
25.019531,25.013426,-0.14656472,0.5329075,0.8988342,1,1,0,-0.005859375,0.02130127,25.019531,26,183,0,0,255,2,0,1782503400.644468,18
25.032228,25.024702,-0.30396488,0.53317785,0.85562134,1,1,0,-0.012145996,0.02130127,25.032227,26,183,0,0,255,2,0,1782503400.644468,18
25.031984,25.029964,-0.09777379,0.30250317,0.631958,1,1,0,-0.00390625,0.012084961,25.031982,28,183,0,0,255,2,0,1782503400.644468,18
25.032717,25.030432,-0.15124772,0.30251202,0.7489929,1,1,0,-0.0060424805,0.012084961,25.032715,28,183,0,0,255,2,0,1782503400.644468,18
25.019289,25.016636,-0.20308138,0.30234975,0.7871399,1,1,0,-0.008117676,0.012084961,25.019287,28,183,0,0,255,2,0,1782503400.644468,18
25.034912,25.031786,-0.25668257,0.30101067,0.7992859,1,1,0,-0.010253906,0.012023926,25.034912,28,183,0,0,255,2,0,1782503400.644468,18
25.029053,25.025341,-0.3085556,0.30094022,0.7715454,1,1,0,-0.012329102,0.012023926,25.029053,28,183,0,0,255,2,0,1782503400.644468,18
25.030027,25.025621,-0.36050144,0.30095196,0.7810669,1,1,0,-0.014404297,0.012023926,25.03003,28,183,0,0,255,2,0,1782503400.644468,18
25.02954,25.024939,-0.10844616,0.4674435,0.8175659,1,1,0,-0.004333496,0.018676758,25.029541,29,183,1,0,255,2,0,1782503400.644468,18
25.027342,25.022465,-0.16036347,0.46740246,0.80319214,1,1,0,-0.0064086914,0.018676758,25.027344,29,183,1,0,255,2,0,1782503400.644468,18
25.023926,25.018661,-0.21226059,0.46733862,0.76416016,1,1,0,-0.008483887,0.018676758,25.023926,29,183,1,0,255,2,0,1782503400.644468,18
25.025146,25.0194,-0.26571897,0.4658343,0.71795654,1,1,0,-0.010620117,0.018615723,25.025146,29,183,1,0,255,2,0,1782503400.644468,18
25.016846,25.010494,-0.3175331,0.46567976,0.81066895,1,1,0,-0.0126953125,0.018615723,25.016846,29,183,1,0,255,2,0,1782503400.644468,18
25.018066,25.01098,-0.37097862,0.4657025,0.8291321,1,1,0,-0.014831543,0.018615723,25.018066,29,183,1,0,255,2,0,1782503400.644468,18
25.020262,25.012352,-0.42291763,0.4657434,0.83529663,1,1,0,-0.016906738,0.018615723,25.020264,29,183,1,0,255,2,0,1782503400.644468,18
25.032959,25.029345,-0.14818572,0.39876255,0.98306274,1,1,0,-0.00592041,0.015930176,25.032959,60,183,0,0,255,2,0,1782503400.644468,18
25.023191,25.019169,-0.20004767,0.40166122,0.7342529,1,1,0,-0.0079956055,0.016052246,25.023193,60,183,0,0,255,2,0,1782503400.644468,18
25.031248,25.02668,-0.25204724,0.4063733,0.7403259,1,1,0,-0.010070801,0.016235352,25.03125,60,183,0,0,255,2,0,1782503400.644468,18
25.031982,25.02677,-0.30551773,0.40944043,0.7940674,1,1,0,-0.012207031,0.016357422,25.031982,60,183,0,0,255,2,0,1782503400.644468,18
25.0271,25.021124,-0.35738167,0.41394255,0.85910034,1,1,0,-0.014282227,0.016540527,25.0271,60,183,0,0,255,2,0,1782503400.644468,18
25.020262,25.013443,-0.40919194,0.4168833,0.8295593,1,1,0,-0.016357422,0.016662598,25.020264,60,183,0,0,255,2,0,1782503400.644468,18
25.026367,25.018873,-0.105365746,0.6032994,0.7991028,1,1,0,-0.004211426,0.024108887,25.026367,61,183,1,0,255,2,0,1782503400.644468,18
25.027342,25.0195,-0.1572902,0.6063771,0.77752686,1,1,0,-0.006286621,0.024230957,25.027344,61,183,1,0,255,2,0,1782503400.644468,18
25.025146,25.016813,-0.20919088,0.6109048,0.7816162,1,1,0,-0.008361816,0.024414062,25.025146,61,183,1,0,255,2,0,1782503400.644468,18
25.032957,25.024044,-0.26271325,0.61415035,0.82373047,1,1,0,-0.010498047,0.024536133,25.032959,61,183,1,0,255,2,0,1782503400.644468,18
25.029541,25.019917,-0.31459805,0.6186482,0.7693176,1,1,0,-0.012573242,0.024719238,25.029541,61,183,1,0,255,2,0,1782503400.644468,18
25.02075,25.010347,-0.3663887,0.6214843,0.69433594,1,1,0,-0.0146484375,0.024841309,25.020752,61,183,1,0,255,2,0,1782503400.644468,18
25.020264,25.008907,-0.41980562,0.6260521,0.8229675,1,1,0,-0.016784668,0.025024414,25.020264,61,183,1,0,255,2,0,1782503400.644468,18
25.030031,25.02416,-0.09775112,0.53313106,0.6805115,1,1,0,-0.00390625,0.02130127,25.03003,26,184,0,0,255,2,0,1782503400.7445261,19
25.031006,25.024504,-0.20314527,0.53315187,0.7550659,1,1,0,-0.008117676,0.02130127,25.031006,26,184,0,0,255,2,0,1782503400.7445261,19
25.03296,25.02538,-0.30855608,0.53319347,0.82702637,1,1,0,-0.012329102,0.02130127,25.032959,26,184,0,0,255,2,0,1782503400.7445261,19
25.034178,25.0251,-0.4124383,0.53321946,0.85736084,1,1,0,-0.016479492,0.02130127,25.03418,26,184,0,0,255,2,0,1782503400.7445261,19
25.031252,25.029238,-0.09624327,0.30249432,0.6692505,1,1,0,-0.0038452148,0.012084961,25.03125,28,184,0,0,255,2,0,1782503400.7445261,19
25.031252,25.028984,-0.14818358,0.30249432,0.84869385,1,1,0,-0.00592041,0.012084961,25.03125,28,184,0,0,255,2,0,1782503400.7445261,19
25.028076,25.025467,-0.20009802,0.30092847,0.7897339,1,1,0,-0.0079956055,0.012023926,25.028076,28,184,0,0,255,2,0,1782503400.7445261,19
25.019533,25.01644,-0.25347114,0.30082574,0.8390808,1,1,0,-0.010131836,0.012023926,25.019531,28,184,0,0,255,2,0,1782503400.7445261,19
25.021484,25.017813,-0.30540836,0.30084923,0.9949646,1,1,0,-0.012207031,0.012023926,25.021484,28,184,0,0,255,2,0,1782503400.7445261,19
25.03247,25.028086,-0.359009,0.3009813,0.95443726,1,1,0,-0.014343262,0.012023926,25.03247,28,184,0,0,255,2,0,1782503400.7445261,19
25.032715,25.02753,-0.41095036,0.30098426,0.7420654,1,1,0,-0.016418457,0.012023926,25.032715,28,184,0,0,255,2,0,1782503400.7445261,19
25.01831,25.013725,-0.105344065,0.46723375,0.6481018,1,1,0,-0.004211426,0.018676758,25.01831,29,184,1,0,255,2,0,1782503400.7445261,19
25.01587,25.010647,-0.21066594,0.4656616,0.83325195,1,1,0,-0.008422852,0.018615723,25.01587,29,184,1,0,255,2,0,1782503400.7445261,19
25.020264,25.01455,-0.26261356,0.4657434,0.68032837,1,1,0,-0.010498047,0.018615723,25.020264,29,184,1,0,255,2,0,1782503400.7445261,19
25.018309,25.011978,-0.31602508,0.46570703,0.66763306,1,1,0,-0.012634277,0.018615723,25.01831,29,184,1,0,255,2,0,1782503400.7445261,19
25.014404,25.007364,-0.36787167,0.46563432,1.1338806,1,1,0,-0.014709473,0.018615723,25.014404,29,184,1,0,255,2,0,1782503400.7445261,19
25.03247,25.0292,-0.0977708,0.39264414,0.96310425,1,1,0,-0.00390625,0.015686035,25.03247,60,184,0,0,255,2,0,1782503400.7445261,19
25.031008,25.0274,-0.1512294,0.39720386,0.8781738,1,1,0,-0.0060424805,0.01586914,25.031006,60,184,0,0,255,2,0,1782503400.7445261,19
25.03198,25.027956,-0.2031733,0.40027463,0.7455139,1,1,0,-0.008117676,0.015991211,25.031982,60,184,0,0,255,2,0,1782503400.7445261,19
25.026121,25.021532,-0.25657743,0.40476277,0.6770325,1,1,0,-0.010253906,0.016174316,25.026123,60,184,0,0,255,2,0,1782503400.7445261,19
25.027098,25.021873,-0.30851287,0.40783325,0.652771,1,1,0,-0.012329102,0.016296387,25.0271,60,184,0,0,255,2,0,1782503400.7445261,19
25.02905,25.023056,-0.36046448,0.41244742,0.7680664,1,1,0,-0.014404297,0.016479492,25.029053,60,184,0,0,255,2,0,1782503400.7445261,19
25.031494,25.02462,-0.41395816,0.41554284,0.82873535,1,1,0,-0.016540527,0.016601562,25.031494,60,184,0,0,255,2,0,1782503400.7445261,19
25.027344,25.019798,-0.10842389,0.60485005,0.75491333,1,1,0,-0.004333496,0.024169922,25.027344,61,184,1,0,255,2,0,1782503400.7445261,19
25.027344,25.019445,-0.16034411,0.60790426,0.67993164,1,1,0,-0.0064086914,0.024291992,25.027344,61,184,1,0,255,2,0,1782503400.7445261,19
25.031736,25.023327,-0.21382757,0.61259305,0.89974976,1,1,0,-0.008544922,0.024475098,25.031738,61,184,1,0,255,2,0,1782503400.7445261,19
25.03076,25.021778,-0.2657442,0.6156238,0.8340149,1,1,0,-0.010620117,0.024597168,25.030762,61,184,1,0,255,2,0,1782503400.7445261,19
25.02295,25.013288,-0.31756857,0.6184852,0.71383667,1,1,0,-0.0126953125,0.024719238,25.02295,61,184,1,0,255,2,0,1782503400.7445261,19
25.023926,25.013416,-0.37101474,0.62308997,0.7846985,1,1,0,-0.014831543,0.024902344,25.023926,61,184,1,0,255,2,0,1782503400.7445261,19
25.019531,25.008123,-0.4228461,0.6260338,0.75390625,1,1,0,-0.016906738,0.025024414,25.019531,61,184,1,0,255,2,0,1782503400.7445261,19
25.028076,25.021574,-0.20312148,0.53308946,0.7533264,1,1,0,-0.008117676,0.02130127,25.028076,26,185,0,0,255,2,0,1782503400.843342,20
25.03125,25.024256,-0.25660536,0.53315705,0.7828064,1,1,0,-0.010253906,0.02130127,25.03125,26,185,0,0,255,2,0,1782503400.843342,20
25.031494,25.023914,-0.30853802,0.5331623,0.83828735,1,1,0,-0.012329102,0.02130127,25.031494,26,185,0,0,255,2,0,1782503400.843342,20
25.031982,25.02288,-0.4139294,0.53317267,0.7663269,1,1,0,-0.016540527,0.02130127,25.031982,26,185,0,0,255,2,0,1782503400.843342,20
25.016602,25.014595,-0.09466017,0.3023173,0.8607483,1,1,0,-0.0037841797,0.012084961,25.016602,28,185,0,0,255,2,0,1782503400.843342,20
25.017334,25.015078,-0.1465744,0.30232614,0.90057373,1,1,0,-0.005859375,0.012084961,25.017334,28,185,0,0,255,2,0,1782503400.843342,20
25.028078,25.02545,-0.20009789,0.30245596,0.95443726,1,1,0,-0.0079956055,0.012084961,25.028076,28,185,0,0,255,2,0,1782503400.843342,20
25.027098,25.02402,-0.25202045,0.30091673,0.7914734,1,1,0,-0.010070801,0.012023926,25.0271,28,185,0,0,255,2,0,1782503400.843342,20
25.020508,25.016148,-0.3573106,0.3008375,0.82785034,1,1,0,-0.014282227,0.012023926,25.020508,28,185,0,0,255,2,0,1782503400.843342,20
25.02124,25.016085,-0.40923515,0.30084628,1.040863,1,1,0,-0.016357422,0.012023926,25.02124,28,185,0,0,255,2,0,1782503400.843342,20
25.023926,25.019346,-0.10384065,0.46733862,0.67892456,1,1,0,-0.0041503906,0.018676758,25.023926,29,185,1,0,255,2,0,1782503400.843342,20
25.02954,25.02468,-0.15732275,0.4674435,0.7364502,1,1,0,-0.006286621,0.018676758,25.029541,29,185,1,0,255,2,0,1782503400.843342,20
25.026367,25.021128,-0.20922695,0.46738422,0.6840515,1,1,0,-0.008361816,0.018676758,25.026367,29,185,1,0,255,2,0,1782503400.843342,20
25.021729,25.015415,-0.31454146,0.46577066,0.80114746,1,1,0,-0.012573242,0.018615723,25.021729,29,185,1,0,255,2,0,1782503400.843342,20
25.02637,25.019348,-0.36652055,0.465857,0.7127991,1,1,0,-0.0146484375,0.018615723,25.026367,29,185,1,0,255,2,0,1782503400.843342,20
25.028563,25.020702,-0.42000362,0.46589792,0.74053955,1,1,0,-0.016784668,0.018615723,25.028564,29,185,1,0,255,2,0,1782503400.843342,20
25.032225,25.028967,-0.09471456,0.3926403,1.1052856,1,1,0,-0.0037841797,0.015686035,25.032227,60,185,0,0,255,2,0,1782503400.843342,20
25.031738,25.027739,-0.20011619,0.40027073,0.8105469,1,1,0,-0.0079956055,0.015991211,25.031738,60,185,0,0,255,2,0,1782503400.843342,20
25.031004,25.02646,-0.25204504,0.40484175,0.86776733,1,1,0,-0.010070801,0.016174316,25.031006,60,185,0,0,255,2,0,1782503400.843342,20
25.026125,25.020937,-0.3054465,0.40781733,0.71865845,1,1,0,-0.012207031,0.016296387,25.026123,60,185,0,0,255,2,0,1782503400.843342,20
25.019775,25.013826,-0.35727745,0.41229457,0.80792236,1,1,0,-0.014282227,0.016479492,25.019775,60,185,0,0,255,2,0,1782503400.843342,20
25.031492,25.024694,-0.409376,0.41554284,0.84436035,1,1,0,-0.016357422,0.016601562,25.031494,60,185,0,0,255,2,0,1782503400.843342,20
25.027344,25.019886,-0.10537001,0.60179585,0.7425842,1,1,0,-0.004211426,0.024047852,25.027344,61,185,1,0,255,2,0,1782503400.843342,20
25.031736,25.023932,-0.15731806,0.60495627,0.695343,1,1,0,-0.006286621,0.024169922,25.031738,61,185,1,0,255,2,0,1782503400.843342,20
25.029541,25.021244,-0.20922792,0.60948485,0.8422241,1,1,0,-0.008361816,0.024353027,25.029541,61,185,1,0,255,2,0,1782503400.843342,20
25.01953,25.010658,-0.2625727,0.6122943,0.70358276,1,1,0,-0.010498047,0.024475098,25.019531,61,185,1,0,255,2,0,1782503400.843342,20
25.025146,25.015562,-0.3145433,0.6170126,0.6984253,1,1,0,-0.012573242,0.024658203,25.025146,61,185,1,0,255,2,0,1782503400.843342,20
25.029541,25.019173,-0.366518,0.62017536,0.8319702,1,1,0,-0.0146484375,0.024780273,25.029541,61,185,1,0,255,2,0,1782503400.843342,20
25.031738,25.020452,-0.41999942,0.6232845,0.82785034,1,1,0,-0.016784668,0.024902344,25.031738,61,185,1,0,255,2,0,1782503400.843342,20
25.026121,25.020266,-0.094681635,0.53304785,0.7489929,1,1,0,-0.0037841797,0.02130127,25.026123,26,186,0,0,255,2,0,1782503400.943823,21
25.03296,25.026842,-0.1481709,0.53319347,0.85302734,1,1,0,-0.00592041,0.02130127,25.032959,26,186,0,0,255,2,0,1782503400.943823,21
25.03296,25.024729,-0.35743314,0.53319347,0.82528687,1,1,0,-0.014282227,0.02130127,25.032959,26,186,0,0,255,2,0,1782503400.943823,21
25.029055,25.02704,-0.09623482,0.30246776,0.72473145,1,1,0,-0.0038452148,0.012084961,25.029053,28,186,0,0,255,2,0,1782503400.943823,21
25.019775,25.016665,-0.2534734,0.30235565,0.7871399,1,1,0,-0.010131836,0.012084961,25.019775,28,186,0,0,255,2,0,1782503400.943823,21
25.019775,25.016085,-0.3053873,0.30235565,0.7628784,1,1,0,-0.012207031,0.012084961,25.019775,28,186,0,0,255,2,0,1782503400.943823,21
25.0271,25.022738,-0.3574047,0.30091673,0.85302734,1,1,0,-0.014282227,0.012023926,25.0271,28,186,0,0,255,2,0,1782503400.943823,21
25.03076,25.026173,-0.105396494,0.4674663,0.76623535,1,1,0,-0.004211426,0.018676758,25.030762,29,186,1,0,255,2,0,1782503400.943823,21
25.026365,25.021507,-0.15730281,0.46738422,0.78060913,1,1,0,-0.006286621,0.018676758,25.026367,29,186,1,0,255,2,0,1782503400.943823,21
25.01831,25.01306,-0.21068627,0.46723375,0.6624756,1,1,0,-0.008422852,0.018676758,25.01831,29,186,1,0,255,2,0,1782503400.943823,21
25.026367,25.020624,-0.26267734,0.46738422,0.6830139,1,1,0,-0.010498047,0.018676758,25.026367,29,186,1,0,255,2,0,1782503400.943823,21
25.027344,25.021029,-0.31461203,0.46587518,0.78985596,1,1,0,-0.012573242,0.018615723,25.027344,29,186,1,0,255,2,0,1782503400.943823,21
25.022463,25.014603,-0.41990122,0.4657843,0.9050598,1,1,0,-0.016784668,0.018615723,25.02246,29,186,1,0,255,2,0,1782503400.943823,21
25.03125,25.027225,-0.20011209,0.40179053,0.82528687,1,1,0,-0.0079956055,0.016052246,25.03125,60,186,0,0,255,2,0,1782503400.943823,21
25.032225,25.027657,-0.25205708,0.40638915,0.85736084,1,1,0,-0.010070801,0.016235352,25.032227,60,186,0,0,255,2,0,1782503400.943823,21
25.033936,25.02872,-0.30554155,0.40947238,0.7810669,1,1,0,-0.012207031,0.016357422,25.033936,60,186,0,0,255,2,0,1782503400.943823,21
25.026367,25.018946,-0.10536605,0.6002453,0.83813477,1,1,0,-0.004211426,0.023986816,25.026367,61,186,1,0,255,2,0,1782503400.943823,21
25.032959,25.025152,-0.15732573,0.6049858,0.9428711,1,1,0,-0.006286621,0.024169922,25.032959,61,186,1,0,255,2,0,1782503400.943823,21
25.021482,25.013226,-0.20916088,0.6077619,0.8065491,1,1,0,-0.008361816,0.024291992,25.021484,61,186,1,0,255,2,0,1782503400.943823,21
25.02295,25.01256,-0.36794809,0.62001204,0.7425842,1,1,0,-0.014709473,0.024780273,25.02295,61,186,1,0,255,2,0,1782503400.943823,21
25.025148,25.013865,-0.41988882,0.62312037,0.75390625,1,1,0,-0.016784668,0.024902344,25.025146,61,186,1,0,255,2,0,1782503400.943823,21
25.03247,25.026613,-0.094705656,0.5331831,0.93969727,1,1,0,-0.0037841797,0.02130127,25.03247,26,187,0,0,255,2,0,1782503401.0437346,22
25.031006,25.024899,-0.14663194,0.53315187,0.72299194,1,1,0,-0.005859375,0.02130127,25.031006,26,187,0,0,255,2,0,1782503401.0437346,22
25.029053,25.022575,-0.20007491,0.53311026,0.72906494,1,1,0,-0.0079956055,0.02130127,25.029053,26,187,0,0,255,2,0,1782503401.0437346,22
25.031248,25.024302,-0.25202328,0.53315705,0.70043945,1,1,0,-0.010070801,0.02130127,25.03125,26,187,0,0,255,2,0,1782503401.0437346,22
25.03296,25.025434,-0.30397376,0.53319347,0.7975464,1,1,0,-0.012145996,0.02130127,25.032959,26,187,0,0,255,2,0,1782503401.0437346,22
25.032715,25.023687,-0.4093595,0.5331883,0.8009949,1,1,0,-0.016357422,0.02130127,25.032715,26,187,0,0,255,2,0,1782503401.0437346,22
25.03003,25.027763,-0.14817636,0.30247957,0.93969727,1,1,0,-0.00592041,0.012084961,25.03003,28,187,0,0,255,2,0,1782503401.0437346,22
25.032715,25.02904,-0.30554545,0.30098426,0.85736084,1,1,0,-0.012207031,0.012023926,25.032715,28,187,0,0,255,2,0,1782503401.0437346,22
25.031004,25.02662,-0.358988,0.3009637,0.83828735,1,1,0,-0.014343262,0.012023926,25.031006,28,187,0,0,255,2,0,1782503401.0437346,22
25.023926,25.01934,-0.10536771,0.46733862,0.7846985,1,1,0,-0.004211426,0.018676758,25.023926,29,187,1,0,255,2,0,1782503401.0437346,22
25.021727,25.016869,-0.15727365,0.46729758,0.7333679,1,1,0,-0.006286621,0.018676758,25.021729,29,187,1,0,255,2,0,1782503401.0437346,22
25.027344,25.0203,-0.36806196,0.46587518,0.8442688,1,1,0,-0.014709473,0.018615723,25.027344,29,187,1,0,255,2,0,1782503401.0437346,22
25.016846,25.008987,-0.419807,0.46567976,0.80041504,1,1,0,-0.016784668,0.018615723,25.016846,29,187,1,0,255,2,0,1782503401.0437346,22
25.032227,25.028986,-0.0962423,0.39111263,0.85302734,1,1,0,-0.0038452148,0.015625,25.032227,60,187,0,0,255,2,0,1782503401.0437346,22
25.029055,25.025488,-0.14816289,0.39564544,0.85910034,1,1,0,-0.00592041,0.015808105,25.029053,60,187,0,0,255,2,0,1782503401.0437346,22
25.03125,25.027262,-0.20164001,0.39873534,0.84002686,1,1,0,-0.008056641,0.015930176,25.03125,60,187,0,0,255,2,0,1782503401.0437346,22
25.031738,25.027205,-0.2535802,0.403326,0.7749939,1,1,0,-0.010131836,0.016113281,25.031738,60,187,0,0,255,2,0,1782503401.0437346,22
25.031248,25.026085,-0.30550936,0.4063733,0.7940674,1,1,0,-0.012207031,0.016235352,25.03125,60,187,0,0,255,2,0,1782503401.0437346,22
25.031006,25.025057,-0.35896558,0.41095203,0.661438,1,1,0,-0.014343262,0.016418457,25.031006,60,187,0,0,255,2,0,1782503401.0437346,22
25.031982,25.025187,-0.41091186,0.4140233,0.7810669,1,1,0,-0.016418457,0.016540527,25.031982,60,187,0,0,255,2,0,1782503401.0437346,22
25.026367,25.018517,-0.15881106,0.60635346,0.750824,1,1,0,-0.0063476562,0.024230957,25.026367,61,187,1,0,255,2,0,1782503401.0437346,22
25.026367,25.018059,-0.21072838,0.6094076,0.7693176,1,1,0,-0.008422852,0.024353027,25.026367,61,187,1,0,255,2,0,1782503401.0437346,22
25.02954,25.020628,-0.26267737,0.6140665,0.76828,1,1,0,-0.010498047,0.024536133,25.029541,61,187,1,0,255,2,0,1782503401.0437346,22
25.02295,25.013346,-0.31604236,0.61695844,0.68917847,1,1,0,-0.012634277,0.024658203,25.02295,61,187,1,0,255,2,0,1782503401.0437346,22
25.026365,25.015938,-0.3679978,0.62162375,0.7744446,1,1,0,-0.014709473,0.024841309,25.026367,61,187,1,0,255,2,0,1782503401.0437346,22
25.02856,25.017214,-0.42147243,0.6247327,0.82373047,1,1,0,-0.016845703,0.024963379,25.028564,61,187,1,0,255,2,0,1782503401.0437346,22
25.031738,25.025621,-0.14816368,0.5331675,0.83306885,1,1,0,-0.00592041,0.02130127,25.031738,26,188,0,0,255,2,0,1782503401.1437016,23
25.03296,25.026482,-0.20010614,0.53319347,0.70739746,1,1,0,-0.0079956055,0.02130127,25.032959,26,188,0,0,255,2,0,1782503401.1437016,23
25.03418,25.027216,-0.2535803,0.53321946,0.7325134,1,1,0,-0.010131836,0.02130127,25.03418,26,188,0,0,255,2,0,1782503401.1437016,23
25.0271,25.01805,-0.41079468,0.53306866,0.8088074,1,1,0,-0.016418457,0.02130127,25.0271,26,188,0,0,255,2,0,1782503401.1437016,23
25.032228,25.030231,-0.09166385,0.30250612,0.7828064,1,1,0,-0.0036621094,0.012084961,25.032227,28,188,0,0,255,2,0,1782503401.1437016,23
25.032227,25.029978,-0.14513394,0.30250612,0.8088074,1,1,0,-0.00579834,0.012084961,25.032227,28,188,0,0,255,2,0,1782503401.1437016,23
25.032713,25.030128,-0.19707967,0.30098426,0.7845459,1,1,0,-0.007873535,0.012023926,25.032715,28,188,0,0,255,2,0,1782503401.1437016,23
25.031006,25.027958,-0.24900462,0.3009637,0.7533264,1,1,0,-0.0099487305,0.012023926,25.031006,28,188,0,0,255,2,0,1782503401.1437016,23
25.01831,25.014675,-0.3023161,0.30081105,0.8373718,1,1,0,-0.012084961,0.012023926,25.01831,28,188,0,0,255,2,0,1782503401.1437016,23
25.031736,25.027418,-0.35441586,0.30097252,1.0732117,1,1,0,-0.014160156,0.012023926,25.031738,28,188,0,0,255,2,0,1782503401.1437016,23
25.032469,25.027336,-0.40789127,0.3009813,0.7680664,1,1,0,-0.016296387,0.012023926,25.03247,28,188,0,0,255,2,0,1782503401.1437016,23
25.020752,25.01618,-0.10230062,0.46727934,0.6265259,1,1,0,-0.0040893555,0.018676758,25.020752,29,188,1,0,255,2,0,1782503401.1437016,23
25.019531,25.014692,-0.15420629,0.46725655,0.68200684,1,1,0,-0.006164551,0.018676758,25.019531,29,188,1,0,255,2,0,1782503401.1437016,23
25.027342,25.02213,-0.20618066,0.46740246,0.6984253,1,1,0,-0.008239746,0.018676758,25.027344,29,188,1,0,255,2,0,1782503401.1437016,23
25.023926,25.018244,-0.25959802,0.46581158,0.6984253,1,1,0,-0.010375977,0.018615723,25.023926,29,188,1,0,255,2,0,1782503401.1437016,23
25.032957,25.02668,-0.31162763,0.46597973,0.82785034,1,1,0,-0.012451172,0.018615723,25.032959,29,188,1,0,255,2,0,1782503401.1437016,23
25.026367,25.01937,-0.3649935,0.465857,0.8792114,1,1,0,-0.014587402,0.018615723,25.026367,29,188,1,0,255,2,0,1782503401.1437016,23
25.027344,25.019533,-0.416929,0.46587518,0.68096924,1,1,0,-0.016662598,0.018615723,25.027344,29,188,1,0,255,2,0,1782503401.1437016,23
25.03125,25.027979,-0.097766034,0.39262497,0.7637329,1,1,0,-0.00390625,0.015686035,25.03125,60,188,0,0,255,2,0,1782503401.1437016,23
25.03247,25.028872,-0.14971061,0.3972271,0.7749939,1,1,0,-0.0059814453,0.01586914,25.03247,60,188,0,0,255,2,0,1782503401.1437016,23
25.032957,25.028933,-0.20318122,0.40029025,0.7845459,1,1,0,-0.008117676,0.015991211,25.032959,60,188,0,0,255,2,0,1782503401.1437016,23
25.032715,25.02814,-0.25511742,0.40486938,0.85302734,1,1,0,-0.010192871,0.016174316,25.032715,60,188,0,0,255,2,0,1782503401.1437016,23
25.032713,25.027506,-0.30705452,0.40792477,0.73773193,1,1,0,-0.012268066,0.016296387,25.032715,60,188,0,0,255,2,0,1782503401.1437016,23
25.031006,25.02501,-0.36049262,0.4124796,0.84869385,1,1,0,-0.014404297,0.016479492,25.031006,60,188,0,0,255,2,0,1782503401.1437016,23
25.033201,25.026354,-0.41245896,0.4155712,0.86169434,1,1,0,-0.016479492,0.016601562,25.033203,60,188,0,0,255,2,0,1782503401.1437016,23
25.021727,25.014227,-0.10687296,0.60318756,0.6881714,1,1,0,-0.004272461,0.024108887,25.021729,61,188,1,0,255,2,0,1782503401.1437016,23
25.02075,25.012856,-0.16030188,0.6077441,0.65426636,1,1,0,-0.0064086914,0.024291992,25.020752,61,188,1,0,255,2,0,1782503401.1437016,23
25.021484,25.013126,-0.21221364,0.6108154,0.85580444,1,1,0,-0.008483887,0.024414062,25.021484,61,188,1,0,255,2,0,1782503401.1437016,23
25.031738,25.022772,-0.2642273,0.6156478,0.8360596,1,1,0,-0.010559082,0.024597168,25.031738,61,188,1,0,255,2,0,1782503401.1437016,23
25.032959,25.023294,-0.31769562,0.61873263,0.8483887,1,1,0,-0.0126953125,0.024719238,25.032959,61,188,1,0,255,2,0,1782503401.1437016,23
25.025146,25.014658,-0.36950606,0.62312037,0.79086304,1,1,0,-0.014770508,0.024902344,25.025146,61,188,1,0,255,2,0,1782503401.1437016,23
25.027344,25.015932,-0.42297813,0.6262292,0.7693176,1,1,0,-0.016906738,0.025024414,25.027344,61,188,1,0,255,2,0,1782503401.1437016,23
25.032719,25.026834,-0.10081665,0.5331883,0.83306885,1,1,0,-0.0040283203,0.02130127,25.032715,26,189,0,0,255,2,0,1782503401.243801,24
25.032715,25.02657,-0.15275197,0.5331883,0.8070679,1,1,0,-0.0061035156,0.02130127,25.032715,26,189,0,0,255,2,0,1782503401.243801,24
25.03247,25.025955,-0.20468462,0.5331831,0.68136597,1,1,0,-0.008178711,0.02130127,25.03247,26,189,0,0,255,2,0,1782503401.243801,24
25.03125,25.02424,-0.25813273,0.53315705,0.8105469,1,1,0,-0.010314941,0.02130127,25.03125,26,189,0,0,255,2,0,1782503401.243801,24
25.0271,25.0195,-0.3100109,0.53306866,0.7533264,1,1,0,-0.012390137,0.02130127,25.0271,26,189,0,0,255,2,0,1782503401.243801,24
25.031738,25.02342,-0.36352494,0.5331675,0.7342529,1,1,0,-0.014526367,0.02130127,25.031738,26,189,0,0,255,2,0,1782503401.243801,24
25.034178,25.025051,-0.41549313,0.53321946,0.71432495,1,1,0,-0.016601562,0.02130127,25.03418,26,189,0,0,255,2,0,1782503401.243801,24
25.032957,25.030684,-0.14972144,0.30251497,0.69869995,1,1,0,-0.0059814453,0.012084961,25.032959,28,189,0,0,255,2,0,1782503401.243801,24
25.034182,25.03154,-0.20167448,0.30252972,0.83654785,1,1,0,-0.008056641,0.012084961,25.03418,28,189,0,0,255,2,0,1782503401.243801,24
25.03296,25.029848,-0.25360698,0.30251497,0.85736084,1,1,0,-0.010131836,0.012084961,25.032959,28,189,0,0,255,2,0,1782503401.243801,24
25.034178,25.028996,-0.4109744,0.30100188,0.83828735,1,1,0,-0.016418457,0.012023926,25.03418,28,189,0,0,255,2,0,1782503401.243801,24
25.031738,25.027143,-0.10692815,0.46748453,0.8196411,1,1,0,-0.004272461,0.018676758,25.031738,29,189,1,0,255,2,0,1782503401.243801,24
25.030762,25.025892,-0.15885788,0.4674663,0.868927,1,1,0,-0.0063476562,0.018676758,25.030762,29,189,1,0,255,2,0,1782503401.243801,24
25.015871,25.01062,-0.21066572,0.46718815,0.72958374,1,1,0,-0.008422852,0.018676758,25.01587,29,189,1,0,255,2,0,1782503401.243801,24
25.032959,25.027199,-0.26427406,0.46750733,0.8319702,1,1,0,-0.010559082,0.018676758,25.032959,29,189,1,0,255,2,0,1782503401.243801,24
25.019285,25.012926,-0.31603706,0.467252,0.82092285,1,1,0,-0.012634277,0.018676758,25.019287,29,189,1,0,255,2,0,1782503401.243801,24
25.023926,25.016884,-0.3680117,0.46581158,0.66864014,1,1,0,-0.014709473,0.018615723,25.023926,29,189,1,0,255,2,0,1782503401.243801,24
25.015867,25.007984,-0.42131692,0.4656616,0.6864929,1,1,0,-0.016845703,0.018615723,25.01587,29,189,1,0,255,2,0,1782503401.243801,24
25.026121,25.02284,-0.09469137,0.39407185,0.8044739,1,1,0,-0.0037841797,0.01574707,25.026123,60,189,0,0,255,2,0,1782503401.243801,24
25.033937,25.030355,-0.14666392,0.39725035,0.8105469,1,1,0,-0.005859375,0.01586914,25.033936,60,189,0,0,255,2,0,1782503401.243801,24
25.03125,25.027237,-0.19858454,0.40179053,0.7862549,1,1,0,-0.00793457,0.016052246,25.03125,60,189,0,0,255,2,0,1782503401.243801,24
25.032469,25.027925,-0.2520598,0.40486544,0.7663269,1,1,0,-0.010070801,0.016174316,25.03247,60,189,0,0,255,2,0,1782503401.243801,24
25.029055,25.023859,-0.30395463,0.4093925,0.673584,1,1,0,-0.012145996,0.016357422,25.029053,60,189,0,0,255,2,0,1782503401.243801,24
25.031248,25.024426,-0.40937158,0.41706634,0.7749939,1,1,0,-0.016357422,0.016662598,25.03125,60,189,0,0,255,2,0,1782503401.243801,24
25.02637,25.018843,-0.10383856,0.60482645,0.7127991,1,1,0,-0.0041503906,0.024169922,25.026367,61,189,1,0,255,2,0,1782503401.243801,24
25.025146,25.017279,-0.15574923,0.60785085,0.6748047,1,1,0,-0.006225586,0.024291992,25.025146,61,189,1,0,255,2,0,1782503401.243801,24
25.027342,25.018972,-0.20920892,0.6124855,0.9778137,1,1,0,-0.008361816,0.024475098,25.027344,61,189,1,0,255,2,0,1782503401.243801,24
25.027344,25.01841,-0.26112694,0.61553967,0.7693176,1,1,0,-0.010437012,0.024597168,25.027344,61,189,1,0,255,2,0,1782503401.243801,24
25.026365,25.016743,-0.31455815,0.61856973,0.7970276,1,1,0,-0.012573242,0.024719238,25.026367,61,189,1,0,255,2,0,1782503401.243801,24
25.028564,25.01812,-0.36650255,0.6232055,0.86483765,1,1,0,-0.0146484375,0.024902344,25.028564,61,189,1,0,255,2,0,1782503401.243801,24
25.025146,25.013813,-0.4183608,0.6261743,0.8340149,1,1,0,-0.016723633,0.025024414,25.025146,61,189,1,0,255,2,0,1782503401.243801,24
25.032715,25.026817,-0.096233964,0.53471583,0.72732544,1,1,0,-0.0038452148,0.021362305,25.032715,26,190,0,0,255,2,0,1782503401.3434274,25
25.032228,25.025736,-0.20162772,0.53317785,0.69610596,1,1,0,-0.008056641,0.02130127,25.032227,26,190,0,0,255,2,0,1782503401.3434274,25
25.027098,25.019537,-0.30695677,0.53306866,0.8044739,1,1,0,-0.012268066,0.02130127,25.0271,26,190,0,0,255,2,0,1782503401.3434274,25
25.028074,25.019823,-0.3588905,0.53308946,0.69869995,1,1,0,-0.014343262,0.02130127,25.028076,26,190,0,0,255,2,0,1782503401.3434274,25
25.019775,25.017769,-0.09467218,0.30235565,1.0980225,1,1,0,-0.0037841797,0.012084961,25.019775,28,190,0,0,255,2,0,1782503401.3434274,25
25.022705,25.02044,-0.148133,0.30239105,0.87719727,1,1,0,-0.00592041,0.012084961,25.022705,28,190,0,0,255,2,0,1782503401.3434274,25
25.031252,25.028624,-0.20012327,0.30249432,0.7879944,1,1,0,-0.0079956055,0.012084961,25.03125,28,190,0,0,255,2,0,1782503401.3434274,25
25.033203,25.03009,-0.25360945,0.30251792,0.81399536,1,1,0,-0.010131836,0.012084961,25.033203,28,190,0,0,255,2,0,1782503401.3434274,25
25.031008,25.025824,-0.41092232,0.3009637,0.7845459,1,1,0,-0.016418457,0.012023926,25.031006,28,190,0,0,255,2,0,1782503401.3434274,25
25.02295,25.018364,-0.1053636,0.46732038,0.80319214,1,1,0,-0.004211426,0.018676758,25.02295,29,190,1,0,255,2,0,1782503401.3434274,25
25.022947,25.01809,-0.15728132,0.46732038,0.7836914,1,1,0,-0.006286621,0.018676758,25.02295,29,190,1,0,255,2,0,1782503401.3434274,25
25.025148,25.019896,-0.21074384,0.46736142,0.75183105,1,1,0,-0.008422852,0.018676758,25.025146,29,190,1,0,255,2,0,1782503401.3434274,25
25.020264,25.01452,-0.26261327,0.46727023,0.8045044,1,1,0,-0.010498047,0.018676758,25.020264,29,190,1,0,255,2,0,1782503401.3434274,25
25.031738,25.025423,-0.31466728,0.465957,0.8196411,1,1,0,-0.012573242,0.018615723,25.031738,29,190,1,0,255,2,0,1782503401.3434274,25
25.029541,25.022497,-0.36809427,0.4659161,0.8545532,1,1,0,-0.014709473,0.018615723,25.029541,29,190,1,0,255,2,0,1782503401.3434274,25
25.02124,25.017954,-0.09619988,0.39399496,0.8009949,1,1,0,-0.0038452148,0.01574707,25.02124,60,190,0,0,255,2,0,1782503401.3434274,25
25.033934,25.03031,-0.14971921,0.3987781,0.7550659,1,1,0,-0.0059814453,0.015930176,25.033936,60,190,0,0,255,2,0,1782503401.3434274,25
25.031006,25.025774,-0.30703327,0.40942445,0.83828735,1,1,0,-0.012268066,0.016357422,25.031006,60,190,0,0,255,2,0,1782503401.3434274,25
25.017334,25.01134,-0.3587688,0.41378102,0.87112427,1,1,0,-0.014343262,0.016540527,25.017334,60,190,0,0,255,2,0,1782503401.3434274,25
25.021729,25.014883,-0.4107427,0.4169077,0.87286377,1,1,0,-0.016418457,0.016662598,25.021729,60,190,0,0,255,2,0,1782503401.3434274,25
25.020264,25.0128,-0.10686687,0.6016256,0.93481445,1,1,0,-0.004272461,0.024047852,25.020264,61,190,1,0,255,2,0,1782503401.3434274,25
25.027344,25.019035,-0.2107366,0.6094314,0.6860962,1,1,0,-0.008422852,0.024353027,25.027344,61,190,1,0,255,2,0,1782503401.3434274,25
25.030762,25.02187,-0.2642178,0.61256915,0.8565979,1,1,0,-0.010559082,0.024475098,25.030762,61,190,1,0,255,2,0,1782503401.3434274,25
25.032959,25.023352,-0.31616879,0.6172052,0.86483765,1,1,0,-0.012634277,0.024658203,25.032959,61,190,1,0,255,2,0,1782503401.3434274,25
25.025146,25.014757,-0.36798042,0.62006646,0.67276,1,1,0,-0.014709473,0.024780273,25.025146,61,190,1,0,255,2,0,1782503401.3434274,25
25.030762,25.019411,-0.42150944,0.6247875,0.82785034,1,1,0,-0.016845703,0.024963379,25.030762,61,190,1,0,255,2,0,1782503401.3434274,25
25.025146,25.019032,-0.14812467,0.53302705,0.71258545,1,1,0,-0.00592041,0.02130127,25.025146,26,191,0,0,255,2,0,1782503401.4459722,26
25.033447,25.025217,-0.3574401,0.5332039,0.7472534,1,1,0,-0.014282227,0.02130127,25.033447,26,191,0,0,255,2,0,1782503401.4459722,26
25.0271,25.018074,-0.40926766,0.53306866,0.8105469,1,1,0,-0.016357422,0.02130127,25.0271,26,191,0,0,255,2,0,1782503401.4459722,26
25.016602,25.01459,-0.09618694,0.3023173,0.8338928,1,1,0,-0.0038452148,0.012084961,25.016602,28,191,0,0,255,2,0,1782503401.4459722,26
25.032715,25.030449,-0.14819226,0.30251202,0.85910034,1,1,0,-0.00592041,0.012084961,25.032715,28,191,0,0,255,2,0,1782503401.4459722,26
25.02124,25.018614,-0.20004323,0.30237335,0.7698059,1,1,0,-0.0079956055,0.012084961,25.02124,28,191,0,0,255,2,0,1782503401.4459722,26
25.021242,25.018148,-0.25348845,0.30084628,0.69351196,1,1,0,-0.010131836,0.012023926,25.02124,28,191,0,0,255,2,0,1782503401.4459722,26
25.019289,25.014927,-0.35729316,0.3008228,0.8460083,1,1,0,-0.014282227,0.012023926,25.019287,28,191,0,0,255,2,0,1782503401.4459722,26
25.019531,25.01435,-0.41073397,0.30082574,0.82437134,1,1,0,-0.016418457,0.012023926,25.019531,28,191,0,0,255,2,0,1782503401.4459722,26
25.022951,25.017698,-0.21072534,0.46732038,0.7210388,1,1,0,-0.008422852,0.018676758,25.02295,29,191,1,0,255,2,0,1782503401.4459722,26
25.032959,25.025913,-0.36814454,0.46597973,1.0435486,1,1,0,-0.014709473,0.018615723,25.032959,29,191,1,0,255,2,0,1782503401.4459722,26
25.0271,25.02377,-0.09469489,0.39714187,0.71951294,1,1,0,-0.0037841797,0.01586914,25.0271,60,191,0,0,255,2,0,1782503401.4459722,26
25.034668,25.031038,-0.14666791,0.40031758,0.8703613,1,1,0,-0.005859375,0.015991211,25.034668,60,191,0,0,255,2,0,1782503401.4459722,26
25.03125,25.027176,-0.20011169,0.40484568,0.70132446,1,1,0,-0.0079956055,0.016174316,25.03125,60,191,0,0,255,2,0,1782503401.4459722,26
25.032469,25.027876,-0.25205928,0.40792078,0.5132141,1,1,0,-0.010070801,0.016296387,25.03247,60,191,0,0,255,2,0,1782503401.4459722,26
25.03247,25.027225,-0.30399552,0.41250375,0.8027344,1,1,0,-0.012145996,0.016479492,25.03247,60,191,0,0,255,2,0,1782503401.4459722,26
25.033205,25.0272,-0.35746846,0.4155712,0.8894348,1,1,0,-0.014282227,0.016601562,25.033203,60,191,0,0,255,2,0,1782503401.4459722,26
25.03247,25.025597,-0.40939075,0.420142,0.7472534,1,1,0,-0.016357422,0.016784668,25.03247,60,191,0,0,255,2,0,1782503401.4459722,26
25.025143,25.017303,-0.15727639,0.6063239,0.6974182,1,1,0,-0.006286621,0.024230957,25.025146,61,191,1,0,255,2,0,1782503401.4459722,26
25.025146,25.01625,-0.2611044,0.6139587,0.7846985,1,1,0,-0.010437012,0.024536133,25.025146,61,191,1,0,255,2,0,1782503401.4459722,26
25.025145,25.015522,-0.3145428,0.6185395,0.6850891,1,1,0,-0.012573242,0.024719238,25.025146,61,191,1,0,255,2,0,1782503401.4459722,26
25.023926,25.013521,-0.3664352,0.62156314,0.82580566,1,1,0,-0.0146484375,0.024841309,25.023926,61,191,1,0,255,2,0,1782503401.4459722,26
25.023924,25.01263,-0.418341,0.62461686,0.8565979,1,1,0,-0.016723633,0.024963379,25.023926,61,191,1,0,255,2,0,1782503401.4459722,26
25.032717,25.026846,-0.09776161,0.5331883,0.84262085,1,1,0,-0.00390625,0.02130127,25.032715,26,192,0,0,255,2,0,1782503401.5444167,27
25.031982,25.02373,-0.35894653,0.53317267,0.7680664,1,1,0,-0.014343262,0.02130127,25.031982,26,192,0,0,255,2,0,1782503401.5444167,27
25.031984,25.022905,-0.41240215,0.53317267,0.69610596,1,1,0,-0.016479492,0.02130127,25.031982,26,192,0,0,255,2,0,1782503401.5444167,27
25.03247,25.030447,-0.09930345,0.30250907,0.9293213,1,1,0,-0.003967285,0.012084961,25.03247,28,192,0,0,255,2,0,1782503401.5444167,27
25.031984,25.0297,-0.1512433,0.30250317,0.8070679,1,1,0,-0.0060424805,0.012084961,25.031982,28,192,0,0,255,2,0,1782503401.5444167,27
25.031006,25.028358,-0.20470427,0.3009637,0.82702637,1,1,0,-0.008178711,0.012023926,25.031006,28,192,0,0,255,2,0,1782503401.5444167,27
25.031248,25.028124,-0.25664502,0.30096665,0.93969727,1,1,0,-0.010253906,0.012023926,25.03125,28,192,0,0,255,2,0,1782503401.5444167,27
25.016602,25.012873,-0.30992877,0.30079052,0.7888794,1,1,0,-0.012390137,0.012023926,25.016602,28,192,0,0,255,2,0,1782503401.5444167,27
25.032227,25.027798,-0.36206064,0.3009784,0.7307739,1,1,0,-0.014465332,0.012023926,25.032227,28,192,0,0,255,2,0,1782503401.5444167,27
25.021486,25.016254,-0.41381976,0.30084923,0.9282837,1,1,0,-0.016540527,0.012023926,25.021484,28,192,0,0,255,2,0,1782503401.5444167,27
25.025146,25.020718,-0.056504406,0.46736142,0.76828,1,1,0,-0.0022583008,0.018676758,25.025146,29,192,1,0,255,2,0,1782503401.5444167,27
25.01587,25.011272,-0.108386934,0.46718815,0.7839966,1,1,0,-0.004333496,0.018676758,25.01587,29,192,1,0,255,2,0,1782503401.5444167,27
25.021484,25.016598,-0.16185279,0.46729302,0.89276123,1,1,0,-0.0064697266,0.018676758,25.021484,29,192,1,0,255,2,0,1782503401.5444167,27
25.020264,25.015015,-0.21375655,0.4657434,0.703949,1,1,0,-0.008544922,0.018615723,25.020264,29,192,1,0,255,2,0,1782503401.5444167,27
25.009766,25.004005,-0.26708177,0.46554798,0.80581665,1,1,0,-0.010681152,0.018615723,25.009766,29,192,1,0,255,2,0,1782503401.5444167,27
25.016846,25.010475,-0.31905964,0.46567976,0.7029114,1,1,0,-0.012756348,0.018615723,25.016846,29,192,1,0,255,2,0,1782503401.5444167,27
25.01831,25.011225,-0.37098223,0.46570703,0.6213989,1,1,0,-0.014831543,0.018615723,25.01831,29,192,1,0,255,2,0,1782503401.5444167,27
25.023926,25.01599,-0.42450637,0.46581158,0.6748047,1,1,0,-0.016967773,0.018615723,25.023926,29,192,1,0,255,2,0,1782503401.5444167,27
25.031248,25.027943,-0.094710685,0.3956802,0.71606445,1,1,0,-0.0037841797,0.015808105,25.03125,60,192,0,0,255,2,0,1782503401.5444167,27
25.026123,25.022484,-0.14814511,0.40018097,0.7568054,1,1,0,-0.00592041,0.015991211,25.026123,60,192,0,0,255,2,0,1782503401.5444167,27
25.03125,25.0272,-0.2001119,0.40331814,0.84436035,1,1,0,-0.0079956055,0.016113281,25.03125,60,192,0,0,255,2,0,1782503401.5444167,27
25.032715,25.028107,-0.25358933,0.40792477,0.7975464,1,1,0,-0.010131836,0.016296387,25.032715,60,192,0,0,255,2,0,1782503401.5444167,27
25.031982,25.026743,-0.3055174,0.41096807,0.7637329,1,1,0,-0.012207031,0.016418457,25.031982,60,192,0,0,255,2,0,1782503401.5444167,27
25.032715,25.026712,-0.35746148,0.4155631,0.7897339,1,1,0,-0.014282227,0.016601562,25.032715,60,192,0,0,255,2,0,1782503401.5444167,27
25.031738,25.024866,-0.41090658,0.41860205,0.87384033,1,1,0,-0.016418457,0.016723633,25.031738,60,192,0,0,255,2,0,1782503401.5444167,27
25.02246,25.014154,-0.21069549,0.6093125,0.85787964,1,1,0,-0.008422852,0.024353027,25.02246,61,192,1,0,255,2,0,1782503401.5444167,27
25.028564,25.019651,-0.26266712,0.6140426,0.8340149,1,1,0,-0.010498047,0.024536133,25.028564,61,192,1,0,255,2,0,1782503401.5444167,27
25.02246,25.012877,-0.31450954,0.6169464,0.8291321,1,1,0,-0.012573242,0.024658203,25.02246,61,192,1,0,255,2,0,1782503401.5444167,27
25.020262,25.009836,-0.36790803,0.6214722,0.87838745,1,1,0,-0.014709473,0.024841309,25.020264,61,192,1,0,255,2,0,1782503401.5444167,27
25.031736,25.020412,-0.41999876,0.6248119,0.76828,1,1,0,-0.016784668,0.024963379,25.031738,61,192,1,0,255,2,0,1782503401.5444167,27
25.03418,25.028309,-0.09776732,0.53321946,0.71343994,1,1,0,-0.00390625,0.02130127,25.03418,26,193,0,0,255,2,0,1782503401.6444485,28
25.034668,25.028175,-0.20164737,0.5332299,0.7698059,1,1,0,-0.008056641,0.02130127,25.034668,26,193,0,0,255,2,0,1782503401.6444485,28
25.031982,25.023706,-0.36047384,0.53317267,0.7619934,1,1,0,-0.014404297,0.02130127,25.031982,26,193,0,0,255,2,0,1782503401.6444485,28
25.035156,25.026077,-0.4124544,0.53324026,1.0567322,1,1,0,-0.016479492,0.02130127,25.035156,26,193,0,0,255,2,0,1782503401.6444485,28
25.032715,25.030714,-0.0931934,0.30251202,0.7897339,1,1,0,-0.0037231445,0.012084961,25.032715,28,193,0,0,255,2,0,1782503401.6444485,28
25.026123,25.023874,-0.14509855,0.30243236,1.0081787,1,1,0,-0.00579834,0.012084961,25.026123,28,193,0,0,255,2,0,1782503401.6444485,28
25.032715,25.0301,-0.19860727,0.30251202,0.7637329,1,1,0,-0.00793457,0.012084961,25.032715,28,193,0,0,255,2,0,1782503401.6444485,28
25.031248,25.028185,-0.25053465,0.30096665,0.7325134,1,1,0,-0.010009766,0.012023926,25.03125,28,193,0,0,255,2,0,1782503401.6444485,28
25.032469,25.028814,-0.30401483,0.3009813,0.85128784,1,1,0,-0.012145996,0.012023926,25.03247,28,193,0,0,255,2,0,1782503401.6444485,28
25.025145,25.020805,-0.35584965,0.30089325,1.0714722,1,1,0,-0.014221191,0.012023926,25.025146,28,193,0,0,255,2,0,1782503401.6444485,28
25.034178,25.029045,-0.40791914,0.30100188,1.0714722,1,1,0,-0.016296387,0.012023926,25.03418,28,193,0,0,255,2,0,1782503401.6444485,28
25.02637,25.021795,-0.102323584,0.46738422,0.76828,1,1,0,-0.0040893555,0.018676758,25.026367,29,193,1,0,255,2,0,1782503401.6444485,28
25.02637,25.021519,-0.15577564,0.46738422,0.73028564,1,1,0,-0.006225586,0.018676758,25.026367,29,193,1,0,255,2,0,1782503401.6444485,28
25.030762,25.025562,-0.20773649,0.4659388,0.67993164,1,1,0,-0.008300781,0.018615723,25.030762,29,193,1,0,255,2,0,1782503401.6444485,28
25.030762,25.02506,-0.26119635,0.4659388,0.7846985,1,1,0,-0.010437012,0.018615723,25.030762,29,193,1,0,255,2,0,1782503401.6444485,28
25.03296,25.026663,-0.3131551,0.46597973,0.7477417,1,1,0,-0.012512207,0.018615723,25.032959,29,193,1,0,255,2,0,1782503401.6444485,28
25.028563,25.021564,-0.36502552,0.46589792,0.88742065,1,1,0,-0.014587402,0.018615723,25.028564,29,193,1,0,255,2,0,1782503401.6444485,28
25.030762,25.022924,-0.4185132,0.4659388,0.81347656,1,1,0,-0.016723633,0.018615723,25.030762,29,193,1,0,255,2,0,1782503401.6444485,28
25.031252,25.027908,-0.09776576,0.39720774,0.70477295,1,1,0,-0.00390625,0.01586914,25.03125,60,193,0,0,255,2,0,1782503401.6444485,28
25.033445,25.029774,-0.149716,0.40182582,0.7940674,1,1,0,-0.0059814453,0.016052246,25.033447,60,193,0,0,255,2,0,1782503401.6444485,28
25.03247,25.028383,-0.20164904,0.40486544,1.0159912,1,1,0,-0.008056641,0.016174316,25.03247,60,193,0,0,255,2,0,1782503401.6444485,28
25.03003,25.025381,-0.2550893,0.40940848,0.85910034,1,1,0,-0.010192871,0.016357422,25.03003,60,193,0,0,255,2,0,1782503401.6444485,28
25.033203,25.02792,-0.30705962,0.41251582,0.8781738,1,1,0,-0.012268066,0.016479492,25.033203,60,193,0,0,255,2,0,1782503401.6444485,28
25.031248,25.025177,-0.36049503,0.41706634,0.70739746,1,1,0,-0.014404297,0.016662598,25.03125,60,193,0,0,255,2,0,1782503401.6444485,28
25.032713,25.02579,-0.41244966,0.42014608,0.7680664,1,1,0,-0.016479492,0.016784668,25.032715,60,193,0,0,255,2,0,1782503401.6444485,28
25.030762,25.023222,-0.10691139,0.60493267,0.7610779,1,1,0,-0.004272461,0.024169922,25.030762,61,193,1,0,255,2,0,1782503401.6444485,28
25.030762,25.022873,-0.15883872,0.6079872,0.8565979,1,1,0,-0.0063476562,0.024291992,25.030762,61,193,1,0,255,2,0,1782503401.6444485,28
25.030762,25.022364,-0.212292,0.61256915,0.8915405,1,1,0,-0.008483887,0.024475098,25.030762,61,193,1,0,255,2,0,1782503401.6444485,28
25.035158,25.02619,-0.2642634,0.61573184,0.94802856,1,1,0,-0.010559082,0.024597168,25.035156,61,193,1,0,255,2,0,1782503401.6444485,28
25.032957,25.023256,-0.3176951,0.62026006,0.83813477,1,1,0,-0.0126953125,0.024780273,25.032959,61,193,1,0,255,2,0,1782503401.6444485,28
25.028564,25.018074,-0.36955652,0.6232055,0.8935852,1,1,0,-0.014770508,0.024902344,25.028564,61,193,1,0,255,2,0,1782503401.6444485,28
25.025146,25.013723,-0.4214136,0.6277012,0.7970276,1,1,0,-0.016845703,0.02508545,25.025146,61,193,1,0,255,2,0,1782503401.6444485,28
25.031494,25.025625,-0.09775684,0.5331623,0.84869385,1,1,0,-0.00390625,0.02130127,25.031494,26,194,0,0,255,2,0,1782503401.7438436,29
25.027102,25.020966,-0.15119053,0.53306866,0.84262085,1,1,0,-0.0060424805,0.02130127,25.0271,26,194,0,0,255,2,0,1782503401.7438436,29
25.030031,25.021755,-0.3604457,0.53313106,0.69003296,1,1,0,-0.014404297,0.02130127,25.03003,26,194,0,0,255,2,0,1782503401.7438436,29
25.03003,25.028017,-0.096238576,0.30247957,0.48199463,1,1,0,-0.0038452148,0.012084961,25.03003,28,194,0,0,255,2,0,1782503401.7438436,29
25.026123,25.023848,-0.14968055,0.30243236,0.8955078,1,1,0,-0.0059814453,0.012084961,25.026123,28,194,0,0,255,2,0,1782503401.7438436,29
25.033447,25.030807,-0.20166858,0.30252087,0.7619934,1,1,0,-0.008056641,0.012084961,25.033447,28,194,0,0,255,2,0,1782503401.7438436,29
25.020264,25.016573,-0.30692038,0.30083454,0.88153076,1,1,0,-0.012268066,0.012023926,25.020264,28,194,0,0,255,2,0,1782503401.7438436,29
25.028074,25.023691,-0.35894597,0.30092847,0.7680664,1,1,0,-0.014343262,0.012023926,25.028076,28,194,0,0,255,2,0,1782503401.7438436,29
25.026121,25.02094,-0.41084215,0.300905,0.70477295,1,1,0,-0.016418457,0.012023926,25.026123,28,194,0,0,255,2,0,1782503401.7438436,29
25.027344,25.02275,-0.10690938,0.46740246,0.7210388,1,1,0,-0.004272461,0.018676758,25.027344,29,194,1,0,255,2,0,1782503401.7438436,29
25.027344,25.022476,-0.1588362,0.46740246,0.6840515,1,1,0,-0.0063476562,0.018676758,25.027344,29,194,1,0,255,2,0,1782503401.7438436,29
25.019531,25.013773,-0.2641323,0.46725655,0.6593933,1,1,0,-0.010559082,0.018676758,25.019531,29,194,1,0,255,2,0,1782503401.7438436,29
25.023682,25.01735,-0.31609294,0.46580702,0.7809143,1,1,0,-0.012634277,0.018615723,25.023682,29,194,1,0,255,2,0,1782503401.7438436,29
25.028563,25.020676,-0.42153075,0.46589792,0.84017944,1,1,0,-0.016845703,0.018615723,25.028564,29,194,1,0,255,2,0,1782503401.7438436,29
25.03003,25.026735,-0.09776118,0.39413336,0.7914734,1,1,0,-0.00390625,0.01574707,25.03003,60,194,0,0,255,2,0,1782503401.7438436,29
25.031982,25.028358,-0.14970754,0.398747,0.7698059,1,1,0,-0.0059814453,0.015930176,25.031982,60,194,0,0,255,2,0,1782503401.7438436,29
25.032469,25.028433,-0.20164944,0.40181014,0.83047485,1,1,0,-0.008056641,0.016052246,25.03247,60,194,0,0,255,2,0,1782503401.7438436,29
25.031248,25.02665,-0.25510225,0.4063733,0.84262085,1,1,0,-0.010192871,0.016235352,25.03125,60,194,0,0,255,2,0,1782503401.7438436,29
25.03247,25.027239,-0.30705124,0.40944842,0.96917725,1,1,0,-0.012268066,0.016357422,25.03247,60,194,0,0,255,2,0,1782503401.7438436,29
25.03247,25.026472,-0.35898587,0.4140314,0.86343384,1,1,0,-0.014343262,0.016540527,25.03247,60,194,0,0,255,2,0,1782503401.7438436,29
25.032715,25.02584,-0.41245052,0.41709074,0.84002686,1,1,0,-0.016479492,0.016662598,25.032715,60,194,0,0,255,2,0,1782503401.7438436,29
25.021484,25.01402,-0.10687208,0.60165495,0.9050598,1,1,0,-0.004272461,0.024047852,25.021484,61,194,1,0,255,2,0,1782503401.7438436,29
25.021486,25.013674,-0.15878032,0.60470843,0.91326904,1,1,0,-0.0063476562,0.024169922,25.021484,61,194,1,0,255,2,0,1782503401.7438436,29
25.027344,25.019022,-0.21226364,0.6094314,0.85043335,1,1,0,-0.008483887,0.024353027,25.027344,61,194,1,0,255,2,0,1782503401.7438436,29
25.031738,25.022846,-0.2642281,0.61259305,0.8319702,1,1,0,-0.010559082,0.024475098,25.031738,61,194,1,0,255,2,0,1782503401.7438436,29
25.015871,25.00627,-0.31595296,0.61678386,0.7357483,1,1,0,-0.012634277,0.024658203,25.01587,61,194,1,0,255,2,0,1782503401.7438436,29
25.027342,25.01693,-0.36953962,0.62012094,0.7189636,1,1,0,-0.014770508,0.024780273,25.027344,61,194,1,0,255,2,0,1782503401.7438436,29
25.021727,25.010382,-0.42135733,0.624562,0.76828,1,1,0,-0.016845703,0.024963379,25.021729,61,194,1,0,255,2,0,1782503401.7438436,29
25.03174,25.025604,-0.15121856,0.5331675,0.8105469,1,1,0,-0.0060424805,0.02130127,25.031738,26,195,0,0,255,2,0,1782503401.8443599,30
25.033447,25.026453,-0.2566279,0.5332039,0.7828064,1,1,0,-0.010253906,0.02130127,25.033447,26,195,0,0,255,2,0,1782503401.8443599,30
25.032717,25.025135,-0.30855307,0.5331883,1.0359192,1,1,0,-0.012329102,0.02130127,25.032715,26,195,0,0,255,2,0,1782503401.8443599,30
25.03247,25.024174,-0.36200824,0.5331831,0.85736084,1,1,0,-0.014465332,0.02130127,25.03247,26,195,0,0,255,2,0,1782503401.8443599,30
25.032715,25.023613,-0.4139415,0.5331883,0.82354736,1,1,0,-0.016540527,0.02130127,25.032715,26,195,0,0,255,2,0,1782503401.8443599,30
25.02417,25.021894,-0.14966887,0.30240875,0.71606445,1,1,0,-0.0059814453,0.012084961,25.02417,28,195,0,0,255,2,0,1782503401.8443599,30
25.031982,25.029343,-0.20165677,0.30250317,0.70739746,1,1,0,-0.008056641,0.012084961,25.031982,28,195,0,0,255,2,0,1782503401.8443599,30
25.032715,25.029587,-0.25513217,0.30251202,0.81573486,1,1,0,-0.010192871,0.012084961,25.032715,28,195,0,0,255,2,0,1782503401.8443599,30
25.03125,25.027538,-0.30705494,0.30249432,1.0255432,1,1,0,-0.012268066,0.012084961,25.03125,28,195,0,0,255,2,0,1782503401.8443599,30
25.032227,25.027842,-0.3590055,0.3009784,0.9266968,1,1,0,-0.014343262,0.012023926,25.032227,28,195,0,0,255,2,0,1782503401.8443599,30
25.032225,25.027018,-0.4124699,0.3009784,0.93969727,1,1,0,-0.016479492,0.012023926,25.032227,28,195,0,0,255,2,0,1782503401.8443599,30
25.02295,25.018356,-0.106890604,0.46732038,0.7364502,1,1,0,-0.004272461,0.018676758,25.02295,29,195,1,0,255,2,0,1782503401.8443599,30
25.023926,25.019058,-0.1588145,0.46733862,0.67892456,1,1,0,-0.0063476562,0.018676758,25.023926,29,195,1,0,255,2,0,1782503401.8443599,30
25.023682,25.018417,-0.21225852,0.46733406,0.8763428,1,1,0,-0.008483887,0.018676758,25.023682,29,195,1,0,255,2,0,1782503401.8443599,30
25.026367,25.020035,-0.31612688,0.465857,0.68200684,1,1,0,-0.012634277,0.018615723,25.026367,29,195,1,0,255,2,0,1782503401.8443599,30
25.021484,25.01442,-0.36950254,0.46576613,0.85375977,1,1,0,-0.014770508,0.018615723,25.021484,29,195,1,0,255,2,0,1782503401.8443599,30
25.018064,25.010181,-0.42135394,0.4657025,0.79833984,1,1,0,-0.016845703,0.018615723,25.018066,29,195,1,0,255,2,0,1782503401.8443599,30
25.031494,25.028206,-0.0962393,0.39415643,0.7940674,1,1,0,-0.0038452148,0.01574707,25.031494,60,195,0,0,255,2,0,1782503401.8443599,30
25.030031,25.02644,-0.14816852,0.39718837,0.652771,1,1,0,-0.00592041,0.01586914,25.03003,60,195,0,0,255,2,0,1782503401.8443599,30
25.031982,25.027958,-0.20011795,0.4018023,0.7828064,1,1,0,-0.0079956055,0.016052246,25.031982,60,195,0,0,255,2,0,1782503401.8443599,30
25.031982,25.027424,-0.25358242,0.40485755,0.7307739,1,1,0,-0.010131836,0.016174316,25.031982,60,195,0,0,255,2,0,1782503401.8443599,30
25.02905,25.023079,-0.3589372,0.41244742,0.83047485,1,1,0,-0.014343262,0.016479492,25.029053,60,195,0,0,255,2,0,1782503401.8443599,30
25.033936,25.027086,-0.41094306,0.4171111,0.82180786,1,1,0,-0.016418457,0.016662598,25.033936,60,195,0,0,255,2,0,1782503401.8443599,30
25.025146,25.017616,-0.10536045,0.60479695,0.8216858,1,1,0,-0.004211426,0.024169922,25.025146,61,195,1,0,255,2,0,1782503401.8443599,30
25.031738,25.023354,-0.21077298,0.61259305,0.87713623,1,1,0,-0.008422852,0.024475098,25.031738,61,195,1,0,255,2,0,1782503401.8443599,30
25.021484,25.011805,-0.3160229,0.61997575,0.8722229,1,1,0,-0.012634277,0.024780273,25.021484,61,195,1,0,255,2,0,1782503401.8443599,30
25.023926,25.01253,-0.4198664,0.6276706,0.7991028,1,1,0,-0.016784668,0.02508545,25.023926,61,195,1,0,255,2,0,1782503401.8443599,30
25.031738,25.025848,-0.09470276,0.53469497,0.8928833,1,1,0,-0.0037841797,0.021362305,25.031738,26,196,0,0,255,2,0,1782503401.9444487,31
25.028076,25.021969,-0.14661478,0.53308946,0.84695435,1,1,0,-0.005859375,0.02130127,25.028076,26,196,0,0,255,2,0,1782503401.9444487,31
25.03125,25.024784,-0.19856508,0.53315705,0.81747437,1,1,0,-0.00793457,0.02130127,25.03125,26,196,0,0,255,2,0,1782503401.9444487,31
25.03125,25.023726,-0.30395302,0.53315705,0.7698059,1,1,0,-0.012145996,0.02130127,25.03125,26,196,0,0,255,2,0,1782503401.9444487,31
25.03247,25.023443,-0.40935552,0.5331831,0.73599243,1,1,0,-0.016357422,0.02130127,25.03247,26,196,0,0,255,2,0,1782503401.9444487,31
25.033447,25.03144,-0.09472392,0.30252087,1.1659546,1,1,0,-0.0037841797,0.012084961,25.033447,28,196,0,0,255,2,0,1782503401.9444487,31
25.031982,25.029726,-0.14666022,0.30250317,0.72125244,1,1,0,-0.005859375,0.012084961,25.031982,28,196,0,0,255,2,0,1782503401.9444487,31
25.020996,25.01792,-0.251959,0.30084336,0.87979126,1,1,0,-0.010070801,0.012023926,25.020996,28,196,0,0,255,2,0,1782503401.9444487,31
25.021484,25.016329,-0.40923914,0.30084923,0.81311035,1,1,0,-0.016357422,0.012023926,25.021484,28,196,0,0,255,2,0,1782503401.9444487,31
25.025146,25.020567,-0.103845716,0.46736142,0.7991028,1,1,0,-0.0041503906,0.018676758,25.025146,29,196,1,0,255,2,0,1782503401.9444487,31
25.027342,25.022484,-0.15730895,0.46740246,0.7333679,1,1,0,-0.006286621,0.018676758,25.027344,29,196,1,0,255,2,0,1782503401.9444487,31
25.02954,25.0243,-0.20925348,0.4674435,0.8093567,1,1,0,-0.008361816,0.018676758,25.029541,29,196,1,0,255,2,0,1782503401.9444487,31
25.021484,25.01577,-0.26262638,0.46576613,0.8147583,1,1,0,-0.010498047,0.018615723,25.021484,29,196,1,0,255,2,0,1782503401.9444487,31
25.019287,25.012974,-0.31451076,0.4657252,0.73062134,1,1,0,-0.012573242,0.018615723,25.019287,29,196,1,0,255,2,0,1782503401.9444487,31
25.013672,25.006655,-0.36633462,0.4656207,0.74191284,1,1,0,-0.0146484375,0.018615723,25.013672,29,196,1,0,255,2,0,1782503401.9444487,31
25.031252,25.02767,-0.14664818,0.39720774,0.9015808,1,1,0,-0.005859375,0.01586914,25.03125,60,196,0,0,255,2,0,1782503401.9444487,31
25.031248,25.026705,-0.25204748,0.40484568,0.72299194,1,1,0,-0.010070801,0.016174316,25.03125,60,196,0,0,255,2,0,1782503401.9444487,31
25.03125,25.026056,-0.30398133,0.40942845,0.71343994,1,1,0,-0.012145996,0.016357422,25.03125,60,196,0,0,255,2,0,1782503401.9444487,31
25.031006,25.025076,-0.3559104,0.4124796,0.71258545,1,1,0,-0.014221191,0.016479492,25.031006,60,196,0,0,255,2,0,1782503401.9444487,31
25.032225,25.025402,-0.40938756,0.4170826,0.7307739,1,1,0,-0.016357422,0.016662598,25.032227,60,196,0,0,255,2,0,1782503401.9444487,31
25.019531,25.012045,-0.10381035,0.60313463,0.6635132,1,1,0,-0.0041503906,0.024108887,25.019531,61,196,1,0,255,2,0,1782503401.9444487,31
25.031738,25.023403,-0.20924598,0.61106575,0.9685669,1,1,0,-0.008361816,0.024414062,25.031738,61,196,1,0,255,2,0,1782503401.9444487,31
25.030758,25.021826,-0.26116258,0.6156238,0.9202881,1,1,0,-0.010437012,0.024597168,25.030762,61,196,1,0,255,2,0,1782503401.9444487,31
25.023926,25.014322,-0.31300068,0.61850935,0.734375,1,1,0,-0.012512207,0.024719238,25.023926,61,196,1,0,255,2,0,1782503401.9444487,31
25.03076,25.020315,-0.36653474,0.6232602,0.94595337,1,1,0,-0.0146484375,0.024902344,25.030762,61,196,1,0,255,2,0,1782503401.9444487,31
25.026367,25.015034,-0.4183812,0.62620485,0.7487488,1,1,0,-0.016723633,0.025024414,25.026367,61,196,1,0,255,2,0,1782503401.9444487,31
25.032959,25.02686,-0.14511587,0.53319347,0.6596985,1,1,0,-0.00579834,0.02130127,25.032959,26,197,0,0,255,2,0,1782503402.043958,32
25.03247,25.026005,-0.19857477,0.5331831,0.673584,1,1,0,-0.00793457,0.02130127,25.03247,26,197,0,0,255,2,0,1782503402.043958,32
25.031248,25.024317,-0.25049594,0.53315705,0.7793274,1,1,0,-0.010009766,0.02130127,25.03125,26,197,0,0,255,2,0,1782503402.043958,32
25.031006,25.022797,-0.35587797,0.53315187,0.7420654,1,1,0,-0.014221191,0.02130127,25.031006,26,197,0,0,255,2,0,1782503402.043958,32
25.0271,25.018099,-0.4077407,0.53306866,0.95269775,1,1,0,-0.016296387,0.02130127,25.0271,26,197,0,0,255,2,0,1782503402.043958,32
25.032959,25.030952,-0.09472207,0.30251497,1.0801392,1,1,0,-0.0037841797,0.012084961,25.032959,28,197,0,0,255,2,0,1782503402.043958,32
25.03247,25.030214,-0.14666308,0.30250907,0.86169434,1,1,0,-0.005859375,0.012084961,25.03247,28,197,0,0,255,2,0,1782503402.043958,32
25.032715,25.028374,-0.35595727,0.30098426,0.7489929,1,1,0,-0.014221191,0.012023926,25.032715,28,197,0,0,255,2,0,1782503402.043958,32
25.032713,25.027555,-0.40942279,0.30098426,0.7793274,1,1,0,-0.016357422,0.012023926,25.032715,28,197,0,0,255,2,0,1782503402.043958,32
25.015871,25.011292,-0.10380722,0.46718815,0.7244568,1,1,0,-0.0041503906,0.018676758,25.01587,29,197,1,0,255,2,0,1782503402.043958,32
25.01587,25.01105,-0.15571044,0.4656616,0.82092285,1,1,0,-0.006225586,0.018615723,25.01587,29,197,1,0,255,2,0,1782503402.043958,32
25.027342,25.022131,-0.20923534,0.46587518,0.75183105,1,1,0,-0.008361816,0.018615723,25.027344,29,197,1,0,255,2,0,1782503402.043958,32
25.021482,25.015785,-0.26109955,0.46576613,0.85787964,1,1,0,-0.010437012,0.018615723,25.021484,29,197,1,0,255,2,0,1782503402.043958,32
25.018066,25.011774,-0.3129688,0.4657025,0.7480774,1,1,0,-0.012512207,0.018615723,25.018066,29,197,1,0,255,2,0,1782503402.043958,32
25.025146,25.018127,-0.36650267,0.4658343,0.68917847,1,1,0,-0.0146484375,0.018615723,25.025146,29,197,1,0,255,2,0,1782503402.043958,32
25.02954,25.021704,-0.4184928,0.4659161,0.7333679,1,1,0,-0.016723633,0.018615723,25.029541,29,197,1,0,255,2,0,1782503402.043958,32
25.016602,25.013296,-0.09465526,0.39544863,0.8564148,1,1,0,-0.0037841797,0.015808105,25.016602,60,197,0,0,255,2,0,1782503402.043958,32
25.031982,25.027933,-0.20011775,0.40332994,0.7507324,1,1,0,-0.0079956055,0.016113281,25.031982,60,197,0,0,255,2,0,1782503402.043958,32
25.033445,25.028877,-0.25206935,0.40640897,0.85736084,1,1,0,-0.010070801,0.016235352,25.033447,60,197,0,0,255,2,0,1782503402.043958,32
25.032713,25.027475,-0.30552635,0.41098008,0.84262085,1,1,0,-0.012207031,0.016418457,25.032715,60,197,0,0,255,2,0,1782503402.043958,32
25.019775,25.013802,-0.3572771,0.4138214,1.104065,1,1,0,-0.014282227,0.016540527,25.019775,60,197,0,0,255,2,0,1782503402.043958,32
25.027342,25.019047,-0.20920955,0.6094314,0.86276245,1,1,0,-0.008361816,0.024353027,25.027344,61,197,1,0,255,2,0,1782503402.043958,32
25.026367,25.017492,-0.26264447,0.6124616,0.65631104,1,1,0,-0.010498047,0.024475098,25.026367,61,197,1,0,255,2,0,1782503402.043958,32
25.033447,25.023859,-0.31464761,0.61721724,0.68981934,1,1,0,-0.012573242,0.024658203,25.033447,61,197,1,0,255,2,0,1782503402.043958,32
25.030031,25.023067,-0.25353828,0.53313106,0.84262085,1,1,0,-0.010131836,0.02130127,25.03003,26,198,0,0,255,2,0,1782503402.1451476,33
25.031006,25.023462,-0.30547735,0.53315187,0.70132446,1,1,0,-0.012207031,0.02130127,25.031006,26,198,0,0,255,2,0,1782503402.1451476,33
25.031738,25.023508,-0.3574157,0.5331675,0.69610596,1,1,0,-0.014282227,0.02130127,25.031738,26,198,0,0,255,2,0,1782503402.1451476,33
25.02905,25.020002,-0.41082674,0.53311026,0.673584,1,1,0,-0.016418457,0.02130127,25.029053,26,198,0,0,255,2,0,1782503402.1451476,33
25.035156,25.0329,-0.14667882,0.30254152,0.8764343,1,1,0,-0.005859375,0.012084961,25.035156,28,198,0,0,255,2,0,1782503402.1451476,33
25.033934,25.031338,-0.19861709,0.30099893,0.7325134,1,1,0,-0.00793457,0.012023926,25.033936,28,198,0,0,255,2,0,1782503402.1451476,33
25.031248,25.02817,-0.25206223,0.30096665,0.7828064,1,1,0,-0.010070801,0.012023926,25.03125,28,198,0,0,255,2,0,1782503402.1451476,33
25.02905,25.024712,-0.3559052,0.30094022,0.7767334,1,1,0,-0.014221191,0.012023926,25.029053,28,198,0,0,255,2,0,1782503402.1451476,33
25.031248,25.02609,-0.40939882,0.30096665,0.72125244,1,1,0,-0.016357422,0.012023926,25.03125,28,198,0,0,255,2,0,1782503402.1451476,33
25.032959,25.027746,-0.2092823,0.46597973,0.87713623,1,1,0,-0.008361816,0.018615723,25.032959,29,198,1,0,255,2,0,1782503402.1451476,33
25.021484,25.015171,-0.3145384,0.46576613,0.7942505,1,1,0,-0.012573242,0.018615723,25.021484,29,198,1,0,255,2,0,1782503402.1451476,33
25.021484,25.014465,-0.36644903,0.46576613,0.8373413,1,1,0,-0.0146484375,0.018615723,25.021484,29,198,1,0,255,2,0,1782503402.1451476,33
25.02637,25.018534,-0.41843975,0.465857,0.7425842,1,1,0,-0.016723633,0.018615723,25.026367,29,198,1,0,255,2,0,1782503402.1451476,33
25.032228,25.028933,-0.09776976,0.39416796,0.71258545,1,1,0,-0.00390625,0.01574707,25.032227,60,198,0,0,255,2,0,1782503402.1451476,33
25.033447,25.029848,-0.14971645,0.3972426,0.97351074,1,1,0,-0.0059814453,0.01586914,25.033447,60,198,0,0,255,2,0,1782503402.1451476,33
25.019775,25.01574,-0.20154718,0.40160635,1.068573,1,1,0,-0.008056641,0.016052246,25.019775,60,198,0,0,255,2,0,1782503402.1451476,33
25.02905,25.024477,-0.2550801,0.40481016,0.86343384,1,1,0,-0.010192871,0.016174316,25.029053,60,198,0,0,255,2,0,1782503402.1451476,33
25.021484,25.016254,-0.30691648,0.4092687,0.89450073,1,1,0,-0.012268066,0.016357422,25.021484,60,198,0,0,255,2,0,1782503402.1451476,33
25.031248,25.025253,-0.36049613,0.41248363,0.7619934,1,1,0,-0.014404297,0.016479492,25.03125,60,198,0,0,255,2,0,1782503402.1451476,33
25.01953,25.012068,-0.10686374,0.601608,0.71588135,1,1,0,-0.004272461,0.024047852,25.019531,61,198,1,0,255,2,0,1782503402.1451476,33
25.024172,25.016321,-0.15879713,0.60630023,0.99435425,1,1,0,-0.0063476562,0.024230957,25.02417,61,198,1,0,255,2,0,1782503402.1451476,33
25.02246,25.014141,-0.21222223,0.6093125,0.9533081,1,1,0,-0.008483887,0.024353027,25.02246,61,198,1,0,255,2,0,1782503402.1451476,33
25.02246,25.013535,-0.26412976,0.6138928,0.9748535,1,1,0,-0.010559082,0.024536133,25.02246,61,198,1,0,255,2,0,1782503402.1451476,33
25.027344,25.01772,-0.31762484,0.61706674,0.7107544,1,1,0,-0.0126953125,0.024658203,25.027344,61,198,1,0,255,2,0,1782503402.1451476,33
25.032957,25.022543,-0.36962253,0.62026006,0.8935852,1,1,0,-0.014770508,0.024780273,25.032959,61,198,1,0,255,2,0,1782503402.1451476,33
25.026363,25.015017,-0.42143542,0.6246778,0.7631531,1,1,0,-0.016845703,0.024963379,25.026367,61,198,1,0,255,2,0,1782503402.1451476,33
25.026123,25.019646,-0.20005149,0.53304785,0.83047485,1,1,0,-0.0079956055,0.02130127,25.026123,26,199,0,0,255,2,0,1782503402.2441344,34
25.023195,25.016233,-0.25346905,0.53298545,0.7680664,1,1,0,-0.010131836,0.02130127,25.023193,26,199,0,0,255,2,0,1782503402.2441344,34
25.031982,25.024439,-0.30548927,0.53317267,0.84262085,1,1,0,-0.012207031,0.02130127,25.031982,26,199,0,0,255,2,0,1782503402.2441344,34
25.03003,25.021776,-0.35891852,0.53313106,0.7602539,1,1,0,-0.014343262,0.02130127,25.03003,26,199,0,0,255,2,0,1782503402.2441344,34
25.016602,25.014578,-0.09924049,0.3023173,0.8338928,1,1,0,-0.003967285,0.012084961,25.016602,28,199,0,0,255,2,0,1782503402.2441344,34
25.020752,25.018469,-0.15117544,0.30236745,0.87112427,1,1,0,-0.0060424805,0.012084961,25.020752,28,199,0,0,255,2,0,1782503402.2441344,34
25.016602,25.01395,-0.20305958,0.3023173,0.7568054,1,1,0,-0.008117676,0.012084961,25.016602,28,199,0,0,255,2,0,1782503402.2441344,34
25.032227,25.029083,-0.25665486,0.30250612,0.7940674,1,1,0,-0.010253906,0.012084961,25.032227,28,199,0,0,255,2,0,1782503402.2441344,34
25.03125,25.027538,-0.3085827,0.30096665,0.7307739,1,1,0,-0.012329102,0.012023926,25.03125,28,199,0,0,255,2,0,1782503402.2441344,34
25.020996,25.016592,-0.36037135,0.30084336,0.89624023,1,1,0,-0.014404297,0.012023926,25.020996,28,199,0,0,255,2,0,1782503402.2441344,34
25.035156,25.029922,-0.41404587,0.30101362,0.94577026,1,1,0,-0.016540527,0.012023926,25.035156,28,199,0,0,255,2,0,1782503402.2441344,34
25.020262,25.015835,-0.05649338,0.46727023,0.85375977,1,1,0,-0.0022583008,0.018676758,25.020264,29,199,1,0,255,2,0,1782503402.2441344,34
25.027344,25.022743,-0.108436644,0.46740246,0.71383667,1,1,0,-0.004333496,0.018676758,25.027344,29,199,1,0,255,2,0,1782503402.2441344,34
25.023924,25.019047,-0.16034156,0.46733862,0.6748047,1,1,0,-0.0064086914,0.018676758,25.023926,29,199,1,0,255,2,0,1782503402.2441344,34
25.030762,25.025482,-0.21384598,0.4674663,0.7005005,1,1,0,-0.008544922,0.018676758,25.030762,29,199,1,0,255,2,0,1782503402.2441344,34
25.023926,25.01815,-0.2657057,0.46733862,0.8216858,1,1,0,-0.010620117,0.018676758,25.023926,29,199,1,0,255,2,0,1782503402.2441344,34
25.019531,25.01318,-0.3175672,0.46572977,0.75183105,1,1,0,-0.0126953125,0.018615723,25.019531,29,199,1,0,255,2,0,1782503402.2441344,34
25.027344,25.020254,-0.3711162,0.46587518,0.82785034,1,1,0,-0.014831543,0.018615723,25.027344,29,199,1,0,255,2,0,1782503402.2441344,34
25.03003,25.026752,-0.093178645,0.39413336,0.71865845,1,1,0,-0.0037231445,0.01574707,25.03003,60,199,0,0,255,2,0,1782503402.2441344,34
25.03003,25.026424,-0.14664088,0.39871588,0.70217896,1,1,0,-0.005859375,0.015930176,25.03003,60,199,0,0,255,2,0,1782503402.2441344,34
25.031492,25.02694,-0.2505222,0.40637726,0.7810669,1,1,0,-0.010009766,0.016235352,25.031494,60,199,0,0,255,2,0,1782503402.2441344,34
25.031984,25.026789,-0.30399022,0.40944043,0.8070679,1,1,0,-0.012145996,0.016357422,25.031982,60,199,0,0,255,2,0,1782503402.2441344,34
25.031982,25.026028,-0.35592392,0.4140233,0.7749939,1,1,0,-0.014221191,0.016540527,25.031982,60,199,0,0,255,2,0,1782503402.2441344,34
25.021484,25.014664,-0.4092119,0.41690364,0.8581543,1,1,0,-0.016357422,0.016662598,25.021484,60,199,0,0,255,2,0,1782503402.2441344,34
25.032957,25.024624,-0.20925619,0.6110955,0.84017944,1,1,0,-0.008361816,0.024414062,25.032959,61,199,1,0,255,2,0,1782503402.2441344,34
25.025146,25.015543,-0.31301597,0.6185395,0.76623535,1,1,0,-0.012512207,0.024719238,25.025146,61,199,1,0,255,2,0,1782503402.2441344,34
25.017332,25.006931,-0.36633867,0.6213994,0.6758423,1,1,0,-0.0146484375,0.024841309,25.017334,61,199,1,0,255,2,0,1782503402.2441344,34
25.032715,25.026829,-0.09317893,0.53471583,0.70217896,1,1,0,-0.0037231445,0.021362305,25.032715,26,200,0,0,255,2,0,1782503402.3440368,35
25.031494,25.025028,-0.19856702,0.5331623,0.7342529,1,1,0,-0.00793457,0.02130127,25.031494,26,200,0,0,255,2,0,1782503402.3440368,35
25.031982,25.02505,-0.25050327,0.53317267,0.69003296,1,1,0,-0.010009766,0.02130127,25.031982,26,200,0,0,255,2,0,1782503402.3440368,35
25.032715,25.02519,-0.3039708,0.5331883,0.86343384,1,1,0,-0.012145996,0.02130127,25.032715,26,200,0,0,255,2,0,1782503402.3440368,35
25.027098,25.01889,-0.3558224,0.53306866,0.7550659,1,1,0,-0.014221191,0.02130127,25.0271,26,200,0,0,255,2,0,1782503402.3440368,35
25.031492,25.022467,-0.40933955,0.5331623,0.95877075,1,1,0,-0.016357422,0.02130127,25.031494,26,200,0,0,255,2,0,1782503402.3440368,35
25.019775,25.01751,-0.14811565,0.30235565,1.0036316,1,1,0,-0.00592041,0.012084961,25.019775,28,200,0,0,255,2,0,1782503402.3440368,35
25.031984,25.029356,-0.20012912,0.30250317,0.85302734,1,1,0,-0.0079956055,0.012084961,25.031982,28,200,0,0,255,2,0,1782503402.3440368,35
25.031006,25.027912,-0.25358737,0.3009637,0.84002686,1,1,0,-0.010131836,0.012023926,25.031006,28,200,0,0,255,2,0,1782503402.3440368,35
25.017334,25.013662,-0.30535772,0.3007993,0.8460083,1,1,0,-0.012207031,0.012023926,25.017334,28,200,0,0,255,2,0,1782503402.3440368,35
25.019531,25.015171,-0.35729665,0.30082574,0.9923706,1,1,0,-0.014282227,0.012023926,25.019531,28,200,0,0,255,2,0,1782503402.3440368,35
25.027344,25.022093,-0.21076235,0.46740246,0.67892456,1,1,0,-0.008422852,0.018676758,25.027344,29,200,1,0,255,2,0,1782503402.3440368,35
25.028564,25.02282,-0.26270038,0.46742526,0.7579956,1,1,0,-0.010498047,0.018676758,25.028564,29,200,1,0,255,2,0,1782503402.3440368,35
25.030762,25.024446,-0.314655,0.4659388,0.7846985,1,1,0,-0.012573242,0.018615723,25.030762,29,200,1,0,255,2,0,1782503402.3440368,35
25.019287,25.012245,-0.36794347,0.4657252,0.68444824,1,1,0,-0.014709473,0.018615723,25.019287,29,200,1,0,255,2,0,1782503402.3440368,35
25.02173,25.01387,-0.4198889,0.46577066,0.69226074,1,1,0,-0.016784668,0.018615723,25.021729,29,200,1,0,255,2,0,1782503402.3440368,35
25.020754,25.017471,-0.094671056,0.39398727,1.085022,1,1,0,-0.0037841797,0.01574707,25.020752,60,200,0,0,255,2,0,1782503402.3440368,35
25.01953,25.015917,-0.14810622,0.39854866,1.0053406,1,1,0,-0.00592041,0.015930176,25.019531,60,200,0,0,255,2,0,1782503402.3440368,35
25.032959,25.028934,-0.20012575,0.40181798,0.82873535,1,1,0,-0.0079956055,0.016052246,25.032959,60,200,0,0,255,2,0,1782503402.3440368,35
25.03003,25.025461,-0.25203496,0.40635347,0.82873535,1,1,0,-0.010070801,0.016235352,25.03003,60,200,0,0,255,2,0,1782503402.3440368,35
25.03125,25.026037,-0.3055088,0.40942845,0.82354736,1,1,0,-0.012207031,0.016357422,25.03125,60,200,0,0,255,2,0,1782503402.3440368,35
25.03125,25.025274,-0.35744095,0.41401118,0.6770325,1,1,0,-0.014282227,0.016540527,25.03125,60,200,0,0,255,2,0,1782503402.3440368,35
25.028563,25.021105,-0.10537515,0.60182524,0.7846985,1,1,0,-0.004211426,0.024047852,25.028564,61,200,1,0,255,2,0,1782503402.3440368,35
25.027344,25.019539,-0.15729044,0.60485005,0.7189636,1,1,0,-0.006286621,0.024169922,25.027344,61,200,1,0,255,2,0,1782503402.3440368,35
25.028564,25.020267,-0.20921975,0.60946107,0.81552124,1,1,0,-0.008361816,0.024353027,25.028564,61,200,1,0,255,2,0,1782503402.3440368,35
25.026365,25.01678,-0.31455863,0.61704266,0.7456665,1,1,0,-0.012573242,0.024658203,25.026367,61,200,1,0,255,2,0,1782503402.3440368,35
25.030762,25.020391,-0.36653587,0.62020564,0.93878174,1,1,0,-0.0146484375,0.024780273,25.030762,61,200,1,0,255,2,0,1782503402.3440368,35
25.032469,25.026579,-0.09470552,0.5347106,0.8044739,1,1,0,-0.0037841797,0.021362305,25.03247,26,201,0,0,255,2,0,1782503402.4430218,36
25.032715,25.025766,-0.25203803,0.5331883,0.84262085,1,1,0,-0.010070801,0.02130127,25.032715,26,201,0,0,255,2,0,1782503402.4430218,36
25.0271,25.019558,-0.30542967,0.53306866,0.82354736,1,1,0,-0.012207031,0.02130127,25.0271,26,201,0,0,255,2,0,1782503402.4430218,36
25.032717,25.023664,-0.41088685,0.5331883,0.96917725,1,1,0,-0.016418457,0.02130127,25.032715,26,201,0,0,255,2,0,1782503402.4430218,36
25.028076,25.02607,-0.09470359,0.30245596,0.81399536,1,1,0,-0.0037841797,0.012084961,25.028076,28,201,0,0,255,2,0,1782503402.4430218,36
25.032959,25.030703,-0.14666595,0.30251497,0.8088074,1,1,0,-0.005859375,0.012084961,25.032959,28,201,0,0,255,2,0,1782503402.4430218,36
25.032715,25.030106,-0.20013511,0.30098426,0.85910034,1,1,0,-0.0079956055,0.012023926,25.032715,28,201,0,0,255,2,0,1782503402.4430218,36
25.033201,25.030123,-0.2520819,0.30099013,0.7828064,1,1,0,-0.010070801,0.012023926,25.033203,28,201,0,0,255,2,0,1782503402.4430218,36
25.031492,25.027838,-0.30400297,0.30096957,0.82873535,1,1,0,-0.012145996,0.012023926,25.031494,28,201,0,0,255,2,0,1782503402.4430218,36
25.03247,25.028109,-0.35748142,0.3009813,0.83047485,1,1,0,-0.014282227,0.012023926,25.03247,28,201,0,0,255,2,0,1782503402.4430218,36
25.025145,25.020287,-0.15729514,0.46736142,0.7600708,1,1,0,-0.006286621,0.018676758,25.025146,29,201,1,0,255,2,0,1782503402.4430218,36
25.028563,25.023323,-0.20924531,0.46742526,0.76623535,1,1,0,-0.008361816,0.018676758,25.028564,29,201,1,0,255,2,0,1782503402.4430218,36
25.027342,25.02032,-0.36653483,0.46587518,0.7744446,1,1,0,-0.0146484375,0.018615723,25.027344,29,201,1,0,255,2,0,1782503402.4430218,36
25.012695,25.004839,-0.41973734,0.46560252,0.8755188,1,1,0,-0.016784668,0.018615723,25.012695,29,201,1,0,255,2,0,1782503402.4430218,36
25.031494,25.028229,-0.09623939,0.39262882,0.7715454,1,1,0,-0.0038452148,0.015686035,25.031494,60,201,0,0,255,2,0,1782503402.4430218,36
25.03125,25.027683,-0.14817588,0.3956802,0.84262085,1,1,0,-0.00592041,0.015808105,25.03125,60,201,0,0,255,2,0,1782503402.4430218,36
25.01831,25.014313,-0.20000884,0.40005603,1.0200806,1,1,0,-0.0079956055,0.015991211,25.01831,60,201,0,0,255,2,0,1782503402.4430218,36
25.019531,25.015,-0.25345653,0.4031293,0.7819519,1,1,0,-0.010131836,0.016113281,25.019531,60,201,0,0,255,2,0,1782503402.4430218,36
25.031248,25.02606,-0.30550906,0.4079009,0.98306274,1,1,0,-0.012207031,0.016296387,25.03125,60,201,0,0,255,2,0,1782503402.4430218,36
25.033203,25.027254,-0.35899708,0.4109881,0.7732544,1,1,0,-0.014343262,0.016418457,25.033203,60,201,0,0,255,2,0,1782503402.4430218,36
25.032715,25.025892,-0.41092345,0.4155631,0.71865845,1,1,0,-0.016418457,0.016601562,25.032715,60,201,0,0,255,2,0,1782503402.4430218,36
25.025146,25.017653,-0.105360605,0.60327,0.78778076,1,1,0,-0.004211426,0.024108887,25.025146,61,201,1,0,255,2,0,1782503402.4430218,36
25.03418,25.025831,-0.21079384,0.6111253,0.9788208,1,1,0,-0.008422852,0.024414062,25.03418,61,201,1,0,255,2,0,1782503402.4430218,36
25.035156,25.026241,-0.26273632,0.6142043,0.9182434,1,1,0,-0.010498047,0.024536133,25.035156,61,201,1,0,255,2,0,1782503402.4430218,36
25.025146,25.015543,-0.31607014,0.6170126,0.7364502,1,1,0,-0.012634277,0.024658203,25.025146,61,201,1,0,255,2,0,1782503402.4430218,36
25.027344,25.016914,-0.36801216,0.621648,0.8360596,1,1,0,-0.014709473,0.024841309,25.027344,61,201,1,0,255,2,0,1782503402.4430218,36
25.026367,25.015045,-0.41990864,0.6246778,0.7333679,1,1,0,-0.016784668,0.024963379,25.026367,61,201,1,0,255,2,0,1782503402.4430218,36
25.029053,25.02319,-0.09622001,0.53311026,0.71084595,1,1,0,-0.0038452148,0.02130127,25.029053,26,202,0,0,255,2,0,1782503402.5436056,37
25.032473,25.025993,-0.20010224,0.5331831,0.7663269,1,1,0,-0.0079956055,0.02130127,25.03247,26,202,0,0,255,2,0,1782503402.5436056,37
25.032717,25.025753,-0.2535655,0.5331883,0.7879944,1,1,0,-0.010131836,0.02130127,25.032715,26,202,0,0,255,2,0,1782503402.5436056,37
25.028074,25.019846,-0.3573634,0.53308946,0.85562134,1,1,0,-0.014282227,0.02130127,25.028076,26,202,0,0,255,2,0,1782503402.5436056,37
25.03003,25.020979,-0.41084278,0.53313106,0.7914734,1,1,0,-0.016418457,0.02130127,25.03003,26,202,0,0,255,2,0,1782503402.5436056,37
25.03247,25.030464,-0.09472022,0.30250907,0.7793274,1,1,0,-0.0037841797,0.012084961,25.03247,28,202,0,0,255,2,0,1782503402.5436056,37
25.027102,25.024843,-0.14663161,0.30244416,0.7845459,1,1,0,-0.005859375,0.012084961,25.0271,28,202,0,0,255,2,0,1782503402.5436056,37
25.019775,25.017149,-0.20003152,0.30235565,0.75424194,1,1,0,-0.0079956055,0.012084961,25.019775,28,202,0,0,255,2,0,1782503402.5436056,37
25.030027,25.026949,-0.25204995,0.30095196,0.7715454,1,1,0,-0.010070801,0.012023926,25.03003,28,202,0,0,255,2,0,1782503402.5436056,37
25.02905,25.025377,-0.30550075,0.30094022,1.0177307,1,1,0,-0.012207031,0.012023926,25.029053,28,202,0,0,255,2,0,1782503402.5436056,37
25.034422,25.029264,-0.40945074,0.3010048,0.8928833,1,1,0,-0.016357422,0.012023926,25.034424,28,202,0,0,255,2,0,1782503402.5436056,37
25.01831,25.013731,-0.10381734,0.46723375,0.6141968,1,1,0,-0.0041503906,0.018676758,25.01831,29,202,1,0,255,2,0,1782503402.5436056,37
25.026367,25.021156,-0.20922719,0.465857,0.81552124,1,1,0,-0.008361816,0.018615723,25.026367,29,202,1,0,255,2,0,1782503402.5436056,37
25.025146,25.019432,-0.26266482,0.4658343,0.70666504,1,1,0,-0.010498047,0.018615723,25.025146,29,202,1,0,255,2,0,1782503402.5436056,37
25.029541,25.023226,-0.31463966,0.4659161,0.7333679,1,1,0,-0.012573242,0.018615723,25.029541,29,202,1,0,255,2,0,1782503402.5436056,37
25.031738,25.024715,-0.3665992,0.465957,0.8977051,1,1,0,-0.0146484375,0.018615723,25.031738,29,202,1,0,255,2,0,1782503402.5436056,37
25.03247,25.029182,-0.09624305,0.3941718,0.7663269,1,1,0,-0.0038452148,0.01574707,25.03247,60,202,0,0,255,2,0,1782503402.5436056,37
25.025146,25.021547,-0.1496668,0.39711088,0.7550659,1,1,0,-0.0059814453,0.01586914,25.025146,60,202,0,0,255,2,0,1782503402.5436056,37
25.031004,25.02643,-0.2551,0.40484175,0.7403259,1,1,0,-0.010192871,0.016174316,25.031006,60,202,0,0,255,2,0,1782503402.5436056,37
25.02246,25.017231,-0.30692846,0.40928468,0.88586426,1,1,0,-0.012268066,0.016357422,25.02246,60,202,0,0,255,2,0,1782503402.5436056,37
25.031738,25.024235,-0.10691572,0.6034289,0.82373047,1,1,0,-0.004272461,0.024108887,25.031738,61,202,1,0,255,2,0,1782503402.5436056,37
25.028564,25.020714,-0.15882501,0.60640675,0.69226074,1,1,0,-0.0063476562,0.024230957,25.028564,61,202,1,0,255,2,0,1782503402.5436056,37
25.030762,25.022402,-0.21229231,0.6110419,0.75390625,1,1,0,-0.008483887,0.024414062,25.030762,61,202,1,0,255,2,0,1782503402.5436056,37
25.023926,25.015,-0.26414523,0.61392874,0.7569885,1,1,0,-0.010559082,0.024536133,25.023926,61,202,1,0,255,2,0,1782503402.5436056,37
25.025143,25.014694,-0.3695066,0.6215934,0.7631531,1,1,0,-0.014770508,0.024841309,25.025146,61,202,1,0,255,2,0,1782503402.5436056,37
25.02954,25.01819,-0.42148888,0.624757,0.8360596,1,1,0,-0.016845703,0.024963379,25.029541,61,202,1,0,255,2,0,1782503402.5436056,37
25.026121,25.019657,-0.1985244,0.53304785,0.96743774,1,1,0,-0.00793457,0.02130127,25.026123,26,203,0,0,255,2,0,1782503402.643906,38
25.025146,25.018202,-0.25196183,0.53302705,0.82180786,1,1,0,-0.010070801,0.02130127,25.025146,26,203,0,0,255,2,0,1782503402.643906,38
25.03247,25.024946,-0.30396783,0.5331831,0.82702637,1,1,0,-0.012145996,0.02130127,25.03247,26,203,0,0,255,2,0,1782503402.643906,38
25.02905,25.020025,-0.4092996,0.53311026,0.7749939,1,1,0,-0.016357422,0.02130127,25.029053,26,203,0,0,255,2,0,1782503402.643906,38
25.034914,25.032646,-0.14820527,0.30253857,0.8781738,1,1,0,-0.00592041,0.012084961,25.034912,28,203,0,0,255,2,0,1782503402.643906,38
25.031248,25.028627,-0.201651,0.30096665,0.70825195,1,1,0,-0.008056641,0.012023926,25.03125,28,203,0,0,255,2,0,1782503402.643906,38
25.026367,25.02178,-0.105377994,0.46738422,0.69433594,1,1,0,-0.004211426,0.018676758,25.026367,29,203,1,0,255,2,0,1782503402.643906,38
25.026367,25.0215,-0.15883,0.46738422,0.6758423,1,1,0,-0.0063476562,0.018676758,25.026367,29,203,1,0,255,2,0,1782503402.643906,38
25.021484,25.016262,-0.21071324,0.46576613,0.884552,1,1,0,-0.008422852,0.018615723,25.021484,29,203,1,0,255,2,0,1782503402.643906,38
25.016846,25.011116,-0.26410425,0.46567976,0.71728516,1,1,0,-0.010559082,0.018615723,25.016846,29,203,1,0,255,2,0,1782503402.643906,38
25.02246,25.016129,-0.31607753,0.4657843,0.93585205,1,1,0,-0.012634277,0.018615723,25.02246,29,203,1,0,255,2,0,1782503402.643906,38
25.006592,24.999554,-0.36775675,0.4654889,0.7596741,1,1,0,-0.014709473,0.018615723,25.006592,29,203,1,0,255,2,0,1782503402.643906,38
25.033447,25.030176,-0.09777462,0.39265946,0.8911743,1,1,0,-0.00390625,0.015686035,25.033447,60,203,0,0,255,2,0,1782503402.643906,38
25.031982,25.028399,-0.15123545,0.39569175,0.84869385,1,1,0,-0.0060424805,0.015808105,25.031982,60,203,0,0,255,2,0,1782503402.643906,38
25.033445,25.02942,-0.20318519,0.40029806,0.7568054,1,1,0,-0.008117676,0.015991211,25.033447,60,203,0,0,255,2,0,1782503402.643906,38
25.03125,25.026024,-0.30856404,0.4079009,0.661438,1,1,0,-0.012329102,0.016296387,25.03125,60,203,0,0,255,2,0,1782503402.643906,38
25.031248,25.025278,-0.3604965,0.41095603,0.7914734,1,1,0,-0.014404297,0.016418457,25.03125,60,203,0,0,255,2,0,1782503402.643906,38
25.02246,25.015615,-0.412282,0.41539288,0.8667908,1,1,0,-0.016479492,0.016601562,25.02246,60,203,0,0,255,2,0,1782503402.643906,38
25.027342,25.019833,-0.10842403,0.6033229,0.67788696,1,1,0,-0.004333496,0.024108887,25.027344,61,203,1,0,255,2,0,1782503402.643906,38
25.015867,25.007973,-0.16027059,0.60762554,0.6454468,1,1,0,-0.0064086914,0.024291992,25.01587,61,203,1,0,255,2,0,1782503402.643906,38
25.026367,25.016705,-0.31761196,0.61856973,0.80114746,1,1,0,-0.0126953125,0.024719238,25.026367,61,203,1,0,255,2,0,1782503402.643906,38
25.030762,25.020271,-0.36958897,0.6232602,0.8093567,1,1,0,-0.014770508,0.024902344,25.030762,61,203,1,0,255,2,0,1782503402.643906,38
25.031252,25.025375,-0.09928332,0.53315705,0.9232483,1,1,0,-0.003967285,0.02130127,25.03125,26,204,0,0,255,2,0,1782503402.7432883,39
25.030031,25.02245,-0.30851996,0.53313106,0.673584,1,1,0,-0.012329102,0.02130127,25.03003,26,204,0,0,255,2,0,1782503402.7432883,39
25.03247,25.030195,-0.14971852,0.30250907,0.9102478,1,1,0,-0.0059814453,0.012084961,25.03247,28,204,0,0,255,2,0,1782503402.7432883,39
25.032715,25.030075,-0.20166267,0.30251202,0.7862549,1,1,0,-0.008056641,0.012084961,25.032715,28,204,0,0,255,2,0,1782503402.7432883,39
25.03198,25.028872,-0.2551249,0.30097544,0.7897339,1,1,0,-0.010192871,0.012023926,25.031982,28,204,0,0,255,2,0,1782503402.7432883,39
25.032225,25.028532,-0.30706713,0.3009784,0.84869385,1,1,0,-0.012268066,0.012023926,25.032227,28,204,0,0,255,2,0,1782503402.7432883,39
25.03003,25.025644,-0.35897398,0.30095196,0.7663269,1,1,0,-0.014343262,0.012023926,25.03003,28,204,0,0,255,2,0,1782503402.7432883,39
25.03418,25.02897,-0.41250208,0.30100188,0.83480835,1,1,0,-0.016479492,0.012023926,25.03418,28,204,0,0,255,2,0,1782503402.7432883,39
25.03076,25.026167,-0.106923975,0.4674663,0.7693176,1,1,0,-0.004272461,0.018676758,25.030762,29,204,1,0,255,2,0,1782503402.7432883,39
25.01465,25.009783,-0.15875563,0.46716538,0.83529663,1,1,0,-0.0063476562,0.018676758,25.014648,29,204,1,0,255,2,0,1782503402.7432883,39
25.020264,25.014534,-0.26414034,0.4657434,0.88864136,1,1,0,-0.010559082,0.018615723,25.020264,29,204,1,0,255,2,0,1782503402.7432883,39
25.013674,25.007343,-0.31596652,0.4656207,0.7675781,1,1,0,-0.012634277,0.018615723,25.013672,29,204,1,0,255,2,0,1782503402.7432883,39
25.009766,25.002705,-0.36932948,0.46554798,0.82632446,1,1,0,-0.014770508,0.018615723,25.009766,29,204,1,0,255,2,0,1782503402.7432883,39
25.02246,25.014574,-0.42142797,0.4657843,0.7901306,1,1,0,-0.016845703,0.018615723,25.02246,29,204,1,0,255,2,0,1782503402.7432883,39
25.032717,25.029415,-0.09929935,0.39417565,0.7767334,1,1,0,-0.003967285,0.01574707,25.032715,60,204,0,0,255,2,0,1782503402.7432883,39
25.031252,25.027643,-0.15123087,0.39720774,0.7507324,1,1,0,-0.0060424805,0.01586914,25.03125,60,204,0,0,255,2,0,1782503402.7432883,39
25.032225,25.028175,-0.20317508,0.4018062,0.6779175,1,1,0,-0.008117676,0.016052246,25.032227,60,204,0,0,255,2,0,1782503402.7432883,39
25.032227,25.027636,-0.25664002,0.40486148,1.0125427,1,1,0,-0.010253906,0.016174316,25.032227,60,204,0,0,255,2,0,1782503402.7432883,39
25.031252,25.026001,-0.30856374,0.40942845,0.72125244,1,1,0,-0.012329102,0.016357422,25.03125,60,204,0,0,255,2,0,1782503402.7432883,39
25.032227,25.026209,-0.36203766,0.41249973,0.85910034,1,1,0,-0.014465332,0.016479492,25.032227,60,204,0,0,255,2,0,1782503402.7432883,39
25.03247,25.025572,-0.4139739,0.4170867,0.7307739,1,1,0,-0.016540527,0.016662598,25.03247,60,204,0,0,255,2,0,1782503402.7432883,39
25.03662,25.029427,-0.05652407,0.5974359,0.68777466,1,1,0,-0.0022583008,0.023864746,25.036621,61,204,1,0,255,2,0,1782503402.7432883,39
25.02954,25.022102,-0.10843387,0.6003214,0.8730469,1,1,0,-0.004333496,0.023986816,25.029541,61,204,1,0,255,2,0,1782503402.7432883,39
25.028564,25.02074,-0.16035241,0.60487956,0.8565979,1,1,0,-0.0064086914,0.024169922,25.028564,61,204,1,0,255,2,0,1782503402.7432883,39
25.018309,25.010015,-0.21371382,0.6076848,0.7867737,1,1,0,-0.008544922,0.024291992,25.01831,61,204,1,0,255,2,0,1782503402.7432883,39
25.026367,25.017498,-0.26569876,0.6109346,0.82785034,1,1,0,-0.010620117,0.024414062,25.026367,61,204,1,0,255,2,0,1782503402.7432883,39
25.031738,25.022131,-0.31920832,0.6156478,0.7836914,1,1,0,-0.012756348,0.024597168,25.031738,61,204,1,0,255,2,0,1782503402.7432883,39
25.025146,25.01475,-0.37103453,0.6185395,0.829895,1,1,0,-0.014831543,0.024719238,25.025146,61,204,1,0,255,2,0,1782503402.7432883,39
25.031738,25.020401,-0.4230537,0.6232845,0.8319702,1,1,0,-0.016906738,0.024902344,25.031738,61,204,1,0,255,2,0,1782503402.7432883,39
25.031984,25.025848,-0.15122004,0.53317267,0.84869385,1,1,0,-0.0060424805,0.02130127,25.031982,26,205,0,0,255,2,0,1782503402.8438606,40
25.033203,25.0267,-0.2031631,0.53319865,0.7767334,1,1,0,-0.008117676,0.02130127,25.033203,26,205,0,0,255,2,0,1782503402.8438606,40
25.033934,25.02566,-0.36050197,0.5332143,0.86343384,1,1,0,-0.014404297,0.02130127,25.033936,26,205,0,0,255,2,0,1782503402.8438606,40
25.03125,25.029243,-0.0947156,0.30249432,0.71432495,1,1,0,-0.0037841797,0.012084961,25.03125,28,205,0,0,255,2,0,1782503402.8438606,40
25.027102,25.024834,-0.14815901,0.30244416,0.81573486,1,1,0,-0.00592041,0.012084961,25.0271,28,205,0,0,255,2,0,1782503402.8438606,40
25.032225,25.029146,-0.25207207,0.3009784,0.8070679,1,1,0,-0.010070801,0.012023926,25.032227,28,205,0,0,255,2,0,1782503402.8438606,40
25.022219,25.018545,-0.3054173,0.30085802,0.80966187,1,1,0,-0.012207031,0.012023926,25.022217,28,205,0,0,255,2,0,1782503402.8438606,40
25.03418,25.029818,-0.35750583,0.30100188,0.7715454,1,1,0,-0.014282227,0.012023926,25.03418,28,205,0,0,255,2,0,1782503402.8438606,40
25.016848,25.012262,-0.1053379,0.4672064,0.7480774,1,1,0,-0.004211426,0.018676758,25.016846,29,205,1,0,255,2,0,1782503402.8438606,40
25.016846,25.011131,-0.26257768,0.46567976,0.71832275,1,1,0,-0.010498047,0.018615723,25.016846,29,205,1,0,255,2,0,1782503402.8438606,40
25.016846,25.009827,-0.36638108,0.46567976,0.8475952,1,1,0,-0.0146484375,0.018615723,25.016846,29,205,1,0,255,2,0,1782503402.8438606,40
25.036867,25.029003,-0.42014295,0.46605244,0.96240234,1,1,0,-0.016784668,0.018615723,25.036865,29,205,1,0,255,2,0,1782503402.8438606,40
25.03247,25.029188,-0.10082614,0.39264414,1.0472107,1,1,0,-0.0040283203,0.015686035,25.03247,60,205,0,0,255,2,0,1782503402.8438606,40
25.032715,25.029097,-0.15276739,0.39723098,0.85302734,1,1,0,-0.0061035156,0.01586914,25.032715,60,205,0,0,255,2,0,1782503402.8438606,40
25.03247,25.028433,-0.20470488,0.40028244,0.86776733,1,1,0,-0.008178711,0.015991211,25.03247,60,205,0,0,255,2,0,1782503402.8438606,40
25.034178,25.029572,-0.25818774,0.40489307,0.8764343,1,1,0,-0.010314941,0.016174316,25.03418,60,205,0,0,255,2,0,1782503402.8438606,40
25.032227,25.026981,-0.3101036,0.4079168,0.7975464,1,1,0,-0.012390137,0.016296387,25.032227,60,205,0,0,255,2,0,1782503402.8438606,40
25.03247,25.026453,-0.3620412,0.41250375,0.667511,1,1,0,-0.014465332,0.016479492,25.03247,60,205,0,0,255,2,0,1782503402.8438606,40
25.032715,25.025816,-0.41550583,0.4155631,0.7619934,1,1,0,-0.016601562,0.016601562,25.032715,60,205,0,0,255,2,0,1782503402.8438606,40
25.027344,25.02015,-0.058030233,0.5972145,0.76828,1,1,0,-0.002319336,0.023864746,25.027344,61,205,1,0,255,2,0,1782503402.8438606,40
25.02295,25.015472,-0.10993199,0.6016902,0.6974182,1,1,0,-0.0043945312,0.024047852,25.02295,61,205,1,0,255,2,0,1782503402.8438606,40
25.023926,25.016094,-0.16184954,0.60476744,0.695343,1,1,0,-0.0064697266,0.024169922,25.023926,61,205,1,0,255,2,0,1782503402.8438606,40
25.030762,25.022411,-0.21534711,0.6095146,0.885376,1,1,0,-0.008605957,0.024353027,25.030762,61,205,1,0,255,2,0,1782503402.8438606,40
25.028564,25.019642,-0.26724878,0.6125154,0.78985596,1,1,0,-0.010681152,0.024475098,25.028564,61,205,1,0,255,2,0,1782503402.8438606,40
25.025148,25.015505,-0.3191238,0.6170126,0.7189636,1,1,0,-0.012756348,0.024658203,25.025146,61,205,1,0,255,2,0,1782503402.8438606,40
25.031738,25.021278,-0.3726589,0.62022984,0.8360596,1,1,0,-0.014892578,0.024780273,25.031738,61,205,1,0,255,2,0,1782503402.8438606,40
25.030762,25.0194,-0.42456424,0.6232602,0.85043335,1,1,0,-0.016967773,0.024902344,25.030762,61,205,1,0,255,2,0,1782503402.8438606,40
25.032715,25.026823,-0.094706446,0.53471583,0.7507324,1,1,0,-0.0037841797,0.021362305,25.032715,26,206,0,0,255,2,0,1782503402.943516,41
25.03296,25.025997,-0.25356796,0.53319347,0.86169434,1,1,0,-0.010131836,0.02130127,25.032959,26,206,0,0,255,2,0,1782503402.943516,41
25.031984,25.022932,-0.41087484,0.53317267,0.9232483,1,1,0,-0.016418457,0.02130127,25.031982,26,206,0,0,255,2,0,1782503402.943516,41
25.032227,25.02997,-0.14666165,0.30250612,0.7845459,1,1,0,-0.005859375,0.012084961,25.032227,28,206,0,0,255,2,0,1782503402.943516,41
25.032715,25.030117,-0.1986074,0.30098426,0.71951294,1,1,0,-0.00793457,0.012023926,25.032715,28,206,0,0,255,2,0,1782503402.943516,41
25.031006,25.02735,-0.30399704,0.3009637,0.87210083,1,1,0,-0.012145996,0.012023926,25.031006,28,206,0,0,255,2,0,1782503402.943516,41
25.020754,25.016392,-0.35731408,0.3008404,1.1387024,1,1,0,-0.014282227,0.012023926,25.020752,28,206,0,0,255,2,0,1782503402.943516,41
25.021729,25.017149,-0.10383153,0.46729758,0.66659546,1,1,0,-0.0041503906,0.018676758,25.021729,29,206,1,0,255,2,0,1782503402.943516,41
25.025148,25.020298,-0.15576804,0.46736142,0.6984253,1,1,0,-0.006225586,0.018676758,25.025146,29,206,1,0,255,2,0,1782503402.943516,41
25.014648,25.00941,-0.20912898,0.46716538,0.73986816,1,1,0,-0.008361816,0.018676758,25.014648,29,206,1,0,255,2,0,1782503402.943516,41
25.019531,25.013805,-0.26107886,0.46725655,0.6501465,1,1,0,-0.010437012,0.018676758,25.019531,29,206,1,0,255,2,0,1782503402.943516,41
25.030031,25.026754,-0.09928879,0.39260584,0.7403259,1,1,0,-0.003967285,0.015686035,25.03003,60,206,0,0,255,2,0,1782503402.943516,41
25.02905,25.025028,-0.20314951,0.4002278,0.84695435,1,1,0,-0.008117676,0.015991211,25.029053,60,206,0,0,255,2,0,1782503402.943516,41
25.03247,25.02788,-0.25664252,0.40486544,0.7715454,1,1,0,-0.010253906,0.016174316,25.03247,60,206,0,0,255,2,0,1782503402.943516,41
25.031982,25.026756,-0.30857307,0.40791282,0.81399536,1,1,0,-0.012329102,0.016296387,25.031982,60,206,0,0,255,2,0,1782503402.943516,41
25.032713,25.026718,-0.36051723,0.41250777,0.7879944,1,1,0,-0.014404297,0.016479492,25.032715,60,206,0,0,255,2,0,1782503402.943516,41
25.033936,25.027061,-0.41399854,0.41558337,1.0142517,1,1,0,-0.016540527,0.016601562,25.033936,60,206,0,0,255,2,0,1782503402.943516,41
25.027344,25.01997,-0.05650272,0.60485005,0.8833008,1,1,0,-0.0022583008,0.024169922,25.027344,61,206,1,0,255,2,0,1782503402.943516,41
25.023922,25.016489,-0.10840955,0.60018677,0.67071533,1,1,0,-0.004333496,0.023986816,25.023926,61,206,1,0,255,2,0,1782503402.943516,41
25.027342,25.019554,-0.16034481,0.6033229,0.72821045,1,1,0,-0.0064086914,0.024108887,25.027344,61,206,1,0,255,2,0,1782503402.943516,41
25.028563,25.020266,-0.21380141,0.6079339,0.8730469,1,1,0,-0.008544922,0.024291992,25.028564,61,206,1,0,255,2,0,1782503402.943516,41
25.030762,25.02189,-0.2657454,0.6110419,0.9315796,1,1,0,-0.010620117,0.024414062,25.030762,61,206,1,0,255,2,0,1782503402.943516,41
25.031738,25.022188,-0.31768155,0.6141204,0.885376,1,1,0,-0.0126953125,0.024536133,25.031738,61,206,1,0,255,2,0,1782503402.943516,41
25.026367,25.01597,-0.37105262,0.61856973,0.7970276,1,1,0,-0.014831543,0.024719238,25.026367,61,206,1,0,255,2,0,1782503402.943516,41
25.026363,25.015068,-0.42296353,0.62162375,0.7395325,1,1,0,-0.016906738,0.024841309,25.026367,61,206,1,0,255,2,0,1782503402.943516,41
25.033937,25.028072,-0.096238784,0.5332143,0.82702637,1,1,0,-0.0038452148,0.02130127,25.033936,26,207,0,0,255,2,0,1782503403.0438168,42
25.031494,25.025377,-0.14816223,0.5331623,0.8009949,1,1,0,-0.00592041,0.02130127,25.031494,26,207,0,0,255,2,0,1782503403.0438168,42
25.033937,25.026974,-0.25357786,0.5332143,0.86776733,1,1,0,-0.010131836,0.02130127,25.033936,26,207,0,0,255,2,0,1782503403.0438168,42
25.03125,25.022997,-0.358936,0.53315705,0.72473145,1,1,0,-0.014343262,0.02130127,25.03125,26,207,0,0,255,2,0,1782503403.0438168,42
25.021973,25.019955,-0.09773469,0.3023822,1.0096741,1,1,0,-0.00390625,0.012084961,25.021973,28,207,0,0,255,2,0,1782503403.0438168,42
25.032957,25.029848,-0.25513485,0.30098718,0.84262085,1,1,0,-0.010192871,0.012023926,25.032959,28,207,0,0,255,2,0,1782503403.0438168,42
25.033201,25.029509,-0.3070791,0.30099013,0.84869385,1,1,0,-0.012268066,0.012023926,25.033203,28,207,0,0,255,2,0,1782503403.0438168,42
25.031736,25.02733,-0.36052606,0.30097252,1.0419922,1,1,0,-0.014404297,0.012023926,25.031738,28,207,0,0,255,2,0,1782503403.0438168,42
25.021484,25.01628,-0.41229293,0.30084923,0.8564148,1,1,0,-0.016479492,0.012023926,25.021484,28,207,0,0,255,2,0,1782503403.0438168,42
25.025146,25.020267,-0.16034938,0.46736142,0.695343,1,1,0,-0.0064086914,0.018676758,25.025146,29,207,1,0,255,2,0,1782503403.0438168,42
25.03296,25.026606,-0.31773764,0.46597973,0.82785034,1,1,0,-0.0126953125,0.018615723,25.032959,29,207,1,0,255,2,0,1782503403.0438168,42
25.014648,25.00674,-0.4228227,0.46563888,0.7480774,1,1,0,-0.016906738,0.018615723,25.014648,29,207,1,0,255,2,0,1782503403.0438168,42
25.031982,25.028711,-0.097768895,0.39263648,0.9145813,1,1,0,-0.00390625,0.015686035,25.031982,60,207,0,0,255,2,0,1782503403.0438168,42
25.02124,25.017643,-0.14964345,0.3970489,0.8694153,1,1,0,-0.0059814453,0.01586914,25.02124,60,207,0,0,255,2,0,1782503403.0438168,42
25.019531,25.015509,-0.20307223,0.40007555,0.82611084,1,1,0,-0.008117676,0.015991211,25.019531,60,207,0,0,255,2,0,1782503403.0438168,42
25.031248,25.026674,-0.2551025,0.40484568,0.8009949,1,1,0,-0.010192871,0.016174316,25.03125,60,207,0,0,255,2,0,1782503403.0438168,42
25.026123,25.020899,-0.30850083,0.40781733,0.7619934,1,1,0,-0.012329102,0.016296387,25.026123,60,207,0,0,255,2,0,1782503403.0438168,42
25.032469,25.025621,-0.4124469,0.41555905,0.83306885,1,1,0,-0.016479492,0.016601562,25.03247,60,207,0,0,255,2,0,1782503403.0438168,42
25.02075,25.013325,-0.1068691,0.60011065,0.6860962,1,1,0,-0.004272461,0.023986816,25.020752,61,207,1,0,255,2,0,1782503403.0438168,42
25.026365,25.01858,-0.16033857,0.6032994,0.7395325,1,1,0,-0.0064086914,0.024108887,25.026367,61,207,1,0,255,2,0,1782503403.0438168,42
25.029541,25.021294,-0.21228293,0.6064304,0.8175659,1,1,0,-0.008483887,0.024230957,25.029541,61,207,1,0,255,2,0,1782503403.0438168,42
25.026367,25.016819,-0.3176134,0.61398864,0.7579956,1,1,0,-0.0126953125,0.024536133,25.026367,61,207,1,0,255,2,0,1782503403.0438168,42
25.031738,25.02136,-0.36960506,0.6187025,0.8442688,1,1,0,-0.014770508,0.024719238,25.031738,61,207,1,0,255,2,0,1782503403.0438168,42
25.031736,25.020437,-0.4230543,0.62175715,0.8935852,1,1,0,-0.016906738,0.024841309,25.031738,61,207,1,0,255,2,0,1782503403.0438168,42
25.028078,25.021942,-0.15119644,0.53308946,0.83480835,1,1,0,-0.0060424805,0.02130127,25.028076,26,208,0,0,255,2,0,1782503403.143695,43
25.034178,25.027199,-0.25510785,0.53321946,0.84869385,1,1,0,-0.010192871,0.02130127,25.03418,26,208,0,0,255,2,0,1782503403.143695,43
25.032473,25.02489,-0.30855006,0.5331831,0.7940674,1,1,0,-0.012329102,0.02130127,25.03247,26,208,0,0,255,2,0,1782503403.143695,43
25.031494,25.029476,-0.09777188,0.30249727,0.635437,1,1,0,-0.00390625,0.012084961,25.031494,28,208,0,0,255,2,0,1782503403.143695,43
25.03125,25.028975,-0.14971122,0.30249432,0.7698059,1,1,0,-0.0059814453,0.012084961,25.03125,28,208,0,0,255,2,0,1782503403.143695,43
25.031738,25.029099,-0.2016548,0.30250022,0.7663269,1,1,0,-0.008056641,0.012084961,25.031738,28,208,0,0,255,2,0,1782503403.143695,43
25.031248,25.028122,-0.25511724,0.30249432,0.7992859,1,1,0,-0.010192871,0.012084961,25.03125,28,208,0,0,255,2,0,1782503403.143695,43
25.033934,25.030241,-0.30708808,0.30099893,0.83047485,1,1,0,-0.012268066,0.012023926,25.033936,28,208,0,0,255,2,0,1782503403.143695,43
25.031004,25.026598,-0.3605155,0.3009637,0.7342529,1,1,0,-0.014404297,0.012023926,25.031006,28,208,0,0,255,2,0,1782503403.143695,43
25.032469,25.027262,-0.41247392,0.3009813,0.71865845,1,1,0,-0.016479492,0.012023926,25.03247,28,208,0,0,255,2,0,1782503403.143695,43
25.027344,25.02208,-0.21228959,0.46740246,0.7446594,1,1,0,-0.008483887,0.018676758,25.027344,29,208,1,0,255,2,0,1782503403.143695,43
25.02637,25.020609,-0.26420447,0.46738422,0.73028564,1,1,0,-0.010559082,0.018676758,25.026367,29,208,1,0,255,2,0,1782503403.143695,43
25.027342,25.019455,-0.4215102,0.46587518,0.81140137,1,1,0,-0.016845703,0.018615723,25.027344,29,208,1,0,255,2,0,1782503403.143695,43
25.028074,25.024836,-0.09622634,0.39104778,0.7749939,1,1,0,-0.0038452148,0.015625,25.028076,60,208,0,0,255,2,0,1782503403.143695,43
25.034914,25.03137,-0.14819771,0.39421025,0.8807678,1,1,0,-0.00592041,0.01574707,25.034912,60,208,0,0,255,2,0,1782503403.143695,43
25.031738,25.02775,-0.20164394,0.39874312,0.6709595,1,1,0,-0.008056641,0.015930176,25.031738,60,208,0,0,255,2,0,1782503403.143695,43
25.032228,25.027718,-0.2535854,0.4018062,0.85128784,1,1,0,-0.010131836,0.016052246,25.032227,60,208,0,0,255,2,0,1782503403.143695,43
25.034424,25.029259,-0.3055481,0.40642482,0.7619934,1,1,0,-0.012207031,0.016235352,25.034424,60,208,0,0,255,2,0,1782503403.143695,43
25.03247,25.026548,-0.35898694,0.40944842,0.96917725,1,1,0,-0.014343262,0.016357422,25.03247,60,208,0,0,255,2,0,1782503403.143695,43
25.034912,25.028114,-0.41095996,0.41407177,0.86169434,1,1,0,-0.016418457,0.016540527,25.034912,60,208,0,0,255,2,0,1782503403.143695,43
25.032957,25.02557,-0.10539395,0.59887594,0.8175659,1,1,0,-0.004211426,0.023925781,25.032959,61,208,1,0,255,2,0,1782503403.143695,43
25.031738,25.02396,-0.15884562,0.6034289,0.7456665,1,1,0,-0.0063476562,0.024108887,25.031738,61,208,1,0,255,2,0,1782503403.143695,43
25.020752,25.01252,-0.21068172,0.60621744,0.695343,1,1,0,-0.008422852,0.024230957,25.020752,61,208,1,0,255,2,0,1782503403.143695,43
25.032959,25.02412,-0.26271403,0.6110955,0.8340149,1,1,0,-0.010498047,0.024414062,25.032959,61,208,1,0,255,2,0,1782503403.143695,43
25.031738,25.022207,-0.31615433,0.6141204,0.8710022,1,1,0,-0.012634277,0.024536133,25.031738,61,208,1,0,255,2,0,1782503403.143695,43
25.026367,25.016014,-0.3679989,0.61856973,0.8196411,1,1,0,-0.014709473,0.024719238,25.026367,61,208,1,0,255,2,0,1782503403.143695,43
25.035887,25.024612,-0.42159706,0.62186027,0.8565979,1,1,0,-0.016845703,0.024841309,25.035889,61,208,1,0,255,2,0,1782503403.143695,43
25.031008,25.025137,-0.09775493,0.53315187,0.72299194,1,1,0,-0.00390625,0.02130127,25.031006,26,209,0,0,255,2,0,1782503403.243742,44
25.03296,25.026825,-0.15122594,0.53319347,0.70477295,1,1,0,-0.0060424805,0.02130127,25.032959,26,209,0,0,255,2,0,1782503403.243742,44
25.029053,25.02255,-0.20312941,0.53311026,0.7568054,1,1,0,-0.008117676,0.02130127,25.029053,26,209,0,0,255,2,0,1782503403.243742,44
25.032715,25.02572,-0.25662038,0.5331883,0.8088074,1,1,0,-0.010253906,0.02130127,25.032715,26,209,0,0,255,2,0,1782503403.243742,44
25.031008,25.023426,-0.308532,0.53315187,0.6631775,1,1,0,-0.012329102,0.02130127,25.031006,26,209,0,0,255,2,0,1782503403.243742,44
25.032957,25.024683,-0.3604879,0.53319347,0.7342529,1,1,0,-0.014404297,0.02130127,25.032959,26,209,0,0,255,2,0,1782503403.243742,44
25.032228,25.023125,-0.41393343,0.53317785,0.8851013,1,1,0,-0.016540527,0.02130127,25.032227,26,209,0,0,255,2,0,1782503403.243742,44
25.03247,25.030458,-0.09624796,0.30250907,0.84695435,1,1,0,-0.0038452148,0.012084961,25.03247,28,209,0,0,255,2,0,1782503403.243742,44
25.017332,25.015078,-0.1496281,0.3007993,1.0053406,1,1,0,-0.0059814453,0.012023926,25.017334,28,209,0,0,255,2,0,1782503403.243742,44
25.021484,25.018864,-0.20157234,0.30084923,0.8477478,1,1,0,-0.008056641,0.012023926,25.021484,28,209,0,0,255,2,0,1782503403.243742,44
25.032715,25.029621,-0.25360468,0.30098426,0.70825195,1,1,0,-0.010131836,0.012023926,25.032715,28,209,0,0,255,2,0,1782503403.243742,44
25.032469,25.028776,-0.3070701,0.3009813,0.8972168,1,1,0,-0.012268066,0.012023926,25.03247,28,209,0,0,255,2,0,1782503403.243742,44
25.021242,25.01686,-0.35884795,0.30084628,0.7914734,1,1,0,-0.014343262,0.012023926,25.02124,28,209,0,0,255,2,0,1782503403.243742,44
25.027102,25.021917,-0.41085818,0.30091673,0.83828735,1,1,0,-0.016418457,0.012023926,25.0271,28,209,0,0,255,2,0,1782503403.243742,44
25.026367,25.021803,-0.106905326,0.465857,0.67276,1,1,0,-0.004272461,0.018615723,25.026367,29,209,1,0,255,2,0,1782503403.243742,44
25.027344,25.022503,-0.15883636,0.46587518,0.76828,1,1,0,-0.0063476562,0.018615723,25.027344,29,209,1,0,255,2,0,1782503403.243742,44
25.023926,25.018196,-0.264179,0.46581158,0.67684937,1,1,0,-0.010559082,0.018615723,25.023926,29,209,1,0,255,2,0,1782503403.243742,44
25.031738,25.028479,-0.09471271,0.39263263,0.70651245,1,1,0,-0.0037841797,0.015686035,25.031738,60,209,0,0,255,2,0,1782503403.243742,44
25.031494,25.027927,-0.14817733,0.39568403,0.83654785,1,1,0,-0.00592041,0.015808105,25.031494,60,209,0,0,255,2,0,1782503403.243742,44
25.031252,25.02725,-0.20011228,0.40026292,0.7325134,1,1,0,-0.0079956055,0.015991211,25.03125,60,209,0,0,255,2,0,1782503403.243742,44
25.031248,25.02673,-0.25204775,0.40331814,0.6285095,1,1,0,-0.010070801,0.016113281,25.03125,60,209,0,0,255,2,0,1782503403.243742,44
25.03418,25.02899,-0.30554482,0.4079486,0.82006836,1,1,0,-0.012207031,0.016296387,25.03418,60,209,0,0,255,2,0,1782503403.243742,44
25.02124,25.015316,-0.35729873,0.4107917,0.8694153,1,1,0,-0.014282227,0.016418457,25.02124,60,209,0,0,255,2,0,1782503403.243742,44
25.033934,25.027136,-0.40941593,0.41558337,0.7810669,1,1,0,-0.016357422,0.016601562,25.033936,60,209,0,0,255,2,0,1782503403.243742,44
25.026367,25.018562,-0.1572843,0.60482645,0.7210388,1,1,0,-0.006286621,0.024169922,25.026367,61,209,1,0,255,2,0,1782503403.243742,44
25.02954,25.02128,-0.20922823,0.6079576,0.69433594,1,1,0,-0.008361816,0.024291992,25.029541,61,209,1,0,255,2,0,1782503403.243742,44
25.023926,25.01356,-0.36643577,0.62003624,0.72720337,1,1,0,-0.0146484375,0.024780273,25.023926,61,209,1,0,255,2,0,1782503403.243742,44
25.030762,25.019476,-0.41998303,0.6232602,0.84017944,1,1,0,-0.016784668,0.024902344,25.030762,61,209,1,0,255,2,0,1782503403.243742,44
25.03296,25.027102,-0.094707504,0.53319347,0.85128784,1,1,0,-0.0037841797,0.02130127,25.032959,26,210,0,0,255,2,0,1782503403.3442826,45
25.033205,25.026726,-0.2001081,0.53319865,0.658844,1,1,0,-0.0079956055,0.02130127,25.033203,26,210,0,0,255,2,0,1782503403.3442826,45
25.031738,25.02479,-0.2520282,0.5331675,1.0047302,1,1,0,-0.010070801,0.02130127,25.031738,26,210,0,0,255,2,0,1782503403.3442826,45
25.03003,25.022486,-0.30546543,0.53313106,0.6631775,1,1,0,-0.012207031,0.02130127,25.03003,26,210,0,0,255,2,0,1782503403.3442826,45
25.03247,25.02424,-0.35742617,0.5331831,0.7325134,1,1,0,-0.014282227,0.02130127,25.03247,26,210,0,0,255,2,0,1782503403.3442826,45
25.034914,25.032286,-0.20015255,0.30253857,0.84869385,1,1,0,-0.0079956055,0.012084961,25.034912,28,210,0,0,255,2,0,1782503403.3442826,45
25.021729,25.018618,-0.2534932,0.30237925,0.8581543,1,1,0,-0.010131836,0.012084961,25.021729,28,210,0,0,255,2,0,1782503403.3442826,45
25.031004,25.02733,-0.3055246,0.3009637,0.7602539,1,1,0,-0.012207031,0.012023926,25.031006,28,210,0,0,255,2,0,1782503403.3442826,45
25.02295,25.017767,-0.41079006,0.30086684,0.88412476,1,1,0,-0.016418457,0.012023926,25.02295,28,210,0,0,255,2,0,1782503403.3442826,45
25.031738,25.026876,-0.15733656,0.46748453,0.829895,1,1,0,-0.006286621,0.018676758,25.031738,29,210,1,0,255,2,0,1782503403.3442826,45
25.029541,25.023796,-0.26271063,0.4674435,0.75183105,1,1,0,-0.010498047,0.018676758,25.029541,29,210,1,0,255,2,0,1782503403.3442826,45
25.025146,25.018105,-0.36802965,0.4658343,0.6368103,1,1,0,-0.014709473,0.018615723,25.025146,29,210,1,0,255,2,0,1782503403.3442826,45
25.028074,25.024841,-0.09469895,0.39104778,0.70043945,1,1,0,-0.0037841797,0.015625,25.028076,60,210,0,0,255,2,0,1782503403.3442826,45
25.03247,25.028913,-0.14665547,0.39569947,0.7862549,1,1,0,-0.005859375,0.015808105,25.03247,60,210,0,0,255,2,0,1782503403.3442826,45
25.032715,25.02874,-0.2001242,0.39875868,0.8044739,1,1,0,-0.0079956055,0.015930176,25.032715,60,210,0,0,255,2,0,1782503403.3442826,45
25.031492,25.026974,-0.2520502,0.40332207,0.7732544,1,1,0,-0.010070801,0.016113281,25.031494,60,210,0,0,255,2,0,1782503403.3442826,45
25.03125,25.026104,-0.3039819,0.4063733,0.7732544,1,1,0,-0.012145996,0.016235352,25.03125,60,210,0,0,255,2,0,1782503403.3442826,45
25.03125,25.025324,-0.35744166,0.41095603,0.7914734,1,1,0,-0.014282227,0.016418457,25.03125,60,210,0,0,255,2,0,1782503403.3442826,45
25.030027,25.023256,-0.40935248,0.413991,1.0342102,1,1,0,-0.016357422,0.016540527,25.03003,60,210,0,0,255,2,0,1782503403.3442826,45
25.030762,25.023308,-0.10385709,0.60187805,0.82785034,1,1,0,-0.0041503906,0.024047852,25.030762,61,210,1,0,255,2,0,1782503403.3442826,45
25.032957,25.02466,-0.20925649,0.6095681,0.85043335,1,1,0,-0.008361816,0.024353027,25.032959,61,210,1,0,255,2,0,1782503403.3442826,45
25.032957,25.024097,-0.2611863,0.6126229,0.8668823,1,1,0,-0.010437012,0.024475098,25.032959,61,210,1,0,255,2,0,1782503403.3442826,45
25.019531,25.009167,-0.36637142,0.61992735,0.70358276,1,1,0,-0.0146484375,0.024780273,25.019531,61,210,1,0,255,2,0,1782503403.3442826,45
25.031738,25.020477,-0.4184723,0.6232845,0.8977051,1,1,0,-0.016723633,0.024902344,25.031738,61,210,1,0,255,2,0,1782503403.3442826,45
25.031494,25.025017,-0.20009443,0.5331623,0.7828064,1,1,0,-0.0079956055,0.02130127,25.031494,26,211,0,0,255,2,0,1782503403.4433055,46
25.03418,25.025127,-0.41091087,0.53321946,0.82873535,1,1,0,-0.016418457,0.02130127,25.03418,26,211,0,0,255,2,0,1782503403.4433055,46
25.020264,25.018007,-0.14659156,0.30236155,0.9949646,1,1,0,-0.005859375,0.012084961,25.020264,28,211,0,0,255,2,0,1782503403.4433055,46
25.033934,25.030855,-0.2520893,0.30099893,0.8027344,1,1,0,-0.010070801,0.012023926,25.033936,28,211,0,0,255,2,0,1782503403.4433055,46
25.022703,25.018343,-0.35734195,0.3008639,0.88153076,1,1,0,-0.014282227,0.012023926,25.022705,28,211,0,0,255,2,0,1782503403.4433055,46
25.022703,25.017548,-0.40925908,0.3008639,0.95166016,1,1,0,-0.016357422,0.012023926,25.022705,28,211,0,0,255,2,0,1782503403.4433055,46
25.014648,25.009792,-0.15722916,0.46716538,0.65982056,1,1,0,-0.006286621,0.018676758,25.014648,29,211,1,0,255,2,0,1782503403.4433055,46
25.020752,25.014439,-0.31452918,0.46575248,0.6974182,1,1,0,-0.012573242,0.018615723,25.020752,29,211,1,0,255,2,0,1782503403.4433055,46
25.030762,25.023739,-0.3665849,0.4659388,0.7487488,1,1,0,-0.0146484375,0.018615723,25.030762,29,211,1,0,255,2,0,1782503403.4433055,46
25.023926,25.016066,-0.4199258,0.46581158,0.7713623,1,1,0,-0.016784668,0.018615723,25.023926,29,211,1,0,255,2,0,1782503403.4433055,46
25.03247,25.029188,-0.094715394,0.3941718,1.0402832,1,1,0,-0.0037841797,0.01574707,25.03247,60,211,0,0,255,2,0,1782503403.4433055,46
25.03247,25.02889,-0.14665534,0.3972271,0.85910034,1,1,0,-0.005859375,0.01586914,25.03247,60,211,0,0,255,2,0,1782503403.4433055,46
25.019775,25.015753,-0.20002036,0.40160635,0.8434143,1,1,0,-0.0079956055,0.016052246,25.019775,60,211,0,0,255,2,0,1782503403.4433055,46
25.031736,25.027193,-0.2520524,0.40485358,0.7879944,1,1,0,-0.010070801,0.016174316,25.031738,60,211,0,0,255,2,0,1782503403.4433055,46
25.025146,25.019953,-0.3039072,0.4093286,0.69869995,1,1,0,-0.012145996,0.016357422,25.025146,60,211,0,0,255,2,0,1782503403.4433055,46
25.032957,25.026134,-0.40939954,0.41709483,0.83480835,1,1,0,-0.016357422,0.016662598,25.032959,60,211,0,0,255,2,0,1782503403.4433055,46
25.02075,25.013338,-0.10381571,0.60011065,0.68200684,1,1,0,-0.0041503906,0.023986816,25.020752,61,211,1,0,255,2,0,1782503403.4433055,46
25.028564,25.02076,-0.15729812,0.60487956,0.7395325,1,1,0,-0.006286621,0.024169922,25.028564,61,211,1,0,255,2,0,1782503403.4433055,46
25.026367,25.018108,-0.20920171,0.60788053,0.73028564,1,1,0,-0.008361816,0.024291992,25.026367,61,211,1,0,255,2,0,1782503403.4433055,46
25.027342,25.018484,-0.2611277,0.6124855,0.7312927,1,1,0,-0.010437012,0.024475098,25.027344,61,211,1,0,255,2,0,1782503403.4433055,46
25.028564,25.018234,-0.36650422,0.61862403,0.7713623,1,1,0,-0.0146484375,0.024719238,25.028564,61,211,1,0,255,2,0,1782503403.4433055,46
25.027342,25.016058,-0.4199257,0.6231751,0.78778076,1,1,0,-0.016784668,0.024902344,25.027344,61,211,1,0,255,2,0,1782503403.4433055,46
25.031006,25.025143,-0.09622752,0.53315187,0.7585144,1,1,0,-0.0038452148,0.02130127,25.031006,26,212,0,0,255,2,0,1782503403.543421,47
25.031494,25.025368,-0.14968966,0.5331623,0.70999146,1,1,0,-0.0059814453,0.02130127,25.031494,26,212,0,0,255,2,0,1782503403.543421,47
25.032959,25.026468,-0.20163362,0.53319347,0.74380493,1,1,0,-0.008056641,0.02130127,25.032959,26,212,0,0,255,2,0,1782503403.543421,47
25.020996,25.012747,-0.35878897,0.53293866,0.88412476,1,1,0,-0.014343262,0.02130127,25.020996,26,212,0,0,255,2,0,1782503403.543421,47
25.0271,25.02485,-0.14815912,0.30091673,0.7533264,1,1,0,-0.00592041,0.012023926,25.0271,28,212,0,0,255,2,0,1782503403.543421,47
25.032469,25.029848,-0.20166084,0.3009813,0.7507324,1,1,0,-0.008056641,0.012023926,25.03247,28,212,0,0,255,2,0,1782503403.543421,47
25.033445,25.030352,-0.2536121,0.30099306,0.7455139,1,1,0,-0.010131836,0.012023926,25.033447,28,212,0,0,255,2,0,1782503403.543421,47
25.02173,25.016548,-0.41077003,0.30085215,0.8338928,1,1,0,-0.016418457,0.012023926,25.021729,28,212,0,0,255,2,0,1782503403.543421,47
25.019531,25.014975,-0.105349325,0.46572977,0.6101074,1,1,0,-0.004211426,0.018615723,25.019531,29,212,1,0,255,2,0,1782503403.543421,47
25.025146,25.020308,-0.15882243,0.4658343,0.69021606,1,1,0,-0.0063476562,0.018615723,25.025146,29,212,1,0,255,2,0,1782503403.543421,47
25.019531,25.013817,-0.26260588,0.46572977,0.6635132,1,1,0,-0.010498047,0.018615723,25.019531,29,212,1,0,255,2,0,1782503403.543421,47
25.028564,25.02152,-0.3680799,0.46589792,0.8977051,1,1,0,-0.014709473,0.018615723,25.028564,29,212,1,0,255,2,0,1782503403.543421,47
25.018066,25.010208,-0.41982746,0.4657025,0.8291321,1,1,0,-0.016784668,0.018615723,25.018066,29,212,1,0,255,2,0,1782503403.543421,47
25.03125,25.02801,-0.096238546,0.39109737,0.7533264,1,1,0,-0.0038452148,0.015625,25.03125,60,212,0,0,255,2,0,1782503403.543421,47
25.032225,25.02865,-0.14970928,0.39569563,0.7637329,1,1,0,-0.0059814453,0.015808105,25.032227,60,212,0,0,255,2,0,1782503403.543421,47
25.032227,25.028238,-0.20164788,0.3987509,0.7455139,1,1,0,-0.008056641,0.015930176,25.032227,60,212,0,0,255,2,0,1782503403.543421,47
25.035156,25.03062,-0.25361484,0.40338108,0.7767334,1,1,0,-0.010131836,0.016113281,25.035156,60,212,0,0,255,2,0,1782503403.543421,47
25.031492,25.02631,-0.30703986,0.40637726,0.98480225,1,1,0,-0.012268066,0.016235352,25.031494,60,212,0,0,255,2,0,1782503403.543421,47
25.031252,25.024454,-0.41089982,0.41401118,0.6362915,1,1,0,-0.016418457,0.016540527,25.03125,60,212,0,0,255,2,0,1782503403.543421,47
25.031736,25.024307,-0.106916025,0.6003741,0.8730469,1,1,0,-0.004272461,0.023986816,25.031738,61,212,1,0,255,2,0,1782503403.543421,47
25.029541,25.021763,-0.15883167,0.6033759,0.75491333,1,1,0,-0.0063476562,0.024108887,25.029541,61,212,1,0,255,2,0,1782503403.543421,47
25.032959,25.024687,-0.2107842,0.60804063,0.8935852,1,1,0,-0.008422852,0.024291992,25.032959,61,212,1,0,255,2,0,1782503403.543421,47
25.021729,25.012877,-0.2641228,0.61082137,0.7991028,1,1,0,-0.010559082,0.024414062,25.021729,61,212,1,0,255,2,0,1782503403.543421,47
25.021729,25.012163,-0.31602743,0.61540157,0.66967773,1,1,0,-0.012634277,0.024597168,25.021729,61,212,1,0,255,2,0,1782503403.543421,47
25.015871,25.005522,-0.36784455,0.6183102,0.68136597,1,1,0,-0.014709473,0.024719238,25.01587,61,212,1,0,255,2,0,1782503403.543421,47
25.02954,25.018229,-0.42148954,0.6232298,0.83813477,1,1,0,-0.016845703,0.024902344,25.029541,61,212,1,0,255,2,0,1782503403.543421,47
25.032228,25.026363,-0.09623221,0.53317785,0.7698059,1,1,0,-0.0038452148,0.02130127,25.032227,26,213,0,0,255,2,0,1782503403.6437445,48
25.031738,25.025248,-0.20162378,0.5331675,0.6805115,1,1,0,-0.008056641,0.02130127,25.031738,26,213,0,0,255,2,0,1782503403.6437445,48
25.033447,25.025885,-0.30703464,0.5332039,0.99346924,1,1,0,-0.012268066,0.02130127,25.033447,26,213,0,0,255,2,0,1782503403.6437445,48
25.02905,25.0208,-0.3589045,0.53311026,0.7420654,1,1,0,-0.014343262,0.02130127,25.029053,26,213,0,0,255,2,0,1782503403.6437445,48
25.031008,25.028982,-0.099297635,0.30249137,1.0766907,1,1,0,-0.003967285,0.012084961,25.031006,28,213,0,0,255,2,0,1782503403.6437445,48
25.031252,25.028984,-0.15123898,0.30096665,0.82006836,1,1,0,-0.0060424805,0.012023926,25.03125,28,213,0,0,255,2,0,1782503403.6437445,48
25.028076,25.025442,-0.20315288,0.30092847,0.83047485,1,1,0,-0.008117676,0.012023926,25.028076,28,213,0,0,255,2,0,1782503403.6437445,48
25.03003,25.026903,-0.2566325,0.30095196,1.0602112,1,1,0,-0.010253906,0.012023926,25.03003,28,213,0,0,255,2,0,1782503403.6437445,48
25.032715,25.028286,-0.3620677,0.30098426,0.71951294,1,1,0,-0.014465332,0.012023926,25.032715,28,213,0,0,255,2,0,1782503403.6437445,48
25.022219,25.016987,-0.4138319,0.30085802,1.0278625,1,1,0,-0.016540527,0.012023926,25.022217,28,213,0,0,255,2,0,1782503403.6437445,48
25.02295,25.018549,-0.056499507,0.4657934,0.7949829,1,1,0,-0.0022583008,0.018615723,25.02295,29,213,1,0,255,2,0,1782503403.6437445,48
25.028563,25.02399,-0.10844205,0.46589792,0.68917847,1,1,0,-0.004333496,0.018615723,25.028564,29,213,1,0,255,2,0,1782503403.6437445,48
25.027342,25.022491,-0.16036363,0.46587518,0.7846985,1,1,0,-0.0064086914,0.018615723,25.027344,29,213,1,0,255,2,0,1782503403.6437445,48
25.021482,25.015738,-0.26568007,0.46576613,0.90097046,1,1,0,-0.010620117,0.018615723,25.021484,29,213,1,0,255,2,0,1782503403.6437445,48
25.015867,25.00796,-0.42284334,0.4656616,0.8065491,1,1,0,-0.016906738,0.018615723,25.01587,29,213,1,0,255,2,0,1782503403.6437445,48
25.032469,25.028875,-0.15276603,0.39569947,0.84869385,1,1,0,-0.0061035156,0.015808105,25.03247,60,213,0,0,255,2,0,1782503403.6437445,48
25.032715,25.028677,-0.20470688,0.40028635,1.0342102,1,1,0,-0.008178711,0.015991211,25.032715,60,213,0,0,255,2,0,1782503403.6437445,48
25.032469,25.027905,-0.2566428,0.4033378,0.87210083,1,1,0,-0.010253906,0.016113281,25.03247,60,213,0,0,255,2,0,1782503403.6437445,48
25.031248,25.026005,-0.3100915,0.4079009,0.72732544,1,1,0,-0.012390137,0.016296387,25.03125,60,213,0,0,255,2,0,1782503403.6437445,48
25.032225,25.026234,-0.36203802,0.41097206,0.7533264,1,1,0,-0.014465332,0.016418457,25.032227,60,213,0,0,255,2,0,1782503403.6437445,48
25.03003,25.023157,-0.41393396,0.41551852,0.70391846,1,1,0,-0.016540527,0.016601562,25.03003,60,213,0,0,255,2,0,1782503403.6437445,48
25.02954,25.022165,-0.056507677,0.60490316,0.81140137,1,1,0,-0.0022583008,0.024169922,25.029541,61,213,1,0,255,2,0,1782503403.6437445,48
25.016846,25.009052,-0.16180398,0.60306984,0.732666,1,1,0,-0.0064697266,0.024108887,25.016846,61,213,1,0,255,2,0,1782503403.6437445,48
25.023926,25.015629,-0.21376179,0.6078212,0.69226074,1,1,0,-0.008544922,0.024291992,25.023926,61,213,1,0,255,2,0,1782503403.6437445,48
25.030762,25.021875,-0.26727262,0.6110419,0.81140137,1,1,0,-0.010681152,0.024414062,25.030762,61,213,1,0,255,2,0,1782503403.6437445,48
25.028564,25.018995,-0.31916833,0.6140426,0.7374573,1,1,0,-0.012756348,0.024536133,25.028564,61,213,1,0,255,2,0,1782503403.6437445,48
25.01587,25.005476,-0.370897,0.6183102,0.8024597,1,1,0,-0.014831543,0.024719238,25.01587,61,213,1,0,255,2,0,1782503403.6437445,48
25.01587,25.00455,-0.42431226,0.621363,0.8229675,1,1,0,-0.016967773,0.024841309,25.01587,61,213,1,0,255,2,0,1782503403.6437445,48
25.03125,25.025387,-0.09622846,0.53315705,0.7958069,1,1,0,-0.0038452148,0.02130127,25.03125,26,214,0,0,255,2,0,1782503403.743526,49
25.032717,25.026598,-0.14816946,0.5331883,0.7307739,1,1,0,-0.00592041,0.02130127,25.032715,26,214,0,0,255,2,0,1782503403.743526,49
25.02905,25.022562,-0.20160215,0.53311026,0.7637329,1,1,0,-0.008056641,0.02130127,25.029053,26,214,0,0,255,2,0,1782503403.743526,49
25.028076,25.021114,-0.2535185,0.53308946,0.7472534,1,1,0,-0.010131836,0.02130127,25.028076,26,214,0,0,255,2,0,1782503403.743526,49
25.026123,25.018581,-0.30541775,0.53304785,0.95706177,1,1,0,-0.012207031,0.02130127,25.026123,26,214,0,0,255,2,0,1782503403.743526,49
25.034182,25.032173,-0.09472669,0.30252972,1.0029907,1,1,0,-0.0037841797,0.012084961,25.03418,28,214,0,0,255,2,0,1782503403.743526,49
25.03003,25.027773,-0.14664878,0.30247957,0.7585144,1,1,0,-0.005859375,0.012084961,25.03003,28,214,0,0,255,2,0,1782503403.743526,49
25.03125,25.028635,-0.19859564,0.30249432,0.82702637,1,1,0,-0.00793457,0.012084961,25.03125,28,214,0,0,255,2,0,1782503403.743526,49
25.031494,25.028397,-0.25206453,0.30249727,1.0212097,1,1,0,-0.010070801,0.012084961,25.031494,28,214,0,0,255,2,0,1782503403.743526,49
25.019775,25.01612,-0.30386066,0.30082867,0.711792,1,1,0,-0.012145996,0.012023926,25.019775,28,214,0,0,255,2,0,1782503403.743526,49
25.03125,25.026909,-0.35593644,0.30096665,0.6657715,1,1,0,-0.014221191,0.012023926,25.03125,28,214,0,0,255,2,0,1782503403.743526,49
25.019775,25.01462,-0.4092112,0.30082867,1.1681519,1,1,0,-0.016357422,0.012023926,25.019775,28,214,0,0,255,2,0,1782503403.743526,49
25.029541,25.02496,-0.10386395,0.4674435,0.74053955,1,1,0,-0.0041503906,0.018676758,25.029541,29,214,1,0,255,2,0,1782503403.743526,49
25.028564,25.023714,-0.1557893,0.46742526,0.77545166,1,1,0,-0.006225586,0.018676758,25.028564,29,214,1,0,255,2,0,1782503403.743526,49
25.025146,25.019907,-0.20921674,0.46736142,0.6409302,1,1,0,-0.008361816,0.018676758,25.025146,29,214,1,0,255,2,0,1782503403.743526,49
25.030762,25.025032,-0.26119605,0.4674663,0.92645264,1,1,0,-0.010437012,0.018676758,25.030762,29,214,1,0,255,2,0,1782503403.743526,49
25.031738,25.025442,-0.31313986,0.465957,0.77752686,1,1,0,-0.012512207,0.018615723,25.031738,29,214,1,0,255,2,0,1782503403.743526,49
25.032227,25.029003,-0.097770035,0.38958496,0.85736084,1,1,0,-0.00390625,0.015563965,25.032227,60,214,0,0,255,2,0,1782503403.743526,49
25.032225,25.028698,-0.14970957,0.3926403,0.9059143,1,1,0,-0.0059814453,0.015686035,25.032227,60,214,0,0,255,2,0,1782503403.743526,49
25.032715,25.028751,-0.201652,0.39723098,0.7845459,1,1,0,-0.008056641,0.01586914,25.032715,60,214,0,0,255,2,0,1782503403.743526,49
25.031248,25.026749,-0.25510326,0.40026292,0.69610596,1,1,0,-0.010192871,0.015991211,25.03125,60,214,0,0,255,2,0,1782503403.743526,49
25.030027,25.02487,-0.30702218,0.40482596,0.81399536,1,1,0,-0.012268066,0.016174316,25.03003,60,214,0,0,255,2,0,1782503403.743526,49
25.032225,25.026327,-0.35898378,0.4079168,0.7958069,1,1,0,-0.014343262,0.016296387,25.032227,60,214,0,0,255,2,0,1782503403.743526,49
25.031494,25.024696,-0.41243166,0.41248766,0.7550659,1,1,0,-0.016479492,0.016479492,25.031494,60,214,0,0,255,2,0,1782503403.743526,49
25.026365,25.018938,-0.106893085,0.6002453,0.7446594,1,1,0,-0.004272461,0.023986816,25.026367,61,214,1,0,255,2,0,1782503403.743526,49
25.026367,25.01859,-0.15881154,0.6032994,0.66864014,1,1,0,-0.0063476562,0.024108887,25.026367,61,214,1,0,255,2,0,1782503403.743526,49
25.031738,25.023453,-0.21230124,0.60801095,0.91000366,1,1,0,-0.008483887,0.024291992,25.031738,61,214,1,0,255,2,0,1782503403.743526,49
25.023926,25.015074,-0.26414603,0.610875,0.8833008,1,1,0,-0.010559082,0.024414062,25.023926,61,214,1,0,255,2,0,1782503403.743526,49
25.027344,25.017776,-0.31609833,0.61553967,0.7333679,1,1,0,-0.012634277,0.024597168,25.027344,61,214,1,0,255,2,0,1782503403.743526,49
25.032957,25.022581,-0.3696231,0.61873263,0.8422241,1,1,0,-0.014770508,0.024719238,25.032959,61,214,1,0,255,2,0,1782503403.743526,49
25.021484,25.010176,-0.42135385,0.6230292,0.8065491,1,1,0,-0.016845703,0.024902344,25.021484,61,214,1,0,255,2,0,1782503403.743526,49
25.03003,25.023539,-0.20161001,0.53313106,0.70999146,1,1,0,-0.008056641,0.02130127,25.03003,26,215,0,0,255,2,0,1782503403.8433611,50
25.032957,25.025396,-0.30702865,0.53319347,0.7767334,1,1,0,-0.012268066,0.02130127,25.032959,26,215,0,0,255,2,0,1782503403.8433611,50
25.034424,25.025372,-0.4109149,0.5332247,0.8998413,1,1,0,-0.016418457,0.02130127,25.034424,26,215,0,0,255,2,0,1782503403.8433611,50
25.034182,25.032179,-0.09319885,0.30252972,0.86776733,1,1,0,-0.0037231445,0.012084961,25.03418,28,215,0,0,255,2,0,1782503403.8433611,50
25.019531,25.017275,-0.14658727,0.3023527,1.0365295,1,1,0,-0.005859375,0.012084961,25.019531,28,215,0,0,255,2,0,1782503403.8433611,50
25.028076,25.025478,-0.1985706,0.30092847,0.7680664,1,1,0,-0.00793457,0.012023926,25.028076,28,215,0,0,255,2,0,1782503403.8433611,50
25.02905,25.025988,-0.25051266,0.30094022,0.7715454,1,1,0,-0.010009766,0.012023926,25.029053,28,215,0,0,255,2,0,1782503403.8433611,50
25.03003,25.026373,-0.30398518,0.30095196,0.7845459,1,1,0,-0.012145996,0.012023926,25.03003,28,215,0,0,255,2,0,1782503403.8433611,50
25.033447,25.028288,-0.40943477,0.30099306,0.8027344,1,1,0,-0.016357422,0.012023926,25.033447,28,215,0,0,255,2,0,1782503403.8433611,50
25.026367,25.021788,-0.10385078,0.46738422,0.77545166,1,1,0,-0.0041503906,0.018676758,25.026367,29,215,1,0,255,2,0,1782503403.8433611,50
25.027344,25.022495,-0.15578172,0.46740246,0.75183105,1,1,0,-0.006225586,0.018676758,25.027344,29,215,1,0,255,2,0,1782503403.8433611,50
25.025146,25.01992,-0.20768966,0.46736142,0.695343,1,1,0,-0.008300781,0.018676758,25.025146,29,215,1,0,255,2,0,1782503403.8433611,50
25.032959,25.025936,-0.36661708,0.46597973,0.8340149,1,1,0,-0.0146484375,0.018615723,25.032959,29,215,1,0,255,2,0,1782503403.8433611,50
25.02246,25.014627,-0.41837442,0.4657843,0.83117676,1,1,0,-0.016723633,0.018615723,25.02246,29,215,1,0,255,2,0,1782503403.8433611,50
25.02417,25.020924,-0.097738475,0.39098674,0.71258545,1,1,0,-0.00390625,0.015625,25.02417,60,215,0,0,255,2,0,1782503403.8433611,50
25.03345,25.029888,-0.15124445,0.39418718,0.7975464,1,1,0,-0.0060424805,0.01574707,25.033447,60,215,0,0,255,2,0,1782503403.8433611,50
25.031736,25.027737,-0.20317152,0.39874312,0.82180786,1,1,0,-0.008117676,0.015930176,25.031738,60,215,0,0,255,2,0,1782503403.8433611,50
25.031248,25.026724,-0.255103,0.40179053,0.85562134,1,1,0,-0.010192871,0.016052246,25.03125,60,215,0,0,255,2,0,1782503403.8433611,50
25.016602,25.011404,-0.3083838,0.40613547,1.0070801,1,1,0,-0.012329102,0.016235352,25.016602,60,215,0,0,255,2,0,1782503403.8433611,50
25.032227,25.026281,-0.36051095,0.40944442,0.72125244,1,1,0,-0.014404297,0.016357422,25.032227,60,215,0,0,255,2,0,1782503403.8433611,50
25.031982,25.02516,-0.4124393,0.4140233,0.7897339,1,1,0,-0.016479492,0.016540527,25.031982,60,215,0,0,255,2,0,1782503403.8433611,50
25.028563,25.021172,-0.10690263,0.5987708,0.81347656,1,1,0,-0.004272461,0.023925781,25.028564,61,215,1,0,255,2,0,1782503403.8433611,50
25.027342,25.019592,-0.16034505,0.60179585,0.7816162,1,1,0,-0.0064086914,0.024047852,25.027344,61,215,1,0,255,2,0,1782503403.8433611,50
25.028564,25.020317,-0.21227464,0.60640675,0.8956299,1,1,0,-0.008483887,0.024230957,25.028564,61,215,1,0,255,2,0,1782503403.8433611,50
25.031736,25.022903,-0.26575616,0.6095384,0.93673706,1,1,0,-0.010620117,0.024353027,25.031738,61,215,1,0,255,2,0,1782503403.8433611,50
25.025146,25.015598,-0.3175979,0.6139587,0.6357727,1,1,0,-0.0126953125,0.024536133,25.025146,61,215,1,0,255,2,0,1782503403.8433611,50
25.019533,25.0092,-0.36942542,0.61687416,0.6860962,1,1,0,-0.014770508,0.024658203,25.019531,61,215,1,0,255,2,0,1782503403.8433611,50
25.023924,25.012629,-0.42292228,0.62156314,0.68917847,1,1,0,-0.016906738,0.024841309,25.023926,61,215,1,0,255,2,0,1782503403.8433611,50
25.03125,25.025393,-0.09470104,0.53315705,0.85562134,1,1,0,-0.0037841797,0.02130127,25.03125,26,216,0,0,255,2,0,1782503403.9431677,51
25.031738,25.02526,-0.20009638,0.5331675,0.82528687,1,1,0,-0.0079956055,0.02130127,25.031738,26,216,0,0,255,2,0,1782503403.9431677,51
25.033447,25.02525,-0.3574406,0.53167635,0.82873535,1,1,0,-0.014282227,0.021240234,25.033447,26,216,0,0,255,2,0,1782503403.9431677,51
25.032717,25.023697,-0.4108874,0.5316608,0.68136597,1,1,0,-0.016418457,0.021240234,25.032715,26,216,0,0,255,2,0,1782503403.9431677,51
25.031494,25.029488,-0.09471653,0.30249727,0.7568054,1,1,0,-0.0037841797,0.012084961,25.031494,28,216,0,0,255,2,0,1782503403.9431677,51
25.03296,25.030333,-0.20013693,0.30251497,0.673584,1,1,0,-0.0079956055,0.012084961,25.032959,28,216,0,0,255,2,0,1782503403.9431677,51
25.031248,25.028152,-0.25206205,0.30249432,0.85128784,1,1,0,-0.010070801,0.012084961,25.03125,28,216,0,0,255,2,0,1782503403.9431677,51
25.031736,25.026579,-0.4094068,0.30097252,0.9076233,1,1,0,-0.016357422,0.012023926,25.031738,28,216,0,0,255,2,0,1782503403.9431677,51
25.02246,25.017221,-0.20919429,0.46731126,0.9420166,1,1,0,-0.008361816,0.018676758,25.02246,29,216,1,0,255,2,0,1782503403.9431677,51
25.02246,25.015442,-0.36646333,0.4657843,0.85375977,1,1,0,-0.0146484375,0.018615723,25.02246,29,216,1,0,255,2,0,1782503403.9431677,51
25.02637,25.018507,-0.4199668,0.465857,0.66763306,1,1,0,-0.016784668,0.018615723,25.026367,29,216,1,0,255,2,0,1782503403.9431677,51
25.032227,25.028961,-0.096242204,0.3926403,0.8070679,1,1,0,-0.0038452148,0.015686035,25.032227,60,216,0,0,255,2,0,1782503403.9431677,51
25.032715,25.029148,-0.14818455,0.39570335,0.86343384,1,1,0,-0.00592041,0.015808105,25.032715,60,216,0,0,255,2,0,1782503403.9431677,51
25.027098,25.023087,-0.20160638,0.40019658,0.71084595,1,1,0,-0.008056641,0.015991211,25.0271,60,216,0,0,255,2,0,1782503403.9431677,51
25.031006,25.026472,-0.2535728,0.4033142,0.7325134,1,1,0,-0.010131836,0.016113281,25.031006,60,216,0,0,255,2,0,1782503403.9431677,51
25.0271,25.021912,-0.3054584,0.40783325,0.8122864,1,1,0,-0.012207031,0.016296387,25.0271,60,216,0,0,255,2,0,1782503403.9431677,51
25.032225,25.026278,-0.35898307,0.41097206,0.84869385,1,1,0,-0.014343262,0.016418457,25.032227,60,216,0,0,255,2,0,1782503403.9431677,51
25.026125,25.019302,-0.41081524,0.41545367,0.86776733,1,1,0,-0.016418457,0.016601562,25.026123,60,216,0,0,255,2,0,1782503403.9431677,51
25.030762,25.02249,-0.21076569,0.6079872,0.8545532,1,1,0,-0.008422852,0.024291992,25.030762,61,216,1,0,255,2,0,1782503403.9431677,51
25.021484,25.011919,-0.31602433,0.61539555,0.77783203,1,1,0,-0.012634277,0.024597168,25.021484,61,216,1,0,255,2,0,1782503403.9431677,51
25.022459,25.012072,-0.3679409,0.61999995,0.86813354,1,1,0,-0.014709473,0.024780273,25.02246,61,216,1,0,255,2,0,1782503403.9431677,51
25.035156,25.02928,-0.09929881,0.53324026,0.82006836,1,1,0,-0.003967285,0.02130127,25.035156,26,217,0,0,255,2,0,1782503404.0435822,52
25.031008,25.024872,-0.15121414,0.53315187,0.82528687,1,1,0,-0.0060424805,0.02130127,25.031006,26,217,0,0,255,2,0,1782503404.0435822,52
25.032715,25.024418,-0.36201176,0.5331883,0.71084595,1,1,0,-0.014465332,0.02130127,25.032715,26,217,0,0,255,2,0,1782503404.0435822,52
25.032715,25.030476,-0.14666462,0.30098426,0.8027344,1,1,0,-0.005859375,0.012023926,25.032715,28,217,0,0,255,2,0,1782503404.0435822,52
25.03247,25.029861,-0.20013316,0.3009813,0.86343384,1,1,0,-0.0079956055,0.012023926,25.03247,28,217,0,0,255,2,0,1782503404.0435822,52
25.016846,25.012268,-0.10381127,0.4672064,0.7798767,1,1,0,-0.0041503906,0.018676758,25.016846,29,217,1,0,255,2,0,1782503404.0435822,52
25.018309,25.011997,-0.31449848,0.46570703,0.64193726,1,1,0,-0.012573242,0.018615723,25.01831,29,217,1,0,255,2,0,1782503404.0435822,52
25.01587,25.00801,-0.4197906,0.4656616,0.8188782,1,1,0,-0.016784668,0.018615723,25.01587,29,217,1,0,255,2,0,1782503404.0435822,52
25.03003,25.026789,-0.09623385,0.3910783,0.8088074,1,1,0,-0.0038452148,0.015625,25.03003,60,217,0,0,255,2,0,1782503404.0435822,52
25.032228,25.028252,-0.2001203,0.3987509,0.7550659,1,1,0,-0.0079956055,0.015930176,25.032227,60,217,0,0,255,2,0,1782503404.0435822,52
25.0271,25.02259,-0.25353345,0.40172392,0.71258545,1,1,0,-0.010131836,0.016052246,25.0271,60,217,0,0,255,2,0,1782503404.0435822,52
25.019775,25.014614,-0.30536932,0.406187,0.7836609,1,1,0,-0.012207031,0.016235352,25.019775,60,217,0,0,255,2,0,1782503404.0435822,52
25.031252,25.02535,-0.35744202,0.40942845,0.69784546,1,1,0,-0.014282227,0.016357422,25.03125,60,217,0,0,255,2,0,1782503404.0435822,52
25.030031,25.023233,-0.4108798,0.413991,0.71951294,1,1,0,-0.016418457,0.016540527,25.03003,60,217,0,0,255,2,0,1782503404.0435822,52
25.020752,25.013296,-0.105342254,0.60163736,0.6881714,1,1,0,-0.004211426,0.024047852,25.020752,61,217,1,0,255,2,0,1782503404.0435822,52
25.027344,25.017757,-0.3145709,0.61706674,0.7333679,1,1,0,-0.012573242,0.024658203,25.027344,61,217,1,0,255,2,0,1782503404.0435822,52
25.030762,25.02037,-0.36806297,0.62020564,0.80319214,1,1,0,-0.014709473,0.024780273,25.030762,61,217,1,0,255,2,0,1782503404.0435822,52
25.021729,25.010408,-0.41983083,0.624562,0.6645508,1,1,0,-0.016784668,0.024963379,25.021729,61,217,1,0,255,2,0,1782503404.0435822,52
25.032715,25.026224,-0.20163165,0.5331883,0.98825073,1,1,0,-0.008056641,0.02130127,25.032715,26,218,0,0,255,2,0,1782503404.1433823,53
25.034422,25.02686,-0.3070466,0.5332247,0.98825073,1,1,0,-0.012268066,0.02130127,25.034424,26,218,0,0,255,2,0,1782503404.1433823,53
25.034178,25.025925,-0.358978,0.53321946,0.7732544,1,1,0,-0.014343262,0.02130127,25.03418,26,218,0,0,255,2,0,1782503404.1433823,53
25.032228,25.023176,-0.41087884,0.53317785,0.7455139,1,1,0,-0.016418457,0.02130127,25.032227,26,218,0,0,255,2,0,1782503404.1433823,53
25.035158,25.033144,-0.09625829,0.30254152,1.0619507,1,1,0,-0.0038452148,0.012084961,25.035156,28,218,0,0,255,2,0,1782503404.1433823,53
25.031982,25.029716,-0.14818792,0.30250317,0.86776733,1,1,0,-0.00592041,0.012084961,25.031982,28,218,0,0,255,2,0,1782503404.1433823,53
25.032715,25.030088,-0.20013498,0.30251202,0.7715454,1,1,0,-0.0079956055,0.012084961,25.032715,28,218,0,0,255,2,0,1782503404.1433823,53
25.031252,25.02814,-0.25358966,0.30249432,0.69610596,1,1,0,-0.010131836,0.012084961,25.03125,28,218,0,0,255,2,0,1782503404.1433823,53
25.025146,25.021473,-0.30545306,0.30089325,0.7828064,1,1,0,-0.012207031,0.012023926,25.025146,28,218,0,0,255,2,0,1782503404.1433823,53
25.032225,25.027042,-0.41094235,0.3009784,0.82354736,1,1,0,-0.016418457,0.012023926,25.032227,28,218,0,0,255,2,0,1782503404.1433823,53
25.031738,25.026485,-0.21079935,0.46748453,0.7867737,1,1,0,-0.008422852,0.018676758,25.031738,29,218,1,0,255,2,0,1782503404.1433823,53
25.029541,25.023825,-0.26271093,0.4659161,0.84017944,1,1,0,-0.010498047,0.018615723,25.029541,29,218,1,0,255,2,0,1782503404.1433823,53
25.03296,25.026625,-0.31621012,0.46597973,0.87509155,1,1,0,-0.012634277,0.018615723,25.032959,29,218,1,0,255,2,0,1782503404.1433823,53
25.02124,25.018002,-0.096200064,0.39094096,1.0018921,1,1,0,-0.0038452148,0.015625,25.02124,60,218,0,0,255,2,0,1782503404.1433823,53
25.022705,25.01913,-0.14965235,0.3955451,0.8581543,1,1,0,-0.0059814453,0.015808105,25.022705,60,218,0,0,255,2,0,1782503404.1433823,53
25.031982,25.027449,-0.2535827,0.40332994,1.0289917,1,1,0,-0.010131836,0.016113281,25.031982,60,218,0,0,255,2,0,1782503404.1433823,53
25.028074,25.022894,-0.30699795,0.40632176,0.7637329,1,1,0,-0.012268066,0.016235352,25.028076,60,218,0,0,255,2,0,1782503404.1433823,53
25.032959,25.026136,-0.41245538,0.41403946,0.8122864,1,1,0,-0.016479492,0.016540527,25.032959,60,218,0,0,255,2,0,1782503404.1433823,53
25.031006,25.023613,-0.10691306,0.5988292,0.63430786,1,1,0,-0.004272461,0.023925781,25.031006,61,218,1,0,255,2,0,1782503404.1433823,53
25.029541,25.021801,-0.15883191,0.60184866,0.72821045,1,1,0,-0.0063476562,0.024047852,25.029541,61,218,1,0,255,2,0,1782503404.1433823,53
25.031738,25.023502,-0.21077423,0.60648364,0.87509155,1,1,0,-0.008422852,0.024230957,25.031738,61,218,1,0,255,2,0,1782503404.1433823,53
25.030762,25.021944,-0.26421857,0.6095146,0.7744446,1,1,0,-0.010559082,0.024353027,25.030762,61,218,1,0,255,2,0,1782503404.1433823,53
25.023926,25.014397,-0.31605566,0.61392874,0.7189636,1,1,0,-0.012634277,0.024536133,25.023926,61,218,1,0,255,2,0,1782503404.1433823,53
25.032957,25.02262,-0.36962366,0.6172052,0.885376,1,1,0,-0.014770508,0.024658203,25.032959,61,218,1,0,255,2,0,1782503404.1433823,53
25.02856,25.01729,-0.4214737,0.62167835,0.97369385,1,1,0,-0.016845703,0.024841309,25.028564,61,218,1,0,255,2,0,1782503404.1433823,53
25.031984,25.026114,-0.09775875,0.53317267,1.0419922,1,1,0,-0.00390625,0.02130127,25.031982,26,219,0,0,255,2,0,1782503404.2435865,54
25.03003,25.023903,-0.1496809,0.53313106,0.68136597,1,1,0,-0.0059814453,0.02130127,25.03003,26,219,0,0,255,2,0,1782503404.2435865,54
25.032717,25.026213,-0.20315914,0.5331883,0.72125244,1,1,0,-0.008117676,0.02130127,25.032715,26,219,0,0,255,2,0,1782503404.2435865,54
25.03247,25.025492,-0.25509045,0.5331831,0.8088074,1,1,0,-0.010192871,0.02130127,25.03247,26,219,0,0,255,2,0,1782503404.2435865,54
25.021484,25.013926,-0.3068879,0.5329491,0.80184937,1,1,0,-0.012268066,0.02130127,25.021484,26,219,0,0,255,2,0,1782503404.2435865,54
25.0271,25.018826,-0.3604035,0.53306866,0.6839905,1,1,0,-0.014404297,0.02130127,25.0271,26,219,0,0,255,2,0,1782503404.2435865,54
25.031982,25.02997,-0.096246086,0.30250317,0.83306885,1,1,0,-0.0038452148,0.012084961,25.031982,28,219,0,0,255,2,0,1782503404.2435865,54
25.033203,25.030928,-0.1497229,0.30251792,0.9102478,1,1,0,-0.0059814453,0.012084961,25.033203,28,219,0,0,255,2,0,1782503404.2435865,54
25.03125,25.02861,-0.20165087,0.30249432,0.7698059,1,1,0,-0.008056641,0.012084961,25.03125,28,219,0,0,255,2,0,1782503404.2435865,54
25.019775,25.016085,-0.3069144,0.30082867,0.7689514,1,1,0,-0.012268066,0.012023926,25.019775,28,219,0,0,255,2,0,1782503404.2435865,54
25.032715,25.02833,-0.3590125,0.30098426,0.8825073,1,1,0,-0.014343262,0.012023926,25.032715,28,219,0,0,255,2,0,1782503404.2435865,54
25.026367,25.021774,-0.10690521,0.46738422,0.69226074,1,1,0,-0.004272461,0.018676758,25.026367,29,219,1,0,255,2,0,1782503404.2435865,54
25.023926,25.018675,-0.21073356,0.46733862,0.734375,1,1,0,-0.008422852,0.018676758,25.023926,29,219,1,0,255,2,0,1782503404.2435865,54
25.031738,25.026007,-0.26426145,0.465957,0.8340149,1,1,0,-0.010559082,0.018615723,25.031738,29,219,1,0,255,2,0,1782503404.2435865,54
25.02539,25.019058,-0.31611454,0.46583885,0.9440613,1,1,0,-0.012634277,0.018615723,25.02539,29,219,1,0,255,2,0,1782503404.2435865,54
25.030762,25.023718,-0.3681122,0.4659388,0.83813477,1,1,0,-0.014709473,0.018615723,25.030762,29,219,1,0,255,2,0,1782503404.2435865,54
25.032959,25.02507,-0.42160478,0.46597973,0.80526733,1,1,0,-0.016845703,0.018615723,25.032959,29,219,1,0,255,2,0,1782503404.2435865,54
25.028076,25.024866,-0.09469904,0.38952038,0.99606323,1,1,0,-0.0037841797,0.015563965,25.028076,60,219,0,0,255,2,0,1782503404.2435865,54
25.03247,25.028938,-0.1466556,0.3941718,0.84869385,1,1,0,-0.005859375,0.01574707,25.03247,60,219,0,0,255,2,0,1782503404.2435865,54
25.021244,25.017292,-0.20003267,0.3970489,0.7932129,1,1,0,-0.0079956055,0.01586914,25.02124,60,219,0,0,255,2,0,1782503404.2435865,54
25.02905,25.024557,-0.25202584,0.40175527,0.9041748,1,1,0,-0.010070801,0.016052246,25.029053,60,219,0,0,255,2,0,1782503404.2435865,54
25.032225,25.027086,-0.3055216,0.40486148,0.7862549,1,1,0,-0.012207031,0.016174316,25.032227,60,219,0,0,255,2,0,1782503404.2435865,54
25.032475,25.026571,-0.35745946,0.40944842,0.72125244,1,1,0,-0.014282227,0.016357422,25.03247,60,219,0,0,255,2,0,1782503404.2435865,54
25.017334,25.01059,-0.40914527,0.41225433,0.7706909,1,1,0,-0.016357422,0.016479492,25.017334,60,219,0,0,255,2,0,1782503404.2435865,54
25.021729,25.01435,-0.10381992,0.59860724,0.74053955,1,1,0,-0.0041503906,0.023925781,25.021729,61,219,1,0,255,2,0,1782503404.2435865,54
25.025145,25.017378,-0.15727685,0.60327,0.70150757,1,1,0,-0.006286621,0.024108887,25.025146,61,219,1,0,255,2,0,1782503404.2435865,54
25.031736,25.023514,-0.2092469,0.60648364,0.8545532,1,1,0,-0.008361816,0.024230957,25.031738,61,219,1,0,255,2,0,1782503404.2435865,54
25.02954,25.020702,-0.26267815,0.6110121,0.7713623,1,1,0,-0.010498047,0.024414062,25.029541,61,219,1,0,255,2,0,1782503404.2435865,54
25.026367,25.016857,-0.31455958,0.61398864,0.7189636,1,1,0,-0.012573242,0.024536133,25.026367,61,219,1,0,255,2,0,1782503404.2435865,54
25.031736,25.021404,-0.36655068,0.6187025,0.86276245,1,1,0,-0.0146484375,0.024719238,25.031738,61,219,1,0,255,2,0,1782503404.2435865,54
25.032957,25.02171,-0.42002052,0.6217875,0.85043335,1,1,0,-0.016784668,0.024841309,25.032959,61,219,1,0,255,2,0,1782503404.2435865,54
25.032228,25.026375,-0.093177244,0.53317785,0.85302734,1,1,0,-0.0037231445,0.02130127,25.032227,26,220,0,0,255,2,0,1782503404.3433537,55
25.03296,25.026493,-0.19857864,0.53319347,0.85910034,1,1,0,-0.00793457,0.02130127,25.032959,26,220,0,0,255,2,0,1782503404.3433537,55
25.03247,25.025537,-0.25050816,0.5331831,0.8122864,1,1,0,-0.010009766,0.02130127,25.03247,26,220,0,0,255,2,0,1782503404.3433537,55
25.021484,25.013962,-0.30383444,0.5329491,0.9031677,1,1,0,-0.012145996,0.02130127,25.021484,26,220,0,0,255,2,0,1782503404.3433537,55
25.027102,25.018133,-0.40774128,0.5315415,0.69177246,1,1,0,-0.016296387,0.021240234,25.0271,26,220,0,0,255,2,0,1782503404.3433537,55
25.026125,25.023508,-0.19855496,0.30243236,0.82873535,1,1,0,-0.00793457,0.012084961,25.026123,28,220,0,0,255,2,0,1782503404.3433537,55
25.035156,25.032059,-0.2521014,0.30254152,0.9145813,1,1,0,-0.010070801,0.012084961,25.035156,28,220,0,0,255,2,0,1782503404.3433537,55
25.031982,25.027641,-0.35594687,0.30097544,1.1755066,1,1,0,-0.014221191,0.012023926,25.031982,28,220,0,0,255,2,0,1782503404.3433537,55
25.019531,25.014683,-0.15573308,0.46725655,0.66763306,1,1,0,-0.006225586,0.018676758,25.019531,29,220,1,0,255,2,0,1782503404.3433537,55
25.02246,25.016148,-0.31455067,0.4657843,0.8250427,1,1,0,-0.012573242,0.018615723,25.02246,29,220,1,0,255,2,0,1782503404.3433537,55
25.021484,25.01365,-0.4183581,0.46576613,0.8250427,1,1,0,-0.016723633,0.018615723,25.021484,29,220,1,0,255,2,0,1782503404.3433537,55
25.02124,25.01799,-0.09925403,0.39094096,0.87112427,1,1,0,-0.003967285,0.015625,25.02124,60,220,0,0,255,2,0,1782503404.3433537,55
25.032228,25.028643,-0.15123692,0.39569563,0.83654785,1,1,0,-0.0060424805,0.015808105,25.032227,60,220,0,0,255,2,0,1782503404.3433537,55
25.03125,25.027237,-0.2046951,0.39873534,0.85562134,1,1,0,-0.008178711,0.015930176,25.03125,60,220,0,0,255,2,0,1782503404.3433537,55
25.026125,25.021559,-0.2565777,0.40323552,0.70043945,1,1,0,-0.010253906,0.016113281,25.026123,60,220,0,0,255,2,0,1782503404.3433537,55
25.03125,25.026049,-0.30856434,0.4063733,0.7879944,1,1,0,-0.012329102,0.016235352,25.03125,60,220,0,0,255,2,0,1782503404.3433537,55
25.033936,25.027943,-0.36206275,0.41100013,0.8009949,1,1,0,-0.014465332,0.016418457,25.033936,60,220,0,0,255,2,0,1782503404.3433537,55
25.03003,25.023182,-0.41393438,0.413991,0.72473145,1,1,0,-0.016540527,0.016540527,25.03003,60,220,0,0,255,2,0,1782503404.3433537,55
25.030758,25.023422,-0.056510516,0.60340536,0.72720337,1,1,0,-0.0022583008,0.024108887,25.030762,61,220,1,0,255,2,0,1782503404.3433537,55
25.022947,25.01555,-0.10840548,0.59863645,0.7312927,1,1,0,-0.004333496,0.023925781,25.02295,61,220,1,0,255,2,0,1782503404.3433537,55
25.02173,25.013971,-0.1618358,0.60166085,0.81140137,1,1,0,-0.0064697266,0.024047852,25.021729,61,220,1,0,255,2,0,1782503404.3433537,55
25.03296,25.024734,-0.21383959,0.6049858,0.81552124,1,1,0,-0.008544922,0.024169922,25.032959,61,220,1,0,255,2,0,1782503404.3433537,55
25.028564,25.019732,-0.26572248,0.60946107,0.67276,1,1,0,-0.010620117,0.024353027,25.028564,61,220,1,0,255,2,0,1782503404.3433537,55
25.023926,25.014395,-0.31910962,0.6124019,0.74053955,1,1,0,-0.012756348,0.024475098,25.023926,61,220,1,0,255,2,0,1782503404.3433537,55
25.026367,25.016008,-0.3710532,0.61704266,0.7867737,1,1,0,-0.014831543,0.024658203,25.026367,61,220,1,0,255,2,0,1782503404.3433537,55
25.025146,25.013863,-0.4244703,0.62006646,0.68096924,1,1,0,-0.016967773,0.024780273,25.025146,61,220,1,0,255,2,0,1782503404.3433537,55
25.0271,25.020983,-0.14813621,0.53306866,0.7342529,1,1,0,-0.00592041,0.02130127,25.0271,26,221,0,0,255,2,0,1782503404.443766,56
25.031008,25.024529,-0.20009053,0.53315187,0.71084595,1,1,0,-0.0079956055,0.02130127,25.031006,26,221,0,0,255,2,0,1782503404.443766,56
25.029053,25.021511,-0.3054535,0.53311026,1.0081787,1,1,0,-0.012207031,0.02130127,25.029053,26,221,0,0,255,2,0,1782503404.443766,56
25.032717,25.024485,-0.35742965,0.5331883,0.7403259,1,1,0,-0.014282227,0.02130127,25.032715,26,221,0,0,255,2,0,1782503404.443766,56
25.031494,25.029493,-0.09318885,0.30249727,0.85736084,1,1,0,-0.0037231445,0.012084961,25.031494,28,221,0,0,255,2,0,1782503404.443766,56
25.031006,25.02875,-0.1466545,0.30249137,0.673584,1,1,0,-0.005859375,0.012084961,25.031006,28,221,0,0,255,2,0,1782503404.443766,56
25.031982,25.029385,-0.19860159,0.30097544,0.85128784,1,1,0,-0.00793457,0.012023926,25.031982,28,221,0,0,255,2,0,1782503404.443766,56
25.032225,25.02857,-0.30401185,0.3009784,0.7992859,1,1,0,-0.012145996,0.012023926,25.032227,28,221,0,0,255,2,0,1782503404.443766,56
25.034178,25.029839,-0.3559781,0.30100188,0.7975464,1,1,0,-0.014221191,0.012023926,25.03418,28,221,0,0,255,2,0,1782503404.443766,56
25.031004,25.025846,-0.40939483,0.3009637,1.0714722,1,1,0,-0.016357422,0.012023926,25.031006,28,221,0,0,255,2,0,1782503404.443766,56
25.032959,25.028378,-0.10387813,0.46750733,0.9182434,1,1,0,-0.0041503906,0.018676758,25.032959,29,221,1,0,255,2,0,1782503404.443766,56
25.020752,25.015932,-0.15574084,0.46575248,0.67276,1,1,0,-0.006225586,0.018615723,25.020752,29,221,1,0,255,2,0,1782503404.443766,56
25.021484,25.016287,-0.2076595,0.46576613,0.83529663,1,1,0,-0.008300781,0.018615723,25.021484,29,221,1,0,255,2,0,1782503404.443766,56
25.025146,25.018852,-0.3130574,0.4658343,0.7693176,1,1,0,-0.012512207,0.018615723,25.025146,29,221,1,0,255,2,0,1782503404.443766,56
25.021729,25.01471,-0.3664526,0.46577066,0.64501953,1,1,0,-0.0146484375,0.018615723,25.021729,29,221,1,0,255,2,0,1782503404.443766,56
25.02124,25.017977,-0.09619997,0.39246798,0.81747437,1,1,0,-0.0038452148,0.015686035,25.02124,60,221,0,0,255,2,0,1782503404.443766,56
25.031006,25.02744,-0.14817443,0.3956763,0.8070679,1,1,0,-0.00592041,0.015808105,25.031006,60,221,0,0,255,2,0,1782503404.443766,56
25.026123,25.02211,-0.20159851,0.40018097,0.7715454,1,1,0,-0.008056641,0.015991211,25.026123,60,221,0,0,255,2,0,1782503404.443766,56
25.027102,25.022568,-0.2535332,0.40325126,0.7507324,1,1,0,-0.010131836,0.016113281,25.0271,60,221,0,0,255,2,0,1782503404.443766,56
25.033445,25.028238,-0.30706352,0.4079367,0.86602783,1,1,0,-0.012268066,0.016296387,25.033447,60,221,0,0,255,2,0,1782503404.443766,56
25.0271,25.021152,-0.35890958,0.4108879,0.8703613,1,1,0,-0.014343262,0.016418457,25.0271,60,221,0,0,255,2,0,1782503404.443766,56
25.03125,25.024427,-0.4108994,0.4155388,0.6510315,1,1,0,-0.016418457,0.016601562,25.03125,60,221,0,0,255,2,0,1782503404.443766,56
25.031738,25.024351,-0.10538882,0.59884673,0.74053955,1,1,0,-0.004211426,0.023925781,25.031738,61,221,1,0,255,2,0,1782503404.443766,56
25.026367,25.018627,-0.15881176,0.60177237,0.7569885,1,1,0,-0.0063476562,0.024047852,25.026367,61,221,1,0,255,2,0,1782503404.443766,56
25.027344,25.01911,-0.21073723,0.6063771,0.7005005,1,1,0,-0.008422852,0.024230957,25.027344,61,221,1,0,255,2,0,1782503404.443766,56
25.026367,25.017551,-0.2641722,0.6094076,0.75390625,1,1,0,-0.010559082,0.024353027,25.026367,61,221,1,0,255,2,0,1782503404.443766,56
25.026367,25.016838,-0.3160865,0.61398864,0.66967773,1,1,0,-0.012634277,0.024536133,25.026367,61,221,1,0,255,2,0,1782503404.443766,56
25.025146,25.014833,-0.36798155,0.6170126,0.7816162,1,1,0,-0.014709473,0.024658203,25.025146,61,221,1,0,255,2,0,1782503404.443766,56
25.031734,25.020462,-0.42152715,0.62175715,0.8792114,1,1,0,-0.016845703,0.024841309,25.031738,61,221,1,0,255,2,0,1782503404.443766,56
25.031738,25.025236,-0.20315121,0.5331675,0.8105469,1,1,0,-0.008117676,0.02130127,25.031738,26,222,0,0,255,2,0,1782503404.5437233,57
25.032228,25.024647,-0.30854705,0.53317785,0.8911743,1,1,0,-0.012329102,0.02130127,25.032227,26,222,0,0,255,2,0,1782503404.5437233,57
25.031492,25.022417,-0.4123941,0.5331623,0.7602539,1,1,0,-0.016479492,0.02130127,25.031494,26,222,0,0,255,2,0,1782503404.5437233,57
25.032227,25.030226,-0.09319158,0.30250612,0.71951294,1,1,0,-0.0037231445,0.012084961,25.032227,28,222,0,0,255,2,0,1782503404.5437233,57
25.03125,25.029001,-0.14512828,0.30249432,0.8044739,1,1,0,-0.00579834,0.012084961,25.03125,28,222,0,0,255,2,0,1782503404.5437233,57
25.032715,25.030111,-0.19707954,0.30251202,0.70132446,1,1,0,-0.007873535,0.012084961,25.032715,28,222,0,0,255,2,0,1782503404.5437233,57
25.033445,25.030382,-0.25055665,0.30099306,0.7862549,1,1,0,-0.010009766,0.012023926,25.033447,28,222,0,0,255,2,0,1782503404.5437233,57
25.033934,25.030298,-0.3025049,0.30099893,0.86776733,1,1,0,-0.012084961,0.012023926,25.033936,28,222,0,0,255,2,0,1782503404.5437233,57
25.03247,25.02813,-0.3559538,0.3009813,0.9041748,1,1,0,-0.014221191,0.012023926,25.03247,28,222,0,0,255,2,0,1782503404.5437233,57
25.031736,25.026604,-0.40787935,0.30097252,0.83654785,1,1,0,-0.016296387,0.012023926,25.031738,28,222,0,0,255,2,0,1782503404.5437233,57
25.01587,25.010645,-0.20761268,0.46718815,0.7655029,1,1,0,-0.008300781,0.018676758,25.01587,29,222,1,0,255,2,0,1782503404.5437233,57
25.016113,25.010405,-0.2595167,0.4671927,0.695343,1,1,0,-0.010375977,0.018676758,25.016113,29,222,1,0,255,2,0,1782503404.5437233,57
25.019287,25.012291,-0.36489025,0.4657252,0.97998047,1,1,0,-0.014587402,0.018615723,25.019287,29,222,1,0,255,2,0,1782503404.5437233,57
25.01587,25.008062,-0.41673782,0.4656616,0.75115967,1,1,0,-0.016662598,0.018615723,25.01587,29,222,1,0,255,2,0,1782503404.5437233,57
25.02173,25.018538,-0.09620213,0.38789454,0.7187195,1,1,0,-0.0038452148,0.01550293,25.021729,60,222,0,0,255,2,0,1782503404.5437233,57
25.029053,25.025526,-0.1496906,0.39259052,0.6779175,1,1,0,-0.0059814453,0.015686035,25.029053,60,222,0,0,255,2,0,1782503404.5437233,57
25.032713,25.028774,-0.2016522,0.39570335,0.83654785,1,1,0,-0.008056641,0.015808105,25.032715,60,222,0,0,255,2,0,1782503404.5437233,57
25.033937,25.029451,-0.25360295,0.40030587,0.82006836,1,1,0,-0.010131836,0.015991211,25.033936,60,222,0,0,255,2,0,1782503404.5437233,57
25.019287,25.014156,-0.30689073,0.40312538,1.0018921,1,1,0,-0.012268066,0.016113281,25.019287,60,222,0,0,255,2,0,1782503404.5437233,57
25.03418,25.02828,-0.3590118,0.4079486,0.71432495,1,1,0,-0.014343262,0.016296387,25.03418,60,222,0,0,255,2,0,1782503404.5437233,57
25.034182,25.027407,-0.4124763,0.41100413,0.7810669,1,1,0,-0.016479492,0.016418457,25.03418,60,222,0,0,255,2,0,1782503404.5437233,57
25.023924,25.016388,-0.10688219,0.60476744,0.7970276,1,1,0,-0.004272461,0.024169922,25.023926,61,222,1,0,255,2,0,1782503404.5437233,57
25.026367,25.018663,-0.158812,0.6002453,0.7446594,1,1,0,-0.0063476562,0.023986816,25.026367,61,222,1,0,255,2,0,1782503404.5437233,57
25.026367,25.018208,-0.21072963,0.6032994,0.81140137,1,1,0,-0.008422852,0.024108887,25.026367,61,222,1,0,255,2,0,1782503404.5437233,57
25.023926,25.015148,-0.2641468,0.6078212,0.80114746,1,1,0,-0.010559082,0.024291992,25.023926,61,222,1,0,255,2,0,1782503404.5437233,57
25.023926,25.014471,-0.31605658,0.610875,0.70358276,1,1,0,-0.012634277,0.024414062,25.023926,61,222,1,0,255,2,0,1782503404.5437233,57
25.025146,25.014847,-0.36950886,0.61548567,0.7395325,1,1,0,-0.014770508,0.024597168,25.025146,61,222,1,0,255,2,0,1782503404.5437233,57
25.026363,25.01517,-0.421438,0.61856973,0.86276245,1,1,0,-0.016845703,0.024719238,25.026367,61,222,1,0,255,2,0,1782503404.5437233,57
25.02905,25.02149,-0.30698073,0.53311026,0.85128784,1,1,0,-0.012268066,0.02130127,25.029053,26,223,0,0,255,2,0,1782503404.6435595,58
25.026121,25.01787,-0.3588625,0.53304785,0.7845459,1,1,0,-0.014343262,0.02130127,25.026123,26,223,0,0,255,2,0,1782503404.6435595,58
25.034428,25.032394,-0.10083905,0.30253267,0.8105469,1,1,0,-0.0040283203,0.012084961,25.034424,28,223,0,0,255,2,0,1782503404.6435595,58
25.035156,25.032862,-0.15279037,0.30254152,0.84002686,1,1,0,-0.0061035156,0.012084961,25.035156,28,223,0,0,255,2,0,1782503404.6435595,58
25.031252,25.028585,-0.20470613,0.30249432,0.82354736,1,1,0,-0.008178711,0.012084961,25.03125,28,223,0,0,255,2,0,1782503404.6435595,58
25.03003,25.02687,-0.25815988,0.30247957,0.71432495,1,1,0,-0.010314941,0.012084961,25.03003,28,223,0,0,255,2,0,1782503404.6435595,58
25.03125,25.02752,-0.31011027,0.30096665,0.83480835,1,1,0,-0.012390137,0.012023926,25.03125,28,223,0,0,255,2,0,1782503404.6435595,58
25.032227,25.027777,-0.3635882,0.3009784,0.8955078,1,1,0,-0.014526367,0.012023926,25.032227,28,223,0,0,255,2,0,1782503404.6435595,58
25.03125,25.025991,-0.41550875,0.30096665,0.83654785,1,1,0,-0.016601562,0.012023926,25.03125,28,223,0,0,255,2,0,1782503404.6435595,58
25.026367,25.021936,-0.05803438,0.46738422,0.829895,1,1,0,-0.002319336,0.018676758,25.026367,29,223,1,0,255,2,0,1782503404.6435595,58
25.026367,25.02176,-0.109959625,0.46738422,0.734375,1,1,0,-0.0043945312,0.018676758,25.026367,29,223,1,0,255,2,0,1782503404.6435595,58
25.01831,25.013424,-0.16183226,0.46723375,0.66967773,1,1,0,-0.0064697266,0.018676758,25.01831,29,223,1,0,255,2,0,1782503404.6435595,58
25.023926,25.018635,-0.21531461,0.46733862,0.81552124,1,1,0,-0.008605957,0.018676758,25.023926,29,223,1,0,255,2,0,1782503404.6435595,58
25.019531,25.01374,-0.26718575,0.46725655,0.6501465,1,1,0,-0.010681152,0.018676758,25.019531,29,223,1,0,255,2,0,1782503404.6435595,58
25.026367,25.019968,-0.31918073,0.46738422,0.6645508,1,1,0,-0.012756348,0.018676758,25.026367,29,223,1,0,255,2,0,1782503404.6435595,58
25.020264,25.013153,-0.3725379,0.4657434,0.82092285,1,1,0,-0.014892578,0.018615723,25.020264,29,223,1,0,255,2,0,1782503404.6435595,58
25.015867,25.007933,-0.4243697,0.4656616,0.7367859,1,1,0,-0.016967773,0.018615723,25.01587,29,223,1,0,255,2,0,1782503404.6435595,58
25.032227,25.02898,-0.097769946,0.39111263,0.7914734,1,1,0,-0.00390625,0.015625,25.032227,60,223,0,0,255,2,0,1782503404.6435595,58
25.032228,25.028667,-0.15123707,0.39416796,0.7420654,1,1,0,-0.0060424805,0.01574707,25.032227,60,223,0,0,255,2,0,1782503404.6435595,58
25.032469,25.02847,-0.20317747,0.39875478,0.7732544,1,1,0,-0.008117676,0.015930176,25.03247,60,223,0,0,255,2,0,1782503404.6435595,58
25.031006,25.026464,-0.256628,0.40178663,0.73599243,1,1,0,-0.010253906,0.016052246,25.031006,60,223,0,0,255,2,0,1782503404.6435595,58
25.03247,25.026525,-0.36051446,0.40944842,0.9162903,1,1,0,-0.014404297,0.016357422,25.03247,60,223,0,0,255,2,0,1782503404.6435595,58
25.029053,25.022205,-0.41391823,0.41397485,0.47592163,1,1,0,-0.016540527,0.016540527,25.029053,60,223,0,0,255,2,0,1782503404.6435595,58
25.032957,25.025557,-0.10844884,0.59887594,0.78060913,1,1,0,-0.004333496,0.023925781,25.032959,61,223,1,0,255,2,0,1782503404.6435595,58
25.030758,25.022972,-0.16036671,0.60340536,0.69021606,1,1,0,-0.0064086914,0.024108887,25.030762,61,223,1,0,255,2,0,1782503404.6435595,58
25.027344,25.019083,-0.21379131,0.6063771,0.750824,1,1,0,-0.008544922,0.024230957,25.027344,61,223,1,0,255,2,0,1782503404.6435595,58
25.027342,25.016945,-0.3710671,0.6185939,0.70458984,1,1,0,-0.014831543,0.024719238,25.027344,61,223,1,0,255,2,0,1782503404.6435595,58
25.028564,25.017265,-0.4230007,0.62167835,0.81140137,1,1,0,-0.016906738,0.024841309,25.028564,61,223,1,0,255,2,0,1782503404.6435595,58
25.032228,25.023996,-0.35742268,0.53317785,0.7767334,1,1,0,-0.014282227,0.02130127,25.032227,26,224,0,0,255,2,0,1782503404.7433822,59
25.032227,25.0232,-0.40935153,0.53317785,0.71606445,1,1,0,-0.016357422,0.02130127,25.032227,26,224,0,0,255,2,0,1782503404.7433822,59
25.03296,25.030941,-0.097777605,0.30251497,0.9336548,1,1,0,-0.00390625,0.012084961,25.032959,28,224,0,0,255,2,0,1782503404.7433822,59
25.027102,25.024817,-0.1512138,0.30244416,0.6683655,1,1,0,-0.0060424805,0.012084961,25.0271,28,224,0,0,255,2,0,1782503404.7433822,59
25.031006,25.028353,-0.20317651,0.30249137,0.84869385,1,1,0,-0.008117676,0.012084961,25.031006,28,224,0,0,255,2,0,1782503404.7433822,59
25.0271,25.023972,-0.25507495,0.30244416,1.0584717,1,1,0,-0.010192871,0.012084961,25.0271,28,224,0,0,255,2,0,1782503404.7433822,59
25.021484,25.017756,-0.30846208,0.3023763,0.8373718,1,1,0,-0.012329102,0.012084961,25.021484,28,224,0,0,255,2,0,1782503404.7433822,59
25.021484,25.016884,-0.10841125,0.46729302,0.8270874,1,1,0,-0.004333496,0.018676758,25.021484,29,224,1,0,255,2,0,1782503404.7433822,59
25.02075,25.015488,-0.21223366,0.46727934,0.67892456,1,1,0,-0.008483887,0.018676758,25.020752,29,224,1,0,255,2,0,1782503404.7433822,59
25.021484,25.015709,-0.26567978,0.46729302,0.8825073,1,1,0,-0.010620117,0.018676758,25.021484,29,224,1,0,255,2,0,1782503404.7433822,59
25.027344,25.02099,-0.31766635,0.46587518,0.74053955,1,1,0,-0.0126953125,0.018615723,25.027344,29,224,1,0,255,2,0,1782503404.7433822,59
25.01831,25.011248,-0.36945567,0.46570703,0.63168335,1,1,0,-0.014770508,0.018615723,25.01831,29,224,1,0,255,2,0,1782503404.7433822,59
25.028076,25.02483,-0.09775373,0.39104778,0.8122864,1,1,0,-0.00390625,0.015625,25.028076,60,224,0,0,255,2,0,1782503404.7433822,59
25.031738,25.02818,-0.15123412,0.39416027,0.81747437,1,1,0,-0.0060424805,0.01574707,25.031738,60,224,0,0,255,2,0,1782503404.7433822,59
25.034666,25.030664,-0.20319529,0.3987898,0.8009949,1,1,0,-0.008117676,0.015930176,25.034668,60,224,0,0,255,2,0,1782503404.7433822,59
25.027098,25.022558,-0.25658795,0.40172392,0.7698059,1,1,0,-0.010253906,0.016052246,25.0271,60,224,0,0,255,2,0,1782503404.7433822,59
25.03247,25.02727,-0.3085794,0.4063931,0.7637329,1,1,0,-0.012329102,0.016235352,25.03247,60,224,0,0,255,2,0,1782503404.7433822,59
25.031006,25.02506,-0.36049336,0.40942445,0.74380493,1,1,0,-0.014404297,0.016357422,25.031006,60,224,0,0,255,2,0,1782503404.7433822,59
25.025145,25.0183,-0.41385362,0.41391024,0.6683655,1,1,0,-0.016540527,0.016540527,25.025146,60,224,0,0,255,2,0,1782503404.7433822,59
25.021729,25.014257,-0.108399875,0.60166085,0.76623535,1,1,0,-0.004333496,0.024047852,25.021729,61,224,1,0,255,2,0,1782503404.7433822,59
25.030762,25.022936,-0.16036648,0.60493267,0.7836914,1,1,0,-0.0064086914,0.024169922,25.030762,61,224,1,0,255,2,0,1782503404.7433822,59
25.03076,25.022438,-0.21229263,0.6095146,0.86483765,1,1,0,-0.008483887,0.024353027,25.030762,61,224,1,0,255,2,0,1782503404.7433822,59
25.026367,25.01746,-0.26569837,0.6124616,0.71383667,1,1,0,-0.010620117,0.024475098,25.026367,61,224,1,0,255,2,0,1782503404.7433822,59
25.025146,25.01556,-0.31759742,0.61548567,0.7600708,1,1,0,-0.0126953125,0.024597168,25.025146,61,224,1,0,255,2,0,1782503404.7433822,59
25.023926,25.013493,-0.37101588,0.62003624,0.7723999,1,1,0,-0.014831543,0.024780273,25.023926,61,224,1,0,255,2,0,1782503404.7433822,59
25.03003,25.024172,-0.09469642,0.53313106,0.85302734,1,1,0,-0.0037841797,0.02130127,25.03003,26,225,0,0,255,2,0,1782503404.8443916,60
25.031006,25.024889,-0.14815934,0.53315187,0.96484375,1,1,0,-0.00592041,0.02130127,25.031006,26,225,0,0,255,2,0,1782503404.8443916,60
25.027102,25.020138,-0.2535086,0.53306866,0.84436035,1,1,0,-0.010131836,0.02130127,25.0271,26,225,0,0,255,2,0,1782503404.8443916,60
25.031494,25.02395,-0.3054833,0.5331623,0.83654785,1,1,0,-0.012207031,0.02130127,25.031494,26,225,0,0,255,2,0,1782503404.8443916,60
25.026121,25.017893,-0.3573355,0.53304785,0.70217896,1,1,0,-0.014282227,0.02130127,25.026123,26,225,0,0,255,2,0,1782503404.8443916,60
25.031738,25.022688,-0.41087082,0.5331675,0.71606445,1,1,0,-0.016418457,0.02130127,25.031738,26,225,0,0,255,2,0,1782503404.8443916,60
25.020508,25.018501,-0.09467495,0.3023645,1.09021,1,1,0,-0.0037841797,0.012084961,25.020508,28,225,0,0,255,2,0,1782503404.8443916,60
25.031738,25.029123,-0.19859952,0.30250022,0.7879944,1,1,0,-0.00793457,0.012084961,25.031738,28,225,0,0,255,2,0,1782503404.8443916,60
25.033445,25.030367,-0.25208437,0.30099306,0.83047485,1,1,0,-0.010070801,0.012023926,25.033447,28,225,0,0,255,2,0,1782503404.8443916,60
25.032957,25.028618,-0.35596076,0.30098718,1.1833191,1,1,0,-0.014221191,0.012023926,25.032959,28,225,0,0,255,2,0,1782503404.8443916,60
25.02637,25.021547,-0.1557758,0.465857,0.64501953,1,1,0,-0.006225586,0.018615723,25.026367,29,225,1,0,255,2,0,1782503404.8443916,60
25.027344,25.019508,-0.41845605,0.46587518,0.8422241,1,1,0,-0.016723633,0.018615723,25.027344,29,225,1,0,255,2,0,1782503404.8443916,60
25.033203,25.029932,-0.09777366,0.3926556,1.1113586,1,1,0,-0.00390625,0.015686035,25.033203,60,225,0,0,255,2,0,1782503404.8443916,60
25.032957,25.029383,-0.14971367,0.3957072,0.8009949,1,1,0,-0.0059814453,0.015808105,25.032959,60,225,0,0,255,2,0,1782503404.8443916,60
25.032715,25.028702,-0.20165162,0.40028635,0.8122864,1,1,0,-0.008056641,0.015991211,25.032715,60,225,0,0,255,2,0,1782503404.8443916,60
25.034422,25.029873,-0.2551351,0.40336928,0.98480225,1,1,0,-0.010192871,0.016113281,25.034424,60,225,0,0,255,2,0,1782503404.8443916,60
25.02124,25.016035,-0.3069138,0.40773776,0.7706909,1,1,0,-0.012268066,0.016296387,25.02124,60,225,0,0,255,2,0,1782503404.8443916,60
25.033445,25.027475,-0.36052814,0.41099212,0.7507324,1,1,0,-0.014404297,0.016418457,25.033447,60,225,0,0,255,2,0,1782503404.8443916,60
25.034182,25.027357,-0.4124755,0.41405964,0.85736084,1,1,0,-0.016479492,0.016540527,25.03418,60,225,0,0,255,2,0,1782503404.8443916,60
25.02246,25.015093,-0.054964885,0.60473204,0.7357483,1,1,0,-0.0021972656,0.024169922,25.02246,61,225,1,0,255,2,0,1782503404.8443916,60
25.025145,25.017756,-0.10688803,0.598689,0.66967773,1,1,0,-0.004272461,0.023925781,25.025146,61,225,1,0,255,2,0,1782503404.8443916,60
25.031736,25.023489,-0.21230154,0.60648364,0.86276245,1,1,0,-0.008483887,0.024230957,25.031738,61,225,1,0,255,2,0,1782503404.8443916,60
25.029541,25.01999,-0.31765366,0.6140665,0.8093567,1,1,0,-0.0126953125,0.024536133,25.029541,61,225,1,0,255,2,0,1782503404.8443916,60
25.025146,25.01481,-0.36950833,0.6170126,0.78778076,1,1,0,-0.014770508,0.024658203,25.025146,61,225,1,0,255,2,0,1782503404.8443916,60
25.031982,25.025003,-0.25508547,0.53317267,0.8027344,1,1,0,-0.010192871,0.02130127,25.031982,26,226,0,0,255,2,0,1782503404.9435618,61
25.03247,25.023426,-0.4124107,0.5316556,0.9076233,1,1,0,-0.016479492,0.021240234,25.03247,26,226,0,0,255,2,0,1782503404.9435618,61
25.034182,25.031914,-0.14820093,0.30252972,0.84436035,1,1,0,-0.00592041,0.012084961,25.03418,28,226,0,0,255,2,0,1782503404.9435618,61
25.031006,25.026644,-0.3574605,0.3009637,0.84695435,1,1,0,-0.014282227,0.012023926,25.031006,28,226,0,0,255,2,0,1782503404.9435618,61
25.015871,25.011013,-0.15723683,0.46718815,0.7716675,1,1,0,-0.006286621,0.018676758,25.01587,29,226,1,0,255,2,0,1782503404.9435618,61
25.028564,25.022848,-0.26270068,0.46589792,0.76828,1,1,0,-0.010498047,0.018615723,25.028564,29,226,1,0,255,2,0,1782503404.9435618,61
25.016846,25.009804,-0.36790755,0.46567976,0.7470398,1,1,0,-0.014709473,0.018615723,25.016846,29,226,1,0,255,2,0,1782503404.9435618,61
25.029541,25.021679,-0.42002,0.4659161,0.72720337,1,1,0,-0.016784668,0.018615723,25.029541,29,226,1,0,255,2,0,1782503404.9435618,61
25.032227,25.02866,-0.14818166,0.39569563,0.82873535,1,1,0,-0.00592041,0.015808105,25.032227,60,226,0,0,255,2,0,1782503404.9435618,61
25.026123,25.022123,-0.20007129,0.40018097,0.7602539,1,1,0,-0.0079956055,0.015991211,25.026123,60,226,0,0,255,2,0,1782503404.9435618,61
25.032713,25.02755,-0.30552724,0.40639707,0.7845459,1,1,0,-0.012207031,0.016235352,25.032715,60,226,0,0,255,2,0,1782503404.9435618,61
25.03296,25.026163,-0.4109279,0.41403946,0.8088074,1,1,0,-0.016418457,0.016540527,25.032959,60,226,0,0,255,2,0,1782503404.9435618,61
25.017336,25.009953,-0.10532818,0.59850216,0.60702515,1,1,0,-0.004211426,0.023925781,25.017334,61,226,1,0,255,2,0,1782503404.9435618,61
25.030762,25.02196,-0.26269135,0.6095146,0.7610779,1,1,0,-0.010498047,0.024353027,25.030762,61,226,1,0,255,2,0,1782503404.9435618,61
25.01831,25.008783,-0.31598473,0.613791,0.69125366,1,1,0,-0.012634277,0.024536133,25.01831,61,226,1,0,255,2,0,1782503404.9435618,61
25.029541,25.019226,-0.36804616,0.6171209,0.9284973,1,1,0,-0.014709473,0.024658203,25.029541,61,226,1,0,255,2,0,1782503404.9435618,61
25.031736,25.020489,-0.42000005,0.62175715,0.91412354,1,1,0,-0.016784668,0.024841309,25.031738,61,226,1,0,255,2,0,1782503404.9435618,61
25.032227,25.025278,-0.2520331,0.53317785,0.7342529,1,1,0,-0.010070801,0.02130127,25.032227,26,227,0,0,255,2,0,1782503405.0438952,62
25.020996,25.018984,-0.09620384,0.3023704,0.9949646,1,1,0,-0.0038452148,0.012084961,25.020996,28,227,0,0,255,2,0,1782503405.0438952,62
25.031008,25.027895,-0.2535872,0.30249137,0.7489929,1,1,0,-0.010131836,0.012084961,25.031006,28,227,0,0,255,2,0,1782503405.0438952,62
25.019775,25.015415,-0.35730013,0.30082867,1.0755005,1,1,0,-0.014282227,0.012023926,25.019775,28,227,0,0,255,2,0,1782503405.0438952,62
25.030762,25.025509,-0.21079113,0.4674663,0.82580566,1,1,0,-0.008422852,0.018676758,25.030762,29,227,1,0,255,2,0,1782503405.0438952,62
25.014648,25.008936,-0.26255465,0.46563888,0.77474976,1,1,0,-0.010498047,0.018615723,25.014648,29,227,1,0,255,2,0,1782503405.0438952,62
25.03296,25.025097,-0.42007738,0.46597973,0.8668823,1,1,0,-0.016784668,0.018615723,25.032959,29,227,1,0,255,2,0,1782503405.0438952,62
25.02124,25.01796,-0.0946729,0.39399496,0.8624878,1,1,0,-0.0037841797,0.01574707,25.02124,60,227,0,0,255,2,0,1782503405.0438952,62
25.031252,25.02766,-0.14817575,0.39720774,0.82354736,1,1,0,-0.00592041,0.01586914,25.03125,60,227,0,0,255,2,0,1782503405.0438952,62
25.0271,25.0231,-0.2000791,0.40019658,0.7828064,1,1,0,-0.0079956055,0.015991211,25.0271,60,227,0,0,255,2,0,1782503405.0438952,62
25.026121,25.020172,-0.35736808,0.41239914,0.8105469,1,1,0,-0.014282227,0.016479492,25.026123,60,227,0,0,255,2,0,1782503405.0438952,62
25.029055,25.022232,-0.41086334,0.4155023,0.7637329,1,1,0,-0.016418457,0.016601562,25.029053,60,227,0,0,255,2,0,1782503405.0438952,62
25.021729,25.014309,-0.10534652,0.6001341,0.7241211,1,1,0,-0.004211426,0.023986816,25.021729,61,227,1,0,255,2,0,1782503405.0438952,62
25.022459,25.01419,-0.21069579,0.60778564,0.8865967,1,1,0,-0.008422852,0.024291992,25.02246,61,227,1,0,255,2,0,1782503405.0438952,62
25.031738,25.0229,-0.2627012,0.61106575,0.79086304,1,1,0,-0.010498047,0.024414062,25.031738,61,227,1,0,255,2,0,1782503405.0438952,62
25.031738,25.022188,-0.3146266,0.6156478,0.7970276,1,1,0,-0.012573242,0.024597168,25.031738,61,227,1,0,255,2,0,1782503405.0438952,62
25.026367,25.015121,-0.41990992,0.62162375,0.71588135,1,1,0,-0.016784668,0.024841309,25.026367,61,227,1,0,255,2,0,1782503405.0438952,62
25.034178,25.02807,-0.14665052,0.53321946,0.7472534,1,1,0,-0.005859375,0.02130127,25.03418,26,228,0,0,255,2,0,1782503405.143926,63
25.0271,25.024824,-0.1496864,0.30244416,0.7507324,1,1,0,-0.0059814453,0.012084961,25.0271,28,228,0,0,255,2,0,1782503405.143926,63
25.019287,25.016647,-0.20155449,0.30234975,0.8564148,1,1,0,-0.008056641,0.012084961,25.019287,28,228,0,0,255,2,0,1782503405.143926,63
25.021484,25.018356,-0.25501773,0.3023763,1.053833,1,1,0,-0.010192871,0.012084961,25.021484,28,228,0,0,255,2,0,1782503405.143926,63
25.032713,25.02902,-0.30707312,0.30098426,0.8955078,1,1,0,-0.012268066,0.012023926,25.032715,28,228,0,0,255,2,0,1782503405.143926,63
25.031248,25.026865,-0.3589915,0.30096665,0.71343994,1,1,0,-0.014343262,0.012023926,25.03125,28,228,0,0,255,2,0,1782503405.143926,63
25.019531,25.014326,-0.41226074,0.30082574,0.94299316,1,1,0,-0.016479492,0.012023926,25.019531,28,228,0,0,255,2,0,1782503405.143926,63
25.028564,25.023695,-0.15884393,0.46742526,0.7693176,1,1,0,-0.0063476562,0.018676758,25.028564,29,228,1,0,255,2,0,1782503405.143926,63
25.028564,25.022202,-0.31615424,0.46742526,0.6984253,1,1,0,-0.012634277,0.018676758,25.028564,29,228,1,0,255,2,0,1782503405.143926,63
25.020752,25.013687,-0.36949173,0.46575248,0.6213989,1,1,0,-0.014770508,0.018615723,25.020752,29,228,1,0,255,2,0,1782503405.143926,63
25.03125,25.028027,-0.09165578,0.39109737,0.7507324,1,1,0,-0.0036621094,0.015625,25.03125,60,228,0,0,255,2,0,1782503405.143926,63
25.02905,25.025528,-0.14510815,0.39411798,0.7550659,1,1,0,-0.00579834,0.01574707,25.029053,60,228,0,0,255,2,0,1782503405.143926,63
25.027098,25.023148,-0.19702472,0.3986692,0.6839905,1,1,0,-0.007873535,0.015930176,25.0271,60,228,0,0,255,2,0,1782503405.143926,63
25.032713,25.028234,-0.25053516,0.40181404,0.7749939,1,1,0,-0.010009766,0.016052246,25.032715,60,228,0,0,255,2,0,1782503405.143926,63
25.03125,25.026123,-0.30245444,0.4063733,0.7663269,1,1,0,-0.012084961,0.016235352,25.03125,60,228,0,0,255,2,0,1782503405.143926,63
25.034178,25.02832,-0.35442862,0.40947637,0.7897339,1,1,0,-0.014160156,0.016357422,25.03418,60,228,0,0,255,2,0,1782503405.143926,63
25.02124,25.014496,-0.407682,0.41384563,0.7802124,1,1,0,-0.016296387,0.016540527,25.02124,60,228,0,0,255,2,0,1782503405.143926,63
25.028564,25.021193,-0.10232112,0.5987708,0.6840515,1,1,0,-0.0040893555,0.023925781,25.028564,61,228,1,0,255,2,0,1782503405.143926,63
25.028564,25.020815,-0.15424404,0.60335237,0.76623535,1,1,0,-0.006164551,0.024108887,25.028564,61,228,1,0,255,2,0,1782503405.143926,63
25.030762,25.022552,-0.20771152,0.60646,0.78060913,1,1,0,-0.008300781,0.024230957,25.030762,61,228,1,0,255,2,0,1782503405.143926,63
25.025146,25.016342,-0.2595783,0.6109048,0.7364502,1,1,0,-0.010375977,0.024414062,25.025146,61,228,1,0,255,2,0,1782503405.143926,63
25.032959,25.023483,-0.3115878,0.61415035,0.9428711,1,1,0,-0.012451172,0.024536133,25.032959,61,228,1,0,255,2,0,1782503405.143926,63
25.025146,25.014877,-0.36492798,0.6170126,0.7600708,1,1,0,-0.014587402,0.024658203,25.025146,61,228,1,0,255,2,0,1782503405.143926,63
25.023924,25.012732,-0.41681567,0.62156314,0.85043335,1,1,0,-0.016662598,0.024841309,25.023926,61,228,1,0,255,2,0,1782503405.143926,63
25.026121,25.01856,-0.3069448,0.53304785,0.8122864,1,1,0,-0.012268066,0.02130127,25.026123,26,229,0,0,255,2,0,1782503405.2431536,64
25.031738,25.029732,-0.09471745,0.30250022,0.7749939,1,1,0,-0.0037841797,0.012084961,25.031738,28,229,0,0,255,2,0,1782503405.2431536,64
25.031738,25.029112,-0.20012717,0.30250022,0.7568054,1,1,0,-0.0079956055,0.012084961,25.031738,28,229,0,0,255,2,0,1782503405.2431536,64
25.02124,25.018164,-0.25196144,0.30084628,0.89190674,1,1,0,-0.010070801,0.012023926,25.02124,28,229,0,0,255,2,0,1782503405.2431536,64
25.030027,25.026354,-0.30551267,0.30095196,0.8928833,1,1,0,-0.012207031,0.012023926,25.03003,28,229,0,0,255,2,0,1782503405.2431536,64
25.019531,25.014946,-0.105349205,0.46725655,0.7189636,1,1,0,-0.004211426,0.018676758,25.019531,29,229,1,0,255,2,0,1782503405.2431536,64
25.013916,25.00906,-0.15722455,0.4671517,0.6141968,1,1,0,-0.006286621,0.018676758,25.013916,29,229,1,0,255,2,0,1782503405.2431536,64
25.032959,25.027718,-0.20928206,0.46750733,0.93878174,1,1,0,-0.008361816,0.018676758,25.032959,29,229,1,0,255,2,0,1782503405.2431536,64
25.031008,25.027742,-0.09623752,0.39262116,0.83047485,1,1,0,-0.0038452148,0.015686035,25.031006,60,229,0,0,255,2,0,1782503405.2431536,64
25.032469,25.028894,-0.14971074,0.39569947,0.72299194,1,1,0,-0.0059814453,0.015808105,25.03247,60,229,0,0,255,2,0,1782503405.2431536,64
25.02124,25.01723,-0.20155919,0.40010288,0.96377563,1,1,0,-0.008056641,0.015991211,25.02124,60,229,0,0,255,2,0,1782503405.2431536,64
25.034182,25.029646,-0.25360495,0.40336534,0.85562134,1,1,0,-0.010131836,0.016113281,25.03418,60,229,0,0,255,2,0,1782503405.2431536,64
25.031248,25.026041,-0.30703655,0.4079009,0.7342529,1,1,0,-0.012268066,0.016296387,25.03125,60,229,0,0,255,2,0,1782503405.2431536,64
25.031738,25.024916,-0.41090742,0.4155469,1.0419922,1,1,0,-0.016418457,0.016601562,25.031738,60,229,0,0,255,2,0,1782503405.2431536,64
25.020752,25.013332,-0.10534241,0.60011065,0.66555786,1,1,0,-0.004211426,0.023986816,25.020752,61,229,1,0,255,2,0,1782503405.2431536,64
25.028564,25.020292,-0.21074718,0.6079339,0.807312,1,1,0,-0.008422852,0.024291992,25.028564,61,229,1,0,255,2,0,1782503405.2431536,64
25.026367,25.0168,-0.316086,0.61551565,0.7579956,1,1,0,-0.012634277,0.024597168,25.026367,61,229,1,0,255,2,0,1782503405.2431536,64
25.03174,25.021347,-0.36807734,0.62022984,0.7477417,1,1,0,-0.014709473,0.024780273,25.031738,61,229,1,0,255,2,0,1782503405.2431536,64
25.031738,25.020426,-0.42152655,0.6232845,0.8607178,1,1,0,-0.016845703,0.024902344,25.031738,61,229,1,0,255,2,0,1782503405.2431536,64
25.031738,25.02476,-0.25508296,0.5331675,0.7879944,1,1,0,-0.010192871,0.02130127,25.031738,26,230,0,0,255,2,0,1782503405.3442807,65
25.031006,25.02273,-0.36045977,0.53315187,0.7637329,1,1,0,-0.014404297,0.02130127,25.031006,26,230,0,0,255,2,0,1782503405.3442807,65
25.032715,25.02367,-0.41241473,0.5316608,0.7420654,1,1,0,-0.016479492,0.021240234,25.032715,26,230,0,0,255,2,0,1782503405.3442807,65
25.032228,25.029116,-0.25359955,0.30250612,0.7325134,1,1,0,-0.010131836,0.012084961,25.032227,28,230,0,0,255,2,0,1782503405.3442807,65
25.02124,25.01688,-0.35732105,0.30084628,1.0001526,1,1,0,-0.014282227,0.012023926,25.02124,28,230,0,0,255,2,0,1782503405.3442807,65
25.02124,25.01606,-0.410762,0.30084628,0.87112427,1,1,0,-0.016418457,0.012023926,25.02124,28,230,0,0,255,2,0,1782503405.3442807,65
25.018309,25.01345,-0.15725216,0.46723375,0.66864014,1,1,0,-0.006286621,0.018676758,25.01831,29,230,1,0,255,2,0,1782503405.3442807,65
25.028564,25.023312,-0.21077262,0.46742526,0.7456665,1,1,0,-0.008422852,0.018676758,25.028564,29,230,1,0,255,2,0,1782503405.3442807,65
25.023926,25.018183,-0.2626517,0.46733862,0.6860962,1,1,0,-0.010498047,0.018676758,25.023926,29,230,1,0,255,2,0,1782503405.3442807,65
25.028564,25.02225,-0.31462738,0.46589792,0.7251282,1,1,0,-0.012573242,0.018615723,25.028564,29,230,1,0,255,2,0,1782503405.3442807,65
25.03125,25.028015,-0.09471096,0.39109737,0.82873535,1,1,0,-0.0037841797,0.015625,25.03125,60,230,0,0,255,2,0,1782503405.3442807,65
25.033205,25.029661,-0.1481876,0.39418334,0.7767334,1,1,0,-0.00592041,0.01574707,25.033203,60,230,0,0,255,2,0,1782503405.3442807,65
25.016602,25.012629,-0.19999538,0.398502,0.7836609,1,1,0,-0.0079956055,0.015930176,25.016602,60,230,0,0,255,2,0,1782503405.3442807,65
25.034668,25.030157,-0.25361013,0.4018454,0.69869995,1,1,0,-0.010131836,0.016052246,25.034668,60,230,0,0,255,2,0,1782503405.3442807,65
25.02124,25.016079,-0.3053872,0.40621078,0.7836609,1,1,0,-0.012207031,0.016235352,25.02124,60,230,0,0,255,2,0,1782503405.3442807,65
25.020508,25.014608,-0.35728863,0.40925273,0.8607483,1,1,0,-0.014282227,0.016357422,25.020508,60,230,0,0,255,2,0,1782503405.3442807,65
25.033447,25.02665,-0.4109359,0.41404754,0.7585144,1,1,0,-0.016418457,0.016540527,25.033447,60,230,0,0,255,2,0,1782503405.3442807,65
25.031734,25.024385,-0.10538897,0.59731936,0.79086304,1,1,0,-0.004211426,0.023864746,25.031738,61,230,1,0,255,2,0,1782503405.3442807,65
25.031736,25.024004,-0.15731852,0.60190153,0.7713623,1,1,0,-0.006286621,0.024047852,25.031738,61,230,1,0,255,2,0,1782503405.3442807,65
25.023926,25.01573,-0.21070875,0.60476744,0.7610779,1,1,0,-0.008422852,0.024169922,25.023926,61,230,1,0,255,2,0,1782503405.3442807,65
25.026367,25.017567,-0.26264524,0.6094076,0.8730469,1,1,0,-0.010498047,0.024353027,25.026367,61,230,1,0,255,2,0,1782503405.3442807,65
25.027342,25.01787,-0.3145723,0.6124855,0.75183105,1,1,0,-0.012573242,0.024475098,25.027344,61,230,1,0,255,2,0,1782503405.3442807,65
25.031742,25.021423,-0.36807847,0.6171751,0.77853394,1,1,0,-0.014709473,0.024658203,25.031738,61,230,1,0,255,2,0,1782503405.3442807,65
25.032957,25.021748,-0.42002118,0.62026006,0.9038696,1,1,0,-0.016784668,0.024780273,25.032959,61,230,1,0,255,2,0,1782503405.3442807,65
25.025148,25.019285,-0.096204996,0.53302705,0.664917,1,1,0,-0.0038452148,0.02130127,25.025146,26,231,0,0,255,2,0,1782503405.4436324,66
25.03003,25.027754,-0.14970392,0.30247957,0.71951294,1,1,0,-0.0059814453,0.012084961,25.03003,28,231,0,0,255,2,0,1782503405.4436324,66
25.020264,25.01567,-0.10687913,0.46727023,0.9748535,1,1,0,-0.004272461,0.018676758,25.020264,29,231,1,0,255,2,0,1782503405.4436324,66
25.03296,25.02809,-0.15887183,0.46750733,0.8422241,1,1,0,-0.0063476562,0.018676758,25.032959,29,231,1,0,255,2,0,1782503405.4436324,66
25.021484,25.015755,-0.2641532,0.46576613,0.6916199,1,1,0,-0.010559082,0.018615723,25.021484,29,231,1,0,255,2,0,1782503405.4436324,66
25.025145,25.01726,-0.4214732,0.4658343,0.7631531,1,1,0,-0.016845703,0.018615723,25.025146,29,231,1,0,255,2,0,1782503405.4436324,66
25.020508,25.017275,-0.09467032,0.39092952,0.82785034,1,1,0,-0.0037841797,0.015625,25.020508,60,231,0,0,255,2,0,1782503405.4436324,66
25.032715,25.029158,-0.1466569,0.39570335,0.82006836,1,1,0,-0.005859375,0.015808105,25.032715,60,231,0,0,255,2,0,1782503405.4436324,66
25.02124,25.017277,-0.19850552,0.39857587,0.8460083,1,1,0,-0.00793457,0.015930176,25.02124,60,231,0,0,255,2,0,1782503405.4436324,66
25.021484,25.016968,-0.2519494,0.40316078,0.81658936,1,1,0,-0.010070801,0.016113281,25.021484,60,231,0,0,255,2,0,1782503405.4436324,66
25.03003,25.024885,-0.3039671,0.40635347,0.7550659,1,1,0,-0.012145996,0.016235352,25.03003,60,231,0,0,255,2,0,1782503405.4436324,66
25.031982,25.026056,-0.35745212,0.41096807,0.7845459,1,1,0,-0.014282227,0.016418457,25.031982,60,231,0,0,255,2,0,1782503405.4436324,66
25.031248,25.024477,-0.40937245,0.41401118,0.7550659,1,1,0,-0.016357422,0.016540527,25.03125,60,231,0,0,255,2,0,1782503405.4436324,66
25.025145,25.01773,-0.10383394,0.60021603,0.70358276,1,1,0,-0.0041503906,0.023986816,25.025146,61,231,1,0,255,2,0,1782503405.4436324,66
25.021725,25.01396,-0.15725537,0.60318756,0.7836914,1,1,0,-0.006286621,0.024108887,25.021729,61,231,1,0,255,2,0,1782503405.4436324,66
25.032957,25.024734,-0.20925711,0.6065132,0.907959,1,1,0,-0.008361816,0.024230957,25.032959,61,231,1,0,255,2,0,1782503405.4436324,66
25.02856,25.019741,-0.26114082,0.61098826,0.67788696,1,1,0,-0.010437012,0.024414062,25.028564,61,231,1,0,255,2,0,1782503405.4436324,66
25.031738,25.022226,-0.31462708,0.6141204,0.79086304,1,1,0,-0.012573242,0.024536133,25.031738,61,231,1,0,255,2,0,1782503405.4436324,66
25.023926,25.012707,-0.4183423,0.62156314,0.70666504,1,1,0,-0.016723633,0.024841309,25.023926,61,231,1,0,255,2,0,1782503405.4436324,66
25.032715,25.026608,-0.14664195,0.5331883,0.95269775,1,1,0,-0.005859375,0.02130127,25.032715,26,232,0,0,255,2,0,1782503405.5434763,67
25.032959,25.02475,-0.35590574,0.53319347,0.73773193,1,1,0,-0.014221191,0.02130127,25.032959,26,232,0,0,255,2,0,1782503405.5434763,67
25.031248,25.022223,-0.40933555,0.53315705,0.6657715,1,1,0,-0.016357422,0.02130127,25.03125,26,232,0,0,255,2,0,1782503405.5434763,67
25.02124,25.019234,-0.094677724,0.30237335,1.1066589,1,1,0,-0.0037841797,0.012084961,25.02124,28,232,0,0,255,2,0,1782503405.5434763,67
25.03125,25.028994,-0.14665593,0.30249432,0.69784546,1,1,0,-0.005859375,0.012084961,25.03125,28,232,0,0,255,2,0,1782503405.5434763,67
25.032227,25.029612,-0.19860339,0.30250612,0.7489929,1,1,0,-0.00793457,0.012084961,25.032227,28,232,0,0,255,2,0,1782503405.5434763,67
25.032715,25.029041,-0.30401757,0.30251202,0.70999146,1,1,0,-0.012145996,0.012084961,25.032715,28,232,0,0,255,2,0,1782503405.5434763,67
25.031494,25.027132,-0.35746747,0.30096957,1.0619507,1,1,0,-0.014282227,0.012023926,25.031494,28,232,0,0,255,2,0,1782503405.5434763,67
25.02246,25.017881,-0.10383457,0.46731126,0.884552,1,1,0,-0.0041503906,0.018676758,25.02246,29,232,1,0,255,2,0,1782503405.5434763,67
25.02856,25.023703,-0.15731661,0.46742526,0.7600708,1,1,0,-0.006286621,0.018676758,25.028564,29,232,1,0,255,2,0,1782503405.5434763,67
25.019287,25.013561,-0.2610763,0.467252,0.8045044,1,1,0,-0.010437012,0.018676758,25.019287,29,232,1,0,255,2,0,1782503405.5434763,67
25.031982,25.028717,-0.096241266,0.39263648,0.98651123,1,1,0,-0.0038452148,0.015686035,25.031982,60,232,0,0,255,2,0,1782503405.5434763,67
25.03467,25.031078,-0.14819598,0.39726198,0.9232483,1,1,0,-0.00592041,0.01586914,25.034668,60,232,0,0,255,2,0,1782503405.5434763,67
25.031004,25.025816,-0.30550608,0.4078969,0.73599243,1,1,0,-0.012207031,0.016296387,25.031006,60,232,0,0,255,2,0,1782503405.5434763,67
25.03418,25.028206,-0.35901073,0.4125319,0.8044739,1,1,0,-0.014343262,0.016479492,25.03418,60,232,0,0,255,2,0,1782503405.5434763,67
25.02295,25.015566,-0.10535181,0.59863645,0.6974182,1,1,0,-0.004211426,0.023925781,25.02295,61,232,1,0,255,2,0,1782503405.5434763,67
25.026367,25.01753,-0.26264486,0.6109346,0.7487488,1,1,0,-0.010498047,0.024414062,25.026367,61,232,1,0,255,2,0,1782503405.5434763,67
25.031738,25.021383,-0.36807787,0.6187025,0.9284973,1,1,0,-0.014709473,0.024719238,25.031738,61,232,1,0,255,2,0,1782503405.5434763,67
25.019283,25.008017,-0.4213175,0.6214479,0.77371216,1,1,0,-0.016845703,0.024841309,25.019287,61,232,1,0,255,2,0,1782503405.5434763,67
25.033205,25.02707,-0.15122741,0.53319865,0.6622925,1,1,0,-0.0060424805,0.02130127,25.033203,26,233,0,0,255,2,0,1782503405.6439404,68
25.032715,25.024439,-0.3604844,0.5331883,0.71432495,1,1,0,-0.014404297,0.02130127,25.032715,26,233,0,0,255,2,0,1782503405.6439404,68
25.031736,25.02948,-0.14971425,0.30097252,0.86169434,1,1,0,-0.0059814453,0.012023926,25.031738,28,233,0,0,255,2,0,1782503405.6439404,68
25.031736,25.029116,-0.20165494,0.30097252,0.8105469,1,1,0,-0.008056641,0.012023926,25.031738,28,233,0,0,255,2,0,1782503405.6439404,68
25.032713,25.029604,-0.25513235,0.30098426,0.71084595,1,1,0,-0.010192871,0.012023926,25.032715,28,233,0,0,255,2,0,1782503405.6439404,68
25.034178,25.030485,-0.3070911,0.30100188,0.7715454,1,1,0,-0.012268066,0.012023926,25.03418,28,233,0,0,255,2,0,1782503405.6439404,68
25.026367,25.021132,-0.21228154,0.465857,0.71383667,1,1,0,-0.008483887,0.018615723,25.026367,29,233,1,0,255,2,0,1782503405.6439404,68
25.029541,25.02381,-0.26423827,0.4659161,0.8730469,1,1,0,-0.010559082,0.018615723,25.029541,29,233,1,0,255,2,0,1782503405.6439404,68
25.02246,25.015396,-0.36951697,0.4657843,0.93585205,1,1,0,-0.014770508,0.018615723,25.02246,29,233,1,0,255,2,0,1782503405.6439404,68
25.03125,25.027931,-0.09776585,0.3956802,0.82528687,1,1,0,-0.00390625,0.015808105,25.03125,60,233,0,0,255,2,0,1782503405.6439404,68
25.031006,25.027357,-0.14970155,0.40025902,0.8122864,1,1,0,-0.0059814453,0.015991211,25.031006,60,233,0,0,255,2,0,1782503405.6439404,68
25.02124,25.01718,-0.20155878,0.40315685,1.1239929,1,1,0,-0.008056641,0.016113281,25.02124,60,233,0,0,255,2,0,1782503405.6439404,68
25.032713,25.02809,-0.2551169,0.40792477,1.0931396,1,1,0,-0.010192871,0.016296387,25.032715,60,233,0,0,255,2,0,1782503405.6439404,68
25.034178,25.028131,-0.3605376,0.41558743,0.64151,1,1,0,-0.014404297,0.016601562,25.03418,60,233,0,0,255,2,0,1782503405.6439404,68
25.034426,25.027525,-0.41247827,0.41864696,0.96310425,1,1,0,-0.016479492,0.016723633,25.034424,60,233,0,0,255,2,0,1782503405.6439404,68
25.027832,25.020367,-0.106899194,0.6018076,0.64663696,1,1,0,-0.004272461,0.024047852,25.027832,61,233,1,0,255,2,0,1782503405.6439404,68
25.029541,25.02169,-0.15883121,0.6064304,0.79293823,1,1,0,-0.0063476562,0.024230957,25.029541,61,233,1,0,255,2,0,1782503405.6439404,68
25.018066,25.009142,-0.2640834,0.61378497,0.8250427,1,1,0,-0.010559082,0.024536133,25.018066,61,233,1,0,255,2,0,1782503405.6439404,68
25.027344,25.017738,-0.31609786,0.61706674,0.76828,1,1,0,-0.012634277,0.024658203,25.027344,61,233,1,0,255,2,0,1782503405.6439404,68
25.03076,25.020308,-0.3695895,0.6217329,0.734375,1,1,0,-0.014770508,0.024841309,25.030762,61,233,1,0,255,2,0,1782503405.6439404,68
25.0271,25.021236,-0.0962125,0.53306866,0.82528687,1,1,0,-0.0038452148,0.02130127,25.0271,26,234,0,0,255,2,0,1782503405.7432532,69
25.032227,25.023973,-0.35895002,0.53317785,0.6622925,1,1,0,-0.014343262,0.02130127,25.032227,26,234,0,0,255,2,0,1782503405.7432532,69
25.019775,25.017519,-0.1465887,0.30235565,0.9707031,1,1,0,-0.005859375,0.012084961,25.019775,28,234,0,0,255,2,0,1782503405.7432532,69
25.019775,25.01716,-0.1985046,0.30235565,0.7161255,1,1,0,-0.00793457,0.012084961,25.019775,28,234,0,0,255,2,0,1782503405.7432532,69
25.032715,25.029617,-0.2520768,0.30251202,0.86343384,1,1,0,-0.010070801,0.012084961,25.032715,28,234,0,0,255,2,0,1782503405.7432532,69
25.019531,25.015877,-0.30385768,0.30082574,0.7802124,1,1,0,-0.012145996,0.012023926,25.019531,28,234,0,0,255,2,0,1782503405.7432532,69
25.034668,25.029427,-0.20929635,0.46753925,0.86483765,1,1,0,-0.008361816,0.018676758,25.034668,29,234,1,0,255,2,0,1782503405.7432532,69
25.025146,25.019419,-0.26113746,0.46736142,0.85043335,1,1,0,-0.010437012,0.018676758,25.025146,29,234,1,0,255,2,0,1782503405.7432532,69
25.02295,25.016607,-0.31455645,0.46732038,0.76623535,1,1,0,-0.012573242,0.018676758,25.02295,29,234,1,0,255,2,0,1782503405.7432532,69
25.022951,25.015116,-0.41838259,0.4657934,0.7333679,1,1,0,-0.016723633,0.018615723,25.02295,29,234,1,0,255,2,0,1782503405.7432532,69
25.031738,25.028503,-0.09471281,0.391105,0.8088074,1,1,0,-0.0037841797,0.015625,25.031738,60,234,0,0,255,2,0,1782503405.7432532,69
25.028076,25.02452,-0.14662972,0.39563,0.84869385,1,1,0,-0.005859375,0.015808105,25.028076,60,234,0,0,255,2,0,1782503405.7432532,69
25.031494,25.02753,-0.19858688,0.39873922,0.6839905,1,1,0,-0.00793457,0.015930176,25.031494,60,234,0,0,255,2,0,1782503405.7432532,69
25.03198,25.027462,-0.2520551,0.40332994,0.7767334,1,1,0,-0.010070801,0.016113281,25.031982,60,234,0,0,255,2,0,1782503405.7432532,69
25.026123,25.020979,-0.30391964,0.40629005,0.7793274,1,1,0,-0.012145996,0.016235352,25.026123,60,234,0,0,255,2,0,1782503405.7432532,69
25.032959,25.027033,-0.35746607,0.4109841,0.7732544,1,1,0,-0.014282227,0.016418457,25.032959,60,234,0,0,255,2,0,1782503405.7432532,69
25.027344,25.019928,-0.10384306,0.6002687,0.76623535,1,1,0,-0.0041503906,0.023986816,25.027344,61,234,1,0,255,2,0,1782503405.7432532,69
25.030758,25.022991,-0.15731214,0.60340536,0.7487488,1,1,0,-0.006286621,0.024108887,25.030762,61,234,1,0,255,2,0,1782503405.7432532,69
25.03076,25.022501,-0.20923844,0.6079872,0.7723999,1,1,0,-0.008361816,0.024291992,25.030762,61,234,1,0,255,2,0,1782503405.7432532,69
25.02954,25.020718,-0.26115102,0.6110121,0.80526733,1,1,0,-0.010437012,0.024414062,25.029541,61,234,1,0,255,2,0,1782503405.7432532,69
25.02539,25.015842,-0.31454682,0.6154916,0.9420166,1,1,0,-0.012573242,0.024597168,25.02539,61,234,1,0,255,2,0,1782503405.7432532,69
25.025145,25.014816,-0.36645415,0.6185395,0.868927,1,1,0,-0.0146484375,0.024719238,25.025146,61,234,1,0,255,2,0,1782503405.7432532,69
25.027344,25.016085,-0.4183988,0.6231751,0.7189636,1,1,0,-0.016723633,0.024902344,25.027344,61,234,1,0,255,2,0,1782503405.7432532,69
25.027102,25.025093,-0.0946999,0.30244416,0.86602783,1,1,0,-0.0037841797,0.012084961,25.0271,28,235,0,0,255,2,0,1782503405.8430166,70
25.02124,25.018974,-0.14812432,0.30237335,0.679657,1,1,0,-0.00592041,0.012084961,25.02124,28,235,0,0,255,2,0,1782503405.8430166,70
25.031494,25.028868,-0.20012522,0.30249727,0.86776733,1,1,0,-0.0079956055,0.012084961,25.031494,28,235,0,0,255,2,0,1782503405.8430166,70
25.032959,25.029865,-0.25360715,0.30098718,0.8781738,1,1,0,-0.010131836,0.012023926,25.032959,28,235,0,0,255,2,0,1782503405.8430166,70
25.019775,25.016104,-0.30538753,0.30082867,0.8356323,1,1,0,-0.012207031,0.012023926,25.019775,28,235,0,0,255,2,0,1782503405.8430166,70
25.02246,25.017876,-0.10536154,0.46731126,0.97073364,1,1,0,-0.004211426,0.018676758,25.02246,29,235,1,0,255,2,0,1782503405.8430166,70
25.021482,25.016624,-0.15727212,0.46729302,0.77474976,1,1,0,-0.006286621,0.018676758,25.021484,29,235,1,0,255,2,0,1782503405.8430166,70
25.019531,25.01249,-0.36794707,0.46572977,0.61935425,1,1,0,-0.014709473,0.018615723,25.019531,29,235,1,0,255,2,0,1782503405.8430166,70
25.032469,25.028444,-0.20317726,0.40028244,0.72473145,1,1,0,-0.008117676,0.015991211,25.03247,60,235,0,0,255,2,0,1782503405.8430166,70
25.033201,25.028627,-0.2551224,0.40487728,0.7992859,1,1,0,-0.010192871,0.016174316,25.033203,60,235,0,0,255,2,0,1782503405.8430166,70
25.02905,25.023844,-0.3070096,0.40786508,0.7637329,1,1,0,-0.012268066,0.016296387,25.029053,60,235,0,0,255,2,0,1782503405.8430166,70
25.010742,25.0039,-0.4120889,0.41519836,0.72998047,1,1,0,-0.016479492,0.016601562,25.010742,60,235,0,0,255,2,0,1782503405.8430166,70
25.023924,25.016497,-0.106882654,0.60018677,0.7425842,1,1,0,-0.004272461,0.023986816,25.023926,61,235,1,0,255,2,0,1782503405.8430166,70
25.030762,25.022476,-0.21229295,0.6079872,0.8545532,1,1,0,-0.008483887,0.024291992,25.030762,61,235,1,0,255,2,0,1782503405.8430166,70
25.031738,25.02215,-0.31768107,0.6156478,0.8730469,1,1,0,-0.0126953125,0.024597168,25.031738,61,235,1,0,255,2,0,1782503405.8430166,70
25.025146,25.014734,-0.3695072,0.62006646,0.7693176,1,1,0,-0.014770508,0.024780273,25.025146,61,235,1,0,255,2,0,1782503405.8430166,70
25.03296,25.021622,-0.42307433,0.6233149,0.92440796,1,1,0,-0.016906738,0.024902344,25.032959,61,235,1,0,255,2,0,1782503405.8430166,70
25.031738,25.02588,-0.094702885,0.5331675,0.7698059,1,1,0,-0.0037841797,0.02130127,25.031738,26,236,0,0,255,2,0,1782503405.9436383,71
25.029053,25.022945,-0.1466205,0.53311026,1.1312866,1,1,0,-0.005859375,0.02130127,25.029053,26,236,0,0,255,2,0,1782503405.9436383,71
25.031494,25.024546,-0.25202575,0.5331623,0.7940674,1,1,0,-0.010070801,0.02130127,25.031494,26,236,0,0,255,2,0,1782503405.9436383,71
25.016602,25.009064,-0.30530158,0.5328451,0.71606445,1,1,0,-0.012207031,0.02130127,25.016602,26,236,0,0,255,2,0,1782503405.9436383,71
25.031006,25.022776,-0.35740525,0.53315187,0.72473145,1,1,0,-0.014282227,0.02130127,25.031006,26,236,0,0,255,2,0,1782503405.9436383,71
25.02124,25.019253,-0.0946778,0.30084628,0.7706909,1,1,0,-0.0037841797,0.012023926,25.02124,28,236,0,0,255,2,0,1782503405.9436383,71
25.02124,25.018993,-0.14812444,0.30084628,0.7879944,1,1,0,-0.00592041,0.012023926,25.02124,28,236,0,0,255,2,0,1782503405.9436383,71
25.019531,25.01586,-0.30538455,0.30082574,0.8546753,1,1,0,-0.012207031,0.012023926,25.019531,28,236,0,0,255,2,0,1782503405.9436383,71
25.022217,25.017857,-0.357335,0.30085802,0.86776733,1,1,0,-0.014282227,0.012023926,25.022217,28,236,0,0,255,2,0,1782503405.9436383,71
25.025146,25.020588,-0.10537297,0.4658343,0.6850891,1,1,0,-0.004211426,0.018615723,25.025146,29,236,1,0,255,2,0,1782503405.9436383,71
25.01953,25.0147,-0.15726002,0.46572977,0.6121521,1,1,0,-0.006286621,0.018615723,25.019531,29,236,1,0,255,2,0,1782503405.9436383,71
25.03467,25.029444,-0.21082427,0.46601152,0.846344,1,1,0,-0.008422852,0.018615723,25.034668,29,236,1,0,255,2,0,1782503405.9436383,71
25.033447,25.02988,-0.14818889,0.3957149,0.85128784,1,1,0,-0.00592041,0.015808105,25.033447,60,236,0,0,255,2,0,1782503405.9436383,71
25.032715,25.028715,-0.200124,0.40028635,1.1919861,1,1,0,-0.0079956055,0.015991211,25.032715,60,236,0,0,255,2,0,1782503405.9436383,71
25.03003,25.024103,-0.35742423,0.410936,0.5001831,1,1,0,-0.014282227,0.016418457,25.03003,60,236,0,0,255,2,0,1782503405.9436383,71
25.032713,25.025915,-0.40939596,0.4155631,0.8044739,1,1,0,-0.016357422,0.016601562,25.032715,60,236,0,0,255,2,0,1782503405.9436383,71
25.035154,25.02682,-0.20927455,0.61114913,0.9408264,1,1,0,-0.008361816,0.024414062,25.035156,61,236,1,0,255,2,0,1782503405.9436383,71
25.021484,25.012573,-0.26259282,0.61386883,1.0004883,1,1,0,-0.010498047,0.024536133,25.021484,61,236,1,0,255,2,0,1782503405.9436383,71
25.026365,25.01596,-0.36647093,0.62162375,0.77545166,1,1,0,-0.0146484375,0.024841309,25.026367,61,236,1,0,255,2,0,1782503405.9436383,71
25.015867,25.004513,-0.4197319,0.6259421,0.83325195,1,1,0,-0.016784668,0.025024414,25.01587,61,236,1,0,255,2,0,1782503405.9436383,71
25.031006,25.024044,-0.25354818,0.53315187,0.8088074,1,1,0,-0.010131836,0.02130127,25.031006,26,237,0,0,255,2,0,1782503406.0431404,72
25.031494,25.029228,-0.14818503,0.30249727,0.94143677,1,1,0,-0.00592041,0.012084961,25.031494,28,237,0,0,255,2,0,1782503406.0431404,72
25.017332,25.012749,-0.10533995,0.4672155,0.65734863,1,1,0,-0.004211426,0.018676758,25.017334,29,237,1,0,255,2,0,1782503406.0431404,72
25.02637,25.021116,-0.21075413,0.46738422,0.6737976,1,1,0,-0.008422852,0.018676758,25.026367,29,237,1,0,255,2,0,1782503406.0431404,72
25.031738,25.025404,-0.3161947,0.465957,0.84017944,1,1,0,-0.012634277,0.018615723,25.031738,29,237,1,0,255,2,0,1782503406.0431404,72
25.021484,25.018227,-0.09467392,0.3924718,1.068573,1,1,0,-0.0037841797,0.015686035,25.021484,60,237,0,0,255,2,0,1782503406.0431404,72
25.032228,25.028646,-0.1466539,0.39722323,0.85910034,1,1,0,-0.005859375,0.01586914,25.032227,60,237,0,0,255,2,0,1782503406.0431404,72
25.03125,25.027262,-0.19858475,0.40026292,0.73599243,1,1,0,-0.00793457,0.015991211,25.03125,60,237,0,0,255,2,0,1782503406.0431404,72
25.032713,25.027544,-0.3039994,0.40792477,0.7307739,1,1,0,-0.012145996,0.016296387,25.032715,60,237,0,0,255,2,0,1782503406.0431404,72
25.031006,25.024208,-0.40936804,0.41553473,0.85128784,1,1,0,-0.016357422,0.016601562,25.031006,60,237,0,0,255,2,0,1782503406.0431404,72
25.030762,25.023382,-0.103857405,0.59882337,0.7600708,1,1,0,-0.0041503906,0.023925781,25.030762,61,237,1,0,255,2,0,1782503406.0431404,72
25.030762,25.023003,-0.15578486,0.60340536,0.65734863,1,1,0,-0.006225586,0.024108887,25.030762,61,237,1,0,255,2,0,1782503406.0431404,72
25.023926,25.015705,-0.2091816,0.60629433,0.7610779,1,1,0,-0.008361816,0.024230957,25.023926,61,237,1,0,255,2,0,1782503406.0431404,72
25.031738,25.022915,-0.26117396,0.61106575,0.8216858,1,1,0,-0.010437012,0.024414062,25.031738,61,237,1,0,255,2,0,1782503406.0431404,72
25.029541,25.02003,-0.31459945,0.6140665,0.8792114,1,1,0,-0.012573242,0.024536133,25.029541,61,237,1,0,255,2,0,1782503406.0431404,72
25.030758,25.020428,-0.36653638,0.61867833,0.82580566,1,1,0,-0.0146484375,0.024719238,25.030762,61,237,1,0,255,2,0,1782503406.0431404,72
25.029541,25.01832,-0.41843617,0.6217026,0.92440796,1,1,0,-0.016723633,0.024841309,25.029541,61,237,1,0,255,2,0,1782503406.0431404,72
25.032959,25.026833,-0.14969842,0.53319347,1.0324707,1,1,0,-0.0059814453,0.02130127,25.032959,26,238,0,0,255,2,0,1782503406.1439216,73
25.020506,25.01849,-0.09772897,0.3023645,1.2062378,1,1,0,-0.00390625,0.012084961,25.020508,28,238,0,0,255,2,0,1782503406.1439216,73
25.029053,25.026777,-0.14969808,0.30246776,0.72125244,1,1,0,-0.0059814453,0.012084961,25.029053,28,238,0,0,255,2,0,1782503406.1439216,73
25.034668,25.032015,-0.20320624,0.30253562,0.85302734,1,1,0,-0.008117676,0.012084961,25.034668,28,238,0,0,255,2,0,1782503406.1439216,73
25.031982,25.028288,-0.30706412,0.30097544,0.7602539,1,1,0,-0.012268066,0.012023926,25.031982,28,238,0,0,255,2,0,1782503406.1439216,73
25.022703,25.0183,-0.36039594,0.3008639,1.0391235,1,1,0,-0.014404297,0.012023926,25.022705,28,238,0,0,255,2,0,1782503406.1439216,73
25.021729,25.016523,-0.41229695,0.30085215,0.7949219,1,1,0,-0.016479492,0.012023926,25.021729,28,238,0,0,255,2,0,1782503406.1439216,73
25.019285,25.014694,-0.10687496,0.467252,0.87838745,1,1,0,-0.004272461,0.018676758,25.019287,29,238,1,0,255,2,0,1782503406.1439216,73
25.02954,25.024689,-0.16037771,0.4659161,0.69021606,1,1,0,-0.0064086914,0.018615723,25.029541,29,238,1,0,255,2,0,1782503406.1439216,73
25.02417,25.018934,-0.2122629,0.4658161,0.9512329,1,1,0,-0.008483887,0.018615723,25.02417,29,238,1,0,255,2,0,1782503406.1439216,73
25.020264,25.013912,-0.3175765,0.4657434,0.80041504,1,1,0,-0.0126953125,0.018615723,25.020264,29,238,1,0,255,2,0,1782503406.1439216,73
25.02954,25.021652,-0.4215472,0.4659161,0.82785034,1,1,0,-0.016845703,0.018615723,25.029541,29,238,1,0,255,2,0,1782503406.1439216,73
25.031248,25.027996,-0.09318328,0.39262497,0.7767334,1,1,0,-0.0037231445,0.015686035,25.03125,60,238,0,0,255,2,0,1782503406.1439216,73
25.032959,25.029387,-0.14513052,0.39723486,0.7958069,1,1,0,-0.00579834,0.01586914,25.032959,60,238,0,0,255,2,0,1782503406.1439216,73
25.032227,25.028238,-0.1985925,0.40027854,0.7585144,1,1,0,-0.00793457,0.015991211,25.032227,60,238,0,0,255,2,0,1782503406.1439216,73
25.032469,25.02794,-0.2505322,0.40486544,0.7602539,1,1,0,-0.010009766,0.016174316,25.03247,60,238,0,0,255,2,0,1782503406.1439216,73
25.03125,25.026098,-0.30245414,0.4079009,0.72906494,1,1,0,-0.012084961,0.016296387,25.03125,60,238,0,0,255,2,0,1782503406.1439216,73
25.031734,25.024963,-0.40785262,0.4155469,0.7507324,1,1,0,-0.016296387,0.016601562,25.031738,60,238,0,0,255,2,0,1782503406.1439216,73
25.023928,25.016483,-0.102301866,0.60171366,0.68096924,1,1,0,-0.0040893555,0.024047852,25.023926,61,238,1,0,255,2,0,1782503406.1439216,73
25.026367,25.018574,-0.1557573,0.60482645,0.7610779,1,1,0,-0.006225586,0.024169922,25.026367,61,238,1,0,255,2,0,1782503406.1439216,73
25.034668,25.026382,-0.2077433,0.6096097,0.9182434,1,1,0,-0.008300781,0.024353027,25.034668,61,238,1,0,255,2,0,1782503406.1439216,73
25.026367,25.017525,-0.25959057,0.6124616,0.71383667,1,1,0,-0.010375977,0.024475098,25.026367,61,238,1,0,255,2,0,1782503406.1439216,73
25.030762,25.021194,-0.3130867,0.617151,0.85043335,1,1,0,-0.012512207,0.024658203,25.030762,61,238,1,0,255,2,0,1782503406.1439216,73
25.034668,25.024319,-0.36506572,0.6203024,0.82580566,1,1,0,-0.014587402,0.024780273,25.034668,61,238,1,0,255,2,0,1782503406.1439216,73
25.028564,25.017292,-0.41689166,0.6247327,0.70458984,1,1,0,-0.016662598,0.024963379,25.028564,61,238,1,0,255,2,0,1782503406.1439216,73
25.033936,25.028078,-0.0947112,0.5332143,0.7828064,1,1,0,-0.0037841797,0.02130127,25.033936,26,239,0,0,255,2,0,1782503406.2438197,74
25.029053,25.020823,-0.35737735,0.53311026,0.69525146,1,1,0,-0.014282227,0.02130127,25.029053,26,239,0,0,255,2,0,1782503406.2438197,74
25.019775,25.017757,-0.09772611,0.30235565,1.2045288,1,1,0,-0.00390625,0.012084961,25.019775,28,239,0,0,255,2,0,1782503406.2438197,74
25.025146,25.022871,-0.14967471,0.30242056,0.7568054,1,1,0,-0.0059814453,0.012084961,25.025146,28,239,0,0,255,2,0,1782503406.2438197,74
25.028076,25.025436,-0.2016253,0.30245596,0.7698059,1,1,0,-0.008056641,0.012084961,25.028076,28,239,0,0,255,2,0,1782503406.2438197,74
25.032957,25.02983,-0.25513467,0.30251497,0.93969727,1,1,0,-0.010192871,0.012084961,25.032959,28,239,0,0,255,2,0,1782503406.2438197,74
25.024166,25.020475,-0.30696827,0.3008815,0.70739746,1,1,0,-0.012268066,0.012023926,25.02417,28,239,0,0,255,2,0,1782503406.2438197,74
25.028074,25.022867,-0.4124015,0.30092847,0.81573486,1,1,0,-0.016479492,0.012023926,25.028076,28,239,0,0,255,2,0,1782503406.2438197,74
25.028563,25.02397,-0.10691459,0.46742526,0.8915405,1,1,0,-0.004272461,0.018676758,25.028564,29,239,1,0,255,2,0,1782503406.2438197,74
25.03296,25.027721,-0.21233745,0.46597973,0.8483887,1,1,0,-0.008483887,0.018615723,25.032959,29,239,1,0,255,2,0,1782503406.2438197,74
25.027344,25.021612,-0.26421505,0.46587518,0.7713623,1,1,0,-0.010559082,0.018615723,25.027344,29,239,1,0,255,2,0,1782503406.2438197,74
25.027344,25.020277,-0.36958906,0.46587518,0.750824,1,1,0,-0.014770508,0.018615723,25.027344,29,239,1,0,255,2,0,1782503406.2438197,74
25.021729,25.018442,-0.096201755,0.39400265,1.0200806,1,1,0,-0.0038452148,0.01574707,25.021729,60,239,0,0,255,2,0,1782503406.2438197,74
25.03003,25.026005,-0.20010233,0.40177095,0.7307739,1,1,0,-0.0079956055,0.016052246,25.03003,60,239,0,0,255,2,0,1782503406.2438197,74
25.020264,25.014315,-0.35728443,0.41230258,0.7949219,1,1,0,-0.014282227,0.016479492,25.020264,60,239,0,0,255,2,0,1782503406.2438197,74
25.031738,25.02489,-0.410907,0.41707447,0.8105469,1,1,0,-0.016418457,0.016662598,25.031738,60,239,0,0,255,2,0,1782503406.2438197,74
25.02856,25.020794,-0.15729833,0.60335237,0.66763306,1,1,0,-0.006286621,0.024108887,25.028564,61,239,1,0,255,2,0,1782503406.2438197,74
25.029541,25.021269,-0.21075541,0.6079576,0.7600708,1,1,0,-0.008422852,0.024291992,25.029541,61,239,1,0,255,2,0,1782503406.2438197,74
25.030762,25.02125,-0.3146148,0.61409646,0.83813477,1,1,0,-0.012573242,0.024536133,25.030762,61,239,1,0,255,2,0,1782503406.2438197,74
25.028564,25.018211,-0.36803123,0.61862403,0.8668823,1,1,0,-0.014709473,0.024719238,25.028564,61,239,1,0,255,2,0,1782503406.2438197,74
25.03003,25.023922,-0.14662622,0.53313106,0.71343994,1,1,0,-0.005859375,0.02130127,25.03003,26,240,0,0,255,2,0,1782503406.3434982,75
25.031006,25.02454,-0.19856314,0.53315187,0.7810669,1,1,0,-0.00793457,0.02130127,25.031006,26,240,0,0,255,2,0,1782503406.3434982,75
25.03003,25.022505,-0.30393818,0.53313106,0.7420654,1,1,0,-0.012145996,0.02130127,25.03003,26,240,0,0,255,2,0,1782503406.3434982,75
25.032715,25.024517,-0.35743013,0.5316608,0.71691895,1,1,0,-0.014282227,0.021240234,25.032715,26,240,0,0,255,2,0,1782503406.3434982,75
25.032715,25.02372,-0.40936005,0.5316608,0.70132446,1,1,0,-0.016357422,0.021240234,25.032715,26,240,0,0,255,2,0,1782503406.3434982,75
25.025146,25.023146,-0.09316522,0.30242056,0.7879944,1,1,0,-0.0037231445,0.012084961,25.025146,28,240,0,0,255,2,0,1782503406.3434982,75
25.031248,25.02901,-0.14665604,0.30096665,0.83654785,1,1,0,-0.005859375,0.012023926,25.03125,28,240,0,0,255,2,0,1782503406.3434982,75
25.020996,25.017342,-0.30387548,0.30084336,0.7966614,1,1,0,-0.012145996,0.012023926,25.020996,28,240,0,0,255,2,0,1782503406.3434982,75
25.02417,25.019012,-0.409283,0.3008815,0.82354736,1,1,0,-0.016357422,0.012023926,25.02417,28,240,0,0,255,2,0,1782503406.3434982,75
25.019531,25.01498,-0.10382253,0.46572977,0.67684937,1,1,0,-0.0041503906,0.018615723,25.019531,29,240,1,0,255,2,0,1782503406.3434982,75
25.028564,25.023743,-0.15578948,0.46589792,0.76416016,1,1,0,-0.006225586,0.018615723,25.028564,29,240,1,0,255,2,0,1782503406.3434982,75
25.024904,25.017883,-0.3664991,0.46582976,0.86608887,1,1,0,-0.0146484375,0.018615723,25.024902,29,240,1,0,255,2,0,1782503406.3434982,75
25.032959,25.025122,-0.41854995,0.46597973,0.78985596,1,1,0,-0.016723633,0.018615723,25.032959,29,240,1,0,255,2,0,1782503406.3434982,75
25.021484,25.018251,-0.09467401,0.39094478,0.8650818,1,1,0,-0.0037841797,0.015625,25.021484,60,240,0,0,255,2,0,1782503406.3434982,75
25.032228,25.028694,-0.14665417,0.39416796,0.7749939,1,1,0,-0.005859375,0.01574707,25.032227,60,240,0,0,255,2,0,1782503406.3434982,75
25.021484,25.01751,-0.20003441,0.39857978,1.09021,1,1,0,-0.0079956055,0.015930176,25.021484,60,240,0,0,255,2,0,1782503406.3434982,75
25.031736,25.027243,-0.2520529,0.40179837,1.1477661,1,1,0,-0.010070801,0.016052246,25.031738,60,240,0,0,255,2,0,1782503406.3434982,75
25.032469,25.027306,-0.30552426,0.4063931,0.8009949,1,1,0,-0.012207031,0.016235352,25.03247,60,240,0,0,255,2,0,1782503406.3434982,75
25.034182,25.028278,-0.35748383,0.40947637,0.6779175,1,1,0,-0.014282227,0.016357422,25.03418,60,240,0,0,255,2,0,1782503406.3434982,75
25.031982,25.02521,-0.40938443,0.4140233,0.82006836,1,1,0,-0.016357422,0.016540527,25.031982,60,240,0,0,255,2,0,1782503406.3434982,75
25.019531,25.012081,-0.1038105,0.601608,0.7446594,1,1,0,-0.0041503906,0.024047852,25.019531,61,240,1,0,255,2,0,1782503406.3434982,75
25.02954,25.021734,-0.15730424,0.60490316,0.7189636,1,1,0,-0.006286621,0.024169922,25.029541,61,240,1,0,255,2,0,1782503406.3434982,75
25.032959,25.024082,-0.26271364,0.6126229,0.87509155,1,1,0,-0.010498047,0.024475098,25.032959,61,240,1,0,255,2,0,1782503406.3434982,75
25.028564,25.018978,-0.31458625,0.61709684,0.7744446,1,1,0,-0.012573242,0.024658203,25.028564,61,240,1,0,255,2,0,1782503406.3434982,75
25.026367,25.016,-0.36647153,0.62009674,0.7600708,1,1,0,-0.0146484375,0.024780273,25.026367,61,240,1,0,255,2,0,1782503406.3434982,75
25.029541,25.018255,-0.41996256,0.6232298,0.95932007,1,1,0,-0.016784668,0.024902344,25.029541,61,240,1,0,255,2,0,1782503406.3434982,75
25.03174,25.025858,-0.10081272,0.5331675,0.93536377,1,1,0,-0.0040283203,0.02130127,25.031738,26,241,0,0,255,2,0,1782503406.4438474,76
25.02905,25.022907,-0.15272962,0.53311026,0.83828735,1,1,0,-0.0061035156,0.02130127,25.029053,26,241,0,0,255,2,0,1782503406.4438474,76
25.021729,25.01472,-0.25803456,0.5329543,0.7689514,1,1,0,-0.010314941,0.02130127,25.021729,26,241,0,0,255,2,0,1782503406.4438474,76
25.031738,25.02414,-0.31006837,0.5331675,0.8027344,1,1,0,-0.012390137,0.02130127,25.031738,26,241,0,0,255,2,0,1782503406.4438474,76
25.031494,25.023197,-0.36199412,0.5331623,0.7325134,1,1,0,-0.014465332,0.02130127,25.031494,26,241,0,0,255,2,0,1782503406.4438474,76
25.0271,25.017973,-0.41537562,0.53306866,0.7550659,1,1,0,-0.016601562,0.02130127,25.0271,26,241,0,0,255,2,0,1782503406.4438474,76
25.019531,25.017256,-0.14964113,0.3023527,0.82437134,1,1,0,-0.0059814453,0.012084961,25.019531,28,241,0,0,255,2,0,1782503406.4438474,76
25.021486,25.017794,-0.30693537,0.30084923,0.94906616,1,1,0,-0.012268066,0.012023926,25.021484,28,241,0,0,255,2,0,1782503406.4438474,76
25.031738,25.026472,-0.21232685,0.46748453,0.8319702,1,1,0,-0.008483887,0.018676758,25.031738,29,241,1,0,255,2,0,1782503406.4438474,76
25.02295,25.01719,-0.26416838,0.46732038,0.7446594,1,1,0,-0.010559082,0.018676758,25.02295,29,241,1,0,255,2,0,1782503406.4438474,76
25.030762,25.023695,-0.36963955,0.4659388,0.8319702,1,1,0,-0.014770508,0.018615723,25.030762,29,241,1,0,255,2,0,1782503406.4438474,76
25.026121,25.022894,-0.09316428,0.39101726,0.82528687,1,1,0,-0.0037231445,0.015625,25.026123,60,241,0,0,255,2,0,1782503406.4438474,76
25.03247,25.028946,-0.14512797,0.3941718,0.71343994,1,1,0,-0.00579834,0.01574707,25.03247,60,241,0,0,255,2,0,1782503406.4438474,76
25.03125,25.027287,-0.19858494,0.39873534,0.72473145,1,1,0,-0.00793457,0.015930176,25.03125,60,241,0,0,255,2,0,1782503406.4438474,76
25.033445,25.028967,-0.2505425,0.40182582,0.8894348,1,1,0,-0.010009766,0.016052246,25.033447,60,241,0,0,255,2,0,1782503406.4438474,76
25.028078,25.022932,-0.30394337,0.40632176,0.7325134,1,1,0,-0.012145996,0.016235352,25.028076,60,241,0,0,255,2,0,1782503406.4438474,76
25.034668,25.028788,-0.35596317,0.40948436,0.7958069,1,1,0,-0.014221191,0.016357422,25.034668,60,241,0,0,255,2,0,1782503406.4438474,76
25.031006,25.024258,-0.40784112,0.41400716,0.71865845,1,1,0,-0.016296387,0.016540527,25.031006,60,241,0,0,255,2,0,1782503406.4438474,76
25.026367,25.018995,-0.10231213,0.5987182,0.82580566,1,1,0,-0.0040893555,0.023925781,25.026367,61,241,1,0,255,2,0,1782503406.4438474,76
25.035889,25.028128,-0.15581678,0.6035289,0.8668823,1,1,0,-0.006225586,0.024108887,25.035889,61,241,1,0,255,2,0,1782503406.4438474,76
25.031738,25.023527,-0.20771961,0.60648364,0.8607178,1,1,0,-0.008300781,0.024230957,25.031738,61,241,1,0,255,2,0,1782503406.4438474,76
25.01587,25.006382,-0.31290135,0.6137311,0.84555054,1,1,0,-0.012512207,0.024536133,25.01587,61,241,1,0,255,2,0,1782503406.4438474,76
25.023926,25.013618,-0.3649096,0.61850935,0.7127991,1,1,0,-0.014587402,0.024719238,25.023926,61,241,1,0,255,2,0,1782503406.4438474,76
25.028564,25.017344,-0.41841984,0.62167835,0.8730469,1,1,0,-0.016723633,0.024841309,25.028564,61,241,1,0,255,2,0,1782503406.4438474,76
25.033447,25.02759,-0.09470935,0.5332039,0.71951294,1,1,0,-0.0037841797,0.02130127,25.033447,26,242,0,0,255,2,0,1782503406.5433648,77
25.031006,25.024057,-0.25202084,0.53315187,0.68136597,1,1,0,-0.010070801,0.02130127,25.031006,26,242,0,0,255,2,0,1782503406.5433648,77
25.035154,25.02761,-0.30552799,0.53324026,0.99606323,1,1,0,-0.012207031,0.02130127,25.035156,26,242,0,0,255,2,0,1782503406.5433648,77
25.031984,25.023752,-0.3574192,0.53317267,0.7663269,1,1,0,-0.014282227,0.02130127,25.031982,26,242,0,0,255,2,0,1782503406.5433648,77
25.017334,25.015333,-0.09313613,0.30232614,0.9819641,1,1,0,-0.0037231445,0.012084961,25.017334,28,242,0,0,255,2,0,1782503406.5433648,77
25.034178,25.031115,-0.25056398,0.30100188,0.84436035,1,1,0,-0.010009766,0.012023926,25.03418,28,242,0,0,255,2,0,1782503406.5433648,77
25.028074,25.023735,-0.35589132,0.30092847,0.84436035,1,1,0,-0.014221191,0.012023926,25.028076,28,242,0,0,255,2,0,1782503406.5433648,77
25.032957,25.027824,-0.40789923,0.30098718,0.86776733,1,1,0,-0.016296387,0.012023926,25.032959,28,242,0,0,255,2,0,1782503406.5433648,77
25.023926,25.019077,-0.15576044,0.46733862,0.74053955,1,1,0,-0.006225586,0.018676758,25.023926,29,242,1,0,255,2,0,1782503406.5433648,77
25.032959,25.02773,-0.2077545,0.46750733,0.8422241,1,1,0,-0.008300781,0.018676758,25.032959,29,242,1,0,255,2,0,1782503406.5433648,77
25.020264,25.014565,-0.26108682,0.4657434,0.71832275,1,1,0,-0.010437012,0.018615723,25.020264,29,242,1,0,255,2,0,1782503406.5433648,77
25.025146,25.018148,-0.3649757,0.4658343,0.6470642,1,1,0,-0.014587402,0.018615723,25.025146,29,242,1,0,255,2,0,1782503406.5433648,77
25.033934,25.030676,-0.09472103,0.3926671,0.8807678,1,1,0,-0.0037841797,0.015686035,25.033936,60,242,0,0,255,2,0,1782503406.5433648,77
25.031984,25.028393,-0.14818008,0.39721936,0.85562134,1,1,0,-0.00592041,0.01586914,25.031982,60,242,0,0,255,2,0,1782503406.5433648,77
25.032959,25.02896,-0.20012595,0.40029025,0.7767334,1,1,0,-0.0079956055,0.015991211,25.032959,60,242,0,0,255,2,0,1782503406.5433648,77
25.032713,25.027525,-0.30552694,0.40792477,0.7585144,1,1,0,-0.012207031,0.016296387,25.032715,60,242,0,0,255,2,0,1782503406.5433648,77
25.030758,25.0233,-0.105384395,0.60187805,0.8093567,1,1,0,-0.004211426,0.024047852,25.030762,61,242,1,0,255,2,0,1782503406.5433648,77
25.02246,25.014166,-0.20916873,0.6093125,0.9091797,1,1,0,-0.008361816,0.024353027,25.02246,61,242,1,0,255,2,0,1782503406.5433648,77
25.026367,25.015978,-0.36799836,0.62009674,0.7569885,1,1,0,-0.014709473,0.024780273,25.026367,61,242,1,0,255,2,0,1782503406.5433648,77
25.032957,25.021633,-0.42001924,0.62484235,0.885376,1,1,0,-0.016784668,0.024963379,25.032959,61,242,1,0,255,2,0,1782503406.5433648,77
25.031248,25.025105,-0.15274303,0.53315705,0.9145813,1,1,0,-0.0061035156,0.02130127,25.03125,26,243,0,0,255,2,0,1782503406.6434612,78
25.027098,25.020584,-0.20464069,0.53306866,0.7975464,1,1,0,-0.008178711,0.02130127,25.0271,26,243,0,0,255,2,0,1782503406.6434612,78
25.031984,25.024384,-0.3100714,0.53317267,0.85736084,1,1,0,-0.012390137,0.02130127,25.031982,26,243,0,0,255,2,0,1782503406.6434612,78
25.031252,25.022156,-0.41544506,0.5316297,0.7585144,1,1,0,-0.016601562,0.021240234,25.03125,26,243,0,0,255,2,0,1782503406.6434612,78
25.031738,25.029463,-0.14971414,0.30250022,0.97177124,1,1,0,-0.0059814453,0.012084961,25.031738,28,243,0,0,255,2,0,1782503406.6434612,78
25.03247,25.02983,-0.20166071,0.30250907,0.6596985,1,1,0,-0.008056641,0.012084961,25.03247,28,243,0,0,255,2,0,1782503406.6434612,78
25.017334,25.014242,-0.25344887,0.3007993,0.80966187,1,1,0,-0.010131836,0.012023926,25.017334,28,243,0,0,255,2,0,1782503406.6434612,78
25.021729,25.018036,-0.30693835,0.30085215,1.0313416,1,1,0,-0.012268066,0.012023926,25.021729,28,243,0,0,255,2,0,1782503406.6434612,78
25.023436,25.018255,-0.41079807,0.3008727,0.8607483,1,1,0,-0.016418457,0.012023926,25.023438,28,243,0,0,255,2,0,1782503406.6434612,78
25.02954,25.024952,-0.10539135,0.4674435,0.87509155,1,1,0,-0.004211426,0.018676758,25.029541,29,243,1,0,255,2,0,1782503406.6434612,78
25.032959,25.027706,-0.21080963,0.46750733,0.8175659,1,1,0,-0.008422852,0.018676758,25.032959,29,243,1,0,255,2,0,1782503406.6434612,78
25.03296,25.027227,-0.26427436,0.46597973,0.76828,1,1,0,-0.010559082,0.018615723,25.032959,29,243,1,0,255,2,0,1782503406.6434612,78
25.031008,25.027754,-0.09318238,0.39262116,0.84869385,1,1,0,-0.0037231445,0.015686035,25.031006,60,243,0,0,255,2,0,1782503406.6434612,78
25.03125,25.027693,-0.14664832,0.3956802,0.7975464,1,1,0,-0.005859375,0.015808105,25.03125,60,243,0,0,255,2,0,1782503406.6434612,78
25.031738,25.026592,-0.30398783,0.40638122,0.74380493,1,1,0,-0.012145996,0.016235352,25.031738,60,243,0,0,255,2,0,1782503406.6434612,78
25.031982,25.026077,-0.35592464,0.41096807,0.70132446,1,1,0,-0.014221191,0.016418457,25.031982,60,243,0,0,255,2,0,1782503406.6434612,78
25.02295,25.015572,-0.10382499,0.59863645,0.6974182,1,1,0,-0.0041503906,0.023925781,25.02295,61,243,1,0,255,2,0,1782503406.6434612,78
25.032959,25.025236,-0.15579878,0.60193086,0.7970276,1,1,0,-0.006225586,0.024047852,25.032959,61,243,1,0,255,2,0,1782503406.6434612,78
25.015871,25.00709,-0.26100877,0.60915196,0.8229675,1,1,0,-0.010437012,0.024353027,25.01587,61,243,1,0,255,2,0,1782503406.6434612,78
25.026367,25.016876,-0.31303266,0.61398864,0.7189636,1,1,0,-0.012512207,0.024536133,25.026367,61,243,1,0,255,2,0,1782503406.6434612,78
25.01587,25.00558,-0.36631888,0.61678386,0.7244568,1,1,0,-0.0146484375,0.024658203,25.01587,61,243,1,0,255,2,0,1782503406.6434612,78
25.022459,25.011242,-0.4183178,0.6215267,0.94918823,1,1,0,-0.016723633,0.024841309,25.02246,61,243,1,0,255,2,0,1782503406.6434612,78
25.02905,25.022926,-0.14967506,0.53311026,0.70217896,1,1,0,-0.0059814453,0.02130127,25.029053,26,244,0,0,255,2,0,1782503406.7432141,79
25.031006,25.024027,-0.2550755,0.53315187,0.7749939,1,1,0,-0.010192871,0.02130127,25.031006,26,244,0,0,255,2,0,1782503406.7432141,79
25.031982,25.02442,-0.30701667,0.53317267,0.87384033,1,1,0,-0.012268066,0.02130127,25.031982,26,244,0,0,255,2,0,1782503406.7432141,79
25.033447,25.025194,-0.35896754,0.5332039,0.667511,1,1,0,-0.014343262,0.02130127,25.033447,26,244,0,0,255,2,0,1782503406.7432141,79
25.032959,25.030947,-0.09624984,0.30251497,0.7663269,1,1,0,-0.0038452148,0.012084961,25.032959,28,244,0,0,255,2,0,1782503406.7432141,79
25.028078,25.024965,-0.2535575,0.30245596,0.7749939,1,1,0,-0.010131836,0.012084961,25.028076,28,244,0,0,255,2,0,1782503406.7432141,79
25.031248,25.027557,-0.30552736,0.30249432,0.71865845,1,1,0,-0.012207031,0.012084961,25.03125,28,244,0,0,255,2,0,1782503406.7432141,79
25.019777,25.015394,-0.35882694,0.30082867,0.8624878,1,1,0,-0.014343262,0.012023926,25.019775,28,244,0,0,255,2,0,1782503406.7432141,79
25.030762,25.025017,-0.26272345,0.4674663,0.82580566,1,1,0,-0.010498047,0.018676758,25.030762,29,244,1,0,255,2,0,1782503406.7432141,79
25.031738,25.025375,-0.31619436,0.46748453,0.94802856,1,1,0,-0.012634277,0.018676758,25.031738,29,244,1,0,255,2,0,1782503406.7432141,79
25.033447,25.03017,-0.099302344,0.39265946,0.7680664,1,1,0,-0.003967285,0.015686035,25.033447,60,244,0,0,255,2,0,1782503406.7432141,79
25.032473,25.028864,-0.15123825,0.3972271,0.84002686,1,1,0,-0.0060424805,0.01586914,25.03247,60,244,0,0,255,2,0,1782503406.7432141,79
25.032715,25.028124,-0.25664502,0.40486938,0.9206238,1,1,0,-0.010253906,0.016174316,25.032715,60,244,0,0,255,2,0,1782503406.7432141,79
25.032957,25.027733,-0.3085851,0.40792874,0.7767334,1,1,0,-0.012329102,0.016296387,25.032959,60,244,0,0,255,2,0,1782503406.7432141,79
25.032959,25.026941,-0.36204827,0.4125118,0.7619934,1,1,0,-0.014465332,0.016479492,25.032959,60,244,0,0,255,2,0,1782503406.7432141,79
25.028076,25.021204,-0.41390166,0.4154861,0.9232483,1,1,0,-0.016540527,0.016601562,25.028076,60,244,0,0,255,2,0,1782503406.7432141,79
25.030762,25.023386,-0.056510434,0.60493267,0.69125366,1,1,0,-0.0022583008,0.024169922,25.030762,61,244,1,0,255,2,0,1782503406.7432141,79
25.023926,25.016527,-0.10840971,0.5986598,0.69021606,1,1,0,-0.004333496,0.023925781,25.023926,61,244,1,0,255,2,0,1782503406.7432141,79
25.029541,25.021744,-0.1618861,0.6033759,0.7210388,1,1,0,-0.0064697266,0.024108887,25.029541,61,244,1,0,255,2,0,1782503406.7432141,79
25.023926,25.015667,-0.21376212,0.60629433,0.7816162,1,1,0,-0.008544922,0.024230957,25.023926,61,244,1,0,255,2,0,1782503406.7432141,79
25.012451,25.003588,-0.26555103,0.61059487,0.7685852,1,1,0,-0.010620117,0.024414062,25.012451,61,244,1,0,255,2,0,1782503406.7432141,79
25.026367,25.0168,-0.31914032,0.61398864,0.7333679,1,1,0,-0.012756348,0.024536133,25.026367,61,244,1,0,255,2,0,1782503406.7432141,79
25.029541,25.018217,-0.4245442,0.6217026,0.868927,1,1,0,-0.016967773,0.024841309,25.029541,61,244,1,0,255,2,0,1782503406.7432141,79
25.035156,25.029291,-0.09624347,0.53324026,0.7749939,1,1,0,-0.0038452148,0.02130127,25.035156,26,245,0,0,255,2,0,1782503406.843515,80
25.027102,25.018904,-0.35734996,0.5315415,0.73773193,1,1,0,-0.014282227,0.021240234,25.0271,26,245,0,0,255,2,0,1782503406.843515,80
25.032228,25.023209,-0.41087937,0.5316504,0.7489929,1,1,0,-0.016418457,0.021240234,25.032227,26,245,0,0,255,2,0,1782503406.843515,80
25.028078,25.02581,-0.1481648,0.30245596,0.82702637,1,1,0,-0.00592041,0.012084961,25.028076,28,245,0,0,255,2,0,1782503406.843515,80
25.03247,25.029844,-0.20013303,0.30250907,0.85736084,1,1,0,-0.0079956055,0.012084961,25.03247,28,245,0,0,255,2,0,1782503406.843515,80
25.034178,25.030504,-0.30556333,0.30100188,0.87210083,1,1,0,-0.012207031,0.012023926,25.03418,28,245,0,0,255,2,0,1782503406.843515,80
25.034666,25.030079,-0.105412945,0.46753925,0.92645264,1,1,0,-0.004211426,0.018676758,25.034668,29,245,1,0,255,2,0,1782503406.843515,80
25.018066,25.012815,-0.21068421,0.4672292,0.8640137,1,1,0,-0.008422852,0.018676758,25.018066,29,245,1,0,255,2,0,1782503406.843515,80
25.021484,25.015741,-0.26262608,0.46729302,0.7449951,1,1,0,-0.010498047,0.018676758,25.021484,29,245,1,0,255,2,0,1782503406.843515,80
25.018064,25.011705,-0.31602165,0.4672292,0.78704834,1,1,0,-0.012634277,0.018676758,25.018066,29,245,1,0,255,2,0,1782503406.843515,80
25.015867,25.008827,-0.3678932,0.4656616,0.72753906,1,1,0,-0.014709473,0.018615723,25.01587,29,245,1,0,255,2,0,1782503406.843515,80
25.011473,25.003618,-0.41971686,0.4655798,0.83862305,1,1,0,-0.016784668,0.018615723,25.011475,29,245,1,0,255,2,0,1782503406.843515,80
25.028076,25.024818,-0.09469886,0.3925752,0.7767334,1,1,0,-0.0037841797,0.015686035,25.028076,60,245,0,0,255,2,0,1782503406.843515,80
25.032957,25.029392,-0.148186,0.3957072,1.1720276,1,1,0,-0.00592041,0.015808105,25.032959,60,245,0,0,255,2,0,1782503406.843515,80
25.026125,25.021606,-0.25199613,0.40323552,0.72906494,1,1,0,-0.010070801,0.016113281,25.026123,60,245,0,0,255,2,0,1782503406.843515,80
25.032469,25.02728,-0.30552396,0.40792078,0.7828064,1,1,0,-0.012207031,0.016296387,25.03247,60,245,0,0,255,2,0,1782503406.843515,80
25.026125,25.020199,-0.35736847,0.41087186,0.67529297,1,1,0,-0.014282227,0.016418457,25.026123,60,245,0,0,255,2,0,1782503406.843515,80
25.027342,25.019957,-0.10537031,0.5987416,0.73028564,1,1,0,-0.004211426,0.023925781,25.027344,61,245,1,0,255,2,0,1782503406.843515,80
25.030758,25.023027,-0.15731238,0.60187805,0.87509155,1,1,0,-0.006286621,0.024047852,25.030762,61,245,1,0,255,2,0,1782503406.843515,80
25.024902,25.016682,-0.20918977,0.606318,0.94714355,1,1,0,-0.008361816,0.024230957,25.024902,61,245,1,0,255,2,0,1782503406.843515,80
25.023926,25.015127,-0.26261964,0.6093481,0.7816162,1,1,0,-0.010498047,0.024353027,25.023926,61,245,1,0,255,2,0,1782503406.843515,80
25.027344,25.017029,-0.36801383,0.61706674,0.885376,1,1,0,-0.014709473,0.024658203,25.027344,61,245,1,0,255,2,0,1782503406.843515,80
25.025146,25.0139,-0.41988945,0.6215934,0.7107544,1,1,0,-0.016784668,0.024841309,25.025146,61,245,1,0,255,2,0,1782503406.843515,80
25.029053,25.022936,-0.14814778,0.53311026,0.97698975,1,1,0,-0.00592041,0.02130127,25.029053,26,246,0,0,255,2,0,1782503406.9433823,81
25.02124,25.012192,-0.4106985,0.53294384,0.629364,1,1,0,-0.016418457,0.02130127,25.02124,26,246,0,0,255,2,0,1782503406.9433823,81
25.03247,25.030205,-0.14819081,0.30250907,0.7845459,1,1,0,-0.00592041,0.012084961,25.03247,28,246,0,0,255,2,0,1782503406.9433823,81
25.02124,25.0186,-0.20157023,0.30237335,0.94732666,1,1,0,-0.008056641,0.012084961,25.02124,28,246,0,0,255,2,0,1782503406.9433823,81
25.02295,25.01811,-0.15880848,0.4657934,0.7097168,1,1,0,-0.0063476562,0.018615723,25.02295,29,246,1,0,255,2,0,1782503406.9433823,81
25.03296,25.027735,-0.21080987,0.46597973,0.91412354,1,1,0,-0.008422852,0.018615723,25.032959,29,246,1,0,255,2,0,1782503406.9433823,81
25.013672,25.005789,-0.42127997,0.4656207,0.8065491,1,1,0,-0.016845703,0.018615723,25.013672,29,246,1,0,255,2,0,1782503406.9433823,81
25.031008,25.027748,-0.09470995,0.39262116,0.83654785,1,1,0,-0.0037841797,0.015686035,25.031006,60,246,0,0,255,2,0,1782503406.9433823,81
25.031494,25.027494,-0.20011424,0.40026683,0.68743896,1,1,0,-0.0079956055,0.015991211,25.031494,60,246,0,0,255,2,0,1782503406.9433823,81
25.031006,25.026447,-0.25357252,0.40484175,0.68569946,1,1,0,-0.010131836,0.016174316,25.031006,60,246,0,0,255,2,0,1782503406.9433823,81
25.031006,25.025055,-0.35743782,0.4124796,0.7958069,1,1,0,-0.014282227,0.016479492,25.031006,60,246,0,0,255,2,0,1782503406.9433823,81
25.032959,25.026136,-0.41092744,0.41556716,0.83480835,1,1,0,-0.016418457,0.016601562,25.032959,60,246,0,0,255,2,0,1782503406.9433823,81
25.02246,25.014229,-0.21069612,0.60625887,0.8722229,1,1,0,-0.008422852,0.024230957,25.02246,61,246,1,0,255,2,0,1782503406.9433823,81
25.032959,25.022604,-0.36809584,0.61873263,0.9038696,1,1,0,-0.014709473,0.024719238,25.032959,61,246,1,0,255,2,0,1782503406.9433823,81
25.02246,25.011217,-0.4198444,0.6215267,0.7901306,1,1,0,-0.016784668,0.024841309,25.02246,61,246,1,0,255,2,0,1782503406.9433823,81
25.032959,25.027107,-0.09317997,0.53319347,0.8764343,1,1,0,-0.0037231445,0.02130127,25.032959,26,247,0,0,255,2,0,1782503407.0443313,82
25.02905,25.022953,-0.14509322,0.53311026,0.72906494,1,1,0,-0.00579834,0.02130127,25.029053,26,247,0,0,255,2,0,1782503407.0443313,82
25.031738,25.025272,-0.19856896,0.5331675,0.7489929,1,1,0,-0.00793457,0.02130127,25.031738,26,247,0,0,255,2,0,1782503407.0443313,82
25.032227,25.025293,-0.25050572,0.53317785,0.68569946,1,1,0,-0.010009766,0.02130127,25.032227,26,247,0,0,255,2,0,1782503407.0443313,82
25.03125,25.023073,-0.3558819,0.5316297,0.7342529,1,1,0,-0.014221191,0.021240234,25.03125,26,247,0,0,255,2,0,1782503407.0443313,82
25.033201,25.024233,-0.4078407,0.53167117,0.7550659,1,1,0,-0.016296387,0.021240234,25.033203,26,247,0,0,255,2,0,1782503407.0443313,82
25.019531,25.017519,-0.09619821,0.3023527,0.7724304,1,1,0,-0.0038452148,0.012084961,25.019531,28,247,0,0,255,2,0,1782503407.0443313,82
25.034178,25.031069,-0.25514728,0.30100188,0.7507324,1,1,0,-0.010192871,0.012023926,25.03418,28,247,0,0,255,2,0,1782503407.0443313,82
25.031248,25.026041,-0.4124538,0.30096665,0.82354736,1,1,0,-0.016479492,0.012023926,25.03125,28,247,0,0,255,2,0,1782503407.0443313,82
25.01831,25.013718,-0.106870785,0.46723375,0.6470642,1,1,0,-0.004272461,0.018676758,25.01831,29,247,1,0,255,2,0,1782503407.0443313,82
25.025148,25.019388,-0.26419157,0.46736142,0.8915405,1,1,0,-0.010559082,0.018676758,25.025146,29,247,1,0,255,2,0,1782503407.0443313,82
25.030762,25.024427,-0.31618237,0.4659388,0.85043335,1,1,0,-0.012634277,0.018615723,25.030762,29,247,1,0,255,2,0,1782503407.0443313,82
25.031738,25.024672,-0.36965397,0.465957,0.76623535,1,1,0,-0.014770508,0.018615723,25.031738,29,247,1,0,255,2,0,1782503407.0443313,82
25.022705,25.019478,-0.09315156,0.39096385,0.89019775,1,1,0,-0.0037231445,0.015625,25.022705,60,247,0,0,255,2,0,1782503407.0443313,82
25.031984,25.026104,-0.355925,0.40944043,0.72473145,1,1,0,-0.014221191,0.016357422,25.031982,60,247,0,0,255,2,0,1782503407.0443313,82
25.026367,25.018915,-0.10383886,0.60177237,0.7425842,1,1,0,-0.0041503906,0.024047852,25.026367,61,247,1,0,255,2,0,1782503407.0443313,82
25.025145,25.017315,-0.15574946,0.6063239,0.7210388,1,1,0,-0.006225586,0.024230957,25.025146,61,247,1,0,255,2,0,1782503407.0443313,82
25.025145,25.01685,-0.20919117,0.60937786,0.75390625,1,1,0,-0.008361816,0.024353027,25.025146,61,247,1,0,255,2,0,1782503407.0443313,82
25.018066,25.009174,-0.26103052,0.61378497,0.8517151,1,1,0,-0.010437012,0.024536133,25.018066,61,247,1,0,255,2,0,1782503407.0443313,82
25.028564,25.018997,-0.3130592,0.61709684,0.7713623,1,1,0,-0.012512207,0.024658203,25.028564,61,247,1,0,255,2,0,1782503407.0443313,82
25.032957,25.021658,-0.41849202,0.62484235,0.91207886,1,1,0,-0.016723633,0.024963379,25.032959,61,247,1,0,255,2,0,1782503407.0443313,82
25.0271,25.020153,-0.2519815,0.53306866,0.6622925,1,1,0,-0.010070801,0.02130127,25.0271,26,248,0,0,255,2,0,1782503407.1429775,83
25.032959,25.023964,-0.40936404,0.531666,0.68136597,1,1,0,-0.016357422,0.021240234,25.032959,26,248,0,0,255,2,0,1782503407.1429775,83
25.032227,25.03022,-0.0947193,0.30250612,0.71951294,1,1,0,-0.0037841797,0.012084961,25.032227,28,248,0,0,255,2,0,1782503407.1429775,83
25.020508,25.016817,-0.30539623,0.3023645,0.8564148,1,1,0,-0.012207031,0.012084961,25.020508,28,248,0,0,255,2,0,1782503407.1429775,83
25.031492,25.02631,-0.41093034,0.30096957,0.7619934,1,1,0,-0.016418457,0.012023926,25.031494,28,248,0,0,255,2,0,1782503407.1429775,83
25.023924,25.019066,-0.15728746,0.46733862,0.6830139,1,1,0,-0.006286621,0.018676758,25.023926,29,248,1,0,255,2,0,1782503407.1429775,83
25.023684,25.01843,-0.2107315,0.46733406,1.042572,1,1,0,-0.008422852,0.018676758,25.023682,29,248,1,0,255,2,0,1782503407.1429775,83
25.021729,25.015387,-0.3145411,0.46729758,0.7610779,1,1,0,-0.012573242,0.018676758,25.021729,29,248,1,0,255,2,0,1782503407.1429775,83
25.034668,25.027594,-0.36816925,0.46753925,0.7991028,1,1,0,-0.014709473,0.018676758,25.034668,29,248,1,0,255,2,0,1782503407.1429775,83
25.034668,25.031433,-0.094723895,0.39115077,0.83654785,1,1,0,-0.0037841797,0.015625,25.034668,60,248,0,0,255,2,0,1782503407.1429775,83
25.034182,25.030647,-0.14666562,0.39419872,0.7619934,1,1,0,-0.005859375,0.01574707,25.03418,60,248,0,0,255,2,0,1782503407.1429775,83
25.030031,25.02608,-0.20010293,0.39718837,0.71084595,1,1,0,-0.0079956055,0.01586914,25.03003,60,248,0,0,255,2,0,1782503407.1429775,83
25.031006,25.02651,-0.2520455,0.40178663,0.71606445,1,1,0,-0.010070801,0.016052246,25.031006,60,248,0,0,255,2,0,1782503407.1429775,83
25.02905,25.023912,-0.30548286,0.40481016,0.84002686,1,1,0,-0.012207031,0.016174316,25.029053,60,248,0,0,255,2,0,1782503407.1429775,83
25.03174,25.025839,-0.357449,0.40943643,0.84002686,1,1,0,-0.014282227,0.016357422,25.031738,60,248,0,0,255,2,0,1782503407.1429775,83
25.03125,25.024502,-0.40937284,0.41248363,0.6596985,1,1,0,-0.016357422,0.016479492,25.03125,60,248,0,0,255,2,0,1782503407.1429775,83
25.028564,25.021149,-0.10384813,0.600298,0.82785034,1,1,0,-0.0041503906,0.023986816,25.028564,61,248,1,0,255,2,0,1782503407.1429775,83
25.025146,25.015598,-0.31454375,0.61548567,0.6624756,1,1,0,-0.012573242,0.024597168,25.025146,61,248,1,0,255,2,0,1782503407.1429775,83
25.025146,25.01478,-0.36645365,0.62006646,0.807312,1,1,0,-0.0146484375,0.024780273,25.025146,61,248,1,0,255,2,0,1782503407.1429775,83
25.028076,25.022213,-0.096216254,0.53308946,0.70132446,1,1,0,-0.0038452148,0.02130127,25.028076,26,249,0,0,255,2,0,1782503407.243814,84
25.031982,25.024452,-0.30701706,0.53164524,0.85562134,1,1,0,-0.012268066,0.021240234,25.031982,26,249,0,0,255,2,0,1782503407.243814,84
25.03247,25.02425,-0.35895398,0.5316556,0.7715454,1,1,0,-0.014343262,0.021240234,25.03247,26,249,0,0,255,2,0,1782503407.243814,84
25.021484,25.019466,-0.09773278,0.3023763,1.2313538,1,1,0,-0.00390625,0.012084961,25.021484,28,249,0,0,255,2,0,1782503407.243814,84
25.026125,25.023472,-0.20313688,0.30243236,0.7732544,1,1,0,-0.008117676,0.012084961,25.026123,28,249,0,0,255,2,0,1782503407.243814,84
25.030027,25.026918,-0.255105,0.30095196,0.7568054,1,1,0,-0.010192871,0.012023926,25.03003,28,249,0,0,255,2,0,1782503407.243814,84
25.022217,25.017813,-0.36038893,0.30085802,0.83654785,1,1,0,-0.014404297,0.012023926,25.022217,28,249,0,0,255,2,0,1782503407.243814,84
25.016846,25.012255,-0.106864534,0.4672064,1.0784912,1,1,0,-0.004272461,0.018676758,25.016846,29,249,1,0,255,2,0,1782503407.243814,84
25.015871,25.010607,-0.21219225,0.46718815,0.76242065,1,1,0,-0.008483887,0.018676758,25.01587,29,249,1,0,255,2,0,1782503407.243814,84
25.026367,25.02062,-0.26573193,0.465857,0.7097168,1,1,0,-0.010620117,0.018615723,25.026367,29,249,1,0,255,2,0,1782503407.243814,84
25.02246,25.01611,-0.3176044,0.4657843,0.8045044,1,1,0,-0.0126953125,0.018615723,25.02246,29,249,1,0,255,2,0,1782503407.243814,84
25.01587,25.008806,-0.3694196,0.4656616,0.68444824,1,1,0,-0.014770508,0.018615723,25.01587,29,249,1,0,255,2,0,1782503407.243814,84
25.02075,25.01284,-0.4229259,0.46575248,0.69125366,1,1,0,-0.016906738,0.018615723,25.020752,29,249,1,0,255,2,0,1782503407.243814,84
25.032473,25.029177,-0.09777071,0.3941718,0.83828735,1,1,0,-0.00390625,0.01574707,25.03247,60,249,0,0,255,2,0,1782503407.243814,84
25.028074,25.024027,-0.20314139,0.4017396,0.6596985,1,1,0,-0.008117676,0.016052246,25.028076,60,249,0,0,255,2,0,1782503407.243814,84
25.032957,25.028383,-0.25511992,0.40487334,0.7940674,1,1,0,-0.010192871,0.016174316,25.032959,60,249,0,0,255,2,0,1782503407.243814,84
25.033936,25.028685,-0.30859682,0.40947238,0.7879944,1,1,0,-0.012329102,0.016357422,25.033936,60,249,0,0,255,2,0,1782503407.243814,84
25.032957,25.026085,-0.4139824,0.41556716,0.7810669,1,1,0,-0.016540527,0.016601562,25.032959,60,249,0,0,255,2,0,1782503407.243814,84
25.026363,25.018967,-0.10842028,0.5987182,0.77853394,1,1,0,-0.004333496,0.023925781,25.026367,61,249,1,0,255,2,0,1782503407.243814,84
25.035154,25.027365,-0.16039486,0.6035113,0.964447,1,1,0,-0.0064086914,0.024108887,25.035156,61,249,1,0,255,2,0,1782503407.243814,84
25.026367,25.01812,-0.212256,0.60635346,0.868927,1,1,0,-0.008483887,0.024230957,25.026367,61,249,1,0,255,2,0,1782503407.243814,84
25.02295,25.01408,-0.26566246,0.61085117,0.7579956,1,1,0,-0.010620117,0.024414062,25.02295,61,249,1,0,255,2,0,1782503407.243814,84
25.030762,25.021212,-0.31766915,0.61409646,0.8442688,1,1,0,-0.0126953125,0.024536133,25.030762,61,249,1,0,255,2,0,1782503407.243814,84
25.029541,25.019142,-0.37109968,0.6186482,0.8607178,1,1,0,-0.014831543,0.024719238,25.029541,61,249,1,0,255,2,0,1782503407.243814,84
25.030031,25.023552,-0.20008272,0.53313106,0.7602539,1,1,0,-0.0079956055,0.02130127,25.03003,26,250,0,0,255,2,0,1782503407.3437657,85
25.031008,25.021988,-0.41085935,0.5316245,0.83828735,1,1,0,-0.016418457,0.021240234,25.031006,26,250,0,0,255,2,0,1782503407.3437657,85
25.033203,25.031202,-0.093195215,0.30251792,0.7879944,1,1,0,-0.0037231445,0.012084961,25.033203,28,250,0,0,255,2,0,1782503407.3437657,85
25.020996,25.018759,-0.14659597,0.30084336,0.9239502,1,1,0,-0.005859375,0.012023926,25.020996,28,250,0,0,255,2,0,1782503407.3437657,85
25.032957,25.029894,-0.25055176,0.30098718,0.70132446,1,1,0,-0.010009766,0.012023926,25.032959,28,250,0,0,255,2,0,1782503407.3437657,85
25.028074,25.02442,-0.30396146,0.30092847,0.7767334,1,1,0,-0.012145996,0.012023926,25.028076,28,250,0,0,255,2,0,1782503407.3437657,85
25.033201,25.028044,-0.40943077,0.30099013,0.8781738,1,1,0,-0.016357422,0.012023926,25.033203,28,250,0,0,255,2,0,1782503407.3437657,85
25.027344,25.02279,-0.10385495,0.46587518,0.8668823,1,1,0,-0.0041503906,0.018615723,25.027344,29,250,1,0,255,2,0,1782503407.3437657,85
25.029541,25.024342,-0.20772636,0.4659161,0.7569885,1,1,0,-0.008300781,0.018615723,25.029541,29,250,1,0,255,2,0,1782503407.3437657,85
25.026367,25.020668,-0.2611505,0.465857,0.77853394,1,1,0,-0.010437012,0.018615723,25.026367,29,250,1,0,255,2,0,1782503407.3437657,85
25.023684,25.016663,-0.3664812,0.46580702,1.0507812,1,1,0,-0.0146484375,0.018615723,25.023682,29,250,1,0,255,2,0,1782503407.3437657,85
25.031006,25.027777,-0.09318246,0.39109355,0.82702637,1,1,0,-0.0037231445,0.015625,25.031006,60,250,0,0,255,2,0,1782503407.3437657,85
25.032225,25.028677,-0.1451264,0.39569563,0.72906494,1,1,0,-0.00579834,0.015808105,25.032227,60,250,0,0,255,2,0,1782503407.3437657,85
25.031738,25.027775,-0.19858882,0.39874312,0.98132324,1,1,0,-0.00793457,0.015930176,25.031738,60,250,0,0,255,2,0,1782503407.3437657,85
25.031492,25.026989,-0.25052267,0.40332207,1.0029907,1,1,0,-0.010009766,0.016113281,25.031494,60,250,0,0,255,2,0,1782503407.3437657,85
25.026125,25.020998,-0.3023925,0.40629005,0.6865845,1,1,0,-0.012084961,0.016235352,25.026123,60,250,0,0,255,2,0,1782503407.3437657,85
25.03247,25.026566,-0.35593158,0.41097608,0.69869995,1,1,0,-0.014221191,0.016418457,25.03247,60,250,0,0,255,2,0,1782503407.3437657,85
25.032715,25.025967,-0.40786895,0.4140354,0.673584,1,1,0,-0.016296387,0.016540527,25.032715,60,250,0,0,255,2,0,1782503407.3437657,85
25.023926,25.016518,-0.10230201,0.60018677,0.70150757,1,1,0,-0.0040893555,0.023986816,25.023926,61,250,1,0,255,2,0,1782503407.3437657,85
25.029541,25.021746,-0.15577704,0.60490316,0.69433594,1,1,0,-0.006225586,0.024169922,25.029541,61,250,1,0,255,2,0,1782503407.3437657,85
25.030762,25.022514,-0.20771119,0.6079872,0.7744446,1,1,0,-0.008300781,0.024291992,25.030762,61,250,1,0,255,2,0,1782503407.3437657,85
25.031738,25.022894,-0.25964627,0.61259305,0.807312,1,1,0,-0.010375977,0.024475098,25.031738,61,250,1,0,255,2,0,1782503407.3437657,85
25.025146,25.015617,-0.31301692,0.61548567,0.6974182,1,1,0,-0.012512207,0.024597168,25.025146,61,250,1,0,255,2,0,1782503407.3437657,85
25.026365,25.016058,-0.3649452,0.61856973,0.68200684,1,1,0,-0.014587402,0.024719238,25.026367,61,250,1,0,255,2,0,1782503407.3437657,85
25.032959,25.021698,-0.4184927,0.6233149,0.9685669,1,1,0,-0.016723633,0.024902344,25.032959,61,250,1,0,255,2,0,1782503407.3437657,85
25.031248,25.022255,-0.4093361,0.5316297,0.7307739,1,1,0,-0.016357422,0.021240234,25.03125,26,251,0,0,255,2,0,1782503407.4438634,86
25.019531,25.017525,-0.09467126,0.3023527,0.8373718,1,1,0,-0.0037841797,0.012084961,25.019531,28,251,0,0,255,2,0,1782503407.4438634,86
25.031738,25.02864,-0.25206697,0.30250022,0.7472534,1,1,0,-0.010070801,0.012084961,25.031738,28,251,0,0,255,2,0,1782503407.4438634,86
25.02905,25.025396,-0.30397332,0.30094022,0.70132446,1,1,0,-0.012145996,0.012023926,25.029053,28,251,0,0,255,2,0,1782503407.4438634,86
25.031738,25.027376,-0.35747096,0.30097252,1.0125427,1,1,0,-0.014282227,0.012023926,25.031738,28,251,0,0,255,2,0,1782503407.4438634,86
25.028074,25.022917,-0.4093469,0.30092847,0.8088074,1,1,0,-0.016357422,0.012023926,25.028076,28,251,0,0,255,2,0,1782503407.4438634,86
25.018063,25.011753,-0.3144954,0.4657025,0.7809143,1,1,0,-0.012573242,0.018615723,25.018066,29,251,1,0,255,2,0,1782503407.4438634,86
25.019287,25.011454,-0.41832134,0.4657252,0.8496704,1,1,0,-0.016723633,0.018615723,25.019287,29,251,1,0,255,2,0,1782503407.4438634,86
25.031008,25.027426,-0.14664675,0.39720386,0.7533264,1,1,0,-0.005859375,0.01586914,25.031006,60,251,0,0,255,2,0,1782503407.4438634,86
25.03247,25.028482,-0.19859444,0.40028244,0.86343384,1,1,0,-0.00793457,0.015991211,25.03247,60,251,0,0,255,2,0,1782503407.4438634,86
25.032715,25.02817,-0.25206223,0.40486938,1.0272522,1,1,0,-0.010070801,0.016174316,25.032715,60,251,0,0,255,2,0,1782503407.4438634,86
25.026123,25.020954,-0.30391935,0.40781733,0.72125244,1,1,0,-0.012145996,0.016296387,25.026123,60,251,0,0,255,2,0,1782503407.4438634,86
25.03125,25.02532,-0.35591385,0.41248363,0.71691895,1,1,0,-0.014221191,0.016479492,25.03125,60,251,0,0,255,2,0,1782503407.4438634,86
25.031248,25.02445,-0.409372,0.4155388,0.71691895,1,1,0,-0.016357422,0.016601562,25.03125,60,251,0,0,255,2,0,1782503407.4438634,86
25.01831,25.010935,-0.10380574,0.59852546,0.65631104,1,1,0,-0.0041503906,0.023925781,25.01831,61,251,1,0,255,2,0,1782503407.4438634,86
25.025146,25.01739,-0.15574992,0.60327,0.7312927,1,1,0,-0.006225586,0.024108887,25.025146,61,251,1,0,255,2,0,1782503407.4438634,86
25.030762,25.02254,-0.20923875,0.60646,0.76416016,1,1,0,-0.008361816,0.024230957,25.030762,61,251,1,0,255,2,0,1782503407.4438634,86
25.020266,25.011446,-0.26105425,0.6107856,0.8414612,1,1,0,-0.010437012,0.024414062,25.020264,61,251,1,0,255,2,0,1782503407.4438634,86
25.023926,25.014437,-0.3130021,0.61392874,0.70150757,1,1,0,-0.012512207,0.024536133,25.023926,61,251,1,0,255,2,0,1782503407.4438634,86
25.023926,25.013596,-0.36643627,0.61850935,0.6481018,1,1,0,-0.0146484375,0.024719238,25.023926,61,251,1,0,255,2,0,1782503407.4438634,86
25.032955,25.021734,-0.4184933,0.6217875,0.8710022,1,1,0,-0.016723633,0.024841309,25.032959,61,251,1,0,255,2,0,1782503407.4438634,86
25.033205,25.02734,-0.09623597,0.53319865,0.73773193,1,1,0,-0.0038452148,0.02130127,25.033203,26,252,0,0,255,2,0,1782503407.544245,87
25.032715,25.024494,-0.3589575,0.5316608,0.72906494,1,1,0,-0.014343262,0.021240234,25.032715,26,252,0,0,255,2,0,1782503407.544245,87
25.025146,25.01613,-0.41076317,0.53150004,0.82873535,1,1,0,-0.016418457,0.021240234,25.025146,26,252,0,0,255,2,0,1782503407.544245,87
25.033447,25.03143,-0.09777951,0.30252087,0.82180786,1,1,0,-0.00390625,0.012084961,25.033447,28,252,0,0,255,2,0,1782503407.544245,87
25.02124,25.018965,-0.14965135,0.30237335,1.0218201,1,1,0,-0.0059814453,0.012084961,25.02124,28,252,0,0,255,2,0,1782503407.544245,87
25.031248,25.028597,-0.2031785,0.30249432,0.7793274,1,1,0,-0.008117676,0.012084961,25.03125,28,252,0,0,255,2,0,1782503407.544245,87
25.031248,25.02814,-0.25511742,0.30096665,0.67529297,1,1,0,-0.010192871,0.012023926,25.03125,28,252,0,0,255,2,0,1782503407.544245,87
25.019531,25.015821,-0.30843824,0.30082574,1.051239,1,1,0,-0.012329102,0.012023926,25.019531,28,252,0,0,255,2,0,1782503407.544245,87
25.033934,25.028727,-0.41249806,0.30099893,0.82528687,1,1,0,-0.016479492,0.012023926,25.033936,28,252,0,0,255,2,0,1782503407.544245,87
25.027342,25.022778,-0.10690949,0.46587518,0.8360596,1,1,0,-0.004272461,0.018615723,25.027344,29,252,1,0,255,2,0,1782503407.544245,87
25.025145,25.020296,-0.16034956,0.4658343,0.7569885,1,1,0,-0.0064086914,0.018615723,25.025146,29,252,1,0,255,2,0,1782503407.544245,87
25.027342,25.021595,-0.26574227,0.46587518,0.7374573,1,1,0,-0.010620117,0.018615723,25.027344,29,252,1,0,255,2,0,1782503407.544245,87
25.02295,25.016598,-0.3176106,0.4657934,0.67071533,1,1,0,-0.0126953125,0.018615723,25.02295,29,252,1,0,255,2,0,1782503407.544245,87
25.028564,25.021498,-0.3696071,0.46589792,0.8483887,1,1,0,-0.014770508,0.018615723,25.028564,29,252,1,0,255,2,0,1782503407.544245,87
25.028563,25.02065,-0.4230579,0.46589792,0.9182434,1,1,0,-0.016906738,0.018615723,25.028564,29,252,1,0,255,2,0,1782503407.544245,87
25.031982,25.02868,-0.09318583,0.39569175,0.95706177,1,1,0,-0.0037231445,0.015808105,25.031982,60,252,0,0,255,2,0,1782503407.544245,87
25.031248,25.027628,-0.14512032,0.40026292,0.9102478,1,1,0,-0.00579834,0.015991211,25.03125,60,252,0,0,255,2,0,1782503407.544245,87
25.031248,25.027212,-0.19858435,0.40331814,0.70391846,1,1,0,-0.00793457,0.016113281,25.03125,60,252,0,0,255,2,0,1782503407.544245,87
25.033934,25.029356,-0.25054637,0.40794465,0.9059143,1,1,0,-0.010009766,0.016296387,25.033936,60,252,0,0,255,2,0,1782503407.544245,87
25.028078,25.022858,-0.30394247,0.41090393,0.7940674,1,1,0,-0.012145996,0.016418457,25.028076,60,252,0,0,255,2,0,1782503407.544245,87
25.03003,25.02405,-0.3558958,0.41551852,0.7680664,1,1,0,-0.014221191,0.016601562,25.03003,60,252,0,0,255,2,0,1782503407.544245,87
25.03247,25.025646,-0.40786374,0.4186143,0.73773193,1,1,0,-0.016296387,0.016723633,25.03247,60,252,0,0,255,2,0,1782503407.544245,87
25.028566,25.02112,-0.10232083,0.60182524,0.82373047,1,1,0,-0.0040893555,0.024047852,25.028564,61,252,1,0,255,2,0,1782503407.544245,87
25.020266,25.012472,-0.15571931,0.6046789,0.8989258,1,1,0,-0.006225586,0.024169922,25.020264,61,252,1,0,255,2,0,1782503407.544245,87
25.027344,25.01906,-0.20768252,0.6094314,0.8730469,1,1,0,-0.008300781,0.024353027,25.027344,61,252,1,0,255,2,0,1782503407.544245,87
25.030758,25.0219,-0.26116335,0.61256915,0.7487488,1,1,0,-0.010437012,0.024475098,25.030762,61,252,1,0,255,2,0,1782503407.544245,87
25.02246,25.012897,-0.31298286,0.6169464,0.8045044,1,1,0,-0.012512207,0.024658203,25.02246,61,252,1,0,255,2,0,1782503407.544245,87
25.031738,25.02139,-0.36502302,0.62022984,0.8607178,1,1,0,-0.014587402,0.024780273,25.031738,61,252,1,0,255,2,0,1782503407.544245,87
25.031734,25.020437,-0.4184716,0.6248119,0.81552124,1,1,0,-0.016723633,0.024963379,25.031738,61,252,1,0,255,2,0,1782503407.544245,87
25.03296,25.02709,-0.09776256,0.53319347,0.69351196,1,1,0,-0.00390625,0.02130127,25.032959,26,253,0,0,255,2,0,1782503407.6434808,88
25.03247,25.025476,-0.25661787,0.5331831,0.83654785,1,1,0,-0.010253906,0.02130127,25.03247,26,253,0,0,255,2,0,1782503407.6434808,88
25.033205,25.025623,-0.3085591,0.53319865,1.0584717,1,1,0,-0.012329102,0.02130127,25.033203,26,253,0,0,255,2,0,1782503407.6434808,88
25.033937,25.024866,-0.41396224,0.5316867,0.619812,1,1,0,-0.016540527,0.021240234,25.033936,26,253,0,0,255,2,0,1782503407.6434808,88
25.031006,25.029005,-0.093187034,0.30249137,1.1477661,1,1,0,-0.0037231445,0.012084961,25.031006,28,253,0,0,255,2,0,1782503407.6434808,88
25.033203,25.030947,-0.14666738,0.30251792,0.8703613,1,1,0,-0.005859375,0.012084961,25.033203,28,253,0,0,255,2,0,1782503407.6434808,88
25.03467,25.032053,-0.19862276,0.30253562,0.7810669,1,1,0,-0.00793457,0.012084961,25.034668,28,253,0,0,255,2,0,1782503407.6434808,88
25.032225,25.029144,-0.25054425,0.30250612,0.7793274,1,1,0,-0.010009766,0.012084961,25.032227,28,253,0,0,255,2,0,1782503407.6434808,88
25.034426,25.03075,-0.30403835,0.30253267,0.7550659,1,1,0,-0.012145996,0.012084961,25.034424,28,253,0,0,255,2,0,1782503407.6434808,88
25.035154,25.030813,-0.355992,0.30101362,1.0671387,1,1,0,-0.014221191,0.012023926,25.035156,28,253,0,0,255,2,0,1782503407.6434808,88
25.029541,25.02469,-0.15579538,0.4674435,0.807312,1,1,0,-0.006225586,0.018676758,25.029541,29,253,1,0,255,2,0,1782503407.6434808,88
25.034668,25.02944,-0.20776868,0.46753925,0.9038696,1,1,0,-0.008300781,0.018676758,25.034668,29,253,1,0,255,2,0,1782503407.6434808,88
25.032957,25.02723,-0.261219,0.46750733,0.7991028,1,1,0,-0.010437012,0.018676758,25.032959,29,253,1,0,255,2,0,1782503407.6434808,88
25.032959,25.026634,-0.31315476,0.46750733,0.8586731,1,1,0,-0.012512207,0.018676758,25.032959,29,253,1,0,255,2,0,1782503407.6434808,88
25.031738,25.024687,-0.36659878,0.46748453,0.75390625,1,1,0,-0.0146484375,0.018676758,25.031738,29,253,1,0,255,2,0,1782503407.6434808,88
25.028563,25.020727,-0.41847646,0.46589792,0.75183105,1,1,0,-0.016723633,0.018615723,25.028564,29,253,1,0,255,2,0,1782503407.6434808,88
25.034178,25.030926,-0.09319419,0.39267093,0.7749939,1,1,0,-0.0037231445,0.015686035,25.03418,60,253,0,0,255,2,0,1782503407.6434808,88
25.020754,25.017206,-0.14505988,0.39551422,0.8338928,1,1,0,-0.00579834,0.015808105,25.020752,60,253,0,0,255,2,0,1782503407.6434808,88
25.031738,25.027761,-0.19706105,0.40027073,0.72125244,1,1,0,-0.007873535,0.015991211,25.031738,60,253,0,0,255,2,0,1782503407.6434808,88
25.033203,25.028051,-0.30247775,0.40793273,0.8027344,1,1,0,-0.012084961,0.016296387,25.033203,60,253,0,0,255,2,0,1782503407.6434808,88
25.031006,25.025122,-0.35438335,0.41095203,0.96310425,1,1,0,-0.014160156,0.016418457,25.031006,60,253,0,0,255,2,0,1782503407.6434808,88
25.031248,25.024475,-0.40784466,0.4155388,0.71084595,1,1,0,-0.016296387,0.016601562,25.03125,60,253,0,0,255,2,0,1782503407.6434808,88
25.032959,25.025549,-0.10233893,0.6004034,0.868927,1,1,0,-0.0040893555,0.023986816,25.032959,61,253,1,0,255,2,0,1782503407.6434808,88
25.028568,25.02078,-0.15424383,0.60487956,0.72720337,1,1,0,-0.006164551,0.024169922,25.028564,61,253,1,0,255,2,0,1782503407.6434808,88
25.023924,25.01568,-0.20765448,0.6078212,0.7097168,1,1,0,-0.008300781,0.024291992,25.023926,61,253,1,0,255,2,0,1782503407.6434808,88
25.027344,25.018501,-0.2596007,0.6124855,0.7569885,1,1,0,-0.010375977,0.024475098,25.027344,61,253,1,0,255,2,0,1782503407.6434808,88
25.026365,25.016838,-0.31303218,0.61551565,0.80526733,1,1,0,-0.012512207,0.024597168,25.026367,61,253,1,0,255,2,0,1782503407.6434808,88
25.029541,25.019194,-0.36499095,0.62017536,0.8565979,1,1,0,-0.014587402,0.024780273,25.029541,61,253,1,0,255,2,0,1782503407.6434808,88
25.026367,25.015135,-0.41685572,0.62315077,0.7425842,1,1,0,-0.016662598,0.024902344,25.026367,61,253,1,0,255,2,0,1782503407.6434808,88
25.032228,25.026358,-0.0977597,0.53317785,0.96051025,1,1,0,-0.00390625,0.02130127,25.032227,26,254,0,0,255,2,0,1782503407.7438858,89
25.031494,25.024992,-0.20314923,0.5331623,0.6545105,1,1,0,-0.008117676,0.02130127,25.031494,26,254,0,0,255,2,0,1782503407.7438858,89
25.034668,25.027687,-0.25511283,0.5332299,0.74380493,1,1,0,-0.010192871,0.02130127,25.034668,26,254,0,0,255,2,0,1782503407.7438858,89
25.03247,25.024923,-0.30855045,0.5316556,1.0047302,1,1,0,-0.012329102,0.021240234,25.03247,26,254,0,0,255,2,0,1782503407.7438858,89
25.031494,25.02325,-0.36046728,0.53163487,0.7680664,1,1,0,-0.014404297,0.021240234,25.031494,26,254,0,0,255,2,0,1782503407.7438858,89
25.032473,25.02936,-0.25360203,0.30250907,0.7767334,1,1,0,-0.010131836,0.012084961,25.03247,28,254,0,0,255,2,0,1782503407.7438858,89
25.031248,25.027575,-0.30552757,0.30096665,0.7619934,1,1,0,-0.012207031,0.012023926,25.03125,28,254,0,0,255,2,0,1782503407.7438858,89
25.031982,25.026798,-0.41093835,0.30097544,0.86169434,1,1,0,-0.016418457,0.012023926,25.031982,28,254,0,0,255,2,0,1782503407.7438858,89
25.026125,25.022558,-0.14814554,0.39559913,0.42999268,1,1,0,-0.00592041,0.015808105,25.026123,60,254,0,0,255,2,0,1782503407.7438858,89
25.03247,25.028458,-0.20164965,0.40028244,0.7992859,1,1,0,-0.008056641,0.015991211,25.03247,60,254,0,0,255,2,0,1782503407.7438858,89
25.022705,25.018173,-0.2534887,0.40318045,1.2166443,1,1,0,-0.010131836,0.016113281,25.022705,60,254,0,0,255,2,0,1782503407.7438858,89
25.023436,25.01823,-0.30694073,0.40777358,0.94473267,1,1,0,-0.012268066,0.016296387,25.023438,60,254,0,0,255,2,0,1782503407.7438858,89
25.032713,25.026766,-0.35899007,0.41098008,0.7602539,1,1,0,-0.014343262,0.016418457,25.032715,60,254,0,0,255,2,0,1782503407.7438858,89
25.016603,25.009785,-0.41065896,0.41529563,0.7871399,1,1,0,-0.016418457,0.016601562,25.016602,60,254,0,0,255,2,0,1782503407.7438858,89
25.028564,25.020218,-0.21074656,0.61098826,0.71588135,1,1,0,-0.008422852,0.024414062,25.028564,61,254,1,0,255,2,0,1782503407.7438858,89
25.032959,25.024029,-0.26424056,0.61415035,0.8093567,1,1,0,-0.010559082,0.024536133,25.032959,61,254,1,0,255,2,0,1782503407.7438858,89
25.026367,25.016724,-0.31608504,0.61856973,0.6265259,1,1,0,-0.012634277,0.024719238,25.026367,61,254,1,0,255,2,0,1782503407.7438858,89
25.026367,25.01498,-0.42143482,0.62620485,0.7425842,1,1,0,-0.016845703,0.025024414,25.026367,61,254,1,0,255,2,0,1782503407.7438858,89
25.0271,25.01888,-0.35887697,0.5315415,0.7507324,1,1,0,-0.014343262,0.021240234,25.0271,26,255,0,0,255,2,0,1782503407.8432853,90
25.031252,25.022232,-0.41086334,0.5316297,0.7533264,1,1,0,-0.016418457,0.021240234,25.03125,26,255,0,0,255,2,0,1782503407.8432853,90
25.02051,25.0179,-0.20003752,0.3008375,1.0218201,1,1,0,-0.0079956055,0.012023926,25.020508,28,255,0,0,255,2,0,1782503407.8432853,90
25.032225,25.028551,-0.3055395,0.3009784,0.7550659,1,1,0,-0.012207031,0.012023926,25.032227,28,255,0,0,255,2,0,1782503407.8432853,90
25.023924,25.019094,-0.15728764,0.46581158,0.70458984,1,1,0,-0.006286621,0.018615723,25.023926,29,255,1,0,255,2,0,1782503407.8432853,90
25.027102,25.023811,-0.0962224,0.39408723,0.84262085,1,1,0,-0.0038452148,0.01574707,25.0271,60,255,0,0,255,2,0,1782503407.8432853,90
25.032715,25.02869,-0.2001238,0.40181404,0.73773193,1,1,0,-0.0079956055,0.016052246,25.032715,60,255,0,0,255,2,0,1782503407.8432853,90
25.031008,25.026424,-0.2535723,0.40636933,0.7403259,1,1,0,-0.010131836,0.016235352,25.031006,60,255,0,0,255,2,0,1782503407.8432853,90
25.02246,25.01725,-0.3054015,0.40928468,0.7966614,1,1,0,-0.012207031,0.016357422,25.02246,60,255,0,0,255,2,0,1782503407.8432853,90
25.02954,25.022116,-0.10537941,0.6003214,0.7970276,1,1,0,-0.004211426,0.023986816,25.029541,61,255,1,0,255,2,0,1782503407.8432853,90
25.031738,25.022861,-0.26270083,0.61259305,0.8216858,1,1,0,-0.010498047,0.024475098,25.031738,61,255,1,0,255,2,0,1782503407.8432853,90
25.026367,25.016819,-0.3145591,0.61551565,0.7579956,1,1,0,-0.012573242,0.024597168,25.026367,61,255,1,0,255,2,0,1782503407.8432853,90
25.034666,25.02639,-0.3605125,0.5332299,0.86602783,1,1,0,-0.014404297,0.02130127,25.034668,26,0,0,0,255,2,0,1782503407.9435582,91
25.029055,25.02001,-0.4123544,0.531583,0.6449585,1,1,0,-0.016479492,0.021240234,25.029053,26,0,0,0,255,2,0,1782503407.9435582,91
25.01831,25.016304,-0.09466664,0.30233794,1.0096741,1,1,0,-0.0037841797,0.012084961,25.01831,28,0,0,0,255,2,0,1782503407.9435582,91
25.03247,25.029856,-0.19860533,0.30250907,0.7828064,1,1,0,-0.00793457,0.012084961,25.03247,28,0,0,0,255,2,0,1782503407.9435582,91
25.020752,25.017656,-0.25195634,0.30236745,0.80792236,1,1,0,-0.010070801,0.012084961,25.020752,28,0,0,0,255,2,0,1782503407.9435582,91
25.020752,25.017097,-0.30387253,0.3008404,0.89019775,1,1,0,-0.012145996,0.012023926,25.020752,28,0,0,0,255,2,0,1782503407.9435582,91
25.021729,25.01739,-0.35580108,0.30085215,1.096283,1,1,0,-0.014221191,0.012023926,25.021729,28,0,0,0,255,2,0,1782503407.9435582,91
25.020264,25.015684,-0.10382545,0.46727023,0.963562,1,1,0,-0.0041503906,0.018676758,25.020264,29,0,1,0,255,2,0,1782503407.9435582,91
25.021484,25.016636,-0.15574524,0.46729302,0.80041504,1,1,0,-0.006225586,0.018676758,25.021484,29,0,1,0,255,2,0,1782503407.9435582,91
25.01587,25.010632,-0.20913918,0.46718815,0.79629517,1,1,0,-0.008361816,0.018676758,25.01587,29,0,1,0,255,2,0,1782503407.9435582,91
25.01123,25.00494,-0.3128833,0.46557525,0.68240356,1,1,0,-0.012512207,0.018615723,25.01123,29,0,1,0,255,2,0,1782503407.9435582,91
25.02856,25.021542,-0.3665527,0.46589792,0.81140137,1,1,0,-0.0146484375,0.018615723,25.028564,29,0,1,0,255,2,0,1782503407.9435582,91
25.022705,25.0194,-0.09467836,0.3955451,1.0703125,1,1,0,-0.0037841797,0.015808105,25.022705,60,0,0,0,255,2,0,1782503407.9435582,91
25.034178,25.030563,-0.14819294,0.398782,1.0159912,1,1,0,-0.00592041,0.015930176,25.03418,60,0,0,0,255,2,0,1782503407.9435582,91
25.032959,25.02891,-0.20012556,0.40334567,0.84695435,1,1,0,-0.0079956055,0.016113281,25.032959,60,0,0,0,255,2,0,1782503407.9435582,91
25.026121,25.020147,-0.35736772,0.4139264,0.71432495,1,1,0,-0.014282227,0.016540527,25.026123,60,0,0,0,255,2,0,1782503407.9435582,91
25.032469,25.025646,-0.40939155,0.4170867,0.7958069,1,1,0,-0.016357422,0.016662598,25.03247,60,0,0,0,255,2,0,1782503407.9435582,91
25.029541,25.022081,-0.10537926,0.60184866,0.72720337,1,1,0,-0.004211426,0.024047852,25.029541,61,0,1,0,255,2,0,1782503407.9435582,91
25.019289,25.009706,-0.31446964,0.61686814,0.8168335,1,1,0,-0.012573242,0.024658203,25.019287,61,0,1,0,255,2,0,1782503407.9435582,91
25.019287,25.008923,-0.36636785,0.6199213,0.85375977,1,1,0,-0.0146484375,0.024780273,25.019287,61,0,1,0,255,2,0,1782503407.9435582,91
25.030762,25.019438,-0.4199824,0.6247875,0.8545532,1,1,0,-0.016784668,0.024963379,25.030762,61,0,1,0,255,2,0,1782503407.9435582,91
25.026121,25.020016,-0.14660333,0.53304785,1.0047302,1,1,0,-0.005859375,0.02130127,25.026123,26,1,0,0,255,2,0,1782503408.0432148,92
25.026121,25.019176,-0.25197166,0.53304785,0.69525146,1,1,0,-0.010070801,0.02130127,25.026123,26,1,0,0,255,2,0,1782503408.0432148,92
25.028076,25.01905,-0.40928364,0.53308946,0.82354736,1,1,0,-0.016357422,0.02130127,25.028076,26,1,0,0,255,2,0,1782503408.0432148,92
25.031252,25.029232,-0.09777093,0.30249432,0.70999146,1,1,0,-0.00390625,0.012084961,25.03125,28,1,0,0,255,2,0,1782503408.0432148,92
25.020506,25.018232,-0.14964697,0.3023645,0.8503418,1,1,0,-0.0059814453,0.012084961,25.020508,28,1,0,0,255,2,0,1782503408.0432148,92
25.028078,25.025425,-0.20315273,0.30245596,0.7680664,1,1,0,-0.008117676,0.012084961,25.028076,28,1,0,0,255,2,0,1782503408.0432148,92
25.019773,25.016647,-0.2550003,0.30235565,0.8520813,1,1,0,-0.010192871,0.012084961,25.019775,28,1,0,0,255,2,0,1782503408.0432148,92
25.020508,25.016817,-0.3069234,0.3008375,0.88412476,1,1,0,-0.012268066,0.012023926,25.020508,28,1,0,0,255,2,0,1782503408.0432148,92
25.01367,25.00908,-0.106850974,0.46714714,0.8065491,1,1,0,-0.004272461,0.018676758,25.013672,29,1,1,0,255,2,0,1782503408.0432148,92
25.02075,25.015873,-0.16032122,0.46727934,0.66864014,1,1,0,-0.0064086914,0.018676758,25.020752,29,1,1,0,255,2,0,1782503408.0432148,92
25.03296,25.027693,-0.21233721,0.46750733,0.83813477,1,1,0,-0.008483887,0.018676758,25.032959,29,1,1,0,255,2,0,1782503408.0432148,92
25.023193,25.016129,-0.3695278,0.46579793,0.98202515,1,1,0,-0.014770508,0.018615723,25.023193,29,1,1,0,255,2,0,1782503408.0432148,92
25.033205,25.02991,-0.097773574,0.39418334,0.7767334,1,1,0,-0.00390625,0.01574707,25.033203,60,1,0,0,255,2,0,1782503408.0432148,92
25.023191,25.01957,-0.14965497,0.398607,0.69784546,1,1,0,-0.0059814453,0.015930176,25.023193,60,1,0,0,255,2,0,1782503408.0432148,92
25.032469,25.02842,-0.20317706,0.40181014,0.7879944,1,1,0,-0.008117676,0.016052246,25.03247,60,1,0,0,255,2,0,1782503408.0432148,92
25.034178,25.028946,-0.3070722,0.40947637,0.69351196,1,1,0,-0.012268066,0.016357422,25.03418,60,1,0,0,255,2,0,1782503408.0432148,92
25.032715,25.026693,-0.36051688,0.4140354,0.85910034,1,1,0,-0.014404297,0.016540527,25.032715,60,1,0,0,255,2,0,1782503408.0432148,92
25.025146,25.017323,-0.1603305,0.60479695,0.75491333,1,1,0,-0.0064086914,0.024169922,25.025146,61,1,1,0,255,2,0,1782503408.0432148,92
25.026367,25.018084,-0.21225569,0.60788053,0.7744446,1,1,0,-0.008483887,0.024291992,25.026367,61,1,1,0,255,2,0,1782503408.0432148,92
25.027344,25.018454,-0.2641817,0.6124855,0.72821045,1,1,0,-0.010559082,0.024475098,25.027344,61,1,1,0,255,2,0,1782503408.0432148,92
25.019533,25.009123,-0.36942428,0.61992735,0.6881714,1,1,0,-0.014770508,0.024780273,25.019531,61,1,1,0,255,2,0,1782503408.0432148,92
25.027342,25.016031,-0.42145252,0.6231751,0.73028564,1,1,0,-0.016845703,0.024902344,25.027344,61,1,1,0,255,2,0,1782503408.0432148,92
25.031738,25.025887,-0.093175426,0.5331675,0.6692505,1,1,0,-0.0037231445,0.02130127,25.031738,26,2,0,0,255,2,0,1782503408.143606,93
25.028076,25.02161,-0.1985399,0.53308946,0.69177246,1,1,0,-0.00793457,0.02130127,25.028076,26,2,0,0,255,2,0,1782503408.143606,93
25.033937,25.025726,-0.35591963,0.5332143,0.85128784,1,1,0,-0.014221191,0.02130127,25.033936,26,2,0,0,255,2,0,1782503408.143606,93
25.026125,25.024105,-0.0977509,0.30243236,0.7914734,1,1,0,-0.00390625,0.012084961,25.026123,28,2,0,0,255,2,0,1782503408.143606,93
25.021729,25.019453,-0.14965427,0.30237925,1.029602,1,1,0,-0.0059814453,0.012084961,25.021729,28,2,0,0,255,2,0,1782503408.143606,93
25.032715,25.027506,-0.41247794,0.30098426,0.87210083,1,1,0,-0.016479492,0.012023926,25.032715,28,2,0,0,255,2,0,1782503408.143606,93
25.01831,25.013443,-0.15877886,0.46723375,0.60498047,1,1,0,-0.0063476562,0.018676758,25.01831,29,2,1,0,255,2,0,1782503408.143606,93
25.03589,25.029554,-0.31624714,0.46603426,0.9921875,1,1,0,-0.012634277,0.018615723,25.035889,29,2,1,0,255,2,0,1782503408.143606,93
25.032715,25.029474,-0.09624418,0.39112025,0.81573486,1,1,0,-0.0038452148,0.015625,25.032715,60,2,0,0,255,2,0,1782503408.143606,93
25.031006,25.027018,-0.20163804,0.39873144,0.71691895,1,1,0,-0.008056641,0.015930176,25.031006,60,2,0,0,255,2,0,1782503408.143606,93
25.032228,25.027693,-0.25358516,0.40333387,0.9336548,1,1,0,-0.010131836,0.016113281,25.032227,60,2,0,0,255,2,0,1782503408.143606,93
25.031736,25.026573,-0.30551532,0.40638122,0.7845459,1,1,0,-0.012207031,0.016235352,25.031738,60,2,0,0,255,2,0,1782503408.143606,93
25.018312,25.010464,-0.15875995,0.60615826,0.69433594,1,1,0,-0.0063476562,0.024230957,25.01831,61,2,1,0,255,2,0,1782503408.143606,93
25.025146,25.016235,-0.26263127,0.6139587,0.807312,1,1,0,-0.010498047,0.024536133,25.025146,61,2,1,0,255,2,0,1782503408.143606,93
25.029541,25.019936,-0.31612563,0.6171209,0.68096924,1,1,0,-0.012634277,0.024658203,25.029541,61,2,1,0,255,2,0,1782503408.143606,93
25.03076,25.02033,-0.3680624,0.6217329,0.81552124,1,1,0,-0.014709473,0.024841309,25.030762,61,2,1,0,255,2,0,1782503408.143606,93
25.021484,25.015623,-0.096190915,0.5329491,1.1984558,1,1,0,-0.0038452148,0.02130127,25.021484,26,3,0,0,255,2,0,1782503408.2436483,94
25.02124,25.019228,-0.09620478,0.30237335,1.078949,1,1,0,-0.0038452148,0.012084961,25.02124,28,3,0,0,255,2,0,1782503408.2436483,94
25.031494,25.0284,-0.2535923,0.30096957,0.71951294,1,1,0,-0.010131836,0.012023926,25.031494,28,3,0,0,255,2,0,1782503408.2436483,94
25.03247,25.028881,-0.14818297,0.3972271,0.7810669,1,1,0,-0.00592041,0.01586914,25.03247,60,3,0,0,255,2,0,1782503408.2436483,94
25.031982,25.027983,-0.20011814,0.40027463,0.7879944,1,1,0,-0.0079956055,0.015991211,25.031982,60,3,0,0,255,2,0,1782503408.2436483,94
25.03003,25.02547,-0.25356263,0.40482596,0.7568054,1,1,0,-0.010131836,0.016174316,25.03003,60,3,0,0,255,2,0,1782503408.2436483,94
25.028074,25.022886,-0.30547032,0.40784916,0.8105469,1,1,0,-0.012207031,0.016296387,25.028076,60,3,0,0,255,2,0,1782503408.2436483,94
25.019773,25.012955,-0.41071105,0.4153483,0.74298096,1,1,0,-0.016418457,0.016601562,25.019775,60,3,0,0,255,2,0,1782503408.2436483,94
25.022947,25.015144,-0.15726282,0.60474384,0.6984253,1,1,0,-0.006286621,0.024169922,25.02295,61,3,1,0,255,2,0,1782503408.2436483,94
25.020752,25.011879,-0.26258552,0.6123242,0.7446594,1,1,0,-0.010498047,0.024475098,25.020752,61,3,1,0,255,2,0,1782503408.2436483,94
25.01953,25.008211,-0.41979393,0.6245072,0.69226074,1,1,0,-0.016784668,0.024963379,25.019531,61,3,1,0,255,2,0,1782503408.2436483,94
25.027102,25.025087,-0.09622731,0.30244416,0.83047485,1,1,0,-0.0038452148,0.012084961,25.0271,28,4,0,0,255,2,0,1782503408.3433723,95
25.032227,25.029951,-0.14971706,0.30250612,0.7767334,1,1,0,-0.0059814453,0.012084961,25.032227,28,4,0,0,255,2,0,1782503408.3433723,95
25.020754,25.017641,-0.2534833,0.30236745,0.9923706,1,1,0,-0.010131836,0.012084961,25.020752,28,4,0,0,255,2,0,1782503408.3433723,95
25.00879,25.000908,-0.4211977,0.4655298,0.7883911,1,1,0,-0.016845703,0.018615723,25.00879,29,4,1,0,255,2,0,1782503408.3433723,95
25.03247,25.029211,-0.09471548,0.39264414,0.86343384,1,1,0,-0.0037841797,0.015686035,25.03247,60,4,0,0,255,2,0,1782503408.3433723,95
25.027102,25.023535,-0.14815132,0.39561456,0.71691895,1,1,0,-0.00592041,0.015808105,25.0271,60,4,0,0,255,2,0,1782503408.3433723,95
25.033936,25.029936,-0.20013376,0.40030587,0.69177246,1,1,0,-0.0079956055,0.015991211,25.033936,60,4,0,0,255,2,0,1782503408.3433723,95
25.02124,25.016708,-0.25347385,0.40315685,0.9369507,1,1,0,-0.010131836,0.016113281,25.02124,60,4,0,0,255,2,0,1782503408.3433723,95
25.019775,25.01459,-0.30536902,0.4077139,0.8338928,1,1,0,-0.012207031,0.016296387,25.019775,60,4,0,0,255,2,0,1782503408.3433723,95
25.033205,25.027277,-0.35746956,0.4109881,0.96484375,1,1,0,-0.014282227,0.016418457,25.033203,60,4,0,0,255,2,0,1782503408.3433723,95
25.035156,25.027311,-0.1573393,0.6065664,1.0733337,1,1,0,-0.006286621,0.024230957,25.035156,61,4,1,0,255,2,0,1782503408.3433723,95
25.025146,25.016802,-0.21071778,0.6109048,0.6860962,1,1,0,-0.008422852,0.024414062,25.025146,61,4,1,0,255,2,0,1782503408.3433723,95
25.023926,25.015015,-0.26261845,0.61392874,0.6265259,1,1,0,-0.010498047,0.024536133,25.023926,61,4,1,0,255,2,0,1782503408.3433723,95
25.022459,25.012033,-0.36794037,0.6215267,0.8373413,1,1,0,-0.014709473,0.024841309,25.02246,61,4,1,0,255,2,0,1782503408.3433723,95
25.025146,25.013788,-0.41988754,0.6261743,0.70458984,1,1,0,-0.016784668,0.025024414,25.025146,61,4,1,0,255,2,0,1782503408.3433723,95
25.03247,25.026344,-0.1496955,0.5331831,0.7507324,1,1,0,-0.0059814453,0.02130127,25.03247,26,5,0,0,255,2,0,1782503408.4434874,96
25.0271,25.018024,-0.4123217,0.53306866,0.7715454,1,1,0,-0.016479492,0.02130127,25.0271,26,5,0,0,255,2,0,1782503408.4434874,96
25.031006,25.027313,-0.30552438,0.30249137,0.7325134,1,1,0,-0.012207031,0.012084961,25.031006,28,5,0,0,255,2,0,1782503408.4434874,96
25.020264,25.015013,-0.21070272,0.46727023,0.78704834,1,1,0,-0.008422852,0.018676758,25.020264,29,5,1,0,255,2,0,1782503408.4434874,96
25.031738,25.028149,-0.14817864,0.3972155,0.69610596,1,1,0,-0.00592041,0.01586914,25.031738,60,5,0,0,255,2,0,1782503408.4434874,96
25.029053,25.025053,-0.20009471,0.4002278,0.7602539,1,1,0,-0.0079956055,0.015991211,25.029053,60,5,0,0,255,2,0,1782503408.4434874,96
25.032225,25.027037,-0.30552098,0.4079168,0.673584,1,1,0,-0.012207031,0.016296387,25.032227,60,5,0,0,255,2,0,1782503408.4434874,96
25.032227,25.026253,-0.3589827,0.41249973,0.7507324,1,1,0,-0.014343262,0.016479492,25.032227,60,5,0,0,255,2,0,1782503408.4434874,96
25.026123,25.01577,-0.36799532,0.61856365,1.1872559,1,1,0,-0.014709473,0.024719238,25.026123,61,5,1,0,255,2,0,1782503408.4434874,96
25.031984,25.025866,-0.14816512,0.53317267,0.84002686,1,1,0,-0.00592041,0.02130127,25.031982,26,6,0,0,255,2,0,1782503408.5431283,97
25.02246,25.015501,-0.25346163,0.5329699,1.068573,1,1,0,-0.010131836,0.02130127,25.02246,26,6,0,0,255,2,0,1782503408.5431283,97
25.033203,25.02495,-0.35896403,0.53319865,0.7568054,1,1,0,-0.014343262,0.02130127,25.033203,26,6,0,0,255,2,0,1782503408.5431283,97
25.033937,25.024885,-0.4109069,0.5332143,0.6779175,1,1,0,-0.016418457,0.02130127,25.033936,26,6,0,0,255,2,0,1782503408.5431283,97
25.029055,25.026426,-0.2001057,0.30246776,0.84436035,1,1,0,-0.0079956055,0.012084961,25.029053,28,6,0,0,255,2,0,1782503408.5431283,97
25.033936,25.030838,-0.2520891,0.30252677,0.84695435,1,1,0,-0.010070801,0.012084961,25.033936,28,6,0,0,255,2,0,1782503408.5431283,97
25.0271,25.023407,-0.3054767,0.30244416,0.71606445,1,1,0,-0.012207031,0.012084961,25.0271,28,6,0,0,255,2,0,1782503408.5431283,97
25.020264,25.015678,-0.10535229,0.46727023,1.0097351,1,1,0,-0.004211426,0.018676758,25.020264,29,6,1,0,255,2,0,1782503408.5431283,97
25.01953,25.014671,-0.15725984,0.46725655,0.66763306,1,1,0,-0.006286621,0.018676758,25.019531,29,6,1,0,255,2,0,1782503408.5431283,97
25.02295,25.016636,-0.3145568,0.4657934,0.71383667,1,1,0,-0.012573242,0.018615723,25.02295,29,6,1,0,255,2,0,1782503408.5431283,97
25.015867,25.00885,-0.36636677,0.4656616,0.6895752,1,1,0,-0.0146484375,0.018615723,25.01587,29,6,1,0,255,2,0,1782503408.5431283,97
25.032715,25.029467,-0.09166106,0.39264795,0.84869385,1,1,0,-0.0036621094,0.015686035,25.032715,60,6,0,0,255,2,0,1782503408.5431283,97
25.02173,25.018183,-0.14506555,0.39552966,1.029602,1,1,0,-0.00579834,0.015808105,25.021729,60,6,0,0,255,2,0,1782503408.5431283,97
25.031006,25.027029,-0.19705528,0.40025902,0.82702637,1,1,0,-0.007873535,0.015991211,25.031006,60,6,0,0,255,2,0,1782503408.5431283,97
25.031736,25.027233,-0.25052512,0.403326,0.7420654,1,1,0,-0.010009766,0.016113281,25.031738,60,6,0,0,255,2,0,1782503408.5431283,97
25.029053,25.023901,-0.3024276,0.40786508,0.68917847,1,1,0,-0.012084961,0.016296387,25.029053,60,6,0,0,255,2,0,1782503408.5431283,97
25.032713,25.02683,-0.35440755,0.41098008,0.7732544,1,1,0,-0.014160156,0.016418457,25.032715,60,6,0,0,255,2,0,1782503408.5431283,97
25.032469,25.025696,-0.40786454,0.41555905,0.72125244,1,1,0,-0.016296387,0.016601562,25.03247,60,6,0,0,255,2,0,1782503408.5431283,97
25.03174,25.024292,-0.1023338,0.60190153,0.86276245,1,1,0,-0.0040893555,0.024047852,25.031738,61,6,1,0,255,2,0,1782503408.5431283,97
25.029541,25.021755,-0.15424983,0.60490316,0.8483887,1,1,0,-0.006164551,0.024169922,25.029541,61,6,1,0,255,2,0,1782503408.5431283,97
25.032957,25.024673,-0.20772912,0.6095681,0.82785034,1,1,0,-0.008300781,0.024353027,25.032959,61,6,1,0,255,2,0,1782503408.5431283,97
25.025146,25.016304,-0.2595779,0.61243176,0.7713623,1,1,0,-0.010375977,0.024475098,25.025146,61,6,1,0,255,2,0,1782503408.5431283,97
25.030762,25.021214,-0.31155953,0.617151,0.86276245,1,1,0,-0.012451172,0.024658203,25.030762,61,6,1,0,255,2,0,1782503408.5431283,97
25.029541,25.018269,-0.41690794,0.624757,0.8935852,1,1,0,-0.016662598,0.024963379,25.029541,61,6,1,0,255,2,0,1782503408.5431283,97
25.03296,25.027096,-0.09623503,0.53319347,0.70043945,1,1,0,-0.0038452148,0.02130127,25.032959,26,7,0,0,255,2,0,1782503408.6436193,98
25.03247,25.02598,-0.20162968,0.5331831,0.67529297,1,1,0,-0.008056641,0.02130127,25.03247,26,7,0,0,255,2,0,1782503408.6436193,98
25.031494,25.024532,-0.25355312,0.5331623,0.70825195,1,1,0,-0.010131836,0.02130127,25.031494,26,7,0,0,255,2,0,1782503408.6436193,98
25.031248,25.023687,-0.3070077,0.53315705,0.73773193,1,1,0,-0.012268066,0.02130127,25.03125,26,7,0,0,255,2,0,1782503408.6436193,98
25.031738,25.023485,-0.35894302,0.5331675,0.84436035,1,1,0,-0.014343262,0.02130127,25.031738,26,7,0,0,255,2,0,1782503408.6436193,98
25.032228,25.030214,-0.096247025,0.30250612,0.7533264,1,1,0,-0.0038452148,0.012084961,25.032227,28,7,0,0,255,2,0,1782503408.6436193,98
25.032715,25.03044,-0.14971998,0.30251202,0.7732544,1,1,0,-0.0059814453,0.012084961,25.032715,28,7,0,0,255,2,0,1782503408.6436193,98
25.031006,25.028366,-0.2016489,0.30249137,0.7828064,1,1,0,-0.008056641,0.012084961,25.031006,28,7,0,0,255,2,0,1782503408.6436193,98
25.031738,25.02861,-0.2551222,0.30250022,0.70739746,1,1,0,-0.010192871,0.012084961,25.031738,28,7,0,0,255,2,0,1782503408.6436193,98
25.032957,25.02775,-0.41248196,0.30098718,0.8781738,1,1,0,-0.016479492,0.012023926,25.032959,28,7,0,0,255,2,0,1782503408.6436193,98
25.027344,25.021585,-0.26421478,0.46740246,0.8319702,1,1,0,-0.010559082,0.018676758,25.027344,29,7,1,0,255,2,0,1782503408.6436193,98
25.019285,25.012955,-0.31603742,0.4657252,0.8065491,1,1,0,-0.012634277,0.018615723,25.019287,29,7,1,0,255,2,0,1782503408.6436193,98
25.029055,25.025742,-0.09622983,0.39564544,0.7767334,1,1,0,-0.0038452148,0.015808105,25.029053,60,7,0,0,255,2,0,1782503408.6436193,98
25.03125,25.027626,-0.14970316,0.39873534,0.7619934,1,1,0,-0.0059814453,0.015930176,25.03125,60,7,0,0,255,2,0,1782503408.6436193,98
25.031006,25.026943,-0.20163745,0.4033142,0.9015808,1,1,0,-0.008056641,0.016113281,25.031006,60,7,0,0,255,2,0,1782503408.6436193,98
25.031984,25.0274,-0.25358218,0.40638518,0.99172974,1,1,0,-0.010131836,0.016235352,25.031982,60,7,0,0,255,2,0,1782503408.6436193,98
25.033205,25.027971,-0.30706024,0.4094604,0.93536377,1,1,0,-0.012268066,0.016357422,25.033203,60,7,0,0,255,2,0,1782503408.6436193,98
25.031494,25.025496,-0.35897186,0.41401523,0.7585144,1,1,0,-0.014343262,0.016540527,25.031494,60,7,0,0,255,2,0,1782503408.6436193,98
25.032717,25.025867,-0.41092303,0.41709074,0.7533264,1,1,0,-0.016418457,0.016662598,25.032715,60,7,0,0,255,2,0,1782503408.6436193,98
25.023926,25.016462,-0.10688251,0.60171366,0.73028564,1,1,0,-0.004272461,0.024047852,25.023926,61,7,1,0,255,2,0,1782503408.6436193,98
25.02295,25.015137,-0.15878962,0.60474384,0.7631531,1,1,0,-0.0063476562,0.024169922,25.02295,61,7,1,0,255,2,0,1782503408.6436193,98
25.025145,25.016838,-0.2107181,0.60937786,0.7220459,1,1,0,-0.008422852,0.024353027,25.025146,61,7,1,0,255,2,0,1782503408.6436193,98
25.019531,25.010643,-0.26409924,0.6122943,0.7364502,1,1,0,-0.010559082,0.024475098,25.019531,61,7,1,0,255,2,0,1782503408.6436193,98
25.023926,25.013536,-0.36796245,0.62003624,0.7713623,1,1,0,-0.014709473,0.024780273,25.023926,61,7,1,0,255,2,0,1782503408.6436193,98
25.025146,25.013838,-0.42141554,0.62312037,0.7579956,1,1,0,-0.016845703,0.024902344,25.025146,61,7,1,0,255,2,0,1782503408.6436193,98
25.03345,25.027578,-0.09776447,0.5332039,0.7663269,1,1,0,-0.00390625,0.02130127,25.033447,26,8,0,0,255,2,0,1782503408.7432642,99
25.034178,25.025902,-0.36050546,0.53321946,0.94403076,1,1,0,-0.014404297,0.02130127,25.03418,26,8,0,0,255,2,0,1782503408.7432642,99
25.032717,25.030691,-0.099304415,0.30251202,0.7810669,1,1,0,-0.003967285,0.012084961,25.032715,28,8,0,0,255,2,0,1782503408.7432642,99
25.032713,25.03042,-0.15277547,0.30251202,0.7663269,1,1,0,-0.0061035156,0.012084961,25.032715,28,8,0,0,255,2,0,1782503408.7432642,99
25.03467,25.032003,-0.20473409,0.30253562,0.84695435,1,1,0,-0.008178711,0.012084961,25.034668,28,8,0,0,255,2,0,1782503408.7432642,99
25.03125,25.026821,-0.3620465,0.30096665,0.8105469,1,1,0,-0.014465332,0.012023926,25.03125,28,8,0,0,255,2,0,1782503408.7432642,99
25.014648,25.010221,-0.056480702,0.46716538,0.839386,1,1,0,-0.0022583008,0.018676758,25.014648,29,8,1,0,255,2,0,1782503408.7432642,99
25.027344,25.022738,-0.109963916,0.46740246,0.71795654,1,1,0,-0.0043945312,0.018676758,25.027344,29,8,1,0,255,2,0,1782503408.7432642,99
25.013674,25.008787,-0.16180226,0.46714714,0.71832275,1,1,0,-0.0064697266,0.018676758,25.013672,29,8,1,0,255,2,0,1782503408.7432642,99
25.016846,25.01157,-0.21372712,0.4672064,0.6413574,1,1,0,-0.008544922,0.018676758,25.016846,29,8,1,0,255,2,0,1782503408.7432642,99
25.024904,25.019112,-0.2672431,0.46735686,1.0117798,1,1,0,-0.010681152,0.018676758,25.024902,29,8,1,0,255,2,0,1782503408.7432642,99
25.021484,25.015085,-0.31911844,0.46729302,0.9563904,1,1,0,-0.012756348,0.018676758,25.021484,29,8,1,0,255,2,0,1782503408.7432642,99
25.031252,25.02792,-0.094710596,0.39720774,0.6371765,1,1,0,-0.0037841797,0.01586914,25.03125,60,8,0,0,255,2,0,1782503408.7432642,99
25.031006,25.027376,-0.14664645,0.40025902,0.72299194,1,1,0,-0.005859375,0.015991211,25.031006,60,8,0,0,255,2,0,1782503408.7432642,99
25.031248,25.027187,-0.19858415,0.40484568,0.7680664,1,1,0,-0.00793457,0.016174316,25.03125,60,8,0,0,255,2,0,1782503408.7432642,99
25.033934,25.02934,-0.25207403,0.40794465,0.86602783,1,1,0,-0.010070801,0.016296387,25.033936,60,8,0,0,255,2,0,1782503408.7432642,99
25.032715,25.02747,-0.3039985,0.41250777,0.7550659,1,1,0,-0.012145996,0.016479492,25.032715,60,8,0,0,255,2,0,1782503408.7432642,99
25.02368,25.017702,-0.35580552,0.41541314,0.9386902,1,1,0,-0.014221191,0.016601562,25.023682,60,8,0,0,255,2,0,1782503408.7432642,99
25.027098,25.020226,-0.4093029,0.42005184,0.70217896,1,1,0,-0.016357422,0.016784668,25.0271,60,8,0,0,255,2,0,1782503408.7432642,99
25.016846,25.00936,-0.1037992,0.60306984,0.8496704,1,1,0,-0.0041503906,0.024108887,25.016846,61,8,1,0,255,2,0,1782503408.7432642,99
25.02295,25.01512,-0.15573579,0.6062707,0.6511841,1,1,0,-0.006225586,0.024230957,25.02295,61,8,1,0,255,2,0,1782503408.7432642,99
25.027342,25.019009,-0.20920923,0.61095846,0.8175659,1,1,0,-0.008361816,0.024414062,25.027344,61,8,1,0,255,2,0,1782503408.7432642,99
25.02954,25.020643,-0.26115024,0.6140665,0.7846985,1,1,0,-0.010437012,0.024536133,25.029541,61,8,1,0,255,2,0,1782503408.7432642,99
25.031734,25.021328,-0.36654958,0.62175715,0.8956299,1,1,0,-0.0146484375,0.024841309,25.031738,61,8,1,0,255,2,0,1782503408.7432642,99
25.030762,25.019426,-0.41845468,0.62631476,0.91000366,1,1,0,-0.016723633,0.025024414,25.030762,61,8,1,0,255,2,0,1782503408.7432642,99
25.035156,25.02816,-0.2566454,0.53324026,1.0272522,1,1,0,-0.010253906,0.02130127,25.035156,26,9,0,0,255,2,0,1782503408.8438437,100
25.031738,25.024158,-0.30854103,0.5331675,0.6709595,1,1,0,-0.012329102,0.02130127,25.031738,26,9,0,0,255,2,0,1782503408.8438437,100
25.0354,25.026297,-0.41398588,0.5332455,0.7862549,1,1,0,-0.016540527,0.02130127,25.0354,26,9,0,0,255,2,0,1782503408.8438437,100
25.03467,25.032402,-0.14820382,0.30253562,0.84262085,1,1,0,-0.00592041,0.012084961,25.034668,28,9,0,0,255,2,0,1782503408.8438437,100
25.035156,25.032547,-0.20015463,0.30101362,0.86343384,1,1,0,-0.0079956055,0.012023926,25.035156,28,9,0,0,255,2,0,1782503408.8438437,100
25.033201,25.029528,-0.3055514,0.30099013,0.70999146,1,1,0,-0.012207031,0.012023926,25.033203,28,9,0,0,255,2,0,1782503408.8438437,100
25.036377,25.031788,-0.10542014,0.46757117,1.0753784,1,1,0,-0.004211426,0.018676758,25.036377,29,9,1,0,255,2,0,1782503408.8438437,100
25.02856,25.023731,-0.1573168,0.46589792,0.67684937,1,1,0,-0.006286621,0.018615723,25.028564,29,9,1,0,255,2,0,1782503408.8438437,100
25.017334,25.009476,-0.41981518,0.46568885,0.6501465,1,1,0,-0.016784668,0.018615723,25.017334,29,9,1,0,255,2,0,1782503408.8438437,100
25.032715,25.029427,-0.09624399,0.39417565,0.7698059,1,1,0,-0.0038452148,0.01574707,25.032715,60,9,0,0,255,2,0,1782503408.8438437,100
25.031982,25.028383,-0.14970769,0.39721936,0.69351196,1,1,0,-0.0059814453,0.01586914,25.031982,60,9,0,0,255,2,0,1782503408.8438437,100
25.032715,25.028677,-0.20165141,0.40181404,0.7975464,1,1,0,-0.008056641,0.016052246,25.032715,60,9,0,0,255,2,0,1782503408.8438437,100
25.026365,25.018902,-0.106892936,0.60177237,0.67276,1,1,0,-0.004272461,0.024047852,25.026367,61,9,1,0,255,2,0,1782503408.8438437,100
25.021729,25.013422,-0.21068932,0.6092946,0.65631104,1,1,0,-0.008422852,0.024353027,25.021729,61,9,1,0,255,2,0,1782503408.8438437,100
25.019289,25.010363,-0.2640963,0.61381495,0.90097046,1,1,0,-0.010559082,0.024536133,25.019287,61,9,1,0,255,2,0,1782503408.8438437,100
25.019531,25.00993,-0.3159992,0.61687416,0.66555786,1,1,0,-0.012634277,0.024658203,25.019531,61,9,1,0,255,2,0,1782503408.8438437,100
25.036865,25.026432,-0.36815217,0.6218845,1.2602539,1,1,0,-0.014709473,0.024841309,25.036865,61,9,1,0,255,2,0,1782503408.8438437,100
25.033936,25.026373,-0.30704063,0.5332143,1.0289917,1,1,0,-0.012268066,0.02130127,25.033936,26,10,0,0,255,2,0,1782503408.943302,101
25.019775,25.010702,-0.41220102,0.5329127,0.76116943,1,1,0,-0.016479492,0.02130127,25.019775,26,10,0,0,255,2,0,1782503408.943302,101
25.026125,25.023867,-0.14662589,0.30243236,0.71951294,1,1,0,-0.005859375,0.012084961,25.026123,28,10,0,0,255,2,0,1782503408.943302,101
25.031248,25.027594,-0.304,0.30096665,0.71865845,1,1,0,-0.012145996,0.012023926,25.03125,28,10,0,0,255,2,0,1782503408.943302,101
25.026121,25.020964,-0.40931496,0.300905,0.6805115,1,1,0,-0.016357422,0.012023926,25.026123,28,10,0,0,255,2,0,1782503408.943302,101
25.032957,25.028097,-0.15734424,0.46750733,0.9315796,1,1,0,-0.006286621,0.018676758,25.032959,29,10,1,0,255,2,0,1782503408.943302,101
25.028563,25.022863,-0.26117343,0.46589792,0.80319214,1,1,0,-0.010437012,0.018615723,25.028564,29,10,1,0,255,2,0,1782503408.943302,101
25.0271,25.0238,-0.09927707,0.39408723,0.82702637,1,1,0,-0.003967285,0.01574707,25.0271,60,10,0,0,255,2,0,1782503408.943302,101
25.033934,25.030302,-0.15124695,0.3987781,0.85302734,1,1,0,-0.0060424805,0.015930176,25.033936,60,10,0,0,255,2,0,1782503408.943302,101
25.026121,25.02206,-0.20465276,0.40170825,0.7307739,1,1,0,-0.008178711,0.016052246,25.026123,60,10,0,0,255,2,0,1782503408.943302,101
25.019773,25.015162,-0.2565121,0.406187,0.8624878,1,1,0,-0.010253906,0.016235352,25.019775,60,10,0,0,255,2,0,1782503408.943302,101
25.032473,25.027222,-0.3085788,0.40944842,0.8851013,1,1,0,-0.012329102,0.016357422,25.03247,60,10,0,0,255,2,0,1782503408.943302,101
25.031006,25.024963,-0.36201966,0.41400716,0.7810669,1,1,0,-0.014465332,0.016540527,25.031006,60,10,0,0,255,2,0,1782503408.943302,101
25.03125,25.024351,-0.41395372,0.41706634,0.7810669,1,1,0,-0.016540527,0.016662598,25.03125,60,10,0,0,255,2,0,1782503408.943302,101
25.032955,25.025728,-0.05651572,0.59887594,0.75183105,1,1,0,-0.0022583008,0.023925781,25.032959,61,10,1,0,255,2,0,1782503408.943302,101
25.035156,25.027283,-0.16192193,0.6065664,0.9829407,1,1,0,-0.0064697266,0.024230957,25.035156,61,10,1,0,255,2,0,1782503408.943302,101
25.028563,25.020191,-0.21380077,0.61098826,0.80526733,1,1,0,-0.008544922,0.024414062,25.028564,61,10,1,0,255,2,0,1782503408.943302,101
25.02295,25.014006,-0.2656617,0.6139048,0.6850891,1,1,0,-0.010620117,0.024536133,25.02295,61,10,1,0,255,2,0,1782503408.943302,101
25.03076,25.021078,-0.31919488,0.61867833,0.88946533,1,1,0,-0.012756348,0.024719238,25.030762,61,10,1,0,255,2,0,1782503408.943302,101
25.032957,25.022482,-0.3711492,0.6217875,0.98706055,1,1,0,-0.014831543,0.024841309,25.032959,61,10,1,0,255,2,0,1782503408.943302,101
25.021727,25.01033,-0.42441034,0.624562,0.67892456,1,1,0,-0.016967773,0.024963379,25.021729,61,10,1,0,255,2,0,1782503408.943302,101
25.032228,25.02612,-0.1466391,0.53317785,0.70391846,1,1,0,-0.005859375,0.02130127,25.032227,26,11,0,0,255,2,0,1782503409.0438888,102
25.027098,25.020166,-0.2504544,0.53306866,0.71343994,1,1,0,-0.010009766,0.02130127,25.0271,26,11,0,0,255,2,0,1782503409.0438888,102
25.031984,25.024458,-0.3039619,0.53317267,0.7749939,1,1,0,-0.012145996,0.02130127,25.031982,26,11,0,0,255,2,0,1782503409.0438888,102
25.032959,25.024782,-0.35590622,0.531666,0.9076233,1,1,0,-0.014221191,0.021240234,25.032959,26,11,0,0,255,2,0,1782503409.0438888,102
25.02905,25.020058,-0.40930015,0.531583,0.71606445,1,1,0,-0.016357422,0.021240234,25.029053,26,11,0,0,255,2,0,1782503409.0438888,102
25.028076,25.02582,-0.14663734,0.30245596,0.7455139,1,1,0,-0.005859375,0.012084961,25.028076,28,11,0,0,255,2,0,1782503409.0438888,102
25.032957,25.029303,-0.30402076,0.30098718,0.87384033,1,1,0,-0.012145996,0.012023926,25.032959,28,11,0,0,255,2,0,1782503409.0438888,102
25.035156,25.030792,-0.35751978,0.30101362,0.83480835,1,1,0,-0.014282227,0.012023926,25.035156,28,11,0,0,255,2,0,1782503409.0438888,102
25.018066,25.012827,-0.20915754,0.4672292,0.782959,1,1,0,-0.008361816,0.018676758,25.018066,29,11,1,0,255,2,0,1782503409.0438888,102
25.015871,25.009531,-0.31446743,0.46718815,0.85580444,1,1,0,-0.012573242,0.018676758,25.01587,29,11,1,0,255,2,0,1782503409.0438888,102
25.02905,25.025429,-0.14969002,0.39870033,0.97698975,1,1,0,-0.0059814453,0.015930176,25.029053,60,11,0,0,255,2,0,1782503409.0438888,102
25.033201,25.029165,-0.20165534,0.40182188,0.86169434,1,1,0,-0.008056641,0.016052246,25.033203,60,11,0,0,255,2,0,1782503409.0438888,102
25.02173,25.017147,-0.2534783,0.4062187,0.8607483,1,1,0,-0.010131836,0.016235352,25.021729,60,11,0,0,255,2,0,1782503409.0438888,102
25.032715,25.026716,-0.35898936,0.4140354,0.9041748,1,1,0,-0.014343262,0.016540527,25.032715,60,11,0,0,255,2,0,1782503409.0438888,102
25.033936,25.027061,-0.41247064,0.4171111,0.7325134,1,1,0,-0.016479492,0.016662598,25.033936,60,11,0,0,255,2,0,1782503409.0438888,102
25.031738,25.024199,-0.10691556,0.60495627,0.84017944,1,1,0,-0.004272461,0.024169922,25.031738,61,11,1,0,255,2,0,1782503409.0438888,102
25.032959,25.025032,-0.15885243,0.6095681,0.9829407,1,1,0,-0.0063476562,0.024353027,25.032959,61,11,1,0,255,2,0,1782503409.0438888,102
25.023926,25.015543,-0.21070719,0.6124019,0.7312927,1,1,0,-0.008422852,0.024475098,25.023926,61,11,1,0,255,2,0,1782503409.0438888,102
25.025146,25.016146,-0.26415735,0.6170126,0.65530396,1,1,0,-0.010559082,0.024658203,25.025146,61,11,1,0,255,2,0,1782503409.0438888,102
25.030762,25.02108,-0.3161401,0.62020564,0.7569885,1,1,0,-0.012634277,0.024780273,25.030762,61,11,1,0,255,2,0,1782503409.0438888,102
25.026367,25.015879,-0.3695241,0.62315077,0.91207886,1,1,0,-0.014770508,0.024902344,25.026367,61,11,1,0,255,2,0,1782503409.0438888,102
25.027098,25.019575,-0.3039026,0.53306866,1.0177307,1,1,0,-0.012145996,0.02130127,25.0271,26,12,0,0,255,2,0,1782503409.143585,103
25.025146,25.01695,-0.35732207,0.53150004,0.85736084,1,1,0,-0.014282227,0.021240234,25.025146,26,12,0,0,255,2,0,1782503409.143585,103
25.03247,25.023476,-0.40935606,0.5316556,0.81573486,1,1,0,-0.016357422,0.021240234,25.03247,26,12,0,0,255,2,0,1782503409.143585,103
25.031008,25.02838,-0.20012131,0.30249137,0.9102478,1,1,0,-0.0079956055,0.012084961,25.031006,28,12,0,0,255,2,0,1782503409.143585,103
25.019285,25.014427,-0.1572583,0.467252,0.81066895,1,1,0,-0.006286621,0.018676758,25.019287,29,12,1,0,255,2,0,1782503409.143585,103
25.028076,25.0248,-0.09317137,0.3941026,0.7472534,1,1,0,-0.0037231445,0.01574707,25.028076,60,12,0,0,255,2,0,1782503409.143585,103
25.02905,25.025448,-0.14663516,0.39870033,0.6805115,1,1,0,-0.005859375,0.015930176,25.029053,60,12,0,0,255,2,0,1782503409.143585,103
25.029053,25.024485,-0.25202513,0.40633762,0.9119568,1,1,0,-0.010070801,0.016235352,25.029053,60,12,0,0,255,2,0,1782503409.143585,103
25.032473,25.027277,-0.30399615,0.40944842,0.7585144,1,1,0,-0.012145996,0.016357422,25.03247,60,12,0,0,255,2,0,1782503409.143585,103
25.023924,25.01651,-0.10382888,0.60018677,0.72720337,1,1,0,-0.0041503906,0.023986816,25.023926,61,12,1,0,255,2,0,1782503409.143585,103
25.027346,25.01955,-0.15576337,0.60485005,0.8956299,1,1,0,-0.006225586,0.024169922,25.027344,61,12,1,0,255,2,0,1782503409.143585,103
25.027344,25.019085,-0.20920987,0.60790426,0.8216858,1,1,0,-0.008361816,0.024291992,25.027344,61,12,1,0,255,2,0,1782503409.143585,103
25.023926,25.014399,-0.31300163,0.6154556,0.66763306,1,1,0,-0.012512207,0.024597168,25.023926,61,12,1,0,255,2,0,1782503409.143585,103
25.036377,25.026005,-0.3666181,0.62034476,1.0877075,1,1,0,-0.0146484375,0.024780273,25.036377,61,12,1,0,255,2,0,1782503409.143585,103
25.026367,25.01511,-0.4183825,0.62315077,0.74053955,1,1,0,-0.016723633,0.024902344,25.026367,61,12,1,0,255,2,0,1782503409.143585,103
25.033936,25.02781,-0.14970426,0.5332143,0.7810669,1,1,0,-0.0059814453,0.02130127,25.033936,26,13,0,0,255,2,0,1782503409.2440426,104
25.031736,25.024176,-0.3070137,0.5331675,0.69351196,1,1,0,-0.012268066,0.02130127,25.031738,26,13,0,0,255,2,0,1782503409.2440426,104
25.033936,25.025682,-0.35897455,0.5332143,0.7472534,1,1,0,-0.014343262,0.02130127,25.033936,26,13,0,0,255,2,0,1782503409.2440426,104
25.029053,25.026796,-0.14664306,0.30246776,0.7637329,1,1,0,-0.005859375,0.012084961,25.029053,28,13,0,0,255,2,0,1782503409.2440426,104
25.01831,25.014656,-0.30384287,0.30081105,0.7966614,1,1,0,-0.012145996,0.012023926,25.01831,28,13,0,0,255,2,0,1782503409.2440426,104
25.024904,25.020323,-0.1038447,0.46735686,1.0035706,1,1,0,-0.0041503906,0.018676758,25.024902,29,13,1,0,255,2,0,1782503409.2440426,104
25.020752,25.012918,-0.41834584,0.46575248,0.6347656,1,1,0,-0.016723633,0.018615723,25.020752,29,13,1,0,255,2,0,1782503409.2440426,104
25.0271,25.023527,-0.14509654,0.39714187,0.70043945,1,1,0,-0.00579834,0.01586914,25.0271,60,13,0,0,255,2,0,1782503409.2440426,104
25.031982,25.028006,-0.19706297,0.40027463,0.71258545,1,1,0,-0.007873535,0.015991211,25.031982,60,13,0,0,255,2,0,1782503409.2440426,104
25.021236,25.016712,-0.25041983,0.4046838,1.0703125,1,1,0,-0.010009766,0.016174316,25.02124,60,13,0,0,255,2,0,1782503409.2440426,104
25.03247,25.027319,-0.3024689,0.40792078,0.69177246,1,1,0,-0.012084961,0.016296387,25.03247,60,13,0,0,255,2,0,1782503409.2440426,104
25.03247,25.02654,-0.35593122,0.41250375,1.0454712,1,1,0,-0.014221191,0.016479492,25.03247,60,13,0,0,255,2,0,1782503409.2440426,104
25.029541,25.022131,-0.102324955,0.6003214,0.8730469,1,1,0,-0.0040893555,0.023986816,25.029541,61,13,1,0,255,2,0,1782503409.2440426,104
25.025146,25.017363,-0.15422276,0.60479695,0.7631531,1,1,0,-0.006164551,0.024169922,25.025146,61,13,1,0,255,2,0,1782503409.2440426,104
25.028564,25.019722,-0.25961336,0.6125154,0.76828,1,1,0,-0.010375977,0.024475098,25.028564,61,13,1,0,255,2,0,1782503409.2440426,104
25.019533,25.010006,-0.31294668,0.61534756,0.66967773,1,1,0,-0.012512207,0.024597168,25.019531,61,13,1,0,255,2,0,1782503409.2440426,104
25.032957,25.02261,-0.36504078,0.62026006,0.8545532,1,1,0,-0.014587402,0.024780273,25.032959,61,13,1,0,255,2,0,1782503409.2440426,104
25.033937,25.028067,-0.09776638,0.5332143,0.70391846,1,1,0,-0.00390625,0.02130127,25.033936,26,14,0,0,255,2,0,1782503409.3441868,105
25.034178,25.028051,-0.14970571,0.53321946,0.6865845,1,1,0,-0.0059814453,0.02130127,25.03418,26,14,0,0,255,2,0,1782503409.3441868,105
25.033447,25.031458,-0.094723985,0.30099306,0.82702637,1,1,0,-0.0037841797,0.012023926,25.033447,28,14,0,0,255,2,0,1782503409.3441868,105
25.031982,25.029734,-0.14818802,0.30097544,0.7958069,1,1,0,-0.00592041,0.012023926,25.031982,28,14,0,0,255,2,0,1782503409.3441868,105
25.026123,25.023514,-0.2000824,0.300905,0.7663269,1,1,0,-0.0079956055,0.012023926,25.026123,28,14,0,0,255,2,0,1782503409.3441868,105
25.02173,25.018057,-0.30541134,0.30085215,0.87286377,1,1,0,-0.012207031,0.012023926,25.021729,28,14,0,0,255,2,0,1782503409.3441868,105
25.02905,25.023893,-0.40936288,0.30094022,0.82180786,1,1,0,-0.016357422,0.012023926,25.029053,28,14,0,0,255,2,0,1782503409.3441868,105
25.027342,25.022783,-0.10538222,0.46587518,0.7425842,1,1,0,-0.004211426,0.018615723,25.027344,29,14,1,0,255,2,0,1782503409.3441868,105
25.030762,25.025928,-0.15733062,0.4659388,0.7600708,1,1,0,-0.006286621,0.018615723,25.030762,29,14,1,0,255,2,0,1782503409.3441868,105
25.02246,25.01725,-0.20919453,0.4657843,0.7572937,1,1,0,-0.008361816,0.018615723,25.02246,29,14,1,0,255,2,0,1782503409.3441868,105
25.032959,25.027243,-0.2627468,0.46597973,0.8175659,1,1,0,-0.010498047,0.018615723,25.032959,29,14,1,0,255,2,0,1782503409.3441868,105
25.032959,25.029379,-0.1466582,0.39723486,0.68569946,1,1,0,-0.005859375,0.01586914,25.032959,60,14,0,0,255,2,0,1782503409.3441868,105
25.032957,25.028414,-0.2520647,0.40487334,0.84695435,1,1,0,-0.010070801,0.016174316,25.032959,60,14,0,0,255,2,0,1782503409.3441868,105
25.032957,25.02777,-0.30552992,0.40792874,0.7914734,1,1,0,-0.012207031,0.016296387,25.032959,60,14,0,0,255,2,0,1782503409.3441868,105
25.02124,25.014444,-0.4092083,0.4153726,0.7932129,1,1,0,-0.016357422,0.016601562,25.02124,60,14,0,0,255,2,0,1782503409.3441868,105
25.019287,25.011873,-0.10380963,0.6000755,0.83325195,1,1,0,-0.0041503906,0.023986816,25.019287,61,14,1,0,255,2,0,1782503409.3441868,105
25.022947,25.01518,-0.15726304,0.603217,0.8196411,1,1,0,-0.006286621,0.024108887,25.02295,61,14,1,0,255,2,0,1782503409.3441868,105
25.032957,25.024698,-0.20925681,0.60804063,0.7693176,1,1,0,-0.008361816,0.024291992,25.032959,61,14,1,0,255,2,0,1782503409.3441868,105
25.023926,25.015089,-0.26261923,0.610875,0.7107544,1,1,0,-0.010498047,0.024414062,25.023926,61,14,1,0,255,2,0,1782503409.3441868,105
25.020752,25.011208,-0.31448853,0.61537755,0.67684937,1,1,0,-0.012573242,0.024597168,25.020752,61,14,1,0,255,2,0,1782503409.3441868,105
25.023926,25.012682,-0.41986898,0.62156314,0.6860962,1,1,0,-0.016784668,0.024841309,25.023926,61,14,1,0,255,2,0,1782503409.3441868,105
25.031738,25.025612,-0.14969112,0.5331675,0.629364,1,1,0,-0.0059814453,0.02130127,25.031738,26,15,0,0,255,2,0,1782503409.444029,106
25.031738,25.024776,-0.2535556,0.5331675,1.0029907,1,1,0,-0.010131836,0.02130127,25.031738,26,15,0,0,255,2,0,1782503409.444029,106
25.031492,25.023932,-0.30701068,0.5331623,0.7914734,1,1,0,-0.012268066,0.02130127,25.031494,26,15,0,0,255,2,0,1782503409.444029,106
25.03247,25.024218,-0.35895354,0.5331831,1.0125427,1,1,0,-0.014343262,0.02130127,25.03247,26,15,0,0,255,2,0,1782503409.444029,106
25.033203,25.024158,-0.41242278,0.53167117,0.8807678,1,1,0,-0.016479492,0.021240234,25.033203,26,15,0,0,255,2,0,1782503409.444029,106
25.019775,25.017775,-0.09314522,0.30235565,1.1923828,1,1,0,-0.0037231445,0.012084961,25.019775,28,15,0,0,255,2,0,1782503409.444029,106
25.029053,25.026804,-0.14511554,0.30246776,0.7767334,1,1,0,-0.00579834,0.012084961,25.029053,28,15,0,0,255,2,0,1782503409.444029,106
25.021729,25.019125,-0.19699304,0.30237925,0.82092285,1,1,0,-0.007873535,0.012084961,25.021729,28,15,0,0,255,2,0,1782503409.444029,106
25.032715,25.029633,-0.25054914,0.30251202,0.72906494,1,1,0,-0.010009766,0.012084961,25.032715,28,15,0,0,255,2,0,1782503409.444029,106
25.032715,25.02906,-0.30248994,0.30251202,0.84002686,1,1,0,-0.012084961,0.012084961,25.032715,28,15,0,0,255,2,0,1782503409.444029,106
25.021484,25.017168,-0.3542707,0.30084923,0.9300232,1,1,0,-0.014160156,0.012023926,25.021484,28,15,0,0,255,2,0,1782503409.444029,106
25.025145,25.020014,-0.40777192,0.30089325,0.71258545,1,1,0,-0.016296387,0.012023926,25.025146,28,15,0,0,255,2,0,1782503409.444029,106
25.019287,25.014715,-0.10229463,0.467252,0.8640137,1,1,0,-0.0040893555,0.018676758,25.019287,29,15,1,0,255,2,0,1782503409.444029,106
25.02173,25.01689,-0.15421984,0.46729758,0.72720337,1,1,0,-0.006164551,0.018676758,25.021729,29,15,1,0,255,2,0,1782503409.444029,106
25.023926,25.0187,-0.20767954,0.46733862,0.6131897,1,1,0,-0.008300781,0.018676758,25.023926,29,15,1,0,255,2,0,1782503409.444029,106
25.031738,25.026026,-0.25967878,0.46748453,0.9665222,1,1,0,-0.010375977,0.018676758,25.031738,29,15,1,0,255,2,0,1782503409.444029,106
25.02295,25.016674,-0.31150302,0.4657934,0.69021606,1,1,0,-0.012451172,0.018615723,25.02295,29,15,1,0,255,2,0,1782503409.444029,106
25.02637,25.018559,-0.41691276,0.465857,0.79086304,1,1,0,-0.016662598,0.018615723,25.026367,29,15,1,0,255,2,0,1782503409.444029,106
25.02246,25.017904,-0.25348598,0.40470353,0.8607483,1,1,0,-0.010131836,0.016174316,25.02246,60,15,0,0,255,2,0,1782503409.444029,106
25.031982,25.026031,-0.35745177,0.4124957,0.84695435,1,1,0,-0.014282227,0.016479492,25.031982,60,15,0,0,255,2,0,1782503409.444029,106
25.03296,25.026112,-0.41092703,0.41709483,0.7568054,1,1,0,-0.016418457,0.016662598,25.032959,60,15,0,0,255,2,0,1782503409.444029,106
25.031736,25.024313,-0.10538866,0.6003741,0.8730469,1,1,0,-0.004211426,0.023986816,25.031738,61,15,1,0,255,2,0,1782503409.444029,106
25.030762,25.021212,-0.31461433,0.6156238,0.7970276,1,1,0,-0.012573242,0.024597168,25.030762,61,15,1,0,255,2,0,1782503409.444029,106
25.030762,25.020407,-0.3680635,0.61867833,0.7991028,1,1,0,-0.014709473,0.024719238,25.030762,61,15,1,0,255,2,0,1782503409.444029,106
25.026121,25.022448,-0.30546498,0.300905,0.73773193,1,1,0,-0.012207031,0.012023926,25.026123,28,16,0,0,255,2,0,1782503409.5440607,107
25.025145,25.019964,-0.41082612,0.30089325,0.6718445,1,1,0,-0.016418457,0.012023926,25.025146,28,16,0,0,255,2,0,1782503409.5440607,107
25.02246,25.016718,-0.26263633,0.46731126,0.8640137,1,1,0,-0.010498047,0.018676758,25.02246,29,16,1,0,255,2,0,1782503409.5440607,107
25.027098,25.02387,-0.093167916,0.39103252,0.6631775,1,1,0,-0.0037231445,0.015625,25.0271,60,16,0,0,255,2,0,1782503409.5440607,107
25.027102,25.023544,-0.146624,0.39561456,0.70217896,1,1,0,-0.005859375,0.015808105,25.0271,60,16,0,0,255,2,0,1782503409.5440607,107
25.031982,25.028019,-0.19859076,0.398747,0.6657715,1,1,0,-0.00793457,0.015930176,25.031982,60,16,0,0,255,2,0,1782503409.5440607,107
25.032713,25.028194,-0.2520625,0.40334174,0.85910034,1,1,0,-0.010070801,0.016113281,25.032715,60,16,0,0,255,2,0,1782503409.5440607,107
25.031248,25.025345,-0.3559142,0.41095603,1.0142517,1,1,0,-0.014221191,0.016418457,25.03125,60,16,0,0,255,2,0,1782503409.5440607,107
25.026123,25.019352,-0.4092886,0.4139264,0.70217896,1,1,0,-0.016357422,0.016540527,25.026123,60,16,0,0,255,2,0,1782503409.5440607,107
25.027344,25.019892,-0.103842914,0.60179585,0.8730469,1,1,0,-0.0041503906,0.024047852,25.027344,61,16,1,0,255,2,0,1782503409.5440607,107
25.021729,25.013937,-0.15572843,0.60471433,0.6840515,1,1,0,-0.006225586,0.024169922,25.021729,61,16,1,0,255,2,0,1782503409.5440607,107
25.018309,25.010015,-0.20913403,0.6092114,0.72720337,1,1,0,-0.008361816,0.024353027,25.01831,61,16,1,0,255,2,0,1782503409.5440607,107
25.028564,25.019705,-0.26114047,0.6125154,0.81347656,1,1,0,-0.010437012,0.024475098,25.028564,61,16,1,0,255,2,0,1782503409.5440607,107
25.02295,25.011654,-0.41832468,0.6245925,0.7600708,1,1,0,-0.016723633,0.024963379,25.02295,61,16,1,0,255,2,0,1782503409.5440607,107
25.03418,25.028044,-0.1512333,0.53321946,0.8088074,1,1,0,-0.0060424805,0.02130127,25.03418,26,17,0,0,255,2,0,1782503409.643066,108
25.031982,25.023739,-0.36047432,0.53164524,0.85736084,1,1,0,-0.014404297,0.021240234,25.031982,26,17,0,0,255,2,0,1782503409.643066,108
25.031738,25.022694,-0.41239864,0.53164005,0.86602783,1,1,0,-0.016479492,0.021240234,25.031738,26,17,0,0,255,2,0,1782503409.643066,108
25.031008,25.028988,-0.097769976,0.30249137,0.72299194,1,1,0,-0.00390625,0.012084961,25.031006,28,17,0,0,255,2,0,1782503409.643066,108
25.032957,25.029247,-0.3070759,0.30251497,0.7403259,1,1,0,-0.012268066,0.012084961,25.032959,28,17,0,0,255,2,0,1782503409.643066,108
25.031248,25.026842,-0.36051902,0.30096665,0.72732544,1,1,0,-0.014404297,0.012023926,25.03125,28,17,0,0,255,2,0,1782503409.643066,108
25.023926,25.019333,-0.106894776,0.46733862,0.807312,1,1,0,-0.004272461,0.018676758,25.023926,29,17,1,0,255,2,0,1782503409.643066,108
25.030762,25.025002,-0.26425084,0.4674663,0.82373047,1,1,0,-0.010559082,0.018676758,25.030762,29,17,1,0,255,2,0,1782503409.643066,108
25.026367,25.019987,-0.31765363,0.46738422,0.67788696,1,1,0,-0.0126953125,0.018676758,25.026367,29,17,1,0,255,2,0,1782503409.643066,108
25.031006,25.027456,-0.14511932,0.3956763,0.7533264,1,1,0,-0.00579834,0.015808105,25.031006,60,17,0,0,255,2,0,1782503409.643066,108
25.021238,25.016737,-0.25042006,0.40315685,0.94039917,1,1,0,-0.010009766,0.016113281,25.02124,60,17,0,0,255,2,0,1782503409.643066,108
25.02124,25.01609,-0.3023332,0.40773776,0.69177246,1,1,0,-0.012084961,0.016296387,25.02124,60,17,0,0,255,2,0,1782503409.643066,108
25.019773,25.013872,-0.35575107,0.41076764,0.8434143,1,1,0,-0.014221191,0.016418457,25.019775,60,17,0,0,255,2,0,1782503409.643066,108
25.02124,25.01447,-0.40768158,0.4153726,0.68743896,1,1,0,-0.016296387,0.016601562,25.02124,60,17,0,0,255,2,0,1782503409.643066,108
25.03296,25.025513,-0.10233879,0.60193086,0.8915405,1,1,0,-0.0040893555,0.024047852,25.032959,61,17,1,0,255,2,0,1782503409.643066,108
25.02295,25.014668,-0.20764606,0.60932434,0.8340149,1,1,0,-0.008300781,0.024353027,25.02295,61,17,1,0,255,2,0,1782503409.643066,108
25.020264,25.011423,-0.25952727,0.61231226,0.73062134,1,1,0,-0.010375977,0.024475098,25.020264,61,17,1,0,255,2,0,1782503409.643066,108
25.020754,25.011227,-0.31296197,0.61537755,0.7005005,1,1,0,-0.012512207,0.024597168,25.020752,61,17,1,0,255,2,0,1782503409.643066,108
25.029541,25.018282,-0.41843554,0.6232298,0.72821045,1,1,0,-0.016723633,0.024902344,25.029541,61,17,1,0,255,2,0,1782503409.643066,108
25.032473,25.026596,-0.099288166,0.5331831,0.7897339,1,1,0,-0.003967285,0.02130127,25.03247,26,18,0,0,255,2,0,1782503409.7442627,109
25.029055,25.022919,-0.15120234,0.53311026,0.6510315,1,1,0,-0.0060424805,0.02130127,25.029053,26,18,0,0,255,2,0,1782503409.7442627,109
25.032228,25.02393,-0.3620047,0.53317785,0.98306274,1,1,0,-0.014465332,0.02130127,25.032227,26,18,0,0,255,2,0,1782503409.7442627,109
25.031006,25.02873,-0.14970976,0.30249137,0.71865845,1,1,0,-0.0059814453,0.012084961,25.031006,28,18,0,0,255,2,0,1782503409.7442627,109
25.027098,25.023989,-0.25507513,0.30091673,0.71691895,1,1,0,-0.010192871,0.012023926,25.0271,28,18,0,0,255,2,0,1782503409.7442627,109
25.02905,25.023844,-0.4124176,0.30094022,0.71343994,1,1,0,-0.016479492,0.012023926,25.029053,28,18,0,0,255,2,0,1782503409.7442627,109
25.031738,25.026897,-0.15886426,0.465957,0.8586731,1,1,0,-0.0063476562,0.018615723,25.031738,29,18,1,0,255,2,0,1782503409.7442627,109
25.021484,25.016249,-0.21224011,0.46576613,0.76242065,1,1,0,-0.008483887,0.018615723,25.021484,29,18,1,0,255,2,0,1782503409.7442627,109
25.016846,25.00896,-0.42133337,0.46567976,0.6885376,1,1,0,-0.016845703,0.018615723,25.016846,29,18,1,0,255,2,0,1782503409.7442627,109
25.029055,25.025497,-0.14663544,0.39564544,0.673584,1,1,0,-0.005859375,0.015808105,25.029053,60,18,0,0,255,2,0,1782503409.7442627,109
25.031252,25.027275,-0.20011249,0.39873534,0.7940674,1,1,0,-0.0079956055,0.015930176,25.03125,60,18,0,0,255,2,0,1782503409.7442627,109
25.019531,25.015015,-0.25192973,0.4031293,1.0148926,1,1,0,-0.010070801,0.016113281,25.019531,60,18,0,0,255,2,0,1782503409.7442627,109
25.021484,25.016323,-0.30539018,0.40621474,0.7854004,1,1,0,-0.012207031,0.016235352,25.021484,60,18,0,0,255,2,0,1782503409.7442627,109
25.028078,25.022152,-0.35739636,0.41090393,1.0159912,1,1,0,-0.014282227,0.016418457,25.028076,60,18,0,0,255,2,0,1782503409.7442627,109
25.029541,25.022161,-0.10385234,0.59879416,0.7374573,1,1,0,-0.0041503906,0.023925781,25.029541,61,18,1,0,255,2,0,1782503409.7442627,109
25.014648,25.006922,-0.15721111,0.6014906,0.7716675,1,1,0,-0.006286621,0.024047852,25.014648,61,18,1,0,255,2,0,1782503409.7442627,109
25.030762,25.022575,-0.20923905,0.60493267,0.8093567,1,1,0,-0.008361816,0.024169922,25.030762,61,18,1,0,255,2,0,1782503409.7442627,109
25.025145,25.015673,-0.31454468,0.61243176,0.70458984,1,1,0,-0.012573242,0.024475098,25.025146,61,18,1,0,255,2,0,1782503409.7442627,109
25.021484,25.011194,-0.3664011,0.6169223,0.94918823,1,1,0,-0.0146484375,0.024658203,25.021484,61,18,1,0,255,2,0,1782503409.7442627,109
25.02637,25.015162,-0.4199106,0.62009674,0.750824,1,1,0,-0.016784668,0.024780273,25.026367,61,18,1,0,255,2,0,1782503409.7442627,109
25.031006,25.025131,-0.099282354,0.53315187,0.7602539,1,1,0,-0.003967285,0.02130127,25.031006,26,19,0,0,255,2,0,1782503409.843858,110
25.034912,25.0279,-0.2581705,0.5332351,0.8105469,1,1,0,-0.010314941,0.02130127,25.034912,26,19,0,0,255,2,0,1782503409.843858,110
25.031006,25.023407,-0.3100593,0.53315187,0.7914734,1,1,0,-0.012390137,0.02130127,25.031006,26,19,0,0,255,2,0,1782503409.843858,110
25.034912,25.026613,-0.36204353,0.5332351,0.95010376,1,1,0,-0.014465332,0.02130127,25.034912,26,19,0,0,255,2,0,1782503409.843858,110
25.034182,25.025085,-0.4154937,0.5316919,0.8105469,1,1,0,-0.016601562,0.021240234,25.03418,26,19,0,0,255,2,0,1782503409.843858,110
25.020508,25.015327,-0.41075,0.3008375,0.8546753,1,1,0,-0.016418457,0.012023926,25.020508,28,19,0,0,255,2,0,1782503409.843858,110
25.027342,25.02251,-0.15730913,0.46587518,0.76416016,1,1,0,-0.006286621,0.018615723,25.027344,29,19,1,0,255,2,0,1782503409.843858,110
25.030762,25.025537,-0.21079136,0.4659388,0.69021606,1,1,0,-0.008422852,0.018615723,25.030762,29,19,1,0,255,2,0,1782503409.843858,110
25.031006,25.027723,-0.09470985,0.39414874,0.71258545,1,1,0,-0.0037841797,0.01574707,25.031006,60,19,0,0,255,2,0,1782503409.843858,110
25.032228,25.028637,-0.14818153,0.39722323,1.0125427,1,1,0,-0.00592041,0.01586914,25.032227,60,19,0,0,255,2,0,1782503409.843858,110
25.03296,25.0284,-0.2535923,0.40487334,0.8807678,1,1,0,-0.010131836,0.016174316,25.032959,60,19,0,0,255,2,0,1782503409.843858,110
25.032959,25.027746,-0.30552965,0.4094564,0.8105469,1,1,0,-0.012207031,0.016357422,25.032959,60,19,0,0,255,2,0,1782503409.843858,110
25.03296,25.027008,-0.3574657,0.4125118,0.7550659,1,1,0,-0.014282227,0.016479492,25.032959,60,19,0,0,255,2,0,1782503409.843858,110
25.029053,25.022205,-0.41086292,0.41702974,0.7749939,1,1,0,-0.016418457,0.016662598,25.029053,60,19,0,0,255,2,0,1782503409.843858,110
25.018066,25.010647,-0.1053311,0.6000462,0.85375977,1,1,0,-0.004211426,0.023986816,25.018066,61,19,1,0,255,2,0,1782503409.843858,110
25.023926,25.015656,-0.21070813,0.6078212,0.6860962,1,1,0,-0.008422852,0.024291992,25.023926,61,19,1,0,255,2,0,1782503409.843858,110
25.027344,25.017796,-0.31457138,0.61553967,0.6635132,1,1,0,-0.012573242,0.024597168,25.027344,61,19,1,0,255,2,0,1782503409.843858,110
25.031006,25.023443,-0.3070047,0.53315187,1.0376587,1,1,0,-0.012268066,0.02130127,25.031006,26,20,0,0,255,2,0,1782503409.9439778,111
25.025146,25.02252,-0.20007446,0.30242056,0.667511,1,1,0,-0.0079956055,0.012084961,25.025146,28,20,0,0,255,2,0,1782503409.9439778,111
25.020996,25.016636,-0.35731757,0.30084336,0.9949646,1,1,0,-0.014282227,0.012023926,25.020996,28,20,0,0,255,2,0,1782503409.9439778,111
25.01831,25.01313,-0.4107139,0.30081105,0.87286377,1,1,0,-0.016418457,0.012023926,25.01831,28,20,0,0,255,2,0,1782503409.9439778,111
25.021729,25.014687,-0.36797938,0.46577066,0.6737976,1,1,0,-0.014709473,0.018615723,25.021729,29,20,1,0,255,2,0,1782503409.9439778,111
25.021486,25.017487,-0.20003422,0.4001068,0.8477478,1,1,0,-0.0079956055,0.015991211,25.021484,60,20,0,0,255,2,0,1782503409.9439778,111
25.027342,25.019566,-0.15881772,0.6033229,1.0250549,1,1,0,-0.0063476562,0.024108887,25.027344,61,20,1,0,255,2,0,1782503409.9439778,111
25.025145,25.016912,-0.21071872,0.6063239,0.7333679,1,1,0,-0.008422852,0.024230957,25.025146,61,20,1,0,255,2,0,1782503409.9439778,111
25.030762,25.021923,-0.26269096,0.6110419,0.7189636,1,1,0,-0.010498047,0.024414062,25.030762,61,20,1,0,255,2,0,1782503409.9439778,111
25.019531,25.010004,-0.31600016,0.6138209,0.6409302,1,1,0,-0.012634277,0.024536133,25.019531,61,20,1,0,255,2,0,1782503409.9439778,111
25.026363,25.015093,-0.4214367,0.62162375,0.734375,1,1,0,-0.016845703,0.024841309,25.026367,61,20,1,0,255,2,0,1782503409.9439778,111
25.032228,25.02637,-0.09470473,0.53317785,0.9266968,1,1,0,-0.0037841797,0.02130127,25.032227,26,21,0,0,255,2,0,1782503410.044282,112
25.033447,25.025904,-0.30550715,0.5332039,0.7975464,1,1,0,-0.012207031,0.02130127,25.033447,26,21,0,0,255,2,0,1782503410.044282,112
25.032959,25.024761,-0.35743362,0.531666,0.84695435,1,1,0,-0.014282227,0.021240234,25.032959,26,21,0,0,255,2,0,1782503410.044282,112
25.016602,25.01293,-0.30534878,0.30079052,0.9282837,1,1,0,-0.012207031,0.012023926,25.016602,28,21,0,0,255,2,0,1782503410.044282,112
25.016602,25.012241,-0.3572548,0.30079052,0.7741394,1,1,0,-0.014282227,0.012023926,25.016602,28,21,0,0,255,2,0,1782503410.044282,112
25.017334,25.012154,-0.41069788,0.3007993,0.81484985,1,1,0,-0.016418457,0.012023926,25.017334,28,21,0,0,255,2,0,1782503410.044282,112
25.018066,25.012844,-0.21068445,0.4657025,0.7655029,1,1,0,-0.008422852,0.018615723,25.018066,29,21,1,0,255,2,0,1782503410.044282,112
25.031006,25.025032,-0.35896522,0.4124796,0.72732544,1,1,0,-0.014343262,0.016479492,25.031006,60,21,0,0,255,2,0,1782503410.044282,112
25.026367,25.018982,-0.1053662,0.5987182,0.7713623,1,1,0,-0.004211426,0.023925781,25.026367,61,21,1,0,255,2,0,1782503410.044282,112
25.019531,25.011757,-0.15876816,0.60313463,0.7097168,1,1,0,-0.0063476562,0.024108887,25.019531,61,21,1,0,255,2,0,1782503410.044282,112
25.015871,25.007639,-0.21064061,0.6060991,0.66085815,1,1,0,-0.008422852,0.024230957,25.01587,61,21,1,0,255,2,0,1782503410.044282,112
25.022459,25.012932,-0.31603715,0.6138928,0.8496704,1,1,0,-0.012634277,0.024536133,25.02246,61,21,1,0,255,2,0,1782503410.044282,112
25.023926,25.012655,-0.42139563,0.62156314,0.7107544,1,1,0,-0.016845703,0.024841309,25.023926,61,21,1,0,255,2,0,1782503410.044282,112
25.03003,25.020987,-0.4123705,0.53160375,0.7767334,1,1,0,-0.016479492,0.021240234,25.03003,26,22,0,0,255,2,0,1782503410.1440647,113
25.020264,25.017643,-0.20156251,0.30083454,1.1906738,1,1,0,-0.008056641,0.012023926,25.020264,28,22,0,0,255,2,0,1782503410.1440647,113
25.02905,25.024668,-0.35895997,0.30094022,0.71343994,1,1,0,-0.014343262,0.012023926,25.029053,28,22,0,0,255,2,0,1782503410.1440647,113
25.03003,25.02482,-0.41243368,0.30095196,0.6311035,1,1,0,-0.016479492,0.012023926,25.03003,28,22,0,0,255,2,0,1782503410.1440647,113
25.01587,25.011278,-0.10686036,0.46718815,0.8291321,1,1,0,-0.004272461,0.018676758,25.01587,29,22,1,0,255,2,0,1782503410.1440647,113
25.02246,25.017622,-0.15880539,0.4657843,0.85787964,1,1,0,-0.0063476562,0.018615723,25.02246,29,22,1,0,255,2,0,1782503410.1440647,113
25.00879,25.003569,-0.21060632,0.4655298,0.82836914,1,1,0,-0.008422852,0.018615723,25.00879,29,22,1,0,255,2,0,1782503410.1440647,113
25.032957,25.029335,-0.14971338,0.39876255,0.83828735,1,1,0,-0.0059814453,0.015930176,25.032959,60,22,0,0,255,2,0,1782503410.1440647,113
25.03296,25.028376,-0.25359207,0.40640104,1.0584717,1,1,0,-0.010131836,0.016235352,25.032959,60,22,0,0,255,2,0,1782503410.1440647,113
25.02905,25.02382,-0.3070093,0.4093925,0.84695435,1,1,0,-0.012268066,0.016357422,25.029053,60,22,0,0,255,2,0,1782503410.1440647,113
25.033205,25.027205,-0.35899636,0.4140435,0.72732544,1,1,0,-0.014343262,0.016540527,25.033203,60,22,0,0,255,2,0,1782503410.1440647,113
25.031006,25.024132,-0.41242236,0.41706228,0.82702637,1,1,0,-0.016479492,0.016662598,25.031006,60,22,0,0,255,2,0,1782503410.1440647,113
25.020262,25.012836,-0.106867015,0.6000989,0.991272,1,1,0,-0.004272461,0.023986816,25.020264,61,22,1,0,255,2,0,1782503410.1440647,113
25.023926,25.015036,-0.2641456,0.6124019,0.6645508,1,1,0,-0.010559082,0.024475098,25.023926,61,22,1,0,255,2,0,1782503410.1440647,113
25.018309,25.008745,-0.31598425,0.6153175,0.7107544,1,1,0,-0.012634277,0.024597168,25.01831,61,22,1,0,255,2,0,1782503410.1440647,113
25.026365,25.015991,-0.36952576,0.61856973,0.7693176,1,1,0,-0.014770508,0.024719238,25.026367,61,22,1,0,255,2,0,1782503410.1440647,113
25.009031,24.99773,-0.4211442,0.62271917,0.6752014,1,1,0,-0.016845703,0.024902344,25.009033,61,22,1,0,255,2,0,1782503410.1440647,113
25.027102,25.018084,-0.41079524,0.5315415,0.84002686,1,1,0,-0.016418457,0.021240234,25.0271,26,23,0,0,255,2,0,1782503410.244032,114
25.03247,25.030453,-0.0977757,0.30250907,0.6779175,1,1,0,-0.00390625,0.012084961,25.03247,28,23,0,0,255,2,0,1782503410.244032,114
25.031494,25.028854,-0.20165284,0.30249727,0.6718445,1,1,0,-0.008056641,0.012084961,25.031494,28,23,0,0,255,2,0,1782503410.244032,114
25.021729,25.0186,-0.2550202,0.30237925,0.9949646,1,1,0,-0.010192871,0.012084961,25.021729,28,23,0,0,255,2,0,1782503410.244032,114
25.027098,25.023405,-0.3070042,0.30091673,0.71865845,1,1,0,-0.012268066,0.012023926,25.0271,28,23,0,0,255,2,0,1782503410.244032,114
25.017334,25.012953,-0.35879195,0.3007993,0.82785034,1,1,0,-0.014343262,0.012023926,25.017334,28,23,0,0,255,2,0,1782503410.244032,114
25.031736,25.02653,-0.41246185,0.30097252,0.82180786,1,1,0,-0.016479492,0.012023926,25.031738,28,23,0,0,255,2,0,1782503410.244032,114
25.019531,25.011646,-0.4213786,0.46572977,0.77752686,1,1,0,-0.016845703,0.018615723,25.019531,29,23,1,0,255,2,0,1782503410.244032,114
25.033203,25.029968,-0.09471835,0.39112788,0.83828735,1,1,0,-0.0037841797,0.015625,25.033203,60,23,0,0,255,2,0,1782503410.244032,114
25.03247,25.028496,-0.20012225,0.39875478,0.84869385,1,1,0,-0.0079956055,0.015930176,25.03247,60,23,0,0,255,2,0,1782503410.244032,114
25.02246,25.017944,-0.25195923,0.40317652,0.7802124,1,1,0,-0.010070801,0.016113281,25.02246,60,23,0,0,255,2,0,1782503410.244032,114
25.032719,25.025919,-0.41092387,0.4140354,0.7958069,1,1,0,-0.016418457,0.016540527,25.032715,60,23,0,0,255,2,0,1782503410.244032,114
25.025145,25.016924,-0.2091918,0.6063239,0.7251282,1,1,0,-0.008361816,0.024230957,25.025146,61,23,1,0,255,2,0,1782503410.244032,114
25.025146,25.01631,-0.26263204,0.6109048,0.72821045,1,1,0,-0.010498047,0.024414062,25.025146,61,23,1,0,255,2,0,1782503410.244032,114
25.019285,25.008043,-0.41979113,0.6214479,0.7562866,1,1,0,-0.016784668,0.024841309,25.019287,61,23,1,0,255,2,0,1782503410.244032,114
25.03003,25.024166,-0.096223764,0.53313106,0.7698059,1,1,0,-0.0038452148,0.02130127,25.03003,26,24,0,0,255,2,0,1782503410.3438668,115
25.02905,25.026814,-0.14664316,0.30094022,0.8105469,1,1,0,-0.005859375,0.012023926,25.029053,28,24,0,0,255,2,0,1782503410.3438668,115
25.032957,25.030361,-0.19860934,0.30098718,0.7862549,1,1,0,-0.00793457,0.012023926,25.032959,28,24,0,0,255,2,0,1782503410.3438668,115
25.01587,25.011318,-0.10380733,0.4656616,0.8270874,1,1,0,-0.0041503906,0.018615723,25.01587,29,24,1,0,255,2,0,1782503410.3438668,115
25.019285,25.014076,-0.20916799,0.4657252,0.6875305,1,1,0,-0.008361816,0.018615723,25.019287,29,24,1,0,255,2,0,1782503410.3438668,115
25.019289,25.01359,-0.26107663,0.4657252,0.83117676,1,1,0,-0.010437012,0.018615723,25.019287,29,24,1,0,255,2,0,1782503410.3438668,115
25.020264,25.01395,-0.31452304,0.4657434,0.8373413,1,1,0,-0.012573242,0.018615723,25.020264,29,24,1,0,255,2,0,1782503410.3438668,115
25.020264,25.013245,-0.36643115,0.4657434,0.8024597,1,1,0,-0.0146484375,0.018615723,25.020264,29,24,1,0,255,2,0,1782503410.3438668,115
25.012453,25.004622,-0.41820705,0.46559796,0.74191284,1,1,0,-0.016723633,0.018615723,25.012451,29,24,1,0,255,2,0,1782503410.3438668,115
25.031982,25.028416,-0.14818022,0.39569175,0.7810669,1,1,0,-0.00592041,0.015808105,25.031982,60,24,0,0,255,2,0,1782503410.3438668,115
25.03003,25.025509,-0.25203544,0.40329847,0.6631775,1,1,0,-0.010070801,0.016113281,25.03003,60,24,0,0,255,2,0,1782503410.3438668,115
25.01953,25.011728,-0.15724134,0.6046613,0.69021606,1,1,0,-0.006286621,0.024169922,25.019531,61,24,1,0,255,2,0,1782503410.3438668,115
25.019531,25.011274,-0.20914456,0.6077145,0.67892456,1,1,0,-0.008361816,0.024291992,25.019531,61,24,1,0,255,2,0,1782503410.3438668,115
25.02124,25.015373,-0.09771679,0.53294384,0.82006836,1,1,0,-0.00390625,0.02130127,25.02124,26,25,0,0,255,2,0,1782503410.443525,116
25.035154,25.029028,-0.14971155,0.53324026,0.82873535,1,1,0,-0.0059814453,0.02130127,25.035156,26,25,0,0,255,2,0,1782503410.443525,116
25.032469,25.024227,-0.36048135,0.5316556,0.73773193,1,1,0,-0.014404297,0.021240234,25.03247,26,25,0,0,255,2,0,1782503410.443525,116
25.028076,25.019033,-0.41233832,0.53156227,0.7828064,1,1,0,-0.016479492,0.021240234,25.028076,26,25,0,0,255,2,0,1782503410.443525,116
25.031006,25.029,-0.09471468,0.30249137,0.6805115,1,1,0,-0.0037841797,0.012084961,25.031006,28,25,0,0,255,2,0,1782503410.443525,116
25.03003,25.027431,-0.19858609,0.30095196,0.72125244,1,1,0,-0.00793457,0.012023926,25.03003,28,25,0,0,255,2,0,1782503410.443525,116
25.034666,25.031588,-0.25209665,0.30100775,1.0081787,1,1,0,-0.010070801,0.012023926,25.034668,28,25,0,0,255,2,0,1782503410.443525,116
25.017332,25.012995,-0.35573858,0.3007993,0.96206665,1,1,0,-0.014221191,0.012023926,25.017334,28,25,0,0,255,2,0,1782503410.443525,116
25.030762,25.024466,-0.31312764,0.4659388,0.76416016,1,1,0,-0.012512207,0.018615723,25.030762,29,25,1,0,255,2,0,1782503410.443525,116
25.023926,25.016092,-0.41839892,0.46581158,0.7836914,1,1,0,-0.016723633,0.018615723,25.023926,29,25,1,0,255,2,0,1782503410.443525,116
25.03125,25.027985,-0.09623845,0.39262497,0.7680664,1,1,0,-0.0038452148,0.015686035,25.03125,60,25,0,0,255,2,0,1782503410.443525,116
25.032957,25.028946,-0.20165358,0.40029025,1.0359192,1,1,0,-0.008056641,0.015991211,25.032959,60,25,0,0,255,2,0,1782503410.443525,116
25.03247,25.027937,-0.25358763,0.4033378,0.7550659,1,1,0,-0.010131836,0.016113281,25.03247,60,25,0,0,255,2,0,1782503410.443525,116
25.023682,25.018496,-0.3054167,0.40777755,0.76116943,1,1,0,-0.012207031,0.016296387,25.023682,60,25,0,0,255,2,0,1782503410.443525,116
25.032959,25.02701,-0.3589936,0.4109841,0.7325134,1,1,0,-0.014343262,0.016418457,25.032959,60,25,0,0,255,2,0,1782503410.443525,116
25.023926,25.016542,-0.105355926,0.5986598,0.78985596,1,1,0,-0.004211426,0.023925781,25.023926,61,25,1,0,255,2,0,1782503410.443525,116
25.025146,25.017406,-0.15880401,0.60174304,0.76828,1,1,0,-0.0063476562,0.024047852,25.025146,61,25,1,0,255,2,0,1782503410.443525,116
25.030764,25.022564,-0.21076632,0.60493267,0.73028564,1,1,0,-0.008422852,0.024169922,25.030762,61,25,1,0,255,2,0,1782503410.443525,116
25.026367,25.016874,-0.31608695,0.6124616,0.7723999,1,1,0,-0.012634277,0.024475098,25.026367,61,25,1,0,255,2,0,1782503410.443525,116
25.027342,25.016134,-0.41992697,0.62012094,0.7991028,1,1,0,-0.016784668,0.024780273,25.027344,61,25,1,0,255,2,0,1782503410.443525,116
25.031494,25.02562,-0.09928429,0.5331623,0.7698059,1,1,0,-0.003967285,0.02130127,25.031494,26,26,0,0,255,2,0,1782503410.5430195,117
25.03442,25.027918,-0.20317298,0.5332247,0.71606445,1,1,0,-0.008117676,0.02130127,25.034424,26,26,0,0,255,2,0,1782503410.5430195,117
25.033203,25.024134,-0.41395012,0.53167117,0.7879944,1,1,0,-0.016540527,0.021240234,25.033203,26,26,0,0,255,2,0,1782503410.5430195,117
25.029053,25.02387,-0.41089025,0.30094022,0.71084595,1,1,0,-0.016418457,0.012023926,25.029053,28,26,0,0,255,2,0,1782503410.5430195,117
25.032957,25.02837,-0.10540575,0.46750733,0.96240234,1,1,0,-0.004211426,0.018676758,25.032959,29,26,1,0,255,2,0,1782503410.5430195,117
25.019289,25.011429,-0.41984794,0.4657252,0.8229675,1,1,0,-0.016784668,0.018615723,25.019287,29,26,1,0,255,2,0,1782503410.5430195,117
25.032227,25.028227,-0.20012009,0.40027854,0.7403259,1,1,0,-0.0079956055,0.015991211,25.032227,60,26,0,0,255,2,0,1782503410.5430195,117
25.03003,25.023232,-0.40935206,0.41551852,1.0177307,1,1,0,-0.016357422,0.016601562,25.03003,60,26,0,0,255,2,0,1782503410.5430195,117
25.03076,25.023375,-0.10538471,0.59882337,0.78985596,1,1,0,-0.004211426,0.023925781,25.030762,61,26,1,0,255,2,0,1782503410.5430195,117
25.01831,25.010546,-0.1572339,0.6031052,0.65838623,1,1,0,-0.006286621,0.024108887,25.01831,61,26,1,0,255,2,0,1782503410.5430195,117
25.02246,25.012133,-0.36641484,0.6184732,1.0620728,1,1,0,-0.0146484375,0.024719238,25.02246,61,26,1,0,255,2,0,1782503410.5430195,117
25.026121,25.019632,-0.20157854,0.53304785,0.70391846,1,1,0,-0.008056641,0.02130127,25.026123,26,27,0,0,255,2,0,1782503410.6434467,118
25.026121,25.019144,-0.25502574,0.53304785,0.667511,1,1,0,-0.010192871,0.02130127,25.026123,26,27,0,0,255,2,0,1782503410.6434467,118
25.027102,25.018059,-0.41232225,0.5315415,0.81399536,1,1,0,-0.016479492,0.021240234,25.0271,26,27,0,0,255,2,0,1782503410.6434467,118
25.021729,25.019705,-0.09926083,0.30237925,0.7949219,1,1,0,-0.003967285,0.012084961,25.021729,28,27,0,0,255,2,0,1782503410.6434467,118
25.016602,25.01397,-0.20305975,0.30079052,0.8295593,1,1,0,-0.008117676,0.012023926,25.016602,28,27,0,0,255,2,0,1782503410.6434467,118
25.019287,25.016163,-0.2565224,0.3008228,1.09021,1,1,0,-0.010253906,0.012023926,25.019287,28,27,0,0,255,2,0,1782503410.6434467,118
25.028076,25.024364,-0.30854356,0.30092847,0.84869385,1,1,0,-0.012329102,0.012023926,25.028076,28,27,0,0,255,2,0,1782503410.6434467,118
25.021242,25.01601,-0.41381574,0.30084628,1.0391235,1,1,0,-0.016540527,0.012023926,25.02124,28,27,0,0,255,2,0,1782503410.6434467,118
25.025145,25.020746,-0.05650447,0.4658343,0.71795654,1,1,0,-0.0022583008,0.018615723,25.025146,29,27,1,0,255,2,0,1782503410.6434467,118
25.018063,25.013216,-0.16030419,0.4657025,0.79833984,1,1,0,-0.0064086914,0.018615723,25.018066,29,27,1,0,255,2,0,1782503410.6434467,118
25.027342,25.022093,-0.21381703,0.46587518,0.9665222,1,1,0,-0.008544922,0.018615723,25.027344,29,27,1,0,255,2,0,1782503410.6434467,118
25.020264,25.014517,-0.2656671,0.4657434,0.80041504,1,1,0,-0.010620117,0.018615723,25.020264,29,27,1,0,255,2,0,1782503410.6434467,118
25.025146,25.018059,-0.37108362,0.4658343,0.7107544,1,1,0,-0.014831543,0.018615723,25.025146,29,27,1,0,255,2,0,1782503410.6434467,118
25.02124,25.016071,-0.30386004,0.40773776,0.68136597,1,1,0,-0.012145996,0.016296387,25.02124,60,27,0,0,255,2,0,1782503410.6434467,118
25.031982,25.026052,-0.35592428,0.4124957,0.7940674,1,1,0,-0.014221191,0.016479492,25.031982,60,27,0,0,255,2,0,1782503410.6434467,118
25.027098,25.020302,-0.40930414,0.41546988,0.83654785,1,1,0,-0.016357422,0.016601562,25.0271,60,27,0,0,255,2,0,1782503410.6434467,118
25.021729,25.014315,-0.103819765,0.6001341,0.7631531,1,1,0,-0.0041503906,0.023986816,25.021729,61,27,1,0,255,2,0,1782503410.6434467,118
25.02295,25.014091,-0.26108187,0.612378,0.69125366,1,1,0,-0.010437012,0.024475098,25.02295,61,27,1,0,255,2,0,1782503410.6434467,118
25.028564,25.019035,-0.3130597,0.6155697,0.7600708,1,1,0,-0.012512207,0.024597168,25.028564,61,27,1,0,255,2,0,1782503410.6434467,118
25.027344,25.016975,-0.3664858,0.62012094,0.83813477,1,1,0,-0.0146484375,0.024780273,25.027344,61,27,1,0,255,2,0,1782503410.6434467,118
25.03003,25.027771,-0.14970402,0.30095196,0.71084595,1,1,0,-0.0059814453,0.012023926,25.03003,28,28,0,0,255,2,0,1782503410.7431781,119
25.026121,25.023012,-0.25506517,0.300905,0.99606323,1,1,0,-0.010192871,0.012023926,25.026123,28,28,0,0,255,2,0,1782503410.7431781,119
25.02905,25.025358,-0.30702817,0.30094022,0.9076233,1,1,0,-0.012268066,0.012023926,25.029053,28,28,0,0,255,2,0,1782503410.7431781,119
25.025143,25.020761,-0.35890394,0.30089325,0.71865845,1,1,0,-0.014343262,0.012023926,25.025146,28,28,0,0,255,2,0,1782503410.7431781,119
25.020264,25.015028,-0.21222976,0.4657434,0.8968506,1,1,0,-0.008483887,0.018615723,25.020264,29,28,1,0,255,2,0,1782503410.7431781,119
25.01587,25.01014,-0.26409394,0.4656616,0.77679443,1,1,0,-0.010559082,0.018615723,25.01587,29,28,1,0,255,2,0,1782503410.7431781,119
25.016846,25.009783,-0.36943403,0.46567976,0.70703125,1,1,0,-0.014770508,0.018615723,25.016846,29,28,1,0,255,2,0,1782503410.7431781,119
25.021484,25.01822,-0.096200906,0.3924718,0.80358887,1,1,0,-0.0038452148,0.015686035,25.021484,60,28,0,0,255,2,0,1782503410.7431781,119
25.021484,25.017473,-0.20156115,0.4001068,1.0755005,1,1,0,-0.008056641,0.015991211,25.021484,60,28,0,0,255,2,0,1782503410.7431781,119
25.0271,25.021126,-0.3589092,0.41241524,0.7767334,1,1,0,-0.014343262,0.016479492,25.0271,60,28,0,0,255,2,0,1782503410.7431781,119
25.032227,25.025404,-0.41091543,0.415555,0.7472534,1,1,0,-0.016418457,0.016601562,25.032227,60,28,0,0,255,2,0,1782503410.7431781,119
25.021484,25.013252,-0.21068789,0.6062352,0.7542114,1,1,0,-0.008422852,0.024230957,25.021484,61,28,1,0,255,2,0,1782503410.7431781,119
25.032959,25.024105,-0.2642414,0.6110955,0.91000366,1,1,0,-0.010559082,0.024414062,25.032959,61,28,1,0,255,2,0,1782503410.7431781,119
25.029541,25.018267,-0.42149016,0.6217026,0.8812561,1,1,0,-0.016845703,0.024841309,25.029541,61,28,1,0,255,2,0,1782503410.7431781,119
25.033205,25.026241,-0.25357044,0.53319865,0.84262085,1,1,0,-0.010131836,0.02130127,25.033203,26,29,0,0,255,2,0,1782503410.843541,120
25.02124,25.01299,-0.35879248,0.53294384,0.7533264,1,1,0,-0.014343262,0.02130127,25.02124,26,29,0,0,255,2,0,1782503410.843541,120
25.03247,25.03047,-0.09319249,0.30250907,0.84869385,1,1,0,-0.0037231445,0.012084961,25.03247,28,29,0,0,255,2,0,1782503410.843541,120
25.020262,25.0172,-0.2504247,0.30083454,0.8417053,1,1,0,-0.010009766,0.012023926,25.020264,28,29,0,0,255,2,0,1782503410.843541,120
25.027344,25.022764,-0.103854835,0.46740246,0.8607178,1,1,0,-0.0041503906,0.018676758,25.027344,29,29,1,0,255,2,0,1782503410.843541,120
25.015139,25.010319,-0.1557059,0.46564797,0.6029053,1,1,0,-0.006225586,0.018615723,25.015137,29,29,1,0,255,2,0,1782503410.843541,120
25.019531,25.013834,-0.26107916,0.46572977,0.6604309,1,1,0,-0.010437012,0.018615723,25.019531,29,29,1,0,255,2,0,1782503410.843541,120
25.03003,25.026777,-0.09317874,0.39260584,0.83654785,1,1,0,-0.0037231445,0.015686035,25.03003,60,29,0,0,255,2,0,1782503410.843541,120
25.032469,25.028921,-0.14512782,0.39569947,1.0602112,1,1,0,-0.00579834,0.015808105,25.03247,60,29,0,0,255,2,0,1782503410.843541,120
25.032225,25.027721,-0.25053,0.40333387,0.7602539,1,1,0,-0.010009766,0.016113281,25.032227,60,29,0,0,255,2,0,1782503410.843541,120
25.032227,25.025478,-0.407861,0.41402733,0.83306885,1,1,0,-0.016296387,0.016540527,25.032227,60,29,0,0,255,2,0,1782503410.843541,120
25.03174,25.024256,-0.10233365,0.6034289,1.0014343,1,1,0,-0.0040893555,0.024108887,25.031738,61,29,1,0,255,2,0,1782503410.843541,120
25.023926,25.016096,-0.15574187,0.60629433,0.6984253,1,1,0,-0.006225586,0.024230957,25.023926,61,29,1,0,255,2,0,1782503410.843541,120
25.031738,25.023417,-0.20771869,0.61106575,0.74053955,1,1,0,-0.008300781,0.024414062,25.031738,61,29,1,0,255,2,0,1782503410.843541,120
25.026365,25.0168,-0.3130317,0.61704266,0.6286011,1,1,0,-0.012512207,0.024658203,25.026367,61,29,1,0,255,2,0,1782503410.843541,120
25.02783,25.017447,-0.36496547,0.6216601,0.61273193,1,1,0,-0.014587402,0.024841309,25.027832,61,29,1,0,255,2,0,1782503410.843541,120
25.034424,25.023123,-0.41851652,0.6248789,0.60964966,1,1,0,-0.016723633,0.024963379,25.034424,61,29,1,0,255,2,0,1782503410.843541,120
25.025146,25.01929,-0.09467795,0.53302705,0.72125244,1,1,0,-0.0037841797,0.02130127,25.025146,26,30,0,0,255,2,0,1782503410.9436219,121
25.02124,25.01428,-0.25344926,0.53294384,0.8434143,1,1,0,-0.010131836,0.02130127,25.02124,26,30,0,0,255,2,0,1782503410.9436219,121
25.02197,25.013744,-0.35727626,0.53295946,1.0642395,1,1,0,-0.014282227,0.02130127,25.021973,26,30,0,0,255,2,0,1782503410.9436219,121
25.032227,25.029978,-0.14818947,0.3009784,0.82180786,1,1,0,-0.00592041,0.012023926,25.032227,28,30,0,0,255,2,0,1782503410.9436219,121
25.031494,25.028885,-0.20012535,0.30096957,0.85910034,1,1,0,-0.0079956055,0.012023926,25.031494,28,30,0,0,255,2,0,1782503410.9436219,121
25.020754,25.01708,-0.30539942,0.3008404,0.8001404,1,1,0,-0.012207031,0.012023926,25.020752,28,30,0,0,255,2,0,1782503410.9436219,121
25.017332,25.012974,-0.35726526,0.3007993,1.0148926,1,1,0,-0.014282227,0.012023926,25.017334,28,30,0,0,255,2,0,1782503410.9436219,121
25.022459,25.01763,-0.15727843,0.4657843,0.8414612,1,1,0,-0.006286621,0.018615723,25.02246,29,30,1,0,255,2,0,1782503410.9436219,121
25.018309,25.0131,-0.20915982,0.46570703,0.6830139,1,1,0,-0.008361816,0.018615723,25.01831,29,30,1,0,255,2,0,1782503410.9436219,121
25.03003,25.026766,-0.09623376,0.39260584,0.679657,1,1,0,-0.0038452148,0.015686035,25.03003,60,30,0,0,255,2,0,1782503410.9436219,121
25.03418,25.030613,-0.14819323,0.3957265,0.83828735,1,1,0,-0.00592041,0.015808105,25.03418,60,30,0,0,255,2,0,1782503410.9436219,121
25.032959,25.028425,-0.25359258,0.40334567,0.7862549,1,1,0,-0.010131836,0.016113281,25.032959,60,30,0,0,255,2,0,1782503410.9436219,121
25.032715,25.026789,-0.35746258,0.41098008,0.69784546,1,1,0,-0.014282227,0.016418457,25.032715,60,30,0,0,255,2,0,1782503410.9436219,121
25.028563,25.021141,-0.105375305,0.600298,0.8340149,1,1,0,-0.004211426,0.023986816,25.028564,61,30,1,0,255,2,0,1782503410.9436219,121
25.028564,25.019016,-0.31458673,0.6155697,0.72821045,1,1,0,-0.012573242,0.024597168,25.028564,61,30,1,0,255,2,0,1782503410.9436219,121
25.019287,25.0089,-0.36789426,0.6199213,0.7798767,1,1,0,-0.014709473,0.024780273,25.019287,61,30,1,0,255,2,0,1782503410.9436219,121
25.02295,25.011667,-0.41985196,0.62306565,0.78060913,1,1,0,-0.016784668,0.024902344,25.02295,61,30,1,0,255,2,0,1782503410.9436219,121
25.032469,25.02494,-0.30702305,0.5316556,0.84436035,1,1,0,-0.012268066,0.021240234,25.03247,26,31,0,0,255,2,0,1782503411.0433302,122
25.032469,25.030487,-0.093192555,0.3009813,0.95269775,1,1,0,-0.0037231445,0.012023926,25.03247,28,31,0,0,255,2,0,1782503411.0433302,122
25.02905,25.025972,-0.25204012,0.30094022,0.72125244,1,1,0,-0.010070801,0.012023926,25.029053,28,31,0,0,255,2,0,1782503411.0433302,122
25.026121,25.022467,-0.30393773,0.300905,0.7663269,1,1,0,-0.012145996,0.012023926,25.026123,28,31,0,0,255,2,0,1782503411.0433302,122
25.015867,25.010658,-0.2091394,0.4656616,0.6659851,1,1,0,-0.008361816,0.018615723,25.01587,29,31,1,0,255,2,0,1782503411.0433302,122
25.023926,25.018227,-0.26112503,0.46581158,0.67788696,1,1,0,-0.010437012,0.018615723,25.023926,29,31,1,0,255,2,0,1782503411.0433302,122
25.02295,25.019686,-0.09620654,0.39249477,1.1101379,1,1,0,-0.0038452148,0.015686035,25.02295,60,31,0,0,255,2,0,1782503411.0433302,122
25.02124,25.017653,-0.1481165,0.3970489,0.706604,1,1,0,-0.00592041,0.01586914,25.02124,60,31,0,0,255,2,0,1782503411.0433302,122
25.033205,25.028645,-0.2535948,0.40487728,0.7897339,1,1,0,-0.010131836,0.016174316,25.033203,60,31,0,0,255,2,0,1782503411.0433302,122
25.031494,25.025543,-0.3574448,0.41248766,0.68743896,1,1,0,-0.014282227,0.016479492,25.031494,60,31,0,0,255,2,0,1782503411.0433302,122
25.027344,25.019464,-0.15728997,0.60790426,0.65322876,1,1,0,-0.006286621,0.024291992,25.027344,61,31,1,0,255,2,0,1782503411.0433302,122
25.026367,25.018023,-0.21072806,0.6109346,0.70666504,1,1,0,-0.008422852,0.024414062,25.026367,61,31,1,0,255,2,0,1782503411.0433302,122
25.019531,25.010584,-0.26257193,0.61534756,0.7076721,1,1,0,-0.010498047,0.024597168,25.019531,61,31,1,0,255,2,0,1782503411.0433302,122
25.027344,25.016876,-0.3680116,0.6231751,0.74053955,1,1,0,-0.014709473,0.024902344,25.027344,61,31,1,0,255,2,0,1782503411.0433302,122
25.023926,25.012568,-0.41986707,0.62614375,0.7569885,1,1,0,-0.016784668,0.025024414,25.023926,61,31,1,0,255,2,0,1782503411.0433302,122
25.031982,25.025492,-0.20162575,0.53317267,0.70043945,1,1,0,-0.008056641,0.02130127,25.031982,26,32,0,0,255,2,0,1782503411.1435695,123
25.03125,25.022205,-0.4123906,0.5316297,0.85562134,1,1,0,-0.016479492,0.021240234,25.03125,26,32,0,0,255,2,0,1782503411.1435695,123
25.020508,25.018261,-0.1481201,0.3008375,0.8988342,1,1,0,-0.00592041,0.012023926,25.020508,28,32,0,0,255,2,0,1782503411.1435695,123
25.018066,25.01351,-0.105343156,0.4657025,0.83117676,1,1,0,-0.004211426,0.018615723,25.018066,29,32,1,0,255,2,0,1782503411.1435695,123
25.01587,25.009558,-0.3144678,0.4656616,0.81066895,1,1,0,-0.012573242,0.018615723,25.01587,29,32,1,0,255,2,0,1782503411.1435695,123
25.018309,25.011269,-0.3679291,0.46570703,0.6604309,1,1,0,-0.014709473,0.018615723,25.01831,29,32,1,0,255,2,0,1782503411.1435695,123
25.026123,25.022888,-0.09469156,0.39101726,0.7472534,1,1,0,-0.0037841797,0.015625,25.026123,60,32,0,0,255,2,0,1782503411.1435695,123
25.032715,25.029182,-0.14665703,0.39417565,0.7715454,1,1,0,-0.005859375,0.01574707,25.032715,60,32,0,0,255,2,0,1782503411.1435695,123
25.021729,25.017235,-0.2519521,0.4016377,1.065979,1,1,0,-0.010070801,0.016052246,25.021729,60,32,0,0,255,2,0,1782503411.1435695,123
25.022705,25.017561,-0.30387813,0.40623456,1.0365295,1,1,0,-0.012145996,0.016235352,25.022705,60,32,0,0,255,2,0,1782503411.1435695,123
25.022459,25.01569,-0.40922868,0.41386583,0.82611084,1,1,0,-0.016357422,0.016540527,25.02246,60,32,0,0,255,2,0,1782503411.1435695,123
25.026367,25.01861,-0.15575752,0.6032994,0.67892456,1,1,0,-0.006225586,0.024108887,25.026367,61,32,1,0,255,2,0,1782503411.1435695,123
25.028563,25.020304,-0.20922007,0.6079339,0.72821045,1,1,0,-0.008361816,0.024291992,25.028564,61,32,1,0,255,2,0,1782503411.1435695,123
25.023924,25.015104,-0.26109245,0.610875,0.71383667,1,1,0,-0.010437012,0.024414062,25.023926,61,32,1,0,255,2,0,1782503411.1435695,123
25.029541,25.02001,-0.31307188,0.61559373,0.8565979,1,1,0,-0.012512207,0.024597168,25.029541,61,32,1,0,255,2,0,1782503411.1435695,123
25.030762,25.019503,-0.41845596,0.6232602,0.750824,1,1,0,-0.016723633,0.024902344,25.030762,61,32,1,0,255,2,0,1782503411.1435695,123
25.031006,25.025148,-0.09470011,0.53315187,0.7507324,1,1,0,-0.0037841797,0.02130127,25.031006,26,33,0,0,255,2,0,1782503411.243057,124
25.033205,25.027096,-0.14664482,0.53319865,1.0602112,1,1,0,-0.005859375,0.02130127,25.033203,26,33,0,0,255,2,0,1782503411.243057,124
25.032228,25.02576,-0.19857283,0.53317785,0.7325134,1,1,0,-0.00793457,0.02130127,25.032227,26,33,0,0,255,2,0,1782503411.243057,124
25.03125,25.02304,-0.35588145,0.53315705,0.83828735,1,1,0,-0.014221191,0.02130127,25.03125,26,33,0,0,255,2,0,1782503411.243057,124
25.028076,25.024982,-0.25355768,0.30092847,0.85562134,1,1,0,-0.010131836,0.012023926,25.028076,28,33,0,0,255,2,0,1782503411.243057,124
25.031006,25.027311,-0.30705214,0.3009637,0.7489929,1,1,0,-0.012268066,0.012023926,25.031006,28,33,0,0,255,2,0,1782503411.243057,124
25.021484,25.016891,-0.106884345,0.46729302,0.8640137,1,1,0,-0.004272461,0.018676758,25.021484,29,33,1,0,255,2,0,1782503411.243057,124
25.021484,25.016645,-0.15879919,0.46576613,0.9748535,1,1,0,-0.0063476562,0.018615723,25.021484,29,33,1,0,255,2,0,1782503411.243057,124
25.02637,25.021145,-0.21075436,0.465857,0.67993164,1,1,0,-0.008422852,0.018615723,25.026367,29,33,1,0,255,2,0,1782503411.243057,124
25.020264,25.013931,-0.31604975,0.4657434,0.8865967,1,1,0,-0.012634277,0.018615723,25.020264,29,33,1,0,255,2,0,1782503411.243057,124
25.032713,25.029139,-0.1497122,0.39570335,0.70391846,1,1,0,-0.0059814453,0.015808105,25.032715,60,33,0,0,255,2,0,1782503411.243057,124
25.02905,25.02504,-0.20162211,0.4002278,0.67529297,1,1,0,-0.008056641,0.015991211,25.029053,60,33,0,0,255,2,0,1782503411.243057,124
25.03125,25.026716,-0.25357527,0.40331814,0.68569946,1,1,0,-0.010131836,0.016113281,25.03125,60,33,0,0,255,2,0,1782503411.243057,124
25.031492,25.026285,-0.30703956,0.40790486,1.0402832,1,1,0,-0.012268066,0.016296387,25.031494,60,33,0,0,255,2,0,1782503411.243057,124
25.031736,25.02579,-0.35897607,0.41096404,0.84869385,1,1,0,-0.014343262,0.016418457,25.031738,60,33,0,0,255,2,0,1782503411.243057,124
25.02905,25.02223,-0.412391,0.41397485,0.81573486,1,1,0,-0.016479492,0.016540527,25.029053,60,33,0,0,255,2,0,1782503411.243057,124
25.027342,25.01995,-0.106897414,0.5987416,0.89974976,1,1,0,-0.004272461,0.023925781,25.027344,61,33,1,0,255,2,0,1782503411.243057,124
25.025146,25.01737,-0.15880379,0.60327,0.7579956,1,1,0,-0.0063476562,0.024108887,25.025146,61,33,1,0,255,2,0,1782503411.243057,124
25.026367,25.018133,-0.210729,0.60635346,0.79086304,1,1,0,-0.008422852,0.024230957,25.026367,61,33,1,0,255,2,0,1782503411.243057,124
25.027342,25.01849,-0.2641821,0.61095846,0.77752686,1,1,0,-0.010559082,0.024414062,25.027344,61,33,1,0,255,2,0,1782503411.243057,124
25.016846,25.006475,-0.36938518,0.61833435,0.97073364,1,1,0,-0.014770508,0.024719238,25.016846,61,33,1,0,255,2,0,1782503411.243057,124
25.025145,25.013874,-0.42141613,0.6215934,0.75390625,1,1,0,-0.016845703,0.024841309,25.025146,61,33,1,0,255,2,0,1782503411.243057,124
25.02417,25.017193,-0.25500587,0.53300625,0.9206238,1,1,0,-0.010192871,0.02130127,25.02417,26,34,0,0,255,2,0,1782503411.3433902,125
25.029053,25.019978,-0.41235387,0.53311026,0.86343384,1,1,0,-0.016479492,0.02130127,25.029053,26,34,0,0,255,2,0,1782503411.3433902,125
25.021484,25.019478,-0.09467865,0.3023763,1.051239,1,1,0,-0.0037841797,0.012084961,25.021484,28,34,0,0,255,2,0,1782503411.3433902,125
25.031738,25.028645,-0.2535948,0.30097252,0.84002686,1,1,0,-0.010131836,0.012023926,25.031738,28,34,0,0,255,2,0,1782503411.3433902,125
25.032227,25.027864,-0.35747793,0.3009784,0.8807678,1,1,0,-0.014282227,0.012023926,25.032227,28,34,0,0,255,2,0,1782503411.3433902,125
25.019531,25.01622,-0.09619322,0.39549494,0.7871399,1,1,0,-0.0038452148,0.015808105,25.019531,60,34,0,0,255,2,0,1782503411.3433902,125
25.032715,25.029066,-0.14971177,0.40028635,0.83828735,1,1,0,-0.0059814453,0.015991211,25.032715,60,34,0,0,255,2,0,1782503411.3433902,125
25.032225,25.027626,-0.2551122,0.40638915,0.84869385,1,1,0,-0.010192871,0.016235352,25.032227,60,34,0,0,255,2,0,1782503411.3433902,125
25.032715,25.025816,-0.4124501,0.41861838,0.7940674,1,1,0,-0.016479492,0.016723633,25.032715,60,34,0,0,255,2,0,1782503411.3433902,125
25.027342,25.018415,-0.26418132,0.6140126,0.67788696,1,1,0,-0.010559082,0.024536133,25.027344,61,34,1,0,255,2,0,1782503411.3433902,125
25.030764,25.021156,-0.31614104,0.617151,0.80114746,1,1,0,-0.012634277,0.024658203,25.030762,61,34,1,0,255,2,0,1782503411.3433902,125
25.027342,25.015993,-0.42145187,0.62470216,0.6974182,1,1,0,-0.016845703,0.024963379,25.027344,61,34,1,0,255,2,0,1782503411.3433902,125
25.019531,25.017265,-0.1481142,0.3023527,1.0755005,1,1,0,-0.00592041,0.012084961,25.019531,28,35,0,0,255,2,0,1782503411.4441984,126
25.025145,25.022524,-0.20160183,0.30089325,0.70477295,1,1,0,-0.008056641,0.012023926,25.025146,28,35,0,0,255,2,0,1782503411.4441984,126
25.016602,25.01351,-0.25344145,0.30079052,0.8417053,1,1,0,-0.010131836,0.012023926,25.016602,28,35,0,0,255,2,0,1782503411.4441984,126
25.019533,25.01515,-0.35882345,0.30082574,0.82263184,1,1,0,-0.014343262,0.012023926,25.019531,28,35,0,0,255,2,0,1782503411.4441984,126
25.031008,25.027737,-0.09776509,0.39262116,0.7680664,1,1,0,-0.00390625,0.015686035,25.031006,60,35,0,0,255,2,0,1782503411.4441984,126
25.03296,25.029352,-0.1512412,0.39723486,1.0636597,1,1,0,-0.0060424805,0.01586914,25.032959,60,35,0,0,255,2,0,1782503411.4441984,126
25.021238,25.016666,-0.2550005,0.4046838,0.7325134,1,1,0,-0.010192871,0.016174316,25.02124,60,35,0,0,255,2,0,1782503411.4441984,126
25.02124,25.016016,-0.30844066,0.40773776,1.073761,1,1,0,-0.012329102,0.016296387,25.02124,60,35,0,0,255,2,0,1782503411.4441984,126
25.032469,25.026474,-0.36051372,0.41250375,0.7879944,1,1,0,-0.014404297,0.016479492,25.03247,60,35,0,0,255,2,0,1782503411.4441984,126
25.019531,25.012346,-0.05495885,0.5970281,0.63168335,1,1,0,-0.0021972656,0.023864746,25.019531,61,35,1,0,255,2,0,1782503411.4441984,126
25.030758,25.023287,-0.108439006,0.60187805,0.907959,1,1,0,-0.004333496,0.024047852,25.030762,61,35,1,0,255,2,0,1782503411.4441984,126
25.020752,25.01293,-0.16030236,0.60469073,0.750824,1,1,0,-0.0064086914,0.024169922,25.020752,61,35,1,0,255,2,0,1782503411.4441984,126
25.02417,25.01585,-0.21223673,0.6093541,1.0189819,1,1,0,-0.008483887,0.024353027,25.02417,61,35,1,0,255,2,0,1782503411.4441984,126
25.016846,25.005476,-0.42280135,0.62444013,0.85787964,1,1,0,-0.016906738,0.024963379,25.016846,61,35,1,0,255,2,0,1782503411.4441984,126
25.022217,25.016102,-0.14810732,0.53296465,0.6709595,1,1,0,-0.00592041,0.02130127,25.022217,26,36,0,0,255,2,0,1782503411.5432327,127
25.021242,25.0137,-0.30535817,0.53294384,0.89019775,1,1,0,-0.012207031,0.02130127,25.02124,26,36,0,0,255,2,0,1782503411.5432327,127
25.021729,25.019716,-0.09620666,0.30237925,0.87286377,1,1,0,-0.0038452148,0.012084961,25.021729,28,36,0,0,255,2,0,1782503411.5432327,127
25.031492,25.028383,-0.25511992,0.30096957,0.69351196,1,1,0,-0.010192871,0.012023926,25.031494,28,36,0,0,255,2,0,1782503411.5432327,127
25.031492,25.026285,-0.41245782,0.30096957,0.86169434,1,1,0,-0.016479492,0.012023926,25.031494,28,36,0,0,255,2,0,1782503411.5432327,127
25.030762,25.02592,-0.15885806,0.4659388,0.77545166,1,1,0,-0.0063476562,0.018615723,25.030762,29,36,1,0,255,2,0,1782503411.5432327,127
25.020752,25.01553,-0.21070707,0.46575248,0.66659546,1,1,0,-0.008422852,0.018615723,25.020752,29,36,1,0,255,2,0,1782503411.5432327,127
25.011229,25.005503,-0.26404497,0.46557525,0.63723755,1,1,0,-0.010559082,0.018615723,25.01123,29,36,1,0,255,2,0,1782503411.5432327,127
25.013918,25.007587,-0.3159696,0.46562523,0.48480225,1,1,0,-0.012634277,0.018615723,25.013916,29,36,1,0,255,2,0,1782503411.5432327,127
25.032715,25.02946,-0.09318873,0.39264795,0.95706177,1,1,0,-0.0037231445,0.015686035,25.032715,60,36,0,0,255,2,0,1782503411.5432327,127
25.019531,25.01503,-0.25040296,0.4031293,1.065979,1,1,0,-0.010009766,0.016113281,25.019531,60,36,0,0,255,2,0,1782503411.5432327,127
25.032715,25.02681,-0.35593504,0.41098008,0.7585144,1,1,0,-0.014221191,0.016418457,25.032715,60,36,0,0,255,2,0,1782503411.5432327,127
25.031006,25.024233,-0.4078407,0.41553473,0.72299194,1,1,0,-0.016296387,0.016601562,25.031006,60,36,0,0,255,2,0,1782503411.5432327,127
25.01831,25.010824,-0.10380528,0.6031052,0.66864014,1,1,0,-0.0041503906,0.024108887,25.01831,61,36,1,0,255,2,0,1782503411.5432327,127
25.029541,25.02171,-0.15577681,0.6064304,0.7610779,1,1,0,-0.006225586,0.024230957,25.029541,61,36,1,0,255,2,0,1782503411.5432327,127
25.026367,25.018047,-0.20767412,0.6109346,0.8586731,1,1,0,-0.008300781,0.024414062,25.026367,61,36,1,0,255,2,0,1782503411.5432327,127
25.03589,25.026281,-0.31315035,0.61880505,0.868927,1,1,0,-0.012512207,0.024719238,25.035889,61,36,1,0,255,2,0,1782503411.5432327,127
25.026363,25.015982,-0.3649441,0.62162375,0.7991028,1,1,0,-0.014587402,0.024841309,25.026367,61,36,1,0,255,2,0,1782503411.5432327,127
25.026121,25.018599,-0.30389073,0.53304785,0.68310547,1,1,0,-0.012145996,0.02130127,25.026123,26,37,0,0,255,2,0,1782503411.6434948,128
25.03003,25.021002,-0.4093156,0.53313106,0.8088074,1,1,0,-0.016357422,0.02130127,25.03003,26,37,0,0,255,2,0,1782503411.6434948,128
25.02051,25.018515,-0.09620204,0.3008375,0.8321533,1,1,0,-0.0038452148,0.012023926,25.020508,28,37,0,0,255,2,0,1782503411.6434948,128
25.023191,25.020584,-0.20005898,0.30086976,0.7489929,1,1,0,-0.0079956055,0.012023926,25.023193,28,37,0,0,255,2,0,1782503411.6434948,128
25.02173,25.018637,-0.2534934,0.30085215,0.96377563,1,1,0,-0.010131836,0.012023926,25.021729,28,37,0,0,255,2,0,1782503411.6434948,128
25.031738,25.02775,-0.19858862,0.40027073,0.71691895,1,1,0,-0.00793457,0.015991211,25.031738,60,37,0,0,255,2,0,1782503411.6434948,128
25.031738,25.026567,-0.30398753,0.40790886,0.72732544,1,1,0,-0.012145996,0.016296387,25.031738,60,37,0,0,255,2,0,1782503411.6434948,128
25.032959,25.027029,-0.35593817,0.4125118,0.98480225,1,1,0,-0.014221191,0.016479492,25.032959,60,37,0,0,255,2,0,1782503411.6434948,128
25.020264,25.012007,-0.20915069,0.60773224,1.0292358,1,1,0,-0.008361816,0.024291992,25.020264,61,37,1,0,255,2,0,1782503411.6434948,128
25.025145,25.016287,-0.2611048,0.61243176,0.75491333,1,1,0,-0.010437012,0.024475098,25.025146,61,37,1,0,255,2,0,1782503411.6434948,128
25.019531,25.009987,-0.31447318,0.61534756,0.63064575,1,1,0,-0.012573242,0.024597168,25.019531,61,37,1,0,255,2,0,1782503411.6434948,128
25.020264,25.0099,-0.36638215,0.6199455,0.84350586,1,1,0,-0.0146484375,0.024780273,25.020264,61,37,1,0,255,2,0,1782503411.6434948,128
25.023438,25.016493,-0.25194463,0.5329907,0.8520813,1,1,0,-0.010070801,0.02130127,25.023438,26,38,0,0,255,2,0,1782503411.7434497,129
25.031494,25.02397,-0.30395597,0.5331623,0.8105469,1,1,0,-0.012145996,0.02130127,25.031494,26,38,0,0,255,2,0,1782503411.7434497,129
25.02905,25.020844,-0.3558502,0.53311026,0.7715454,1,1,0,-0.014221191,0.02130127,25.029053,26,38,0,0,255,2,0,1782503411.7434497,129
25.033203,25.027994,-0.412486,0.30099013,0.7420654,1,1,0,-0.016479492,0.012023926,25.033203,28,38,0,0,255,2,0,1782503411.7434497,129
25.021729,25.016506,-0.2107153,0.46577066,0.7251282,1,1,0,-0.008422852,0.018615723,25.021729,29,38,1,0,255,2,0,1782503411.7434497,129
25.026123,25.022135,-0.19854407,0.40018097,0.70651245,1,1,0,-0.00793457,0.015991211,25.026123,60,38,0,0,255,2,0,1782503411.7434497,129
25.032469,25.02795,-0.25206003,0.4033378,1.0714722,1,1,0,-0.010070801,0.016113281,25.03247,60,38,0,0,255,2,0,1782503411.7434497,129
25.03003,25.024858,-0.3039668,0.407881,0.68569946,1,1,0,-0.012145996,0.016296387,25.03003,60,38,0,0,255,2,0,1782503411.7434497,129
25.028076,25.022173,-0.3558691,0.41090393,0.6865845,1,1,0,-0.014221191,0.016418457,25.028076,60,38,0,0,255,2,0,1782503411.7434497,129
25.020754,25.01296,-0.15572235,0.60469073,0.633728,1,1,0,-0.006225586,0.024169922,25.020752,61,38,1,0,255,2,0,1782503411.7434497,129
25.016846,25.008589,-0.2091221,0.6076492,0.7809143,1,1,0,-0.008361816,0.024291992,25.016846,61,38,1,0,255,2,0,1782503411.7434497,129
25.031736,25.022877,-0.26117355,0.61259305,0.7949829,1,1,0,-0.010437012,0.024475098,25.031738,61,38,1,0,255,2,0,1782503411.7434497,129
25.026123,25.015793,-0.36646846,0.61856365,1.0446167,1,1,0,-0.0146484375,0.024719238,25.026123,61,38,1,0,255,2,0,1782503411.7434497,129
25.023926,25.012669,-0.41834167,0.62308997,0.7107544,1,1,0,-0.016723633,0.024902344,25.023926,61,38,1,0,255,2,0,1782503411.7434497,129
25.030031,25.023527,-0.20313734,0.53313106,0.6154785,1,1,0,-0.008117676,0.02130127,25.03003,26,39,0,0,255,2,0,1782503411.8431587,130
25.03125,25.023006,-0.36046377,0.5316297,0.85302734,1,1,0,-0.014404297,0.021240234,25.03125,26,39,0,0,255,2,0,1782503411.8431587,130
25.026125,25.017057,-0.41383305,0.5315208,0.81747437,1,1,0,-0.016540527,0.021240234,25.026123,26,39,0,0,255,2,0,1782503411.8431587,130
25.032225,25.029604,-0.20165887,0.3009784,0.70217896,1,1,0,-0.008056641,0.012023926,25.032227,28,39,0,0,255,2,0,1782503411.8431587,130
25.020264,25.015425,-0.15879144,0.4657434,0.8291321,1,1,0,-0.0063476562,0.018615723,25.020264,29,39,1,0,255,2,0,1782503411.8431587,130
25.028564,25.02334,-0.21077286,0.46589792,0.8607178,1,1,0,-0.008422852,0.018615723,25.028564,29,39,1,0,255,2,0,1782503411.8431587,130
25.03247,25.029205,-0.09624314,0.39264414,0.7975464,1,1,0,-0.0038452148,0.015686035,25.03247,60,39,0,0,255,2,0,1782503411.8431587,130
25.031738,25.02718,-0.25357994,0.40485358,0.6839905,1,1,0,-0.010131836,0.016174316,25.031738,60,39,0,0,255,2,0,1782503411.8431587,130
25.020754,25.015566,-0.30538094,0.4077298,0.88412476,1,1,0,-0.012207031,0.016296387,25.020752,60,39,0,0,255,2,0,1782503411.8431587,130
25.01953,25.01271,-0.41070703,0.41534424,1.029602,1,1,0,-0.016418457,0.016601562,25.019531,60,39,0,0,255,2,0,1782503411.8431587,130
25.025146,25.016876,-0.21071841,0.60785085,0.7970276,1,1,0,-0.008422852,0.024291992,25.025146,61,39,1,0,255,2,0,1782503411.8431587,130
25.028563,25.019726,-0.2626679,0.61098826,0.6645508,1,1,0,-0.010498047,0.024414062,25.028564,61,39,1,0,255,2,0,1782503411.8431587,130
25.02246,25.01211,-0.36794147,0.6184732,0.986145,1,1,0,-0.014709473,0.024719238,25.02246,61,39,1,0,255,2,0,1782503411.8431587,130
25.031494,25.025387,-0.1466348,0.5331623,0.69869995,1,1,0,-0.005859375,0.02130127,25.031494,26,40,0,0,255,2,0,1782503411.943607,131
25.033203,25.025026,-0.35590968,0.53167117,0.82006836,1,1,0,-0.014221191,0.021240234,25.033203,26,40,0,0,255,2,0,1782503411.943607,131
25.028076,25.019083,-0.40928417,0.53156227,0.7507324,1,1,0,-0.016357422,0.021240234,25.028076,26,40,0,0,255,2,0,1782503411.943607,131
25.034182,25.031923,-0.1466731,0.30252972,0.82354736,1,1,0,-0.005859375,0.012084961,25.03418,28,40,0,0,255,2,0,1782503411.943607,131
25.031494,25.02888,-0.19859758,0.30249727,0.84262085,1,1,0,-0.00793457,0.012084961,25.031494,28,40,0,0,255,2,0,1782503411.943607,131
25.02295,25.019854,-0.25197846,0.302394,0.9031677,1,1,0,-0.010070801,0.012084961,25.02295,28,40,0,0,255,2,0,1782503411.943607,131
25.021729,25.018055,-0.30388415,0.30237925,0.87979126,1,1,0,-0.012145996,0.012084961,25.021729,28,40,0,0,255,2,0,1782503411.943607,131
25.018066,25.013218,-0.15572396,0.4672292,0.760376,1,1,0,-0.006225586,0.018676758,25.018066,29,40,1,0,255,2,0,1782503411.943607,131
25.018064,25.012856,-0.20915778,0.4657025,0.78604126,1,1,0,-0.008361816,0.018615723,25.018066,29,40,1,0,255,2,0,1782503411.943607,131
25.023928,25.016907,-0.3664848,0.46581158,0.70666504,1,1,0,-0.0146484375,0.018615723,25.023926,29,40,1,0,255,2,0,1782503411.943607,131
25.031006,25.027681,-0.09929247,0.3956763,0.83654785,1,1,0,-0.003967285,0.015808105,25.031006,60,40,0,0,255,2,0,1782503411.943607,131
25.032228,25.028595,-0.15123662,0.3987509,0.7698059,1,1,0,-0.0060424805,0.015930176,25.032227,60,40,0,0,255,2,0,1782503411.943607,131
25.029053,25.024979,-0.20314911,0.40328273,0.70391846,1,1,0,-0.008117676,0.016113281,25.029053,60,40,0,0,255,2,0,1782503411.943607,131
25.031248,25.026634,-0.25662977,0.4063733,0.6709595,1,1,0,-0.010253906,0.016235352,25.03125,60,40,0,0,255,2,0,1782503411.943607,131
25.032227,25.02695,-0.30857545,0.41097206,0.73773193,1,1,0,-0.012329102,0.016418457,25.032227,60,40,0,0,255,2,0,1782503411.943607,131
25.031738,25.025696,-0.36203024,0.41401926,0.97698975,1,1,0,-0.014465332,0.016540527,25.031738,60,40,0,0,255,2,0,1782503411.943607,131
25.032715,25.025791,-0.41397753,0.41861838,0.70043945,1,1,0,-0.016540527,0.016723633,25.032715,60,40,0,0,255,2,0,1782503411.943607,131
25.03076,25.02357,-0.056510847,0.59729606,0.67892456,1,1,0,-0.0022583008,0.023864746,25.030762,61,40,1,0,255,2,0,1782503411.943607,131
25.029541,25.022068,-0.10843372,0.60184866,0.8319702,1,1,0,-0.004333496,0.024047852,25.029541,61,40,1,0,255,2,0,1782503411.943607,131
25.026367,25.018032,-0.21378233,0.6094076,0.8833008,1,1,0,-0.008544922,0.024353027,25.026367,61,40,1,0,255,2,0,1782503411.943607,131
25.02295,25.014044,-0.26566207,0.612378,0.7107544,1,1,0,-0.010620117,0.024475098,25.02295,61,40,1,0,255,2,0,1782503411.943607,131
25.023926,25.014284,-0.31910822,0.6169825,0.6593933,1,1,0,-0.012756348,0.024658203,25.023926,61,40,1,0,255,2,0,1782503411.943607,131
25.020266,25.009832,-0.3709616,0.6199455,0.86813354,1,1,0,-0.014831543,0.024780273,25.020264,61,40,1,0,255,2,0,1782503411.943607,131
25.021484,25.010113,-0.42287973,0.62455595,0.8948059,1,1,0,-0.016906738,0.024963379,25.021484,61,40,1,0,255,2,0,1782503411.943607,131
25.023438,25.021172,-0.14813733,0.3023999,0.89190674,1,1,0,-0.00592041,0.012084961,25.023438,28,41,0,0,255,2,0,1782503412.0430894,132
25.02905,25.02643,-0.2016333,0.30094022,0.71343994,1,1,0,-0.008056641,0.012023926,25.029053,28,41,0,0,255,2,0,1782503412.0430894,132
25.02075,25.01371,-0.367965,0.46575248,0.75491333,1,1,0,-0.014709473,0.018615723,25.020752,29,41,1,0,255,2,0,1782503412.0430894,132
25.031006,25.027771,-0.09471004,0.39109355,0.7472534,1,1,0,-0.0037841797,0.015625,25.031006,60,41,0,0,255,2,0,1782503412.0430894,132
25.027102,25.023558,-0.14815146,0.39408723,0.69003296,1,1,0,-0.00592041,0.01574707,25.0271,60,41,0,0,255,2,0,1782503412.0430894,132
25.032713,25.02822,-0.25206274,0.40181404,0.83306885,1,1,0,-0.010070801,0.016052246,25.032715,60,41,0,0,255,2,0,1782503412.0430894,132
25.022703,25.01591,-0.41075954,0.41386986,1.07724,1,1,0,-0.016418457,0.016540527,25.022705,60,41,0,0,255,2,0,1782503412.0430894,132
25.03076,25.022463,-0.20923811,0.6095146,0.7395325,1,1,0,-0.008361816,0.024353027,25.030762,61,41,1,0,255,2,0,1782503412.0430894,132
25.013674,25.004091,-0.31439906,0.6167297,0.7655029,1,1,0,-0.012573242,0.024658203,25.013672,61,41,1,0,255,2,0,1782503412.0430894,132
25.035154,25.024761,-0.36812758,0.6203145,1.059967,1,1,0,-0.014709473,0.024780273,25.035156,61,41,1,0,255,2,0,1782503412.0430894,132
25.031494,25.025637,-0.09470196,0.5331623,0.7828064,1,1,0,-0.0037841797,0.02130127,25.031494,26,42,0,0,255,2,0,1782503412.143713,133
25.031738,25.024227,-0.3054867,0.53164005,0.84695435,1,1,0,-0.012207031,0.021240234,25.031738,26,42,0,0,255,2,0,1782503412.143713,133
25.026125,25.017927,-0.357336,0.5315208,0.7862549,1,1,0,-0.014282227,0.021240234,25.026123,26,42,0,0,255,2,0,1782503412.143713,133
25.028074,25.024965,-0.25508508,0.30092847,0.84869385,1,1,0,-0.010192871,0.012023926,25.028076,28,42,0,0,255,2,0,1782503412.143713,133
25.029541,25.024672,-0.15885013,0.4674435,0.81347656,1,1,0,-0.0063476562,0.018676758,25.029541,29,42,1,0,255,2,0,1782503412.143713,133
25.01831,25.013075,-0.21221319,0.46570703,0.7425842,1,1,0,-0.008483887,0.018615723,25.01831,29,42,1,0,255,2,0,1782503412.143713,133
25.028564,25.022833,-0.26422796,0.46589792,0.79293823,1,1,0,-0.010559082,0.018615723,25.028564,29,42,1,0,255,2,0,1782503412.143713,133
25.01953,25.013199,-0.31604052,0.46572977,0.60806274,1,1,0,-0.012634277,0.018615723,25.019531,29,42,1,0,255,2,0,1782503412.143713,133
25.02295,25.015884,-0.36952418,0.4657934,0.6491394,1,1,0,-0.014770508,0.018615723,25.02295,29,42,1,0,255,2,0,1782503412.143713,133
25.025146,25.0219,-0.09774229,0.391002,0.69784546,1,1,0,-0.00390625,0.015625,25.025146,60,42,0,0,255,2,0,1782503412.143713,133
25.033203,25.029627,-0.14971513,0.39571106,0.70999146,1,1,0,-0.0059814453,0.015808105,25.033203,60,42,0,0,255,2,0,1782503412.143713,133
25.031494,25.027506,-0.20164198,0.39873922,0.69177246,1,1,0,-0.008056641,0.015930176,25.031494,60,42,0,0,255,2,0,1782503412.143713,133
25.020506,25.015959,-0.2549933,0.40314505,0.75250244,1,1,0,-0.010192871,0.016113281,25.020508,60,42,0,0,255,2,0,1782503412.143713,133
25.034178,25.028996,-0.30707282,0.40642086,0.84262085,1,1,0,-0.012268066,0.016235352,25.03418,60,42,0,0,255,2,0,1782503412.143713,133
25.032228,25.025404,-0.4124433,0.41402733,0.84262085,1,1,0,-0.016479492,0.016540527,25.032227,60,42,0,0,255,2,0,1782503412.143713,133
25.030758,25.02333,-0.10691185,0.6003507,0.8668823,1,1,0,-0.004272461,0.023986816,25.030762,61,42,1,0,255,2,0,1782503412.143713,133
25.020266,25.012453,-0.15877257,0.6046789,0.7685852,1,1,0,-0.0063476562,0.024169922,25.020264,61,42,1,0,255,2,0,1782503412.143713,133
25.02856,25.017252,-0.4214731,0.6232055,0.78985596,1,1,0,-0.016845703,0.024902344,25.028564,61,42,1,0,255,2,0,1782503412.143713,133
25.035156,25.029047,-0.14665624,0.53324026,0.7715454,1,1,0,-0.005859375,0.02130127,25.035156,26,43,0,0,255,2,0,1782503412.2435708,134
25.032228,25.024029,-0.35742316,0.5316504,0.7533264,1,1,0,-0.014282227,0.021240234,25.032227,26,43,0,0,255,2,0,1782503412.2435708,134
25.030027,25.021034,-0.40931612,0.53160375,0.84869385,1,1,0,-0.016357422,0.021240234,25.03003,26,43,0,0,255,2,0,1782503412.2435708,134
25.022701,25.01964,-0.25044912,0.3008639,1.0018921,1,1,0,-0.010009766,0.012023926,25.022705,28,43,0,0,255,2,0,1782503412.2435708,134
25.031494,25.027153,-0.35593992,0.30096957,0.71258545,1,1,0,-0.014221191,0.012023926,25.031494,28,43,0,0,255,2,0,1782503412.2435708,134
25.02539,25.02057,-0.15576972,0.46583885,0.9399719,1,1,0,-0.006225586,0.018615723,25.02539,29,43,1,0,255,2,0,1782503412.2435708,134
25.008057,25.001041,-0.36625236,0.46551618,0.80862427,1,1,0,-0.0146484375,0.018615723,25.008057,29,43,1,0,255,2,0,1782503412.2435708,134
25.031252,25.02769,-0.15123117,0.39415258,0.97872925,1,1,0,-0.0060424805,0.01574707,25.03125,60,43,0,0,255,2,0,1782503412.2435708,134
25.033201,25.029226,-0.2031836,0.39723873,0.83828735,1,1,0,-0.008117676,0.01586914,25.033203,60,43,0,0,255,2,0,1782503412.2435708,134
25.021725,25.017202,-0.25500596,0.4016377,0.9222107,1,1,0,-0.010192871,0.016052246,25.021729,60,43,0,0,255,2,0,1782503412.2435708,134
25.027098,25.021923,-0.30851346,0.40477857,0.86602783,1,1,0,-0.012329102,0.016174316,25.0271,60,43,0,0,255,2,0,1782503412.2435708,134
25.033447,25.027502,-0.36052853,0.4094644,0.7845459,1,1,0,-0.014404297,0.016357422,25.033447,60,43,0,0,255,2,0,1782503412.2435708,134
25.032959,25.026136,-0.41398326,0.4125118,0.81747437,1,1,0,-0.016540527,0.016479492,25.032959,60,43,0,0,255,2,0,1782503412.2435708,134
25.021484,25.014013,-0.10839882,0.60165495,0.8373413,1,1,0,-0.004333496,0.024047852,25.021484,61,43,1,0,255,2,0,1782503412.2435708,134
25.01953,25.01171,-0.16029453,0.6046613,0.66763306,1,1,0,-0.0064086914,0.024169922,25.019531,61,43,1,0,255,2,0,1782503412.2435708,134
25.025145,25.016825,-0.212245,0.60937786,0.67071533,1,1,0,-0.008483887,0.024353027,25.025146,61,43,1,0,255,2,0,1782503412.2435708,134
25.02075,25.01113,-0.31754118,0.61690426,0.59573364,1,1,0,-0.0126953125,0.024658203,25.020752,61,43,1,0,255,2,0,1782503412.2435708,134
25.01831,25.00788,-0.37093264,0.6198971,0.6604309,1,1,0,-0.014831543,0.024780273,25.01831,61,43,1,0,255,2,0,1782503412.2435708,134
25.026363,25.014992,-0.42296225,0.6246778,0.6491394,1,1,0,-0.016906738,0.024963379,25.026367,61,43,1,0,255,2,0,1782503412.2435708,134
25.025146,25.018658,-0.20157069,0.53302705,0.72906494,1,1,0,-0.008056641,0.02130127,25.025146,26,44,0,0,255,2,0,1782503412.344069,135
25.031738,25.023518,-0.3589435,0.53164005,0.7975464,1,1,0,-0.014343262,0.021240234,25.031738,26,44,0,0,255,2,0,1782503412.344069,135
25.031982,25.029707,-0.1497156,0.30250317,0.7845459,1,1,0,-0.0059814453,0.012084961,25.031982,28,44,0,0,255,2,0,1782503412.344069,135
25.028074,25.025454,-0.20162544,0.30092847,0.82528687,1,1,0,-0.008056641,0.012023926,25.028076,28,44,0,0,255,2,0,1782503412.344069,135
25.033201,25.030092,-0.25513732,0.30099013,0.8911743,1,1,0,-0.010192871,0.012023926,25.033203,28,44,0,0,255,2,0,1782503412.344069,135
25.01953,25.014938,-0.106876,0.46725655,0.6275635,1,1,0,-0.004272461,0.018676758,25.019531,29,44,1,0,255,2,0,1782503412.344069,135
25.019287,25.014051,-0.21222147,0.4657252,0.9286804,1,1,0,-0.008483887,0.018615723,25.019287,29,44,1,0,255,2,0,1782503412.344069,135
25.016844,25.010513,-0.31600657,0.46567976,0.78912354,1,1,0,-0.012634277,0.018615723,25.016846,29,44,1,0,255,2,0,1782503412.344069,135
25.031006,25.027765,-0.09623761,0.39109355,0.72473145,1,1,0,-0.0038452148,0.015625,25.031006,60,44,0,0,255,2,0,1782503412.344069,135
25.028078,25.024511,-0.1481571,0.39563,0.7403259,1,1,0,-0.00592041,0.015808105,25.028076,60,44,0,0,255,2,0,1782503412.344069,135
25.033205,25.029228,-0.20012811,0.39876646,1.0289917,1,1,0,-0.0079956055,0.015930176,25.033203,60,44,0,0,255,2,0,1782503412.344069,135
25.021484,25.016953,-0.25347632,0.40316078,0.9300232,1,1,0,-0.010131836,0.016113281,25.021484,60,44,0,0,255,2,0,1782503412.344069,135
25.031492,25.026329,-0.30551234,0.40637726,0.71951294,1,1,0,-0.012207031,0.016235352,25.031494,60,44,0,0,255,2,0,1782503412.344069,135
25.02295,25.017025,-0.35732314,0.41081977,0.9031677,1,1,0,-0.014282227,0.016418457,25.02295,60,44,0,0,255,2,0,1782503412.344069,135
25.031738,25.024942,-0.41090783,0.41401926,0.93536377,1,1,0,-0.016418457,0.016540527,25.031738,60,44,0,0,255,2,0,1782503412.344069,135
25.01587,25.008488,-0.10532201,0.5984671,0.653656,1,1,0,-0.004211426,0.023925781,25.01587,61,44,1,0,255,2,0,1782503412.344069,135
25.023924,25.016195,-0.15726942,0.60171366,0.66763306,1,1,0,-0.006286621,0.024047852,25.023926,61,44,1,0,255,2,0,1782503412.344069,135
25.029541,25.021307,-0.21075574,0.6064304,0.75390625,1,1,0,-0.008422852,0.024230957,25.029541,61,44,1,0,255,2,0,1782503412.344069,135
25.028564,25.019764,-0.2626683,0.60946107,0.75390625,1,1,0,-0.010498047,0.024353027,25.028564,61,44,1,0,255,2,0,1782503412.344069,135
25.023926,25.014416,-0.31452888,0.61392874,0.7005005,1,1,0,-0.012573242,0.024536133,25.023926,61,44,1,0,255,2,0,1782503412.344069,135
25.026367,25.016052,-0.36799946,0.61704266,0.76416016,1,1,0,-0.014709473,0.024658203,25.026367,61,44,1,0,255,2,0,1782503412.344069,135
25.034178,25.028315,-0.096239716,0.53321946,0.83480835,1,1,0,-0.0038452148,0.02130127,25.03418,26,45,0,0,255,2,0,1782503412.4442308,136
25.033937,25.027819,-0.14817668,0.5332143,0.86602783,1,1,0,-0.00592041,0.02130127,25.033936,26,45,0,0,255,2,0,1782503412.4442308,136
25.02197,25.019972,-0.0931534,0.3023822,1.068573,1,1,0,-0.0037231445,0.012084961,25.021973,28,45,0,0,255,2,0,1782503412.4442308,136
25.02051,25.017912,-0.19851056,0.3008375,0.95166016,1,1,0,-0.00793457,0.012023926,25.020508,28,45,0,0,255,2,0,1782503412.4442308,136
25.033934,25.03087,-0.25056154,0.30099893,1.0714722,1,1,0,-0.010009766,0.012023926,25.033936,28,45,0,0,255,2,0,1782503412.4442308,136
25.03247,25.028833,-0.3024872,0.3009813,1.0108032,1,1,0,-0.012084961,0.012023926,25.03247,28,45,0,0,255,2,0,1782503412.4442308,136
25.031248,25.026115,-0.4078714,0.30096665,0.82006836,1,1,0,-0.016296387,0.012023926,25.03125,28,45,0,0,255,2,0,1782503412.4442308,136
25.023928,25.019382,-0.10231372,0.46581158,0.66967773,1,1,0,-0.0040893555,0.018615723,25.023926,29,45,1,0,255,2,0,1782503412.4442308,136
25.016846,25.012026,-0.15571652,0.46567976,0.8147583,1,1,0,-0.006225586,0.018615723,25.016846,29,45,1,0,255,2,0,1782503412.4442308,136
25.018066,25.010233,-0.41830093,0.4657025,0.7809143,1,1,0,-0.016723633,0.018615723,25.018066,29,45,1,0,255,2,0,1782503412.4442308,136
25.034178,25.03092,-0.09472195,0.39267093,1.2136536,1,1,0,-0.0037841797,0.015686035,25.03418,60,45,0,0,255,2,0,1782503412.4442308,136
25.029055,25.025473,-0.14663531,0.39717287,0.8825073,1,1,0,-0.005859375,0.01586914,25.029053,60,45,0,0,255,2,0,1782503412.4442308,136
25.031248,25.02608,-0.3039816,0.4079009,0.7455139,1,1,0,-0.012145996,0.016296387,25.03125,60,45,0,0,255,2,0,1782503412.4442308,136
25.02246,25.015083,-0.10382296,0.59862477,0.861969,1,1,0,-0.0041503906,0.023925781,25.02246,61,45,1,0,255,2,0,1782503412.4442308,136
25.02246,25.01424,-0.20916936,0.60625887,0.9307251,1,1,0,-0.008361816,0.024230957,25.02246,61,45,1,0,255,2,0,1782503412.4442308,136
25.016846,25.008028,-0.26101857,0.61070216,0.8127136,1,1,0,-0.010437012,0.024414062,25.016846,61,45,1,0,255,2,0,1782503412.4442308,136
25.021484,25.011974,-0.3144982,0.61386883,0.7675781,1,1,0,-0.012573242,0.024536133,25.021484,61,45,1,0,255,2,0,1782503412.4442308,136
25.023926,25.013636,-0.36643687,0.6169825,0.6748047,1,1,0,-0.0146484375,0.024658203,25.023926,61,45,1,0,255,2,0,1782503412.4442308,136
25.02124,25.01539,-0.09313635,0.53294384,0.8564148,1,1,0,-0.0037231445,0.02130127,25.02124,26,46,0,0,255,2,0,1782503412.543982,137
25.0271,25.020634,-0.19853215,0.53306866,0.6709595,1,1,0,-0.00793457,0.02130127,25.0271,26,46,0,0,255,2,0,1782503412.543982,137
25.02075,25.012545,-0.35573217,0.5329335,0.88412476,1,1,0,-0.014221191,0.02130127,25.020752,26,46,0,0,255,2,0,1782503412.543982,137
25.031738,25.02715,-0.10540061,0.46748453,0.9901428,1,1,0,-0.004211426,0.018676758,25.031738,29,46,1,0,255,2,0,1782503412.543982,137
25.018066,25.013199,-0.15877731,0.4672292,0.8496704,1,1,0,-0.0063476562,0.018676758,25.018066,29,46,1,0,255,2,0,1782503412.543982,137
25.031982,25.028736,-0.09776899,0.3911088,0.6865845,1,1,0,-0.00390625,0.015625,25.031982,60,46,0,0,255,2,0,1782503412.543982,137
25.031004,25.026455,-0.25510025,0.4033142,0.83654785,1,1,0,-0.010192871,0.016113281,25.031006,60,46,0,0,255,2,0,1782503412.543982,137
25.034422,25.02924,-0.3070758,0.40642482,0.82873535,1,1,0,-0.012268066,0.016235352,25.034424,60,46,0,0,255,2,0,1782503412.543982,137
25.031492,25.025522,-0.3605,0.41096005,0.7663269,1,1,0,-0.014404297,0.016418457,25.031494,60,46,0,0,255,2,0,1782503412.543982,137
25.0271,25.020279,-0.41235882,0.41394255,0.85910034,1,1,0,-0.016479492,0.016540527,25.0271,60,46,0,0,255,2,0,1782503412.543982,137
25.02246,25.01513,-0.054964967,0.6032052,0.986145,1,1,0,-0.0021972656,0.024108887,25.02246,61,46,1,0,255,2,0,1782503412.543982,137
25.031738,25.024345,-0.10691619,0.59884673,0.7970276,1,1,0,-0.004272461,0.023925781,25.031738,61,46,1,0,255,2,0,1782503412.543982,137
25.028563,25.020813,-0.16035287,0.60182524,0.7127991,1,1,0,-0.0064086914,0.024047852,25.028564,61,46,1,0,255,2,0,1782503412.543982,137
25.021484,25.013277,-0.2122149,0.60470843,0.83529663,1,1,0,-0.008483887,0.024169922,25.021484,61,46,1,0,255,2,0,1782503412.543982,137
25.028566,25.019749,-0.26419538,0.60946107,0.7189636,1,1,0,-0.010559082,0.024353027,25.028564,61,46,1,0,255,2,0,1782503412.543982,137
25.025146,25.015635,-0.31759837,0.61243176,0.67993164,1,1,0,-0.0126953125,0.024475098,25.025146,61,46,1,0,255,2,0,1782503412.543982,137
25.016848,25.006514,-0.36938575,0.61680794,0.75115967,1,1,0,-0.014770508,0.024658203,25.016846,61,46,1,0,255,2,0,1782503412.543982,137
25.026367,25.015108,-0.42296422,0.62009674,0.7251282,1,1,0,-0.016906738,0.024780273,25.026367,61,46,1,0,255,2,0,1782503412.543982,137
25.019775,25.011559,-0.35877192,0.53138596,0.8988342,1,1,0,-0.014343262,0.021240234,25.019775,26,47,0,0,255,2,0,1782503412.6434395,138
25.022705,25.013689,-0.4107231,0.5314482,0.8460083,1,1,0,-0.016418457,0.021240234,25.022705,26,47,0,0,255,2,0,1782503412.6434395,138
25.033934,25.0313,-0.20320044,0.30099893,0.7680664,1,1,0,-0.008117676,0.012023926,25.033936,28,47,0,0,255,2,0,1782503412.6434395,138
25.017332,25.013624,-0.30841115,0.3007993,0.7576904,1,1,0,-0.012329102,0.012023926,25.017334,28,47,0,0,255,2,0,1782503412.6434395,138
25.021484,25.01708,-0.36037838,0.30084923,0.87112427,1,1,0,-0.014404297,0.012023926,25.021484,28,47,0,0,255,2,0,1782503412.6434395,138
25.026367,25.021767,-0.10843241,0.46738422,0.7364502,1,1,0,-0.004333496,0.018676758,25.026367,29,47,1,0,255,2,0,1782503412.6434395,138
25.03076,25.02591,-0.16038553,0.4659388,0.7579956,1,1,0,-0.0064086914,0.018615723,25.030762,29,47,1,0,255,2,0,1782503412.6434395,138
25.027342,25.022106,-0.21228981,0.46587518,0.74053955,1,1,0,-0.008483887,0.018615723,25.027344,29,47,1,0,255,2,0,1782503412.6434395,138
25.030762,25.024408,-0.31770974,0.4659388,0.868927,1,1,0,-0.0126953125,0.018615723,25.030762,29,47,1,0,255,2,0,1782503412.6434395,138
25.027342,25.01943,-0.4230373,0.46587518,0.66967773,1,1,0,-0.016906738,0.018615723,25.027344,29,47,1,0,255,2,0,1782503412.6434395,138
25.029055,25.025463,-0.14816274,0.39717287,0.71084595,1,1,0,-0.00592041,0.01586914,25.029053,60,47,0,0,255,2,0,1782503412.6434395,138
25.021484,25.016928,-0.25347608,0.40468773,0.7655029,1,1,0,-0.010131836,0.016174316,25.021484,60,47,0,0,255,2,0,1782503412.6434395,138
25.031982,25.026773,-0.30704555,0.40791282,0.82354736,1,1,0,-0.012268066,0.016296387,25.031982,60,47,0,0,255,2,0,1782503412.6434395,138
25.032715,25.026741,-0.35898972,0.41250777,0.83828735,1,1,0,-0.014343262,0.016479492,25.032715,60,47,0,0,255,2,0,1782503412.6434395,138
25.030762,25.021193,-0.31614152,0.6156238,0.77853394,1,1,0,-0.012634277,0.024597168,25.030762,61,47,1,0,255,2,0,1782503412.6434395,138
25.029541,25.019188,-0.3680456,0.6186482,0.7107544,1,1,0,-0.014709473,0.024719238,25.029541,61,47,1,0,255,2,0,1782503412.6434395,138
25.031738,25.025875,-0.096230336,0.5331675,0.7810669,1,1,0,-0.0038452148,0.02130127,25.031738,26,48,0,0,255,2,0,1782503412.7431707,139
25.019775,25.011526,-0.35877147,0.5329127,1.2105713,1,1,0,-0.014343262,0.02130127,25.019775,26,48,0,0,255,2,0,1782503412.7431707,139
25.020508,25.018496,-0.09620196,0.3023645,0.88412476,1,1,0,-0.0038452148,0.012084961,25.020508,28,48,0,0,255,2,0,1782503412.7431707,139
25.028078,25.024855,-0.09775383,0.38952038,0.62677,1,1,0,-0.00390625,0.015563965,25.028076,60,48,0,0,255,2,0,1782503412.7431707,139
25.033937,25.030376,-0.1512474,0.39419487,0.7975464,1,1,0,-0.0060424805,0.01574707,25.033936,60,48,0,0,255,2,0,1782503412.7431707,139
25.032469,25.028494,-0.20317766,0.3972271,0.86343384,1,1,0,-0.008117676,0.01586914,25.03247,60,48,0,0,255,2,0,1782503412.7431707,139
25.032957,25.028418,-0.25664803,0.40181798,0.9145813,1,1,0,-0.010253906,0.016052246,25.032959,60,48,0,0,255,2,0,1782503412.7431707,139
25.029053,25.023876,-0.30853754,0.40481016,0.8044739,1,1,0,-0.012329102,0.016174316,25.029053,60,48,0,0,255,2,0,1782503412.7431707,139
25.031248,25.025305,-0.36049688,0.40942845,0.8868408,1,1,0,-0.014404297,0.016357422,25.03125,60,48,0,0,255,2,0,1782503412.7431707,139
25.032228,25.025404,-0.41397113,0.41249973,1.0619507,1,1,0,-0.016540527,0.016479492,25.032227,60,48,0,0,255,2,0,1782503412.7431707,139
25.022459,25.015062,-0.10840336,0.59862477,1.0682373,1,1,0,-0.004333496,0.023925781,25.02246,61,48,1,0,255,2,0,1782503412.7431707,139
25.031736,25.023949,-0.16037297,0.6034289,0.8483887,1,1,0,-0.0064086914,0.024108887,25.031738,61,48,1,0,255,2,0,1782503412.7431707,139
25.022459,25.013592,-0.26565728,0.61083925,0.9543152,1,1,0,-0.010620117,0.024414062,25.02246,61,48,1,0,255,2,0,1782503412.7431707,139
25.02075,25.011204,-0.3175421,0.6138509,0.6593933,1,1,0,-0.0126953125,0.024536133,25.020752,61,48,1,0,255,2,0,1782503412.7431707,139
25.032957,25.022558,-0.37115034,0.61873263,0.89974976,1,1,0,-0.014831543,0.024719238,25.032959,61,48,1,0,255,2,0,1782503412.7431707,139
25.019285,25.007992,-0.42284387,0.6214479,0.8517151,1,1,0,-0.016906738,0.024841309,25.019287,61,48,1,0,255,2,0,1782503412.7431707,139
25.031738,25.02563,-0.14663623,0.5331675,0.82528687,1,1,0,-0.005859375,0.02130127,25.031738,26,49,0,0,255,2,0,1782503412.843561,140
25.032959,25.02601,-0.2520405,0.53319347,0.7403259,1,1,0,-0.010070801,0.02130127,25.032959,26,49,0,0,255,2,0,1782503412.843561,140
25.020754,25.018145,-0.20003948,0.3008404,0.89450073,1,1,0,-0.0079956055,0.012023926,25.020752,28,49,0,0,255,2,0,1782503412.843561,140
25.022459,25.018787,-0.30542028,0.30086097,0.7724304,1,1,0,-0.012207031,0.012023926,25.02246,28,49,0,0,255,2,0,1782503412.843561,140
25.019531,25.014376,-0.4092072,0.30082574,0.8356323,1,1,0,-0.016357422,0.012023926,25.019531,28,49,0,0,255,2,0,1782503412.843561,140
25.03076,25.025549,-0.20926392,0.4659388,0.8360596,1,1,0,-0.008361816,0.018615723,25.030762,29,49,1,0,255,2,0,1782503412.843561,140
25.032959,25.02897,-0.19859831,0.40029025,0.7767334,1,1,0,-0.00793457,0.015991211,25.032959,60,49,0,0,255,2,0,1782503412.843561,140
25.031004,25.0265,-0.2505178,0.4033142,0.679657,1,1,0,-0.010009766,0.016113281,25.031006,60,49,0,0,255,2,0,1782503412.843561,140
25.028074,25.022905,-0.30394307,0.40784916,0.7307739,1,1,0,-0.012145996,0.016296387,25.028076,60,49,0,0,255,2,0,1782503412.843561,140
25.021729,25.014933,-0.40921628,0.41538072,0.8520813,1,1,0,-0.016357422,0.016601562,25.021729,60,49,0,0,255,2,0,1782503412.843561,140
25.026367,25.018122,-0.20767474,0.60788053,0.86276245,1,1,0,-0.008300781,0.024291992,25.026367,61,49,1,0,255,2,0,1782503412.843561,140
25.026365,25.017546,-0.26111794,0.6109346,0.72720337,1,1,0,-0.010437012,0.024414062,25.026367,61,49,1,0,255,2,0,1782503412.843561,140
25.032959,25.023428,-0.31311464,0.6156778,0.9038696,1,1,0,-0.012512207,0.024597168,25.032959,61,49,1,0,255,2,0,1782503412.843561,140
25.03174,25.02419,-0.30854142,0.53164005,0.68917847,1,1,0,-0.012329102,0.021240234,25.031738,26,50,0,0,255,2,0,1782503412.9431758,141
25.032227,25.023182,-0.41240668,0.5316504,0.85562134,1,1,0,-0.016479492,0.021240234,25.032227,26,50,0,0,255,2,0,1782503412.9431758,141
25.031494,25.029482,-0.09624421,0.30249727,1.0749512,1,1,0,-0.0038452148,0.012084961,25.031494,28,50,0,0,255,2,0,1782503412.9431758,141
25.033934,25.031677,-0.14972739,0.30099893,0.86776733,1,1,0,-0.0059814453,0.012023926,25.033936,28,50,0,0,255,2,0,1782503412.9431758,141
25.033934,25.030825,-0.2551448,0.30099893,1.1191406,1,1,0,-0.010192871,0.012023926,25.033936,28,50,0,0,255,2,0,1782503412.9431758,141
25.012451,25.007586,-0.15874168,0.46712434,0.7101135,1,1,0,-0.0063476562,0.018676758,25.012451,29,50,1,0,255,2,0,1782503412.9431758,141
25.016846,25.01161,-0.21220076,0.46567976,0.7685852,1,1,0,-0.008483887,0.018615723,25.016846,29,50,1,0,255,2,0,1782503412.9431758,141
25.020264,25.012379,-0.42139095,0.4657434,0.8229675,1,1,0,-0.016845703,0.018615723,25.020264,29,50,1,0,255,2,0,1782503412.9431758,141
25.023926,25.016085,-0.15726873,0.60629433,0.8730469,1,1,0,-0.006286621,0.024230957,25.023926,61,50,1,0,255,2,0,1782503412.9431758,141
25.019285,25.01098,-0.21066876,0.60923517,0.839386,1,1,0,-0.008422852,0.024353027,25.019287,61,50,1,0,255,2,0,1782503412.9431758,141
25.018309,25.009401,-0.26255953,0.613791,0.67276,1,1,0,-0.010498047,0.024536133,25.01831,61,50,1,0,255,2,0,1782503412.9431758,141
25.029541,25.019112,-0.36804447,0.6217026,0.7220459,1,1,0,-0.014709473,0.024841309,25.029541,61,50,1,0,255,2,0,1782503412.9431758,141
25.031738,25.02587,-0.097757794,0.5331675,0.7862549,1,1,0,-0.00390625,0.02130127,25.031738,26,51,0,0,255,2,0,1782503413.0435607,142
25.021729,25.013456,-0.36032617,0.5329543,1.2209778,1,1,0,-0.014404297,0.02130127,25.021729,26,51,0,0,255,2,0,1782503413.0435607,142
25.032959,25.023882,-0.41241825,0.53319347,1.0549927,1,1,0,-0.016479492,0.02130127,25.032959,26,51,0,0,255,2,0,1782503413.0435607,142
25.025145,25.023157,-0.09469257,0.30089325,0.7828064,1,1,0,-0.0037841797,0.012023926,25.025146,28,51,0,0,255,2,0,1782503413.0435607,142
25.021729,25.019482,-0.14812733,0.30085215,0.9854431,1,1,0,-0.00592041,0.012023926,25.021729,28,51,0,0,255,2,0,1782503413.0435607,142
25.02295,25.02034,-0.20005703,0.30086684,1.0980225,1,1,0,-0.0079956055,0.012023926,25.02295,28,51,0,0,255,2,0,1782503413.0435607,142
25.028074,25.024996,-0.25203028,0.30092847,0.69525146,1,1,0,-0.010070801,0.012023926,25.028076,28,51,0,0,255,2,0,1782503413.0435607,142
25.029053,25.02469,-0.3574326,0.30094022,0.84002686,1,1,0,-0.014282227,0.012023926,25.029053,28,51,0,0,255,2,0,1782503413.0435607,142
25.018307,25.01348,-0.15725234,0.46570703,0.8545532,1,1,0,-0.006286621,0.018615723,25.01831,29,51,1,0,255,2,0,1782503413.0435607,142
25.02295,25.017235,-0.26264176,0.4657934,0.66967773,1,1,0,-0.010498047,0.018615723,25.02295,29,51,1,0,255,2,0,1782503413.0435607,142
25.013674,25.006634,-0.3678609,0.4656207,0.7090759,1,1,0,-0.014709473,0.018615723,25.013672,29,51,1,0,255,2,0,1782503413.0435607,142
25.01831,25.010452,-0.41983154,0.46570703,0.73028564,1,1,0,-0.016784668,0.018615723,25.01831,29,51,1,0,255,2,0,1782503413.0435607,142
25.021729,25.01847,-0.09467484,0.39247563,0.89190674,1,1,0,-0.0037841797,0.015686035,25.021729,60,51,0,0,255,2,0,1782503413.0435607,142
25.03247,25.028471,-0.20012204,0.40028244,0.644104,1,1,0,-0.0079956055,0.015991211,25.03247,60,51,0,0,255,2,0,1782503413.0435607,142
25.032717,25.028156,-0.25358984,0.40486938,0.84262085,1,1,0,-0.010131836,0.016174316,25.032715,60,51,0,0,255,2,0,1782503413.0435607,142
25.032227,25.026276,-0.35745525,0.41249973,0.8764343,1,1,0,-0.014282227,0.016479492,25.032227,60,51,0,0,255,2,0,1782503413.0435607,142
25.021484,25.011133,-0.3679271,0.61844903,0.76345825,1,1,0,-0.014709473,0.024719238,25.021484,61,51,1,0,255,2,0,1782503413.0435607,142
25.032228,25.029133,-0.25359973,0.3009784,0.96484375,1,1,0,-0.010131836,0.012023926,25.032227,28,52,0,0,255,2,0,1782503413.1432798,143
25.019775,25.014595,-0.41073796,0.30082867,0.9135742,1,1,0,-0.016418457,0.012023926,25.019775,28,52,0,0,255,2,0,1782503413.1432798,143
25.016846,25.01198,-0.15876958,0.4672064,0.84555054,1,1,0,-0.0063476562,0.018676758,25.016846,29,52,1,0,255,2,0,1782503413.1432798,143
25.013674,25.008451,-0.21064745,0.4656207,0.7121582,1,1,0,-0.008422852,0.018615723,25.013672,29,52,1,0,255,2,0,1782503413.1432798,143
25.020752,25.01442,-0.31605592,0.46575248,0.65322876,1,1,0,-0.012634277,0.018615723,25.020752,29,52,1,0,255,2,0,1782503413.1432798,143
25.032715,25.029432,-0.09471632,0.39417565,0.84695435,1,1,0,-0.0037841797,0.01574707,25.032715,60,52,0,0,255,2,0,1782503413.1432798,143
25.020506,25.016893,-0.148112,0.39856422,0.7819519,1,1,0,-0.00592041,0.015930176,25.020508,60,52,0,0,255,2,0,1782503413.1432798,143
25.031738,25.027714,-0.200116,0.40179837,0.7663269,1,1,0,-0.0079956055,0.016052246,25.031738,60,52,0,0,255,2,0,1782503413.1432798,143
25.019531,25.013582,-0.35727397,0.41229054,0.9984131,1,1,0,-0.014282227,0.016479492,25.019531,60,52,0,0,255,2,0,1782503413.1432798,143
25.02124,25.014395,-0.41073468,0.41689956,1.0365295,1,1,0,-0.016418457,0.016662598,25.02124,60,52,0,0,255,2,0,1782503413.1432798,143
25.031736,25.024277,-0.10538851,0.60190153,0.8710022,1,1,0,-0.004211426,0.024047852,25.031738,61,52,1,0,255,2,0,1782503413.1432798,143
25.032957,25.025114,-0.15732549,0.6065132,0.9521179,1,1,0,-0.006286621,0.024230957,25.032959,61,52,1,0,255,2,0,1782503413.1432798,143
25.02246,25.01355,-0.26260307,0.6138928,0.90301514,1,1,0,-0.010498047,0.024536133,25.02246,61,52,1,0,255,2,0,1782503413.1432798,143
25.026121,25.019997,-0.14965753,0.53304785,0.69177246,1,1,0,-0.0059814453,0.02130127,25.026123,26,53,0,0,255,2,0,1782503413.2441645,144
25.028074,25.021097,-0.25504565,0.53308946,0.6657715,1,1,0,-0.010192871,0.02130127,25.028076,26,53,0,0,255,2,0,1782503413.2441645,144
25.01367,25.00796,-0.2625444,0.4656207,0.6998291,1,1,0,-0.010498047,0.018615723,25.013672,29,53,1,0,255,2,0,1782503413.2441645,144
25.021484,25.015152,-0.3160652,0.46576613,0.90301514,1,1,0,-0.012634277,0.018615723,25.021484,29,53,1,0,255,2,0,1782503413.2441645,144
25.028076,25.024776,-0.09317129,0.39563,0.6449585,1,1,0,-0.0037231445,0.015808105,25.028076,60,53,0,0,255,2,0,1782503413.2441645,144
25.031006,25.027384,-0.1451189,0.40025902,0.71691895,1,1,0,-0.00579834,0.015991211,25.031006,60,53,0,0,255,2,0,1782503413.2441645,144
25.031738,25.0277,-0.19858822,0.403326,0.6657715,1,1,0,-0.00793457,0.016113281,25.031738,60,53,0,0,255,2,0,1782503413.2441645,144
25.02368,25.019104,-0.25044376,0.40777755,0.8581543,1,1,0,-0.010009766,0.016296387,25.023682,60,53,0,0,255,2,0,1782503413.2441645,144
25.014648,25.009432,-0.30377942,0.41068348,0.9854431,1,1,0,-0.012145996,0.016418457,25.014648,60,53,0,0,255,2,0,1782503413.2441645,144
25.031006,25.025026,-0.35590968,0.41553473,0.72732544,1,1,0,-0.014221191,0.016601562,25.031006,60,53,0,0,255,2,0,1782503413.2441645,144
25.031248,25.024426,-0.40784386,0.41859388,0.7845459,1,1,0,-0.016296387,0.016723633,25.03125,60,53,0,0,255,2,0,1782503413.2441645,144
25.026367,25.018536,-0.15575705,0.60635346,0.68917847,1,1,0,-0.006225586,0.024230957,25.026367,61,53,1,0,255,2,0,1782503413.2441645,144
25.026367,25.017471,-0.26111713,0.61398864,0.6511841,1,1,0,-0.010437012,0.024536133,25.026367,61,53,1,0,255,2,0,1782503413.2441645,144
25.015867,25.00549,-0.36479104,0.621363,0.80041504,1,1,0,-0.014587402,0.024841309,25.01587,61,53,1,0,255,2,0,1782503413.2441645,144
25.025146,25.013851,-0.41836143,0.6246473,0.7836914,1,1,0,-0.016723633,0.024963379,25.025146,61,53,1,0,255,2,0,1782503413.2441645,144
25.035154,25.028206,-0.2520626,0.53324026,1.1174316,1,1,0,-0.010070801,0.02130127,25.035156,26,54,0,0,255,2,0,1782503413.3439796,145
25.021486,25.013945,-0.30536115,0.5329491,0.8503418,1,1,0,-0.012207031,0.02130127,25.021484,26,54,0,0,255,2,0,1782503413.3439796,145
25.032227,25.030231,-0.09624709,0.3009784,0.6718445,1,1,0,-0.0038452148,0.012023926,25.032227,28,54,0,0,255,2,0,1782503413.3439796,145
25.016602,25.014355,-0.14809698,0.30079052,0.96206665,1,1,0,-0.00592041,0.012023926,25.016602,28,54,0,0,255,2,0,1782503413.3439796,145
25.0166,25.01398,-0.201533,0.30079052,0.82092285,1,1,0,-0.008056641,0.012023926,25.016602,28,54,0,0,255,2,0,1782503413.3439796,145
25.010742,25.00707,-0.30527726,0.30072007,0.73690796,1,1,0,-0.012207031,0.012023926,25.010742,28,54,0,0,255,2,0,1782503413.3439796,145
25.026125,25.022871,-0.0931642,0.39254457,0.7489929,1,1,0,-0.0037231445,0.015686035,25.026123,60,54,0,0,255,2,0,1782503413.3439796,145
25.031006,25.027018,-0.19858281,0.40025902,0.6362915,1,1,0,-0.00793457,0.015991211,25.031006,60,54,0,0,255,2,0,1782503413.3439796,145
25.020508,25.016006,-0.25041273,0.40314505,0.8001404,1,1,0,-0.010009766,0.016113281,25.020508,60,54,0,0,255,2,0,1782503413.3439796,145
25.027098,25.021929,-0.3039312,0.40783325,0.83047485,1,1,0,-0.012145996,0.016296387,25.0271,60,54,0,0,255,2,0,1782503413.3439796,145
25.034182,25.028275,-0.35595587,0.41100413,0.7828064,1,1,0,-0.014221191,0.016418457,25.03418,60,54,0,0,255,2,0,1782503413.3439796,145
25.031248,25.024502,-0.4078451,0.41401118,0.68917847,1,1,0,-0.016296387,0.016540527,25.03125,60,54,0,0,255,2,0,1782503413.3439796,145
25.02637,25.018887,-0.10231169,0.6032994,0.7723999,1,1,0,-0.0040893555,0.024108887,25.026367,61,54,1,0,255,2,0,1782503413.3439796,145
25.025146,25.016827,-0.20766398,0.6109048,0.6635132,1,1,0,-0.008300781,0.024414062,25.025146,61,54,1,0,255,2,0,1782503413.3439796,145
25.030762,25.021864,-0.261163,0.61409646,0.8483887,1,1,0,-0.010437012,0.024536133,25.030762,61,54,1,0,255,2,0,1782503413.3439796,145
25.026365,25.016762,-0.31303123,0.61856973,0.75183105,1,1,0,-0.012512207,0.024719238,25.026367,61,54,1,0,255,2,0,1782503413.3439796,145
25.028563,25.018179,-0.36497614,0.62167835,0.8360596,1,1,0,-0.014587402,0.024841309,25.028564,61,54,1,0,255,2,0,1782503413.3439796,145
25.027344,25.01601,-0.41839755,0.6262292,0.7693176,1,1,0,-0.016723633,0.025024414,25.027344,61,54,1,0,255,2,0,1782503413.3439796,145
25.025146,25.01693,-0.35884896,0.53150004,0.49066162,1,1,0,-0.014343262,0.021240234,25.025146,26,55,0,0,255,2,0,1782503413.4440837,146
25.031006,25.028767,-0.1466546,0.3009637,0.84869385,1,1,0,-0.005859375,0.012023926,25.031006,28,55,0,0,255,2,0,1782503413.4440837,146
25.016602,25.013525,-0.25191474,0.30079052,0.80358887,1,1,0,-0.010070801,0.012023926,25.016602,28,55,0,0,255,2,0,1782503413.4440837,146
25.027098,25.022758,-0.35587743,0.30091673,0.7602539,1,1,0,-0.014221191,0.012023926,25.0271,28,55,0,0,255,2,0,1782503413.4440837,146
25.03003,25.02487,-0.40937886,0.30095196,0.7940674,1,1,0,-0.016357422,0.012023926,25.03003,28,55,0,0,255,2,0,1782503413.4440837,146
25.021484,25.016933,-0.103830636,0.46576613,0.8763428,1,1,0,-0.0041503906,0.018615723,25.021484,29,55,1,0,255,2,0,1782503413.4440837,146
25.01587,25.010172,-0.26104096,0.4656616,0.68444824,1,1,0,-0.010437012,0.018615723,25.01587,29,55,1,0,255,2,0,1782503413.4440837,146
25.031494,25.027481,-0.20164178,0.40026683,0.6510315,1,1,0,-0.008056641,0.015991211,25.031494,60,55,0,0,255,2,0,1782503413.4440837,146
25.021484,25.014029,-0.10534534,0.60165495,0.75320435,1,1,0,-0.004211426,0.024047852,25.021484,61,55,1,0,255,2,0,1782503413.4440837,146
25.023926,25.016113,-0.15879582,0.60476744,0.7107544,1,1,0,-0.0063476562,0.024169922,25.023926,61,55,1,0,255,2,0,1782503413.4440837,146
25.02295,25.014076,-0.2626086,0.612378,0.6255188,1,1,0,-0.010498047,0.024475098,25.02295,61,55,1,0,255,2,0,1782503413.4440837,146
25.028074,25.021585,-0.20159428,0.53308946,0.71432495,1,1,0,-0.008056641,0.02130127,25.028076,26,56,0,0,255,2,0,1782503413.5434434,147
25.029053,25.026804,-0.14817068,0.30094022,0.7845459,1,1,0,-0.00592041,0.012023926,25.029053,28,56,0,0,255,2,0,1782503413.5434434,147
25.015871,25.011286,-0.10533379,0.46718815,0.8024597,1,1,0,-0.004211426,0.018676758,25.01587,29,56,1,0,255,2,0,1782503413.5434434,147
25.014648,25.007608,-0.36787528,0.46563888,0.7029114,1,1,0,-0.014709473,0.018615723,25.014648,29,56,1,0,255,2,0,1782503413.5434434,147
25.034182,25.02823,-0.35901108,0.41100413,0.9145813,1,1,0,-0.014343262,0.016418457,25.03418,60,56,0,0,255,2,0,1782503413.5434434,147
25.028078,25.02123,-0.41237453,0.4154861,0.7914734,1,1,0,-0.016479492,0.016601562,25.028076,60,56,0,0,255,2,0,1782503413.5434434,147
25.026367,25.018866,-0.10689278,0.6032994,0.81552124,1,1,0,-0.004272461,0.024108887,25.026367,61,56,1,0,255,2,0,1782503413.5434434,147
25.018066,25.010181,-0.15875816,0.6076789,0.73986816,1,1,0,-0.0063476562,0.024291992,25.018066,61,56,1,0,255,2,0,1782503413.5434434,147
25.019531,25.011189,-0.2106705,0.6107677,0.6398926,1,1,0,-0.008422852,0.024414062,25.019531,61,56,1,0,255,2,0,1782503413.5434434,147
25.021729,25.012802,-0.26412204,0.61387485,0.6368103,1,1,0,-0.010559082,0.024536133,25.021729,61,56,1,0,255,2,0,1782503413.5434434,147
25.018309,25.008669,-0.3159833,0.6183706,0.76828,1,1,0,-0.012634277,0.024719238,25.01831,61,56,1,0,255,2,0,1782503413.5434434,147
25.025146,25.013762,-0.42141426,0.6261743,0.73028564,1,1,0,-0.016845703,0.025024414,25.025146,61,56,1,0,255,2,0,1782503413.5434434,147
25.026123,25.02026,-0.096208744,0.53304785,0.72906494,1,1,0,-0.0038452148,0.02130127,25.026123,26,57,0,0,255,2,0,1782503413.643681,148
25.034178,25.026634,-0.30551606,0.53321946,1.0783997,1,1,0,-0.012207031,0.02130127,25.03418,26,57,0,0,255,2,0,1782503413.643681,148
25.033936,25.025715,-0.358975,0.5316867,0.7767334,1,1,0,-0.014343262,0.021240234,25.033936,26,57,0,0,255,2,0,1782503413.643681,148
25.032228,25.030209,-0.097774744,0.30250612,0.6657715,1,1,0,-0.00390625,0.012084961,25.032227,28,57,0,0,255,2,0,1782503413.643681,148
25.032957,25.0307,-0.14972155,0.30098718,0.82702637,1,1,0,-0.0059814453,0.012023926,25.032959,28,57,0,0,255,2,0,1782503413.643681,148
25.020754,25.018131,-0.20156644,0.3008404,0.7871399,1,1,0,-0.008056641,0.012023926,25.020752,28,57,0,0,255,2,0,1782503413.643681,148
25.031736,25.028044,-0.30706114,0.30097252,0.81399536,1,1,0,-0.012268066,0.012023926,25.031738,28,57,0,0,255,2,0,1782503413.643681,148
25.035156,25.030748,-0.3605753,0.30101362,0.86343384,1,1,0,-0.014404297,0.012023926,25.035156,28,57,0,0,255,2,0,1782503413.643681,148
25.031738,25.0265,-0.2123271,0.465957,0.84017944,1,1,0,-0.008483887,0.018615723,25.031738,29,57,1,0,255,2,0,1782503413.643681,148
25.023926,25.017574,-0.317623,0.46581158,0.64297485,1,1,0,-0.0126953125,0.018615723,25.023926,29,57,1,0,255,2,0,1782503413.643681,148
25.033201,25.028013,-0.3055329,0.40793273,0.9059143,1,1,0,-0.012207031,0.016296387,25.033203,60,57,0,0,255,2,0,1782503413.643681,148
25.019773,25.01298,-0.40918434,0.4153483,0.8607483,1,1,0,-0.016357422,0.016601562,25.019775,60,57,0,0,255,2,0,1782503413.643681,148
25.019531,25.012112,-0.10533727,0.6000813,0.6255188,1,1,0,-0.004211426,0.023986816,25.019531,61,57,1,0,255,2,0,1782503413.643681,148
25.027342,25.019573,-0.15729065,0.6033229,0.7446594,1,1,0,-0.006286621,0.024108887,25.027344,61,57,1,0,255,2,0,1782503413.643681,148
25.023926,25.012644,-0.41986835,0.62308997,0.7189636,1,1,0,-0.016784668,0.024902344,25.023926,61,57,1,0,255,2,0,1782503413.643681,148
25.033203,25.026255,-0.25204295,0.53319865,0.72473145,1,1,0,-0.010070801,0.02130127,25.033203,26,58,0,0,255,2,0,1782503413.7434115,149
25.020752,25.01176,-0.4091644,0.5314067,0.9196167,1,1,0,-0.016357422,0.021240234,25.020752,26,58,0,0,255,2,0,1782503413.7434115,149
25.019775,25.017529,-0.14506175,0.30235565,0.9135742,1,1,0,-0.00579834,0.012084961,25.019775,28,58,0,0,255,2,0,1782503413.7434115,149
25.025145,25.022549,-0.19854735,0.30089325,0.82873535,1,1,0,-0.00793457,0.012023926,25.025146,28,58,0,0,255,2,0,1782503413.7434115,149
25.019531,25.01647,-0.25041738,0.30082574,0.9343567,1,1,0,-0.010009766,0.012023926,25.019531,28,58,0,0,255,2,0,1782503413.7434115,149
25.027346,25.022772,-0.10232758,0.46740246,0.87713623,1,1,0,-0.0040893555,0.018676758,25.027344,29,58,1,0,255,2,0,1782503413.7434115,149
25.030762,25.025911,-0.15580298,0.4674663,0.7477417,1,1,0,-0.006225586,0.018676758,25.030762,29,58,1,0,255,2,0,1782503413.7434115,149
25.028564,25.02288,-0.25964615,0.46589792,0.85250854,1,1,0,-0.010375977,0.018615723,25.028564,29,58,1,0,255,2,0,1782503413.7434115,149
25.014648,25.008358,-0.31292605,0.46563888,0.8127136,1,1,0,-0.012512207,0.018615723,25.014648,29,58,1,0,255,2,0,1782503413.7434115,149
25.031738,25.028456,-0.09471262,0.39416027,0.84436035,1,1,0,-0.0037841797,0.01574707,25.031738,60,58,0,0,255,2,0,1782503413.7434115,149
25.03467,25.030643,-0.20013942,0.4018454,0.7810669,1,1,0,-0.0079956055,0.016052246,25.034668,60,58,0,0,255,2,0,1782503413.7434115,149
25.035156,25.029205,-0.3574971,0.412548,0.84695435,1,1,0,-0.014282227,0.016479492,25.035156,60,58,0,0,255,2,0,1782503413.7434115,149
25.023928,25.01647,-0.10535562,0.60171366,0.695343,1,1,0,-0.004211426,0.024047852,25.023926,61,58,1,0,255,2,0,1782503413.7434115,149
25.036377,25.026789,-0.31468445,0.6172895,0.9059143,1,1,0,-0.012573242,0.024658203,25.036377,61,58,1,0,255,2,0,1782503413.7434115,149
25.021484,25.015379,-0.14657617,0.5329491,0.9837036,1,1,0,-0.005859375,0.02130127,25.021484,26,59,0,0,255,2,0,1782503413.8434103,150
25.034668,25.028189,-0.2001198,0.5332299,0.83047485,1,1,0,-0.0079956055,0.02130127,25.034668,26,59,0,0,255,2,0,1782503413.8434103,150
25.020508,25.013563,-0.25191513,0.5329283,0.9923706,1,1,0,-0.010070801,0.02130127,25.020508,26,59,0,0,255,2,0,1782503413.8434103,150
25.027102,25.018108,-0.40926823,0.5315415,0.7958069,1,1,0,-0.016357422,0.021240234,25.0271,26,59,0,0,255,2,0,1782503413.8434103,150
25.028076,25.026075,-0.09317613,0.30245596,0.6779175,1,1,0,-0.0037231445,0.012084961,25.028076,28,59,0,0,255,2,0,1782503413.8434103,150
25.021238,25.018158,-0.25043428,0.30237335,0.7655029,1,1,0,-0.010009766,0.012084961,25.02124,28,59,0,0,255,2,0,1782503413.8434103,150
25.019775,25.014645,-0.40768445,0.30082867,0.7724304,1,1,0,-0.016296387,0.012023926,25.019775,28,59,0,0,255,2,0,1782503413.8434103,150
25.034668,25.030092,-0.10235752,0.46753925,0.8175659,1,1,0,-0.0040893555,0.018676758,25.034668,29,59,1,0,255,2,0,1782503413.8434103,150
25.027344,25.022118,-0.2077079,0.46740246,0.6635132,1,1,0,-0.008300781,0.018676758,25.027344,29,59,1,0,255,2,0,1782503413.8434103,150
25.021729,25.016047,-0.25957522,0.46577066,0.7456665,1,1,0,-0.010375977,0.018615723,25.021729,29,59,1,0,255,2,0,1782503413.8434103,150
25.02295,25.015951,-0.36494365,0.4657934,0.67993164,1,1,0,-0.014587402,0.018615723,25.02295,29,59,1,0,255,2,0,1782503413.8434103,150
25.031982,25.028368,-0.14817993,0.398747,0.95010376,1,1,0,-0.00592041,0.015930176,25.031982,60,59,0,0,255,2,0,1782503413.8434103,150
25.031006,25.026981,-0.20011014,0.40178663,0.9015808,1,1,0,-0.0079956055,0.016052246,25.031006,60,59,0,0,255,2,0,1782503413.8434103,150
25.03003,25.025448,-0.2535624,0.40635347,0.71432495,1,1,0,-0.010131836,0.016235352,25.03003,60,59,0,0,255,2,0,1782503413.8434103,150
25.031494,25.026281,-0.30551177,0.40943244,0.7550659,1,1,0,-0.012207031,0.016357422,25.031494,60,59,0,0,255,2,0,1782503413.8434103,150
25.033937,25.02796,-0.3574793,0.41405562,0.7879944,1,1,0,-0.014282227,0.016540527,25.033936,60,59,0,0,255,2,0,1782503413.8434103,150
25.031982,25.025135,-0.41091102,0.41707855,1.1755066,1,1,0,-0.016418457,0.016662598,25.031982,60,59,0,0,255,2,0,1782503413.8434103,150
25.013674,25.00413,-0.31439954,0.61520344,0.7367859,1,1,0,-0.012573242,0.024597168,25.013672,61,59,1,0,255,2,0,1782503413.8434103,150
25.012451,25.002068,-0.36779374,0.61975193,0.6906128,1,1,0,-0.014709473,0.024780273,25.012451,61,59,1,0,255,2,0,1782503413.8434103,150
25.02246,25.011179,-0.41984376,0.6230535,0.98202515,1,1,0,-0.016784668,0.024902344,25.02246,61,59,1,0,255,2,0,1782503413.8434103,150
25.026123,25.020254,-0.09773586,0.53304785,0.71432495,1,1,0,-0.00390625,0.02130127,25.026123,26,60,0,0,255,2,0,1782503413.943434,151
25.031738,25.028082,-0.30400592,0.30097252,0.70477295,1,1,0,-0.012145996,0.012023926,25.031738,28,60,0,0,255,2,0,1782503413.943434,151
25.032225,25.027067,-0.4094148,0.3009784,0.7325134,1,1,0,-0.016357422,0.012023926,25.032227,28,60,0,0,255,2,0,1782503413.943434,151
25.030762,25.02618,-0.10386901,0.4674663,0.78985596,1,1,0,-0.0041503906,0.018676758,25.030762,29,60,1,0,255,2,0,1782503413.943434,151
25.029541,25.02384,-0.26118362,0.4659161,0.78060913,1,1,0,-0.010437012,0.018615723,25.029541,29,60,1,0,255,2,0,1782503413.943434,151
25.031738,25.028498,-0.09624042,0.391105,0.83306885,1,1,0,-0.0038452148,0.015625,25.031738,60,60,0,0,255,2,0,1782503413.943434,151
25.031494,25.02752,-0.20011444,0.39873922,0.69869995,1,1,0,-0.0079956055,0.015930176,25.031494,60,60,0,0,255,2,0,1782503413.943434,151
25.019775,25.015244,-0.253459,0.40313324,0.8460083,1,1,0,-0.010131836,0.016113281,25.019775,60,60,0,0,255,2,0,1782503413.943434,151
25.031982,25.026817,-0.3055183,0.40638518,0.8703613,1,1,0,-0.012207031,0.016235352,25.031982,60,60,0,0,255,2,0,1782503413.943434,151
25.0271,25.020304,-0.4108317,0.41394255,0.6709595,1,1,0,-0.016418457,0.016540527,25.0271,60,60,0,0,255,2,0,1782503413.943434,151
25.018066,25.01061,-0.105330944,0.60157275,0.8045044,1,1,0,-0.004211426,0.024047852,25.018066,61,60,1,0,255,2,0,1782503413.943434,151
25.018068,25.008486,-0.3144543,0.61683804,0.8599243,1,1,0,-0.012573242,0.024658203,25.018066,61,60,1,0,255,2,0,1782503413.943434,151
25.02246,25.01114,-0.4198431,0.6245803,1.0466919,1,1,0,-0.016784668,0.024963379,25.02246,61,60,1,0,255,2,0,1782503413.943434,151
25.028074,25.02195,-0.14966922,0.53308946,0.7897339,1,1,0,-0.0059814453,0.02130127,25.028076,26,61,0,0,255,2,0,1782503414.0435941,152
25.031252,25.02432,-0.25355098,0.5316297,0.6744385,1,1,0,-0.010131836,0.021240234,25.03125,26,61,0,0,255,2,0,1782503414.0435941,152
25.03125,25.02303,-0.3589365,0.5316297,0.84002686,1,1,0,-0.014343262,0.021240234,25.03125,26,61,0,0,255,2,0,1782503414.0435941,152
25.022705,25.02009,-0.19852784,0.30239105,0.8546753,1,1,0,-0.00793457,0.012084961,25.022705,28,61,0,0,255,2,0,1782503414.0435941,152
25.033201,25.030138,-0.2505542,0.30099013,0.95706177,1,1,0,-0.010009766,0.012023926,25.033203,28,61,0,0,255,2,0,1782503414.0435941,152
25.019531,25.015192,-0.35576984,0.30082574,0.82092285,1,1,0,-0.014221191,0.012023926,25.019531,28,61,0,0,255,2,0,1782503414.0435941,152
25.031492,25.026335,-0.40940282,0.30096957,0.85562134,1,1,0,-0.016357422,0.012023926,25.031494,28,61,0,0,255,2,0,1782503414.0435941,152
25.015871,25.009577,-0.3129413,0.4656616,0.8414612,1,1,0,-0.012512207,0.018615723,25.01587,29,61,1,0,255,2,0,1782503414.0435941,152
25.027102,25.023493,-0.15120581,0.39714187,0.72299194,1,1,0,-0.0060424805,0.01586914,25.0271,60,61,0,0,255,2,0,1782503414.0435941,152
25.03003,25.026005,-0.20315744,0.4002434,0.7992859,1,1,0,-0.008117676,0.015991211,25.03003,60,61,0,0,255,2,0,1782503414.0435941,152
25.028074,25.0235,-0.25507015,0.40479437,0.6536255,1,1,0,-0.010192871,0.016174316,25.028076,60,61,0,0,255,2,0,1782503414.0435941,152
25.021484,25.01626,-0.30844367,0.40774176,1.03479,1,1,0,-0.012329102,0.016296387,25.021484,60,61,0,0,255,2,0,1782503414.0435941,152
25.031736,25.025742,-0.36050317,0.41249168,0.81747437,1,1,0,-0.014404297,0.016479492,25.031738,60,61,0,0,255,2,0,1782503414.0435941,152
25.028564,25.020243,-0.212274,0.60946107,0.7395325,1,1,0,-0.008483887,0.024353027,25.028564,61,61,1,0,255,2,0,1782503414.0435941,152
25.025145,25.01624,-0.2656854,0.61243176,0.8319702,1,1,0,-0.010620117,0.024475098,25.025146,61,61,1,0,255,2,0,1782503414.0435941,152
25.031738,25.021301,-0.37113172,0.62022984,0.8812561,1,1,0,-0.014831543,0.024780273,25.031738,61,61,1,0,255,2,0,1782503414.0435941,152
25.030762,25.019386,-0.42303655,0.6247875,0.7846985,1,1,0,-0.016906738,0.024963379,25.030762,61,61,1,0,255,2,0,1782503414.0435941,152
25.020506,25.018242,-0.14811999,0.3023645,1.1664124,1,1,0,-0.00592041,0.012084961,25.020508,28,62,0,0,255,2,0,1782503414.143365,153
25.018309,25.012596,-0.26259306,0.46570703,0.66967773,1,1,0,-0.010498047,0.018615723,25.01831,29,62,1,0,255,2,0,1782503414.143365,153
25.011232,25.004192,-0.367825,0.46557525,0.6906128,1,1,0,-0.014709473,0.018615723,25.01123,29,62,1,0,255,2,0,1782503414.143365,153
25.028074,25.024477,-0.14968432,0.39715737,0.7663269,1,1,0,-0.0059814453,0.01586914,25.028076,60,62,0,0,255,2,0,1782503414.143365,153
25.031494,25.027456,-0.20164157,0.40179446,0.68136597,1,1,0,-0.008056641,0.016052246,25.031494,60,62,0,0,255,2,0,1782503414.143365,153
25.03174,25.026506,-0.30704227,0.40943643,0.7810669,1,1,0,-0.012268066,0.016357422,25.031738,60,62,0,0,255,2,0,1782503414.143365,153
25.019531,25.013561,-0.35880065,0.41229054,0.709198,1,1,0,-0.014343262,0.016479492,25.019531,60,62,0,0,255,2,0,1782503414.143365,153
25.022705,25.01586,-0.41075873,0.41692397,0.9837036,1,1,0,-0.016418457,0.016662598,25.022705,60,62,0,0,255,2,0,1782503414.143365,153
25.025145,25.017681,-0.10688772,0.60174304,0.633728,1,1,0,-0.004272461,0.024047852,25.025146,61,62,1,0,255,2,0,1782503414.143365,153
25.020264,25.012415,-0.15877233,0.6062056,0.67211914,1,1,0,-0.0063476562,0.024230957,25.020264,61,62,1,0,255,2,0,1782503414.143365,153
25.016846,25.007921,-0.2640705,0.61375505,0.6906128,1,1,0,-0.010559082,0.024536133,25.016846,61,62,1,0,255,2,0,1782503414.143365,153
25.030031,25.023083,-0.252011,0.53313106,0.68569946,1,1,0,-0.010070801,0.02130127,25.03003,26,63,0,0,255,2,0,1782503414.243453,154
25.031738,25.02354,-0.35741618,0.53164005,0.85302734,1,1,0,-0.014282227,0.021240234,25.031738,26,63,0,0,255,2,0,1782503414.243453,154
25.031496,25.022476,-0.41086736,0.53163487,0.71951294,1,1,0,-0.016418457,0.021240234,25.031494,26,63,0,0,255,2,0,1782503414.243453,154
25.01831,25.016298,-0.096193515,0.30233794,0.74124146,1,1,0,-0.0038452148,0.012084961,25.01831,28,63,0,0,255,2,0,1782503414.243453,154
25.02124,25.01862,-0.20157038,0.30084628,0.7628784,1,1,0,-0.008056641,0.012023926,25.02124,28,63,0,0,255,2,0,1782503414.243453,154
25.0271,25.021893,-0.4123854,0.30091673,0.7732544,1,1,0,-0.016479492,0.012023926,25.0271,28,63,0,0,255,2,0,1782503414.243453,154
25.021484,25.016617,-0.15879901,0.46729302,0.8701782,1,1,0,-0.0063476562,0.018676758,25.021484,29,63,1,0,255,2,0,1782503414.243453,154
25.01831,25.013046,-0.21221295,0.46723375,0.67684937,1,1,0,-0.008483887,0.018676758,25.01831,29,63,1,0,255,2,0,1782503414.243453,154
25.013674,25.00661,-0.36938718,0.4656207,0.7152405,1,1,0,-0.014770508,0.018615723,25.013672,29,63,1,0,255,2,0,1782503414.243453,154
25.023191,25.019941,-0.09315329,0.3924986,0.7472534,1,1,0,-0.0037231445,0.015686035,25.023193,60,63,0,0,255,2,0,1782503414.243453,154
25.032715,25.029135,-0.14665677,0.39723098,0.7680664,1,1,0,-0.005859375,0.01586914,25.032715,60,63,0,0,255,2,0,1782503414.243453,154
25.026121,25.021593,-0.25046867,0.40476277,0.70043945,1,1,0,-0.010009766,0.016174316,25.026123,60,63,0,0,255,2,0,1782503414.243453,154
25.031006,25.025835,-0.30397865,0.4078969,0.7879944,1,1,0,-0.012145996,0.016296387,25.031006,60,63,0,0,255,2,0,1782503414.243453,154
25.026365,25.017433,-0.26111674,0.61551565,0.7949829,1,1,0,-0.010437012,0.024597168,25.026367,61,63,1,0,255,2,0,1782503414.243453,154
25.02173,25.012127,-0.31297323,0.61845505,0.78060913,1,1,0,-0.012512207,0.024719238,25.021729,61,63,1,0,255,2,0,1782503414.243453,154
25.028564,25.018158,-0.36650312,0.62167835,0.6860962,1,1,0,-0.0146484375,0.024841309,25.028564,61,63,1,0,255,2,0,1782503414.243453,154
25.023924,25.012592,-0.41834038,0.62614375,0.77545166,1,1,0,-0.016723633,0.025024414,25.023926,61,63,1,0,255,2,0,1782503414.243453,154
25.028078,25.020535,-0.3054416,0.53308946,0.8972168,1,1,0,-0.012207031,0.02130127,25.028076,26,64,0,0,255,2,0,1782503414.3431454,155
25.032959,25.024706,-0.35896054,0.53319347,0.8807678,1,1,0,-0.014343262,0.02130127,25.032959,26,64,0,0,255,2,0,1782503414.3431454,155
25.031494,25.0282,-0.0977669,0.39415643,0.9102478,1,1,0,-0.00390625,0.01574707,25.031494,60,64,0,0,255,2,0,1782503414.3431454,155
25.01953,25.015907,-0.14963306,0.39854866,0.7334595,1,1,0,-0.0059814453,0.015930176,25.019531,60,64,0,0,255,2,0,1782503414.3431454,155
25.019775,25.015728,-0.20307402,0.40160635,1.0443115,1,1,0,-0.008117676,0.016052246,25.019775,60,64,0,0,255,2,0,1782503414.3431454,155
25.032713,25.028114,-0.25511718,0.40639707,0.71432495,1,1,0,-0.010192871,0.016235352,25.032715,60,64,0,0,255,2,0,1782503414.3431454,155
25.020996,25.014978,-0.3603481,0.4138416,0.87286377,1,1,0,-0.014404297,0.016540527,25.020996,60,64,0,0,255,2,0,1782503414.3431454,155
25.018312,25.010908,-0.05495569,0.60615826,0.7097168,1,1,0,-0.0021972656,0.024230957,25.01831,61,64,1,0,255,2,0,1782503414.3431454,155
25.027344,25.019915,-0.10689726,0.6002687,0.75491333,1,1,0,-0.004272461,0.023986816,25.027344,61,64,1,0,255,2,0,1782503414.3431454,155
25.026367,25.018543,-0.16033833,0.60482645,0.6286011,1,1,0,-0.0064086914,0.024169922,25.026367,61,64,1,0,255,2,0,1782503414.3431454,155
25.030762,25.021173,-0.31766868,0.6156238,0.7816162,1,1,0,-0.0126953125,0.024597168,25.030762,61,64,1,0,255,2,0,1782503414.3431454,155
25.03076,25.020384,-0.36959064,0.61867833,0.8565979,1,1,0,-0.014770508,0.024719238,25.030762,61,64,1,0,255,2,0,1782503414.3431454,155
25.020996,25.019003,-0.096203916,0.30084336,0.88412476,1,1,0,-0.0038452148,0.012023926,25.020996,28,65,0,0,255,2,0,1782503414.4435568,156
25.03247,25.030222,-0.14819092,0.3009813,1.0957642,1,1,0,-0.00592041,0.012023926,25.03247,28,65,0,0,255,2,0,1782503414.4435568,156
25.031982,25.029373,-0.20012926,0.30097544,0.7489929,1,1,0,-0.0079956055,0.012023926,25.031982,28,65,0,0,255,2,0,1782503414.4435568,156
25.026121,25.021738,-0.35891795,0.300905,0.7585144,1,1,0,-0.014343262,0.012023926,25.026123,28,65,0,0,255,2,0,1782503414.4435568,156
25.016602,25.011423,-0.41068587,0.30079052,0.8295593,1,1,0,-0.016418457,0.012023926,25.016602,28,65,0,0,255,2,0,1782503414.4435568,156
25.009033,25.004478,-0.10530512,0.46553436,0.79833984,1,1,0,-0.004211426,0.018615723,25.009033,29,65,1,0,255,2,0,1782503414.4435568,156
25.022951,25.017727,-0.21072558,0.4657934,0.6275635,1,1,0,-0.008422852,0.018615723,25.02295,29,65,1,0,255,2,0,1782503414.4435568,156
25.020264,25.017,-0.09619621,0.39245266,0.8356323,1,1,0,-0.0038452148,0.015686035,25.020264,60,65,0,0,255,2,0,1782503414.4435568,156
25.022217,25.018206,-0.20156705,0.4001185,0.80618286,1,1,0,-0.008056641,0.015991211,25.022217,60,65,0,0,255,2,0,1782503414.4435568,156
25.019531,25.014975,-0.2534563,0.40465614,0.7074585,1,1,0,-0.010131836,0.016174316,25.019531,60,65,0,0,255,2,0,1782503414.4435568,156
25.016602,25.011415,-0.30533028,0.40766218,0.8295593,1,1,0,-0.012207031,0.016296387,25.016602,60,65,0,0,255,2,0,1782503414.4435568,156
25.021484,25.014664,-0.4107391,0.41537666,0.8001404,1,1,0,-0.016418457,0.016601562,25.021484,60,65,0,0,255,2,0,1782503414.4435568,156
25.020264,25.012844,-0.105340354,0.6000989,0.85580444,1,1,0,-0.004211426,0.023986816,25.020264,61,65,1,0,255,2,0,1782503414.4435568,156
25.018066,25.010292,-0.15875886,0.6030993,0.9173889,1,1,0,-0.0063476562,0.024108887,25.018066,61,65,1,0,255,2,0,1782503414.4435568,156
25.021729,25.010458,-0.42135862,0.62150854,0.68096924,1,1,0,-0.016845703,0.024841309,25.021729,61,65,1,0,255,2,0,1782503414.4435568,156
25.026123,25.019161,-0.2534987,0.53304785,0.71258545,1,1,0,-0.010131836,0.02130127,25.026123,26,66,0,0,255,2,0,1782503414.5431252,157
25.020264,25.011217,-0.41068247,0.53292304,0.72125244,1,1,0,-0.016418457,0.02130127,25.020264,26,66,0,0,255,2,0,1782503414.5431252,157
25.017334,25.01534,-0.096189834,0.3007993,0.8581543,1,1,0,-0.0038452148,0.012023926,25.017334,28,66,0,0,255,2,0,1782503414.5431252,157
25.029053,25.025959,-0.25356758,0.30094022,0.7975464,1,1,0,-0.010131836,0.012023926,25.029053,28,66,0,0,255,2,0,1782503414.5431252,157
25.021486,25.017103,-0.35885146,0.30084923,1.0096741,1,1,0,-0.014343262,0.012023926,25.021484,28,66,0,0,255,2,0,1782503414.5431252,157
25.016846,25.012007,-0.15876974,0.46567976,0.7706299,1,1,0,-0.0063476562,0.018615723,25.016846,29,66,1,0,255,2,0,1782503414.5431252,157
25.03589,25.030664,-0.21083455,0.46603426,0.8360596,1,1,0,-0.008422852,0.018615723,25.035889,29,66,1,0,255,2,0,1782503414.5431252,157
25.03125,25.02799,-0.094710864,0.39262497,0.7533264,1,1,0,-0.0037841797,0.015686035,25.03125,60,66,0,0,255,2,0,1782503414.5431252,157
25.021729,25.01578,-0.35730535,0.41232672,0.80966187,1,1,0,-0.014282227,0.016479492,25.021729,60,66,0,0,255,2,0,1782503414.5431252,157
25.02905,25.022255,-0.4093361,0.4155023,0.71606445,1,1,0,-0.016357422,0.016601562,25.029053,60,66,0,0,255,2,0,1782503414.5431252,157
25.01831,25.010891,-0.10533213,0.60005206,0.67892456,1,1,0,-0.004211426,0.023986816,25.01831,61,66,1,0,255,2,0,1782503414.5431252,157
25.02075,25.012495,-0.20915477,0.6077441,0.7220459,1,1,0,-0.008361816,0.024291992,25.020752,61,66,1,0,255,2,0,1782503414.5431252,157
25.01367,25.004839,-0.26251164,0.6106247,0.7593689,1,1,0,-0.010498047,0.024414062,25.013672,61,66,1,0,255,2,0,1782503414.5431252,157
25.024902,25.015354,-0.31454068,0.61547965,0.8229675,1,1,0,-0.012573242,0.024597168,25.024902,61,66,1,0,255,2,0,1782503414.5431252,157
25.017336,25.011475,-0.09617496,0.5328607,1.0070801,1,1,0,-0.0038452148,0.02130127,25.017334,26,67,0,0,255,2,0,1782503414.6437376,158
25.031982,25.025856,-0.14969258,0.53317267,0.73773193,1,1,0,-0.0059814453,0.02130127,25.031982,26,67,0,0,255,2,0,1782503414.6437376,158
25.019773,25.013287,-0.20152742,0.5329127,1.0001526,1,1,0,-0.008056641,0.02130127,25.019775,26,67,0,0,255,2,0,1782503414.6437376,158
25.019773,25.01283,-0.2549614,0.53138596,1.2564697,1,1,0,-0.010192871,0.021240234,25.019775,26,67,0,0,255,2,0,1782503414.6437376,158
25.033447,25.025917,-0.30703503,0.53167635,1.0125427,1,1,0,-0.012268066,0.021240234,25.033447,26,67,0,0,255,2,0,1782503414.6437376,158
25.032713,25.030731,-0.093193464,0.30098426,0.7698059,1,1,0,-0.0037231445,0.012023926,25.032715,28,67,0,0,255,2,0,1782503414.6437376,158
25.031982,25.029743,-0.14666033,0.30097544,1.0602112,1,1,0,-0.005859375,0.012023926,25.031982,28,67,0,0,255,2,0,1782503414.6437376,158
25.032469,25.029873,-0.19860546,0.3009813,0.8911743,1,1,0,-0.00793457,0.012023926,25.03247,28,67,0,0,255,2,0,1782503414.6437376,158
25.034178,25.030523,-0.30403557,0.30100188,1.0047302,1,1,0,-0.012145996,0.012023926,25.03418,28,67,0,0,255,2,0,1782503414.6437376,158
25.020752,25.016201,-0.103827596,0.46575248,0.6286011,1,1,0,-0.0041503906,0.018615723,25.020752,29,67,1,0,255,2,0,1782503414.6437376,158
25.03467,25.029846,-0.15582748,0.46601152,0.80526733,1,1,0,-0.006225586,0.018615723,25.034668,29,67,1,0,255,2,0,1782503414.6437376,158
25.027344,25.022144,-0.20770812,0.46587518,0.75491333,1,1,0,-0.008300781,0.018615723,25.027344,29,67,1,0,255,2,0,1782503414.6437376,158
25.02295,25.01725,-0.26111484,0.4657934,0.71383667,1,1,0,-0.010437012,0.018615723,25.02295,29,67,1,0,255,2,0,1782503414.6437376,158
25.021729,25.01849,-0.09620194,0.3909486,1.096283,1,1,0,-0.0038452148,0.015625,25.021729,60,67,0,0,255,2,0,1782503414.6437376,158
25.031738,25.027763,-0.2001164,0.39874312,0.7715454,1,1,0,-0.0079956055,0.015930176,25.031738,60,67,0,0,255,2,0,1782503414.6437376,158
25.016602,25.01207,-0.25342685,0.4030821,0.7854004,1,1,0,-0.010131836,0.016113281,25.016602,60,67,0,0,255,2,0,1782503414.6437376,158
25.031494,25.024698,-0.41090384,0.41401523,0.7568054,1,1,0,-0.016418457,0.016540527,25.031494,60,67,0,0,255,2,0,1782503414.6437376,158
25.017336,25.00988,-0.105327874,0.60155517,0.6141968,1,1,0,-0.004211426,0.024047852,25.017334,61,67,1,0,255,2,0,1782503414.6437376,158
25.028564,25.01969,-0.26266754,0.6125154,0.695343,1,1,0,-0.010498047,0.024475098,25.028564,61,67,1,0,255,2,0,1782503414.6437376,158
25.019775,25.01392,-0.09465762,0.5329127,1.0642395,1,1,0,-0.0037841797,0.02130127,25.019775,26,68,0,0,255,2,0,1782503414.7431989,159
25.012695,25.004503,-0.35714427,0.5312356,1.0036316,1,1,0,-0.014282227,0.021240234,25.012695,26,68,0,0,255,2,0,1782503414.7431989,159
25.031006,25.02201,-0.4093321,0.5316245,0.7698059,1,1,0,-0.016357422,0.021240234,25.031006,26,68,0,0,255,2,0,1782503414.7431989,159
25.031006,25.029005,-0.09777004,0.3009637,0.70217896,1,1,0,-0.00390625,0.012023926,25.031006,28,68,0,0,255,2,0,1782503414.7431989,159
25.019287,25.01703,-0.14963979,0.3008228,0.73172,1,1,0,-0.0059814453,0.012023926,25.019287,28,68,0,0,255,2,0,1782503414.7431989,159
25.019775,25.016666,-0.2550005,0.30082867,1.0642395,1,1,0,-0.010192871,0.012023926,25.019775,28,68,0,0,255,2,0,1782503414.7431989,159
25.019289,25.014906,-0.35881993,0.3008228,0.95947266,1,1,0,-0.014343262,0.012023926,25.019287,28,68,0,0,255,2,0,1782503414.7431989,159
25.018064,25.011734,-0.316022,0.4657025,0.8024597,1,1,0,-0.012634277,0.018615723,25.018066,29,68,1,0,255,2,0,1782503414.7431989,159
25.019775,25.016565,-0.09466763,0.38939118,0.8417053,1,1,0,-0.0037841797,0.015563965,25.019775,60,68,0,0,255,2,0,1782503414.7431989,159
25.022219,25.018686,-0.14659554,0.39401034,0.8667908,1,1,0,-0.005859375,0.01574707,25.022217,60,68,0,0,255,2,0,1782503414.7431989,159
25.022707,25.018757,-0.20004438,0.39707214,0.82785034,1,1,0,-0.0079956055,0.01586914,25.022705,60,68,0,0,255,2,0,1782503414.7431989,159
25.031248,25.026754,-0.252048,0.40179053,0.6744385,1,1,0,-0.010070801,0.016052246,25.03125,60,68,0,0,255,2,0,1782503414.7431989,159
25.033936,25.028795,-0.30554247,0.40488914,0.70477295,1,1,0,-0.012207031,0.016174316,25.033936,60,68,0,0,255,2,0,1782503414.7431989,159
25.021729,25.014984,-0.40921715,0.41232672,0.87719727,1,1,0,-0.016357422,0.016479492,25.021729,60,68,0,0,255,2,0,1782503414.7431989,159
25.03076,25.023344,-0.10385724,0.6003507,0.88742065,1,1,0,-0.0041503906,0.023986816,25.030762,61,68,1,0,255,2,0,1782503414.7431989,159
25.031738,25.023478,-0.2092466,0.60801095,0.7970276,1,1,0,-0.008361816,0.024291992,25.031738,61,68,1,0,255,2,0,1782503414.7431989,159
25.031738,25.021368,-0.36655018,0.62022984,0.8545532,1,1,0,-0.0146484375,0.024780273,25.031738,61,68,1,0,255,2,0,1782503414.7431989,159
25.032715,25.026884,-0.09623422,0.5316608,0.85910034,1,1,0,-0.0038452148,0.021240234,25.032715,26,69,0,0,255,2,0,1782503414.8436928,160
25.02124,25.015125,-0.14810154,0.53294384,0.7706909,1,1,0,-0.00592041,0.02130127,25.02124,26,69,0,0,255,2,0,1782503414.8436928,160
25.03345,25.02697,-0.20011005,0.5332039,0.8044739,1,1,0,-0.0079956055,0.02130127,25.033447,26,69,0,0,255,2,0,1782503414.8436928,160
25.033203,25.025692,-0.3055046,0.53167117,0.94143677,1,1,0,-0.012207031,0.021240234,25.033203,26,69,0,0,255,2,0,1782503414.8436928,160
25.031006,25.022785,-0.35893297,0.5316245,0.7619934,1,1,0,-0.014343262,0.021240234,25.031006,26,69,0,0,255,2,0,1782503414.8436928,160
25.032957,25.028574,-0.359016,0.30098718,0.82702637,1,1,0,-0.014343262,0.012023926,25.032959,28,69,0,0,255,2,0,1782503414.8436928,160
25.028076,25.022894,-0.41087422,0.30092847,0.85128784,1,1,0,-0.016418457,0.012023926,25.028076,28,69,0,0,255,2,0,1782503414.8436928,160
25.032959,25.026644,-0.31468263,0.46597973,0.8977051,1,1,0,-0.012573242,0.018615723,25.032959,29,69,1,0,255,2,0,1782503414.8436928,160
25.03247,25.028507,-0.19859463,0.39875478,0.7637329,1,1,0,-0.00793457,0.015930176,25.03247,60,69,0,0,255,2,0,1782503414.8436928,160
25.028076,25.023558,-0.2520158,0.403267,0.7507324,1,1,0,-0.010070801,0.016113281,25.028076,60,69,0,0,255,2,0,1782503414.8436928,160
25.031494,25.026348,-0.30398488,0.40637726,0.7975464,1,1,0,-0.012145996,0.016235352,25.031494,60,69,0,0,255,2,0,1782503414.8436928,160
25.032227,25.026321,-0.3559281,0.41097206,0.7732544,1,1,0,-0.014221191,0.016418457,25.032227,60,69,0,0,255,2,0,1782503414.8436928,160
25.01831,25.011541,-0.40916082,0.41379717,1.0590515,1,1,0,-0.016357422,0.016540527,25.01831,60,69,0,0,255,2,0,1782503414.8436928,160
25.031738,25.024359,-0.10386146,0.59884673,0.84017944,1,1,0,-0.0041503906,0.023925781,25.031738,61,69,1,0,255,2,0,1782503414.8436928,160
25.026367,25.018646,-0.15575774,0.60177237,0.7005005,1,1,0,-0.006225586,0.024047852,25.026367,61,69,1,0,255,2,0,1782503414.8436928,160
25.027342,25.019121,-0.20921017,0.6063771,0.8422241,1,1,0,-0.008361816,0.024230957,25.027344,61,69,1,0,255,2,0,1782503414.8436928,160
25.028564,25.01978,-0.26114124,0.60946107,0.76623535,1,1,0,-0.010437012,0.024353027,25.028564,61,69,1,0,255,2,0,1782503414.8436928,160
25.029541,25.020067,-0.31459993,0.6125393,0.868927,1,1,0,-0.012573242,0.024475098,25.029541,61,69,1,0,255,2,0,1782503414.8436928,160
25.019531,25.008352,-0.4182695,0.61992735,0.66659546,1,1,0,-0.016723633,0.024780273,25.019531,61,69,1,0,255,2,0,1782503414.8436928,160
25.03345,25.024397,-0.4108989,0.5332039,0.70043945,1,1,0,-0.016418457,0.02130127,25.033447,26,70,0,0,255,2,0,1782503414.9432619,161
25.01831,25.016329,-0.09313984,0.30081105,0.7758789,1,1,0,-0.0037231445,0.012023926,25.01831,28,70,0,0,255,2,0,1782503414.9432619,161
25.019777,25.017548,-0.14506187,0.30082867,0.8694153,1,1,0,-0.00579834,0.012023926,25.019775,28,70,0,0,255,2,0,1782503414.9432619,161
25.032469,25.029406,-0.25054687,0.3009813,0.7715454,1,1,0,-0.010009766,0.012023926,25.03247,28,70,0,0,255,2,0,1782503414.9432619,161
25.029053,25.025415,-0.3024459,0.30094022,0.7680664,1,1,0,-0.012084961,0.012023926,25.029053,28,70,0,0,255,2,0,1782503414.9432619,161
25.020996,25.016657,-0.35579067,0.30084336,0.8295593,1,1,0,-0.014221191,0.012023926,25.020996,28,70,0,0,255,2,0,1782503414.9432619,161
25.022459,25.017328,-0.40772817,0.30086097,0.8001404,1,1,0,-0.016296387,0.012023926,25.02246,28,70,0,0,255,2,0,1782503414.9432619,161
25.02246,25.017918,-0.10230773,0.4657843,0.84555054,1,1,0,-0.0040893555,0.018615723,25.02246,29,70,1,0,255,2,0,1782503414.9432619,161
25.021484,25.015802,-0.25957268,0.46576613,0.78604126,1,1,0,-0.010375977,0.018615723,25.021484,29,70,1,0,255,2,0,1782503414.9432619,161
25.020264,25.012455,-0.41681105,0.4657434,0.85580444,1,1,0,-0.016662598,0.018615723,25.020264,29,70,1,0,255,2,0,1782503414.9432619,161
25.021729,25.015759,-0.35883218,0.41232672,0.8460083,1,1,0,-0.014343262,0.016479492,25.021729,60,70,0,0,255,2,0,1782503414.9432619,161
25.031736,25.023968,-0.15731828,0.6034289,0.8935852,1,1,0,-0.006286621,0.024108887,25.031738,61,70,1,0,255,2,0,1782503414.9432619,161
25.01831,25.01008,-0.21066117,0.60615826,0.7076721,1,1,0,-0.008422852,0.024230957,25.01831,61,70,1,0,255,2,0,1782503414.9432619,161
25.02295,25.012598,-0.36794865,0.6184852,0.7097168,1,1,0,-0.014709473,0.024719238,25.02295,61,70,1,0,255,2,0,1782503414.9432619,161
25.027342,25.016096,-0.41992632,0.621648,0.7241211,1,1,0,-0.016784668,0.024841309,25.027344,61,70,1,0,255,2,0,1782503414.9432619,161
25.032715,25.025185,-0.30702606,0.5316608,0.81399536,1,1,0,-0.012268066,0.021240234,25.032715,26,71,0,0,255,2,0,1782503415.0436652,162
25.025146,25.016106,-0.41229007,0.53150004,0.7879944,1,1,0,-0.016479492,0.021240234,25.025146,26,71,0,0,255,2,0,1782503415.0436652,162
25.026121,25.022429,-0.30699223,0.300905,0.7637329,1,1,0,-0.012268066,0.012023926,25.026123,28,71,0,0,255,2,0,1782503415.0436652,162
25.031982,25.027597,-0.359002,0.30097544,0.7914734,1,1,0,-0.014343262,0.012023926,25.031982,28,71,0,0,255,2,0,1782503415.0436652,162
25.031738,25.026869,-0.15886408,0.46748453,0.85250854,1,1,0,-0.0063476562,0.018676758,25.031738,29,71,1,0,255,2,0,1782503415.0436652,162
25.02295,25.01722,-0.26416868,0.4657934,0.6593933,1,1,0,-0.010559082,0.018615723,25.02295,29,71,1,0,255,2,0,1782503415.0436652,162
25.00879,25.001728,-0.36931506,0.4655298,0.8652649,1,1,0,-0.014770508,0.018615723,25.00879,29,71,1,0,255,2,0,1782503415.0436652,162
25.032715,25.029142,-0.1451291,0.39723098,0.73773193,1,1,0,-0.00579834,0.01586914,25.032715,60,71,0,0,255,2,0,1782503415.0436652,162
25.032713,25.028185,-0.25053465,0.40486938,0.85128784,1,1,0,-0.010009766,0.016174316,25.032715,60,71,0,0,255,2,0,1782503415.0436652,162
25.032225,25.027056,-0.30399346,0.4079168,0.8070679,1,1,0,-0.012145996,0.016296387,25.032227,60,71,0,0,255,2,0,1782503415.0436652,162
25.030031,25.023258,-0.40782478,0.41551852,0.84436035,1,1,0,-0.016296387,0.016601562,25.03003,60,71,0,0,255,2,0,1782503415.0436652,162
25.019531,25.012163,-0.1022842,0.5985547,0.64501953,1,1,0,-0.0040893555,0.023925781,25.019531,61,71,1,0,255,2,0,1782503415.0436652,162
25.019531,25.011776,-0.15571497,0.60313463,0.70150757,1,1,0,-0.006225586,0.024108887,25.019531,61,71,1,0,255,2,0,1782503415.0436652,162
25.019285,25.01108,-0.20761628,0.6061819,0.78912354,1,1,0,-0.008300781,0.024230957,25.019287,61,71,1,0,255,2,0,1782503415.0436652,162
25.018066,25.00858,-0.31292883,0.61378497,0.7706299,1,1,0,-0.012512207,0.024536133,25.018066,61,71,1,0,255,2,0,1782503415.0436652,162
25.026367,25.015146,-0.4183831,0.62162375,0.71383667,1,1,0,-0.016723633,0.024841309,25.026367,61,71,1,0,255,2,0,1782503415.0436652,162
25.02124,25.015379,-0.096189976,0.53294384,0.89019775,1,1,0,-0.0038452148,0.02130127,25.02124,26,72,0,0,255,2,0,1782503415.143391,163
25.033205,25.026712,-0.20163558,0.53319865,0.7749939,1,1,0,-0.008056641,0.02130127,25.033203,26,72,0,0,255,2,0,1782503415.143391,163
25.022217,25.013168,-0.41071454,0.53296465,1.1421814,1,1,0,-0.016418457,0.02130127,25.022217,26,72,0,0,255,2,0,1782503415.143391,163
25.020996,25.01874,-0.14965001,0.30084336,1.0832825,1,1,0,-0.0059814453,0.012023926,25.020996,28,72,0,0,255,2,0,1782503415.143391,163
25.02124,25.018131,-0.25501543,0.30084628,0.7819519,1,1,0,-0.010192871,0.012023926,25.02124,28,72,0,0,255,2,0,1782503415.143391,163
25.033447,25.029062,-0.359023,0.30099306,0.70043945,1,1,0,-0.014343262,0.012023926,25.033447,28,72,0,0,255,2,0,1782503415.143391,163
25.031248,25.027973,-0.09318319,0.39415258,0.7663269,1,1,0,-0.0037231445,0.01574707,25.03125,60,72,0,0,255,2,0,1782503415.143391,163
25.031982,25.028385,-0.14512472,0.398747,0.7533264,1,1,0,-0.00579834,0.015930176,25.031982,60,72,0,0,255,2,0,1782503415.143391,163
25.032715,25.028702,-0.19859616,0.40181404,0.7637329,1,1,0,-0.00793457,0.016052246,25.032715,60,72,0,0,255,2,0,1782503415.143391,163
25.019531,25.01498,-0.25040245,0.40618303,0.9135742,1,1,0,-0.010009766,0.016235352,25.019531,60,72,0,0,255,2,0,1782503415.143391,163
25.033205,25.02801,-0.30400506,0.4094604,1.0108032,1,1,0,-0.012145996,0.016357422,25.033203,60,72,0,0,255,2,0,1782503415.143391,163
25.025145,25.019192,-0.3558267,0.41391024,0.7637329,1,1,0,-0.014221191,0.016540527,25.025146,60,72,0,0,255,2,0,1782503415.143391,163
25.032957,25.02616,-0.4078721,0.41709483,0.73773193,1,1,0,-0.016296387,0.016662598,25.032959,60,72,0,0,255,2,0,1782503415.143391,163
25.026367,25.018923,-0.10231184,0.60177237,0.7693176,1,1,0,-0.0040893555,0.024047852,25.026367,61,72,1,0,255,2,0,1782503415.143391,163
25.026367,25.018084,-0.20767441,0.6094076,0.8545532,1,1,0,-0.008300781,0.024353027,25.026367,61,72,1,0,255,2,0,1782503415.143391,163
25.032957,25.02339,-0.31311417,0.6172052,0.9059143,1,1,0,-0.012512207,0.024658203,25.032959,61,72,1,0,255,2,0,1782503415.143391,163
25.021484,25.01114,-0.36487347,0.61997575,0.82092285,1,1,0,-0.014587402,0.024780273,25.021484,61,72,1,0,255,2,0,1782503415.143391,163
25.029053,25.023233,-0.09316555,0.531583,0.71606445,1,1,0,-0.0037231445,0.021240234,25.029053,26,73,0,0,255,2,0,1782503415.2435496,164
25.020508,25.014402,-0.14657044,0.5329283,0.87979126,1,1,0,-0.005859375,0.02130127,25.020508,26,73,0,0,255,2,0,1782503415.2435496,164
25.01953,25.013067,-0.19847211,0.5329075,0.80966187,1,1,0,-0.00793457,0.02130127,25.019531,26,73,0,0,255,2,0,1782503415.2435496,164
25.03125,25.02435,-0.25049627,0.5316297,1.0844727,1,1,0,-0.010009766,0.021240234,25.03125,26,73,0,0,255,2,0,1782503415.2435496,164
25.031252,25.023758,-0.3039534,0.5316297,0.7732544,1,1,0,-0.012145996,0.021240234,25.03125,26,73,0,0,255,2,0,1782503415.2435496,164
25.021482,25.01331,-0.35574305,0.53142226,1.2486877,1,1,0,-0.014221191,0.021240234,25.021484,26,73,0,0,255,2,0,1782503415.2435496,164
25.032715,25.023745,-0.40783274,0.5316608,0.7767334,1,1,0,-0.016296387,0.021240234,25.032715,26,73,0,0,255,2,0,1782503415.2435496,164
25.031982,25.028889,-0.25359726,0.30097544,0.69869995,1,1,0,-0.010131836,0.012023926,25.031982,28,73,0,0,255,2,0,1782503415.2435496,164
25.031252,25.027998,-0.09929373,0.39109737,0.82702637,1,1,0,-0.003967285,0.015625,25.03125,60,73,0,0,255,2,0,1782503415.2435496,164
25.027102,25.023518,-0.15120596,0.39561456,0.70477295,1,1,0,-0.0060424805,0.015808105,25.0271,60,73,0,0,255,2,0,1782503415.2435496,164
25.0271,25.0231,-0.20313387,0.3986692,0.679657,1,1,0,-0.008117676,0.015930176,25.0271,60,73,0,0,255,2,0,1782503415.2435496,164
25.031248,25.026684,-0.25663027,0.40331814,0.69610596,1,1,0,-0.010253906,0.016113281,25.03125,60,73,0,0,255,2,0,1782503415.2435496,164
25.032715,25.026722,-0.36204508,0.41098008,0.86776733,1,1,0,-0.014465332,0.016418457,25.032715,60,73,0,0,255,2,0,1782503415.2435496,164
25.031006,25.024158,-0.41395053,0.41400716,0.7914734,1,1,0,-0.016540527,0.016540527,25.031006,60,73,0,0,255,2,0,1782503415.2435496,164
25.026365,25.01903,-0.056500595,0.6032994,0.93673706,1,1,0,-0.0022583008,0.024108887,25.026367,61,73,1,0,255,2,0,1782503415.2435496,164
25.028564,25.02023,-0.2138011,0.60946107,0.868927,1,1,0,-0.008544922,0.024353027,25.028564,61,73,1,0,255,2,0,1782503415.2435496,164
25.026367,25.017424,-0.265698,0.61398864,0.7251282,1,1,0,-0.010620117,0.024536133,25.026367,61,73,1,0,255,2,0,1782503415.2435496,164
25.023926,25.014303,-0.31758147,0.6169825,0.7097168,1,1,0,-0.0126953125,0.024658203,25.023926,61,73,1,0,255,2,0,1782503415.2435496,164
25.021729,25.011257,-0.37098274,0.62150854,0.70666504,1,1,0,-0.014831543,0.024841309,25.021729,61,73,1,0,255,2,0,1782503415.2435496,164
25.017334,25.005964,-0.4228096,0.6244523,0.77752686,1,1,0,-0.016906738,0.024963379,25.017334,61,73,1,0,255,2,0,1782503415.2435496,164
25.033447,25.025238,-0.3559127,0.5332039,1.0697327,1,1,0,-0.014221191,0.02130127,25.033447,26,74,0,0,255,2,0,1782503415.3434474,165
25.019533,25.016924,-0.20002972,0.30082574,0.9222107,1,1,0,-0.0079956055,0.012023926,25.019531,28,74,0,0,255,2,0,1782503415.3434474,165
25.019287,25.012268,-0.36641684,0.4657252,0.8640137,1,1,0,-0.0146484375,0.018615723,25.019287,29,74,1,0,255,2,0,1782503415.3434474,165
25.03125,25.027956,-0.097765945,0.39415258,0.95877075,1,1,0,-0.00390625,0.01574707,25.03125,60,74,0,0,255,2,0,1782503415.3434474,165
25.031738,25.02814,-0.14970623,0.3972155,1.2058411,1,1,0,-0.0059814453,0.01586914,25.031738,60,74,0,0,255,2,0,1782503415.3434474,165
25.032225,25.02765,-0.25511244,0.40486148,0.7828064,1,1,0,-0.010192871,0.016174316,25.032227,60,74,0,0,255,2,0,1782503415.3434474,165
25.030027,25.024033,-0.36047855,0.41246352,0.72732544,1,1,0,-0.014404297,0.016479492,25.03003,60,74,0,0,255,2,0,1782503415.3434474,165
25.027344,25.019878,-0.10689711,0.60179585,0.86276245,1,1,0,-0.004272461,0.024047852,25.027344,61,74,1,0,255,2,0,1782503415.3434474,165
25.01831,25.0105,-0.15876018,0.6046318,0.6409302,1,1,0,-0.0063476562,0.024169922,25.01831,61,74,1,0,255,2,0,1782503415.3434474,165
25.032959,25.024635,-0.21231127,0.6095681,0.8730469,1,1,0,-0.008483887,0.024353027,25.032959,61,74,1,0,255,2,0,1782503415.3434474,165
25.01587,25.006983,-0.2640606,0.61220473,0.7675781,1,1,0,-0.010559082,0.024475098,25.01587,61,74,1,0,255,2,0,1782503415.3434474,165
25.014648,25.00424,-0.36935216,0.61980635,0.8188782,1,1,0,-0.014770508,0.024780273,25.014648,61,74,1,0,255,2,0,1782503415.3434474,165
25.031982,25.029982,-0.09777386,0.30097544,1.0177307,1,1,0,-0.00390625,0.012023926,25.031982,28,75,0,0,255,2,0,1782503415.4436204,166
25.028078,25.02581,-0.1512198,0.30092847,0.7793274,1,1,0,-0.0060424805,0.012023926,25.028076,28,75,0,0,255,2,0,1782503415.4436204,166
25.02124,25.018608,-0.2030974,0.30084628,0.82437134,1,1,0,-0.008117676,0.012023926,25.02124,28,75,0,0,255,2,0,1782503415.4436204,166
25.019531,25.015137,-0.054964982,0.46572977,0.65734863,1,1,0,-0.0021972656,0.018615723,25.019531,29,75,1,0,255,2,0,1782503415.4436204,166
25.019285,25.014715,-0.10840186,0.4657252,0.9327698,1,1,0,-0.004333496,0.018615723,25.019287,29,75,1,0,255,2,0,1782503415.4436204,166
25.015867,25.011019,-0.1602901,0.4656616,0.80041504,1,1,0,-0.0064086914,0.018615723,25.01587,29,75,1,0,255,2,0,1782503415.4436204,166
25.01587,25.010633,-0.21219248,0.4656616,0.70703125,1,1,0,-0.008483887,0.018615723,25.01587,29,75,1,0,255,2,0,1782503415.4436204,166
25.01587,25.010124,-0.26562044,0.4656616,0.7131653,1,1,0,-0.010620117,0.018615723,25.01587,29,75,1,0,255,2,0,1782503415.4436204,166
25.020264,25.013199,-0.3694845,0.4657434,0.84555054,1,1,0,-0.014770508,0.018615723,25.020264,29,75,1,0,255,2,0,1782503415.4436204,166
25.025146,25.021894,-0.09316056,0.39252925,0.7992859,1,1,0,-0.0037231445,0.015686035,25.025146,60,75,0,0,255,2,0,1782503415.4436204,166
25.020264,25.015762,-0.2504103,0.4031411,0.661438,1,1,0,-0.010009766,0.016113281,25.020264,60,75,0,0,255,2,0,1782503415.4436204,166
25.031006,25.0251,-0.35591075,0.41095203,0.85736084,1,1,0,-0.014221191,0.016418457,25.031006,60,75,0,0,255,2,0,1782503415.4436204,166
25.020994,25.0142,-0.4092043,0.41536856,1.0070801,1,1,0,-0.016357422,0.016601562,25.020996,60,75,0,0,255,2,0,1782503415.4436204,166
25.010254,25.00277,-0.10377185,0.60291094,0.6864929,1,1,0,-0.0041503906,0.024108887,25.010254,61,75,1,0,255,2,0,1782503415.4436204,166
25.015867,25.008003,-0.15569149,0.60762554,0.6885376,1,1,0,-0.006225586,0.024291992,25.01587,61,75,1,0,255,2,0,1782503415.4436204,166
25.029541,25.02122,-0.20770045,0.6110121,0.7097168,1,1,0,-0.008300781,0.024414062,25.029541,61,75,1,0,255,2,0,1782503415.4436204,166
25.025146,25.016212,-0.26110402,0.61548567,0.6984253,1,1,0,-0.010437012,0.024597168,25.025146,61,75,1,0,255,2,0,1782503415.4436204,166
25.020264,25.010662,-0.3129549,0.6184189,0.85787964,1,1,0,-0.012512207,0.024719238,25.020264,61,75,1,0,255,2,0,1782503415.4436204,166
25.01587,25.005466,-0.3663172,0.621363,0.7244568,1,1,0,-0.0146484375,0.024841309,25.01587,61,75,1,0,255,2,0,1782503415.4436204,166
25.033205,25.027367,-0.09776364,0.53167117,0.8044739,1,1,0,-0.00390625,0.021240234,25.033203,26,76,0,0,255,2,0,1782503415.5433495,167
25.019775,25.012217,-0.30686694,0.5329127,0.88153076,1,1,0,-0.012268066,0.02130127,25.019775,26,76,0,0,255,2,0,1782503415.5433495,167
25.03003,25.021788,-0.36044618,0.53160375,0.85128784,1,1,0,-0.014404297,0.021240234,25.03003,26,76,0,0,255,2,0,1782503415.5433495,167
25.0271,25.025105,-0.09622738,0.30091673,0.71343994,1,1,0,-0.0038452148,0.012023926,25.0271,28,76,0,0,255,2,0,1782503415.5433495,167
25.030031,25.026936,-0.25357747,0.30095196,0.7585144,1,1,0,-0.010131836,0.012023926,25.03003,28,76,0,0,255,2,0,1782503415.5433495,167
25.024166,25.019785,-0.35888994,0.3008815,0.62677,1,1,0,-0.014343262,0.012023926,25.02417,28,76,0,0,255,2,0,1782503415.5433495,167
25.016844,25.012014,-0.15724313,0.46567976,0.8475952,1,1,0,-0.006286621,0.018615723,25.016846,29,76,1,0,255,2,0,1782503415.5433495,167
25.03247,25.029152,-0.09777062,0.39569947,1.0714722,1,1,0,-0.00390625,0.015808105,25.03247,60,76,0,0,255,2,0,1782503415.5433495,167
25.033934,25.029335,-0.2551296,0.4064169,0.7845459,1,1,0,-0.010192871,0.016235352,25.033936,60,76,0,0,255,2,0,1782503415.5433495,167
25.03003,25.02403,-0.35895085,0.413991,0.82354736,1,1,0,-0.014343262,0.016540527,25.03003,60,76,0,0,255,2,0,1782503415.5433495,167
25.03003,25.023155,-0.41240627,0.417046,0.68569946,1,1,0,-0.016479492,0.016662598,25.03003,60,76,0,0,255,2,0,1782503415.5433495,167
25.019285,25.012102,-0.054958314,0.5970223,0.80041504,1,1,0,-0.0021972656,0.023864746,25.019287,61,76,1,0,255,2,0,1782503415.5433495,167
25.016844,25.009418,-0.10685241,0.60001695,0.68240356,1,1,0,-0.004272461,0.023986816,25.016846,61,76,1,0,255,2,0,1782503415.5433495,167
25.028566,25.020752,-0.15882526,0.60487956,0.79086304,1,1,0,-0.0063476562,0.024169922,25.028564,61,76,1,0,255,2,0,1782503415.5433495,167
25.02246,25.013573,-0.26413018,0.612366,0.84350586,1,1,0,-0.010559082,0.024475098,25.02246,61,76,1,0,255,2,0,1782503415.5433495,167
25.020752,25.010342,-0.36944228,0.6199576,0.6511841,1,1,0,-0.014770508,0.024780273,25.020752,61,76,1,0,255,2,0,1782503415.5433495,167
25.031984,25.02502,-0.25355807,0.53317267,0.71865845,1,1,0,-0.010131836,0.02130127,25.031982,26,77,0,0,255,2,0,1782503415.6435523,168
25.032227,25.030226,-0.09777481,0.3009784,0.7663269,1,1,0,-0.00390625,0.012023926,25.032227,28,77,0,0,255,2,0,1782503415.6435523,168
25.03247,25.030205,-0.15124635,0.3009813,0.84002686,1,1,0,-0.0060424805,0.012023926,25.03247,28,77,0,0,255,2,0,1782503415.6435523,168
25.032469,25.029835,-0.20318855,0.3009813,0.7975464,1,1,0,-0.008117676,0.012023926,25.03247,28,77,0,0,255,2,0,1782503415.6435523,168
25.019775,25.016651,-0.2565274,0.30082867,0.76116943,1,1,0,-0.010253906,0.012023926,25.019775,28,77,0,0,255,2,0,1782503415.6435523,168
25.022703,25.018993,-0.30847734,0.3008639,1.104065,1,1,0,-0.012329102,0.012023926,25.022705,28,77,0,0,255,2,0,1782503415.6435523,168
25.032469,25.028063,-0.3605366,0.3009813,0.85736084,1,1,0,-0.014404297,0.012023926,25.03247,28,77,0,0,255,2,0,1782503415.6435523,168
25.019775,25.014545,-0.4137915,0.30082867,0.8460083,1,1,0,-0.016540527,0.012023926,25.019775,28,77,0,0,255,2,0,1782503415.6435523,168
25.019285,25.014687,-0.10840173,0.467252,0.80862427,1,1,0,-0.004333496,0.018676758,25.019287,29,77,1,0,255,2,0,1782503415.6435523,168
25.01367,25.008823,-0.16027604,0.4656207,0.67419434,1,1,0,-0.0064086914,0.018615723,25.013672,29,77,1,0,255,2,0,1782503415.6435523,168
25.015867,25.01062,-0.213719,0.4656616,0.7901306,1,1,0,-0.008544922,0.018615723,25.01587,29,77,1,0,255,2,0,1782503415.6435523,168
25.029541,25.023792,-0.2657656,0.4659161,0.7364502,1,1,0,-0.010620117,0.018615723,25.029541,29,77,1,0,255,2,0,1782503415.6435523,168
25.015867,25.009518,-0.3175207,0.4656616,0.7901306,1,1,0,-0.0126953125,0.018615723,25.01587,29,77,1,0,255,2,0,1782503415.6435523,168
25.030762,25.023672,-0.37116688,0.4659388,0.7005005,1,1,0,-0.014831543,0.018615723,25.030762,29,77,1,0,255,2,0,1782503415.6435523,168
25.027098,25.023062,-0.20160617,0.40172392,0.7793274,1,1,0,-0.008056641,0.016052246,25.0271,60,77,0,0,255,2,0,1782503415.6435523,168
25.03247,25.027887,-0.25358713,0.4063931,0.69869995,1,1,0,-0.010131836,0.016235352,25.03247,60,77,0,0,255,2,0,1782503415.6435523,168
25.014648,25.00942,-0.30683264,0.4091569,0.8477478,1,1,0,-0.012268066,0.016357422,25.014648,60,77,0,0,255,2,0,1782503415.6435523,168
25.031982,25.025984,-0.35897887,0.4140233,0.73773193,1,1,0,-0.014343262,0.016540527,25.031982,60,77,0,0,255,2,0,1782503415.6435523,168
25.032957,25.025534,-0.105393805,0.6004034,0.89974976,1,1,0,-0.004211426,0.023986816,25.032959,61,77,1,0,255,2,0,1782503415.6435523,168
25.02075,25.011187,-0.3160151,0.61537755,0.59573364,1,1,0,-0.012634277,0.024597168,25.020752,61,77,1,0,255,2,0,1782503415.6435523,168
25.021484,25.011095,-0.36792654,0.61997575,0.8599243,1,1,0,-0.014709473,0.024780273,25.021484,61,77,1,0,255,2,0,1782503415.6435523,168
25.023926,25.012617,-0.42139497,0.62308997,0.8216858,1,1,0,-0.016845703,0.024902344,25.023926,61,77,1,0,255,2,0,1782503415.6435523,168
25.015623,25.013004,-0.20152514,0.30077878,0.7559509,1,1,0,-0.008056641,0.012023926,25.015625,28,78,0,0,255,2,0,1782503415.7437155,169
25.020996,25.015816,-0.41075802,0.30084336,1.0114136,1,1,0,-0.016418457,0.012023926,25.020996,28,78,0,0,255,2,0,1782503415.7437155,169
25.013674,25.009117,-0.105324656,0.4656207,0.68136597,1,1,0,-0.004211426,0.018615723,25.013672,29,78,1,0,255,2,0,1782503415.7437155,169
25.034668,25.02678,-0.42163357,0.46601152,0.8442688,1,1,0,-0.016845703,0.018615723,25.034668,29,78,1,0,255,2,0,1782503415.7437155,169
25.016602,25.012947,-0.15114208,0.4000287,0.80184937,1,1,0,-0.0060424805,0.015991211,25.016602,60,78,0,0,255,2,0,1782503415.7437155,169
25.027102,25.023027,-0.20313327,0.40325126,0.72299194,1,1,0,-0.008117676,0.016113281,25.0271,60,78,0,0,255,2,0,1782503415.7437155,169
25.033201,25.028563,-0.25664952,0.40793273,0.9162903,1,1,0,-0.010253906,0.016296387,25.033203,60,78,0,0,255,2,0,1782503415.7437155,169
25.0271,25.021826,-0.30851227,0.4108879,0.8088074,1,1,0,-0.012329102,0.016418457,25.0271,60,78,0,0,255,2,0,1782503415.7437155,169
25.031248,25.025202,-0.3604954,0.4155388,1.0523987,1,1,0,-0.014404297,0.016601562,25.03125,60,78,0,0,255,2,0,1782503415.7437155,169
25.010256,25.003036,-0.054938395,0.59833276,0.69470215,1,1,0,-0.0021972656,0.023925781,25.010254,61,78,1,0,255,2,0,1782503415.7437155,169
25.019287,25.011818,-0.108389296,0.60160214,0.85580444,1,1,0,-0.004333496,0.024047852,25.019287,61,78,1,0,255,2,0,1782503415.7437155,169
25.019285,25.011427,-0.16029273,0.6061819,0.7942505,1,1,0,-0.0064086914,0.024230957,25.019287,61,78,1,0,255,2,0,1782503415.7437155,169
25.02246,25.014128,-0.21374896,0.6093125,0.74191284,1,1,0,-0.008544922,0.024353027,25.02246,61,78,1,0,255,2,0,1782503415.7437155,169
25.023924,25.014982,-0.26567206,0.61392874,0.6748047,1,1,0,-0.010620117,0.024536133,25.023926,61,78,1,0,255,2,0,1782503415.7437155,169
25.025146,25.015524,-0.31759697,0.6170126,0.734375,1,1,0,-0.0126953125,0.024658203,25.025146,61,78,1,0,255,2,0,1782503415.7437155,169
25.034668,25.02329,-0.42310256,0.62488496,0.86276245,1,1,0,-0.016906738,0.024963379,25.034668,61,78,1,0,255,2,0,1782503415.7437155,169
25.03003,25.021011,-0.4108433,0.53160375,0.94143677,1,1,0,-0.016418457,0.021240234,25.03003,26,79,0,0,255,2,0,1782503415.8432887,170
25.027102,25.024834,-0.1512139,0.30091673,0.70999146,1,1,0,-0.0060424805,0.012023926,25.0271,28,79,0,0,255,2,0,1782503415.8432887,170
25.031248,25.028614,-0.20317864,0.30096665,0.7602539,1,1,0,-0.008117676,0.012023926,25.03125,28,79,0,0,255,2,0,1782503415.8432887,170
25.026121,25.022997,-0.25659245,0.300905,0.70043945,1,1,0,-0.010253906,0.012023926,25.026123,28,79,0,0,255,2,0,1782503415.8432887,170
25.031006,25.027294,-0.30857968,0.3009637,0.7455139,1,1,0,-0.012329102,0.012023926,25.031006,28,79,0,0,255,2,0,1782503415.8432887,170
25.020754,25.015522,-0.41380766,0.3008404,1.09021,1,1,0,-0.016540527,0.012023926,25.020752,28,79,0,0,255,2,0,1782503415.8432887,170
25.01831,25.013887,-0.054962236,0.46723375,0.6265259,1,1,0,-0.0021972656,0.018676758,25.01831,29,79,1,0,255,2,0,1782503415.8432887,170
25.01953,25.01496,-0.108402915,0.46572977,0.66763306,1,1,0,-0.004333496,0.018615723,25.019531,29,79,1,0,255,2,0,1782503415.8432887,170
25.023926,25.018179,-0.265706,0.46581158,0.79086304,1,1,0,-0.010620117,0.018615723,25.023926,29,79,1,0,255,2,0,1782503415.8432887,170
25.031738,25.024649,-0.37118137,0.465957,0.8545532,1,1,0,-0.014831543,0.018615723,25.031738,29,79,1,0,255,2,0,1782503415.8432887,170
25.032957,25.025043,-0.4231322,0.46597973,0.96240234,1,1,0,-0.016906738,0.018615723,25.032959,29,79,1,0,255,2,0,1782503415.8432887,170
25.033203,25.029604,-0.14971499,0.39723873,1.1252136,1,1,0,-0.0059814453,0.01586914,25.033203,60,79,0,0,255,2,0,1782503415.8432887,170
25.03125,25.027237,-0.20163982,0.40026292,0.7507324,1,1,0,-0.008056641,0.015991211,25.03125,60,79,0,0,255,2,0,1782503415.8432887,170
25.033201,25.027994,-0.3070605,0.40793273,0.673584,1,1,0,-0.012268066,0.016296387,25.033203,60,79,0,0,255,2,0,1782503415.8432887,170
25.03003,25.024055,-0.3589512,0.41246352,0.7767334,1,1,0,-0.014343262,0.016479492,25.03003,60,79,0,0,255,2,0,1782503415.8432887,170
25.027102,25.020254,-0.41235843,0.41546988,0.7793274,1,1,0,-0.016479492,0.016601562,25.0271,60,79,0,0,255,2,0,1782503415.8432887,170
25.021484,25.01314,-0.21068694,0.6108154,0.8763428,1,1,0,-0.008422852,0.024414062,25.021484,61,79,1,0,255,2,0,1782503415.8432887,170
25.021729,25.012766,-0.26412165,0.61540157,0.64398193,1,1,0,-0.010559082,0.024597168,25.021729,61,79,1,0,255,2,0,1782503415.8432887,170
25.015871,25.006231,-0.31595245,0.6183102,0.7542114,1,1,0,-0.012634277,0.024719238,25.01587,61,79,1,0,255,2,0,1782503415.8432887,170
25.016846,25.006361,-0.36938348,0.6229137,0.84555054,1,1,0,-0.014770508,0.024902344,25.016846,61,79,1,0,255,2,0,1782503415.8432887,170
25.03003,25.0231,-0.2535386,0.53160375,0.72732544,1,1,0,-0.010131836,0.021240234,25.03003,26,80,0,0,255,2,0,1782503415.9435496,171
25.028074,25.020546,-0.30696914,0.53156227,0.82354736,1,1,0,-0.012268066,0.021240234,25.028076,26,80,0,0,255,2,0,1782503415.9435496,171
25.03003,25.021809,-0.35891896,0.53160375,0.6744385,1,1,0,-0.014343262,0.021240234,25.03003,26,80,0,0,255,2,0,1782503415.9435496,171
25.035156,25.03206,-0.25362942,0.30101362,0.7489929,1,1,0,-0.010131836,0.012023926,25.035156,28,80,0,0,255,2,0,1782503415.9435496,171
25.026367,25.021809,-0.10537811,0.465857,0.79086304,1,1,0,-0.004211426,0.018615723,25.026367,29,80,1,0,255,2,0,1782503415.9435496,171
25.02075,25.012867,-0.42139918,0.46575248,0.71588135,1,1,0,-0.016845703,0.018615723,25.020752,29,80,1,0,255,2,0,1782503415.9435496,171
25.021484,25.016943,-0.25194916,0.40468773,0.8581543,1,1,0,-0.010070801,0.016174316,25.021484,60,80,0,0,255,2,0,1782503415.9435496,171
25.020506,25.014559,-0.3572879,0.4123066,0.8321533,1,1,0,-0.014282227,0.016479492,25.020508,60,80,0,0,255,2,0,1782503415.9435496,171
25.023926,25.01563,-0.20918098,0.6093481,0.7005005,1,1,0,-0.008361816,0.024353027,25.023926,61,80,1,0,255,2,0,1782503415.9435496,171
25.021729,25.018019,-0.30846533,0.30085215,1.0867615,1,1,0,-0.012329102,0.012023926,25.021729,28,81,0,0,255,2,0,1782503416.0432465,172
25.027098,25.022692,-0.36045924,0.30091673,0.7793274,1,1,0,-0.014404297,0.012023926,25.0271,28,81,0,0,255,2,0,1782503416.0432465,172
25.031982,25.026773,-0.41246587,0.30097544,0.83828735,1,1,0,-0.016479492,0.012023926,25.031982,28,81,0,0,255,2,0,1782503416.0432465,172
25.02246,25.017897,-0.10688864,0.4657843,0.8229675,1,1,0,-0.004272461,0.018615723,25.02246,29,81,1,0,255,2,0,1782503416.0432465,172
25.009766,25.003418,-0.31744325,0.46554798,0.78326416,1,1,0,-0.0126953125,0.018615723,25.009766,29,81,1,0,255,2,0,1782503416.0432465,172
25.030762,25.022848,-0.42309508,0.4659388,0.807312,1,1,0,-0.016906738,0.018615723,25.030762,29,81,1,0,255,2,0,1782503416.0432465,172
25.033447,25.030182,-0.0962469,0.39265946,0.7533264,1,1,0,-0.0038452148,0.015686035,25.033447,60,81,0,0,255,2,0,1782503416.0432465,172
25.016602,25.013004,-0.1496157,0.39697528,0.8390808,1,1,0,-0.0059814453,0.01586914,25.016602,60,81,0,0,255,2,0,1782503416.0432465,172
25.019531,25.01552,-0.20154542,0.40007555,0.8546753,1,1,0,-0.008056641,0.015991211,25.019531,60,81,0,0,255,2,0,1782503416.0432465,172
25.032957,25.02611,-0.41245493,0.41556716,0.84436035,1,1,0,-0.016479492,0.016601562,25.032959,60,81,0,0,255,2,0,1782503416.0432465,172
25.032957,25.025455,-0.106920935,0.6034583,0.9449463,1,1,0,-0.004272461,0.024108887,25.032959,61,81,1,0,255,2,0,1782503416.0432465,172
25.027344,25.019493,-0.15881726,0.6063771,0.6840515,1,1,0,-0.0063476562,0.024230957,25.027344,61,81,1,0,255,2,0,1782503416.0432465,172
25.032959,25.0246,-0.21231095,0.6110955,0.7744446,1,1,0,-0.008483887,0.024414062,25.032959,61,81,1,0,255,2,0,1782503416.0432465,172
25.022947,25.013308,-0.3160419,0.6184852,0.7210388,1,1,0,-0.012634277,0.024719238,25.02295,61,81,1,0,255,2,0,1782503416.0432465,172
25.02954,25.018152,-0.42148826,0.62628424,0.83813477,1,1,0,-0.016845703,0.025024414,25.029541,61,81,1,0,255,2,0,1782503416.0432465,172
25.031252,25.023703,-0.3085354,0.5316297,0.7533264,1,1,0,-0.012329102,0.021240234,25.03125,26,82,0,0,255,2,0,1782503416.1434772,173
25.031982,25.022938,-0.41240266,0.53164524,0.84262085,1,1,0,-0.016479492,0.021240234,25.031982,26,82,0,0,255,2,0,1782503416.1434772,173
25.032225,25.030237,-0.094719365,0.3009784,0.7749939,1,1,0,-0.0037841797,0.012023926,25.032227,28,82,0,0,255,2,0,1782503416.1434772,173
25.032225,25.029987,-0.14666176,0.3009784,0.6770325,1,1,0,-0.005859375,0.012023926,25.032227,28,82,0,0,255,2,0,1782503416.1434772,173
25.031736,25.028658,-0.25206715,0.30097252,0.6805115,1,1,0,-0.010070801,0.012023926,25.031738,28,82,0,0,255,2,0,1782503416.1434772,173
25.031738,25.026888,-0.15580906,0.46748453,0.78060913,1,1,0,-0.006225586,0.018676758,25.031738,29,82,1,0,255,2,0,1782503416.1434772,173
25.027342,25.021643,-0.26116067,0.46587518,0.7487488,1,1,0,-0.010437012,0.018615723,25.027344,29,82,1,0,255,2,0,1782503416.1434772,173
25.019775,25.016188,-0.14810783,0.39702564,1.1300354,1,1,0,-0.00592041,0.01586914,25.019775,60,82,0,0,255,2,0,1782503416.1434772,173
25.033445,25.028257,-0.30553588,0.4079367,0.8088074,1,1,0,-0.012207031,0.016296387,25.033447,60,82,0,0,255,2,0,1782503416.1434772,173
25.03125,25.025276,-0.3589687,0.41248363,0.72473145,1,1,0,-0.014343262,0.016479492,25.03125,60,82,0,0,255,2,0,1782503416.1434772,173
25.030031,25.023209,-0.41087937,0.41551852,1.0159912,1,1,0,-0.016418457,0.016601562,25.03003,60,82,0,0,255,2,0,1782503416.1434772,173
25.025146,25.017763,-0.10536107,0.598689,0.76828,1,1,0,-0.004211426,0.023925781,25.025146,61,82,1,0,255,2,0,1782503416.1434772,173
25.023926,25.01615,-0.15879604,0.60324055,0.71795654,1,1,0,-0.0063476562,0.024108887,25.023926,61,82,1,0,255,2,0,1782503416.1434772,173
25.021484,25.010214,-0.4213545,0.62150246,0.760376,1,1,0,-0.016845703,0.024841309,25.021484,61,82,1,0,255,2,0,1782503416.1434772,173
25.031006,25.025154,-0.0931727,0.53315187,0.69525146,1,1,0,-0.0037231445,0.02130127,25.031006,26,83,0,0,255,2,0,1782503416.2431834,174
25.027102,25.020187,-0.25198182,0.5315415,0.73599243,1,1,0,-0.010070801,0.021240234,25.0271,26,83,0,0,255,2,0,1782503416.2431834,174
25.021482,25.013994,-0.30383483,0.53142226,0.8607483,1,1,0,-0.012145996,0.021240234,25.021484,26,83,0,0,255,2,0,1782503416.2431834,174
25.021729,25.019472,-0.14660014,0.30237925,0.7628784,1,1,0,-0.005859375,0.012084961,25.021729,28,83,0,0,255,2,0,1782503416.2431834,174
25.019531,25.01432,-0.20917003,0.46572977,0.6748047,1,1,0,-0.008361816,0.018615723,25.019531,29,83,1,0,255,2,0,1782503416.2431834,174
25.014648,25.008953,-0.26102823,0.46563888,0.78604126,1,1,0,-0.010437012,0.018615723,25.014648,29,83,1,0,255,2,0,1782503416.2431834,174
25.016846,25.009012,-0.4182805,0.46567976,0.73062134,1,1,0,-0.016723633,0.018615723,25.016846,29,83,1,0,255,2,0,1782503416.2431834,174
25.028076,25.024824,-0.09317147,0.3925752,0.7793274,1,1,0,-0.0037231445,0.015686035,25.028076,60,83,0,0,255,2,0,1782503416.2431834,174
25.0271,25.023552,-0.14509669,0.39561456,0.7663269,1,1,0,-0.00579834,0.015808105,25.0271,60,83,0,0,255,2,0,1782503416.2431834,174
25.02905,25.025064,-0.19856732,0.4002278,0.73599243,1,1,0,-0.00793457,0.015991211,25.029053,60,83,0,0,255,2,0,1782503416.2431834,174
25.032469,25.027966,-0.25053245,0.4033378,0.83047485,1,1,0,-0.010009766,0.016113281,25.03247,60,83,0,0,255,2,0,1782503416.2431834,174
25.025145,25.017738,-0.102307,0.60021603,0.7127991,1,1,0,-0.0040893555,0.023986816,25.025146,61,83,1,0,255,2,0,1782503416.2431834,174
25.021484,25.013693,-0.15572691,0.60470843,0.72753906,1,1,0,-0.006225586,0.024169922,25.021484,61,83,1,0,255,2,0,1782503416.2431834,174
25.027344,25.019098,-0.20768285,0.60790426,0.6871338,1,1,0,-0.008300781,0.024291992,25.027344,61,83,1,0,255,2,0,1782503416.2431834,174
25.025146,25.014801,-0.36492687,0.62006646,0.6481018,1,1,0,-0.014587402,0.024780273,25.025146,61,83,1,0,255,2,0,1782503416.2431834,174
25.033445,25.028263,-0.4109624,0.30099306,0.7325134,1,1,0,-0.016418457,0.012023926,25.033447,28,84,0,0,255,2,0,1782503416.3434954,175
25.014648,25.008339,-0.31445247,0.46563888,0.6977844,1,1,0,-0.012573242,0.018615723,25.014648,29,84,1,0,255,2,0,1782503416.3434954,175
25.031736,25.024693,-0.36812657,0.465957,0.7312927,1,1,0,-0.014709473,0.018615723,25.031738,29,84,1,0,255,2,0,1782503416.3434954,175
25.032717,25.029444,-0.09166097,0.39417565,0.87210083,1,1,0,-0.0036621094,0.01574707,25.032715,60,84,0,0,255,2,0,1782503416.3434954,175
25.031982,25.02841,-0.14512485,0.39721936,0.71951294,1,1,0,-0.00579834,0.01586914,25.031982,60,84,0,0,255,2,0,1782503416.3434954,175
25.03003,25.026028,-0.1970474,0.40177095,0.7342529,1,1,0,-0.007873535,0.016052246,25.03003,60,84,0,0,255,2,0,1782503416.3434954,175
25.022215,25.017689,-0.2504296,0.4046996,0.7828064,1,1,0,-0.010009766,0.016174316,25.022217,60,84,0,0,255,2,0,1782503416.3434954,175
25.031252,25.026075,-0.30245385,0.40942845,0.8955078,1,1,0,-0.012084961,0.016357422,25.03125,60,84,0,0,255,2,0,1782503416.3434954,175
25.028076,25.02217,-0.3543415,0.41243133,0.7732544,1,1,0,-0.014160156,0.016479492,25.028076,60,84,0,0,255,2,0,1782503416.3434954,175
25.019775,25.01298,-0.4076573,0.41687515,1.0365295,1,1,0,-0.016296387,0.016662598,25.019775,60,84,0,0,255,2,0,1782503416.3434954,175
25.025146,25.017399,-0.15422298,0.60327,0.73028564,1,1,0,-0.006164551,0.024108887,25.025146,61,84,1,0,255,2,0,1782503416.3434954,175
25.026367,25.017563,-0.25959095,0.6109346,0.7107544,1,1,0,-0.010375977,0.024414062,25.026367,61,84,1,0,255,2,0,1782503416.3434954,175
25.027344,25.017834,-0.31151745,0.61553967,0.7723999,1,1,0,-0.012451172,0.024597168,25.027344,61,84,1,0,255,2,0,1782503416.3434954,175
25.028564,25.01733,-0.4168923,0.6232055,0.8442688,1,1,0,-0.016662598,0.024902344,25.028564,61,84,1,0,255,2,0,1782503416.3434954,175
25.014648,25.008186,-0.19843338,0.5328035,1.0001526,1,1,0,-0.00793457,0.02130127,25.014648,26,85,0,0,255,2,0,1782503416.4430742,176
25.031252,25.023052,-0.3574092,0.5316297,0.7568054,1,1,0,-0.014282227,0.021240234,25.03125,26,85,0,0,255,2,0,1782503416.4430742,176
25.032225,25.023232,-0.40935206,0.5316504,0.8825073,1,1,0,-0.016357422,0.021240234,25.032227,26,85,0,0,255,2,0,1782503416.4430742,176
25.021484,25.018888,-0.1985183,0.30084923,0.8520813,1,1,0,-0.00793457,0.012023926,25.021484,28,85,0,0,255,2,0,1782503416.4430742,176
25.019775,25.015436,-0.3557733,0.30082867,1.04953,1,1,0,-0.014221191,0.012023926,25.019775,28,85,0,0,255,2,0,1782503416.4430742,176
25.019531,25.014952,-0.10382241,0.46725655,0.6974182,1,1,0,-0.0041503906,0.018676758,25.019531,29,85,1,0,255,2,0,1782503416.4430742,176
25.020264,25.015415,-0.15573764,0.46727023,0.8127136,1,1,0,-0.006225586,0.018676758,25.020264,29,85,1,0,255,2,0,1782503416.4430742,176
25.02246,25.017263,-0.2076676,0.4657843,0.85580444,1,1,0,-0.008300781,0.018615723,25.02246,29,85,1,0,255,2,0,1782503416.4430742,176
25.033936,25.030653,-0.09472094,0.39419487,0.7585144,1,1,0,-0.0037841797,0.01574707,25.033936,60,85,0,0,255,2,0,1782503416.4430742,176
25.020754,25.01674,-0.19850126,0.40162203,0.8624878,1,1,0,-0.00793457,0.016052246,25.020752,60,85,0,0,255,2,0,1782503416.4430742,176
25.020996,25.016455,-0.25194424,0.40467983,0.74816895,1,1,0,-0.010070801,0.016174316,25.020996,60,85,0,0,255,2,0,1782503416.4430742,176
25.021729,25.016535,-0.30386567,0.4092727,0.8546753,1,1,0,-0.012145996,0.016357422,25.021729,60,85,0,0,255,2,0,1782503416.4430742,176
25.021484,25.014688,-0.4092123,0.41537666,0.89190674,1,1,0,-0.016357422,0.016601562,25.021484,60,85,0,0,255,2,0,1782503416.4430742,176
25.02954,25.022123,-0.103852175,0.6003214,0.8730469,1,1,0,-0.0041503906,0.023986816,25.029541,61,85,1,0,255,2,0,1782503416.4430742,176
25.021482,25.013727,-0.15572712,0.60318166,0.7244568,1,1,0,-0.006225586,0.024108887,25.021484,61,85,1,0,255,2,0,1782503416.4430742,176
25.019287,25.01103,-0.20914252,0.6077085,0.76242065,1,1,0,-0.008361816,0.024291992,25.019287,61,85,1,0,255,2,0,1782503416.4430742,176
25.032957,25.022625,-0.36656857,0.61873263,0.75390625,1,1,0,-0.0146484375,0.024719238,25.032959,61,85,1,0,255,2,0,1782503416.4430742,176
25.027102,25.025082,-0.09775472,0.30244416,0.81573486,1,1,0,-0.00390625,0.012084961,25.0271,28,86,0,0,255,2,0,1782503416.5435169,177
25.032225,25.029968,-0.14971717,0.3009784,0.6744385,1,1,0,-0.0059814453,0.012023926,25.032227,28,86,0,0,255,2,0,1782503416.5435169,177
25.031492,25.028872,-0.20165297,0.30096957,0.7325134,1,1,0,-0.008056641,0.012023926,25.031494,28,86,0,0,255,2,0,1782503416.5435169,177
25.016846,25.012451,-0.05495908,0.46567976,0.7008667,1,1,0,-0.0021972656,0.018615723,25.016846,29,86,1,0,255,2,0,1782503416.5435169,177
25.02246,25.017225,-0.2122484,0.4657843,0.9286804,1,1,0,-0.008483887,0.018615723,25.02246,29,86,1,0,255,2,0,1782503416.5435169,177
25.028564,25.02223,-0.3161546,0.46589792,0.7970276,1,1,0,-0.012634277,0.018615723,25.028564,29,86,1,0,255,2,0,1782503416.5435169,177
25.032715,25.02948,-0.094716504,0.39112025,1.0697327,1,1,0,-0.0037841797,0.015625,25.032715,60,86,0,0,255,2,0,1782503416.5435169,177
25.03125,25.027718,-0.14664845,0.39415258,0.7342529,1,1,0,-0.005859375,0.01574707,25.03125,60,86,0,0,255,2,0,1782503416.5435169,177
25.027102,25.023125,-0.2000793,0.3986692,0.70999146,1,1,0,-0.0079956055,0.015930176,25.0271,60,86,0,0,255,2,0,1782503416.5435169,177
25.019531,25.01504,-0.25193,0.40160242,0.82611084,1,1,0,-0.010070801,0.016052246,25.019531,60,86,0,0,255,2,0,1782503416.5435169,177
25.029053,25.023909,-0.30395523,0.40633762,0.7663269,1,1,0,-0.012145996,0.016235352,25.029053,60,86,0,0,255,2,0,1782503416.5435169,177
25.033937,25.028034,-0.35748035,0.40947238,0.82006836,1,1,0,-0.014282227,0.016357422,25.033936,60,86,0,0,255,2,0,1782503416.5435169,177
25.020996,25.014227,-0.40920475,0.4138416,0.8338928,1,1,0,-0.016357422,0.016540527,25.020996,60,86,0,0,255,2,0,1782503416.5435169,177
25.019531,25.012156,-0.10381081,0.5985547,0.69125366,1,1,0,-0.0041503906,0.023925781,25.019531,61,86,1,0,255,2,0,1782503416.5435169,177
25.028564,25.020342,-0.20922038,0.60640675,0.82373047,1,1,0,-0.008361816,0.024230957,25.028564,61,86,1,0,255,2,0,1782503416.5435169,177
25.029543,25.01921,-0.36651853,0.6186482,0.7600708,1,1,0,-0.0146484375,0.024719238,25.029541,61,86,1,0,255,2,0,1782503416.5435169,177
25.0271,25.020597,-0.20311356,0.53306866,0.7897339,1,1,0,-0.008117676,0.02130127,25.0271,26,87,0,0,255,2,0,1782503416.6429799,178
25.019773,25.011536,-0.3602985,0.53138596,0.8694153,1,1,0,-0.014404297,0.021240234,25.019775,26,87,0,0,255,2,0,1782503416.6429799,178
25.021729,25.017345,-0.35885495,0.30085215,1.0114136,1,1,0,-0.014343262,0.012023926,25.021729,28,87,0,0,255,2,0,1782503416.6429799,178
25.029541,25.024303,-0.21230845,0.4659161,0.7949829,1,1,0,-0.008483887,0.018615723,25.029541,29,87,1,0,255,2,0,1782503416.6429799,178
25.031982,25.0287,-0.09471355,0.39416412,0.7732544,1,1,0,-0.0037841797,0.01574707,25.031982,60,87,0,0,255,2,0,1782503416.6429799,178
25.03247,25.02652,-0.35745874,0.41250375,0.9076233,1,1,0,-0.014282227,0.016479492,25.03247,60,87,0,0,255,2,0,1782503416.6429799,178
25.020752,25.013931,-0.41072708,0.4153645,0.94299316,1,1,0,-0.016418457,0.016601562,25.020752,60,87,0,0,255,2,0,1782503416.6429799,178
25.026365,25.018524,-0.15728407,0.60635346,0.6850891,1,1,0,-0.006286621,0.024230957,25.026367,61,87,1,0,255,2,0,1782503416.6429799,178
25.015871,25.007565,-0.21063998,0.60915196,0.75320435,1,1,0,-0.008422852,0.024353027,25.01587,61,87,1,0,255,2,0,1782503416.6429799,178
25.014647,25.00574,-0.2625211,0.61370116,0.79833984,1,1,0,-0.010498047,0.024536133,25.014648,61,87,1,0,255,2,0,1782503416.6429799,178
25.029541,25.018217,-0.41996193,0.624757,0.7610779,1,1,0,-0.016784668,0.024963379,25.029541,61,87,1,0,255,2,0,1782503416.6429799,178
25.034182,25.026669,-0.3055165,0.5316919,0.8122864,1,1,0,-0.012207031,0.021240234,25.03418,26,88,0,0,255,2,0,1782503416.7433474,179
25.03125,25.02925,-0.097771,0.30096665,0.7550659,1,1,0,-0.00390625,0.012023926,25.03125,28,88,0,0,255,2,0,1782503416.7433474,179
25.019775,25.017511,-0.15116966,0.30082867,1.1118774,1,1,0,-0.0060424805,0.012023926,25.019775,28,88,0,0,255,2,0,1782503416.7433474,179
25.022219,25.019585,-0.20310533,0.30085802,0.8581543,1,1,0,-0.008117676,0.012023926,25.022217,28,88,0,0,255,2,0,1782503416.7433474,179
25.031982,25.028856,-0.25665253,0.30097544,0.86602783,1,1,0,-0.010253906,0.012023926,25.031982,28,88,0,0,255,2,0,1782503416.7433474,179
25.021484,25.017775,-0.30846232,0.30084923,0.88586426,1,1,0,-0.012329102,0.012023926,25.021484,28,88,0,0,255,2,0,1782503416.7433474,179
25.034666,25.03026,-0.36056826,0.30100775,0.7698059,1,1,0,-0.014404297,0.012023926,25.034668,28,88,0,0,255,2,0,1782503416.7433474,179
25.020508,25.015278,-0.4138036,0.3008375,0.74472046,1,1,0,-0.016540527,0.012023926,25.020508,28,88,0,0,255,2,0,1782503416.7433474,179
25.018066,25.013672,-0.054961763,0.4657025,0.73883057,1,1,0,-0.0021972656,0.018615723,25.018066,29,88,1,0,255,2,0,1782503416.7433474,179
25.032957,25.028385,-0.1084611,0.46597973,0.84017944,1,1,0,-0.004333496,0.018615723,25.032959,29,88,1,0,255,2,0,1782503416.7433474,179
25.018309,25.013062,-0.21373986,0.46570703,0.7312927,1,1,0,-0.008544922,0.018615723,25.01831,29,88,1,0,255,2,0,1782503416.7433474,179
25.031738,25.02599,-0.26578894,0.465957,0.8545532,1,1,0,-0.010620117,0.018615723,25.031738,29,88,1,0,255,2,0,1782503416.7433474,179
25.025146,25.018795,-0.3176385,0.4658343,0.638855,1,1,0,-0.0126953125,0.018615723,25.025146,29,88,1,0,255,2,0,1782503416.7433474,179
25.021484,25.013573,-0.42293826,0.46576613,1.0076904,1,1,0,-0.016906738,0.018615723,25.021484,29,88,1,0,255,2,0,1782503416.7433474,179
25.034182,25.030191,-0.198608,0.40030977,0.9015808,1,1,0,-0.00793457,0.015991211,25.03418,60,88,0,0,255,2,0,1782503416.7433474,179
25.019773,25.014631,-0.30384257,0.406187,0.80966187,1,1,0,-0.012145996,0.016235352,25.019775,60,88,0,0,255,2,0,1782503416.7433474,179
25.02124,25.014471,-0.40920874,0.41384563,0.8667908,1,1,0,-0.016357422,0.016540527,25.02124,60,88,0,0,255,2,0,1782503416.7433474,179
25.014648,25.0072,-0.10379024,0.6014906,0.8250427,1,1,0,-0.0041503906,0.024047852,25.014648,61,88,1,0,255,2,0,1782503416.7433474,179
25.014648,25.00682,-0.15568413,0.60606956,0.77371216,1,1,0,-0.006225586,0.024230957,25.014648,61,88,1,0,255,2,0,1782503416.7433474,179
25.013674,25.004782,-0.2609847,0.6136772,0.7090759,1,1,0,-0.010437012,0.024536133,25.013672,61,88,1,0,255,2,0,1782503416.7433474,179
25.032957,25.022549,-0.36656746,0.6217875,0.846344,1,1,0,-0.0146484375,0.024841309,25.032959,61,88,1,0,255,2,0,1782503416.7433474,179
25.03467,25.032656,-0.09625641,0.30253562,0.70043945,1,1,0,-0.0038452148,0.012084961,25.034668,28,89,0,0,255,2,0,1782503416.843249,180
25.02075,25.01616,-0.106881216,0.46727934,0.71383667,1,1,0,-0.004272461,0.018676758,25.020752,29,89,1,0,255,2,0,1782503416.843249,180
25.014648,25.00892,-0.26408106,0.46563888,0.70599365,1,1,0,-0.010559082,0.018615723,25.014648,29,89,1,0,255,2,0,1782503416.843249,180
25.02295,25.015907,-0.36799735,0.4657934,0.76623535,1,1,0,-0.014709473,0.018615723,25.02295,29,89,1,0,255,2,0,1782503416.843249,180
25.014648,25.006765,-0.4212964,0.46563888,0.67007446,1,1,0,-0.016845703,0.018615723,25.014648,29,89,1,0,255,2,0,1782503416.843249,180
25.028076,25.024788,-0.096226156,0.3941026,1.1599121,1,1,0,-0.0038452148,0.01574707,25.028076,60,89,0,0,255,2,0,1782503416.843249,180
25.03125,25.026018,-0.30703628,0.40942845,0.7507324,1,1,0,-0.012268066,0.016357422,25.03125,60,89,0,0,255,2,0,1782503416.843249,180
25.019531,25.012686,-0.4107066,0.4168711,1.0200806,1,1,0,-0.016418457,0.016662598,25.019531,60,89,0,0,255,2,0,1782503416.843249,180
25.032959,25.024723,-0.21078451,0.6065132,0.8565979,1,1,0,-0.008422852,0.024230957,25.032959,61,89,1,0,255,2,0,1782503416.843249,180
25.027342,25.01607,-0.42145315,0.621648,0.91412354,1,1,0,-0.016845703,0.024841309,25.027344,61,89,1,0,255,2,0,1782503416.843249,180
25.016602,25.010754,-0.093119085,0.5328451,0.9256897,1,1,0,-0.0037231445,0.02130127,25.016602,26,90,0,0,255,2,0,1782503416.9438198,181
25.03003,25.023563,-0.1985554,0.53313106,0.7342529,1,1,0,-0.00793457,0.02130127,25.03003,26,90,0,0,255,2,0,1782503416.9438198,181
25.019775,25.012846,-0.2503811,0.5329127,0.80184937,1,1,0,-0.010009766,0.02130127,25.019775,26,90,0,0,255,2,0,1782503416.9438198,181
25.020506,25.011484,-0.4091599,0.5329283,1.1664124,1,1,0,-0.016357422,0.02130127,25.020508,26,90,0,0,255,2,0,1782503416.9438198,181
25.03003,25.028023,-0.09471098,0.30247957,0.84436035,1,1,0,-0.0037841797,0.012084961,25.03003,28,90,0,0,255,2,0,1782503416.9438198,181
25.02539,25.020832,-0.105374,0.46583885,1.042572,1,1,0,-0.004211426,0.018615723,25.02539,29,90,1,0,255,2,0,1782503416.9438198,181
25.018063,25.013235,-0.1572508,0.4657025,0.83529663,1,1,0,-0.006286621,0.018615723,25.018066,29,90,1,0,255,2,0,1782503416.9438198,181
25.02295,25.017738,-0.20919861,0.4657934,0.70458984,1,1,0,-0.008361816,0.018615723,25.02295,29,90,1,0,255,2,0,1782503416.9438198,181
25.021729,25.016014,-0.26262894,0.46577066,0.69125366,1,1,0,-0.010498047,0.018615723,25.021729,29,90,1,0,255,2,0,1782503416.9438198,181
25.019531,25.011673,-0.41985205,0.46572977,0.6737976,1,1,0,-0.016784668,0.018615723,25.019531,29,90,1,0,255,2,0,1782503416.9438198,181
25.021484,25.01793,-0.1465911,0.3955258,0.87286377,1,1,0,-0.005859375,0.015808105,25.021484,60,90,0,0,255,2,0,1782503416.9438198,181
25.031006,25.025843,-0.3055064,0.40636933,0.84695435,1,1,0,-0.012207031,0.016235352,25.031006,60,90,0,0,255,2,0,1782503416.9438198,181
25.014648,25.007236,-0.103790395,0.59996426,0.77474976,1,1,0,-0.0041503906,0.023986816,25.014648,61,90,1,0,255,2,0,1782503416.9438198,181
25.019287,25.011522,-0.15724003,0.60312873,0.839386,1,1,0,-0.006286621,0.024108887,25.019287,61,90,1,0,255,2,0,1782503416.9438198,181
25.021484,25.011938,-0.31449774,0.61539555,0.9984436,1,1,0,-0.012573242,0.024597168,25.021484,61,90,1,0,255,2,0,1782503416.9438198,181
25.019285,25.008959,-0.36636835,0.61839473,0.90097046,1,1,0,-0.0146484375,0.024719238,25.019287,61,90,1,0,255,2,0,1782503416.9438198,181
25.026125,25.020288,-0.09773599,0.5315208,0.82354736,1,1,0,-0.00390625,0.021240234,25.026123,26,91,0,0,255,2,0,1782503417.043744,182
25.031006,25.023476,-0.30700508,0.5316245,0.7619934,1,1,0,-0.012268066,0.021240234,25.031006,26,91,0,0,255,2,0,1782503417.043744,182
25.032225,25.023983,-0.36047783,0.5316504,0.86776733,1,1,0,-0.014404297,0.021240234,25.032227,26,91,0,0,255,2,0,1782503417.043744,182
25.034182,25.025135,-0.41243887,0.5316919,0.86169434,1,1,0,-0.016479492,0.021240234,25.03418,26,91,0,0,255,2,0,1782503417.043744,182
25.032715,25.030697,-0.09777665,0.30251202,0.7602539,1,1,0,-0.00390625,0.012084961,25.032715,28,91,0,0,255,2,0,1782503417.043744,182
25.034178,25.031544,-0.20320243,0.30100188,0.7958069,1,1,0,-0.008117676,0.012023926,25.03418,28,91,0,0,255,2,0,1782503417.043744,182
25.032469,25.02936,-0.25512987,0.3009813,0.72299194,1,1,0,-0.010192871,0.012023926,25.03247,28,91,0,0,255,2,0,1782503417.043744,182
25.033445,25.02904,-0.36055067,0.30099306,0.8044739,1,1,0,-0.014404297,0.012023926,25.033447,28,91,0,0,255,2,0,1782503417.043744,182
25.02954,25.024946,-0.10691876,0.4674435,0.77853394,1,1,0,-0.004272461,0.018676758,25.029541,29,91,1,0,255,2,0,1782503417.043744,182
25.023926,25.019075,-0.16034174,0.46581158,0.70150757,1,1,0,-0.0064086914,0.018615723,25.023926,29,91,1,0,255,2,0,1782503417.043744,182
25.021484,25.015133,-0.317592,0.46576613,0.93585205,1,1,0,-0.0126953125,0.018615723,25.021484,29,91,1,0,255,2,0,1782503417.043744,182
25.01465,25.007587,-0.3694016,0.46563888,0.7685852,1,1,0,-0.014770508,0.018615723,25.014648,29,91,1,0,255,2,0,1782503417.043744,182
25.033201,25.029943,-0.094718255,0.3926556,0.69177246,1,1,0,-0.0037841797,0.015686035,25.033203,60,91,0,0,255,2,0,1782503417.043744,182
25.022463,25.018463,-0.20004202,0.4001224,1.0555725,1,1,0,-0.0079956055,0.015991211,25.02246,60,91,0,0,255,2,0,1782503417.043744,182
25.020996,25.01648,-0.25194448,0.4031529,0.7334595,1,1,0,-0.010070801,0.016113281,25.020996,60,91,0,0,255,2,0,1782503417.043744,182
25.022705,25.017544,-0.30540508,0.40623456,0.7854004,1,1,0,-0.012207031,0.016235352,25.022705,60,91,0,0,255,2,0,1782503417.043744,182
25.034182,25.028254,-0.35748348,0.41100413,0.73773193,1,1,0,-0.014282227,0.016418457,25.03418,60,91,0,0,255,2,0,1782503417.043744,182
25.026367,25.018988,-0.10383917,0.5987182,0.71795654,1,1,0,-0.0041503906,0.023925781,25.026367,61,91,1,0,255,2,0,1782503417.043744,182
25.029541,25.021318,-0.20922855,0.6064304,0.7395325,1,1,0,-0.008361816,0.024230957,25.029541,61,91,1,0,255,2,0,1782503417.043744,182
25.029543,25.019249,-0.3665191,0.6171209,0.807312,1,1,0,-0.0146484375,0.024658203,25.029541,61,91,1,0,255,2,0,1782503417.043744,182
25.029541,25.018293,-0.41996318,0.6217026,0.807312,1,1,0,-0.016784668,0.024841309,25.029541,61,91,1,0,255,2,0,1782503417.043744,182
25.03003,25.023912,-0.14815356,0.53313106,0.81747437,1,1,0,-0.00592041,0.02130127,25.03003,26,92,0,0,255,2,0,1782503417.1443303,183
25.016602,25.010115,-0.20150186,0.5328451,0.7135315,1,1,0,-0.008056641,0.02130127,25.016602,26,92,0,0,255,2,0,1782503417.1443303,183
25.026125,25.024117,-0.0946962,0.30243236,0.6926575,1,1,0,-0.0037841797,0.012084961,25.026123,28,92,0,0,255,2,0,1782503417.1443303,183
25.031736,25.026905,-0.15733676,0.465957,0.85250854,1,1,0,-0.006286621,0.018615723,25.031738,29,92,1,0,255,2,0,1782503417.1443303,183
25.02051,25.017221,-0.09619706,0.39398342,0.82611084,1,1,0,-0.0038452148,0.01574707,25.020508,60,92,0,0,255,2,0,1782503417.1443303,183
25.028076,25.024487,-0.14815696,0.39715737,0.69003296,1,1,0,-0.00592041,0.01586914,25.028076,60,92,0,0,255,2,0,1782503417.1443303,183
25.031248,25.026691,-0.253575,0.40484568,0.6371765,1,1,0,-0.010131836,0.016174316,25.03125,60,92,0,0,255,2,0,1782503417.1443303,183
25.03247,25.025623,-0.41091904,0.4170867,0.7828064,1,1,0,-0.016418457,0.016662598,25.03247,60,92,0,0,255,2,0,1782503417.1443303,183
25.019531,25.008251,-0.41979462,0.62298054,0.6255188,1,1,0,-0.016784668,0.024902344,25.019531,61,92,1,0,255,2,0,1782503417.1443303,183
25.0271,25.021254,-0.09163098,0.53306866,0.7568054,1,1,0,-0.0036621094,0.02130127,25.0271,26,93,0,0,255,2,0,1782503417.243278,184
25.03247,25.026371,-0.14511304,0.5331831,0.7472534,1,1,0,-0.00579834,0.02130127,25.03247,26,93,0,0,255,2,0,1782503417.243278,184
25.032715,25.02626,-0.19704923,0.5331883,0.84002686,1,1,0,-0.007873535,0.02130127,25.032715,26,93,0,0,255,2,0,1782503417.243278,184
25.0271,25.020184,-0.24892728,0.53306866,0.6371765,1,1,0,-0.0099487305,0.02130127,25.0271,26,93,0,0,255,2,0,1782503417.243278,184
25.031252,25.023745,-0.30242568,0.53315705,0.99606323,1,1,0,-0.012084961,0.02130127,25.03125,26,93,0,0,255,2,0,1782503417.243278,184
25.031984,25.023829,-0.354365,0.53164524,0.6475525,1,1,0,-0.014160156,0.021240234,25.031982,26,93,0,0,255,2,0,1782503417.243278,184
25.028074,25.019108,-0.40775716,0.53156227,0.8703613,1,1,0,-0.016296387,0.021240234,25.028076,26,93,0,0,255,2,0,1782503417.243278,184
25.0271,25.02511,-0.094699964,0.30091673,0.72906494,1,1,0,-0.0037841797,0.012023926,25.0271,28,93,0,0,255,2,0,1782503417.243278,184
25.019775,25.017529,-0.14811577,0.30082867,0.8988342,1,1,0,-0.00592041,0.012023926,25.019775,28,93,0,0,255,2,0,1782503417.243278,184
25.021975,25.018896,-0.25196883,0.3008551,0.8520813,1,1,0,-0.010070801,0.012023926,25.021973,28,93,0,0,255,2,0,1782503417.243278,184
25.020508,25.015352,-0.40922317,0.3008375,0.73172,1,1,0,-0.016357422,0.012023926,25.020508,28,93,0,0,255,2,0,1782503417.243278,184
25.018066,25.013515,-0.10381645,0.4657025,0.7901306,1,1,0,-0.0041503906,0.018615723,25.018066,29,93,1,0,255,2,0,1782503417.243278,184
25.030031,25.026054,-0.20010273,0.39871588,0.73599243,1,1,0,-0.0079956055,0.015930176,25.03003,60,93,0,0,255,2,0,1782503417.243278,184
25.03003,25.024866,-0.3054945,0.40635347,0.71691895,1,1,0,-0.012207031,0.016235352,25.03003,60,93,0,0,255,2,0,1782503417.243278,184
25.029055,25.023153,-0.35741064,0.4093925,0.84695435,1,1,0,-0.014282227,0.016357422,25.029053,60,93,0,0,255,2,0,1782503417.243278,184
25.032227,25.025454,-0.40938842,0.41402733,0.82006836,1,1,0,-0.016357422,0.016540527,25.032227,60,93,0,0,255,2,0,1782503417.243278,184
25.015867,25.008104,-0.15721855,0.6030463,0.77679443,1,1,0,-0.006286621,0.024108887,25.01587,61,93,1,0,255,2,0,1782503417.243278,184
25.015867,25.00765,-0.20911425,0.6060991,0.80862427,1,1,0,-0.008361816,0.024230957,25.01587,61,93,1,0,255,2,0,1782503417.243278,184
25.021729,25.012892,-0.26259616,0.61082137,0.70458984,1,1,0,-0.010498047,0.024414062,25.021729,61,93,1,0,255,2,0,1782503417.243278,184
25.018066,25.00856,-0.31445524,0.61378497,0.861969,1,1,0,-0.012573242,0.024536133,25.018066,61,93,1,0,255,2,0,1782503417.243278,184
25.021484,25.011156,-0.36640054,0.61844903,1.0076904,1,1,0,-0.0146484375,0.024719238,25.021484,61,93,1,0,255,2,0,1782503417.243278,184
25.021729,25.015623,-0.1465776,0.5329543,0.9343567,1,1,0,-0.005859375,0.02130127,25.021729,26,94,0,0,255,2,0,1782503417.34341,185
25.034178,25.027712,-0.19858831,0.53321946,0.7403259,1,1,0,-0.00793457,0.02130127,25.03418,26,94,0,0,255,2,0,1782503417.34341,185
25.019773,25.012253,-0.30381367,0.5329127,0.81311035,1,1,0,-0.012145996,0.02130127,25.019775,26,94,0,0,255,2,0,1782503417.34341,185
25.020508,25.018484,-0.09925599,0.3023645,0.80358887,1,1,0,-0.003967285,0.012084961,25.020508,28,94,0,0,255,2,0,1782503417.34341,185
25.031252,25.028967,-0.15123887,0.30249432,0.7767334,1,1,0,-0.0060424805,0.012084961,25.03125,28,94,0,0,255,2,0,1782503417.34341,185
25.0271,25.024466,-0.20314495,0.30091673,0.7585144,1,1,0,-0.008117676,0.012023926,25.0271,28,94,0,0,255,2,0,1782503417.34341,185
25.028074,25.02495,-0.25661248,0.30092847,0.7507324,1,1,0,-0.010253906,0.012023926,25.028076,28,94,0,0,255,2,0,1782503417.34341,185
25.032715,25.029003,-0.30860075,0.30098426,0.7307739,1,1,0,-0.012329102,0.012023926,25.032715,28,94,0,0,255,2,0,1782503417.34341,185
25.02905,25.024624,-0.36201474,0.30094022,0.8044739,1,1,0,-0.014465332,0.012023926,25.029053,28,94,0,0,255,2,0,1782503417.34341,185
25.031982,25.026749,-0.41399336,0.30097544,0.7992859,1,1,0,-0.016540527,0.012023926,25.031982,28,94,0,0,255,2,0,1782503417.34341,185
25.034668,25.030266,-0.056525968,0.46601152,0.8792114,1,1,0,-0.0022583008,0.018615723,25.034668,29,94,1,0,255,2,0,1782503417.34341,185
25.01733,25.012733,-0.10839327,0.4672155,0.7107544,1,1,0,-0.004333496,0.018676758,25.017334,29,94,1,0,255,2,0,1782503417.34341,185
25.031738,25.026487,-0.21385458,0.465957,0.81552124,1,1,0,-0.008544922,0.018615723,25.031738,29,94,1,0,255,2,0,1782503417.34341,185
25.02246,25.016714,-0.26569045,0.4657843,0.8763428,1,1,0,-0.010620117,0.018615723,25.02246,29,94,1,0,255,2,0,1782503417.34341,185
25.021484,25.015114,-0.3191188,0.46576613,0.8599243,1,1,0,-0.012756348,0.018615723,25.021484,29,94,1,0,255,2,0,1782503417.34341,185
25.016846,25.00976,-0.3709605,0.46567976,0.72958374,1,1,0,-0.014831543,0.018615723,25.016846,29,94,1,0,255,2,0,1782503417.34341,185
25.019285,25.011375,-0.42290112,0.4657252,0.8640137,1,1,0,-0.016906738,0.018615723,25.019287,29,94,1,0,255,2,0,1782503417.34341,185
25.019775,25.01622,-0.14658108,0.3954988,0.7672119,1,1,0,-0.005859375,0.015808105,25.019775,60,94,0,0,255,2,0,1782503417.34341,185
25.03247,25.025698,-0.40939242,0.4140314,0.7550659,1,1,0,-0.016357422,0.016540527,25.03247,60,94,0,0,255,2,0,1782503417.34341,185
25.035154,25.026894,-0.20927516,0.608094,0.9788208,1,1,0,-0.008361816,0.024291992,25.035156,61,94,1,0,255,2,0,1782503417.34341,185
25.021484,25.012629,-0.2610666,0.6123421,0.87838745,1,1,0,-0.010437012,0.024475098,25.021484,61,94,1,0,255,2,0,1782503417.34341,185
25.013672,25.00331,-0.36628562,0.61978215,0.8147583,1,1,0,-0.0146484375,0.024780273,25.013672,61,94,1,0,255,2,0,1782503417.34341,185
25.015871,25.004616,-0.41820696,0.6228894,0.8599243,1,1,0,-0.016723633,0.024902344,25.01587,61,94,1,0,255,2,0,1782503417.34341,185
25.032717,25.02684,-0.099289134,0.5331883,0.7940674,1,1,0,-0.003967285,0.02130127,25.032715,26,95,0,0,255,2,0,1782503417.443328,186
25.032227,25.026081,-0.15274899,0.53317785,0.7940674,1,1,0,-0.0061035156,0.02130127,25.032227,26,95,0,0,255,2,0,1782503417.443328,186
25.034178,25.027662,-0.20469858,0.53321946,0.69784546,1,1,0,-0.008178711,0.02130127,25.03418,26,95,0,0,255,2,0,1782503417.443328,186
25.032715,25.025116,-0.31008047,0.5331883,1.2119141,1,1,0,-0.012390137,0.02130127,25.032715,26,95,0,0,255,2,0,1782503417.443328,186
25.032227,25.023962,-0.36200517,0.5316504,0.7602539,1,1,0,-0.014465332,0.021240234,25.032227,26,95,0,0,255,2,0,1782503417.443328,186
25.033447,25.024378,-0.41395417,0.53167635,0.82180786,1,1,0,-0.016540527,0.021240234,25.033447,26,95,0,0,255,2,0,1782503417.443328,186
25.025145,25.023151,-0.09621987,0.30089325,0.71865845,1,1,0,-0.0038452148,0.012023926,25.025146,28,95,0,0,255,2,0,1782503417.443328,186
25.031006,25.028757,-0.14818224,0.3009637,1.1035461,1,1,0,-0.00592041,0.012023926,25.031006,28,95,0,0,255,2,0,1782503417.443328,186
25.021486,25.018877,-0.20004533,0.30084923,0.720459,1,1,0,-0.0079956055,0.012023926,25.021484,28,95,0,0,255,2,0,1782503417.443328,186
25.013674,25.009089,-0.10532454,0.46714714,0.7562866,1,1,0,-0.004211426,0.018676758,25.013672,29,95,1,0,255,2,0,1782503417.443328,186
25.01587,25.01104,-0.157237,0.4656616,0.75115967,1,1,0,-0.006286621,0.018615723,25.01587,29,95,1,0,255,2,0,1782503417.443328,186
25.02246,25.016747,-0.26263663,0.4657843,0.83117676,1,1,0,-0.010498047,0.018615723,25.02246,29,95,1,0,255,2,0,1782503417.443328,186
25.020264,25.013222,-0.36795783,0.4657434,0.7706299,1,1,0,-0.014709473,0.018615723,25.020264,29,95,1,0,255,2,0,1782503417.443328,186
25.021484,25.018246,-0.096201,0.39094478,0.9906311,1,1,0,-0.0038452148,0.015625,25.021484,60,95,0,0,255,2,0,1782503417.443328,186
25.020996,25.016464,-0.25347137,0.4031529,0.9724426,1,1,0,-0.010131836,0.016113281,25.020996,60,95,0,0,255,2,0,1782503417.443328,186
25.033445,25.028282,-0.30553618,0.40640897,0.7897339,1,1,0,-0.012207031,0.016235352,25.033447,60,95,0,0,255,2,0,1782503417.443328,186
25.034914,25.028986,-0.35749394,0.41101617,0.7749939,1,1,0,-0.014282227,0.016418457,25.034912,60,95,0,0,255,2,0,1782503417.443328,186
25.034182,25.027382,-0.41094792,0.41405964,0.84869385,1,1,0,-0.016418457,0.016540527,25.03418,60,95,0,0,255,2,0,1782503417.443328,186
25.01831,25.010004,-0.21066053,0.6092114,0.638855,1,1,0,-0.008422852,0.024353027,25.01831,61,95,1,0,255,2,0,1782503417.443328,186
25.019531,25.010622,-0.26257235,0.6138209,0.6717224,1,1,0,-0.010498047,0.024536133,25.019531,61,95,1,0,255,2,0,1782503417.443328,186
25.032957,25.022528,-0.3680947,0.6217875,0.88742065,1,1,0,-0.014709473,0.024841309,25.032959,61,95,1,0,255,2,0,1782503417.443328,186
25.034668,25.028803,-0.09624159,0.5332299,0.84695435,1,1,0,-0.0038452148,0.02130127,25.034668,26,96,0,0,255,2,0,1782503417.5435357,187
25.034182,25.025162,-0.41091144,0.5316919,0.7619934,1,1,0,-0.016418457,0.021240234,25.03418,26,96,0,0,255,2,0,1782503417.5435357,187
25.03247,25.030476,-0.09624803,0.3009813,0.83480835,1,1,0,-0.0038452148,0.012023926,25.03247,28,96,0,0,255,2,0,1782503417.5435357,187
25.034178,25.031921,-0.14972885,0.30100188,0.94577026,1,1,0,-0.0059814453,0.012023926,25.03418,28,96,0,0,255,2,0,1782503417.5435357,187
25.031004,25.027895,-0.25511494,0.3009637,0.83306885,1,1,0,-0.010192871,0.012023926,25.031006,28,96,0,0,255,2,0,1782503417.5435357,187
25.019289,25.015596,-0.3069084,0.3008228,0.7689514,1,1,0,-0.012268066,0.012023926,25.019287,28,96,0,0,255,2,0,1782503417.5435357,187
25.028563,25.023998,-0.10691471,0.46589792,0.7374573,1,1,0,-0.004272461,0.018615723,25.028564,29,96,1,0,255,2,0,1782503417.5435357,187
25.033934,25.030682,-0.09319328,0.3926671,0.83654785,1,1,0,-0.0037231445,0.015686035,25.033936,60,96,0,0,255,2,0,1782503417.5435357,187
25.0271,25.023111,-0.19855182,0.40019658,0.85562134,1,1,0,-0.00793457,0.015991211,25.0271,60,96,0,0,255,2,0,1782503417.5435357,187
25.03247,25.027325,-0.30399674,0.4063931,0.8911743,1,1,0,-0.012145996,0.016235352,25.03247,60,96,0,0,255,2,0,1782503417.5435357,187
25.033203,25.027298,-0.35594198,0.4109881,0.7680664,1,1,0,-0.014221191,0.016418457,25.033203,60,96,0,0,255,2,0,1782503417.5435357,187
25.032715,25.025942,-0.4093964,0.4140354,0.86776733,1,1,0,-0.016357422,0.016540527,25.032715,60,96,0,0,255,2,0,1782503417.5435357,187
25.025146,25.017803,-0.10383425,0.59716207,0.70358276,1,1,0,-0.0041503906,0.023864746,25.025146,61,96,1,0,255,2,0,1782503417.5435357,187
25.031738,25.024015,-0.15579118,0.60190153,0.88742065,1,1,0,-0.006225586,0.024047852,25.031738,61,96,1,0,255,2,0,1782503417.5435357,187
25.025146,25.016975,-0.20766522,0.60479695,0.77545166,1,1,0,-0.008300781,0.024169922,25.025146,61,96,1,0,255,2,0,1782503417.5435357,187
25.032957,25.024172,-0.26118708,0.6095681,0.8422241,1,1,0,-0.010437012,0.024353027,25.032959,61,96,1,0,255,2,0,1782503417.5435357,187
25.020266,25.010813,-0.31295678,0.61231226,0.7942505,1,1,0,-0.012512207,0.024475098,25.020264,61,96,1,0,255,2,0,1782503417.5435357,187
25.026367,25.016075,-0.3664726,0.61704266,0.6850891,1,1,0,-0.0146484375,0.024658203,25.026367,61,96,1,0,255,2,0,1782503417.5435357,187
25.023926,25.012745,-0.41834295,0.62003624,0.6830139,1,1,0,-0.016723633,0.024780273,25.023926,61,96,1,0,255,2,0,1782503417.5435357,187
25.019531,25.013407,-0.1496181,0.5329075,1.2062378,1,1,0,-0.0059814453,0.02130127,25.019531,26,97,0,0,255,2,0,1782503417.6436446,188
25.034178,25.027687,-0.20164344,0.53321946,0.8027344,1,1,0,-0.008056641,0.02130127,25.03418,26,97,0,0,255,2,0,1782503417.6436446,188
25.020996,25.015835,-0.41075832,0.29931632,0.81484985,1,1,0,-0.016418457,0.011962891,25.020996,28,97,0,0,255,2,0,1782503417.6436446,188
25.009033,25.002024,-0.36779308,0.46400815,0.6895752,1,1,0,-0.014709473,0.018554688,25.009033,29,97,1,0,255,2,0,1782503417.6436446,188
25.032959,25.025126,-0.42007786,0.46445206,0.9059143,1,1,0,-0.016784668,0.018554688,25.032959,29,97,1,0,255,2,0,1782503417.6436446,188
25.026121,25.022085,-0.2015983,0.40170825,0.7307739,1,1,0,-0.008056641,0.016052246,25.026123,60,97,0,0,255,2,0,1782503417.6436446,188
25.030027,25.025454,-0.25509006,0.40482596,1.0289917,1,1,0,-0.010192871,0.016174316,25.03003,60,97,0,0,255,2,0,1782503417.6436446,188
25.035156,25.029947,-0.30708447,0.40796453,0.8044739,1,1,0,-0.012268066,0.016296387,25.035156,60,97,0,0,255,2,0,1782503417.6436446,188
25.02124,25.014395,-0.41226187,0.4153726,0.80966187,1,1,0,-0.016479492,0.016601562,25.02124,60,97,0,0,255,2,0,1782503417.6436446,188
25.015867,25.008095,-0.15874492,0.6030463,0.6895752,1,1,0,-0.0063476562,0.024108887,25.01587,61,97,1,0,255,2,0,1782503417.6436446,188
25.023926,25.015642,-0.21223497,0.6078212,0.7005005,1,1,0,-0.008483887,0.024291992,25.023926,61,97,1,0,255,2,0,1782503417.6436446,188
25.021484,25.012632,-0.26412025,0.6108154,0.8045044,1,1,0,-0.010559082,0.024414062,25.021484,61,97,1,0,255,2,0,1782503417.6436446,188
25.02246,25.012087,-0.3694681,0.6184732,0.9399719,1,1,0,-0.014770508,0.024719238,25.02246,61,97,1,0,255,2,0,1782503417.6436446,188
25.020264,25.017998,-0.14811854,0.30236155,1.0313416,1,1,0,-0.00592041,0.012084961,25.020264,28,98,0,0,255,2,0,1782503417.743324,189
25.034178,25.031084,-0.25361952,0.30100188,0.95269775,1,1,0,-0.010131836,0.012023926,25.03418,28,98,0,0,255,2,0,1782503417.743324,189
25.018064,25.011024,-0.36792552,0.4657025,0.79833984,1,1,0,-0.014709473,0.018615723,25.018066,29,98,1,0,255,2,0,1782503417.743324,189
25.032715,25.029116,-0.14971207,0.39723098,0.86776733,1,1,0,-0.0059814453,0.01586914,25.032715,60,98,0,0,255,2,0,1782503417.743324,189
25.032469,25.027262,-0.30705154,0.40792078,0.83480835,1,1,0,-0.012268066,0.016296387,25.03247,60,98,0,0,255,2,0,1782503417.743324,189
25.031738,25.02292,-0.26422888,0.6095384,0.83813477,1,1,0,-0.010559082,0.024353027,25.031738,61,98,1,0,255,2,0,1782503417.743324,189
25.023926,25.013613,-0.36796358,0.6169825,0.6860962,1,1,0,-0.014709473,0.024658203,25.023926,61,98,1,0,255,2,0,1782503417.743324,189
25.03003,25.02421,-0.09316918,0.53160375,0.82702637,1,1,0,-0.0037231445,0.021240234,25.03003,26,99,0,0,255,2,0,1782503417.843085,190
25.031006,25.02409,-0.25202116,0.5316245,0.7828064,1,1,0,-0.010070801,0.021240234,25.031006,26,99,0,0,255,2,0,1782503417.843085,190
25.032715,25.025223,-0.3039712,0.5316608,0.85736084,1,1,0,-0.012145996,0.021240234,25.032715,26,99,0,0,255,2,0,1782503417.843085,190
25.031982,25.022987,-0.40934807,0.53164524,0.7663269,1,1,0,-0.016357422,0.021240234,25.031982,26,99,0,0,255,2,0,1782503417.843085,190
25.031006,25.02874,-0.14818214,0.30249137,0.7715454,1,1,0,-0.00592041,0.012084961,25.031006,28,99,0,0,255,2,0,1782503417.843085,190
25.019777,25.016684,-0.2534736,0.30082867,0.87286377,1,1,0,-0.010131836,0.012023926,25.019775,28,99,0,0,255,2,0,1782503417.843085,190
25.025393,25.020168,-0.21074614,0.46583885,1.205719,1,1,0,-0.008422852,0.018615723,25.02539,29,99,1,0,255,2,0,1782503417.843085,190
25.021484,25.018204,-0.09467383,0.3939988,0.87719727,1,1,0,-0.0037841797,0.01574707,25.021484,60,99,0,0,255,2,0,1782503417.843085,190
25.030031,25.02645,-0.14664103,0.39718837,0.7619934,1,1,0,-0.005859375,0.01586914,25.03003,60,99,0,0,255,2,0,1782503417.843085,190
25.032717,25.027521,-0.30399913,0.4094524,0.7862549,1,1,0,-0.012145996,0.016357422,25.032715,60,99,0,0,255,2,0,1782503417.843085,190
25.032713,25.02589,-0.40939555,0.41709074,0.81573486,1,1,0,-0.016357422,0.016662598,25.032715,60,99,0,0,255,2,0,1782503417.843085,190
25.026367,25.018951,-0.10383901,0.6002453,0.70358276,1,1,0,-0.0041503906,0.023986816,25.026367,61,99,1,0,255,2,0,1782503417.843085,190
25.022459,25.014704,-0.1557332,0.6032052,0.89276123,1,1,0,-0.006225586,0.024108887,25.02246,61,99,1,0,255,2,0,1782503417.843085,190
25.021727,25.01347,-0.20916292,0.6077678,0.67993164,1,1,0,-0.008361816,0.024291992,25.021729,61,99,1,0,255,2,0,1782503417.843085,190
25.019287,25.01047,-0.26104406,0.61076176,0.81066895,1,1,0,-0.010437012,0.024414062,25.019287,61,99,1,0,255,2,0,1782503417.843085,190
25.022463,25.012936,-0.31298333,0.61541957,1.0589905,1,1,0,-0.012512207,0.024597168,25.02246,61,99,1,0,255,2,0,1782503417.843085,190
25.027344,25.017014,-0.36648634,0.6185939,0.8565979,1,1,0,-0.0146484375,0.024719238,25.027344,61,99,1,0,255,2,0,1782503417.843085,190
25.020264,25.009008,-0.41828045,0.6229988,0.73883057,1,1,0,-0.016723633,0.024902344,25.020264,61,99,1,0,255,2,0,1782503417.843085,190
25.03003,25.02182,-0.35586408,0.53313106,0.83828735,1,1,0,-0.014221191,0.02130127,25.03003,26,100,0,0,255,2,0,1782503417.9433634,191
25.021484,25.019238,-0.14812589,0.30084923,0.82785034,1,1,0,-0.00592041,0.012023926,25.021484,28,100,0,0,255,2,0,1782503417.9433634,191
25.022219,25.01961,-0.20005119,0.30085802,0.8667908,1,1,0,-0.0079956055,0.012023926,25.022217,28,100,0,0,255,2,0,1782503417.9433634,191
25.019287,25.014065,-0.21069473,0.4657252,0.8168335,1,1,0,-0.008422852,0.018615723,25.019287,29,100,1,0,255,2,0,1782503417.9433634,191
25.032957,25.02973,-0.09318973,0.39112407,1.0636597,1,1,0,-0.0037231445,0.015625,25.032959,60,100,0,0,255,2,0,1782503417.9433634,191
25.031736,25.027258,-0.2505254,0.40179837,0.82873535,1,1,0,-0.010009766,0.016052246,25.031738,60,100,0,0,255,2,0,1782503417.9433634,191
25.03125,25.025372,-0.3559146,0.40942845,0.638031,1,1,0,-0.014221191,0.016357422,25.03125,60,100,0,0,255,2,0,1782503417.9433634,191
25.030764,25.02339,-0.1023301,0.59882337,0.81347656,1,1,0,-0.0040893555,0.023925781,25.030762,61,100,1,0,255,2,0,1782503417.9433634,191
25.020264,25.012056,-0.20762439,0.6062056,0.84555054,1,1,0,-0.008300781,0.024230957,25.020264,61,100,1,0,255,2,0,1782503417.9433634,191
25.025146,25.015656,-0.3130174,0.6139587,0.7374573,1,1,0,-0.012512207,0.024536133,25.025146,61,100,1,0,255,2,0,1782503417.9433634,191
25.014648,25.004345,-0.36477432,0.61828005,0.7798767,1,1,0,-0.014587402,0.024719238,25.014648,61,100,1,0,255,2,0,1782503417.9433634,191
25.016846,25.00563,-0.41822395,0.62138724,0.80041504,1,1,0,-0.016723633,0.024841309,25.016846,61,100,1,0,255,2,0,1782503417.9433634,191
25.033937,25.026443,-0.303986,0.5316867,0.8955078,1,1,0,-0.012145996,0.021240234,25.033936,26,101,0,0,255,2,0,1782503418.0430894,192
25.021484,25.019472,-0.09620572,0.3023763,0.8650818,1,1,0,-0.0038452148,0.012084961,25.021484,28,101,0,0,255,2,0,1782503418.0430894,192
25.026125,25.023857,-0.14815323,0.30243236,0.7698059,1,1,0,-0.00592041,0.012084961,25.026123,28,101,0,0,255,2,0,1782503418.0430894,192
25.03125,25.028004,-0.09776613,0.39109737,0.7507324,1,1,0,-0.00390625,0.015625,25.03125,60,101,0,0,255,2,0,1782503418.0430894,192
25.031252,25.027666,-0.15123102,0.3956802,0.7585144,1,1,0,-0.0060424805,0.015808105,25.03125,60,101,0,0,255,2,0,1782503418.0430894,192
25.032469,25.02793,-0.25664303,0.40181014,0.6692505,1,1,0,-0.010253906,0.016052246,25.03247,60,101,0,0,255,2,0,1782503418.0430894,192
25.03125,25.024403,-0.41395456,0.41401118,0.619812,1,1,0,-0.016540527,0.016540527,25.03125,60,101,0,0,255,2,0,1782503418.0430894,192
25.022945,25.015512,-0.108405314,0.60016334,0.67892456,1,1,0,-0.004333496,0.023986816,25.02295,61,101,1,0,255,2,0,1782503418.0430894,192
25.022947,25.015162,-0.16031666,0.603217,0.750824,1,1,0,-0.0064086914,0.024108887,25.02295,61,101,1,0,255,2,0,1782503418.0430894,192
25.019531,25.009947,-0.31752616,0.61534756,0.71795654,1,1,0,-0.0126953125,0.024597168,25.019531,61,101,1,0,255,2,0,1782503418.0430894,192
25.023926,25.013529,-0.3710164,0.61850935,0.6974182,1,1,0,-0.014831543,0.024719238,25.023926,61,101,1,0,255,2,0,1782503418.0430894,192
25.026367,25.015032,-0.42296293,0.62315077,0.72720337,1,1,0,-0.016906738,0.024902344,25.026367,61,101,1,0,255,2,0,1782503418.0430894,192
25.033203,25.026224,-0.2550979,0.53319865,0.664917,1,1,0,-0.010192871,0.02130127,25.033203,26,102,0,0,255,2,0,1782503418.1431217,193
25.032713,25.030457,-0.14972009,0.30098426,0.87210083,1,1,0,-0.0059814453,0.012023926,25.032715,28,102,0,0,255,2,0,1782503418.1431217,193
25.011475,25.006638,-0.15873566,0.4655798,0.8632202,1,1,0,-0.0063476562,0.018615723,25.011475,29,102,1,0,255,2,0,1782503418.1431217,193
25.031738,25.02385,-0.42158422,0.465957,0.7600708,1,1,0,-0.016845703,0.018615723,25.031738,29,102,1,0,255,2,0,1782503418.1431217,193
25.034668,25.03145,-0.09625178,0.38962296,1.0697327,1,1,0,-0.0038452148,0.015563965,25.034668,60,102,0,0,255,2,0,1782503418.1431217,193
25.03418,25.030628,-0.14972112,0.39419872,0.6163635,1,1,0,-0.0059814453,0.01574707,25.03418,60,102,0,0,255,2,0,1782503418.1431217,193
25.021975,25.018011,-0.20156547,0.3970605,0.9724426,1,1,0,-0.008056641,0.01586914,25.021973,60,102,0,0,255,2,0,1782503418.1431217,193
25.031494,25.026985,-0.25357798,0.40179446,0.82354736,1,1,0,-0.010131836,0.016052246,25.031494,60,102,0,0,255,2,0,1782503418.1431217,193
25.032715,25.027555,-0.30705515,0.40486938,0.84869385,1,1,0,-0.012268066,0.016174316,25.032715,60,102,0,0,255,2,0,1782503418.1431217,193
25.031738,25.025816,-0.35897645,0.40943643,0.6276245,1,1,0,-0.014343262,0.016357422,25.031738,60,102,0,0,255,2,0,1782503418.1431217,193
25.03076,25.023294,-0.1069117,0.60187805,0.7374573,1,1,0,-0.004272461,0.024047852,25.030762,61,102,1,0,255,2,0,1782503418.1431217,193
25.020754,25.012941,-0.15877567,0.60469073,0.7610779,1,1,0,-0.0063476562,0.024169922,25.020752,61,102,1,0,255,2,0,1782503418.1431217,193
25.016846,25.007282,-0.31596574,0.61528146,0.7942505,1,1,0,-0.012634277,0.024597168,25.016846,61,102,1,0,255,2,0,1782503418.1431217,193
25.032715,25.02689,-0.0947067,0.5316608,0.69177246,1,1,0,-0.0037841797,0.021240234,25.032715,26,103,0,0,255,2,0,1782503418.2434616,194
25.021729,25.015614,-0.14810443,0.5329543,0.8564148,1,1,0,-0.00592041,0.02130127,25.021729,26,103,0,0,255,2,0,1782503418.2434616,194
25.02295,25.01987,-0.25197864,0.30086684,0.8477478,1,1,0,-0.010070801,0.012023926,25.02295,28,103,0,0,255,2,0,1782503418.2434616,194
25.031738,25.027397,-0.35594338,0.30097252,0.71951294,1,1,0,-0.014221191,0.012023926,25.031738,28,103,0,0,255,2,0,1782503418.2434616,194
25.032715,25.02945,-0.09624408,0.39264795,0.7958069,1,1,0,-0.0038452148,0.015686035,25.032715,60,103,0,0,255,2,0,1782503418.2434616,194
25.028076,25.024502,-0.14968447,0.39563,0.7550659,1,1,0,-0.0059814453,0.015808105,25.028076,60,103,0,0,255,2,0,1782503418.2434616,194
25.032469,25.02792,-0.25511518,0.4033378,0.7715454,1,1,0,-0.010192871,0.016113281,25.03247,60,103,0,0,255,2,0,1782503418.2434616,194
25.031006,25.024158,-0.41242278,0.41553473,0.7472534,1,1,0,-0.016479492,0.016601562,25.031006,60,103,0,0,255,2,0,1782503418.2434616,194
25.02075,25.013397,-0.106869414,0.5970572,0.72720337,1,1,0,-0.004272461,0.023864746,25.020752,61,103,1,0,255,2,0,1782503418.2434616,194
25.022951,25.015211,-0.15879008,0.6016902,0.66555786,1,1,0,-0.0063476562,0.024047852,25.02295,61,103,1,0,255,2,0,1782503418.2434616,194
25.026367,25.018158,-0.21225631,0.60482645,0.68917847,1,1,0,-0.008483887,0.024169922,25.026367,61,103,1,0,255,2,0,1782503418.2434616,194
25.021484,25.01267,-0.26412064,0.6092887,0.8865967,1,1,0,-0.010559082,0.024353027,25.021484,61,103,1,0,255,2,0,1782503418.2434616,194
25.018064,25.008575,-0.3159821,0.6122585,0.7809143,1,1,0,-0.012634277,0.024475098,25.018066,61,103,1,0,255,2,0,1782503418.2434616,194
25.030762,25.019526,-0.42151138,0.62020564,0.68096924,1,1,0,-0.016845703,0.024780273,25.030762,61,103,1,0,255,2,0,1782503418.2434616,194
25.035156,25.026112,-0.41245496,0.53171265,0.8703613,1,1,0,-0.016479492,0.021240234,25.035156,26,104,0,0,255,2,0,1782503418.3433259,195
25.025146,25.022537,-0.2000746,0.30089325,0.7507324,1,1,0,-0.0079956055,0.012023926,25.025146,28,104,0,0,255,2,0,1782503418.3433259,195
25.019287,25.013573,-0.2626033,0.4657252,0.83529663,1,1,0,-0.010498047,0.018615723,25.019287,29,104,1,0,255,2,0,1782503418.3433259,195
25.022951,25.01509,-0.41990942,0.4657934,0.7816162,1,1,0,-0.016784668,0.018615723,25.02295,29,104,1,0,255,2,0,1782503418.3433259,195
25.02124,25.017996,-0.09772704,0.39094096,0.8546753,1,1,0,-0.00390625,0.015625,25.02124,60,104,0,0,255,2,0,1782503418.3433259,195
25.032959,25.02897,-0.20165378,0.39876255,0.82528687,1,1,0,-0.008056641,0.015930176,25.032959,60,104,0,0,255,2,0,1782503418.3433259,195
25.032957,25.028408,-0.25512016,0.40334567,0.84436035,1,1,0,-0.010192871,0.016113281,25.032959,60,104,0,0,255,2,0,1782503418.3433259,195
25.031982,25.026798,-0.30704585,0.40638518,0.71606445,1,1,0,-0.012268066,0.016235352,25.031982,60,104,0,0,255,2,0,1782503418.3433259,195
25.031004,25.025034,-0.36049297,0.41095203,0.8825073,1,1,0,-0.014404297,0.016418457,25.031006,60,104,0,0,255,2,0,1782503418.3433259,195
25.02124,25.014421,-0.4122623,0.41384563,0.9109802,1,1,0,-0.016479492,0.016540527,25.02124,60,104,0,0,255,2,0,1782503418.3433259,195
25.01587,25.00854,-0.054950487,0.6030463,0.7706299,1,1,0,-0.0021972656,0.024108887,25.01587,61,104,1,0,255,2,0,1782503418.3433259,195
25.02075,25.012976,-0.1587759,0.603164,0.7425842,1,1,0,-0.0063476562,0.024108887,25.020752,61,104,1,0,255,2,0,1782503418.3433259,195
25.027344,25.019096,-0.21226428,0.6063771,0.6645508,1,1,0,-0.008483887,0.024230957,25.027344,61,104,1,0,255,2,0,1782503418.3433259,195
25.031738,25.022884,-0.2642285,0.61106575,0.91412354,1,1,0,-0.010559082,0.024414062,25.031738,61,104,1,0,255,2,0,1782503418.3433259,195
25.01831,25.008764,-0.31751114,0.613791,0.75390625,1,1,0,-0.0126953125,0.024536133,25.01831,61,104,1,0,255,2,0,1782503418.3433259,195
25.018066,25.007694,-0.36940318,0.6183645,0.8742981,1,1,0,-0.014770508,0.024719238,25.018066,61,104,1,0,255,2,0,1782503418.3433259,195
25.028076,25.021082,-0.2565728,0.53308946,0.6622925,1,1,0,-0.010253906,0.02130127,25.028076,26,105,0,0,255,2,0,1782503418.4435568,196
25.031006,25.022762,-0.36046025,0.5316245,0.70999146,1,1,0,-0.014404297,0.021240234,25.031006,26,105,0,0,255,2,0,1782503418.4435568,196
25.031006,25.021936,-0.4139138,0.5316245,0.7637329,1,1,0,-0.016540527,0.021240234,25.031006,26,105,0,0,255,2,0,1782503418.4435568,196
25.032228,25.0296,-0.20013107,0.30250612,0.7793274,1,1,0,-0.0079956055,0.012084961,25.032227,28,105,0,0,255,2,0,1782503418.4435568,196
25.021484,25.016273,-0.20918636,0.46576613,0.782959,1,1,0,-0.008361816,0.018615723,25.021484,29,105,1,0,255,2,0,1782503418.4435568,196
25.029541,25.022518,-0.36656702,0.4659161,0.75491333,1,1,0,-0.0146484375,0.018615723,25.029541,29,105,1,0,255,2,0,1782503418.4435568,196
25.031494,25.028265,-0.09318428,0.39110118,0.7810669,1,1,0,-0.0037231445,0.015625,25.031494,60,105,0,0,255,2,0,1782503418.4435568,196
25.032713,25.029165,-0.14512923,0.39570335,0.7845459,1,1,0,-0.00579834,0.015808105,25.032715,60,105,0,0,255,2,0,1782503418.4435568,196
25.032711,25.02821,-0.2505349,0.40334174,0.9076233,1,1,0,-0.010009766,0.016113281,25.032715,60,105,0,0,255,2,0,1782503418.4435568,196
25.032715,25.027588,-0.30247214,0.40639707,0.7975464,1,1,0,-0.012084961,0.016235352,25.032715,60,105,0,0,255,2,0,1782503418.4435568,196
25.019531,25.011812,-0.1557152,0.601608,0.7107544,1,1,0,-0.006225586,0.024047852,25.019531,61,105,1,0,255,2,0,1782503418.4435568,196
25.028564,25.020355,-0.20769328,0.60640675,0.6974182,1,1,0,-0.008300781,0.024230957,25.028564,61,105,1,0,255,2,0,1782503418.4435568,196
25.026367,25.0176,-0.25959134,0.6094076,0.82785034,1,1,0,-0.010375977,0.024353027,25.026367,61,105,1,0,255,2,0,1782503418.4435568,196
25.022951,25.01346,-0.3129899,0.6139048,0.67892456,1,1,0,-0.012512207,0.024536133,25.02295,61,105,1,0,255,2,0,1782503418.4435568,196
25.020264,25.009996,-0.36485678,0.6168922,0.78604126,1,1,0,-0.014587402,0.024658203,25.020264,61,105,1,0,255,2,0,1782503418.4435568,196
25.033447,25.027617,-0.09623703,0.53167635,0.7568054,1,1,0,-0.0038452148,0.021240234,25.033447,26,106,0,0,255,2,0,1782503418.5432212,197
25.034178,25.026615,-0.3070436,0.53321946,0.7732544,1,1,0,-0.012268066,0.02130127,25.03418,26,106,0,0,255,2,0,1782503418.5432212,197
25.031494,25.023273,-0.35893998,0.53163487,0.71432495,1,1,0,-0.014343262,0.021240234,25.031494,26,106,0,0,255,2,0,1782503418.5432212,197
25.03125,25.029255,-0.09624334,0.30096665,0.71951294,1,1,0,-0.0038452148,0.012023926,25.03125,28,106,0,0,255,2,0,1782503418.5432212,197
25.031492,25.027819,-0.30553055,0.30096957,0.68743896,1,1,0,-0.012207031,0.012023926,25.031494,28,106,0,0,255,2,0,1782503418.5432212,197
25.020752,25.015572,-0.410754,0.3008404,0.7854004,1,1,0,-0.016418457,0.012023926,25.020752,28,106,0,0,255,2,0,1782503418.5432212,197
25.020264,25.015041,-0.21070296,0.4657434,0.9748535,1,1,0,-0.008422852,0.018615723,25.020264,29,106,1,0,255,2,0,1782503418.5432212,197
25.014648,25.008318,-0.31597885,0.46563888,0.70703125,1,1,0,-0.012634277,0.018615723,25.014648,29,106,1,0,255,2,0,1782503418.5432212,197
25.013674,25.005816,-0.41975373,0.4656207,0.6875305,1,1,0,-0.016784668,0.018615723,25.013672,29,106,1,0,255,2,0,1782503418.5432212,197
25.026123,25.02283,-0.09774592,0.39407185,0.82702637,1,1,0,-0.00390625,0.01574707,25.026123,60,106,0,0,255,2,0,1782503418.5432212,197
25.029053,25.025454,-0.14969017,0.39717287,0.70477295,1,1,0,-0.0059814453,0.01586914,25.029053,60,106,0,0,255,2,0,1782503418.5432212,197
25.031248,25.027199,-0.20316716,0.40179053,0.96310425,1,1,0,-0.008117676,0.016052246,25.03125,60,106,0,0,255,2,0,1782503418.5432212,197
25.02124,25.01601,-0.3069135,0.4092647,0.94299316,1,1,0,-0.012268066,0.016357422,25.02124,60,106,0,0,255,2,0,1782503418.5432212,197
25.02856,25.020775,-0.16035263,0.60335237,0.79293823,1,1,0,-0.0064086914,0.024108887,25.028564,61,106,1,0,255,2,0,1782503418.5432212,197
25.022459,25.014177,-0.21222255,0.60778564,0.839386,1,1,0,-0.008483887,0.024291992,25.02246,61,106,1,0,255,2,0,1782503418.5432212,197
25.017332,25.00775,-0.31749827,0.6152935,0.6213989,1,1,0,-0.0126953125,0.024597168,25.017334,61,106,1,0,255,2,0,1782503418.5432212,197
25.020264,25.009892,-0.36943564,0.6184189,0.7839966,1,1,0,-0.014770508,0.024719238,25.020264,61,106,1,0,255,2,0,1782503418.5432212,197
25.025146,25.013811,-0.42294228,0.62312037,0.7477417,1,1,0,-0.016906738,0.024902344,25.025146,61,106,1,0,255,2,0,1782503418.5432212,197
25.031252,25.025425,-0.094701156,0.5316297,0.7663269,1,1,0,-0.0037841797,0.021240234,25.03125,26,107,0,0,255,2,0,1782503418.6435921,198
25.019775,25.01367,-0.14656615,0.5329127,1.2045288,1,1,0,-0.005859375,0.02130127,25.019775,26,107,0,0,255,2,0,1782503418.6435921,198
25.031494,25.023983,-0.30548373,0.53163487,0.7845459,1,1,0,-0.012207031,0.021240234,25.031494,26,107,0,0,255,2,0,1782503418.6435921,198
25.034914,25.026714,-0.3574615,0.53170747,1.0307312,1,1,0,-0.014282227,0.021240234,25.034912,26,107,0,0,255,2,0,1782503418.6435921,198
25.02051,25.017431,-0.25195408,0.3008375,0.9049072,1,1,0,-0.010070801,0.012023926,25.020508,28,107,0,0,255,2,0,1782503418.6435921,198
25.021484,25.016905,-0.10383052,0.46729302,0.82092285,1,1,0,-0.0041503906,0.018676758,25.021484,29,107,1,0,255,2,0,1782503418.6435921,198
25.018064,25.013206,-0.15725063,0.4672292,0.7562866,1,1,0,-0.006286621,0.018676758,25.018066,29,107,1,0,255,2,0,1782503418.6435921,198
25.032715,25.029503,-0.094716586,0.38959256,0.72732544,1,1,0,-0.0037841797,0.015563965,25.032715,60,107,0,0,255,2,0,1782503418.6435921,198
25.021488,25.017536,-0.20003462,0.39705276,0.8624878,1,1,0,-0.0079956055,0.01586914,25.021484,60,107,0,0,255,2,0,1782503418.6435921,198
25.031492,25.026999,-0.25205043,0.40179446,0.73773193,1,1,0,-0.010070801,0.016052246,25.031494,60,107,0,0,255,2,0,1782503418.6435921,198
25.021729,25.016592,-0.30539346,0.4046917,1.2105713,1,1,0,-0.012207031,0.016174316,25.021729,60,107,0,0,255,2,0,1782503418.6435921,198
25.031008,25.025106,-0.35743853,0.40942445,0.69610596,1,1,0,-0.014282227,0.016357422,25.031006,60,107,0,0,255,2,0,1782503418.6435921,198
25.031494,25.024746,-0.40937683,0.41248766,0.7619934,1,1,0,-0.016357422,0.016479492,25.031494,60,107,0,0,255,2,0,1782503418.6435921,198
25.025146,25.017769,-0.10383411,0.598689,0.7631531,1,1,0,-0.0041503906,0.023925781,25.025146,61,107,1,0,255,2,0,1782503418.6435921,198
25.019531,25.01131,-0.20914486,0.6061879,0.7610779,1,1,0,-0.008361816,0.024230957,25.019531,61,107,1,0,255,2,0,1782503418.6435921,198
25.027342,25.017832,-0.31457183,0.6140126,0.7723999,1,1,0,-0.012573242,0.024536133,25.027344,61,107,1,0,255,2,0,1782503418.6435921,198
25.025146,25.014856,-0.36645475,0.6170126,0.79293823,1,1,0,-0.0146484375,0.024658203,25.025146,61,107,1,0,255,2,0,1782503418.6435921,198
25.01831,25.007069,-0.41977477,0.62142366,0.78060913,1,1,0,-0.016784668,0.024841309,25.01831,61,107,1,0,255,2,0,1782503418.6435921,198
25.03003,25.024178,-0.09316906,0.53313106,0.83047485,1,1,0,-0.0037231445,0.02130127,25.03003,26,108,0,0,255,2,0,1782503418.7432647,199
25.028074,25.021143,-0.25046417,0.53308946,0.7507324,1,1,0,-0.010009766,0.02130127,25.028076,26,108,0,0,255,2,0,1782503418.7432647,199
25.03247,25.024261,-0.3558988,0.5331831,0.7828064,1,1,0,-0.014221191,0.02130127,25.03247,26,108,0,0,255,2,0,1782503418.7432647,199
25.031252,25.022282,-0.4078089,0.5316297,1.1217651,1,1,0,-0.016296387,0.021240234,25.03125,26,108,0,0,255,2,0,1782503418.7432647,199
25.0271,25.025099,-0.09317249,0.30244416,0.70999146,1,1,0,-0.0037231445,0.012084961,25.0271,28,108,0,0,255,2,0,1782503418.7432647,199
25.019775,25.016699,-0.2519467,0.30082867,0.88412476,1,1,0,-0.010070801,0.012023926,25.019775,28,108,0,0,255,2,0,1782503418.7432647,199
25.016602,25.011446,-0.40915927,0.30079052,0.72998047,1,1,0,-0.016357422,0.012023926,25.016602,28,108,0,0,255,2,0,1782503418.7432647,199
25.031252,25.028034,-0.09623864,0.38956976,0.8105469,1,1,0,-0.0038452148,0.015563965,25.03125,60,108,0,0,255,2,0,1782503418.7432647,199
25.02124,25.01769,-0.14964373,0.39399496,0.8667908,1,1,0,-0.0059814453,0.01574707,25.02124,60,108,0,0,255,2,0,1782503418.7432647,199
25.031738,25.027775,-0.20164414,0.3972155,0.68136597,1,1,0,-0.008056641,0.01586914,25.031738,60,108,0,0,255,2,0,1782503418.7432647,199
25.020506,25.015984,-0.25499353,0.4016181,0.8417053,1,1,0,-0.010192871,0.016052246,25.020508,60,108,0,0,255,2,0,1782503418.7432647,199
25.017332,25.012178,-0.30686647,0.40462062,0.8001404,1,1,0,-0.012268066,0.016174316,25.017334,60,108,0,0,255,2,0,1782503418.7432647,199
25.03418,25.028255,-0.35901144,0.40947637,0.7307739,1,1,0,-0.014343262,0.016357422,25.03418,60,108,0,0,255,2,0,1782503418.7432647,199
25.026123,25.019327,-0.41234314,0.41239914,0.84869385,1,1,0,-0.016479492,0.016479492,25.026123,60,108,0,0,255,2,0,1782503418.7432647,199
25.021729,25.013952,-0.1587821,0.60318756,0.76828,1,1,0,-0.0063476562,0.024108887,25.021729,61,108,1,0,255,2,0,1782503418.7432647,199
25.026367,25.017515,-0.2641718,0.6109346,0.8730469,1,1,0,-0.010559082,0.024414062,25.026367,61,108,1,0,255,2,0,1782503418.7432647,199
25.03296,25.02339,-0.31616926,0.6156778,0.8668823,1,1,0,-0.012634277,0.024597168,25.032959,61,108,1,0,255,2,0,1782503418.7432647,199
25.028564,25.018188,-0.36955822,0.61862403,0.91412354,1,1,0,-0.014770508,0.024719238,25.028564,61,108,1,0,255,2,0,1782503418.7432647,199
25.03076,25.01945,-0.4215101,0.6232602,0.8977051,1,1,0,-0.016845703,0.024902344,25.030762,61,108,1,0,255,2,0,1782503418.7432647,199
25.02173,25.015867,-0.09619185,0.5329543,1.0244141,1,1,0,-0.0038452148,0.02130127,25.021729,26,109,0,0,255,2,0,1782503418.8435662,200
25.020506,25.01228,-0.35725534,0.5329283,1.051239,1,1,0,-0.014282227,0.02130127,25.020508,26,109,0,0,255,2,0,1782503418.8435662,200
25.022703,25.020447,-0.14966021,0.3008639,0.8607483,1,1,0,-0.0059814453,0.012023926,25.022705,28,109,0,0,255,2,0,1782503418.8435662,200
25.016602,25.011396,-0.41221246,0.30079052,0.8460083,1,1,0,-0.016479492,0.012023926,25.016602,28,109,0,0,255,2,0,1782503418.8435662,200
25.02197,25.017408,-0.10688655,0.46577522,0.59936523,1,1,0,-0.004272461,0.018615723,25.021973,29,109,1,0,255,2,0,1782503418.8435662,200
25.0271,25.023525,-0.14967863,0.39561456,0.6631775,1,1,0,-0.0059814453,0.015808105,25.0271,60,109,0,0,255,2,0,1782503418.8435662,200
25.032225,25.027676,-0.2551127,0.40333387,0.84262085,1,1,0,-0.010192871,0.016113281,25.032227,60,109,0,0,255,2,0,1782503418.8435662,200
25.021486,25.01554,-0.35882902,0.41079572,0.88412476,1,1,0,-0.014343262,0.016418457,25.021484,60,109,0,0,255,2,0,1782503418.8435662,200
25.03125,25.024427,-0.41242722,0.41401118,0.673584,1,1,0,-0.016479492,0.016540527,25.03125,60,109,0,0,255,2,0,1782503418.8435662,200
25.023924,25.016571,-0.106882975,0.597133,0.7477417,1,1,0,-0.004272461,0.023864746,25.023926,61,109,1,0,255,2,0,1782503418.8435662,200
25.018066,25.010328,-0.15875909,0.60157275,0.6916199,1,1,0,-0.0063476562,0.024047852,25.018066,61,109,1,0,255,2,0,1782503418.8435662,200
25.019531,25.011324,-0.21219833,0.6046613,0.67684937,1,1,0,-0.008483887,0.024169922,25.019531,61,109,1,0,255,2,0,1782503418.8435662,200
25.015871,25.005575,-0.3693719,0.61525744,0.78704834,1,1,0,-0.014770508,0.024597168,25.01587,61,109,1,0,255,2,0,1782503418.8435662,200
25.018066,25.006836,-0.42129758,0.61989105,0.81066895,1,1,0,-0.016845703,0.024780273,25.018066,61,109,1,0,255,2,0,1782503418.8435662,200
25.029053,25.02209,-0.2535284,0.53311026,0.71951294,1,1,0,-0.010131836,0.02130127,25.029053,26,110,0,0,255,2,0,1782503418.9432545,201
25.031494,25.023241,-0.35893953,0.5331623,0.9995117,1,1,0,-0.014343262,0.02130127,25.031494,26,110,0,0,255,2,0,1782503418.9432545,201
25.01831,25.016045,-0.14810698,0.30233794,0.9282837,1,1,0,-0.00592041,0.012084961,25.01831,28,110,0,0,255,2,0,1782503418.9432545,201
25.02954,25.024328,-0.20925371,0.4659161,0.76828,1,1,0,-0.008361816,0.018615723,25.029541,29,110,1,0,255,2,0,1782503418.9432545,201
25.03247,25.02927,-0.091660336,0.38958874,0.94143677,1,1,0,-0.0036621094,0.015563965,25.03247,60,110,0,0,255,2,0,1782503418.9432545,201
25.03003,25.026539,-0.14358646,0.39260584,0.64151,1,1,0,-0.0057373047,0.015686035,25.03003,60,110,0,0,255,2,0,1782503418.9432545,201
25.017336,25.013422,-0.19542132,0.3969869,0.7784729,1,1,0,-0.0078125,0.01586914,25.017334,60,110,0,0,255,2,0,1782503418.9432545,201
25.032959,25.02852,-0.24901022,0.40029025,0.7845459,1,1,0,-0.0099487305,0.015991211,25.032959,60,110,0,0,255,2,0,1782503418.9432545,201
25.020264,25.015182,-0.3007952,0.404668,1.0720215,1,1,0,-0.012023926,0.016174316,25.020264,60,110,0,0,255,2,0,1782503418.9432545,201
25.031004,25.025192,-0.3528566,0.4078969,0.7698059,1,1,0,-0.014099121,0.016296387,25.031006,60,110,0,0,255,2,0,1782503418.9432545,201
25.031738,25.025042,-0.40632603,0.41249168,0.8070679,1,1,0,-0.016235352,0.016479492,25.031738,60,110,0,0,255,2,0,1782503418.9432545,201
25.01831,25.01102,-0.10075295,0.5954724,0.70358276,1,1,0,-0.0040283203,0.023803711,25.01831,61,110,1,0,255,2,0,1782503418.9432545,201
25.019531,25.011904,-0.15266246,0.5985547,0.6974182,1,1,0,-0.0061035156,0.023925781,25.019531,61,110,1,0,255,2,0,1782503418.9432545,201
25.026365,25.018244,-0.20614865,0.6032994,0.7477417,1,1,0,-0.008239746,0.024108887,25.026367,61,110,1,0,255,2,0,1782503418.9432545,201
25.026367,25.017689,-0.25806516,0.60635346,0.74053955,1,1,0,-0.010314941,0.024230957,25.026367,61,110,1,0,255,2,0,1782503418.9432545,201
25.017332,25.007957,-0.3098679,0.6107141,0.64193726,1,1,0,-0.012390137,0.024414062,25.017334,61,110,1,0,255,2,0,1782503418.9432545,201
25.025146,25.014975,-0.36340225,0.6139587,0.7220459,1,1,0,-0.014526367,0.024536133,25.025146,61,110,1,0,255,2,0,1782503418.9432545,201
25.027342,25.016249,-0.415347,0.6185939,0.77853394,1,1,0,-0.016601562,0.024719238,25.027344,61,110,1,0,255,2,0,1782503418.9432545,201
25.031984,25.025517,-0.19857089,0.53317267,0.7680664,1,1,0,-0.00793457,0.02130127,25.031982,26,111,0,0,255,2,0,1782503419.042976,202
25.031006,25.023481,-0.30395004,0.53315187,0.73599243,1,1,0,-0.012145996,0.02130127,25.031006,26,111,0,0,255,2,0,1782503419.042976,202
25.021729,25.013521,-0.35574606,0.5329543,1.0330505,1,1,0,-0.014221191,0.02130127,25.021729,26,111,0,0,255,2,0,1782503419.042976,202
25.020506,25.017399,-0.25500795,0.3008375,1.1941223,1,1,0,-0.010192871,0.012023926,25.020508,28,111,0,0,255,2,0,1782503419.042976,202
25.028074,25.024382,-0.3070162,0.30092847,0.7489929,1,1,0,-0.012268066,0.012023926,25.028076,28,111,0,0,255,2,0,1782503419.042976,202
25.01587,25.01103,-0.15876354,0.4656616,0.7901306,1,1,0,-0.0063476562,0.018615723,25.01587,29,111,1,0,255,2,0,1782503419.042976,202
25.03296,25.025892,-0.369672,0.46597973,0.96240234,1,1,0,-0.014770508,0.018615723,25.032959,29,111,1,0,255,2,0,1782503419.042976,202
25.026125,25.02286,-0.09621874,0.39254457,1.0974731,1,1,0,-0.0038452148,0.015686035,25.026123,60,111,0,0,255,2,0,1782503419.042976,202
25.019531,25.015533,-0.2000186,0.40007555,0.8546753,1,1,0,-0.0079956055,0.015991211,25.019531,60,111,0,0,255,2,0,1782503419.042976,202
25.032715,25.028181,-0.2535901,0.40334174,1.0602112,1,1,0,-0.010131836,0.016113281,25.032715,60,111,0,0,255,2,0,1782503419.042976,202
25.02124,25.01442,-0.41073507,0.4153726,0.81137085,1,1,0,-0.016418457,0.016601562,25.02124,60,111,0,0,255,2,0,1782503419.042976,202
25.025145,25.016346,-0.26263243,0.60937786,0.8093567,1,1,0,-0.010498047,0.024353027,25.025146,61,111,1,0,255,2,0,1782503419.042976,202
25.02295,25.01344,-0.3145166,0.6139048,0.69226074,1,1,0,-0.012573242,0.024536133,25.02295,61,111,1,0,255,2,0,1782503419.042976,202
25.036377,25.026058,-0.36814666,0.6172895,1.0045166,1,1,0,-0.014709473,0.024658203,25.036377,61,111,1,0,255,2,0,1782503419.042976,202
25.034668,25.028566,-0.14512576,0.5332299,0.8998413,1,1,0,-0.00579834,0.02130127,25.034668,26,112,0,0,255,2,0,1782503419.1440568,203
25.03003,25.023575,-0.19702809,0.53313106,0.7732544,1,1,0,-0.007873535,0.02130127,25.03003,26,112,0,0,255,2,0,1782503419.1440568,203
25.03418,25.026672,-0.3024611,0.53321946,1.1495056,1,1,0,-0.012084961,0.02130127,25.03418,26,112,0,0,255,2,0,1782503419.1440568,203
25.031494,25.023308,-0.35435763,0.5331623,0.6622925,1,1,0,-0.014160156,0.02130127,25.031494,26,112,0,0,255,2,0,1782503419.1440568,203
25.019775,25.017763,-0.09619915,0.30235565,0.8694153,1,1,0,-0.0038452148,0.012084961,25.019775,28,112,0,0,255,2,0,1782503419.1440568,203
25.014648,25.009428,-0.21065567,0.46563888,0.8147583,1,1,0,-0.008422852,0.018615723,25.014648,29,112,1,0,255,2,0,1782503419.1440568,203
25.031006,25.027473,-0.14664702,0.39414874,0.7507324,1,1,0,-0.005859375,0.01574707,25.031006,60,112,0,0,255,2,0,1782503419.1440568,203
25.026125,25.022148,-0.2000715,0.39865366,0.7533264,1,1,0,-0.0079956055,0.015930176,25.026123,60,112,0,0,255,2,0,1782503419.1440568,203
25.032959,25.026186,-0.4094004,0.41403946,0.7914734,1,1,0,-0.016357422,0.016540527,25.032959,60,112,0,0,255,2,0,1782503419.1440568,203
25.028076,25.022202,-0.09927073,0.53308946,0.7568054,1,1,0,-0.003967285,0.02130127,25.028076,26,113,0,0,255,2,0,1782503419.2431808,204
25.031738,25.022669,-0.4139259,0.53164005,0.86776733,1,1,0,-0.016540527,0.021240234,25.031738,26,113,0,0,255,2,0,1782503419.2431808,204
25.017332,25.014713,-0.2015389,0.3007993,0.7706909,1,1,0,-0.008056641,0.012023926,25.017334,28,113,0,0,255,2,0,1782503419.2431808,204
25.025143,25.021452,-0.30698025,0.30089325,0.658844,1,1,0,-0.012268066,0.012023926,25.025146,28,113,0,0,255,2,0,1782503419.2431808,204
25.017334,25.012173,-0.30533952,0.40614736,1.03479,1,1,0,-0.012207031,0.016235352,25.017334,60,113,0,0,255,2,0,1782503419.2431808,204
25.024166,25.016401,-0.15727071,0.60324645,1.0528259,1,1,0,-0.006286621,0.024108887,25.02417,61,113,1,0,255,2,0,1782503419.2431808,204
25.021484,25.013214,-0.21068756,0.6077619,0.8188782,1,1,0,-0.008422852,0.024291992,25.021484,61,113,1,0,255,2,0,1782503419.2431808,204
25.022459,25.013624,-0.26260385,0.61083925,0.8229675,1,1,0,-0.010498047,0.024414062,25.02246,61,113,1,0,255,2,0,1782503419.2431808,204
25.032715,25.030725,-0.09472121,0.30098426,0.8044739,1,1,0,-0.0037841797,0.012023926,25.032715,28,114,0,0,255,2,0,1782503419.3434308,205
25.028564,25.024012,-0.10386001,0.46589792,0.81140137,1,1,0,-0.0041503906,0.018615723,25.028564,29,114,1,0,255,2,0,1782503419.3434308,205
25.028563,25.023352,-0.20924555,0.46589792,0.8216858,1,1,0,-0.008361816,0.018615723,25.028564,29,114,1,0,255,2,0,1782503419.3434308,205
25.036377,25.030676,-0.26125497,0.46604335,1.0394287,1,1,0,-0.010437012,0.018615723,25.036377,29,114,1,0,255,2,0,1782503419.3434308,205
25.026123,25.022581,-0.14814568,0.39407185,0.82528687,1,1,0,-0.00592041,0.01574707,25.026123,60,114,0,0,255,2,0,1782503419.3434308,205
25.031006,25.026497,-0.25357303,0.40178663,1.0255432,1,1,0,-0.010131836,0.016052246,25.031006,60,114,0,0,255,2,0,1782503419.3434308,205
25.03418,25.029015,-0.30554512,0.40642086,0.8027344,1,1,0,-0.012207031,0.016235352,25.03418,60,114,0,0,255,2,0,1782503419.3434308,205
25.032715,25.026793,-0.35899046,0.4094524,0.85736084,1,1,0,-0.014343262,0.016357422,25.032715,60,114,0,0,255,2,0,1782503419.3434308,205
25.02124,25.014446,-0.41073552,0.41384563,0.7715454,1,1,0,-0.016418457,0.016540527,25.02124,60,114,0,0,255,2,0,1782503419.3434308,205
25.030762,25.022919,-0.1573117,0.60646,0.90179443,1,1,0,-0.006286621,0.024230957,25.030762,61,114,1,0,255,2,0,1782503419.3434308,205
25.018064,25.00764,-0.36787575,0.6214176,0.8188782,1,1,0,-0.014709473,0.024841309,25.018066,61,114,1,0,255,2,0,1782503419.3434308,205
25.023926,25.012606,-0.4198677,0.62461686,0.7076721,1,1,0,-0.016784668,0.024963379,25.023926,61,114,1,0,255,2,0,1782503419.3434308,205
25.027102,25.021265,-0.09773981,0.5315415,0.6744385,1,1,0,-0.00390625,0.021240234,25.0271,26,115,0,0,255,2,0,1782503419.4432585,206
25.033937,25.026405,-0.30704102,0.5316867,0.7810669,1,1,0,-0.012268066,0.021240234,25.033936,26,115,0,0,255,2,0,1782503419.4432585,206
25.014648,25.012636,-0.09617943,0.3022937,1.2027893,1,1,0,-0.0038452148,0.012084961,25.014648,28,115,0,0,255,2,0,1782503419.4432585,206
25.019775,25.017155,-0.20155858,0.30082867,0.9967041,1,1,0,-0.008056641,0.012023926,25.019775,28,115,0,0,255,2,0,1782503419.4432585,206
25.024904,25.01968,-0.21074203,0.46582976,0.9327698,1,1,0,-0.008422852,0.018615723,25.024902,29,115,1,0,255,2,0,1782503419.4432585,206
25.031984,25.028376,-0.1512353,0.39721936,0.7793274,1,1,0,-0.0060424805,0.01586914,25.031982,60,115,0,0,255,2,0,1782503419.4432585,206
25.031736,25.027712,-0.20317131,0.40027073,0.6683655,1,1,0,-0.008117676,0.015991211,25.031738,60,115,0,0,255,2,0,1782503419.4432585,206
25.034178,25.029604,-0.25513235,0.40489307,0.86602783,1,1,0,-0.010192871,0.016174316,25.03418,60,115,0,0,255,2,0,1782503419.4432585,206
25.029053,25.023827,-0.30853695,0.40786508,0.7749939,1,1,0,-0.012329102,0.016296387,25.029053,60,115,0,0,255,2,0,1782503419.4432585,206
25.021484,25.01405,-0.108398974,0.6001282,0.85787964,1,1,0,-0.004333496,0.023986816,25.021484,61,115,1,0,255,2,0,1782503419.4432585,206
25.021484,25.0132,-0.21221426,0.6077619,0.73883057,1,1,0,-0.008483887,0.024291992,25.021484,61,115,1,0,255,2,0,1782503419.4432585,206
25.032957,25.024088,-0.26576874,0.6110955,0.9880676,1,1,0,-0.010620117,0.024414062,25.032959,61,115,1,0,255,2,0,1782503419.4432585,206
25.02246,25.012066,-0.37099472,0.6184732,0.7685852,1,1,0,-0.014831543,0.024719238,25.02246,61,115,1,0,255,2,0,1782503419.4432585,206
25.034424,25.028559,-0.096240655,0.5332247,0.8105469,1,1,0,-0.0038452148,0.02130127,25.034424,26,116,0,0,255,2,0,1782503419.5433803,207
25.018309,25.012196,-0.1480842,0.53288144,0.81137085,1,1,0,-0.00592041,0.02130127,25.01831,26,116,0,0,255,2,0,1782503419.5433803,207
25.021729,25.014221,-0.30536452,0.53142744,1.026123,1,1,0,-0.012207031,0.021240234,25.021729,26,116,0,0,255,2,0,1782503419.5433803,207
25.03247,25.024273,-0.35742664,0.5316556,0.7879944,1,1,0,-0.014282227,0.021240234,25.03247,26,116,0,0,255,2,0,1782503419.5433803,207
25.032957,25.03097,-0.09472214,0.30098718,1.0376587,1,1,0,-0.0037841797,0.012023926,25.032959,28,116,0,0,255,2,0,1782503419.5433803,207
25.033934,25.031687,-0.14819959,0.30099893,0.99172974,1,1,0,-0.00592041,0.012023926,25.033936,28,116,0,0,255,2,0,1782503419.5433803,207
25.021242,25.018633,-0.20004338,0.30084628,1.0183411,1,1,0,-0.0079956055,0.012023926,25.02124,28,116,0,0,255,2,0,1782503419.5433803,207
25.024168,25.019339,-0.15728918,0.4658161,1.0507812,1,1,0,-0.006286621,0.018615723,25.02417,29,116,1,0,255,2,0,1782503419.5433803,207
25.02246,25.019203,-0.09467761,0.3924871,0.9949646,1,1,0,-0.0037841797,0.015686035,25.02246,60,116,0,0,255,2,0,1782503419.5433803,207
25.02124,25.017675,-0.14811663,0.39552194,0.8624878,1,1,0,-0.00592041,0.015808105,25.02124,60,116,0,0,255,2,0,1782503419.5433803,207
25.020998,25.016998,-0.20003031,0.40009898,0.90057373,1,1,0,-0.0079956055,0.015991211,25.020996,60,116,0,0,255,2,0,1782503419.5433803,207
25.023684,25.01915,-0.25349858,0.4031962,1.0244141,1,1,0,-0.010131836,0.016113281,25.023682,60,116,0,0,255,2,0,1782503419.5433803,207
25.019773,25.013851,-0.3572778,0.41076764,0.8520813,1,1,0,-0.014282227,0.016418457,25.019775,60,116,0,0,255,2,0,1782503419.5433803,207
25.02954,25.022154,-0.10537957,0.59879416,0.86483765,1,1,0,-0.004211426,0.023925781,25.029541,61,116,1,0,255,2,0,1782503419.5433803,207
25.02148,25.013716,-0.15725383,0.60318166,0.8496704,1,1,0,-0.006286621,0.024108887,25.021484,61,116,1,0,255,2,0,1782503419.5433803,207
25.01831,25.008804,-0.3144583,0.613791,0.64501953,1,1,0,-0.012573242,0.024536133,25.01831,61,116,1,0,255,2,0,1782503419.5433803,207
25.03076,25.019512,-0.41998366,0.6217329,0.7425842,1,1,0,-0.016784668,0.024841309,25.030762,61,116,1,0,255,2,0,1782503419.5433803,207
25.027102,25.02123,-0.097739674,0.53306866,0.7342529,1,1,0,-0.00390625,0.02130127,25.0271,26,117,0,0,255,2,0,1782503419.6429956,208
25.019775,25.012785,-0.25648773,0.5329127,0.8581543,1,1,0,-0.010253906,0.02130127,25.019775,26,117,0,0,255,2,0,1782503419.6429956,208
25.023438,25.01586,-0.30843872,0.5329907,0.7741394,1,1,0,-0.012329102,0.02130127,25.023438,26,117,0,0,255,2,0,1782503419.6429956,208
25.033445,25.025204,-0.36049542,0.53167635,0.87210083,1,1,0,-0.014404297,0.021240234,25.033447,26,117,0,0,255,2,0,1782503419.6429956,208
25.032715,25.023645,-0.41394204,0.5316608,0.7533264,1,1,0,-0.016540527,0.021240234,25.032715,26,117,0,0,255,2,0,1782503419.6429956,208
25.02124,25.019247,-0.096204855,0.30084628,0.87979126,1,1,0,-0.0038452148,0.012023926,25.02124,28,117,0,0,255,2,0,1782503419.6429956,208
25.031006,25.025797,-0.41244978,0.3009637,0.68743896,1,1,0,-0.016479492,0.012023926,25.031006,28,117,0,0,255,2,0,1782503419.6429956,208
25.025146,25.020582,-0.10690011,0.4658343,0.6840515,1,1,0,-0.004272461,0.018615723,25.025146,29,117,1,0,255,2,0,1782503419.6429956,208
25.03296,25.028118,-0.15887201,0.46597973,0.88742065,1,1,0,-0.0063476562,0.018615723,25.032959,29,117,1,0,255,2,0,1782503419.6429956,208
25.018066,25.012337,-0.26411712,0.4657025,0.732666,1,1,0,-0.010559082,0.018615723,25.018066,29,117,1,0,255,2,0,1782503419.6429956,208
25.033203,25.02998,-0.09777385,0.38960016,0.8044739,1,1,0,-0.00390625,0.015563965,25.033203,60,117,0,0,255,2,0,1782503419.6429956,208
25.031248,25.027721,-0.14970373,0.39262497,0.646698,1,1,0,-0.0059814453,0.015686035,25.03125,60,117,0,0,255,2,0,1782503419.6429956,208
25.03247,25.028507,-0.20165004,0.3972271,0.9379883,1,1,0,-0.008056641,0.01586914,25.03247,60,117,0,0,255,2,0,1782503419.6429956,208
25.021484,25.016985,-0.25500372,0.4001068,1.0945435,1,1,0,-0.010192871,0.015991211,25.021484,60,117,0,0,255,2,0,1782503419.6429956,208
25.031736,25.026579,-0.30704316,0.40485358,0.8851013,1,1,0,-0.012268066,0.016174316,25.031738,60,117,0,0,255,2,0,1782503419.6429956,208
25.031004,25.025084,-0.3604937,0.4078969,0.81747437,1,1,0,-0.014404297,0.016296387,25.031006,60,117,0,0,255,2,0,1782503419.6429956,208
25.03247,25.025673,-0.41244775,0.41250375,0.68743896,1,1,0,-0.016479492,0.016479492,25.03247,60,117,0,0,255,2,0,1782503419.6429956,208
25.029541,25.020687,-0.2642053,0.6110121,0.72821045,1,1,0,-0.010559082,0.024414062,25.029541,61,117,1,0,255,2,0,1782503419.6429956,208
25.021484,25.011112,-0.36945367,0.61844903,0.8127136,1,1,0,-0.014770508,0.024719238,25.021484,61,117,1,0,255,2,0,1782503419.6429956,208
25.033936,25.031326,-0.20014487,0.30099893,0.7914734,1,1,0,-0.0079956055,0.012023926,25.033936,28,118,0,0,255,2,0,1782503419.7434878,209
25.031738,25.026514,-0.21079959,0.465957,0.8442688,1,1,0,-0.008422852,0.018615723,25.031738,29,118,1,0,255,2,0,1782503419.7434878,209
25.036377,25.030659,-0.2627827,0.46604335,1.0301819,1,1,0,-0.010498047,0.018615723,25.036377,29,118,1,0,255,2,0,1782503419.7434878,209
25.020264,25.016994,-0.09772313,0.39245266,0.7655029,1,1,0,-0.00390625,0.015686035,25.020264,60,118,0,0,255,2,0,1782503419.7434878,209
25.031248,25.0267,-0.25510275,0.40331814,0.7325134,1,1,0,-0.010192871,0.016113281,25.03125,60,118,0,0,255,2,0,1782503419.7434878,209
25.020508,25.015303,-0.3069048,0.40772584,0.7888794,1,1,0,-0.012268066,0.016296387,25.020508,60,118,0,0,255,2,0,1782503419.7434878,209
25.022945,25.01552,-0.10687848,0.60016334,0.70358276,1,1,0,-0.004272461,0.023986816,25.02295,61,118,1,0,255,2,0,1782503419.7434878,209
25.030762,25.022984,-0.15883942,0.60340536,0.85250854,1,1,0,-0.0063476562,0.024108887,25.030762,61,118,1,0,255,2,0,1782503419.7434878,209
25.025146,25.016863,-0.21224533,0.60785085,0.7723999,1,1,0,-0.008483887,0.024291992,25.025146,61,118,1,0,255,2,0,1782503419.7434878,209
25.031738,25.02217,-0.31615385,0.6156478,0.7600708,1,1,0,-0.012634277,0.024597168,25.031738,61,118,1,0,255,2,0,1782503419.7434878,209
25.01831,25.007938,-0.3694068,0.6183706,0.7744446,1,1,0,-0.014770508,0.024719238,25.01831,61,118,1,0,255,2,0,1782503419.7434878,209
25.020996,25.0184,-0.19851443,0.30084336,1.0625,1,1,0,-0.00793457,0.012023926,25.020996,28,119,0,0,255,2,0,1782503419.843326,210
25.03247,25.029236,-0.09471558,0.39111644,0.82354736,1,1,0,-0.0037841797,0.015625,25.03247,60,119,0,0,255,2,0,1782503419.843326,210
25.03247,25.028929,-0.14818326,0.3941718,0.7455139,1,1,0,-0.00592041,0.01574707,25.03247,60,119,0,0,255,2,0,1782503419.843326,210
25.031984,25.028008,-0.20011835,0.398747,0.70132446,1,1,0,-0.0079956055,0.015930176,25.031982,60,119,0,0,255,2,0,1782503419.843326,210
25.031984,25.027473,-0.25358292,0.4018023,0.8044739,1,1,0,-0.010131836,0.016052246,25.031982,60,119,0,0,255,2,0,1782503419.843326,210
25.031496,25.025595,-0.3574455,0.40943244,0.7550659,1,1,0,-0.014282227,0.016357422,25.031494,60,119,0,0,255,2,0,1782503419.843326,210
25.033205,25.026405,-0.4109319,0.4140435,1.1130981,1,1,0,-0.016418457,0.016540527,25.033203,60,119,0,0,255,2,0,1782503419.843326,210
25.015871,25.008032,-0.15721808,0.6060991,0.861969,1,1,0,-0.006286621,0.024230957,25.01587,61,119,1,0,255,2,0,1782503419.843326,210
25.028564,25.020256,-0.21074688,0.60946107,0.81347656,1,1,0,-0.008422852,0.024353027,25.028564,61,119,1,0,255,2,0,1782503419.843326,210
25.015871,25.006289,-0.31442666,0.61678386,0.8496704,1,1,0,-0.012573242,0.024658203,25.01587,61,119,1,0,255,2,0,1782503419.843326,210
25.028564,25.018135,-0.3680301,0.62167835,0.8216858,1,1,0,-0.014709473,0.024841309,25.028564,61,119,1,0,255,2,0,1782503419.843326,210
25.031738,25.025913,-0.094703004,0.53164005,0.7455139,1,1,0,-0.0037841797,0.021240234,25.031738,26,120,0,0,255,2,0,1782503419.943659,211
25.029053,25.020035,-0.41082728,0.531583,0.7342529,1,1,0,-0.016418457,0.021240234,25.029053,26,120,0,0,255,2,0,1782503419.943659,211
25.031738,25.02972,-0.09777284,0.30250022,0.7619934,1,1,0,-0.00390625,0.012084961,25.031738,28,120,0,0,255,2,0,1782503419.943659,211
25.032469,25.030212,-0.14971863,0.3009813,0.9379883,1,1,0,-0.0059814453,0.012023926,25.03247,28,120,0,0,255,2,0,1782503419.943659,211
25.020508,25.017887,-0.20156448,0.3008375,0.89019775,1,1,0,-0.008056641,0.012023926,25.020508,28,120,0,0,255,2,0,1782503419.943659,211
25.034668,25.031557,-0.25515226,0.30100775,0.7585144,1,1,0,-0.010192871,0.012023926,25.034668,28,120,0,0,255,2,0,1782503419.943659,211
25.030762,25.026196,-0.106924094,0.4659388,0.75491333,1,1,0,-0.004272461,0.018615723,25.030762,29,120,1,0,255,2,0,1782503419.943659,211
25.030762,25.025524,-0.21231881,0.4659388,0.8422241,1,1,0,-0.008483887,0.018615723,25.030762,29,120,1,0,255,2,0,1782503419.943659,211
25.02954,25.02168,-0.42154768,0.46438864,0.7723999,1,1,0,-0.016845703,0.018554688,25.029541,29,120,1,0,255,2,0,1782503419.943659,211
25.029055,25.025784,-0.09775746,0.39259052,0.7455139,1,1,0,-0.00390625,0.015686035,25.029053,60,120,0,0,255,2,0,1782503419.943659,211
25.032228,25.02862,-0.15123677,0.39722323,0.82702637,1,1,0,-0.0060424805,0.01586914,25.032227,60,120,0,0,255,2,0,1782503419.943659,211
25.03491,25.028915,-0.36054888,0.41254398,0.7958069,1,1,0,-0.014404297,0.016479492,25.034912,60,120,0,0,255,2,0,1782503419.943659,211
25.032225,25.025377,-0.41244286,0.415555,0.7680664,1,1,0,-0.016479492,0.016601562,25.032227,60,120,0,0,255,2,0,1782503419.943659,211
25.026365,25.018858,-0.10841981,0.6032994,0.7569885,1,1,0,-0.004333496,0.024108887,25.026367,61,120,1,0,255,2,0,1782503419.943659,211
25.026365,25.018505,-0.16033809,0.60635346,0.8977051,1,1,0,-0.0064086914,0.024230957,25.026367,61,120,1,0,255,2,0,1782503419.943659,211
25.023926,25.015568,-0.21223435,0.610875,0.77752686,1,1,0,-0.008483887,0.024414062,25.023926,61,120,1,0,255,2,0,1782503419.943659,211
25.025145,25.015484,-0.31759647,0.6185395,0.69021606,1,1,0,-0.0126953125,0.024719238,25.025146,61,120,1,0,255,2,0,1782503419.943659,211
25.022947,25.011538,-0.42290387,0.6261193,0.63168335,1,1,0,-0.016906738,0.025024414,25.02295,61,120,1,0,255,2,0,1782503419.943659,211
25.027102,25.02127,-0.09621263,0.5315415,0.71343994,1,1,0,-0.0038452148,0.021240234,25.0271,26,121,0,0,255,2,0,1782503420.043287,212
25.029053,25.022594,-0.2016024,0.531583,0.8027344,1,1,0,-0.008056641,0.021240234,25.029053,26,121,0,0,255,2,0,1782503420.043287,212
25.031006,25.02406,-0.25507584,0.5316245,0.97525024,1,1,0,-0.010192871,0.021240234,25.031006,26,121,0,0,255,2,0,1782503420.043287,212
25.023193,25.014977,-0.35882095,0.53145856,0.7715454,1,1,0,-0.014343262,0.021240234,25.023193,26,121,0,0,255,2,0,1782503420.043287,212
25.032713,25.030092,-0.20166281,0.30098426,0.83828735,1,1,0,-0.008056641,0.012023926,25.032715,28,121,0,0,255,2,0,1782503420.043287,212
25.032959,25.028393,-0.10693348,0.46597973,0.82373047,1,1,0,-0.004272461,0.018615723,25.032959,29,121,1,0,255,2,0,1782503420.043287,212
25.034424,25.031136,-0.096250564,0.39420256,0.7307739,1,1,0,-0.0038452148,0.01574707,25.034424,60,121,0,0,255,2,0,1782503420.043287,212
25.031738,25.0277,-0.20164354,0.40179837,0.7403259,1,1,0,-0.008056641,0.016052246,25.031738,60,121,0,0,255,2,0,1782503420.043287,212
25.03247,25.027912,-0.25358737,0.40486544,0.9310303,1,1,0,-0.010131836,0.016174316,25.03247,60,121,0,0,255,2,0,1782503420.043287,212
25.031738,25.025764,-0.3589757,0.41249168,0.84262085,1,1,0,-0.014343262,0.016479492,25.031738,60,121,0,0,255,2,0,1782503420.043287,212
25.034668,25.026854,-0.15886399,0.6050271,0.93673706,1,1,0,-0.0063476562,0.024169922,25.034668,61,121,1,0,255,2,0,1782503420.043287,212
25.032473,25.023453,-0.4108834,0.5316556,0.8998413,1,1,0,-0.016418457,0.021240234,25.03247,26,122,0,0,255,2,0,1782503420.1432831,213
25.031738,25.029737,-0.097772904,0.30097252,0.9145813,1,1,0,-0.00390625,0.012023926,25.031738,28,122,0,0,255,2,0,1782503420.1432831,213
25.02173,25.019096,-0.20310137,0.30085215,1.09021,1,1,0,-0.008117676,0.012023926,25.021729,28,122,0,0,255,2,0,1782503420.1432831,213
25.016602,25.01348,-0.25649485,0.30079052,1.1906738,1,1,0,-0.010253906,0.012023926,25.016602,28,122,0,0,255,2,0,1782503420.1432831,213
25.032715,25.027481,-0.4140055,0.30098426,0.7307739,1,1,0,-0.016540527,0.012023926,25.032715,28,122,0,0,255,2,0,1782503420.1432831,213
25.027342,25.02277,-0.10843676,0.46587518,0.70358276,1,1,0,-0.004333496,0.018615723,25.027344,29,122,1,0,255,2,0,1782503420.1432831,213
25.032959,25.027708,-0.21386501,0.46597973,0.87509155,1,1,0,-0.008544922,0.018615723,25.032959,29,122,1,0,255,2,0,1782503420.1432831,213
25.013916,25.007566,-0.31749594,0.46562523,0.6501465,1,1,0,-0.0126953125,0.018615723,25.013916,29,122,1,0,255,2,0,1782503420.1432831,213
25.028564,25.021475,-0.37113428,0.46589792,0.7846985,1,1,0,-0.014831543,0.018615723,25.028564,29,122,1,0,255,2,0,1782503420.1432831,213
25.029053,25.025776,-0.09317501,0.39411798,0.7619934,1,1,0,-0.0037231445,0.01574707,25.029053,60,122,0,0,255,2,0,1782503420.1432831,213
25.029053,25.02548,-0.14510787,0.39717287,0.7602539,1,1,0,-0.00579834,0.01586914,25.029053,60,122,0,0,255,2,0,1782503420.1432831,213
25.031004,25.026476,-0.25051755,0.40484175,0.81573486,1,1,0,-0.010009766,0.016174316,25.031006,60,122,0,0,255,2,0,1782503420.1432831,213
25.03125,25.025341,-0.35438645,0.41248363,0.7914734,1,1,0,-0.014160156,0.016479492,25.03125,60,122,0,0,255,2,0,1782503420.1432831,213
25.026123,25.019352,-0.40776116,0.41545367,0.71432495,1,1,0,-0.016296387,0.016601562,25.026123,60,122,0,0,255,2,0,1782503420.1432831,213
25.027344,25.019522,-0.15423606,0.6063771,0.7713623,1,1,0,-0.006164551,0.024230957,25.027344,61,122,1,0,255,2,0,1782503420.1432831,213
25.023926,25.015644,-0.20765416,0.6093481,0.59265137,1,1,0,-0.008300781,0.024353027,25.023926,61,122,1,0,255,2,0,1782503420.1432831,213
25.028564,25.019684,-0.25961298,0.6140426,0.7836914,1,1,0,-0.010375977,0.024536133,25.028564,61,122,1,0,255,2,0,1782503420.1432831,213
25.019531,25.009987,-0.31141976,0.61687416,0.61831665,1,1,0,-0.012451172,0.024658203,25.019531,61,122,1,0,255,2,0,1782503420.1432831,213
25.025146,25.013876,-0.41683474,0.6246473,0.7693176,1,1,0,-0.016662598,0.024963379,25.025146,61,122,1,0,255,2,0,1782503420.1432831,213
25.033447,25.02733,-0.1481738,0.5332039,0.7914734,1,1,0,-0.00592041,0.02130127,25.033447,26,123,0,0,255,2,0,1782503420.2437396,214
25.034184,25.02725,-0.25358066,0.5316919,0.82354736,1,1,0,-0.010131836,0.021240234,25.03418,26,123,0,0,255,2,0,1782503420.2437396,214
25.03125,25.023739,-0.30548075,0.5316297,0.84002686,1,1,0,-0.012207031,0.021240234,25.03125,26,123,0,0,255,2,0,1782503420.2437396,214
25.031008,25.022808,-0.35740572,0.5316245,0.98480225,1,1,0,-0.014282227,0.021240234,25.031006,26,123,0,0,255,2,0,1782503420.2437396,214
25.011477,25.00692,-0.1053154,0.4655798,0.60498047,1,1,0,-0.004211426,0.018615723,25.011475,29,123,1,0,255,2,0,1782503420.2437396,214
25.010254,25.003925,-0.31592333,0.46555707,0.7367859,1,1,0,-0.012634277,0.018615723,25.010254,29,123,1,0,255,2,0,1782503420.2437396,214
25.032227,25.028152,-0.2001195,0.40486148,0.8088074,1,1,0,-0.0079956055,0.016174316,25.032227,60,123,0,0,255,2,0,1782503420.2437396,214
25.031004,25.026411,-0.25204453,0.4078969,0.7307739,1,1,0,-0.010070801,0.016296387,25.031006,60,123,0,0,255,2,0,1782503420.2437396,214
25.025146,25.019886,-0.3054337,0.41238305,0.7715454,1,1,0,-0.012207031,0.016479492,25.025146,60,123,0,0,255,2,0,1782503420.2437396,214
25.032469,25.026468,-0.357458,0.41555905,0.8044739,1,1,0,-0.014282227,0.016601562,25.03247,60,123,0,0,255,2,0,1782503420.2437396,214
25.034178,25.027304,-0.40941867,0.42017066,0.82873535,1,1,0,-0.016357422,0.016784668,25.03418,60,123,0,0,255,2,0,1782503420.2437396,214
25.032959,25.025469,-0.10386606,0.6034583,0.86276245,1,1,0,-0.0041503906,0.024108887,25.032959,61,123,1,0,255,2,0,1782503420.2437396,214
25.016846,25.009008,-0.15722422,0.6061228,0.8270874,1,1,0,-0.006286621,0.024230957,25.016846,61,123,1,0,255,2,0,1782503420.2437396,214
25.021727,25.013395,-0.2091623,0.61082137,0.64297485,1,1,0,-0.008361816,0.024414062,25.021729,61,123,1,0,255,2,0,1782503420.2437396,214
25.021729,25.012106,-0.31449986,0.61845505,0.6635132,1,1,0,-0.012573242,0.024719238,25.021729,61,123,1,0,255,2,0,1782503420.2437396,214
25.029541,25.019135,-0.36651742,0.6217026,0.7836914,1,1,0,-0.0146484375,0.024841309,25.029541,61,123,1,0,255,2,0,1782503420.2437396,214
25.02637,25.015009,-0.41990805,0.62620485,0.90179443,1,1,0,-0.016784668,0.025024414,25.026367,61,123,1,0,255,2,0,1782503420.2437396,214
25.03125,25.024303,-0.25507832,0.5316297,0.7862549,1,1,0,-0.010192871,0.021240234,25.03125,26,124,0,0,255,2,0,1782503420.3434365,215
25.019775,25.017782,-0.09619922,0.30082867,0.9326172,1,1,0,-0.0038452148,0.012023926,25.019775,28,124,0,0,255,2,0,1782503420.3434365,215
25.03198,25.029724,-0.1497157,0.30097544,0.7342529,1,1,0,-0.0059814453,0.012023926,25.031982,28,124,0,0,255,2,0,1782503420.3434365,215
25.022459,25.01935,-0.25502783,0.30086097,0.8667908,1,1,0,-0.010192871,0.012023926,25.02246,28,124,0,0,255,2,0,1782503420.3434365,215
25.02197,25.01759,-0.35885847,0.3008551,0.8356323,1,1,0,-0.014343262,0.012023926,25.021973,28,124,0,0,255,2,0,1782503420.3434365,215
25.020752,25.015022,-0.26414546,0.46575248,0.68917847,1,1,0,-0.010559082,0.018615723,25.020752,29,124,1,0,255,2,0,1782503420.3434365,215
25.02124,25.017948,-0.09772685,0.39399496,0.8460083,1,1,0,-0.00390625,0.01574707,25.02124,60,124,0,0,255,2,0,1782503420.3434365,215
25.028078,25.02447,-0.15121171,0.39715737,0.68743896,1,1,0,-0.0060424805,0.01586914,25.028076,60,124,0,0,255,2,0,1782503420.3434365,215
25.019775,25.014551,-0.3084226,0.4077139,0.96206665,1,1,0,-0.012329102,0.016296387,25.019775,60,124,0,0,255,2,0,1782503420.3434365,215
25.029053,25.022205,-0.4123906,0.4155023,0.72732544,1,1,0,-0.016479492,0.016601562,25.029053,60,124,0,0,255,2,0,1782503420.3434365,215
25.027344,25.01952,-0.16034459,0.60485005,0.7127991,1,1,0,-0.0064086914,0.024169922,25.027344,61,124,1,0,255,2,0,1782503420.3434365,215
25.026367,25.018045,-0.21225536,0.6094076,0.750824,1,1,0,-0.008483887,0.024353027,25.026367,61,124,1,0,255,2,0,1782503420.3434365,215
25.019287,25.010384,-0.26562318,0.61228836,0.7593689,1,1,0,-0.010620117,0.024475098,25.019287,61,124,1,0,255,2,0,1782503420.3434365,215
25.029541,25.018166,-0.4230159,0.624757,0.78985596,1,1,0,-0.016906738,0.024963379,25.029541,61,124,1,0,255,2,0,1782503420.3434365,215
25.031494,25.02563,-0.0962294,0.5331623,0.71343994,1,1,0,-0.0038452148,0.02130127,25.031494,26,125,0,0,255,2,0,1782503420.443277,216
25.032717,25.02627,-0.20010445,0.5316608,0.85302734,1,1,0,-0.0079956055,0.021240234,25.032715,26,125,0,0,255,2,0,1782503420.443277,216
25.032715,25.025785,-0.25356582,0.5316608,0.9293213,1,1,0,-0.010131836,0.021240234,25.032715,26,125,0,0,255,2,0,1782503420.443277,216
25.032715,25.025204,-0.30549863,0.5316608,0.7940674,1,1,0,-0.012207031,0.021240234,25.032715,26,125,0,0,255,2,0,1782503420.443277,216
25.032959,25.024738,-0.358961,0.531666,0.72906494,1,1,0,-0.014343262,0.021240234,25.032959,26,125,0,0,255,2,0,1782503420.443277,216
25.026125,25.017107,-0.4107792,0.5315208,0.7550659,1,1,0,-0.016418457,0.021240234,25.026123,26,125,0,0,255,2,0,1782503420.443277,216
25.018312,25.014639,-0.30536965,0.30081105,0.8356323,1,1,0,-0.012207031,0.012023926,25.01831,28,125,0,0,255,2,0,1782503420.443277,216
25.018066,25.013481,-0.10534304,0.4672292,0.8496704,1,1,0,-0.004211426,0.018676758,25.018066,29,125,1,0,255,2,0,1782503420.443277,216
25.013674,25.008835,-0.15874961,0.4656207,0.6690674,1,1,0,-0.0063476562,0.018615723,25.013672,29,125,1,0,255,2,0,1782503420.443277,216
25.020264,25.012434,-0.15571907,0.6062056,0.963562,1,1,0,-0.006225586,0.024230957,25.020264,61,125,1,0,255,2,0,1782503420.443277,216
25.031738,25.02284,-0.2611732,0.6141204,0.74053955,1,1,0,-0.010437012,0.024536133,25.031738,61,125,1,0,255,2,0,1782503420.443277,216
25.01831,25.008709,-0.31293046,0.6183706,0.68917847,1,1,0,-0.012512207,0.024719238,25.01831,61,125,1,0,255,2,0,1782503420.443277,216
25.01953,25.0082,-0.41826692,0.6260338,0.60806274,1,1,0,-0.016723633,0.025024414,25.019531,61,125,1,0,255,2,0,1782503420.443277,216
25.021729,25.019491,-0.14660026,0.30085215,0.9724426,1,1,0,-0.005859375,0.012023926,25.021729,28,126,0,0,255,2,0,1782503420.5435672,217
25.022703,25.019049,-0.30389622,0.3008639,0.87545776,1,1,0,-0.012145996,0.012023926,25.022705,28,126,0,0,255,2,0,1782503420.5435672,217
25.018064,25.013247,-0.15572412,0.4657025,0.7562866,1,1,0,-0.006225586,0.018615723,25.018066,29,126,1,0,255,2,0,1782503420.5435672,217
25.019531,25.013239,-0.31298712,0.46572977,0.6624756,1,1,0,-0.012512207,0.018615723,25.019531,29,126,1,0,255,2,0,1782503420.5435672,217
25.032469,25.029217,-0.093187824,0.39264414,0.7732544,1,1,0,-0.0037231445,0.015686035,25.03247,60,126,0,0,255,2,0,1782503420.5435672,217
25.028074,25.024088,-0.19855957,0.40021217,0.679657,1,1,0,-0.00793457,0.015991211,25.028076,60,126,0,0,255,2,0,1782503420.5435672,217
25.032957,25.028429,-0.2505371,0.40487334,0.85302734,1,1,0,-0.010009766,0.016174316,25.032959,60,126,0,0,255,2,0,1782503420.5435672,217
25.032715,25.027563,-0.30247185,0.40792477,0.7810669,1,1,0,-0.012084961,0.016296387,25.032715,60,126,0,0,255,2,0,1782503420.5435672,217
25.026371,25.01885,-0.102311544,0.60482645,0.7846985,1,1,0,-0.0040893555,0.024169922,25.026367,61,126,1,0,255,2,0,1782503420.5435672,217
25.018064,25.009151,-0.2595037,0.6153115,0.9050598,1,1,0,-0.010375977,0.024597168,25.018066,61,126,1,0,255,2,0,1782503420.5435672,217
25.025146,25.014725,-0.36492577,0.62312037,0.7713623,1,1,0,-0.014587402,0.024902344,25.025146,61,126,1,0,255,2,0,1782503420.5435672,217
25.031738,25.024195,-0.3054863,0.5331675,0.6744385,1,1,0,-0.012207031,0.02130127,25.031738,26,127,0,0,255,2,0,1782503420.6431165,218
25.019531,25.017267,-0.15116818,0.30082574,1.0313416,1,1,0,-0.0060424805,0.012023926,25.019531,28,127,0,0,255,2,0,1782503420.6431165,218
25.025146,25.020575,-0.10842725,0.4658343,0.70458984,1,1,0,-0.004333496,0.018615723,25.025146,29,127,1,0,255,2,0,1782503420.6431165,218
25.01953,25.01468,-0.16031358,0.46572977,0.70150757,1,1,0,-0.0064086914,0.018615723,25.019531,29,127,1,0,255,2,0,1782503420.6431165,218
25.023926,25.016014,-0.42297953,0.46581158,0.6645508,1,1,0,-0.016906738,0.018615723,25.023926,29,127,1,0,255,2,0,1782503420.6431165,218
25.03418,25.030914,-0.096249714,0.39267093,0.7975464,1,1,0,-0.0038452148,0.015686035,25.03418,60,127,0,0,255,2,0,1782503420.6431165,218
25.03247,25.028904,-0.1481831,0.39569947,0.82006836,1,1,0,-0.00592041,0.015808105,25.03247,60,127,0,0,255,2,0,1782503420.6431165,218
25.023926,25.016504,-0.10535577,0.60018677,0.66967773,1,1,0,-0.004211426,0.023986816,25.023926,61,127,1,0,255,2,0,1782503420.6431165,218
25.033936,25.026957,-0.25510538,0.5332143,0.9206238,1,1,0,-0.010192871,0.02130127,25.033936,26,128,0,0,255,2,0,1782503420.7436316,219
25.02905,25.024664,-0.36048764,0.2994127,0.7680664,1,1,0,-0.014404297,0.011962891,25.029053,28,128,0,0,255,2,0,1782503420.7436316,219
25.027102,25.021912,-0.41238573,0.29938933,0.70651245,1,1,0,-0.016479492,0.011962891,25.0271,28,128,0,0,255,2,0,1782503420.7436316,219
25.028563,25.020704,-0.42153123,0.46437052,0.6758423,1,1,0,-0.016845703,0.018554688,25.028564,29,128,1,0,255,2,0,1782503420.7436316,219
25.031738,25.02845,-0.09624024,0.39416027,0.83047485,1,1,0,-0.0038452148,0.01574707,25.031738,60,128,0,0,255,2,0,1782503420.7436316,219
25.03125,25.02765,-0.14970331,0.39720774,0.70132446,1,1,0,-0.0059814453,0.01586914,25.03125,60,128,0,0,255,2,0,1782503420.7436316,219
25.019775,25.015219,-0.25345877,0.4046601,1.0884705,1,1,0,-0.010131836,0.016174316,25.019775,60,128,0,0,255,2,0,1782503420.7436316,219
25.02197,25.016743,-0.30692247,0.4092767,0.87545776,1,1,0,-0.012268066,0.016357422,25.021973,60,128,0,0,255,2,0,1782503420.7436316,219
25.033936,25.027962,-0.35900724,0.4125279,0.86776733,1,1,0,-0.014343262,0.016479492,25.033936,60,128,0,0,255,2,0,1782503420.7436316,219
25.025143,25.017717,-0.10688787,0.60021603,0.65838623,1,1,0,-0.004272461,0.023986816,25.025146,61,128,1,0,255,2,0,1782503420.7436316,219
25.030762,25.021908,-0.26421818,0.6110419,0.75491333,1,1,0,-0.010559082,0.024414062,25.030762,61,128,1,0,255,2,0,1782503420.7436316,219
25.034666,25.024311,-0.36812097,0.6187749,0.88946533,1,1,0,-0.014709473,0.024719238,25.034668,61,128,1,0,255,2,0,1782503420.7436316,219
25.022705,25.019611,-0.25350326,0.3008639,1.1923828,1,1,0,-0.010131836,0.012023926,25.022705,28,129,0,0,255,2,0,1782503420.8433115,220
25.03125,25.027645,-0.14664803,0.39873534,0.7585144,1,1,0,-0.005859375,0.015930176,25.03125,60,129,0,0,255,2,0,1782503420.8433115,220
25.034422,25.029854,-0.2520792,0.40642482,0.82006836,1,1,0,-0.010070801,0.016235352,25.034424,60,129,0,0,255,2,0,1782503420.8433115,220
25.032228,25.027033,-0.3039932,0.40944442,0.72125244,1,1,0,-0.012145996,0.016357422,25.032227,60,129,0,0,255,2,0,1782503420.8433115,220
25.031006,25.024181,-0.4093676,0.41706228,0.86169434,1,1,0,-0.016357422,0.016662598,25.031006,60,129,0,0,255,2,0,1782503420.8433115,220
25.032957,25.025505,-0.10386621,0.60193086,0.7991028,1,1,0,-0.0041503906,0.024047852,25.032959,61,129,1,0,255,2,0,1782503420.8433115,220
25.023924,25.015066,-0.26109204,0.6124019,0.6974182,1,1,0,-0.010437012,0.024475098,25.023926,61,129,1,0,255,2,0,1782503420.8433115,220
25.022951,25.013403,-0.31451616,0.6154316,0.6275635,1,1,0,-0.012573242,0.024597168,25.02295,61,129,1,0,255,2,0,1782503420.8433115,220
25.01587,25.005505,-0.36631778,0.6198366,0.8250427,1,1,0,-0.0146484375,0.024780273,25.01587,61,129,1,0,255,2,0,1782503420.8433115,220
25.012697,25.00142,-0.4196799,0.62281036,1.0436401,1,1,0,-0.016784668,0.024902344,25.012695,61,129,1,0,255,2,0,1782503420.8433115,220
25.031248,25.02515,-0.14510596,0.53315705,0.8070679,1,1,0,-0.00579834,0.02130127,25.03125,26,130,0,0,255,2,0,1782503420.943459,221
25.03003,25.023096,-0.25048372,0.53313106,0.7602539,1,1,0,-0.010009766,0.02130127,25.03003,26,130,0,0,255,2,0,1782503420.943459,221
25.032717,25.02521,-0.3024434,0.5331883,0.7975464,1,1,0,-0.012084961,0.02130127,25.032715,26,130,0,0,255,2,0,1782503420.943459,221
25.032957,25.028551,-0.36054364,0.30098718,0.7828064,1,1,0,-0.014404297,0.012023926,25.032959,28,130,0,0,255,2,0,1782503420.943459,221
25.014648,25.010086,-0.106855266,0.46563888,0.8065491,1,1,0,-0.004272461,0.018615723,25.014648,29,130,1,0,255,2,0,1782503420.943459,221
25.031982,25.028406,-0.14970782,0.39569175,0.81747437,1,1,0,-0.0059814453,0.015808105,25.031982,60,130,0,0,255,2,0,1782503420.943459,221
25.021729,25.016523,-0.30691978,0.40774572,0.710083,1,1,0,-0.012268066,0.016296387,25.021729,60,130,0,0,255,2,0,1782503420.943459,221
25.028563,25.021135,-0.10690247,0.600298,0.76416016,1,1,0,-0.004272461,0.023986816,25.028564,61,130,1,0,255,2,0,1782503420.943459,221
25.032957,25.021646,-0.4215471,0.6233149,0.81552124,1,1,0,-0.016845703,0.024902344,25.032959,61,130,1,0,255,2,0,1782503420.943459,221
25.03247,25.03047,-0.097775765,0.3009813,0.81399536,1,1,0,-0.00390625,0.012023926,25.03247,28,131,0,0,255,2,0,1782503421.0434403,222
25.015867,25.011305,-0.106860474,0.4656616,0.8168335,1,1,0,-0.004272461,0.018615723,25.01587,29,131,1,0,255,2,0,1782503421.0434403,222
25.010986,25.004658,-0.31593257,0.46557072,0.883728,1,1,0,-0.012634277,0.018615723,25.010986,29,131,1,0,255,2,0,1782503421.0434403,222
25.023926,25.016861,-0.3695386,0.46581158,0.77853394,1,1,0,-0.014770508,0.018615723,25.023926,29,131,1,0,255,2,0,1782503421.0434403,222
25.0271,25.023848,-0.093167834,0.3925599,0.7403259,1,1,0,-0.0037231445,0.015686035,25.0271,60,131,0,0,255,2,0,1782503421.0434403,222
25.031004,25.026485,-0.25204527,0.4033142,0.7585144,1,1,0,-0.010070801,0.016113281,25.031006,60,131,0,0,255,2,0,1782503421.0434403,222
25.029055,25.02315,-0.355883,0.41091996,0.7897339,1,1,0,-0.014221191,0.016418457,25.029053,60,131,0,0,255,2,0,1782503421.0434403,222
25.028074,25.021278,-0.40932012,0.4154861,0.7940674,1,1,0,-0.016357422,0.016601562,25.028076,60,131,0,0,255,2,0,1782503421.0434403,222
25.022947,25.015533,-0.103824824,0.60016334,0.71383667,1,1,0,-0.0041503906,0.023986816,25.02295,61,131,1,0,255,2,0,1782503421.0434403,222
25.030764,25.022966,-0.15578464,0.60493267,0.8668823,1,1,0,-0.006225586,0.024169922,25.030762,61,131,1,0,255,2,0,1782503421.0434403,222
25.020264,25.011408,-0.26105383,0.61231226,0.839386,1,1,0,-0.010437012,0.024475098,25.020264,61,131,1,0,255,2,0,1782503421.0434403,222
25.027344,25.017815,-0.3130444,0.61553967,0.75491333,1,1,0,-0.012512207,0.024597168,25.027344,61,131,1,0,255,2,0,1782503421.0434403,222
25.02417,25.013803,-0.36643934,0.62004226,1.0641174,1,1,0,-0.0146484375,0.024780273,25.02417,61,131,1,0,255,2,0,1782503421.0434403,222
25.02124,25.015135,-0.14657474,0.53294384,0.82354736,1,1,0,-0.005859375,0.02130127,25.02124,26,132,0,0,255,2,0,1782503421.143661,223
25.021729,25.014206,-0.3038374,0.5329543,1.0096741,1,1,0,-0.012145996,0.02130127,25.021729,26,132,0,0,255,2,0,1782503421.143661,223
25.031248,25.029018,-0.14512838,0.30096665,0.7680664,1,1,0,-0.00579834,0.012023926,25.03125,28,132,0,0,255,2,0,1782503421.143661,223
25.032713,25.02965,-0.25054932,0.30098426,0.7767334,1,1,0,-0.010009766,0.012023926,25.032715,28,132,0,0,255,2,0,1782503421.143661,223
25.03125,25.027613,-0.30247244,0.30096665,0.8928833,1,1,0,-0.012084961,0.012023926,25.03125,28,132,0,0,255,2,0,1782503421.143661,223
25.03174,25.027193,-0.10234566,0.465957,0.8196411,1,1,0,-0.0040893555,0.018615723,25.031738,29,132,1,0,255,2,0,1782503421.143661,223
25.035889,25.03069,-0.20777905,0.46603426,0.83813477,1,1,0,-0.008300781,0.018615723,25.035889,29,132,1,0,255,2,0,1782503421.143661,223
25.02295,25.017267,-0.25958788,0.4657934,0.7251282,1,1,0,-0.010375977,0.018615723,25.02295,29,132,1,0,255,2,0,1782503421.143661,223
25.02246,25.016167,-0.31302378,0.4657843,0.8804321,1,1,0,-0.012512207,0.018615723,25.02246,29,132,1,0,255,2,0,1782503421.143661,223
25.0249,25.017904,-0.36497214,0.46582976,0.8640137,1,1,0,-0.014587402,0.018615723,25.024902,29,132,1,0,255,2,0,1782503421.143661,223
25.030762,25.022951,-0.41698593,0.4659388,0.7446594,1,1,0,-0.016662598,0.018615723,25.030762,29,132,1,0,255,2,0,1782503421.143661,223
25.019775,25.016483,-0.09772113,0.3939719,1.068573,1,1,0,-0.00390625,0.01574707,25.019775,60,132,0,0,255,2,0,1782503421.143661,223
25.028074,25.024452,-0.14968418,0.39868477,0.679657,1,1,0,-0.0059814453,0.015930176,25.028076,60,132,0,0,255,2,0,1782503421.143661,223
25.021484,25.017435,-0.20308788,0.40163377,0.8460083,1,1,0,-0.008117676,0.016052246,25.021484,60,132,0,0,255,2,0,1782503421.143661,223
25.019773,25.015177,-0.2549853,0.406187,0.8546753,1,1,0,-0.010192871,0.016235352,25.019775,60,132,0,0,255,2,0,1782503421.143661,223
25.02954,25.022038,-0.10690633,0.6033759,0.7579956,1,1,0,-0.004272461,0.024108887,25.029541,61,132,1,0,255,2,0,1782503421.143661,223
25.028563,25.020702,-0.16035217,0.60640675,0.8977051,1,1,0,-0.0064086914,0.024230957,25.028564,61,132,1,0,255,2,0,1782503421.143661,223
25.027342,25.018984,-0.21226332,0.61095846,0.83813477,1,1,0,-0.008483887,0.024414062,25.027344,61,132,1,0,255,2,0,1782503421.143661,223
25.025146,25.01622,-0.26415813,0.6139587,0.67892456,1,1,0,-0.010559082,0.024536133,25.025146,61,132,1,0,255,2,0,1782503421.143661,223
25.031736,25.021284,-0.36960393,0.62175715,0.80319214,1,1,0,-0.014770508,0.024841309,25.031738,61,132,1,0,255,2,0,1782503421.143661,223
25.023922,25.012514,-0.42292038,0.62614375,0.7374573,1,1,0,-0.016906738,0.025024414,25.023926,61,132,1,0,255,2,0,1782503421.143661,223
25.016602,25.009676,-0.25340262,0.53131855,1.0720215,1,1,0,-0.010131836,0.021240234,25.016602,26,133,0,0,255,2,0,1782503421.2431273,224
25.02417,25.015974,-0.35730812,0.5314793,0.7992859,1,1,0,-0.014282227,0.021240234,25.02417,26,133,0,0,255,2,0,1782503421.2431273,224
25.016846,25.011623,-0.21067417,0.46567976,0.7706299,1,1,0,-0.008422852,0.018615723,25.016846,29,133,1,0,255,2,0,1782503421.2431273,224
25.026123,25.022549,-0.14967279,0.39559913,0.81573486,1,1,0,-0.0059814453,0.015808105,25.026123,60,133,0,0,255,2,0,1782503421.2431273,224
25.0271,25.023075,-0.20313366,0.40019658,0.7767334,1,1,0,-0.008117676,0.015991211,25.0271,60,133,0,0,255,2,0,1782503421.2431273,224
25.025146,25.020597,-0.25504056,0.4032198,0.72732544,1,1,0,-0.010192871,0.016113281,25.025146,60,133,0,0,255,2,0,1782503421.2431273,224
25.034668,25.027819,-0.4124831,0.41559553,0.6926575,1,1,0,-0.016479492,0.016601562,25.034668,60,133,0,0,255,2,0,1782503421.2431273,224
25.026365,25.018974,-0.10689324,0.5987182,0.8319702,1,1,0,-0.004272461,0.023925781,25.026367,61,133,1,0,255,2,0,1782503421.2431273,224
25.019531,25.011286,-0.21219802,0.6061879,0.6131897,1,1,0,-0.008483887,0.024230957,25.019531,61,133,1,0,255,2,0,1782503421.2431273,224
25.027344,25.018528,-0.2641825,0.6094314,0.84017944,1,1,0,-0.010559082,0.024353027,25.027344,61,133,1,0,255,2,0,1782503421.2431273,224
25.023926,25.014378,-0.3175824,0.61392874,0.6111145,1,1,0,-0.0126953125,0.024536133,25.023926,61,133,1,0,255,2,0,1782503421.2431273,224
25.03174,25.0214,-0.36960566,0.6171751,0.9952698,1,1,0,-0.014770508,0.024658203,25.031738,61,133,1,0,255,2,0,1782503421.2431273,224
25.015625,25.009512,-0.14806831,0.5328243,0.8434143,1,1,0,-0.00592041,0.02130127,25.015625,26,134,0,0,255,2,0,1782503421.344126,225
25.033936,25.026392,-0.3055131,0.5332143,0.7879944,1,1,0,-0.012207031,0.02130127,25.033936,26,134,0,0,255,2,0,1782503421.344126,225
25.029055,25.020855,-0.35737783,0.531583,0.83828735,1,1,0,-0.014282227,0.021240234,25.029053,26,134,0,0,255,2,0,1782503421.344126,225
25.012695,25.009619,-0.2518754,0.30074355,1.0036316,1,1,0,-0.010070801,0.012023926,25.012695,28,134,0,0,255,2,0,1782503421.344126,225
25.020752,25.016172,-0.10382748,0.46727934,0.7312927,1,1,0,-0.0041503906,0.018676758,25.020752,29,134,1,0,255,2,0,1782503421.344126,225
25.033201,25.029974,-0.09319064,0.39112788,1.1893616,1,1,0,-0.0037231445,0.015625,25.033203,60,134,0,0,255,2,0,1782503421.344126,225
25.033201,25.028698,-0.25053978,0.4033496,0.7845459,1,1,0,-0.010009766,0.016113281,25.033203,60,134,0,0,255,2,0,1782503421.344126,225
25.032959,25.027832,-0.3024751,0.40640104,0.8781738,1,1,0,-0.012084961,0.016235352,25.032959,60,134,0,0,255,2,0,1782503421.344126,225
25.02075,25.013382,-0.10228918,0.5985839,0.6398926,1,1,0,-0.0040893555,0.023925781,25.020752,61,134,1,0,255,2,0,1782503421.344126,225
25.032959,25.0252,-0.15579854,0.6034583,0.964447,1,1,0,-0.006225586,0.024108887,25.032959,61,134,1,0,255,2,0,1782503421.344126,225
25.02246,25.014254,-0.20764263,0.60625887,0.85375977,1,1,0,-0.008300781,0.024230957,25.02246,61,134,1,0,255,2,0,1782503421.344126,225
25.015867,25.007067,-0.25948206,0.6106783,0.7213745,1,1,0,-0.010375977,0.024414062,25.01587,61,134,1,0,255,2,0,1782503421.344126,225
25.031738,25.022245,-0.31309983,0.6141204,0.93569946,1,1,0,-0.012512207,0.024536133,25.031738,61,134,1,0,255,2,0,1782503421.344126,225
25.019283,25.008068,-0.41826472,0.6214479,0.78604126,1,1,0,-0.016723633,0.024841309,25.019287,61,134,1,0,255,2,0,1782503421.344126,225
25.01953,25.011292,-0.360295,0.5313808,0.96640015,1,1,0,-0.014404297,0.021240234,25.019531,26,135,0,0,255,2,0,1782503421.4443917,226
25.01831,25.01393,-0.35880592,0.30081105,0.8477478,1,1,0,-0.014343262,0.012023926,25.01831,28,135,0,0,255,2,0,1782503421.4443917,226
25.016602,25.012604,-0.19999518,0.4000287,0.81137085,1,1,0,-0.0079956055,0.015991211,25.016602,60,135,0,0,255,2,0,1782503421.4443917,226
25.017332,25.012777,-0.25343403,0.40462062,0.710083,1,1,0,-0.010131836,0.016174316,25.017334,60,135,0,0,255,2,0,1782503421.4443917,226
25.030764,25.022528,-0.21076602,0.60646,0.8565979,1,1,0,-0.008422852,0.024230957,25.030762,61,135,1,0,255,2,0,1782503421.4443917,226
25.019531,25.010025,-0.31447366,0.6138209,0.6234436,1,1,0,-0.012573242,0.024536133,25.019531,61,135,1,0,255,2,0,1782503421.4443917,226
25.020264,25.009912,-0.36790916,0.6184189,0.7839966,1,1,0,-0.014709473,0.024719238,25.020264,61,135,1,0,255,2,0,1782503421.4443917,226
25.031008,25.02517,-0.09775506,0.5316245,0.7507324,1,1,0,-0.00390625,0.021240234,25.031006,26,136,0,0,255,2,0,1782503421.5443282,227
25.026123,25.01962,-0.20310563,0.53304785,0.7810669,1,1,0,-0.008117676,0.02130127,25.026123,26,136,0,0,255,2,0,1782503421.5443282,227
25.03247,25.025524,-0.25509077,0.5316556,0.81399536,1,1,0,-0.010192871,0.021240234,25.03247,26,136,0,0,255,2,0,1782503421.5443282,227
25.031248,25.02372,-0.3070081,0.5316297,0.6224365,1,1,0,-0.012268066,0.021240234,25.03125,26,136,0,0,255,2,0,1782503421.5443282,227
25.020264,25.015707,-0.10535241,0.4657434,0.7706299,1,1,0,-0.004211426,0.018615723,25.020264,29,136,1,0,255,2,0,1782503421.5443282,227
25.014648,25.00982,-0.15722933,0.46563888,0.69470215,1,1,0,-0.006286621,0.018615723,25.014648,29,136,1,0,255,2,0,1782503421.5443282,227
25.010984,25.005274,-0.2625162,0.46557072,1.0610962,1,1,0,-0.010498047,0.018615723,25.010986,29,136,1,0,255,2,0,1782503421.5443282,227
25.031738,25.02852,-0.09624051,0.38957736,1.0289917,1,1,0,-0.0038452148,0.015563965,25.031738,60,136,0,0,255,2,0,1782503421.5443282,227
25.026121,25.022572,-0.14967293,0.39407185,0.71343994,1,1,0,-0.0059814453,0.01574707,25.026123,60,136,0,0,255,2,0,1782503421.5443282,227
25.029053,25.02509,-0.2016225,0.39717287,0.7602539,1,1,0,-0.008056641,0.01586914,25.029053,60,136,0,0,255,2,0,1782503421.5443282,227
25.032713,25.028189,-0.25511792,0.40181404,0.86169434,1,1,0,-0.010192871,0.016052246,25.032715,60,136,0,0,255,2,0,1782503421.5443282,227
25.031248,25.02609,-0.30703717,0.40484568,0.7489929,1,1,0,-0.012268066,0.016174316,25.03125,60,136,0,0,255,2,0,1782503421.5443282,227
25.026121,25.0202,-0.35889593,0.40934458,0.7533264,1,1,0,-0.014343262,0.016357422,25.026123,60,136,0,0,255,2,0,1782503421.5443282,227
25.032959,25.024673,-0.2123116,0.60804063,0.77545166,1,1,0,-0.008483887,0.024291992,25.032959,61,136,1,0,255,2,0,1782503421.5443282,227
25.031252,25.024817,-0.19856535,0.5316297,0.70999146,1,1,0,-0.00793457,0.021240234,25.03125,26,137,0,0,255,2,0,1782503421.644027,228
25.03125,25.024334,-0.2520236,0.5316297,0.7958069,1,1,0,-0.010070801,0.021240234,25.03125,26,137,0,0,255,2,0,1782503421.644027,228
25.03247,25.024979,-0.30396825,0.5316556,1.0489502,1,1,0,-0.012145996,0.021240234,25.03247,26,137,0,0,255,2,0,1782503421.644027,228
25.0271,25.018925,-0.35582292,0.5315415,0.7420654,1,1,0,-0.014221191,0.021240234,25.0271,26,137,0,0,255,2,0,1782503421.644027,228
25.033205,25.03119,-0.09625078,0.30251792,0.71258545,1,1,0,-0.0038452148,0.012084961,25.033203,28,137,0,0,255,2,0,1782503421.644027,228
25.032957,25.030336,-0.20166478,0.30098718,0.7940674,1,1,0,-0.008056641,0.012023926,25.032959,28,137,0,0,255,2,0,1782503421.644027,228
25.023436,25.020344,-0.25351068,0.3008727,0.8667908,1,1,0,-0.010131836,0.012023926,25.023438,28,137,0,0,255,2,0,1782503421.644027,228
25.02124,25.017569,-0.30540538,0.30084628,0.8390808,1,1,0,-0.012207031,0.012023926,25.02124,28,137,0,0,255,2,0,1782503421.644027,228
25.021973,25.016048,-0.3573092,0.41080374,0.9092407,1,1,0,-0.014282227,0.016418457,25.021973,60,137,0,0,255,2,0,1782503421.644027,228
25.032228,25.02543,-0.41091585,0.41402733,0.667511,1,1,0,-0.016418457,0.016540527,25.032227,60,137,0,0,255,2,0,1782503421.644027,228
25.027342,25.01843,-0.2626543,0.6140126,0.7970276,1,1,0,-0.010498047,0.024536133,25.027344,61,137,1,0,255,2,0,1782503421.644027,228
25.03174,25.022152,-0.31462616,0.6171751,0.7425842,1,1,0,-0.012573242,0.024658203,25.031738,61,137,1,0,255,2,0,1782503421.644027,228
25.031984,25.022964,-0.41087538,0.53164524,0.7958069,1,1,0,-0.016418457,0.021240234,25.031982,26,138,0,0,255,2,0,1782503421.743621,229
25.029053,25.027058,-0.09623489,0.30094022,1.0047302,1,1,0,-0.0038452148,0.012023926,25.029053,28,138,0,0,255,2,0,1782503421.743621,229
25.025145,25.022898,-0.14814755,0.30089325,0.47158813,1,1,0,-0.00592041,0.012023926,25.025146,28,138,0,0,255,2,0,1782503421.743621,229
25.02417,25.019331,-0.15881623,0.4658161,1.0487366,1,1,0,-0.0063476562,0.018615723,25.02417,29,138,1,0,255,2,0,1782503421.743621,229
25.008055,25.001019,-0.3677783,0.46551618,0.72753906,1,1,0,-0.014709473,0.018615723,25.008057,29,138,1,0,255,2,0,1782503421.743621,229
25.032957,25.027054,-0.35593852,0.4109841,0.8825073,1,1,0,-0.014221191,0.016418457,25.032959,60,138,0,0,255,2,0,1782503421.743621,229
25.027344,25.019585,-0.15576358,0.6033229,0.79293823,1,1,0,-0.006225586,0.024108887,25.027344,61,138,1,0,255,2,0,1782503421.743621,229
25.025146,25.016325,-0.26110518,0.6109048,0.70666504,1,1,0,-0.010437012,0.024414062,25.025146,61,138,1,0,255,2,0,1782503421.743621,229
25.026367,25.016037,-0.36647204,0.61856973,0.7456665,1,1,0,-0.0146484375,0.024719238,25.026367,61,138,1,0,255,2,0,1782503421.743621,229
25.028076,25.02196,-0.148142,0.53308946,0.71691895,1,1,0,-0.00592041,0.02130127,25.028076,26,139,0,0,255,2,0,1782503421.8436635,230
25.03174,25.024809,-0.25355592,0.53164005,0.7992859,1,1,0,-0.010131836,0.021240234,25.031738,26,139,0,0,255,2,0,1782503421.8436635,230
25.031738,25.024208,-0.30701408,0.53164005,0.85562134,1,1,0,-0.012268066,0.021240234,25.031738,26,139,0,0,255,2,0,1782503421.8436635,230
25.031738,25.029749,-0.09471752,0.30097252,0.6779175,1,1,0,-0.0037841797,0.012023926,25.031738,28,139,0,0,255,2,0,1782503421.8436635,230
25.030762,25.026209,-0.10386913,0.4659388,0.8319702,1,1,0,-0.0041503906,0.018615723,25.030762,29,139,1,0,255,2,0,1782503421.8436635,230
25.02246,25.016762,-0.26110974,0.4657843,0.8188782,1,1,0,-0.010437012,0.018615723,25.02246,29,139,1,0,255,2,0,1782503421.8436635,230
25.027098,25.023865,-0.094695255,0.39103252,0.84436035,1,1,0,-0.0037841797,0.015625,25.0271,60,139,0,0,255,2,0,1782503421.8436635,230
25.035156,25.03159,-0.148199,0.39574194,0.85736084,1,1,0,-0.00592041,0.015808105,25.035156,60,139,0,0,255,2,0,1782503421.8436635,230
25.035154,25.030636,-0.2520871,0.40338108,1.1235046,1,1,0,-0.010070801,0.016113281,25.035156,60,139,0,0,255,2,0,1782503421.8436635,230
25.033201,25.028038,-0.3055332,0.406405,0.74380493,1,1,0,-0.012207031,0.016235352,25.033203,60,139,0,0,255,2,0,1782503421.8436635,230
25.029055,25.023129,-0.35741028,0.41091996,0.83047485,1,1,0,-0.014282227,0.016418457,25.029053,60,139,0,0,255,2,0,1782503421.8436635,230
25.021482,25.013643,-0.15725338,0.6062352,0.98202515,1,1,0,-0.006286621,0.024230957,25.021484,61,139,1,0,255,2,0,1782503421.8436635,230
25.026365,25.01807,-0.20920138,0.6094076,0.68096924,1,1,0,-0.008361816,0.024353027,25.026367,61,139,1,0,255,2,0,1782503421.8436635,230
25.021973,25.01996,-0.0962076,0.3023822,0.7905884,1,1,0,-0.0038452148,0.012084961,25.021973,28,140,0,0,255,2,0,1782503421.9435394,231
25.023438,25.020828,-0.20006093,0.3008727,0.81484985,1,1,0,-0.0079956055,0.012023926,25.023438,28,140,0,0,255,2,0,1782503421.9435394,231
25.02295,25.019276,-0.30542624,0.30086684,0.82785034,1,1,0,-0.012207031,0.012023926,25.02295,28,140,0,0,255,2,0,1782503421.9435394,231
25.022705,25.017523,-0.41078603,0.3008639,0.75250244,1,1,0,-0.016418457,0.012023926,25.022705,28,140,0,0,255,2,0,1782503421.9435394,231
25.02173,25.017143,-0.10535846,0.46729758,0.64193726,1,1,0,-0.004211426,0.018676758,25.021729,29,140,1,0,255,2,0,1782503421.9435394,231
25.016602,25.013363,-0.09618223,0.39086848,0.8694153,1,1,0,-0.0038452148,0.015625,25.016602,60,140,0,0,255,2,0,1782503421.9435394,231
25.026123,25.019327,-0.41081566,0.4139264,0.71951294,1,1,0,-0.016418457,0.016540527,25.026123,60,140,0,0,255,2,0,1782503421.9435394,231
25.01831,25.01093,-0.10533229,0.59852546,0.68917847,1,1,0,-0.004211426,0.023925781,25.01831,61,140,1,0,255,2,0,1782503421.9435394,231
25.025146,25.01695,-0.21071903,0.60479695,0.6758423,1,1,0,-0.008422852,0.024169922,25.025146,61,140,1,0,255,2,0,1782503421.9435394,231
25.027344,25.01785,-0.3160993,0.6124855,0.75183105,1,1,0,-0.012634277,0.024475098,25.027344,61,140,1,0,255,2,0,1782503421.9435394,231
25.030762,25.019552,-0.4199843,0.62020564,0.8483887,1,1,0,-0.016784668,0.024780273,25.030762,61,140,1,0,255,2,0,1782503421.9435394,231
25.03076,25.026201,-0.10539661,0.4659388,0.7251282,1,1,0,-0.004211426,0.018615723,25.030762,29,141,1,0,255,2,0,1782503422.0434144,232
25.020996,25.017733,-0.09619903,0.39246413,0.7966614,1,1,0,-0.0038452148,0.015686035,25.020996,60,141,0,0,255,2,0,1782503422.0434144,232
25.021729,25.016567,-0.30539316,0.4062187,1.085022,1,1,0,-0.012207031,0.016235352,25.021729,60,141,0,0,255,2,0,1782503422.0434144,232
25.031982,25.026033,-0.35897958,0.41096807,0.7680664,1,1,0,-0.014343262,0.016418457,25.031982,60,141,0,0,255,2,0,1782503422.0434144,232
25.031006,25.02421,-0.41089582,0.41400716,0.83828735,1,1,0,-0.016418457,0.016540527,25.031006,60,141,0,0,255,2,0,1782503422.0434144,232
25.013916,25.006498,-0.10531363,0.5999467,0.6255188,1,1,0,-0.004211426,0.023986816,25.013916,61,141,1,0,255,2,0,1782503422.0434144,232
25.02295,25.015173,-0.15878984,0.603217,0.68200684,1,1,0,-0.0063476562,0.024108887,25.02295,61,141,1,0,255,2,0,1782503422.0434144,232
25.025145,25.014793,-0.36798096,0.6185395,0.76828,1,1,0,-0.014709473,0.024719238,25.025146,61,141,1,0,255,2,0,1782503422.0434144,232
25.028074,25.022251,-0.094689146,0.53156227,0.70999146,1,1,0,-0.0037841797,0.021240234,25.028076,26,142,0,0,255,2,0,1782503422.1432314,233
25.033205,25.025679,-0.30397674,0.53319865,0.85302734,1,1,0,-0.012145996,0.02130127,25.033203,26,142,0,0,255,2,0,1782503422.1432314,233
25.033205,25.025005,-0.3574371,0.53167117,0.95877075,1,1,0,-0.014282227,0.021240234,25.033203,26,142,0,0,255,2,0,1782503422.1432314,233
25.032225,25.02959,-0.20318657,0.3009784,0.83306885,1,1,0,-0.008117676,0.012023926,25.032227,28,142,0,0,255,2,0,1782503422.1432314,233
25.014648,25.010256,-0.054954257,0.46563888,0.85787964,1,1,0,-0.0021972656,0.018615723,25.014648,29,142,1,0,255,2,0,1782503422.1432314,233
25.017332,25.010983,-0.3175393,0.46568885,0.6511841,1,1,0,-0.0126953125,0.018615723,25.017334,29,142,1,0,255,2,0,1782503422.1432314,233
25.019287,25.012222,-0.3694701,0.4657252,0.83117676,1,1,0,-0.014770508,0.018615723,25.019287,29,142,1,0,255,2,0,1782503422.1432314,233
25.031738,25.028158,-0.14665104,0.3972155,0.71606445,1,1,0,-0.005859375,0.01586914,25.031738,60,142,0,0,255,2,0,1782503422.1432314,233
25.031492,25.026949,-0.25204995,0.40484965,0.7914734,1,1,0,-0.010070801,0.016174316,25.031494,60,142,0,0,255,2,0,1782503422.1432314,233
25.020508,25.015297,-0.30537766,0.40925273,0.7784729,1,1,0,-0.012207031,0.016357422,25.020508,60,142,0,0,255,2,0,1782503422.1432314,233
25.033937,25.027985,-0.35747966,0.4125279,0.84869385,1,1,0,-0.014282227,0.016479492,25.033936,60,142,0,0,255,2,0,1782503422.1432314,233
25.025146,25.015636,-0.31454423,0.6139587,0.71795654,1,1,0,-0.012573242,0.024536133,25.025146,61,142,1,0,255,2,0,1782503422.1432314,233
25.034668,25.024334,-0.3665936,0.6187749,1.037384,1,1,0,-0.0146484375,0.024719238,25.034668,61,142,1,0,255,2,0,1782503422.1432314,233
25.031984,25.025875,-0.14663766,0.53317267,0.8764343,1,1,0,-0.005859375,0.02130127,25.031982,26,143,0,0,255,2,0,1782503422.2430398,234
25.033936,25.02494,-0.40938002,0.5316867,0.82528687,1,1,0,-0.016357422,0.021240234,25.033936,26,143,0,0,255,2,0,1782503422.2430398,234
25.021482,25.016653,-0.1572723,0.46576613,0.72036743,1,1,0,-0.006286621,0.018615723,25.021484,29,143,1,0,255,2,0,1782503422.2430398,234
25.024902,25.019188,-0.26266226,0.46582976,1.0949097,1,1,0,-0.010498047,0.018615723,25.024902,29,143,1,0,255,2,0,1782503422.2430398,234
25.031252,25.028046,-0.093183465,0.38956976,0.9145813,1,1,0,-0.0037231445,0.015563965,25.03125,60,143,0,0,255,2,0,1782503422.2430398,234
25.017334,25.013397,-0.19847474,0.3969869,1.073761,1,1,0,-0.00793457,0.01586914,25.017334,60,143,0,0,255,2,0,1782503422.2430398,234
25.021482,25.01699,-0.25194964,0.40163377,1.3621216,1,1,0,-0.010070801,0.016052246,25.021484,60,143,0,0,255,2,0,1782503422.2430398,234
25.02124,25.01612,-0.30386066,0.4046838,0.82611084,1,1,0,-0.012145996,0.016174316,25.02124,60,143,0,0,255,2,0,1782503422.2430398,234
25.032717,25.026836,-0.35593542,0.4094524,0.84869385,1,1,0,-0.014221191,0.016357422,25.032715,60,143,0,0,255,2,0,1782503422.2430398,234
25.032227,25.025478,-0.4093888,0.41249973,0.7732544,1,1,0,-0.016357422,0.016479492,25.032227,60,143,0,0,255,2,0,1782503422.2430398,234
25.031738,25.023943,-0.15579072,0.60495627,0.846344,1,1,0,-0.006225586,0.024169922,25.031738,61,143,1,0,255,2,0,1782503422.2430398,234
25.03076,25.021938,-0.26116377,0.6110419,0.79293823,1,1,0,-0.010437012,0.024414062,25.030762,61,143,1,0,255,2,0,1782503422.2430398,234
25.033203,25.027077,-0.14969988,0.53319865,0.70132446,1,1,0,-0.0059814453,0.02130127,25.033203,26,144,0,0,255,2,0,1782503422.343323,235
25.017332,25.015352,-0.093136206,0.3007993,0.96640015,1,1,0,-0.0037231445,0.012023926,25.017334,28,144,0,0,255,2,0,1782503422.343323,235
25.0271,25.02486,-0.14663172,0.30091673,0.85128784,1,1,0,-0.005859375,0.012023926,25.0271,28,144,0,0,255,2,0,1782503422.343323,235
25.031736,25.028673,-0.25053954,0.30097252,0.85128784,1,1,0,-0.010009766,0.012023926,25.031738,28,144,0,0,255,2,0,1782503422.343323,235
25.027344,25.022522,-0.15578188,0.46587518,0.76828,1,1,0,-0.006225586,0.018615723,25.027344,29,144,1,0,255,2,0,1782503422.343323,235
25.020264,25.01243,-0.41833767,0.4657434,0.83117676,1,1,0,-0.016723633,0.018615723,25.020264,29,144,1,0,255,2,0,1782503422.343323,235
25.03125,25.02802,-0.09318337,0.39109737,0.7828064,1,1,0,-0.0037231445,0.015625,25.03125,60,144,0,0,255,2,0,1782503422.343323,235
25.026125,25.022568,-0.14661828,0.39559913,0.84262085,1,1,0,-0.005859375,0.015808105,25.026123,60,144,0,0,255,2,0,1782503422.343323,235
25.034178,25.030214,-0.19860817,0.398782,0.8044739,1,1,0,-0.00793457,0.015930176,25.03418,60,144,0,0,255,2,0,1782503422.343323,235
25.032957,25.027813,-0.30400267,0.40640104,0.69610596,1,1,0,-0.012145996,0.016235352,25.032959,60,144,0,0,255,2,0,1782503422.343323,235
25.021484,25.014713,-0.4092127,0.41384968,0.7932129,1,1,0,-0.016357422,0.016540527,25.021484,60,144,0,0,255,2,0,1782503422.343323,235
25.023926,25.015718,-0.20765479,0.60629433,0.73028564,1,1,0,-0.008300781,0.024230957,25.023926,61,144,1,0,255,2,0,1782503422.343323,235
25.032957,25.024136,-0.2611867,0.6110955,0.78778076,1,1,0,-0.010437012,0.024414062,25.032959,61,144,1,0,255,2,0,1782503422.343323,235
25.031736,25.020514,-0.4184729,0.62175715,0.89974976,1,1,0,-0.016723633,0.024841309,25.031738,61,144,1,0,255,2,0,1782503422.343323,235
25.017332,25.011002,-0.31601274,0.46568885,0.66659546,1,1,0,-0.012634277,0.018615723,25.017334,29,145,1,0,255,2,0,1782503422.4435105,236
25.025146,25.020588,-0.25351316,0.40474698,0.83480835,1,1,0,-0.010131836,0.016174316,25.025146,60,145,0,0,255,2,0,1782503422.4435105,236
25.02637,25.018555,-0.15881132,0.60482645,0.7312927,1,1,0,-0.0063476562,0.024169922,25.026367,61,145,1,0,255,2,0,1782503422.4435105,236
25.019531,25.011263,-0.21067113,0.6077145,0.73028564,1,1,0,-0.008422852,0.024291992,25.019531,61,145,1,0,255,2,0,1782503422.4435105,236
25.013672,25.002394,-0.4196963,0.6228347,0.7449951,1,1,0,-0.016784668,0.024902344,25.013672,61,145,1,0,255,2,0,1782503422.4435105,236
25.031982,25.02613,-0.093176335,0.53317267,0.7732544,1,1,0,-0.0037231445,0.02130127,25.031982,26,146,0,0,255,2,0,1782503422.5442207,237
25.03296,25.026852,-0.14664339,0.53319347,0.84869385,1,1,0,-0.005859375,0.02130127,25.032959,26,146,0,0,255,2,0,1782503422.5442207,237
25.031008,25.023514,-0.30395046,0.5316245,0.84695435,1,1,0,-0.012145996,0.021240234,25.031006,26,146,0,0,255,2,0,1782503422.5442207,237
25.026121,25.023884,-0.146626,0.300905,0.7715454,1,1,0,-0.005859375,0.012023926,25.026123,28,146,0,0,255,2,0,1782503422.5442207,237
25.020996,25.017324,-0.3054024,0.30084336,1.040863,1,1,0,-0.012207031,0.012023926,25.020996,28,146,0,0,255,2,0,1782503422.5442207,237
25.032957,25.0278,-0.40942678,0.30098718,1.1174316,1,1,0,-0.016357422,0.012023926,25.032959,28,146,0,0,255,2,0,1782503422.5442207,237
25.029541,25.024988,-0.10386407,0.4659161,0.83813477,1,1,0,-0.0041503906,0.018615723,25.029541,29,146,1,0,255,2,0,1782503422.5442207,237
25.032715,25.029455,-0.09471641,0.39264795,0.7403259,1,1,0,-0.0037841797,0.015686035,25.032715,60,146,0,0,255,2,0,1782503422.5442207,237
25.031006,25.027449,-0.14664689,0.3956763,0.6865845,1,1,0,-0.005859375,0.015808105,25.031006,60,146,0,0,255,2,0,1782503422.5442207,237
25.031736,25.027218,-0.25205266,0.403326,1.0636597,1,1,0,-0.010070801,0.016113281,25.031738,60,146,0,0,255,2,0,1782503422.5442207,237
25.033937,25.02801,-0.35748,0.41100013,1.0047302,1,1,0,-0.014282227,0.016418457,25.033936,60,146,0,0,255,2,0,1782503422.5442207,237
25.027342,25.019611,-0.15729089,0.60179585,0.76828,1,1,0,-0.006286621,0.024047852,25.027344,61,146,1,0,255,2,0,1782503422.5442207,237
25.031738,25.022936,-0.2627016,0.6095384,0.85250854,1,1,0,-0.010498047,0.024353027,25.031738,61,146,1,0,255,2,0,1782503422.5442207,237
25.031738,25.021444,-0.36655128,0.6171751,0.8915405,1,1,0,-0.0146484375,0.024658203,25.031738,61,146,1,0,255,2,0,1782503422.5442207,237
25.029541,25.018332,-0.41996384,0.62017536,0.86276245,1,1,0,-0.016784668,0.024780273,25.029541,61,146,1,0,255,2,0,1782503422.5442207,237
25.019531,25.011305,-0.3572414,0.5329075,0.7663269,1,1,0,-0.014282227,0.02130127,25.019531,26,147,0,0,255,2,0,1782503422.6439831,238
25.03418,25.03193,-0.14820103,0.30100188,0.82354736,1,1,0,-0.00592041,0.012023926,25.03418,28,147,0,0,255,2,0,1782503422.6439831,238
25.020266,25.017656,-0.20003557,0.30083454,0.8338928,1,1,0,-0.0079956055,0.012023926,25.020264,28,147,0,0,255,2,0,1782503422.6439831,238
25.034668,25.029835,-0.15735517,0.46601152,0.7991028,1,1,0,-0.006286621,0.018615723,25.034668,29,147,1,0,255,2,0,1782503422.6439831,238
25.034914,25.031313,-0.14972521,0.39726585,0.98480225,1,1,0,-0.0059814453,0.01586914,25.034912,60,147,0,0,255,2,0,1782503422.6439831,238
25.031736,25.02653,-0.30704254,0.40790886,0.71691895,1,1,0,-0.012268066,0.016296387,25.031738,60,147,0,0,255,2,0,1782503422.6439831,238
25.030762,25.023369,-0.10691202,0.59882337,0.7846985,1,1,0,-0.004272461,0.023925781,25.030762,61,147,1,0,255,2,0,1782503422.6439831,238
25.032957,25.025217,-0.1588536,0.60193086,0.907959,1,1,0,-0.0063476562,0.024047852,25.032959,61,147,1,0,255,2,0,1782503422.6439831,238
25.013672,25.005442,-0.2106221,0.6060459,0.7449951,1,1,0,-0.008422852,0.024230957,25.013672,61,147,1,0,255,2,0,1782503422.6439831,238
25.03247,25.02664,-0.09623328,0.5316556,0.69351196,1,1,0,-0.0038452148,0.021240234,25.03247,26,148,0,0,255,2,0,1782503422.7436607,239
25.028076,25.021599,-0.2000671,0.53308946,0.8009949,1,1,0,-0.0079956055,0.02130127,25.028076,26,148,0,0,255,2,0,1782503422.7436607,239
25.03296,25.023941,-0.4108914,0.531666,0.85128784,1,1,0,-0.016418457,0.021240234,25.032959,26,148,0,0,255,2,0,1782503422.7436607,239
25.032957,25.030964,-0.09624991,0.30098718,0.8027344,1,1,0,-0.0038452148,0.012023926,25.032959,28,148,0,0,255,2,0,1782503422.7436607,239
25.019531,25.01691,-0.20155661,0.30082574,0.8390808,1,1,0,-0.008056641,0.012023926,25.019531,28,148,0,0,255,2,0,1782503422.7436607,239
25.029541,25.0247,-0.15885031,0.4659161,0.7210388,1,1,0,-0.0063476562,0.018615723,25.029541,29,148,1,0,255,2,0,1782503422.7436607,239
25.034182,25.028955,-0.21082015,0.46600243,1.059967,1,1,0,-0.008422852,0.018615723,25.03418,29,148,1,0,255,2,0,1782503422.7436607,239
25.019531,25.016268,-0.096193396,0.39244118,1.1023254,1,1,0,-0.0038452148,0.015686035,25.019531,60,148,0,0,255,2,0,1782503422.7436607,239
25.018309,25.014746,-0.14809929,0.39547566,0.7689514,1,1,0,-0.00592041,0.015808105,25.01831,60,148,0,0,255,2,0,1782503422.7436607,239
25.025146,25.017797,-0.105361216,0.59716207,0.6840515,1,1,0,-0.004211426,0.023864746,25.025146,61,148,1,0,255,2,0,1782503422.7436607,239
25.031738,25.02354,-0.21077454,0.60495627,0.78060913,1,1,0,-0.008422852,0.024169922,25.031738,61,148,1,0,255,2,0,1782503422.7436607,239
25.021484,25.012012,-0.31449866,0.6123421,0.8968506,1,1,0,-0.012573242,0.024475098,25.021484,61,148,1,0,255,2,0,1782503422.7436607,239
25.025146,25.01394,-0.4198901,0.62006646,0.7713623,1,1,0,-0.016784668,0.024780273,25.025146,61,148,1,0,255,2,0,1782503422.7436607,239
25.028074,25.019058,-0.41081125,0.53156227,0.83828735,1,1,0,-0.016418457,0.021240234,25.028076,26,149,0,0,255,2,0,1782503422.8442104,240
25.016602,25.014608,-0.09618702,0.30079052,1.0200806,1,1,0,-0.0038452148,0.012023926,25.016602,28,149,0,0,255,2,0,1782503422.8442104,240
25.031738,25.02949,-0.14818658,0.30097252,0.7420654,1,1,0,-0.00592041,0.012023926,25.031738,28,149,0,0,255,2,0,1782503422.8442104,240
25.025145,25.017313,-0.41994673,0.4643071,0.67276,1,1,0,-0.016784668,0.018554688,25.025146,29,149,1,0,255,2,0,1782503422.8442104,240
25.026125,25.022865,-0.09469147,0.39254457,0.7992859,1,1,0,-0.0037841797,0.015686035,25.026123,60,149,0,0,255,2,0,1782503422.8442104,240
25.020508,25.015951,-0.2534662,0.40467194,0.96640015,1,1,0,-0.010131836,0.016174316,25.020508,60,149,0,0,255,2,0,1782503422.8442104,240
25.03003,25.024078,-0.35742387,0.41246352,0.83828735,1,1,0,-0.014282227,0.016479492,25.03003,60,149,0,0,255,2,0,1782503422.8442104,240
25.032957,25.026012,-0.25509575,0.531666,0.8764343,1,1,0,-0.010192871,0.021240234,25.032959,26,150,0,0,255,2,0,1782503422.9436848,241
25.032715,25.024471,-0.36048487,0.5316608,0.87210083,1,1,0,-0.014404297,0.021240234,25.032715,26,150,0,0,255,2,0,1782503422.9436848,241
25.034668,25.025623,-0.41244692,0.5317023,0.7897339,1,1,0,-0.016479492,0.021240234,25.034668,26,150,0,0,255,2,0,1782503422.9436848,241
25.031982,25.029982,-0.09319067,0.30250317,0.6536255,1,1,0,-0.0037231445,0.012084961,25.031982,28,150,0,0,255,2,0,1782503422.9436848,241
25.031982,25.028326,-0.3040089,0.30097544,0.70825195,1,1,0,-0.012145996,0.012023926,25.031982,28,150,0,0,255,2,0,1782503422.9436848,241
25.030762,25.026188,-0.10234155,0.4674663,0.88742065,1,1,0,-0.0040893555,0.018676758,25.030762,29,150,1,0,255,2,0,1782503422.9436848,241
25.019285,25.01409,-0.20764126,0.4657252,0.7480774,1,1,0,-0.008300781,0.018615723,25.019287,29,150,1,0,255,2,0,1782503422.9436848,241
25.02295,25.016655,-0.3130299,0.4657934,0.66555786,1,1,0,-0.012512207,0.018615723,25.02295,29,150,1,0,255,2,0,1782503422.9436848,241
25.018066,25.01107,-0.36487243,0.4657025,0.72958374,1,1,0,-0.014587402,0.018615723,25.018066,29,150,1,0,255,2,0,1782503422.9436848,241
25.03247,25.02923,-0.09624324,0.39111644,1.0914001,1,1,0,-0.0038452148,0.015625,25.03247,60,150,0,0,255,2,0,1782503422.9436848,241
25.03125,25.027708,-0.14817603,0.39415258,0.7568054,1,1,0,-0.00592041,0.01574707,25.03125,60,150,0,0,255,2,0,1782503422.9436848,241
25.033934,25.029945,-0.20166163,0.3987781,0.86602783,1,1,0,-0.008056641,0.015930176,25.033936,60,150,0,0,255,2,0,1782503422.9436848,241
25.021729,25.01722,-0.25347903,0.4016377,1.3118896,1,1,0,-0.010131836,0.016052246,25.021729,60,150,0,0,255,2,0,1782503422.9436848,241
25.031248,25.026066,-0.30703688,0.4063733,0.87210083,1,1,0,-0.012268066,0.016235352,25.03125,60,150,0,0,255,2,0,1782503422.9436848,241
25.031738,25.023996,-0.15884586,0.60190153,0.8565979,1,1,0,-0.0063476562,0.024047852,25.031738,61,150,1,0,255,2,0,1782503422.9436848,241
25.030764,25.02123,-0.316142,0.61409646,0.86276245,1,1,0,-0.012634277,0.024536133,25.030762,61,150,1,0,255,2,0,1782503422.9436848,241
25.03198,25.028902,-0.25206962,0.30097544,0.8044739,1,1,0,-0.010070801,0.012023926,25.031982,28,151,0,0,255,2,0,1782503423.0441523,242
25.033936,25.029573,-0.35750234,0.30099893,0.7975464,1,1,0,-0.014282227,0.012023926,25.033936,28,151,0,0,255,2,0,1782503423.0441523,242
25.021729,25.016573,-0.40924314,0.30085215,0.8667908,1,1,0,-0.016357422,0.012023926,25.021729,28,151,0,0,255,2,0,1782503423.0441523,242
25.031006,25.027796,-0.09471013,0.38956597,0.8027344,1,1,0,-0.0037841797,0.015563965,25.031006,60,151,0,0,255,2,0,1782503423.0441523,242
25.019531,25.016024,-0.14657994,0.39244118,0.8988342,1,1,0,-0.005859375,0.015686035,25.019531,60,151,0,0,255,2,0,1782503423.0441523,242
25.031738,25.0278,-0.19858901,0.3972155,0.7568054,1,1,0,-0.00793457,0.01586914,25.031738,60,151,0,0,255,2,0,1782503423.0441523,242
25.032957,25.028488,-0.25206545,0.40029025,0.72125244,1,1,0,-0.010070801,0.015991211,25.032959,60,151,0,0,255,2,0,1782503423.0441523,242
25.020506,25.015388,-0.30385175,0.40467194,0.7871399,1,1,0,-0.012145996,0.016174316,25.020508,60,151,0,0,255,2,0,1782503423.0441523,242
25.032959,25.027082,-0.35746676,0.40792874,0.7550659,1,1,0,-0.014282227,0.016296387,25.032959,60,151,0,0,255,2,0,1782503423.0441523,242
25.03247,25.025723,-0.4093928,0.41250375,0.7732544,1,1,0,-0.016357422,0.016479492,25.03247,60,151,0,0,255,2,0,1782503423.0441523,242
25.025146,25.016888,-0.2091915,0.60785085,0.71383667,1,1,0,-0.008361816,0.024291992,25.025146,61,151,1,0,255,2,0,1782503423.0441523,242
25.020506,25.01353,-0.25496852,0.5329283,1.1205139,1,1,0,-0.010192871,0.02130127,25.020508,26,152,0,0,255,2,0,1782503423.1431637,243
25.021729,25.012688,-0.41223374,0.53142744,0.8001404,1,1,0,-0.016479492,0.021240234,25.021729,26,152,0,0,255,2,0,1782503423.1431637,243
25.01831,25.015703,-0.20001996,0.30081105,0.8338928,1,1,0,-0.0079956055,0.012023926,25.01831,28,152,0,0,255,2,0,1782503423.1431637,243
25.02368,25.01885,-0.15728611,0.46580702,0.84350586,1,1,0,-0.006286621,0.018615723,25.023682,29,152,1,0,255,2,0,1782503423.1431637,243
25.034668,25.031408,-0.0947238,0.3926786,1.0602112,1,1,0,-0.0037841797,0.015686035,25.034668,60,152,0,0,255,2,0,1782503423.1431637,243
25.031492,25.026304,-0.30551204,0.40790486,0.72732544,1,1,0,-0.012207031,0.016296387,25.031494,60,152,0,0,255,2,0,1782503423.1431637,243
25.031006,25.02508,-0.35743818,0.41095203,0.9249573,1,1,0,-0.014282227,0.016418457,25.031006,60,152,0,0,255,2,0,1782503423.1431637,243
25.016848,25.009119,-0.15722492,0.6015434,1.0097351,1,1,0,-0.006286621,0.024047852,25.016846,61,152,1,0,255,2,0,1782503423.1431637,243
25.026365,25.018145,-0.209202,0.60635346,0.734375,1,1,0,-0.008361816,0.024230957,25.026367,61,152,1,0,255,2,0,1782503423.1431637,243
25.021484,25.011171,-0.36792767,0.6169223,0.8599243,1,1,0,-0.014709473,0.024658203,25.021484,61,152,1,0,255,2,0,1782503423.1431637,243
25.035156,25.023907,-0.42005742,0.6218421,0.91000366,1,1,0,-0.016784668,0.024841309,25.035156,61,152,1,0,255,2,0,1782503423.1431637,243
25.031984,25.025505,-0.20009834,0.53317267,0.71343994,1,1,0,-0.0079956055,0.02130127,25.031982,26,153,0,0,255,2,0,1782503423.2439742,244
25.020266,25.012756,-0.30534664,0.5313963,0.69351196,1,1,0,-0.012207031,0.021240234,25.020264,26,153,0,0,255,2,0,1782503423.2439742,244
25.025146,25.020784,-0.3573768,0.30089325,0.6484375,1,1,0,-0.014282227,0.012023926,25.025146,28,153,0,0,255,2,0,1782503423.2439742,244
25.03296,25.028406,-0.10387825,0.46597973,0.9952698,1,1,0,-0.0041503906,0.018615723,25.032959,29,153,1,0,255,2,0,1782503423.2439742,244
25.028074,25.024063,-0.20161425,0.40021217,0.72299194,1,1,0,-0.008056641,0.015991211,25.028076,60,153,0,0,255,2,0,1782503423.2439742,244
25.033936,25.027113,-0.41247147,0.41405562,0.70217896,1,1,0,-0.016479492,0.016540527,25.033936,60,153,0,0,255,2,0,1782503423.2439742,244
25.02173,25.013918,-0.15878187,0.60471433,0.7600708,1,1,0,-0.0063476562,0.024169922,25.021729,61,153,1,0,255,2,0,1782503423.2439742,244
25.028566,25.019674,-0.2641946,0.6125154,0.87713623,1,1,0,-0.010559082,0.024475098,25.028564,61,153,1,0,255,2,0,1782503423.2439742,244
25.033447,25.023878,-0.31617543,0.6156898,0.64663696,1,1,0,-0.012634277,0.024597168,25.033447,61,153,1,0,255,2,0,1782503423.2439742,244
25.033937,25.02811,-0.09471132,0.5316867,0.7585144,1,1,0,-0.0037841797,0.021240234,25.033936,26,154,0,0,255,2,0,1782503423.343745,245
25.028076,25.02113,-0.25199133,0.53308946,0.7533264,1,1,0,-0.010070801,0.02130127,25.028076,26,154,0,0,255,2,0,1782503423.343745,245
25.031982,25.029993,-0.09471844,0.30097544,0.84262085,1,1,0,-0.0037841797,0.012023926,25.031982,28,154,0,0,255,2,0,1782503423.343745,245
25.032469,25.02787,-0.25511467,0.4063931,0.83480835,1,1,0,-0.010192871,0.016235352,25.03247,60,154,0,0,255,2,0,1782503423.343745,245
25.03296,25.02771,-0.3085848,0.4094564,0.72906494,1,1,0,-0.012329102,0.016357422,25.032959,60,154,0,0,255,2,0,1782503423.343745,245
25.033934,25.027939,-0.36053482,0.4125279,0.86776733,1,1,0,-0.014404297,0.016479492,25.033936,60,154,0,0,255,2,0,1782503423.343745,245
25.032957,25.026085,-0.41245455,0.41709483,0.86343384,1,1,0,-0.016479492,0.016662598,25.032959,60,154,0,0,255,2,0,1782503423.343745,245
25.026365,25.01893,-0.108420126,0.6002453,0.66864014,1,1,0,-0.004333496,0.023986816,25.026367,61,154,1,0,255,2,0,1782503423.343745,245
25.036377,25.02855,-0.16040245,0.6050684,1.0394287,1,1,0,-0.0064086914,0.024169922,25.036377,61,154,1,0,255,2,0,1782503423.343745,245
25.03296,25.02337,-0.31769657,0.6156778,0.9336548,1,1,0,-0.0126953125,0.024597168,25.032959,61,154,1,0,255,2,0,1782503423.343745,245
25.033936,25.025692,-0.36050245,0.5316867,0.8105469,1,1,0,-0.014404297,0.021240234,25.033936,26,155,0,0,255,2,0,1782503423.4432487,246
25.031008,25.021963,-0.41238657,0.5316245,0.83828735,1,1,0,-0.016479492,0.021240234,25.031006,26,155,0,0,255,2,0,1782503423.4432487,246
25.019287,25.014448,-0.15878524,0.4657252,0.8291321,1,1,0,-0.0063476562,0.018615723,25.019287,29,155,1,0,255,2,0,1782503423.4432487,246
25.018066,25.01283,-0.21221112,0.4657025,0.839386,1,1,0,-0.008483887,0.018615723,25.018066,29,155,1,0,255,2,0,1782503423.4432487,246
25.015867,25.009537,-0.31599423,0.4656616,0.7572937,1,1,0,-0.012634277,0.018615723,25.01587,29,155,1,0,255,2,0,1782503423.4432487,246
25.019775,25.016531,-0.097721316,0.39091808,1.1361084,1,1,0,-0.00390625,0.015625,25.019775,60,155,0,0,255,2,0,1782503423.4432487,246
25.032715,25.02913,-0.15123987,0.39570335,0.7749939,1,1,0,-0.0060424805,0.015808105,25.032715,60,155,0,0,255,2,0,1782503423.4432487,246
25.031982,25.02798,-0.2031735,0.398747,0.7698059,1,1,0,-0.008117676,0.015930176,25.031982,60,155,0,0,255,2,0,1782503423.4432487,246
25.02246,25.017262,-0.308456,0.4062306,0.94473267,1,1,0,-0.012329102,0.016235352,25.02246,60,155,0,0,255,2,0,1782503423.4432487,246
25.027098,25.020252,-0.41388592,0.41394255,0.71084595,1,1,0,-0.016540527,0.016540527,25.0271,60,155,0,0,255,2,0,1782503423.4432487,246
25.019531,25.012062,-0.10839035,0.601608,0.61831665,1,1,0,-0.004333496,0.024047852,25.019531,61,155,1,0,255,2,0,1782503423.4432487,246
25.022459,25.0146,-0.16031305,0.60625887,0.8496704,1,1,0,-0.0064086914,0.024230957,25.02246,61,155,1,0,255,2,0,1782503423.4432487,246
25.025393,25.015768,-0.31760007,0.6170186,0.9512329,1,1,0,-0.0126953125,0.024658203,25.02539,61,155,1,0,255,2,0,1782503423.4432487,246
25.026367,25.015894,-0.3710515,0.62162375,0.7364502,1,1,0,-0.014831543,0.024841309,25.026367,61,155,1,0,255,2,0,1782503423.4432487,246
25.031494,25.025404,-0.14357994,0.5331623,0.82873535,1,1,0,-0.0057373047,0.02130127,25.031494,26,156,0,0,255,2,0,1782503423.5434985,247
25.028074,25.021622,-0.19701271,0.53308946,0.81573486,1,1,0,-0.007873535,0.02130127,25.028076,26,156,0,0,255,2,0,1782503423.5434985,247
25.032473,25.025555,-0.24898072,0.5331831,0.7619934,1,1,0,-0.0099487305,0.02130127,25.03247,26,156,0,0,255,2,0,1782503423.5434985,247
25.03247,25.024998,-0.30244082,0.5316556,0.6839905,1,1,0,-0.012084961,0.021240234,25.03247,26,156,0,0,255,2,0,1782503423.5434985,247
25.03247,25.024317,-0.3543719,0.5316556,1.0159912,1,1,0,-0.014160156,0.021240234,25.03247,26,156,0,0,255,2,0,1782503423.5434985,247
25.031252,25.022306,-0.40628162,0.5316297,0.86602783,1,1,0,-0.016235352,0.021240234,25.03125,26,156,0,0,255,2,0,1782503423.5434985,247
25.032715,25.02755,-0.4109507,0.2994565,0.7810669,1,1,0,-0.016418457,0.011962891,25.032715,28,156,0,0,255,2,0,1782503423.5434985,247
25.02954,25.02498,-0.10539147,0.4659161,0.829895,1,1,0,-0.004211426,0.018615723,25.029541,29,156,1,0,255,2,0,1782503423.5434985,247
25.013674,25.008844,-0.1572232,0.4656207,0.81066895,1,1,0,-0.006286621,0.018615723,25.013672,29,156,1,0,255,2,0,1782503423.5434985,247
25.027102,25.023842,-0.094695166,0.3925599,0.7992859,1,1,0,-0.0037841797,0.015686035,25.0271,60,156,0,0,255,2,0,1782503423.5434985,247
25.031494,25.025564,-0.35591733,0.41248766,0.84436035,1,1,0,-0.014221191,0.016479492,25.031494,60,156,0,0,255,2,0,1782503423.5434985,247
25.02954,25.020681,-0.26115066,0.6125393,0.7723999,1,1,0,-0.010437012,0.024475098,25.029541,61,156,1,0,255,2,0,1782503423.5434985,247
25.02173,25.012165,-0.3129737,0.61692834,0.6347656,1,1,0,-0.012512207,0.024658203,25.021729,61,156,1,0,255,2,0,1782503423.5434985,247
25.026365,25.01507,-0.4183818,0.6246778,0.7395325,1,1,0,-0.016723633,0.024963379,25.026367,61,156,1,0,255,2,0,1782503423.5434985,247
25.03247,25.025541,-0.25356334,0.5316556,1.0142517,1,1,0,-0.010131836,0.021240234,25.03247,26,157,0,0,255,2,0,1782503423.644096,248
25.034668,25.026447,-0.3589855,0.5317023,0.86343384,1,1,0,-0.014343262,0.021240234,25.034668,26,157,0,0,255,2,0,1782503423.644096,248
25.019287,25.013557,-0.26413003,0.4657252,0.7480774,1,1,0,-0.010559082,0.018615723,25.019287,29,157,1,0,255,2,0,1782503423.644096,248
25.031738,25.028181,-0.14665118,0.3956879,0.83480835,1,1,0,-0.005859375,0.015808105,25.031738,60,157,0,0,255,2,0,1782503423.644096,248
25.032225,25.027706,-0.25205758,0.40333387,0.99172974,1,1,0,-0.010070801,0.016113281,25.032227,60,157,0,0,255,2,0,1782503423.644096,248
25.032227,25.0263,-0.3574556,0.41097206,0.98825073,1,1,0,-0.014282227,0.016418457,25.032227,60,157,0,0,255,2,0,1782503423.644096,248
25.031006,25.024233,-0.40936846,0.41400716,0.7403259,1,1,0,-0.016357422,0.016540527,25.031006,60,157,0,0,255,2,0,1782503423.644096,248
25.021729,25.010433,-0.4183043,0.624562,0.7569885,1,1,0,-0.016723633,0.024963379,25.021729,61,157,1,0,255,2,0,1782503423.644096,248
25.028076,25.020567,-0.305442,0.53156227,0.8781738,1,1,0,-0.012207031,0.021240234,25.028076,26,158,0,0,255,2,0,1782503423.7439358,249
25.02905,25.026455,-0.19857834,0.30094022,0.7767334,1,1,0,-0.00793457,0.012023926,25.029053,28,158,0,0,255,2,0,1782503423.7439358,249
25.014648,25.00944,-0.20912921,0.46563888,0.7480774,1,1,0,-0.008361816,0.018615723,25.014648,29,158,1,0,255,2,0,1782503423.7439358,249
25.017336,25.014053,-0.09465812,0.39393345,1.0590515,1,1,0,-0.0037841797,0.01574707,25.017334,60,158,0,0,255,2,0,1782503423.7439358,249
25.019777,25.016197,-0.14658095,0.39702564,0.7854004,1,1,0,-0.005859375,0.01586914,25.019775,60,158,0,0,255,2,0,1782503423.7439358,249
25.03247,25.028458,-0.19859423,0.40181014,0.7663269,1,1,0,-0.00793457,0.016052246,25.03247,60,158,0,0,255,2,0,1782503423.7439358,249
25.032469,25.0273,-0.30399644,0.40792078,0.7715454,1,1,0,-0.012145996,0.016296387,25.03247,60,158,0,0,255,2,0,1782503423.7439358,249
25.032715,25.026785,-0.35593468,0.41250777,0.9379883,1,1,0,-0.014221191,0.016479492,25.032715,60,158,0,0,255,2,0,1782503423.7439358,249
25.032469,25.025671,-0.40939197,0.41555905,1.0012512,1,1,0,-0.016357422,0.016601562,25.03247,60,158,0,0,255,2,0,1782503423.7439358,249
25.031738,25.02398,-0.15579094,0.6034289,0.92440796,1,1,0,-0.006225586,0.024108887,25.031738,61,158,1,0,255,2,0,1782503423.7439358,249
25.022947,25.011692,-0.41832533,0.62306565,0.66659546,1,1,0,-0.016723633,0.024902344,25.02295,61,158,1,0,255,2,0,1782503423.7439358,249
25.031984,25.025053,-0.2535584,0.53164524,1.0671387,1,1,0,-0.010131836,0.021240234,25.031982,26,159,0,0,255,2,0,1782503423.8436458,250
25.032715,25.030466,-0.14819236,0.30098426,0.7585144,1,1,0,-0.00592041,0.012023926,25.032715,28,159,0,0,255,2,0,1782503423.8436458,250
25.021484,25.013681,-0.15725362,0.60470843,0.89276123,1,1,0,-0.006286621,0.024169922,25.021484,61,159,1,0,255,2,0,1782503423.8436458,250
25.020264,25.009876,-0.36790863,0.6199455,0.9779358,1,1,0,-0.014709473,0.024780273,25.020264,61,159,1,0,255,2,0,1782503423.8436458,250
25.018066,25.006748,-0.41976938,0.6244706,0.7901306,1,1,0,-0.016784668,0.024963379,25.018066,61,159,1,0,255,2,0,1782503423.8436458,250
25.031252,25.02542,-0.096228585,0.5316297,0.70825195,1,1,0,-0.0038452148,0.021240234,25.03125,26,160,0,0,255,2,0,1782503423.9433808,251
25.02124,25.013023,-0.35879293,0.5314171,0.7619934,1,1,0,-0.014343262,0.021240234,25.02124,26,160,0,0,255,2,0,1782503423.9433808,251
25.019531,25.014692,-0.15878679,0.46572977,0.66659546,1,1,0,-0.0063476562,0.018615723,25.019531,29,160,1,0,255,2,0,1782503423.9433808,251
25.021729,25.015396,-0.31606826,0.46577066,0.633728,1,1,0,-0.012634277,0.018615723,25.021729,29,160,1,0,255,2,0,1782503423.9433808,251
25.030031,25.026718,-0.096233584,0.39566088,0.8088074,1,1,0,-0.0038452148,0.015808105,25.03003,60,160,0,0,255,2,0,1782503423.9433808,251
25.032715,25.0291,-0.14818427,0.39875868,0.620697,1,1,0,-0.00592041,0.015930176,25.032715,60,160,0,0,255,2,0,1782503423.9433808,251
25.031982,25.02792,-0.20164531,0.40332994,0.7585144,1,1,0,-0.008056641,0.016113281,25.031982,60,160,0,0,255,2,0,1782503423.9433808,251
25.026125,25.021542,-0.2535228,0.40629005,0.82528687,1,1,0,-0.010131836,0.016235352,25.026123,60,160,0,0,255,2,0,1782503423.9433808,251
25.031248,25.025251,-0.35896835,0.41401118,0.8088074,1,1,0,-0.014343262,0.016540527,25.03125,60,160,0,0,255,2,0,1782503423.9433808,251
25.033203,25.026329,-0.41093063,0.41862655,0.72906494,1,1,0,-0.016418457,0.016723633,25.033203,60,160,0,0,255,2,0,1782503423.9433808,251
25.018066,25.009178,-0.26408377,0.6122585,0.7562866,1,1,0,-0.010559082,0.024475098,25.018066,61,160,1,0,255,2,0,1782503423.9433808,251
25.023924,25.012579,-0.42139432,0.62461686,0.7251282,1,1,0,-0.016845703,0.024963379,25.023926,61,160,1,0,255,2,0,1782503423.9433808,251
25.032227,25.024006,-0.3589505,0.5316504,0.8009949,1,1,0,-0.014343262,0.021240234,25.032227,26,161,0,0,255,2,0,1782503424.043739,252
25.034668,25.032667,-0.09778435,0.30100775,0.97177124,1,1,0,-0.00390625,0.012023926,25.034668,28,161,0,0,255,2,0,1782503424.043739,252
25.03003,25.026318,-0.30856764,0.30095196,1.0177307,1,1,0,-0.012329102,0.012023926,25.03003,28,161,0,0,255,2,0,1782503424.043739,252
25.032959,25.028107,-0.16039962,0.46597973,0.82785034,1,1,0,-0.0064086914,0.018615723,25.032959,29,161,1,0,255,2,0,1782503424.043739,252
25.03296,25.02721,-0.2658019,0.46597973,0.86276245,1,1,0,-0.010620117,0.018615723,25.032959,29,161,1,0,255,2,0,1782503424.043739,252
25.031738,25.025385,-0.31772214,0.465957,0.81552124,1,1,0,-0.0126953125,0.018615723,25.031738,29,161,1,0,255,2,0,1782503424.043739,252
25.029053,25.02579,-0.09623001,0.39259052,0.7862549,1,1,0,-0.0038452148,0.015686035,25.029053,60,161,0,0,255,2,0,1782503424.043739,252
25.034424,25.030857,-0.14819467,0.39573035,1.0272522,1,1,0,-0.00592041,0.015808105,25.034424,60,161,0,0,255,2,0,1782503424.043739,252
25.035156,25.031157,-0.20014352,0.4003254,0.8764343,1,1,0,-0.0079956055,0.015991211,25.035156,60,161,0,0,255,2,0,1782503424.043739,252
25.033205,25.02867,-0.25359505,0.4033496,0.7455139,1,1,0,-0.010131836,0.016113281,25.033203,60,161,0,0,255,2,0,1782503424.043739,252
25.03247,25.026545,-0.3574591,0.41097608,0.7732544,1,1,0,-0.014282227,0.016418457,25.03247,60,161,0,0,255,2,0,1782503424.043739,252
25.020262,25.012423,-0.15724571,0.6062056,0.8496704,1,1,0,-0.006286621,0.024230957,25.020264,61,161,1,0,255,2,0,1782503424.043739,252
25.021729,25.012817,-0.2625954,0.61387485,0.6850891,1,1,0,-0.010498047,0.024536133,25.021729,61,161,1,0,255,2,0,1782503424.043739,252
25.030762,25.021175,-0.31461388,0.617151,0.82580566,1,1,0,-0.012573242,0.024658203,25.030762,61,161,1,0,255,2,0,1782503424.043739,252
25.023191,25.012766,-0.36795112,0.6215449,0.9194336,1,1,0,-0.014709473,0.024841309,25.023193,61,161,1,0,255,2,0,1782503424.043739,252
25.034424,25.028305,-0.14817956,0.5332247,0.71951294,1,1,0,-0.00592041,0.02130127,25.034424,26,162,0,0,255,2,0,1782503424.144039,253
25.02246,25.015533,-0.25346196,0.531443,0.9906311,1,1,0,-0.010131836,0.021240234,25.02246,26,162,0,0,255,2,0,1782503424.144039,253
25.031006,25.023495,-0.30547777,0.5316245,0.71343994,1,1,0,-0.012207031,0.021240234,25.031006,26,162,0,0,255,2,0,1782503424.144039,253
25.02368,25.015795,-0.42144853,0.46580702,0.9768982,1,1,0,-0.016845703,0.018615723,25.023682,29,162,1,0,255,2,0,1782503424.144039,253
25.032227,25.028627,-0.14970915,0.39722323,0.9041748,1,1,0,-0.0059814453,0.01586914,25.032227,60,162,0,0,255,2,0,1782503424.144039,253
25.020996,25.01696,-0.20155701,0.40162593,0.9222107,1,1,0,-0.008056641,0.016052246,25.020996,60,162,0,0,255,2,0,1782503424.144039,253
25.020752,25.015522,-0.3069075,0.40925673,1.0477905,1,1,0,-0.012268066,0.016357422,25.020752,60,162,0,0,255,2,0,1782503424.144039,253
25.025146,25.016256,-0.26415852,0.61243176,0.7425842,1,1,0,-0.010559082,0.024475098,25.025146,61,162,1,0,255,2,0,1782503424.144039,253
25.026367,25.016762,-0.31608552,0.61704266,0.77545166,1,1,0,-0.012634277,0.024658203,25.026367,61,162,1,0,255,2,0,1782503424.144039,253
25.028564,25.01815,-0.36955765,0.62015116,0.75183105,1,1,0,-0.014770508,0.024780273,25.028564,61,162,1,0,255,2,0,1782503424.144039,253
25.018309,25.006966,-0.4212998,0.6244767,0.48171997,1,1,0,-0.016845703,0.024963379,25.01831,61,162,1,0,255,2,0,1782503424.144039,253
25.020994,25.014881,-0.1481001,0.53293866,0.9802551,1,1,0,-0.00592041,0.02130127,25.020996,26,163,0,0,255,2,0,1782503424.2436144,254
25.02905,25.025942,-0.25509503,0.30094022,0.73599243,1,1,0,-0.010192871,0.012023926,25.029053,28,163,0,0,255,2,0,1782503424.2436144,254
25.020264,25.0157,-0.10687925,0.4657434,0.91326904,1,1,0,-0.004272461,0.018615723,25.020264,29,163,1,0,255,2,0,1782503424.2436144,254
25.01831,25.013472,-0.15877904,0.46570703,0.64297485,1,1,0,-0.0063476562,0.018615723,25.01831,29,163,1,0,255,2,0,1782503424.2436144,254
25.0271,25.023075,-0.2000789,0.40172392,0.7403259,1,1,0,-0.0079956055,0.016052246,25.0271,60,163,0,0,255,2,0,1782503424.2436144,254
25.032469,25.0279,-0.25205952,0.4063931,1.1451721,1,1,0,-0.010070801,0.016235352,25.03247,60,163,0,0,255,2,0,1782503424.2436144,254
25.019533,25.014322,-0.30536577,0.40923676,0.80618286,1,1,0,-0.012207031,0.016357422,25.019531,60,163,0,0,255,2,0,1782503424.2436144,254
25.027346,25.019814,-0.1053697,0.60485005,0.8319702,1,1,0,-0.004211426,0.024169922,25.027344,61,163,1,0,255,2,0,1782503424.2436144,254
25.01953,25.011616,-0.15724063,0.6092411,0.6840515,1,1,0,-0.006286621,0.024353027,25.019531,61,163,1,0,255,2,0,1782503424.2436144,254
25.025145,25.016775,-0.20919055,0.61243176,0.7487488,1,1,0,-0.008361816,0.024475098,25.025146,61,163,1,0,255,2,0,1782503424.2436144,254
25.03174,25.02275,-0.26269966,0.6171751,0.86483765,1,1,0,-0.010498047,0.024658203,25.031738,61,163,1,0,255,2,0,1782503424.2436144,254
25.029541,25.019878,-0.31459758,0.62017536,0.7220459,1,1,0,-0.012573242,0.024780273,25.029541,61,163,1,0,255,2,0,1782503424.2436144,254
25.020262,25.009783,-0.36638042,0.6245254,0.8024597,1,1,0,-0.0146484375,0.024963379,25.020264,61,163,1,0,255,2,0,1782503424.2436144,254
25.026367,25.014969,-0.41990736,0.62773186,0.7097168,1,1,0,-0.016784668,0.02508545,25.026367,61,163,1,0,255,2,0,1782503424.2436144,254
25.028076,25.022219,-0.09468903,0.53308946,0.6692505,1,1,0,-0.0037841797,0.02130127,25.028076,26,164,0,0,255,2,0,1782503424.3440673,255
25.029053,25.022123,-0.2535287,0.531583,0.73773193,1,1,0,-0.010131836,0.021240234,25.029053,26,164,0,0,255,2,0,1782503424.3440673,255
25.017332,25.012495,-0.15877284,0.46568885,0.6039429,1,1,0,-0.0063476562,0.018615723,25.017334,29,164,1,0,255,2,0,1782503424.3440673,255
25.016113,25.010384,-0.2640965,0.46566615,0.6645508,1,1,0,-0.010559082,0.018615723,25.016113,29,164,1,0,255,2,0,1782503424.3440673,255
25.02295,25.015062,-0.4214362,0.4657934,0.72720337,1,1,0,-0.016845703,0.018615723,25.02295,29,164,1,0,255,2,0,1782503424.3440673,255
25.033203,25.029589,-0.14818716,0.39876646,0.8911743,1,1,0,-0.00592041,0.015930176,25.033203,60,164,0,0,255,2,0,1782503424.3440673,255
25.031006,25.025793,-0.3055058,0.40942445,0.7342529,1,1,0,-0.012207031,0.016357422,25.031006,60,164,0,0,255,2,0,1782503424.3440673,255
25.021484,25.015509,-0.35730147,0.41384968,0.9984131,1,1,0,-0.014282227,0.016540527,25.021484,60,164,0,0,255,2,0,1782503424.3440673,255
25.019285,25.012466,-0.40917596,0.41686702,0.715271,1,1,0,-0.016357422,0.016662598,25.019287,60,164,0,0,255,2,0,1782503424.3440673,255
25.023924,25.01612,-0.15726896,0.60476744,0.71383667,1,1,0,-0.006286621,0.024169922,25.023926,61,164,1,0,255,2,0,1782503424.3440673,255
25.032957,25.02337,-0.31464148,0.6172052,0.829895,1,1,0,-0.012573242,0.024658203,25.032959,61,164,1,0,255,2,0,1782503424.3440673,255
25.029055,25.021544,-0.30545393,0.531583,0.82180786,1,1,0,-0.012207031,0.021240234,25.029053,26,165,0,0,255,2,0,1782503424.4440491,256
25.033937,25.024918,-0.41090745,0.5316867,0.6484375,1,1,0,-0.016418457,0.021240234,25.033936,26,165,0,0,255,2,0,1782503424.4440491,256
25.03003,25.02779,-0.14664888,0.30095196,0.81573486,1,1,0,-0.005859375,0.012023926,25.03003,28,165,0,0,255,2,0,1782503424.4440491,256
25.015625,25.012548,-0.2519049,0.30077878,0.8546753,1,1,0,-0.010070801,0.012023926,25.015625,28,165,0,0,255,2,0,1782503424.4440491,256
25.01831,25.013971,-0.35575247,0.30081105,0.87286377,1,1,0,-0.014221191,0.012023926,25.01831,28,165,0,0,255,2,0,1782503424.4440491,256
25.020264,25.015713,-0.10382557,0.4657434,0.91326904,1,1,0,-0.0041503906,0.018615723,25.020264,29,165,1,0,255,2,0,1782503424.4440491,256
25.030762,25.02594,-0.15580316,0.4659388,0.8340149,1,1,0,-0.006225586,0.018615723,25.030762,29,165,1,0,255,2,0,1782503424.4440491,256
25.011229,25.004213,-0.36629885,0.46557525,0.7367859,1,1,0,-0.0146484375,0.018615723,25.01123,29,165,1,0,255,2,0,1782503424.4440491,256
25.015867,25.008036,-0.41826418,0.4656616,0.73062134,1,1,0,-0.016723633,0.018615723,25.01587,29,165,1,0,255,2,0,1782503424.4440491,256
25.019287,25.016012,-0.09313866,0.3939642,1.0365295,1,1,0,-0.0037231445,0.01574707,25.019287,60,165,0,0,255,2,0,1782503424.4440491,256
25.029541,25.022089,-0.10385203,0.60184866,0.7693176,1,1,0,-0.0041503906,0.024047852,25.029541,61,165,1,0,255,2,0,1782503424.4440491,256
25.03296,25.025164,-0.15579832,0.6049858,0.9829407,1,1,0,-0.006225586,0.024169922,25.032959,61,165,1,0,255,2,0,1782503424.4440491,256
25.025146,25.016863,-0.20766428,0.60937786,0.6830139,1,1,0,-0.008300781,0.024353027,25.025146,61,165,1,0,255,2,0,1782503424.4440491,256
25.03174,25.022171,-0.3130989,0.6171751,0.8607178,1,1,0,-0.012512207,0.024658203,25.031738,61,165,1,0,255,2,0,1782503424.4440491,256
25.028564,25.018196,-0.3665037,0.62015116,0.70666504,1,1,0,-0.0146484375,0.024780273,25.028564,61,165,1,0,255,2,0,1782503424.4440491,256
25.03003,25.023584,-0.20008297,0.53160375,0.81573486,1,1,0,-0.0079956055,0.021240234,25.03003,26,166,0,0,255,2,0,1782503424.5441542,257
25.03003,25.022518,-0.30546585,0.53160375,1.0081787,1,1,0,-0.012207031,0.021240234,25.03003,26,166,0,0,255,2,0,1782503424.5441542,257
25.028074,25.019878,-0.35736388,0.53156227,0.71951294,1,1,0,-0.014282227,0.021240234,25.028076,26,166,0,0,255,2,0,1782503424.5441542,257
25.020508,25.018509,-0.09772904,0.3008375,0.8564148,1,1,0,-0.00390625,0.012023926,25.020508,28,166,0,0,255,2,0,1782503424.5441542,257
25.026121,25.0235,-0.2016097,0.300905,0.9232483,1,1,0,-0.008056641,0.012023926,25.026123,28,166,0,0,255,2,0,1782503424.5441542,257
25.032225,25.027037,-0.41247022,0.29945067,0.74380493,1,1,0,-0.016479492,0.011962891,25.032227,28,166,0,0,255,2,0,1782503424.5441542,257
25.035887,25.031322,-0.106946,0.46603426,0.9778137,1,1,0,-0.004272461,0.018615723,25.035889,29,166,1,0,255,2,0,1782503424.5441542,257
25.02905,25.025414,-0.14816245,0.4002278,0.69351196,1,1,0,-0.00592041,0.015991211,25.029053,60,166,0,0,255,2,0,1782503424.5441542,257
25.032225,25.028164,-0.20164728,0.40333387,0.68310547,1,1,0,-0.008056641,0.016113281,25.032227,60,166,0,0,255,2,0,1782503424.5441542,257
25.032957,25.02772,-0.30552933,0.4109841,0.7749939,1,1,0,-0.012207031,0.016418457,25.032959,60,166,0,0,255,2,0,1782503424.5441542,257
25.02051,25.014513,-0.3588143,0.41383353,0.74124146,1,1,0,-0.014343262,0.016540527,25.020508,60,166,0,0,255,2,0,1782503424.5441542,257
25.028078,25.021204,-0.41084647,0.41854084,0.70999146,1,1,0,-0.016418457,0.016723633,25.028076,60,166,0,0,255,2,0,1782503424.5441542,257
25.034178,25.026718,-0.10539879,0.60196024,0.82580566,1,1,0,-0.004211426,0.024047852,25.03418,61,166,1,0,255,2,0,1782503424.5441542,257
25.032959,25.025106,-0.15885289,0.6065132,0.87509155,1,1,0,-0.0063476562,0.024230957,25.032959,61,166,1,0,255,2,0,1782503424.5441542,257
25.030762,25.021849,-0.2626902,0.61409646,0.7816162,1,1,0,-0.010498047,0.024536133,25.030762,61,166,1,0,255,2,0,1782503424.5441542,257
25.023926,25.013498,-0.3679619,0.62156314,0.7364502,1,1,0,-0.014709473,0.024841309,25.023926,61,166,1,0,255,2,0,1782503424.5441542,257
25.031008,25.02518,-0.09470023,0.5316245,0.85562134,1,1,0,-0.0037841797,0.021240234,25.031006,26,167,0,0,255,2,0,1782503424.6438127,258
25.026125,25.01968,-0.20005175,0.5315208,0.45684814,1,1,0,-0.0079956055,0.021240234,25.026123,26,167,0,0,255,2,0,1782503424.6438127,258
25.03003,25.02484,-0.30549416,0.407881,0.7550659,1,1,0,-0.012207031,0.016296387,25.03003,60,167,0,0,255,2,0,1782503424.6438127,258
25.02856,25.020683,-0.15729764,0.6079339,0.93569946,1,1,0,-0.006286621,0.024291992,25.028564,61,167,1,0,255,2,0,1782503424.6438127,258
25.01587,25.006924,-0.26253352,0.61525744,0.77371216,1,1,0,-0.010498047,0.024597168,25.01587,61,167,1,0,255,2,0,1782503424.6438127,258
25.01831,25.00869,-0.31445688,0.6183706,0.71795654,1,1,0,-0.012573242,0.024719238,25.01831,61,167,1,0,255,2,0,1782503424.6438127,258
25.018064,25.007603,-0.3678752,0.6229441,0.8270874,1,1,0,-0.014709473,0.024902344,25.018066,61,167,1,0,255,2,0,1782503424.6438127,258
25.02246,25.011103,-0.41984248,0.6261071,0.9450989,1,1,0,-0.016784668,0.025024414,25.02246,61,167,1,0,255,2,0,1782503424.6438127,258
25.027102,25.020172,-0.25350896,0.5315415,0.84262085,1,1,0,-0.010131836,0.021240234,25.0271,26,168,0,0,255,2,0,1782503424.7438111,259
25.0271,25.023817,-0.09469507,0.39408723,0.7828064,1,1,0,-0.0037841797,0.01574707,25.0271,60,168,0,0,255,2,0,1782503424.7438111,259
25.031738,25.025763,-0.35744792,0.41401926,0.7663269,1,1,0,-0.014282227,0.016540527,25.031738,60,168,0,0,255,2,0,1782503424.7438111,259
25.028074,25.021252,-0.40931967,0.41701347,0.7715454,1,1,0,-0.016357422,0.016662598,25.028076,60,168,0,0,255,2,0,1782503424.7438111,259
25.027344,25.019854,-0.10384276,0.6033229,0.77752686,1,1,0,-0.0041503906,0.024108887,25.027344,61,168,1,0,255,2,0,1782503424.7438111,259
25.028563,25.020721,-0.15729788,0.60640675,0.7487488,1,1,0,-0.006286621,0.024230957,25.028564,61,168,1,0,255,2,0,1782503424.7438111,259
25.020264,25.010643,-0.31448144,0.6184189,1.0354004,1,1,0,-0.012573242,0.024719238,25.020264,61,168,1,0,255,2,0,1782503424.7438111,259
25.031252,25.024805,-0.20009273,0.5316297,0.84869385,1,1,0,-0.0079956055,0.021240234,25.03125,26,169,0,0,255,2,0,1782503424.8439138,260
25.019289,25.015615,-0.30538157,0.3008228,0.8624878,1,1,0,-0.012207031,0.012023926,25.019287,28,169,0,0,255,2,0,1782503424.8439138,260
25.019531,25.01437,-0.41073427,0.2992988,0.7655029,1,1,0,-0.016418457,0.011962891,25.019531,28,169,0,0,255,2,0,1782503424.8439138,260
25.032957,25.028399,-0.10540587,0.46597973,0.8792114,1,1,0,-0.004211426,0.018615723,25.032959,29,169,1,0,255,2,0,1782503424.8439138,260
25.031738,25.028444,-0.09776785,0.39416027,0.83047485,1,1,0,-0.00390625,0.01574707,25.031738,60,169,0,0,255,2,0,1782503424.8439138,260
25.020996,25.014126,-0.41225743,0.4168955,1.04953,1,1,0,-0.016479492,0.016662598,25.020996,60,169,0,0,255,2,0,1782503424.8439138,260
25.02295,25.014704,-0.21222702,0.6062707,0.7846985,1,1,0,-0.008483887,0.024230957,25.02295,61,169,1,0,255,2,0,1782503424.8439138,260
25.019531,25.010681,-0.26409963,0.6107677,0.6645508,1,1,0,-0.010559082,0.024414062,25.019531,61,169,1,0,255,2,0,1782503424.8439138,260
25.028564,25.019014,-0.31764126,0.6140426,0.7631531,1,1,0,-0.0126953125,0.024536133,25.028564,61,169,1,0,255,2,0,1782503424.8439138,260
25.032469,25.029345,-0.25665754,0.3009813,0.72125244,1,1,0,-0.010253906,0.012023926,25.03247,28,170,0,0,255,2,0,1782503424.9434133,261
25.03247,25.027256,-0.41400176,0.2994536,0.71865845,1,1,0,-0.016540527,0.011962891,25.03247,28,170,0,0,255,2,0,1782503424.9434133,261
25.02075,25.01618,-0.108408205,0.46575248,0.7312927,1,1,0,-0.004333496,0.018615723,25.020752,29,170,1,0,255,2,0,1782503424.9434133,261
25.020262,25.015413,-0.16031827,0.4657434,0.83325195,1,1,0,-0.0064086914,0.018615723,25.020264,29,170,1,0,255,2,0,1782503424.9434133,261
25.022463,25.015375,-0.3710438,0.4657843,0.8968506,1,1,0,-0.014831543,0.018615723,25.02246,29,170,1,0,255,2,0,1782503424.9434133,261
25.010254,25.002375,-0.42274892,0.4640308,0.68444824,1,1,0,-0.016906738,0.018554688,25.010254,29,170,1,0,255,2,0,1782503424.9434133,261
25.031252,25.027636,-0.1481756,0.39873534,0.70999146,1,1,0,-0.00592041,0.015930176,25.03125,60,170,0,0,255,2,0,1782503424.9434133,261
25.022951,25.015493,-0.10535151,0.6016902,0.72720337,1,1,0,-0.004211426,0.024047852,25.02295,61,170,1,0,255,2,0,1782503424.9434133,261
25.01587,25.006998,-0.2625343,0.61220473,0.75320435,1,1,0,-0.010498047,0.024475098,25.01587,61,170,1,0,255,2,0,1782503424.9434133,261
25.032959,25.021673,-0.42001992,0.6233149,0.8545532,1,1,0,-0.016784668,0.024902344,25.032959,61,170,1,0,255,2,0,1782503424.9434133,261
25.009766,25.004587,-0.41057363,0.30070832,0.88153076,1,1,0,-0.016418457,0.012023926,25.009766,28,171,0,0,255,2,0,1782503425.0438151,262
25.032959,25.029354,-0.14665805,0.39876255,0.73773193,1,1,0,-0.005859375,0.015930176,25.032959,60,171,0,0,255,2,0,1782503425.0438151,262
25.031006,25.026438,-0.2520448,0.40636933,0.70825195,1,1,0,-0.010070801,0.016235352,25.031006,60,171,0,0,255,2,0,1782503425.0438151,262
25.028076,25.022121,-0.35586837,0.4139587,0.70217896,1,1,0,-0.014221191,0.016540527,25.028076,60,171,0,0,255,2,0,1782503425.0438151,262
25.023924,25.015593,-0.20918067,0.610875,0.6850891,1,1,0,-0.008361816,0.024414062,25.023926,61,171,1,0,255,2,0,1782503425.0438151,262
25.031738,25.021292,-0.36654904,0.6232845,0.868927,1,1,0,-0.0146484375,0.024902344,25.031738,61,171,1,0,255,2,0,1782503425.0438151,262
25.028564,25.01723,-0.41841793,0.6262598,0.8977051,1,1,0,-0.016723633,0.025024414,25.028564,61,171,1,0,255,2,0,1782503425.0438151,262
25.035156,25.026936,-0.35899252,0.53171265,0.85562134,1,1,0,-0.014343262,0.021240234,25.035156,26,172,0,0,255,2,0,1782503425.1433182,263
25.027102,25.021936,-0.41085848,0.29938933,0.7507324,1,1,0,-0.016418457,0.011962891,25.0271,28,172,0,0,255,2,0,1782503425.1433182,263
25.014648,25.009811,-0.15875581,0.46563888,0.86813354,1,1,0,-0.0063476562,0.018615723,25.014648,29,172,1,0,255,2,0,1782503425.1433182,263
25.015867,25.00804,-0.41979107,0.464135,0.6772766,1,1,0,-0.016784668,0.018554688,25.01587,29,172,1,0,255,2,0,1782503425.1433182,263
25.031006,25.027699,-0.09470976,0.3956763,0.83480835,1,1,0,-0.0037841797,0.015808105,25.031006,60,172,0,0,255,2,0,1782503425.1433182,263
25.03125,25.02762,-0.14664789,0.40026292,0.72906494,1,1,0,-0.005859375,0.015991211,25.03125,60,172,0,0,255,2,0,1782503425.1433182,263
25.032715,25.028677,-0.19859597,0.40334174,1.1356201,1,1,0,-0.00793457,0.016113281,25.032715,60,172,0,0,255,2,0,1782503425.1433182,263
25.033936,25.028715,-0.3040136,0.41100013,1.0732117,1,1,0,-0.012145996,0.016418457,25.033936,60,172,0,0,255,2,0,1782503425.1433182,263
25.032717,25.02676,-0.35593432,0.4140354,0.7619934,1,1,0,-0.014221191,0.016540527,25.032715,60,172,0,0,255,2,0,1782503425.1433182,263
25.03125,25.0244,-0.4093712,0.41859388,0.98651123,1,1,0,-0.016357422,0.016723633,25.03125,60,172,0,0,255,2,0,1782503425.1433182,263
25.031738,25.023905,-0.15579048,0.60648364,0.7127991,1,1,0,-0.006225586,0.024230957,25.031738,61,172,1,0,255,2,0,1782503425.1433182,263
25.020752,25.011858,-0.26105854,0.6138509,0.65734863,1,1,0,-0.010437012,0.024536133,25.020752,61,172,1,0,255,2,0,1782503425.1433182,263
25.02246,25.012094,-0.3664143,0.61999995,0.9656067,1,1,0,-0.0146484375,0.024780273,25.02246,61,172,1,0,255,2,0,1782503425.1433182,263
25.029541,25.018244,-0.4184349,0.624757,0.74053955,1,1,0,-0.016723633,0.024963379,25.029541,61,172,1,0,255,2,0,1782503425.1433182,263
25.031494,25.023964,-0.30701107,0.53163487,0.86343384,1,1,0,-0.012268066,0.021240234,25.031494,26,173,0,0,255,2,0,1782503425.2432852,264
25.032959,25.023914,-0.41241875,0.531666,0.6571045,1,1,0,-0.016479492,0.021240234,25.032959,26,173,0,0,255,2,0,1782503425.2432852,264
25.028076,25.025827,-0.1481649,0.30092847,0.7698059,1,1,0,-0.00592041,0.012023926,25.028076,28,173,0,0,255,2,0,1782503425.2432852,264
25.028078,25.022913,-0.41087452,0.29940102,0.7663269,1,1,0,-0.016418457,0.011962891,25.028076,28,173,0,0,255,2,0,1782503425.2432852,264
25.031494,25.028217,-0.0931841,0.39415643,0.7637329,1,1,0,-0.0037231445,0.01574707,25.031494,60,173,0,0,255,2,0,1782503425.2432852,264
25.026125,25.022543,-0.14661814,0.39712638,0.99346924,1,1,0,-0.005859375,0.01586914,25.026123,60,173,0,0,255,2,0,1782503425.2432852,264
25.032227,25.028214,-0.19859229,0.4018062,0.81747437,1,1,0,-0.00793457,0.016052246,25.032227,60,173,0,0,255,2,0,1782503425.2432852,264
25.031738,25.024914,-0.40937957,0.41707447,0.70043945,1,1,0,-0.016357422,0.016662598,25.031738,60,173,0,0,255,2,0,1782503425.2432852,264
25.023926,25.016058,-0.15574163,0.6078212,0.7816162,1,1,0,-0.006225586,0.024291992,25.023926,61,173,1,0,255,2,0,1782503425.2432852,264
25.028564,25.020243,-0.20769234,0.61098826,0.8196411,1,1,0,-0.008300781,0.024414062,25.028564,61,173,1,0,255,2,0,1782503425.2432852,264
25.023924,25.014992,-0.26109126,0.6154556,0.6850891,1,1,0,-0.010437012,0.024597168,25.023926,61,173,1,0,255,2,0,1782503425.2432852,264
25.03076,25.021154,-0.31308618,0.61867833,0.8812561,1,1,0,-0.012512207,0.024719238,25.030762,61,173,1,0,255,2,0,1782503425.2432852,264
25.029541,25.018206,-0.41843426,0.62628424,0.86276245,1,1,0,-0.016723633,0.025024414,25.029541,61,173,1,0,255,2,0,1782503425.2432852,264
25.034182,25.027721,-0.2016437,0.5316919,0.7828064,1,1,0,-0.008056641,0.021240234,25.03418,26,174,0,0,255,2,0,1782503425.343362,265
25.031494,25.024548,-0.25508082,0.53163487,0.83654785,1,1,0,-0.010192871,0.021240234,25.031494,26,174,0,0,255,2,0,1782503425.343362,265
25.028074,25.019855,-0.35889095,0.53156227,0.7767334,1,1,0,-0.014343262,0.021240234,25.028076,26,174,0,0,255,2,0,1782503425.343362,265
25.03418,25.032185,-0.0962546,0.30100188,0.679657,1,1,0,-0.0038452148,0.012023926,25.03418,28,174,0,0,255,2,0,1782503425.343362,265
25.020752,25.015913,-0.15879454,0.46575248,0.5844116,1,1,0,-0.0063476562,0.018615723,25.020752,29,174,1,0,255,2,0,1782503425.343362,265
25.035156,25.031874,-0.09472556,0.3942141,0.7845459,1,1,0,-0.0037841797,0.01574707,25.035156,60,174,0,0,255,2,0,1782503425.343362,265
25.028076,25.024462,-0.1481568,0.39868477,0.70043945,1,1,0,-0.00592041,0.015930176,25.028076,60,174,0,0,255,2,0,1782503425.343362,265
25.032227,25.028202,-0.2001199,0.4018062,1.0064697,1,1,0,-0.0079956055,0.016052246,25.032227,60,174,0,0,255,2,0,1782503425.343362,265
25.028076,25.022863,-0.30547005,0.40937653,0.7975464,1,1,0,-0.012207031,0.016357422,25.028076,60,174,0,0,255,2,0,1782503425.343362,265
25.03418,25.026335,-0.15733317,0.60654277,0.9038696,1,1,0,-0.006286621,0.024230957,25.03418,61,174,1,0,255,2,0,1782503425.343362,265
25.023924,25.014301,-0.31452745,0.61850935,0.70458984,1,1,0,-0.012573242,0.024719238,25.023926,61,174,1,0,255,2,0,1782503425.343362,265
25.031738,25.021307,-0.36807677,0.62175715,0.8340149,1,1,0,-0.014709473,0.024841309,25.031738,61,174,1,0,255,2,0,1782503425.343362,265
25.031248,25.02926,-0.09471567,0.30096665,0.640625,1,1,0,-0.0037841797,0.012023926,25.03125,28,175,0,0,255,2,0,1782503425.4435132,266
25.02051,25.01827,-0.14659311,0.3008375,0.7672119,1,1,0,-0.005859375,0.012023926,25.020508,28,175,0,0,255,2,0,1782503425.4435132,266
25.031492,25.028414,-0.2520647,0.30096957,1.0125427,1,1,0,-0.010070801,0.012023926,25.031494,28,175,0,0,255,2,0,1782503425.4435132,266
25.02295,25.018118,-0.1572815,0.4657934,0.6748047,1,1,0,-0.006286621,0.018615723,25.02295,29,175,1,0,255,2,0,1782503425.4435132,266
25.02075,25.015541,-0.20918024,0.46575248,0.67071533,1,1,0,-0.008361816,0.018615723,25.020752,29,175,1,0,255,2,0,1782503425.4435132,266
25.017336,25.014048,-0.09618486,0.39393345,0.8417053,1,1,0,-0.0038452148,0.01574707,25.017334,60,175,0,0,255,2,0,1782503425.4435132,266
25.031494,25.02747,-0.20011404,0.40179446,0.84436035,1,1,0,-0.0079956055,0.016052246,25.031494,60,175,0,0,255,2,0,1782503425.4435132,266
25.031494,25.02552,-0.35897222,0.41248766,0.73599243,1,1,0,-0.014343262,0.016479492,25.031494,60,175,0,0,255,2,0,1782503425.4435132,266
25.028564,25.018173,-0.36803067,0.62015116,0.8607178,1,1,0,-0.014709473,0.024780273,25.028564,61,175,1,0,255,2,0,1782503425.4435132,266
25.020264,25.008984,-0.4198069,0.6229988,0.89276123,1,1,0,-0.016784668,0.024902344,25.020264,61,175,1,0,255,2,0,1782503425.4435132,266
25.026125,25.017132,-0.40925226,0.5315208,0.6371765,1,1,0,-0.016357422,0.021240234,25.026123,26,176,0,0,255,2,0,1782503425.543425,267
25.019775,25.016464,-0.096194156,0.3954988,0.7932129,1,1,0,-0.0038452148,0.015808105,25.019775,60,176,0,0,255,2,0,1782503425.543425,267
25.019531,25.015509,-0.2000184,0.40160242,0.9066467,1,1,0,-0.0079956055,0.016052246,25.019531,60,176,0,0,255,2,0,1782503425.543425,267
25.019775,25.015194,-0.2534585,0.406187,1.0945435,1,1,0,-0.010131836,0.016235352,25.019775,60,176,0,0,255,2,0,1782503425.543425,267
25.028564,25.018997,-0.31611377,0.6155697,0.7107544,1,1,0,-0.012634277,0.024597168,25.028564,61,176,1,0,255,2,0,1782503425.543425,267
25.033201,25.026731,-0.20316336,0.53167117,0.74380493,1,1,0,-0.008117676,0.021240234,25.033203,26,177,0,0,255,2,0,1782503425.6436467,268
25.02905,25.021523,-0.30698112,0.531583,0.81747437,1,1,0,-0.012268066,0.021240234,25.029053,26,177,0,0,255,2,0,1782503425.6436467,268
25.025146,25.016907,-0.36037588,0.53150004,0.8122864,1,1,0,-0.014404297,0.021240234,25.025146,26,177,0,0,255,2,0,1782503425.6436467,268
25.017334,25.015347,-0.09466302,0.3007993,0.82263184,1,1,0,-0.0037841797,0.012023926,25.017334,28,177,0,0,255,2,0,1782503425.6436467,268
25.021729,25.017178,-0.10383165,0.46577066,0.7579956,1,1,0,-0.0041503906,0.018615723,25.021729,29,177,1,0,255,2,0,1782503425.6436467,268
25.016844,25.011635,-0.20914757,0.46567976,0.7367859,1,1,0,-0.008361816,0.018615723,25.016846,29,177,1,0,255,2,0,1782503425.6436467,268
25.032717,25.02942,-0.09777167,0.39417565,0.7810669,1,1,0,-0.00390625,0.01574707,25.032715,60,177,0,0,255,2,0,1782503425.6436467,268
25.032227,25.028603,-0.149709,0.3987509,0.7619934,1,1,0,-0.0059814453,0.015930176,25.032227,60,177,0,0,255,2,0,1782503425.6436467,268
25.032228,25.026995,-0.30704826,0.40944442,0.71432495,1,1,0,-0.012268066,0.016357422,25.032227,60,177,0,0,255,2,0,1782503425.6436467,268
25.03247,25.02645,-0.36051336,0.4140314,0.7507324,1,1,0,-0.014404297,0.016540527,25.03247,60,177,0,0,255,2,0,1782503425.6436467,268
25.025146,25.017645,-0.106887564,0.60327,0.7631531,1,1,0,-0.004272461,0.024108887,25.025146,61,177,1,0,255,2,0,1782503425.6436467,268
25.030762,25.022911,-0.15883896,0.60646,0.8730469,1,1,0,-0.0063476562,0.024230957,25.030762,61,177,1,0,255,2,0,1782503425.6436467,268
25.01831,25.009954,-0.21218672,0.6107379,0.695343,1,1,0,-0.008483887,0.024414062,25.01831,61,177,1,0,255,2,0,1782503425.6436467,268
25.029541,25.020613,-0.2642045,0.6140665,0.8977051,1,1,0,-0.010559082,0.024536133,25.029541,61,177,1,0,255,2,0,1782503425.6436467,268
25.026365,25.015915,-0.36952463,0.62162375,0.9038696,1,1,0,-0.014770508,0.024841309,25.026367,61,177,1,0,255,2,0,1782503425.6436467,268
25.022459,25.011076,-0.42136902,0.6261071,0.85375977,1,1,0,-0.016845703,0.025024414,25.02246,61,177,1,0,255,2,0,1782503425.6436467,268
25.0271,25.021248,-0.093158156,0.53306866,0.82006836,1,1,0,-0.0037231445,0.02130127,25.0271,26,178,0,0,255,2,0,1782503425.7433996,269
25.02124,25.014809,-0.19848594,0.5314171,0.7698059,1,1,0,-0.00793457,0.021240234,25.02124,26,178,0,0,255,2,0,1782503425.7433996,269
25.03247,25.025555,-0.25203592,0.5316556,0.82180786,1,1,0,-0.010070801,0.021240234,25.03247,26,178,0,0,255,2,0,1782503425.7433996,269
25.031982,25.02449,-0.30396232,0.53164524,0.83654785,1,1,0,-0.012145996,0.021240234,25.031982,26,178,0,0,255,2,0,1782503425.7433996,269
25.031982,25.029987,-0.09624615,0.30097544,0.96051025,1,1,0,-0.0038452148,0.012023926,25.031982,28,178,0,0,255,2,0,1782503425.7433996,269
25.028074,25.025818,-0.14969234,0.30092847,0.94403076,1,1,0,-0.0059814453,0.012023926,25.028076,28,178,0,0,255,2,0,1782503425.7433996,269
25.031252,25.026087,-0.41092664,0.29943898,0.7698059,1,1,0,-0.016418457,0.011962891,25.03125,28,178,0,0,255,2,0,1782503425.7433996,269
25.021484,25.014471,-0.36797622,0.46423915,0.83529663,1,1,0,-0.014709473,0.018554688,25.021484,29,178,1,0,255,2,0,1782503425.7433996,269
25.027342,25.019484,-0.42151067,0.46434787,0.7744446,1,1,0,-0.016845703,0.018554688,25.027344,29,178,1,0,255,2,0,1782503425.7433996,269
25.031736,25.027143,-0.2520519,0.40790886,0.68917847,1,1,0,-0.010070801,0.016296387,25.031738,60,178,0,0,255,2,0,1782503425.7433996,269
25.016602,25.011366,-0.30532968,0.41071555,0.7672119,1,1,0,-0.012207031,0.016418457,25.016602,60,178,0,0,255,2,0,1782503425.7433996,269
25.031248,25.025248,-0.35744056,0.4155388,0.43777466,1,1,0,-0.014282227,0.016601562,25.03125,60,178,0,0,255,2,0,1782503425.7433996,269
25.021484,25.014614,-0.4107383,0.4184306,0.88845825,1,1,0,-0.016418457,0.016723633,25.021484,60,178,0,0,255,2,0,1782503425.7433996,269
25.023926,25.016432,-0.105355464,0.60324055,0.7210388,1,1,0,-0.004211426,0.024108887,25.023926,61,178,1,0,255,2,0,1782503425.7433996,269
25.028563,25.02023,-0.20921944,0.61098826,0.7949829,1,1,0,-0.008361816,0.024414062,25.028564,61,178,1,0,255,2,0,1782503425.7433996,269
25.028076,25.021975,-0.15119663,0.53156227,0.81573486,1,1,0,-0.0060424805,0.021240234,25.028076,26,179,0,0,255,2,0,1782503425.8431218,270
25.026125,25.019642,-0.20463298,0.5315208,0.72906494,1,1,0,-0.008178711,0.021240234,25.026123,26,179,0,0,255,2,0,1782503425.8431218,270
25.031738,25.024776,-0.25661072,0.53164005,0.81399536,1,1,0,-0.010253906,0.021240234,25.031738,26,179,0,0,255,2,0,1782503425.8431218,270
25.033205,25.025656,-0.30855948,0.53167117,1.0567322,1,1,0,-0.012329102,0.021240234,25.033203,26,179,0,0,255,2,0,1782503425.8431218,270
25.025146,25.016886,-0.36190277,0.53150004,0.7637329,1,1,0,-0.014465332,0.021240234,25.025146,26,179,0,0,255,2,0,1782503425.8431218,270
25.03003,25.02096,-0.41389763,0.53160375,0.7455139,1,1,0,-0.016540527,0.021240234,25.03003,26,179,0,0,255,2,0,1782503425.8431218,270
25.025146,25.022053,-0.253528,0.30089325,0.71606445,1,1,0,-0.010131836,0.012023926,25.025146,28,179,0,0,255,2,0,1782503425.8431218,270
25.023926,25.01937,-0.10536783,0.46581158,0.7846985,1,1,0,-0.004211426,0.018615723,25.023926,29,179,1,0,255,2,0,1782503425.8431218,270
25.020262,25.015432,-0.15726462,0.4657434,0.8065491,1,1,0,-0.006286621,0.018615723,25.020264,29,179,1,0,255,2,0,1782503425.8431218,270
25.016846,25.010534,-0.31448007,0.46567976,0.70599365,1,1,0,-0.012573242,0.018615723,25.016846,29,179,1,0,255,2,0,1782503425.8431218,270
25.03247,25.029194,-0.093187734,0.3941718,0.87210083,1,1,0,-0.0037231445,0.01574707,25.03247,60,179,0,0,255,2,0,1782503425.8431218,270
25.017332,25.012808,-0.25038072,0.40462062,1.029602,1,1,0,-0.010009766,0.016174316,25.017334,60,179,0,0,255,2,0,1782503425.8431218,270
25.033205,25.028028,-0.30247745,0.4094604,0.9059143,1,1,0,-0.012084961,0.016357422,25.033203,60,179,0,0,255,2,0,1782503425.8431218,270
25.028074,25.022146,-0.35586873,0.41243133,0.7619934,1,1,0,-0.014221191,0.016479492,25.028076,60,179,0,0,255,2,0,1782503425.8431218,270
25.031248,25.02445,-0.40784425,0.41706634,0.71951294,1,1,0,-0.016296387,0.016662598,25.03125,60,179,0,0,255,2,0,1782503425.8431218,270
25.023926,25.016409,-0.10230156,0.60476744,0.73028564,1,1,0,-0.0040893555,0.024169922,25.023926,61,179,1,0,255,2,0,1782503425.8431218,270
25.01831,25.010445,-0.15570669,0.6076848,0.6357727,1,1,0,-0.006225586,0.024291992,25.01831,61,179,1,0,255,2,0,1782503425.8431218,270
25.026367,25.01801,-0.2076738,0.6124616,0.695343,1,1,0,-0.008300781,0.024475098,25.026367,61,179,1,0,255,2,0,1782503425.8431218,270
25.035646,25.026726,-0.25968602,0.6157438,0.7103882,1,1,0,-0.010375977,0.024597168,25.035645,61,179,1,0,255,2,0,1782503425.8431218,270
25.023926,25.014286,-0.31300023,0.62003624,0.72821045,1,1,0,-0.012512207,0.024780273,25.023926,61,179,1,0,255,2,0,1782503425.8431218,270
25.028564,25.01719,-0.41841727,0.62778693,0.6871338,1,1,0,-0.016723633,0.02508545,25.028564,61,179,1,0,255,2,0,1782503425.8431218,270
25.026125,25.019667,-0.20157883,0.5315208,0.43777466,1,1,0,-0.008056641,0.021240234,25.026123,26,180,0,0,255,2,0,1782503425.9434667,271
25.032715,25.025768,-0.25509325,0.5316608,0.69003296,1,1,0,-0.010192871,0.021240234,25.032715,26,180,0,0,255,2,0,1782503425.9434667,271
25.02905,25.020832,-0.35890496,0.531583,0.71343994,1,1,0,-0.014343262,0.021240234,25.029053,26,180,0,0,255,2,0,1782503425.9434667,271
25.026121,25.023865,-0.14968066,0.300905,0.8070679,1,1,0,-0.0059814453,0.012023926,25.026123,28,180,0,0,255,2,0,1782503425.9434667,271
25.03467,25.029827,-0.15888286,0.46601152,0.8915405,1,1,0,-0.0063476562,0.018615723,25.034668,29,180,1,0,255,2,0,1782503425.9434667,271
25.021484,25.013628,-0.421412,0.46423915,0.7572937,1,1,0,-0.016845703,0.018554688,25.021484,29,180,1,0,255,2,0,1782503425.9434667,271
25.016602,25.013285,-0.097708635,0.39544863,0.9031677,1,1,0,-0.00390625,0.015808105,25.016602,60,180,0,0,255,2,0,1782503425.9434667,271
25.031252,25.027594,-0.15123057,0.40026292,0.9076233,1,1,0,-0.0060424805,0.015991211,25.03125,60,180,0,0,255,2,0,1782503425.9434667,271
25.028074,25.023436,-0.25659695,0.40784916,0.71951294,1,1,0,-0.010253906,0.016296387,25.028076,60,180,0,0,255,2,0,1782503425.9434667,271
25.03125,25.025974,-0.3085634,0.41095603,0.7680664,1,1,0,-0.012329102,0.016418457,25.03125,60,180,0,0,255,2,0,1782503425.9434667,271
25.026121,25.0192,-0.41386852,0.41850817,0.664917,1,1,0,-0.016540527,0.016723633,25.026123,60,180,0,0,255,2,0,1782503425.9434667,271
25.020264,25.013006,-0.054960303,0.6000989,0.8722229,1,1,0,-0.0021972656,0.023986816,25.020264,61,180,1,0,255,2,0,1782503425.9434667,271
25.03076,25.02325,-0.10843884,0.60340536,0.8545532,1,1,0,-0.004333496,0.024108887,25.030762,61,180,1,0,255,2,0,1782503425.9434667,271
25.03076,25.022861,-0.160366,0.6079872,0.8586731,1,1,0,-0.0064086914,0.024291992,25.030762,61,180,1,0,255,2,0,1782503425.9434667,271
25.031738,25.023378,-0.2123006,0.61106575,0.846344,1,1,0,-0.008483887,0.024414062,25.031738,61,180,1,0,255,2,0,1782503425.9434667,271
25.027344,25.018362,-0.26570794,0.61553967,0.6645508,1,1,0,-0.010620117,0.024597168,25.027344,61,180,1,0,255,2,0,1782503425.9434667,271
25.031738,25.021225,-0.3711306,0.6232845,0.8565979,1,1,0,-0.014831543,0.024902344,25.031738,61,180,1,0,255,2,0,1782503425.9434667,271
25.03296,25.021545,-0.42307305,0.6263698,0.8607178,1,1,0,-0.016906738,0.025024414,25.032959,61,180,1,0,255,2,0,1782503425.9434667,271
25.029053,25.023184,-0.0977473,0.53311026,0.85302734,1,1,0,-0.00390625,0.02130127,25.029053,26,181,0,0,255,2,0,1782503426.0429442,272
25.033934,25.027431,-0.20316905,0.5332143,0.7862549,1,1,0,-0.008117676,0.02130127,25.033936,26,181,0,0,255,2,0,1782503426.0429442,272
25.031494,25.024515,-0.2550805,0.5331623,0.7767334,1,1,0,-0.010192871,0.02130127,25.031494,26,181,0,0,255,2,0,1782503426.0429442,272
25.032717,25.025167,-0.30855346,0.5316608,0.81573486,1,1,0,-0.012329102,0.021240234,25.032715,26,181,0,0,255,2,0,1782503426.0429442,272
25.029053,25.019983,-0.41388148,0.531583,0.6865845,1,1,0,-0.016540527,0.021240234,25.029053,26,181,0,0,255,2,0,1782503426.0429442,272
25.033201,25.028862,-0.3559642,0.30099013,0.69003296,1,1,0,-0.014221191,0.012023926,25.033203,28,181,0,0,255,2,0,1782503426.0429442,272
25.016846,25.012295,-0.10381138,0.46567976,0.75115967,1,1,0,-0.0041503906,0.018615723,25.016846,29,181,1,0,255,2,0,1782503426.0429442,272
25.02295,25.01813,-0.15575452,0.4657934,0.6368103,1,1,0,-0.006225586,0.018615723,25.02295,29,181,1,0,255,2,0,1782503426.0429442,272
25.019289,25.012995,-0.31298408,0.4657252,0.839386,1,1,0,-0.012512207,0.018615723,25.019287,29,181,1,0,255,2,0,1782503426.0429442,272
25.014648,25.006817,-0.4182438,0.46563888,0.7008667,1,1,0,-0.016723633,0.018615723,25.014648,29,181,1,0,255,2,0,1782503426.0429442,272
25.026125,25.020912,-0.3054462,0.40934458,0.7749939,1,1,0,-0.012207031,0.016357422,25.026123,60,181,0,0,255,2,0,1782503426.0429442,272
25.031982,25.025158,-0.40938357,0.41707855,0.6744385,1,1,0,-0.016357422,0.016662598,25.031982,60,181,0,0,255,2,0,1782503426.0429442,272
25.022459,25.014973,-0.1038225,0.6032052,0.9543152,1,1,0,-0.0041503906,0.024108887,25.02246,61,181,1,0,255,2,0,1782503426.0429442,272
25.02148,25.013605,-0.15725313,0.6077619,0.9840698,1,1,0,-0.006286621,0.024291992,25.021484,61,181,1,0,255,2,0,1782503426.0429442,272
25.03076,25.021135,-0.31461337,0.61867833,0.7395325,1,1,0,-0.012573242,0.024719238,25.030762,61,181,1,0,255,2,0,1782503426.0429442,272
25.02295,25.012506,-0.36642033,0.62306565,0.7600708,1,1,0,-0.0146484375,0.024902344,25.02295,61,181,1,0,255,2,0,1782503426.0429442,272
25.03247,25.026026,-0.2001025,0.5316556,1.1156921,1,1,0,-0.0079956055,0.021240234,25.03247,26,182,0,0,255,2,0,1782503426.1434703,273
25.03003,25.021832,-0.35739177,0.53160375,0.6865845,1,1,0,-0.014282227,0.021240234,25.03003,26,182,0,0,255,2,0,1782503426.1434703,273
25.031006,25.029022,-0.0931871,0.3009637,0.7793274,1,1,0,-0.0037231445,0.012023926,25.031006,28,182,0,0,255,2,0,1782503426.1434703,273
25.02905,25.026821,-0.14511564,0.30094022,0.68743896,1,1,0,-0.00579834,0.012023926,25.029053,28,182,0,0,255,2,0,1782503426.1434703,273
25.027098,25.024054,-0.2504933,0.29938933,0.83047485,1,1,0,-0.010009766,0.011962891,25.0271,28,182,0,0,255,2,0,1782503426.1434703,273
25.021242,25.017624,-0.3023517,0.29931924,0.8390808,1,1,0,-0.012084961,0.011962891,25.02124,28,182,0,0,255,2,0,1782503426.1434703,273
25.0271,25.022778,-0.3558777,0.29938933,0.68917847,1,1,0,-0.014221191,0.011962891,25.0271,28,182,0,0,255,2,0,1782503426.1434703,273
25.03125,25.026134,-0.4078717,0.29943898,0.69784546,1,1,0,-0.016296387,0.011962891,25.03125,28,182,0,0,255,2,0,1782503426.1434703,273
25.026371,25.021824,-0.1023237,0.465857,0.8093567,1,1,0,-0.0040893555,0.018615723,25.026367,29,182,1,0,255,2,0,1782503426.1434703,273
25.026365,25.020712,-0.25962362,0.46432975,0.7600708,1,1,0,-0.010375977,0.018554688,25.026367,29,182,1,0,255,2,0,1782503426.1434703,273
25.028564,25.022297,-0.3131005,0.46437052,0.66864014,1,1,0,-0.012512207,0.018554688,25.028564,29,182,1,0,255,2,0,1782503426.1434703,273
25.02954,25.02257,-0.36504018,0.46438864,0.7487488,1,1,0,-0.014587402,0.018554688,25.029541,29,182,1,0,255,2,0,1782503426.1434703,273
25.025146,25.017365,-0.41689286,0.4643071,0.70666504,1,1,0,-0.016662598,0.018554688,25.025146,29,182,1,0,255,2,0,1782503426.1434703,273
25.032715,25.029408,-0.09471623,0.39570335,0.69869995,1,1,0,-0.0037841797,0.015808105,25.032715,60,182,0,0,255,2,0,1782503426.1434703,273
25.026125,25.021517,-0.25352257,0.40781733,0.7637329,1,1,0,-0.010131836,0.016296387,25.026123,60,182,0,0,255,2,0,1782503426.1434703,273
25.032225,25.026987,-0.3055204,0.41097206,0.7828064,1,1,0,-0.012207031,0.016418457,25.032227,60,182,0,0,255,2,0,1782503426.1434703,273
25.019531,25.01204,-0.105336964,0.60313463,0.6624756,1,1,0,-0.004211426,0.024108887,25.019531,61,182,1,0,255,2,0,1782503426.1434703,273
25.02295,25.014038,-0.2626082,0.6139048,0.7600708,1,1,0,-0.010498047,0.024536133,25.02295,61,182,1,0,255,2,0,1782503426.1434703,273
25.021729,25.012144,-0.31450033,0.61692834,0.7713623,1,1,0,-0.012573242,0.024658203,25.021729,61,182,1,0,255,2,0,1782503426.1434703,273
25.02417,25.013742,-0.3679655,0.62156916,1.1739197,1,1,0,-0.014709473,0.024841309,25.02417,61,182,1,0,255,2,0,1782503426.1434703,273
25.027342,25.01602,-0.41992503,0.62470216,0.8792114,1,1,0,-0.016784668,0.024963379,25.027344,61,182,1,0,255,2,0,1782503426.1434703,273
25.03125,25.024792,-0.2016201,0.5316297,0.71084595,1,1,0,-0.008056641,0.021240234,25.03125,26,183,0,0,255,2,0,1782503426.2429585,274
25.02905,25.022106,-0.25505593,0.531583,0.7680664,1,1,0,-0.010192871,0.021240234,25.029053,26,183,0,0,255,2,0,1782503426.2429585,274
25.017334,25.009119,-0.35873693,0.5313341,1.053833,1,1,0,-0.014343262,0.021240234,25.017334,26,183,0,0,255,2,0,1782503426.2429585,274
25.03003,25.024889,-0.40937918,0.29942438,0.7663269,1,1,0,-0.016357422,0.011962891,25.03003,28,183,0,0,255,2,0,1782503426.2429585,274
25.034424,25.029211,-0.20929454,0.466007,0.6034851,1,1,0,-0.008361816,0.018615723,25.034424,29,183,1,0,255,2,0,1782503426.2429585,274
25.035889,25.030188,-0.26124987,0.46603426,0.98498535,1,1,0,-0.010437012,0.018615723,25.035889,29,183,1,0,255,2,0,1782503426.2429585,274
25.026367,25.01856,-0.4184402,0.46432975,0.7220459,1,1,0,-0.016723633,0.018554688,25.026367,29,183,1,0,255,2,0,1782503426.2429585,274
25.028076,25.024052,-0.20008671,0.4017396,0.7698059,1,1,0,-0.0079956055,0.016052246,25.028076,60,183,0,0,255,2,0,1782503426.2429585,274
25.02124,25.015266,-0.35729802,0.41384563,0.82873535,1,1,0,-0.014282227,0.016540527,25.02124,60,183,0,0,255,2,0,1782503426.2429585,274
25.020264,25.01246,-0.15724595,0.6046789,0.84350586,1,1,0,-0.006286621,0.024169922,25.020264,61,183,1,0,255,2,0,1782503426.2429585,274
25.023926,25.01562,-0.21070783,0.6093481,0.7579956,1,1,0,-0.008422852,0.024353027,25.023926,61,183,1,0,255,2,0,1782503426.2429585,274
25.016846,25.007975,-0.26254454,0.61222863,0.75115967,1,1,0,-0.010498047,0.024475098,25.016846,61,183,1,0,255,2,0,1782503426.2429585,274
25.027102,25.020155,-0.25503606,0.5315415,0.7680664,1,1,0,-0.010192871,0.021240234,25.0271,26,184,0,0,255,2,0,1782503426.3434024,275
25.026125,25.017883,-0.36038995,0.5315208,1.0602112,1,1,0,-0.014404297,0.021240234,25.026123,26,184,0,0,255,2,0,1782503426.3434024,275
25.021729,25.019741,-0.094679646,0.30085215,1.1343689,1,1,0,-0.0037841797,0.012023926,25.021729,28,184,0,0,255,2,0,1782503426.3434024,275
25.025145,25.022068,-0.25200078,0.30089325,0.72299194,1,1,0,-0.010070801,0.012023926,25.025146,28,184,0,0,255,2,0,1782503426.3434024,275
25.013674,25.009123,-0.10379822,0.4656207,0.8229675,1,1,0,-0.0041503906,0.018615723,25.013672,29,184,1,0,255,2,0,1782503426.3434024,275
25.014648,25.006819,-0.41977057,0.46411234,0.68444824,1,1,0,-0.016784668,0.018554688,25.014648,29,184,1,0,255,2,0,1782503426.3434024,275
25.0271,25.023794,-0.09469499,0.39561456,0.72125244,1,1,0,-0.0037841797,0.015808105,25.0271,60,184,0,0,255,2,0,1782503426.3434024,275
25.032715,25.029085,-0.14665647,0.40028635,0.71343994,1,1,0,-0.005859375,0.015991211,25.032715,60,184,0,0,255,2,0,1782503426.3434024,275
25.031738,25.027689,-0.2001158,0.403326,0.72299194,1,1,0,-0.0079956055,0.016113281,25.031738,60,184,0,0,255,2,0,1782503426.3434024,275
25.027098,25.022507,-0.2520052,0.40783325,0.74380493,1,1,0,-0.010070801,0.016296387,25.0271,60,184,0,0,255,2,0,1782503426.3434024,275
25.026123,25.020905,-0.30391875,0.41087186,0.7749939,1,1,0,-0.012145996,0.016418457,25.026123,60,184,0,0,255,2,0,1782503426.3434024,275
25.032959,25.026957,-0.35746497,0.41556716,0.7879944,1,1,0,-0.014282227,0.016601562,25.032959,60,184,0,0,255,2,0,1782503426.3434024,275
25.028074,25.021227,-0.40931928,0.41854084,0.7698059,1,1,0,-0.016357422,0.016723633,25.028076,60,184,0,0,255,2,0,1782503426.3434024,275
25.021729,25.014278,-0.103819616,0.60166085,0.66659546,1,1,0,-0.0041503906,0.024047852,25.021729,61,184,1,0,255,2,0,1782503426.3434024,275
25.01953,25.011236,-0.20914423,0.6092411,0.6850891,1,1,0,-0.008361816,0.024353027,25.019531,61,184,1,0,255,2,0,1782503426.3434024,275
25.023926,25.014341,-0.31452796,0.6169825,0.6830139,1,1,0,-0.012573242,0.024658203,25.023926,61,184,1,0,255,2,0,1782503426.3434024,275
25.023193,25.012827,-0.36642504,0.62001806,1.0907898,1,1,0,-0.0146484375,0.024780273,25.023193,61,184,1,0,255,2,0,1782503426.3434024,275
25.020262,25.008968,-0.4182798,0.6245254,0.86608887,1,1,0,-0.016723633,0.024963379,25.020264,61,184,1,0,255,2,0,1782503426.3434024,275
25.020752,25.01432,-0.19848207,0.5314067,0.7836609,1,1,0,-0.00793457,0.021240234,25.020752,26,185,0,0,255,2,0,1782503426.4429636,276
25.034182,25.026688,-0.303989,0.5316919,0.98306274,1,1,0,-0.012145996,0.021240234,25.03418,26,185,0,0,255,2,0,1782503426.4429636,276
25.02124,25.013044,-0.35726628,0.5314171,0.8122864,1,1,0,-0.014282227,0.021240234,25.02124,26,185,0,0,255,2,0,1782503426.4429636,276
25.028074,25.026093,-0.09317619,0.30092847,0.646698,1,1,0,-0.0037231445,0.012023926,25.028076,28,185,0,0,255,2,0,1782503426.4429636,276
25.021973,25.018318,-0.30388734,0.3008551,0.8694153,1,1,0,-0.012145996,0.012023926,25.021973,28,185,0,0,255,2,0,1782503426.4429636,276
25.033934,25.029594,-0.35597464,0.30099893,0.6744385,1,1,0,-0.014221191,0.012023926,25.033936,28,185,0,0,255,2,0,1782503426.4429636,276
25.01831,25.013767,-0.10229076,0.46570703,0.63168335,1,1,0,-0.0040893555,0.018615723,25.01831,29,185,1,0,255,2,0,1782503426.4429636,276
25.01831,25.012613,-0.26106644,0.46570703,0.7107544,1,1,0,-0.010437012,0.018615723,25.01831,29,185,1,0,255,2,0,1782503426.4429636,276
25.028563,25.022268,-0.31310013,0.46589792,0.79086304,1,1,0,-0.012512207,0.018615723,25.028564,29,185,1,0,255,2,0,1782503426.4429636,276
25.02246,25.015463,-0.36493653,0.4657843,0.7357483,1,1,0,-0.014587402,0.018615723,25.02246,29,185,1,0,255,2,0,1782503426.4429636,276
25.025146,25.017622,-0.1038335,0.60479695,0.7107544,1,1,0,-0.0041503906,0.024169922,25.025146,61,185,1,0,255,2,0,1782503426.4429636,276
25.015867,25.007994,-0.15721785,0.60762554,0.83529663,1,1,0,-0.006286621,0.024291992,25.01587,61,185,1,0,255,2,0,1782503426.4429636,276
25.023924,25.015554,-0.20918036,0.6124019,0.6984253,1,1,0,-0.008361816,0.024475098,25.023926,61,185,1,0,255,2,0,1782503426.4429636,276
25.023924,25.014977,-0.26261806,0.6154556,0.77853394,1,1,0,-0.010498047,0.024597168,25.023926,61,185,1,0,255,2,0,1782503426.4429636,276
25.026367,25.016706,-0.31455767,0.62009674,0.67892456,1,1,0,-0.012573242,0.024780273,25.026367,61,185,1,0,255,2,0,1782503426.4429636,276
25.019287,25.008846,-0.3663667,0.62297446,0.85580444,1,1,0,-0.0146484375,0.024902344,25.019287,61,185,1,0,255,2,0,1782503426.4429636,276
25.025146,25.01375,-0.41988692,0.6277012,0.8586731,1,1,0,-0.016784668,0.02508545,25.025146,61,185,1,0,255,2,0,1782503426.4429636,276
25.030031,25.023928,-0.15120843,0.53160375,0.82180786,1,1,0,-0.0060424805,0.021240234,25.03003,26,186,0,0,255,2,0,1782503426.5434508,277
25.027102,25.020632,-0.20311382,0.5315415,0.7325134,1,1,0,-0.008117676,0.021240234,25.0271,26,186,0,0,255,2,0,1782503426.5434508,277
25.020994,25.014051,-0.25497383,0.5314119,0.8564148,1,1,0,-0.010192871,0.021240234,25.020996,26,186,0,0,255,2,0,1782503426.5434508,277
25.029053,25.021505,-0.3085083,0.531583,0.7550659,1,1,0,-0.012329102,0.021240234,25.029053,26,186,0,0,255,2,0,1782503426.5434508,277
25.025145,25.022036,-0.25505522,0.30089325,0.8105469,1,1,0,-0.010192871,0.012023926,25.025146,28,186,0,0,255,2,0,1782503426.5434508,277
25.031736,25.027172,-0.10692827,0.465957,0.9541931,1,1,0,-0.004272461,0.018615723,25.031738,29,186,1,0,255,2,0,1782503426.5434508,277
25.019531,25.012466,-0.3694737,0.46572977,0.7713623,1,1,0,-0.014770508,0.018615723,25.019531,29,186,1,0,255,2,0,1782503426.5434508,277
25.025143,25.017286,-0.42147365,0.4643071,0.7846985,1,1,0,-0.016845703,0.018554688,25.025146,29,186,1,0,255,2,0,1782503426.5434508,277
25.019775,25.01647,-0.09466727,0.3954988,0.8624878,1,1,0,-0.0037841797,0.015808105,25.019775,60,186,0,0,255,2,0,1782503426.5434508,277
25.0271,25.023064,-0.19855143,0.40325126,0.8998413,1,1,0,-0.00793457,0.016113281,25.0271,60,186,0,0,255,2,0,1782503426.5434508,277
25.020996,25.01643,-0.251944,0.40620682,1.096283,1,1,0,-0.010070801,0.016235352,25.020996,60,186,0,0,255,2,0,1782503426.5434508,277
25.03125,25.02603,-0.303981,0.41095603,0.72473145,1,1,0,-0.012145996,0.016418457,25.03125,60,186,0,0,255,2,0,1782503426.5434508,277
25.027098,25.021145,-0.35585448,0.41394255,0.94577026,1,1,0,-0.014221191,0.016540527,25.0271,60,186,0,0,255,2,0,1782503426.5434508,277
25.031006,25.024157,-0.4093672,0.41858983,0.7680664,1,1,0,-0.016357422,0.016723633,25.031006,60,186,0,0,255,2,0,1782503426.5434508,277
25.029541,25.02205,-0.10385188,0.6033759,0.86276245,1,1,0,-0.0041503906,0.024108887,25.029541,61,186,1,0,255,2,0,1782503426.5434508,277
25.02417,25.016302,-0.15574315,0.6078271,1.0446167,1,1,0,-0.006225586,0.024291992,25.02417,61,186,1,0,255,2,0,1782503426.5434508,277
25.026367,25.018034,-0.20920108,0.6109346,0.7127991,1,1,0,-0.008361816,0.024414062,25.026367,61,186,1,0,255,2,0,1782503426.5434508,277
25.027344,25.0169,-0.36648467,0.6231751,0.8586731,1,1,0,-0.0146484375,0.024902344,25.027344,61,186,1,0,255,2,0,1782503426.5434508,277
25.033447,25.02443,-0.41089943,0.53167635,0.70477295,1,1,0,-0.016418457,0.021240234,25.033447,26,187,0,0,255,2,0,1782503426.6431735,278
25.032715,25.030714,-0.09777672,0.30098426,0.8764343,1,1,0,-0.00390625,0.012023926,25.032715,28,187,0,0,255,2,0,1782503426.6431735,278
25.019777,25.017143,-0.20308551,0.30082867,1.1438904,1,1,0,-0.008117676,0.012023926,25.019775,28,187,0,0,255,2,0,1782503426.6431735,278
25.020508,25.016104,-0.36036432,0.3008375,0.8373718,1,1,0,-0.014404297,0.012023926,25.020508,28,187,0,0,255,2,0,1782503426.6431735,278
25.031006,25.025816,-0.4124501,0.29943606,0.6692505,1,1,0,-0.016479492,0.011962891,25.031006,28,187,0,0,255,2,0,1782503426.6431735,278
25.01831,25.013916,-0.0549623,0.46570703,0.638855,1,1,0,-0.0021972656,0.018615723,25.01831,29,187,1,0,255,2,0,1782503426.6431735,278
25.009033,25.003305,-0.26402175,0.46553436,0.8147583,1,1,0,-0.010559082,0.018615723,25.009033,29,187,1,0,255,2,0,1782503426.6431735,278
25.032717,25.029058,-0.15123942,0.40028635,0.83828735,1,1,0,-0.0060424805,0.015991211,25.032715,60,187,0,0,255,2,0,1782503426.6431735,278
25.032469,25.027855,-0.25664228,0.4063931,0.81399536,1,1,0,-0.010253906,0.016235352,25.03247,60,187,0,0,255,2,0,1782503426.6431735,278
25.028078,25.022802,-0.3085243,0.41090393,0.7342529,1,1,0,-0.012329102,0.016418457,25.028076,60,187,0,0,255,2,0,1782503426.6431735,278
25.020508,25.01449,-0.36034107,0.41383353,0.8520813,1,1,0,-0.014404297,0.016540527,25.020508,60,187,0,0,255,2,0,1782503426.6431735,278
25.023926,25.016344,-0.10840891,0.60629433,0.85250854,1,1,0,-0.004333496,0.024230957,25.023926,61,187,1,0,255,2,0,1782503426.6431735,278
25.019285,25.011353,-0.16029225,0.60923517,1.0004883,1,1,0,-0.0064086914,0.024353027,25.019287,61,187,1,0,255,2,0,1782503426.6431735,278
25.025146,25.016714,-0.21224406,0.6139587,0.7210388,1,1,0,-0.008483887,0.024536133,25.025146,61,187,1,0,255,2,0,1782503426.6431735,278
25.019533,25.010517,-0.2656246,0.61687416,0.6357727,1,1,0,-0.010620117,0.024658203,25.019531,61,187,1,0,255,2,0,1782503426.6431735,278
25.025145,25.015408,-0.31759548,0.6215934,0.84017944,1,1,0,-0.0126953125,0.024841309,25.025146,61,187,1,0,255,2,0,1782503426.6431735,278
25.035156,25.024603,-0.37118068,0.6248972,0.90179443,1,1,0,-0.014831543,0.024963379,25.035156,61,187,1,0,255,2,0,1782503426.6431735,278
25.029541,25.018051,-0.423014,0.6293386,0.7991028,1,1,0,-0.016906738,0.025146484,25.029541,61,187,1,0,255,2,0,1782503426.6431735,278
25.031984,25.024403,-0.30854404,0.53317267,0.70391846,1,1,0,-0.012329102,0.02130127,25.031982,26,188,0,0,255,2,0,1782503426.7433748,279
25.027102,25.018839,-0.36193103,0.5315415,0.82528687,1,1,0,-0.014465332,0.021240234,25.0271,26,188,0,0,255,2,0,1782503426.7433748,279
25.01465,25.012394,-0.14961204,0.30076703,0.8503418,1,1,0,-0.0059814453,0.012023926,25.014648,28,188,0,0,255,2,0,1782503426.7433748,279
25.032227,25.027061,-0.41094267,0.29945067,0.83828735,1,1,0,-0.016418457,0.011962891,25.032227,28,188,0,0,255,2,0,1782503426.7433748,279
25.02539,25.020826,-0.106901154,0.46583885,1.0507812,1,1,0,-0.004272461,0.018615723,25.02539,29,188,1,0,255,2,0,1782503426.7433748,279
25.013674,25.007944,-0.26407075,0.4656207,0.7337036,1,1,0,-0.010559082,0.018615723,25.013672,29,188,1,0,255,2,0,1782503426.7433748,279
25.01831,25.010454,-0.42135853,0.4641803,0.6152344,1,1,0,-0.016845703,0.018554688,25.01831,29,188,1,0,255,2,0,1782503426.7433748,279
25.029055,25.025747,-0.09470238,0.39564544,0.86169434,1,1,0,-0.0037841797,0.015808105,25.029053,60,188,0,0,255,2,0,1782503426.7433748,279
25.032715,25.029076,-0.14818414,0.40028635,0.99606323,1,1,0,-0.00592041,0.015991211,25.032715,60,188,0,0,255,2,0,1782503426.7433748,279
25.028078,25.024029,-0.20008653,0.403267,0.97698975,1,1,0,-0.0079956055,0.016113281,25.028076,60,188,0,0,255,2,0,1782503426.7433748,279
25.031738,25.02713,-0.25357944,0.40790886,0.6622925,1,1,0,-0.010131836,0.016296387,25.031738,60,188,0,0,255,2,0,1782503426.7433748,279
25.031248,25.02601,-0.30550846,0.41095603,0.83480835,1,1,0,-0.012207031,0.016418457,25.03125,60,188,0,0,255,2,0,1782503426.7433748,279
25.027102,25.0211,-0.3573813,0.41546988,0.644104,1,1,0,-0.014282227,0.016601562,25.0271,60,188,0,0,255,2,0,1782503426.7433748,279
25.0271,25.020227,-0.41083044,0.4185245,0.83306885,1,1,0,-0.016418457,0.016723633,25.0271,60,188,0,0,255,2,0,1782503426.7433748,279
25.01367,25.004765,-0.26251084,0.6136772,0.7562866,1,1,0,-0.010498047,0.024536133,25.013672,61,188,1,0,255,2,0,1782503426.7433748,279
25.019533,25.00995,-0.3144727,0.61687416,0.695343,1,1,0,-0.012573242,0.024658203,25.019531,61,188,1,0,255,2,0,1782503426.7433748,279
25.02124,25.015108,-0.15115513,0.53294384,0.8044739,1,1,0,-0.0060424805,0.02130127,25.02124,26,189,0,0,255,2,0,1782503426.8430245,280
25.032228,25.025724,-0.20315517,0.53317785,0.7715454,1,1,0,-0.008117676,0.02130127,25.032227,26,189,0,0,255,2,0,1782503426.8430245,280
25.01831,25.013754,-0.105344184,0.46570703,0.80319214,1,1,0,-0.004211426,0.018615723,25.01831,29,189,1,0,255,2,0,1782503426.8430245,280
25.027102,25.021889,-0.30545813,0.40936056,0.71432495,1,1,0,-0.012207031,0.016357422,25.0271,60,189,0,0,255,2,0,1782503426.8430245,280
25.03003,25.023182,-0.41087896,0.417046,0.70043945,1,1,0,-0.016418457,0.016662598,25.03003,60,189,0,0,255,2,0,1782503426.8430245,280
25.02295,25.015062,-0.15878914,0.6077975,0.68917847,1,1,0,-0.0063476562,0.024291992,25.02295,61,189,1,0,255,2,0,1782503426.8430245,280
25.026367,25.017456,-0.26264408,0.61398864,0.7816162,1,1,0,-0.010498047,0.024536133,25.026367,61,189,1,0,255,2,0,1782503426.8430245,280
25.032957,25.023314,-0.3161683,0.61873263,0.8340149,1,1,0,-0.012634277,0.024719238,25.032959,61,189,1,0,255,2,0,1782503426.8430245,280
25.025145,25.014717,-0.36797982,0.6215934,0.77545166,1,1,0,-0.014709473,0.024841309,25.025146,61,189,1,0,255,2,0,1782503426.8430245,280
25.032957,25.02157,-0.42154583,0.6263698,0.80526733,1,1,0,-0.016845703,0.025024414,25.032959,61,189,1,0,255,2,0,1782503426.8430245,280
25.026125,25.019178,-0.2550261,0.5315208,0.7914734,1,1,0,-0.010192871,0.021240234,25.026123,26,190,0,0,255,2,0,1782503426.9429772,281
25.0271,25.019571,-0.3069572,0.5315415,0.7637329,1,1,0,-0.012268066,0.021240234,25.0271,26,190,0,0,255,2,0,1782503426.9429772,281
25.02124,25.019003,-0.1465974,0.30084628,0.8546753,1,1,0,-0.005859375,0.012023926,25.02124,28,190,0,0,255,2,0,1782503426.9429772,281
25.022219,25.01962,-0.19852412,0.30085802,1.1101379,1,1,0,-0.00793457,0.012023926,25.022217,28,190,0,0,255,2,0,1782503426.9429772,281
25.026123,25.023045,-0.2520106,0.300905,0.7342529,1,1,0,-0.010070801,0.012023926,25.026123,28,190,0,0,255,2,0,1782503426.9429772,281
25.031006,25.025866,-0.40939516,0.29943606,0.70999146,1,1,0,-0.016357422,0.011962891,25.031006,28,190,0,0,255,2,0,1782503426.9429772,281
25.023926,25.019375,-0.10384077,0.46581158,0.7816162,1,1,0,-0.0041503906,0.018615723,25.023926,29,190,1,0,255,2,0,1782503426.9429772,281
25.029541,25.02472,-0.15579556,0.4659161,0.8565979,1,1,0,-0.006225586,0.018615723,25.029541,29,190,1,0,255,2,0,1782503426.9429772,281
25.01367,25.008463,-0.20912105,0.4656207,0.8599243,1,1,0,-0.008361816,0.018615723,25.013672,29,190,1,0,255,2,0,1782503426.9429772,281
25.023928,25.016935,-0.3664852,0.46428445,0.77545166,1,1,0,-0.0146484375,0.018554688,25.023926,29,190,1,0,255,2,0,1782503426.9429772,281
25.02954,25.021732,-0.41849327,0.46438864,0.7477417,1,1,0,-0.016723633,0.018554688,25.029541,29,190,1,0,255,2,0,1782503426.9429772,281
25.026123,25.022793,-0.094691195,0.39712638,0.87384033,1,1,0,-0.0037841797,0.01586914,25.026123,60,190,0,0,255,2,0,1782503426.9429772,281
25.0271,25.02346,-0.14815089,0.40019658,0.7680664,1,1,0,-0.00592041,0.015991211,25.0271,60,190,0,0,255,2,0,1782503426.9429772,281
25.025146,25.021072,-0.20006289,0.40474698,1.1338806,1,1,0,-0.0079956055,0.016174316,25.025146,60,190,0,0,255,2,0,1782503426.9429772,281
25.017334,25.012743,-0.25190687,0.4076741,1.1006165,1,1,0,-0.010070801,0.016296387,25.017334,60,190,0,0,255,2,0,1782503426.9429772,281
25.03003,25.024765,-0.30549327,0.41246352,1.0125427,1,1,0,-0.012207031,0.016479492,25.03003,60,190,0,0,255,2,0,1782503426.9429772,281
25.03003,25.02318,-0.40935123,0.4185735,0.9102478,1,1,0,-0.016357422,0.016723633,25.03003,60,190,0,0,255,2,0,1782503426.9429772,281
25.01123,25.00374,-0.10530201,0.6029345,0.76345825,1,1,0,-0.004211426,0.024108887,25.01123,61,190,1,0,255,2,0,1782503426.9429772,281
25.012451,25.004614,-0.1571966,0.60601634,0.7922058,1,1,0,-0.006286621,0.024230957,25.012451,61,190,1,0,255,2,0,1782503426.9429772,281
25.02246,25.012056,-0.36641374,0.6215267,0.9840698,1,1,0,-0.0146484375,0.024841309,25.02246,61,190,1,0,255,2,0,1782503426.9429772,281
25.032227,25.025768,-0.20162797,0.5316504,0.71084595,1,1,0,-0.008056641,0.021240234,25.032227,26,191,0,0,255,2,0,1782503427.0434682,282
25.032225,25.024696,-0.30702007,0.5316504,0.8894348,1,1,0,-0.012268066,0.021240234,25.032227,26,191,0,0,255,2,0,1782503427.0434682,282
25.033447,25.031452,-0.096251786,0.30099306,0.7767334,1,1,0,-0.0038452148,0.012023926,25.033447,28,191,0,0,255,2,0,1782503427.0434682,282
25.021484,25.016323,-0.41076633,0.29932216,0.7724304,1,1,0,-0.016418457,0.011962891,25.021484,28,191,0,0,255,2,0,1782503427.0434682,282
25.032225,25.028189,-0.20164748,0.4018062,0.7472534,1,1,0,-0.008056641,0.016052246,25.032227,60,191,0,0,255,2,0,1782503427.0434682,282
25.01831,25.013754,-0.25344393,0.4046364,0.88586426,1,1,0,-0.010131836,0.016174316,25.01831,60,191,0,0,255,2,0,1782503427.0434682,282
25.019287,25.013317,-0.35879716,0.41228652,0.9256897,1,1,0,-0.014343262,0.016479492,25.019287,60,191,0,0,255,2,0,1782503427.0434682,282
25.027098,25.020252,-0.41083086,0.4169972,0.6423645,1,1,0,-0.016418457,0.016662598,25.0271,60,191,0,0,255,2,0,1782503427.0434682,282
25.023926,25.016396,-0.10535531,0.60476744,0.7569885,1,1,0,-0.004211426,0.024169922,25.023926,61,191,1,0,255,2,0,1782503427.0434682,282
25.020752,25.012829,-0.15877496,0.6092709,0.7210388,1,1,0,-0.0063476562,0.024353027,25.020752,61,191,1,0,255,2,0,1782503427.0434682,282
25.016846,25.008467,-0.21064758,0.61222863,0.77474976,1,1,0,-0.008422852,0.024475098,25.016846,61,191,1,0,255,2,0,1782503427.0434682,282
25.03174,25.022057,-0.31615242,0.62022984,0.94802856,1,1,0,-0.012634277,0.024780273,25.031738,61,191,1,0,255,2,0,1782503427.0434682,282
25.031738,25.020311,-0.4215246,0.62786657,0.78985596,1,1,0,-0.016845703,0.02508545,25.031738,61,191,1,0,255,2,0,1782503427.0434682,282
25.02124,25.013714,-0.3068853,0.5314171,0.71343994,1,1,0,-0.012268066,0.021240234,25.02124,26,192,0,0,255,2,0,1782503427.1431754,283
25.032225,25.030243,-0.093191646,0.3009784,0.74380493,1,1,0,-0.0037231445,0.012023926,25.032227,28,192,0,0,255,2,0,1782503427.1431754,283
25.033201,25.030972,-0.14513971,0.30099013,0.95706177,1,1,0,-0.00579834,0.012023926,25.033203,28,192,0,0,255,2,0,1782503427.1431754,283
25.016113,25.011293,-0.15571196,0.46566615,0.68200684,1,1,0,-0.006225586,0.018615723,25.016113,29,192,1,0,255,2,0,1782503427.1431754,283
25.02295,25.017752,-0.20767166,0.4657934,0.87713623,1,1,0,-0.008300781,0.018615723,25.02295,29,192,1,0,255,2,0,1782503427.1431754,283
25.021484,25.015192,-0.31301156,0.46576613,0.88864136,1,1,0,-0.012512207,0.018615723,25.021484,29,192,1,0,255,2,0,1782503427.1431754,283
25.021729,25.01473,-0.36492586,0.46577066,0.7425842,1,1,0,-0.014587402,0.018615723,25.021729,29,192,1,0,255,2,0,1782503427.1431754,283
25.021729,25.013895,-0.41836217,0.46577066,0.69226074,1,1,0,-0.016723633,0.018615723,25.021729,29,192,1,0,255,2,0,1782503427.1431754,283
25.033447,25.03014,-0.094719,0.3957149,0.8009949,1,1,0,-0.0037841797,0.015808105,25.033447,60,192,0,0,255,2,0,1782503427.1431754,283
25.028076,25.024471,-0.14662944,0.39868477,0.7420654,1,1,0,-0.005859375,0.015930176,25.028076,60,192,0,0,255,2,0,1782503427.1431754,283
25.020752,25.013931,-0.40919992,0.41689143,0.8546753,1,1,0,-0.016357422,0.016662598,25.020752,60,192,0,0,255,2,0,1782503427.1431754,283
25.028563,25.021074,-0.103847824,0.60335237,0.78778076,1,1,0,-0.0041503906,0.024108887,25.028564,61,192,1,0,255,2,0,1782503427.1431754,283
25.02954,25.021698,-0.15730402,0.6064304,0.8730469,1,1,0,-0.006286621,0.024230957,25.029541,61,192,1,0,255,2,0,1782503427.1431754,283
25.028074,25.021643,-0.19854017,0.53156227,0.7568054,1,1,0,-0.00793457,0.021240234,25.028076,26,193,0,0,255,2,0,1782503427.2435803,284
25.0271,25.0202,-0.25045472,0.5315415,0.9232483,1,1,0,-0.010009766,0.021240234,25.0271,26,193,0,0,255,2,0,1782503427.2435803,284
25.03003,25.022556,-0.30241135,0.53160375,0.85562134,1,1,0,-0.012084961,0.021240234,25.03003,26,193,0,0,255,2,0,1782503427.2435803,284
25.029053,25.020876,-0.35585067,0.531583,0.7862549,1,1,0,-0.014221191,0.021240234,25.029053,26,193,0,0,255,2,0,1782503427.2435803,284
25.029053,25.020084,-0.40777308,0.531583,0.71084595,1,1,0,-0.016296387,0.021240234,25.029053,26,193,0,0,255,2,0,1782503427.2435803,284
25.016602,25.01222,-0.35878143,0.30079052,0.8650818,1,1,0,-0.014343262,0.012023926,25.016602,28,193,0,0,255,2,0,1782503427.2435803,284
25.019777,25.016447,-0.09466718,0.39702564,0.87545776,1,1,0,-0.0037841797,0.01586914,25.019775,60,193,0,0,255,2,0,1782503427.2435803,284
25.031006,25.027367,-0.14817402,0.40025902,0.7663269,1,1,0,-0.00592041,0.015991211,25.031006,60,193,0,0,255,2,0,1782503427.2435803,284
25.027098,25.023026,-0.2000785,0.40477857,0.71432495,1,1,0,-0.0079956055,0.016174316,25.0271,60,193,0,0,255,2,0,1782503427.2435803,284
25.031248,25.026655,-0.25204697,0.4079009,0.87384033,1,1,0,-0.010070801,0.016296387,25.03125,60,193,0,0,255,2,0,1782503427.2435803,284
25.021484,25.016224,-0.305389,0.4123227,0.7984009,1,1,0,-0.012207031,0.016479492,25.021484,60,193,0,0,255,2,0,1782503427.2435803,284
25.030031,25.024029,-0.35742316,0.41551852,0.7637329,1,1,0,-0.014282227,0.016601562,25.03003,60,193,0,0,255,2,0,1782503427.2435803,284
25.023928,25.01636,-0.10535516,0.60629433,0.6984253,1,1,0,-0.004211426,0.024230957,25.023926,61,193,1,0,255,2,0,1782503427.2435803,284
25.026365,25.01845,-0.15728359,0.6094076,0.70666504,1,1,0,-0.006286621,0.024353027,25.026367,61,193,1,0,255,2,0,1782503427.2435803,284
25.027342,25.018934,-0.20920861,0.6140126,0.6758423,1,1,0,-0.008361816,0.024536133,25.027344,61,193,1,0,255,2,0,1782503427.2435803,284
25.019531,25.010548,-0.26257154,0.61687416,0.70358276,1,1,0,-0.010498047,0.024658203,25.019531,61,193,1,0,255,2,0,1782503427.2435803,284
25.032957,25.023294,-0.31464052,0.62026006,0.885376,1,1,0,-0.012573242,0.024780273,25.032959,61,193,1,0,255,2,0,1782503427.2435803,284
25.023926,25.013445,-0.36643407,0.62461686,0.76623535,1,1,0,-0.0146484375,0.024963379,25.023926,61,193,1,0,255,2,0,1782503427.2435803,284
25.031984,25.026146,-0.097758874,0.53164524,0.7749939,1,1,0,-0.00390625,0.021240234,25.031982,26,194,0,0,255,2,0,1782503427.3432112,285
25.031252,25.025148,-0.1512158,0.5316297,0.7602539,1,1,0,-0.0060424805,0.021240234,25.03125,26,194,0,0,255,2,0,1782503427.3432112,285
25.02905,25.02707,-0.09317983,0.30094022,0.85562134,1,1,0,-0.0037231445,0.012023926,25.029053,28,194,0,0,255,2,0,1782503427.3432112,285
25.024168,25.020533,-0.30238688,0.3008815,0.7663269,1,1,0,-0.012084961,0.012023926,25.02417,28,194,0,0,255,2,0,1782503427.3432112,285
25.032225,25.027092,-0.4078873,0.3009784,0.81399536,1,1,0,-0.016296387,0.012023926,25.032227,28,194,0,0,255,2,0,1782503427.3432112,285
25.020264,25.01572,-0.102298744,0.4657434,0.9194336,1,1,0,-0.0040893555,0.018615723,25.020264,29,194,1,0,255,2,0,1782503427.3432112,285
25.013672,25.008476,-0.20759468,0.4656207,0.77371216,1,1,0,-0.008300781,0.018615723,25.013672,29,194,1,0,255,2,0,1782503427.3432112,285
25.02246,25.016779,-0.25958282,0.4657843,0.8250427,1,1,0,-0.010375977,0.018615723,25.02246,29,194,1,0,255,2,0,1782503427.3432112,285
25.019531,25.012535,-0.3648938,0.46572977,0.695343,1,1,0,-0.014587402,0.018615723,25.019531,29,194,1,0,255,2,0,1782503427.3432112,285
25.029055,25.025723,-0.09470228,0.39717287,0.86343384,1,1,0,-0.0037841797,0.01586914,25.029053,60,194,0,0,255,2,0,1782503427.3432112,285
25.01831,25.010435,-0.1572332,0.6076848,0.67276,1,1,0,-0.006286621,0.024291992,25.01831,61,194,1,0,255,2,0,1782503427.3432112,285
25.018309,25.009363,-0.26255912,0.6153175,0.7241211,1,1,0,-0.010498047,0.024597168,25.01831,61,194,1,0,255,2,0,1782503427.3432112,285
25.021729,25.011286,-0.36640245,0.62303525,0.8340149,1,1,0,-0.0146484375,0.024902344,25.021729,61,194,1,0,255,2,0,1782503427.3432112,285
25.033447,25.025227,-0.358968,0.53167635,0.7862549,1,1,0,-0.014343262,0.021240234,25.033447,26,195,0,0,255,2,0,1782503427.4433198,286
25.018309,25.013746,-0.106870905,0.46570703,0.7456665,1,1,0,-0.004272461,0.018615723,25.01831,29,195,1,0,255,2,0,1782503427.4433198,286
25.016846,25.009832,-0.36790797,0.4641531,0.83325195,1,1,0,-0.014709473,0.018554688,25.016846,29,195,1,0,255,2,0,1782503427.4433198,286
25.023926,25.016068,-0.42145312,0.46428445,0.82373047,1,1,0,-0.016845703,0.018554688,25.023926,29,195,1,0,255,2,0,1782503427.4433198,286
25.031982,25.02867,-0.09624109,0.39569175,0.8122864,1,1,0,-0.0038452148,0.015808105,25.031982,60,195,0,0,255,2,0,1782503427.4433198,286
25.032227,25.028177,-0.2001197,0.40333387,0.86169434,1,1,0,-0.0079956055,0.016113281,25.032227,60,195,0,0,255,2,0,1782503427.4433198,286
25.027098,25.022491,-0.25353244,0.40783325,0.8105469,1,1,0,-0.010131836,0.016296387,25.0271,60,195,0,0,255,2,0,1782503427.4433198,286
25.0271,25.021076,-0.35890847,0.41546988,0.69177246,1,1,0,-0.014343262,0.016601562,25.0271,60,195,0,0,255,2,0,1782503427.4433198,286
25.025145,25.017267,-0.15727615,0.60785085,0.85250854,1,1,0,-0.006286621,0.024291992,25.025146,61,195,1,0,255,2,0,1782503427.4433198,286
25.025145,25.016764,-0.21071747,0.61243176,0.7097168,1,1,0,-0.008422852,0.024475098,25.025146,61,195,1,0,255,2,0,1782503427.4433198,286
25.022951,25.014002,-0.2626078,0.6154316,0.7846985,1,1,0,-0.010498047,0.024597168,25.02295,61,195,1,0,255,2,0,1782503427.4433198,286
25.026367,25.016687,-0.3160846,0.62009674,0.7210388,1,1,0,-0.012634277,0.024780273,25.026367,61,195,1,0,255,2,0,1782503427.4433198,286
25.025146,25.01468,-0.3679793,0.62312037,0.7477417,1,1,0,-0.014709473,0.024902344,25.025146,61,195,1,0,255,2,0,1782503427.4433198,286
25.028563,25.017164,-0.41994426,0.62778693,0.87713623,1,1,0,-0.016784668,0.02508545,25.028564,61,195,1,0,255,2,0,1782503427.4433198,286
25.032717,25.026878,-0.097761735,0.5316608,0.69784546,1,1,0,-0.00390625,0.021240234,25.032715,26,196,0,0,255,2,0,1782503427.5432215,287
25.023193,25.017101,-0.1496402,0.53145856,0.81747437,1,1,0,-0.0059814453,0.021240234,25.023193,26,196,0,0,255,2,0,1782503427.5432215,287
25.027102,25.020643,-0.2015867,0.5315415,0.69784546,1,1,0,-0.008056641,0.021240234,25.0271,26,196,0,0,255,2,0,1782503427.5432215,287
25.028074,25.02113,-0.25504598,0.53156227,0.7619934,1,1,0,-0.010192871,0.021240234,25.028076,26,196,0,0,255,2,0,1782503427.5432215,287
25.033201,25.025673,-0.30703205,0.53167117,0.7862549,1,1,0,-0.012268066,0.021240234,25.033203,26,196,0,0,255,2,0,1782503427.5432215,287
25.031494,25.029493,-0.09777195,0.30096957,0.7602539,1,1,0,-0.00390625,0.012023926,25.031494,28,196,0,0,255,2,0,1782503427.5432215,287
25.01074,25.007051,-0.30680358,0.30072007,1.1023254,1,1,0,-0.012268066,0.012023926,25.010742,28,196,0,0,255,2,0,1782503427.5432215,287
25.031492,25.027086,-0.36052254,0.30096957,0.7715454,1,1,0,-0.014404297,0.012023926,25.031494,28,196,0,0,255,2,0,1782503427.5432215,287
25.017334,25.01294,-0.054960154,0.46568885,0.6398926,1,1,0,-0.0021972656,0.018615723,25.017334,29,196,1,0,255,2,0,1782503427.5432215,287
25.021729,25.015999,-0.26415578,0.46577066,0.7251282,1,1,0,-0.010559082,0.018615723,25.021729,29,196,1,0,255,2,0,1782503427.5432215,287
25.018066,25.011744,-0.31754896,0.46417576,0.8188782,1,1,0,-0.0126953125,0.018554688,25.018066,29,196,1,0,255,2,0,1782503427.5432215,287
25.027344,25.020306,-0.36958948,0.46434787,0.72821045,1,1,0,-0.014770508,0.018554688,25.027344,29,196,1,0,255,2,0,1782503427.5432215,287
25.032473,25.029123,-0.099298194,0.3972271,0.72125244,1,1,0,-0.003967285,0.01586914,25.03247,60,196,0,0,255,2,0,1782503427.5432215,287
25.031252,25.027569,-0.15123042,0.40179053,0.6224365,1,1,0,-0.0060424805,0.016052246,25.03125,60,196,0,0,255,2,0,1782503427.5432215,287
25.031004,25.026894,-0.20469229,0.40484175,0.7637329,1,1,0,-0.008178711,0.016174316,25.031006,60,196,0,0,255,2,0,1782503427.5432215,287
25.033934,25.02927,-0.2566568,0.40947238,0.8807678,1,1,0,-0.010253906,0.016357422,25.033936,60,196,0,0,255,2,0,1782503427.5432215,287
25.028076,25.022776,-0.30852398,0.41243133,0.7325134,1,1,0,-0.012329102,0.016479492,25.028076,60,196,0,0,255,2,0,1782503427.5432215,287
25.031248,25.025156,-0.36202243,0.41706634,0.8764343,1,1,0,-0.014465332,0.016662598,25.03125,60,196,0,0,255,2,0,1782503427.5432215,287
25.031252,25.024302,-0.4139529,0.4201215,0.72906494,1,1,0,-0.016540527,0.016784668,25.03125,60,196,0,0,255,2,0,1782503427.5432215,287
25.027342,25.020079,-0.056502964,0.6002687,0.7189636,1,1,0,-0.0022583008,0.023986816,25.027344,61,196,1,0,255,2,0,1782503427.5432215,287
25.025146,25.017637,-0.10841452,0.60327,0.695343,1,1,0,-0.004333496,0.024108887,25.025146,61,196,1,0,255,2,0,1782503427.5432215,287
25.025146,25.01724,-0.16185695,0.60785085,0.7210388,1,1,0,-0.0064697266,0.024291992,25.025146,61,196,1,0,255,2,0,1782503427.5432215,287
25.026367,25.017996,-0.21378201,0.6109346,0.78985596,1,1,0,-0.008544922,0.024414062,25.026367,61,196,1,0,255,2,0,1782503427.5432215,287
25.032959,25.023975,-0.26576754,0.6156778,0.92645264,1,1,0,-0.010620117,0.024597168,25.032959,61,196,1,0,255,2,0,1782503427.5432215,287
25.029541,25.01986,-0.31917933,0.6186482,0.78778076,1,1,0,-0.012756348,0.024719238,25.029541,61,196,1,0,255,2,0,1782503427.5432215,287
25.030762,25.019323,-0.42456293,0.62631476,0.8956299,1,1,0,-0.016967773,0.025024414,25.030762,61,196,1,0,255,2,0,1782503427.5432215,287
25.027102,25.019592,-0.30543008,0.5315415,0.83828735,1,1,0,-0.012207031,0.021240234,25.0271,26,197,0,0,255,2,0,1782503427.6434443,288
25.034182,25.025982,-0.35745105,0.5316919,0.96310425,1,1,0,-0.014282227,0.021240234,25.03418,26,197,0,0,255,2,0,1782503427.6434443,288
25.03125,25.02606,-0.41245413,0.29943898,0.7992859,1,1,0,-0.016479492,0.011962891,25.03125,28,197,0,0,255,2,0,1782503427.6434443,288
25.032959,25.026653,-0.3162105,0.46445206,0.9202881,1,1,0,-0.012634277,0.018554688,25.032959,29,197,1,0,255,2,0,1782503427.6434443,288
25.013674,25.00664,-0.3693876,0.46409422,0.80041504,1,1,0,-0.014770508,0.018554688,25.013672,29,197,1,0,255,2,0,1782503427.6434443,288
25.020264,25.012407,-0.42139143,0.46421653,0.72036743,1,1,0,-0.016845703,0.018554688,25.020264,29,197,1,0,255,2,0,1782503427.6434443,288
25.031492,25.027443,-0.20316914,0.40179446,1.0108032,1,1,0,-0.008117676,0.016052246,25.031494,60,197,0,0,255,2,0,1782503427.6434443,288
25.033445,25.026573,-0.4124626,0.41710296,0.86776733,1,1,0,-0.016479492,0.016662598,25.033447,60,197,0,0,255,2,0,1782503427.6434443,288
25.026367,25.01883,-0.10689262,0.60482645,0.71383667,1,1,0,-0.004272461,0.024169922,25.026367,61,197,1,0,255,2,0,1782503427.6434443,288
25.01587,25.007936,-0.16027035,0.60915196,0.68444824,1,1,0,-0.0064086914,0.024353027,25.01587,61,197,1,0,255,2,0,1782503427.6434443,288
25.026367,25.017971,-0.21225473,0.6124616,0.7631531,1,1,0,-0.008483887,0.024475098,25.026367,61,197,1,0,255,2,0,1782503427.6434443,288
25.017336,25.008335,-0.26407486,0.61682,0.6460571,1,1,0,-0.010559082,0.024658203,25.017334,61,197,1,0,255,2,0,1782503427.6434443,288
25.027342,25.017643,-0.31762385,0.62012094,0.7312927,1,1,0,-0.0126953125,0.024780273,25.027344,61,197,1,0,255,2,0,1782503427.6434443,288
25.030762,25.020233,-0.3695884,0.6247875,0.88946533,1,1,0,-0.014770508,0.024963379,25.030762,61,197,1,0,255,2,0,1782503427.6434443,288
25.025145,25.013697,-0.42294034,0.6277012,0.7456665,1,1,0,-0.016906738,0.02508545,25.025146,61,197,1,0,255,2,0,1782503427.6434443,288
25.028076,25.02224,-0.097743616,0.53156227,0.650177,1,1,0,-0.00390625,0.021240234,25.028076,26,198,0,0,255,2,0,1782503427.7430286,289
25.032959,25.026865,-0.14969862,0.531666,0.70043945,1,1,0,-0.0059814453,0.021240234,25.032959,26,198,0,0,255,2,0,1782503427.7430286,289
25.031252,25.02478,-0.2031475,0.5316297,0.638031,1,1,0,-0.008117676,0.021240234,25.03125,26,198,0,0,255,2,0,1782503427.7430286,289
25.033934,25.031952,-0.09319801,0.30099893,0.85562134,1,1,0,-0.0037231445,0.012023926,25.033936,28,198,0,0,255,2,0,1782503427.7430286,289
25.02173,25.0195,-0.14507319,0.30085215,0.80184937,1,1,0,-0.00579834,0.012023926,25.021729,28,198,0,0,255,2,0,1782503427.7430286,289
25.020264,25.015444,-0.1557378,0.4657434,0.861969,1,1,0,-0.006225586,0.018615723,25.020264,29,198,1,0,255,2,0,1782503427.7430286,289
25.012451,25.006756,-0.26100528,0.46559796,0.7152405,1,1,0,-0.010437012,0.018615723,25.012451,29,198,1,0,255,2,0,1782503427.7430286,289
25.026365,25.019396,-0.3649939,0.46432975,0.75390625,1,1,0,-0.014587402,0.018554688,25.026367,29,198,1,0,255,2,0,1782503427.7430286,289
25.031738,25.02393,-0.41853002,0.4644294,0.7970276,1,1,0,-0.016723633,0.018554688,25.031738,29,198,1,0,255,2,0,1782503427.7430286,289
25.032225,25.028925,-0.093186736,0.39569563,0.85562134,1,1,0,-0.0037231445,0.015808105,25.032227,60,198,0,0,255,2,0,1782503427.7430286,289
25.02124,25.017612,-0.14658925,0.40010288,1.09021,1,1,0,-0.005859375,0.015991211,25.02124,60,198,0,0,255,2,0,1782503427.7430286,289
25.032225,25.028189,-0.1985921,0.40333387,0.83828735,1,1,0,-0.00793457,0.016113281,25.032227,60,198,0,0,255,2,0,1782503427.7430286,289
25.03198,25.027388,-0.25205436,0.40791282,0.73773193,1,1,0,-0.010070801,0.016296387,25.031982,60,198,0,0,255,2,0,1782503427.7430286,289
25.031006,25.025785,-0.30397803,0.41095203,0.7845459,1,1,0,-0.012145996,0.016418457,25.031006,60,198,0,0,255,2,0,1782503427.7430286,289
25.033936,25.027954,-0.3559513,0.41558337,0.82006836,1,1,0,-0.014221191,0.016601562,25.033936,60,198,0,0,255,2,0,1782503427.7430286,289
25.035889,25.028017,-0.15581608,0.6081118,0.9788208,1,1,0,-0.006225586,0.024291992,25.035889,61,198,1,0,255,2,0,1782503427.7430286,289
25.028564,25.020193,-0.20921913,0.6125154,0.9038696,1,1,0,-0.008361816,0.024475098,25.028564,61,198,1,0,255,2,0,1782503427.7430286,289
25.028564,25.01892,-0.31305826,0.62015116,0.8340149,1,1,0,-0.012512207,0.024780273,25.028564,61,198,1,0,255,2,0,1782503427.7430286,289
25.029541,25.019096,-0.36651686,0.6232298,0.868927,1,1,0,-0.0146484375,0.024902344,25.029541,61,198,1,0,255,2,0,1782503427.7430286,289
25.032227,25.026133,-0.14969423,0.5316504,0.7828064,1,1,0,-0.0059814453,0.021240234,25.032227,26,199,0,0,255,2,0,1782503427.8431113,290
25.032959,25.030958,-0.09777767,0.30098718,0.7698059,1,1,0,-0.00390625,0.012023926,25.032959,28,199,0,0,255,2,0,1782503427.8431113,290
25.031738,25.029472,-0.15124193,0.30097252,0.83480835,1,1,0,-0.0060424805,0.012023926,25.031738,28,199,0,0,255,2,0,1782503427.8431113,290
25.031982,25.02827,-0.30859172,0.30097544,0.7732544,1,1,0,-0.012329102,0.012023926,25.031982,28,199,0,0,255,2,0,1782503427.8431113,290
25.027098,25.021866,-0.4139126,0.30091673,0.82354736,1,1,0,-0.016540527,0.012023926,25.0271,28,199,0,0,255,2,0,1782503427.8431113,290
25.03076,25.026188,-0.108451575,0.4659388,0.8935852,1,1,0,-0.004333496,0.018615723,25.030762,29,199,1,0,255,2,0,1782503427.8431113,290
25.017332,25.012484,-0.1602995,0.46568885,0.6275635,1,1,0,-0.0064086914,0.018615723,25.017334,29,199,1,0,255,2,0,1782503427.8431113,290
25.019531,25.014296,-0.21222354,0.46572977,0.75390625,1,1,0,-0.008483887,0.018615723,25.019531,29,199,1,0,255,2,0,1782503427.8431113,290
25.015867,25.009546,-0.31752107,0.464135,0.83117676,1,1,0,-0.0126953125,0.018554688,25.01587,29,199,1,0,255,2,0,1782503427.8431113,290
25.022951,25.015892,-0.37105146,0.46426633,0.68096924,1,1,0,-0.014831543,0.018554688,25.02295,29,199,1,0,255,2,0,1782503427.8431113,290
25.025146,25.017262,-0.42300063,0.4643071,0.7477417,1,1,0,-0.016906738,0.018554688,25.025146,29,199,1,0,255,2,0,1782503427.8431113,290
25.032228,25.02889,-0.096241936,0.39722323,0.84869385,1,1,0,-0.0038452148,0.01586914,25.032227,60,199,0,0,255,2,0,1782503427.8431113,290
25.03003,25.025942,-0.20162937,0.40482596,0.71258545,1,1,0,-0.008056641,0.016174316,25.03003,60,199,0,0,255,2,0,1782503427.8431113,290
25.03125,25.026642,-0.2535745,0.4079009,0.71951294,1,1,0,-0.010131836,0.016296387,25.03125,60,199,0,0,255,2,0,1782503427.8431113,290
25.03125,25.025986,-0.30550817,0.41248363,0.7637329,1,1,0,-0.012207031,0.016479492,25.03125,60,199,0,0,255,2,0,1782503427.8431113,290
25.027102,25.020203,-0.41083002,0.42005184,0.82528687,1,1,0,-0.016418457,0.016784668,25.0271,60,199,0,0,255,2,0,1782503427.8431113,290
25.028564,25.02064,-0.15882455,0.60946107,0.8977051,1,1,0,-0.0063476562,0.024353027,25.028564,61,199,1,0,255,2,0,1782503427.8431113,290
25.023926,25.014246,-0.31605375,0.62003624,0.7600708,1,1,0,-0.012634277,0.024780273,25.023926,61,199,1,0,255,2,0,1782503427.8431113,290
25.027102,25.021276,-0.09468546,0.5315415,0.620697,1,1,0,-0.0037841797,0.021240234,25.0271,26,200,0,0,255,2,0,1782503427.9433384,291
25.031252,25.025166,-0.14816098,0.5316297,0.7767334,1,1,0,-0.00592041,0.021240234,25.03125,26,200,0,0,255,2,0,1782503427.9433384,291
25.020264,25.018007,-0.14964563,0.30083454,0.8607483,1,1,0,-0.0059814453,0.012023926,25.020264,28,200,0,0,255,2,0,1782503427.9433384,291
25.020264,25.017155,-0.25500548,0.30083454,0.72125244,1,1,0,-0.010192871,0.012023926,25.020264,28,200,0,0,255,2,0,1782503427.9433384,291
25.01587,25.011475,-0.054956935,0.4656616,0.78704834,1,1,0,-0.0021972656,0.018615723,25.01587,29,200,1,0,255,2,0,1782503427.9433384,291
25.01831,25.01258,-0.2641197,0.46570703,0.65734863,1,1,0,-0.010559082,0.018615723,25.01831,29,200,1,0,255,2,0,1782503427.9433384,291
25.031006,25.027681,-0.0931821,0.39720386,1.0879517,1,1,0,-0.0037231445,0.01586914,25.031006,60,200,0,0,255,2,0,1782503427.9433384,291
25.019775,25.016148,-0.14658067,0.40007946,0.96377563,1,1,0,-0.005859375,0.015991211,25.019775,60,200,0,0,255,2,0,1782503427.9433384,291
25.027098,25.02252,-0.25047794,0.40783325,0.83306885,1,1,0,-0.010009766,0.016296387,25.0271,60,200,0,0,255,2,0,1782503427.9433384,291
25.03003,25.024809,-0.30396616,0.410936,0.7767334,1,1,0,-0.012145996,0.016418457,25.03003,60,200,0,0,255,2,0,1782503427.9433384,291
25.031982,25.026001,-0.35592353,0.41555095,0.83480835,1,1,0,-0.014221191,0.016601562,25.031982,60,200,0,0,255,2,0,1782503427.9433384,291
25.02905,25.022203,-0.40933526,0.41855717,0.6839905,1,1,0,-0.016357422,0.016723633,25.029053,60,200,0,0,255,2,0,1782503427.9433384,291
25.023926,25.016476,-0.103828736,0.60171366,0.7970276,1,1,0,-0.0041503906,0.024047852,25.023926,61,200,1,0,255,2,0,1782503427.9433384,291
25.028564,25.02028,-0.20769265,0.60946107,0.7713623,1,1,0,-0.008300781,0.024353027,25.028564,61,200,1,0,255,2,0,1782503427.9433384,291
25.02295,25.012545,-0.3664209,0.6215389,0.8915405,1,1,0,-0.0146484375,0.024841309,25.02295,61,200,1,0,255,2,0,1782503427.9433384,291
25.01953,25.008236,-0.41826755,0.6245072,0.6860962,1,1,0,-0.016723633,0.024963379,25.019531,61,200,1,0,255,2,0,1782503427.9433384,291
25.026125,25.01921,-0.251972,0.5315208,0.71865845,1,1,0,-0.010070801,0.021240234,25.026123,26,201,0,0,255,2,0,1782503428.043308,292
25.031982,25.023806,-0.35589233,0.53164524,0.7637329,1,1,0,-0.014221191,0.021240234,25.031982,26,201,0,0,255,2,0,1782503428.043308,292
25.015867,25.008013,-0.42131743,0.464135,0.7809143,1,1,0,-0.016845703,0.018554688,25.01587,29,201,1,0,255,2,0,1782503428.043308,292
25.020996,25.01769,-0.09467189,0.3955181,0.8373718,1,1,0,-0.0037841797,0.015808105,25.020996,60,201,0,0,255,2,0,1782503428.043308,292
25.03125,25.02761,-0.14817546,0.40026292,0.7533264,1,1,0,-0.00592041,0.015991211,25.03125,60,201,0,0,255,2,0,1782503428.043308,292
25.022705,25.018658,-0.20004359,0.40318045,1.0884705,1,1,0,-0.0079956055,0.016113281,25.022705,60,201,0,0,255,2,0,1782503428.043308,292
25.021484,25.016893,-0.25194865,0.40774176,1.2330933,1,1,0,-0.010070801,0.016296387,25.021484,60,201,0,0,255,2,0,1782503428.043308,292
25.021729,25.012781,-0.262595,0.61540157,0.72720337,1,1,0,-0.010498047,0.024597168,25.021729,61,201,1,0,255,2,0,1782503428.043308,292
25.025146,25.015486,-0.31454232,0.62006646,0.80114746,1,1,0,-0.012573242,0.024780273,25.025146,61,201,1,0,255,2,0,1782503428.043308,292
25.013674,25.003212,-0.36781058,0.6228347,0.77783203,1,1,0,-0.014709473,0.024902344,25.013672,61,201,1,0,255,2,0,1782503428.043308,292
25.02295,25.011553,-0.41985002,0.6276461,0.6974182,1,1,0,-0.016784668,0.02508545,25.02295,61,201,1,0,255,2,0,1782503428.043308,292
25.032715,25.02664,-0.14664215,0.5316608,0.7897339,1,1,0,-0.005859375,0.021240234,25.032715,26,202,0,0,255,2,0,1782503428.1436281,293
25.026125,25.019691,-0.19852468,0.5315208,0.7680664,1,1,0,-0.00793457,0.021240234,25.026123,26,202,0,0,255,2,0,1782503428.1436281,293
25.030031,25.023115,-0.25201133,0.53160375,0.7940674,1,1,0,-0.010070801,0.021240234,25.03003,26,202,0,0,255,2,0,1782503428.1436281,293
25.03003,25.022537,-0.3039386,0.53160375,0.73599243,1,1,0,-0.012145996,0.021240234,25.03003,26,202,0,0,255,2,0,1782503428.1436281,293
25.033937,25.025738,-0.35744756,0.5316867,0.9232483,1,1,0,-0.014282227,0.021240234,25.033936,26,202,0,0,255,2,0,1782503428.1436281,293
25.031738,25.029743,-0.096245214,0.30097252,0.74380493,1,1,0,-0.0038452148,0.012023926,25.031738,28,202,0,0,255,2,0,1782503428.1436281,293
25.032959,25.03035,-0.20013706,0.30098718,0.7879944,1,1,0,-0.0079956055,0.012023926,25.032959,28,202,0,0,255,2,0,1782503428.1436281,293
25.032715,25.028349,-0.35901278,0.2994565,0.7897339,1,1,0,-0.014343262,0.011962891,25.032715,28,202,0,0,255,2,0,1782503428.1436281,293
25.022951,25.018393,-0.10536372,0.4657934,0.76416016,1,1,0,-0.004211426,0.018615723,25.02295,29,202,1,0,255,2,0,1782503428.1436281,293
25.025145,25.01884,-0.3161118,0.4643071,0.8319702,1,1,0,-0.012634277,0.018554688,25.025146,29,202,1,0,255,2,0,1782503428.1436281,293
25.019285,25.012274,-0.36794388,0.4641984,0.96972656,1,1,0,-0.014709473,0.018554688,25.019287,29,202,1,0,255,2,0,1782503428.1436281,293
25.032227,25.028877,-0.09318656,0.3987509,0.84262085,1,1,0,-0.0037231445,0.015930176,25.032227,60,202,0,0,255,2,0,1782503428.1436281,293
25.03247,25.028816,-0.14665489,0.40181014,0.46118164,1,1,0,-0.005859375,0.016052246,25.03247,60,202,0,0,255,2,0,1782503428.1436281,293
25.03003,25.025944,-0.19857429,0.40635347,0.7585144,1,1,0,-0.00793457,0.016235352,25.03003,60,202,0,0,255,2,0,1782503428.1436281,293
25.017334,25.012735,-0.25037998,0.40920082,0.8581543,1,1,0,-0.010009766,0.016357422,25.017334,60,202,0,0,255,2,0,1782503428.1436281,293
25.032715,25.027445,-0.3039982,0.4140354,0.6779175,1,1,0,-0.012145996,0.016540527,25.032715,60,202,0,0,255,2,0,1782503428.1436281,293
25.028074,25.02207,-0.35586762,0.41701347,0.81399536,1,1,0,-0.014221191,0.016662598,25.028076,60,202,0,0,255,2,0,1782503428.1436281,293
25.028078,25.021204,-0.40779132,0.42159557,0.71691895,1,1,0,-0.016296387,0.016845703,25.028076,60,202,0,0,255,2,0,1782503428.1436281,293
25.03296,25.025433,-0.103865914,0.6049858,0.80526733,1,1,0,-0.0041503906,0.024169922,25.032959,61,202,1,0,255,2,0,1782503428.1436281,293
25.029541,25.021671,-0.15577658,0.6079576,0.750824,1,1,0,-0.006225586,0.024291992,25.029541,61,202,1,0,255,2,0,1782503428.1436281,293
25.02295,25.013348,-0.3129885,0.6184852,0.67071533,1,1,0,-0.012512207,0.024719238,25.02295,61,202,1,0,255,2,0,1782503428.1436281,293
25.026367,25.015945,-0.36494356,0.62315077,0.8483887,1,1,0,-0.014587402,0.024902344,25.026367,61,202,1,0,255,2,0,1782503428.1436281,293
25.03003,25.023571,-0.20161027,0.53160375,0.7533264,1,1,0,-0.008056641,0.021240234,25.03003,26,203,0,0,255,2,0,1782503428.2435246,294
25.03003,25.023083,-0.2550659,0.53160375,0.8825073,1,1,0,-0.010192871,0.021240234,25.03003,26,203,0,0,255,2,0,1782503428.2435246,294
25.028076,25.025837,-0.14663744,0.30092847,0.68136597,1,1,0,-0.005859375,0.012023926,25.028076,28,203,0,0,255,2,0,1782503428.2435246,294
25.031248,25.02611,-0.40939915,0.29943898,1.0324707,1,1,0,-0.016357422,0.011962891,25.03125,28,203,0,0,255,2,0,1782503428.2435246,294
25.011229,25.004242,-0.36629927,0.46404892,0.7901306,1,1,0,-0.0146484375,0.018554688,25.01123,29,203,1,0,255,2,0,1782503428.2435246,294
25.027342,25.019535,-0.41845652,0.46434787,0.8565979,1,1,0,-0.016723633,0.018554688,25.027344,29,203,1,0,255,2,0,1782503428.2435246,294
25.020508,25.017147,-0.09619678,0.39856422,0.9369507,1,1,0,-0.0038452148,0.015930176,25.020508,60,203,0,0,255,2,0,1782503428.2435246,294
25.02417,25.020473,-0.14966038,0.40320405,0.84002686,1,1,0,-0.0059814453,0.016113281,25.02417,60,203,0,0,255,2,0,1782503428.2435246,294
25.016602,25.012493,-0.20152102,0.40613547,0.8417053,1,1,0,-0.008056641,0.016235352,25.016602,60,203,0,0,255,2,0,1782503428.2435246,294
25.0271,25.022427,-0.2550592,0.4108879,0.6926575,1,1,0,-0.010192871,0.016418457,25.0271,60,203,0,0,255,2,0,1782503428.2435246,294
25.03125,25.025942,-0.30703536,0.41401118,0.82702637,1,1,0,-0.012268066,0.016540527,25.03125,60,203,0,0,255,2,0,1782503428.2435246,294
25.026123,25.020075,-0.3588941,0.41698092,0.47158813,1,1,0,-0.014343262,0.016662598,25.026123,60,203,0,0,255,2,0,1782503428.2435246,294
25.028078,25.02113,-0.41237286,0.42159557,0.8703613,1,1,0,-0.016479492,0.016845703,25.028076,60,203,0,0,255,2,0,1782503428.2435246,294
25.027344,25.019457,-0.15881704,0.60790426,0.8730469,1,1,0,-0.0063476562,0.024291992,25.027344,61,203,1,0,255,2,0,1782503428.2435246,294
25.027344,25.01838,-0.26418093,0.61553967,0.78985596,1,1,0,-0.010559082,0.024597168,25.027344,61,203,1,0,255,2,0,1782503428.2435246,294
25.02905,25.023178,-0.099274606,0.53311026,0.60336304,1,1,0,-0.003967285,0.02130127,25.029053,26,204,0,0,255,2,0,1782503428.3436239,295
25.031982,25.0255,-0.20468089,0.53164524,0.71432495,1,1,0,-0.008178711,0.021240234,25.031982,26,204,0,0,255,2,0,1782503428.3436239,295
25.022703,25.015745,-0.2565181,0.5314482,1.0218201,1,1,0,-0.010253906,0.021240234,25.022705,26,204,0,0,255,2,0,1782503428.3436239,295
25.031008,25.023458,-0.3085324,0.5316245,0.652771,1,1,0,-0.012329102,0.021240234,25.031006,26,204,0,0,255,2,0,1782503428.3436239,295
25.028076,25.019814,-0.36194512,0.53156227,0.7767334,1,1,0,-0.014465332,0.021240234,25.028076,26,204,0,0,255,2,0,1782503428.3436239,295
25.025146,25.02288,-0.1512021,0.30089325,0.7975464,1,1,0,-0.0060424805,0.012023926,25.025146,28,204,0,0,255,2,0,1782503428.3436239,295
25.020996,25.018364,-0.20309542,0.30084336,0.9135742,1,1,0,-0.008117676,0.012023926,25.020996,28,204,0,0,255,2,0,1782503428.3436239,295
25.021484,25.018375,-0.2550179,0.30084923,0.88412476,1,1,0,-0.010192871,0.012023926,25.021484,28,204,0,0,255,2,0,1782503428.3436239,295
25.01831,25.0146,-0.3084232,0.30081105,0.7741394,1,1,0,-0.012329102,0.012023926,25.01831,28,204,0,0,255,2,0,1782503428.3436239,295
25.01831,25.0104,-0.4228846,0.46570703,0.6213989,1,1,0,-0.016906738,0.018615723,25.01831,29,204,1,0,255,2,0,1782503428.3436239,295
25.023436,25.02016,-0.0931541,0.39402956,1.1759338,1,1,0,-0.0037231445,0.01574707,25.023438,60,204,0,0,255,2,0,1782503428.3436239,295
25.033201,25.029606,-0.1451318,0.39876646,0.7767334,1,1,0,-0.00579834,0.015930176,25.033203,60,204,0,0,255,2,0,1782503428.3436239,295
25.028074,25.024075,-0.19703202,0.4017396,0.8972168,1,1,0,-0.007873535,0.016052246,25.028076,60,204,0,0,255,2,0,1782503428.3436239,295
25.019775,25.015224,-0.2504049,0.406187,0.7784729,1,1,0,-0.010009766,0.016235352,25.019775,60,204,0,0,255,2,0,1782503428.3436239,295
25.032473,25.027296,-0.3024686,0.40944842,0.6744385,1,1,0,-0.012084961,0.016357422,25.03247,60,204,0,0,255,2,0,1782503428.3436239,295
25.03125,25.025316,-0.3543861,0.41401118,0.8105469,1,1,0,-0.014160156,0.016540527,25.03125,60,204,0,0,255,2,0,1782503428.3436239,295
25.032715,25.025915,-0.40786812,0.41709074,0.8105469,1,1,0,-0.016296387,0.016662598,25.032715,60,204,0,0,255,2,0,1782503428.3436239,295
25.026367,25.018545,-0.15423004,0.60635346,0.7744446,1,1,0,-0.006164551,0.024230957,25.026367,61,204,1,0,255,2,0,1782503428.3436239,295
25.020264,25.011946,-0.20762347,0.6107856,0.78912354,1,1,0,-0.008300781,0.024414062,25.020264,61,204,1,0,255,2,0,1782503428.3436239,295
25.025146,25.016268,-0.2595775,0.6139587,0.7127991,1,1,0,-0.010375977,0.024536133,25.025146,61,204,1,0,255,2,0,1782503428.3436239,295
25.026365,25.01678,-0.31150436,0.61856973,0.7395325,1,1,0,-0.012451172,0.024719238,25.026367,61,204,1,0,255,2,0,1782503428.3436239,295
25.027342,25.016958,-0.36495835,0.621648,0.7127991,1,1,0,-0.014587402,0.024841309,25.027344,61,204,1,0,255,2,0,1782503428.3436239,295
25.031738,25.020428,-0.4169439,0.6263392,0.7374573,1,1,0,-0.016662598,0.025024414,25.031738,61,204,1,0,255,2,0,1782503428.3436239,295
25.031006,25.024906,-0.14510454,0.53315187,0.71258545,1,1,0,-0.00579834,0.02130127,25.031006,26,205,0,0,255,2,0,1782503428.4437716,296
25.027102,25.020668,-0.19853243,0.5315415,0.6683655,1,1,0,-0.00793457,0.021240234,25.0271,26,205,0,0,255,2,0,1782503428.4437716,296
25.03247,25.02557,-0.2505085,0.5316556,0.7862549,1,1,0,-0.010009766,0.021240234,25.03247,26,205,0,0,255,2,0,1782503428.4437716,296
25.033936,25.024965,-0.40785265,0.5316867,0.8894348,1,1,0,-0.016296387,0.021240234,25.033936,26,205,0,0,255,2,0,1782503428.4437716,296
25.019775,25.017788,-0.094672255,0.30082867,1.1880798,1,1,0,-0.0037841797,0.012023926,25.019775,28,205,0,0,255,2,0,1782503428.4437716,296
25.026121,25.023525,-0.1985551,0.300905,0.96051025,1,1,0,-0.00793457,0.012023926,25.026123,28,205,0,0,255,2,0,1782503428.4437716,296
25.032715,25.029058,-0.30401778,0.30098426,0.7732544,1,1,0,-0.012145996,0.012023926,25.032715,28,205,0,0,255,2,0,1782503428.4437716,296
25.019531,25.011698,-0.41832542,0.46572977,0.6593933,1,1,0,-0.016723633,0.018615723,25.019531,29,205,1,0,255,2,0,1782503428.4437716,296
25.030031,25.026398,-0.15122335,0.39871588,0.6510315,1,1,0,-0.0060424805,0.015930176,25.03003,60,205,0,0,255,2,0,1782503428.4437716,296
25.03003,25.025955,-0.20315704,0.40329847,0.83306885,1,1,0,-0.008117676,0.016113281,25.03003,60,205,0,0,255,2,0,1782503428.4437716,296
25.031008,25.026392,-0.25662726,0.40636933,0.83828735,1,1,0,-0.010253906,0.016235352,25.031006,60,205,0,0,255,2,0,1782503428.4437716,296
25.03198,25.02596,-0.36050633,0.4140233,0.7568054,1,1,0,-0.014404297,0.016540527,25.031982,60,205,0,0,255,2,0,1782503428.4437716,296
25.02295,25.015368,-0.10840468,0.6062707,0.70358276,1,1,0,-0.004333496,0.024230957,25.02295,61,205,1,0,255,2,0,1782503428.4437716,296
25.023924,25.015991,-0.16032197,0.6093481,0.71588135,1,1,0,-0.0064086914,0.024353027,25.023926,61,205,1,0,255,2,0,1782503428.4437716,296
25.019287,25.010843,-0.2137209,0.61381495,0.8948059,1,1,0,-0.008544922,0.024536133,25.019287,61,205,1,0,255,2,0,1782503428.4437716,296
25.025146,25.016129,-0.26568422,0.6170126,0.7600708,1,1,0,-0.010620117,0.024658203,25.025146,61,205,1,0,255,2,0,1782503428.4437716,296
25.01831,25.008575,-0.31750876,0.62142366,0.70666504,1,1,0,-0.0126953125,0.024841309,25.01831,61,205,1,0,255,2,0,1782503428.4437716,296
25.019285,25.00874,-0.3709454,0.62450105,0.76242065,1,1,0,-0.014831543,0.024963379,25.019287,61,205,1,0,255,2,0,1782503428.4437716,296
25.022945,25.0115,-0.4229032,0.6276461,0.7949829,1,1,0,-0.016906738,0.02508545,25.02295,61,205,1,0,255,2,0,1782503428.4437716,296
