calculated_range,x,y,z,reflectance,return_index,last_return_index,sensor_id,azimuth,elevation,depth,line_index,frame_index,detector_site_id,scan_checkpoint,existence_probability_percent,data_qualifier,blockage_level,timestamp,cloud_index
25.031006,25.018251,0.5895283,0.5392616,0.7828064,1,1,0,0.02355957,0.02154541,25.031006,26,175,0,0,255,2,0,1782505550.2314472,1
25.031738,25.020153,0.5376251,0.5392773,0.6510315,1,1,0,0.021484375,0.02154541,25.031738,26,175,0,0,255,2,0,1782505550.2314472,1
25.031008,25.020483,0.48568803,0.5392616,0.8122864,1,1,0,0.01940918,0.02154541,25.031006,26,175,0,0,255,2,0,1782505550.2314472,1
25.0271,25.017591,0.43217057,0.5376502,0.71951294,1,1,0,0.01727295,0.021484375,25.0271,26,175,0,0,255,2,0,1782505550.2314472,1
25.032713,25.024046,0.3803386,0.53777087,1.1737671,1,1,0,0.015197754,0.021484375,25.032715,26,175,0,0,255,2,0,1782505550.2314472,1
25.032715,25.024803,0.32688063,0.53777087,0.6805115,1,1,0,0.013061523,0.021484375,25.032715,26,175,0,0,255,2,0,1782505550.2314472,1
25.031252,25.023964,0.27493253,0.5377394,0.82006836,1,1,0,0.010986328,0.021484375,25.03125,26,175,0,0,255,2,0,1782505550.2314472,1
25.02905,25.022282,0.22298276,0.5376922,0.7550659,1,1,0,0.008911133,0.021484375,25.029053,26,175,0,0,255,2,0,1782505550.2314472,1
25.027098,25.018396,0.58494824,0.305499,0.47158813,1,1,0,0.023376465,0.012207031,25.0271,28,175,0,0,255,2,0,1782505550.2314472,1
25.031494,25.023932,0.5331221,0.30708033,0.7879944,1,1,0,0.02130127,0.012268066,25.031494,28,175,0,0,255,2,0,1782505550.2314472,1
25.032957,25.026447,0.48121965,0.3070983,0.8703613,1,1,0,0.019226074,0.012268066,25.032959,28,175,0,0,255,2,0,1782505550.2314472,1
25.031248,25.025711,0.4277271,0.30707735,0.69784546,1,1,0,0.017089844,0.012268066,25.03125,28,175,0,0,255,2,0,1782505550.2314472,1
25.031738,25.027052,0.3758006,0.3055556,1.0523987,1,1,0,0.015014648,0.012207031,25.031738,28,175,0,0,255,2,0,1782505550.2314472,1
25.0271,25.023159,0.32227653,0.305499,1.0783997,1,1,0,0.012878418,0.012207031,25.0271,28,175,0,0,255,2,0,1782505550.2314472,1
25.031982,25.028656,0.27040067,0.3055586,0.8868408,1,1,0,0.010803223,0.012207031,25.031982,28,175,0,0,255,2,0,1782505550.2314472,1
25.023924,25.01288,0.5756543,0.4703928,0.6850891,1,1,0,0.023010254,0.018798828,25.023926,29,175,1,0,255,2,0,1782505550.2314472,1
25.023924,25.01402,0.52374655,0.4703928,0.7220459,1,1,0,0.020935059,0.018798828,25.023926,29,175,1,0,255,2,0,1782505550.2314472,1
25.025146,25.016304,0.47033262,0.47041574,0.78778076,1,1,0,0.018798828,0.018798828,25.025146,29,175,1,0,255,2,0,1782505550.2314472,1
25.025146,25.017227,0.4184179,0.47041574,0.75491333,1,1,0,0.016723633,0.018798828,25.025146,29,175,1,0,255,2,0,1782505550.2314472,1
25.025146,25.018063,0.36497444,0.47041574,0.76416016,1,1,0,0.014587402,0.018798828,25.025146,29,175,1,0,255,2,0,1782505550.2314472,1
25.032959,25.026577,0.31315404,0.4705626,0.9880676,1,1,0,0.012512207,0.018798828,25.032959,29,175,1,0,255,2,0,1782505550.2314472,1
25.018314,25.01253,0.26106554,0.47028723,0.7333679,1,1,0,0.010437012,0.018798828,25.01831,29,175,1,0,255,2,0,1782505550.2314472,1
25.030762,25.023052,0.5774165,0.22916028,0.9778137,1,1,0,0.023071289,0.009155273,25.030762,31,175,1,0,255,2,0,1782505550.2314472,1
25.03076,25.024227,0.52396023,0.22916028,0.78985596,1,1,0,0.020935059,0.009155273,25.030762,31,175,1,0,255,2,0,1782505550.2314472,1
25.023926,25.018427,0.47190008,0.2290977,0.82785034,1,1,0,0.018859863,0.009155273,25.023926,31,175,1,0,255,2,0,1782505550.2314472,1
25.029541,25.024992,0.41854778,0.2291491,0.87713623,1,1,0,0.016723633,0.009155273,25.029541,31,175,1,0,255,2,0,1782505550.2314472,1
25.031738,25.028004,0.3666474,0.22916922,0.77752686,1,1,0,0.0146484375,0.009155273,25.031738,31,175,1,0,255,2,0,1782505550.2314472,1
25.030762,25.027735,0.31469634,0.22916028,0.8093567,1,1,0,0.012573242,0.009155273,25.030762,31,175,1,0,255,2,0,1782505550.2314472,1
25.027344,25.024931,0.261195,0.22912899,0.8196411,1,1,0,0.010437012,0.009155273,25.027344,31,175,1,0,255,2,0,1782505550.2314472,1
25.02124,25.012003,0.58479875,0.3466577,0.67529297,1,1,0,0.023376465,0.0138549805,25.02124,60,175,0,0,255,2,0,1782505550.2314472,1
25.03418,25.026098,0.53316826,0.34683698,1.0142517,1,1,0,0.02130127,0.0138549805,25.03418,60,175,0,0,255,2,0,1782505550.2314472,1
25.031248,25.024208,0.47964865,0.34985164,0.7568054,1,1,0,0.019165039,0.013977051,25.03125,60,175,0,0,255,2,0,1782505550.2314472,1
25.027098,25.020956,0.42764586,0.3528484,0.84695435,1,1,0,0.017089844,0.014099121,25.0271,60,175,0,0,255,2,0,1782505550.2314472,1
25.02905,25.023703,0.37422267,0.35745844,0.6250305,1,1,0,0.014953613,0.014282227,25.029053,60,175,0,0,255,2,0,1782505550.2314472,1
25.03003,25.025335,0.32230455,0.36205506,0.81573486,1,1,0,0.012878418,0.014465332,25.03003,60,175,0,0,255,2,0,1782505550.2314472,1
25.03125,25.027126,0.27038413,0.36512798,0.8972168,1,1,0,0.010803223,0.014587402,25.03125,60,175,0,0,255,2,0,1782505550.2314472,1
25.042234,25.029394,0.5760344,0.5578406,0.7186279,1,1,0,0.023010254,0.022277832,25.042236,61,175,1,0,255,2,0,1782505550.2314472,1
25.025145,25.013382,0.52220577,0.562041,0.79086304,1,1,0,0.020874023,0.022460938,25.025146,61,175,1,0,255,2,0,1782505550.2314472,1
25.031006,25.020203,0.4704059,0.5652273,0.6980591,1,1,0,0.018798828,0.022583008,25.031006,61,175,1,0,255,2,0,1782505550.2314472,1
25.025146,25.015188,0.4168566,0.5696761,0.7395325,1,1,0,0.016662598,0.022766113,25.025146,61,175,1,0,255,2,0,1782505550.2314472,1
25.021729,25.012512,0.36489347,0.5726519,0.70150757,1,1,0,0.014587402,0.022888184,25.021729,61,175,1,0,255,2,0,1782505550.2314472,1
25.030762,25.02214,0.31309852,0.5774407,0.9921875,1,1,0,0.012512207,0.023071289,25.030762,61,175,1,0,255,2,0,1782505550.2314472,1
25.025146,25.017069,0.25958583,0.5803652,0.7364502,1,1,0,0.010375977,0.02319336,25.025146,61,175,1,0,255,2,0,1782505550.2314472,1
25.02905,25.016441,0.5833748,0.5392195,0.7568054,1,1,0,0.02331543,0.02154541,25.029053,26,176,0,0,255,2,0,1782505550.331109,2
25.0271,25.01568,0.5298913,0.5391774,0.9015808,1,1,0,0.0211792,0.02154541,25.0271,26,176,0,0,255,2,0,1782505550.331109,2
25.031248,25.020872,0.47805703,0.5392668,0.82180786,1,1,0,0.019104004,0.02154541,25.03125,26,176,0,0,255,2,0,1782505550.331109,2
25.032225,25.02282,0.42615002,0.5377604,0.72125244,1,1,0,0.017028809,0.021484375,25.032227,26,176,0,0,255,2,0,1782505550.331109,2
25.031006,25.022453,0.3726764,0.53773415,0.86169434,1,1,0,0.014892578,0.021484375,25.031006,26,176,0,0,255,2,0,1782505550.331109,2
25.02124,25.01341,0.320624,0.53752434,0.6571045,1,1,0,0.012817383,0.021484375,25.02124,26,176,0,0,255,2,0,1782505550.331109,2
25.03125,25.024029,0.26882315,0.5377394,0.83480835,1,1,0,0.0107421875,0.021484375,25.03125,26,176,0,0,255,2,0,1782505550.331109,2
25.03125,25.022474,0.5880997,0.30554965,0.72125244,1,1,0,0.023498535,0.012207031,25.03125,28,176,0,0,255,2,0,1782505550.331109,2
25.032715,25.025139,0.53467596,0.30556753,0.8703613,1,1,0,0.021362305,0.012207031,25.032715,28,176,0,0,255,2,0,1782505550.331109,2
25.032713,25.026175,0.48274243,0.30709532,0.72906494,1,1,0,0.01928711,0.012268066,25.032715,28,176,0,0,255,2,0,1782505550.331109,2
25.031248,25.025677,0.43078235,0.30554965,0.7698059,1,1,0,0.017211914,0.012207031,25.03125,28,176,0,0,255,2,0,1782505550.331109,2
25.031006,25.026295,0.3773171,0.30554667,0.6805115,1,1,0,0.015075684,0.012207031,25.031006,28,176,0,0,255,2,0,1782505550.331109,2
25.027098,25.023119,0.3253311,0.305499,0.8009949,1,1,0,0.013000488,0.012207031,25.0271,28,176,0,0,255,2,0,1782505550.331109,2
25.032715,25.029356,0.27346393,0.30556753,0.7749939,1,1,0,0.010925293,0.012207031,25.032715,28,176,0,0,255,2,0,1782505550.331109,2
25.027098,25.024267,0.21994552,0.305499,0.59643555,1,1,0,0.0087890625,0.012207031,25.0271,28,176,0,0,255,2,0,1782505550.331109,2
25.030762,25.01968,0.5773387,0.4705213,0.7189636,1,1,0,0.023071289,0.018798828,25.030762,29,176,1,0,255,2,0,1782505550.331109,2
25.027344,25.017406,0.525345,0.47045705,0.7723999,1,1,0,0.020996094,0.018798828,25.027344,29,176,1,0,255,2,0,1782505550.331109,2
25.023926,25.015026,0.47336325,0.4703928,0.69226074,1,1,0,0.018920898,0.018798828,25.023926,29,176,1,0,255,2,0,1782505550.331109,2
25.031738,25.02379,0.42005545,0.47053966,0.86483765,1,1,0,0.016784668,0.018798828,25.031738,29,176,1,0,255,2,0,1782505550.331109,2
25.030764,25.023634,0.36811098,0.4705213,0.87713623,1,1,0,0.014709473,0.018798828,25.030762,29,176,1,0,255,2,0,1782505550.331109,2
25.025146,25.018728,0.31611037,0.47041574,0.7713623,1,1,0,0.012634277,0.018798828,25.025146,29,176,1,0,255,2,0,1782505550.331109,2
25.031738,25.025936,0.2627331,0.47053966,0.81552124,1,1,0,0.010498047,0.018798828,25.031738,29,176,1,0,255,2,0,1782505550.331109,2
25.032225,25.02455,0.5759229,0.22917369,0.6425476,1,1,0,0.023010254,0.009155273,25.032227,31,176,1,0,255,2,0,1782505550.331109,2
25.031738,25.025236,0.52245325,0.22916922,0.7631531,1,1,0,0.020874023,0.009155273,25.031738,31,176,1,0,255,2,0,1782505550.331109,2
25.034424,25.028952,0.47057042,0.2291938,0.71347046,1,1,0,0.018798828,0.009155273,25.034424,31,176,1,0,255,2,0,1782505550.331109,2
25.028564,25.024015,0.41853145,0.22914016,0.92440796,1,1,0,0.016723633,0.009155273,25.028564,31,176,1,0,255,2,0,1782505550.331109,2
25.027344,25.023632,0.36505568,0.22912899,0.7456665,1,1,0,0.014587402,0.009155273,25.027344,31,176,1,0,255,2,0,1782505550.331109,2
25.026367,25.02336,0.31311378,0.22912005,0.8792114,1,1,0,0.012512207,0.009155273,25.026367,31,176,1,0,255,2,0,1782505550.331109,2
25.025146,25.022734,0.26117206,0.22910887,0.7374573,1,1,0,0.010437012,0.009155273,25.025146,31,176,1,0,255,2,0,1782505550.331109,2
25.032228,25.022894,0.5881096,0.34833762,0.6683655,1,1,0,0.023498535,0.013916016,25.032227,60,176,0,0,255,2,0,1782505550.331109,2
25.027098,25.018923,0.5345432,0.35132104,0.68917847,1,1,0,0.021362305,0.014038086,25.0271,60,176,0,0,255,2,0,1782505550.331109,2
25.029055,25.022018,0.48266223,0.34523842,0.7489929,1,1,0,0.01928711,0.013793945,25.029053,60,176,0,0,255,2,0,1782505550.331109,2
25.03418,25.028027,0.4308228,0.3498926,0.7455139,1,1,0,0.017211914,0.013977051,25.03418,60,176,0,0,255,2,0,1782505550.331109,2
25.030027,25.024696,0.377293,0.35288972,0.87384033,1,1,0,0.015075684,0.014099121,25.03003,60,176,0,0,255,2,0,1782505550.331109,2
25.032715,25.028048,0.32539517,0.35751075,0.7992859,1,1,0,0.013000488,0.014282227,25.032715,60,176,0,0,255,2,0,1782505550.331109,2
25.03247,25.028381,0.2734533,0.36056265,0.7342529,1,1,0,0.010925293,0.014404297,25.03247,60,176,0,0,255,2,0,1782505550.331109,2
25.031982,25.028353,0.21998143,0.36513865,0.8703613,1,1,0,0.0087890625,0.014587402,25.031982,60,176,0,0,255,2,0,1782505550.331109,2
25.023924,25.011126,0.57714134,0.5543788,0.67993164,1,1,0,0.023071289,0.022155762,25.023926,61,176,1,0,255,2,0,1782505550.331109,2
25.01831,25.00659,0.5251179,0.55730766,0.6881714,1,1,0,0.020996094,0.022277832,25.01831,61,176,1,0,255,2,0,1782505550.331109,2
25.03174,25.020947,0.47347528,0.56218904,1.0230103,1,1,0,0.018920898,0.022460938,25.031738,61,176,1,0,255,2,0,1782505550.331109,2
25.032959,25.02305,0.42004302,0.56527144,0.885376,1,1,0,0.016784668,0.022583008,25.032959,61,176,1,0,255,2,0,1782505550.331109,2
25.026367,25.017176,0.368016,0.5697039,0.9038696,1,1,0,0.014709473,0.022766113,25.026367,61,176,1,0,255,2,0,1782505550.331109,2
25.028563,25.02001,0.31612656,0.5728084,0.7127991,1,1,0,0.012634277,0.022888184,25.028564,61,176,1,0,255,2,0,1782505550.331109,2
25.027346,25.019306,0.26266348,0.5773618,0.8422241,1,1,0,0.010498047,0.023071289,25.027344,61,176,1,0,255,2,0,1782505550.331109,2
25.031008,25.018288,0.5880013,0.5392616,0.83828735,1,1,0,0.023498535,0.02154541,25.031006,26,177,0,0,255,2,0,1782505550.4293756,3
25.032227,25.020706,0.5345813,0.53928787,0.69869995,1,1,0,0.021362305,0.02154541,25.032227,26,177,0,0,255,2,0,1782505550.4293756,3
25.032228,25.021763,0.4826573,0.53928787,0.72473145,1,1,0,0.01928711,0.02154541,25.032227,26,177,0,0,255,2,0,1782505550.4293756,3
25.032717,25.0232,0.43073967,0.53929836,0.7619934,1,1,0,0.017211914,0.02154541,25.032715,26,177,0,0,255,2,0,1782505550.4293756,3
25.032227,25.023573,0.37727606,0.53928787,0.7550659,1,1,0,0.015075684,0.02154541,25.032227,26,177,0,0,255,2,0,1782505550.4293756,3
25.026123,25.0182,0.32526717,0.5391564,0.69784546,1,1,0,0.013000488,0.02154541,25.026123,26,177,0,0,255,2,0,1782505550.4293756,3
25.03125,25.02398,0.2734052,0.5377394,0.6250305,1,1,0,0.010925293,0.021484375,25.03125,26,177,0,0,255,2,0,1782505550.4293756,3
25.03003,25.023285,0.21993689,0.53771317,0.97177124,1,1,0,0.0087890625,0.021484375,25.03003,26,177,0,0,255,2,0,1782505550.4293756,3
25.03003,25.02129,0.58654386,0.30553475,0.7663269,1,1,0,0.0234375,0.012207031,25.03003,28,177,0,0,255,2,0,1782505550.4293756,3
25.025146,25.017572,0.5345143,0.30547515,0.6362915,1,1,0,0.021362305,0.012207031,25.025146,28,177,0,0,255,2,0,1782505550.4293756,3
25.027098,25.02058,0.4826345,0.305499,0.69525146,1,1,0,0.01928711,0.012207031,25.0271,28,177,0,0,255,2,0,1782505550.4293756,3
25.03125,25.025703,0.42925492,0.30554965,0.93969727,1,1,0,0.017150879,0.012207031,25.03125,28,177,0,0,255,2,0,1782505550.4293756,3
25.031248,25.026539,0.3773208,0.30554965,0.7975464,1,1,0,0.015075684,0.012207031,25.03125,28,177,0,0,255,2,0,1782505550.4293756,3
25.033205,25.029243,0.3238828,0.3055735,0.82528687,1,1,0,0.012939453,0.012207031,25.033203,28,177,0,0,255,2,0,1782505550.4293756,3
25.020264,25.016924,0.27180102,0.30541554,0.7975464,1,1,0,0.010864258,0.012207031,25.020264,28,177,0,0,255,2,0,1782505550.4293756,3
25.028076,25.025263,0.21995428,0.30398342,0.82873535,1,1,0,0.0087890625,0.012145996,25.028076,28,177,0,0,255,2,0,1782505550.4293756,3
25.025148,25.015211,0.5252989,0.47041574,0.75183105,1,1,0,0.020996094,0.018798828,25.025146,29,177,1,0,255,2,0,1782505550.4293756,3
25.025146,25.016275,0.47185948,0.47041574,0.7189636,1,1,0,0.018859863,0.018798828,25.025146,29,177,1,0,255,2,0,1782505550.4293756,3
25.018312,25.010397,0.41983062,0.4687605,0.6286011,1,1,0,0.016784668,0.018737793,25.01831,29,177,1,0,255,2,0,1782505550.4293756,3
25.026367,25.01929,0.36651972,0.46891144,0.868927,1,1,0,0.0146484375,0.018737793,25.026367,29,177,1,0,255,2,0,1782505550.4293756,3
25.023926,25.017555,0.31456834,0.4688657,0.87509155,1,1,0,0.012573242,0.018737793,25.023926,29,177,1,0,255,2,0,1782505550.4293756,3
25.029541,25.02377,0.26271036,0.4689709,0.76416016,1,1,0,0.010498047,0.018737793,25.029541,29,177,1,0,255,2,0,1782505550.4293756,3
25.025146,25.017508,0.5742331,0.22910887,0.7076721,1,1,0,0.022949219,0.009155273,25.025146,31,177,1,0,255,2,0,1782505550.4293756,3
25.034424,25.027922,0.5225093,0.2291938,0.7371216,1,1,0,0.020874023,0.009155273,25.034424,31,177,1,0,255,2,0,1782505550.4293756,3
25.030762,25.025291,0.47050157,0.22916028,0.9521179,1,1,0,0.018798828,0.009155273,25.030762,31,177,1,0,255,2,0,1782505550.4293756,3
25.032959,25.028435,0.41707733,0.2291804,0.980896,1,1,0,0.016662598,0.009155273,25.032959,31,177,1,0,255,2,0,1782505550.4293756,3
25.031738,25.028027,0.36511979,0.22916922,0.7970276,1,1,0,0.014587402,0.009155273,25.031738,31,177,1,0,255,2,0,1782505550.4293756,3
25.025146,25.022139,0.31309852,0.22910887,0.8812561,1,1,0,0.012512207,0.009155273,25.025146,31,177,1,0,255,2,0,1782505550.4293756,3
25.029541,25.027145,0.25969037,0.2291491,0.8483887,1,1,0,0.010375977,0.009155273,25.029541,31,177,1,0,255,2,0,1782505550.4293756,3
25.031248,25.021894,0.5880861,0.34985164,0.81573486,1,1,0,0.023498535,0.013977051,25.03125,60,177,0,0,255,2,0,1782505550.4293756,3
25.032225,25.023973,0.5361791,0.3544484,0.7680664,1,1,0,0.02142334,0.014160156,25.032227,60,177,0,0,255,2,0,1782505550.4293756,3
25.031254,25.024174,0.4827038,0.34832403,0.8088074,1,1,0,0.01928711,0.013916016,25.03125,60,177,0,0,255,2,0,1782505550.4293756,3
25.032957,25.026762,0.43080103,0.35293102,1.0653992,1,1,0,0.017211914,0.014099121,25.032959,60,177,0,0,255,2,0,1782505550.4293756,3
25.0271,25.021702,0.3787754,0.35590318,0.83306885,1,1,0,0.015136719,0.014221191,25.0271,60,177,0,0,255,2,0,1782505550.4293756,3
25.025146,25.020435,0.32529622,0.36045718,0.70739746,1,1,0,0.013000488,0.014404297,25.025146,60,177,0,0,255,2,0,1782505550.4293756,3
25.031982,25.027847,0.27344745,0.36361098,0.81747437,1,1,0,0.010925293,0.014526367,25.031982,60,177,0,0,255,2,0,1782505550.4293756,3
25.032715,25.029026,0.2215151,0.36820474,0.73773193,1,1,0,0.008850098,0.014709473,25.032715,60,177,0,0,255,2,0,1782505550.4293756,3
25.040037,25.027126,0.5790389,0.55779165,0.7103882,1,1,0,0.023132324,0.022277832,25.04004,61,177,1,0,255,2,0,1782505550.4293756,3
25.031738,25.019943,0.5253983,0.5606616,0.9552002,1,1,0,0.020996094,0.022399902,25.031738,61,177,1,0,255,2,0,1782505550.4293756,3
25.02295,25.01209,0.47330773,0.5650454,0.695343,1,1,0,0.018920898,0.022583008,25.02295,61,177,1,0,255,2,0,1782505550.4293756,3
25.029543,25.01954,0.4215116,0.56824887,0.8545532,1,1,0,0.016845703,0.022705078,25.029541,61,177,1,0,255,2,0,1782505550.4293756,3
25.031738,25.022474,0.36809394,0.572881,0.79293823,1,1,0,0.014709473,0.022888184,25.031738,61,177,1,0,255,2,0,1782505550.4293756,3
25.025145,25.016523,0.3160825,0.57578415,0.868927,1,1,0,0.012634277,0.023010254,25.025146,61,177,1,0,255,2,0,1782505550.4293756,3
25.03174,25.023613,0.26423618,0.58051807,0.9921875,1,1,0,0.010559082,0.02319336,25.031738,61,177,1,0,255,2,0,1782505550.4293756,3
25.031006,25.018322,0.58647436,0.5392616,0.7472534,1,1,0,0.0234375,0.02154541,25.031006,26,178,0,0,255,2,0,1782505550.5292168,4
25.029053,25.017534,0.5345135,0.5392195,1.3410645,1,1,0,0.021362305,0.02154541,25.029053,26,178,0,0,255,2,0,1782505550.5292168,4
25.032227,25.021791,0.4811301,0.53928787,0.6622925,1,1,0,0.019226074,0.02154541,25.032227,26,178,0,0,255,2,0,1782505550.5292168,4
25.02905,25.019562,0.4291496,0.5392195,0.8703613,1,1,0,0.017150879,0.02154541,25.029053,26,178,0,0,255,2,0,1782505550.5292168,4
25.03125,25.022596,0.37726134,0.5392668,0.82006836,1,1,0,0.015075684,0.02154541,25.03125,26,178,0,0,255,2,0,1782505550.5292168,4
25.032227,25.024355,0.32381952,0.5377604,0.7342529,1,1,0,0.012939453,0.021484375,25.032227,26,178,0,0,255,2,0,1782505550.5292168,4
25.03003,25.022776,0.2718646,0.53771317,0.70217896,1,1,0,0.010864258,0.021484375,25.03003,26,178,0,0,255,2,0,1782505550.5292168,4
25.02905,25.022308,0.21992831,0.5376922,0.85562134,1,1,0,0.0087890625,0.021484375,25.029053,26,178,0,0,255,2,0,1782505550.5292168,4
25.03125,25.02251,0.58657247,0.30554965,0.7619934,1,1,0,0.0234375,0.012207031,25.03125,28,178,0,0,255,2,0,1782505550.5292168,4
25.03125,25.023687,0.53311694,0.30707735,0.7403259,1,1,0,0.02130127,0.012268066,25.03125,28,178,0,0,255,2,0,1782505550.5292168,4
25.027098,25.020609,0.48110735,0.305499,0.70739746,1,1,0,0.019226074,0.012207031,25.0271,28,178,0,0,255,2,0,1782505550.5292168,4
25.033447,25.02876,0.37582627,0.30557647,0.85562134,1,1,0,0.015014648,0.012207031,25.033447,28,178,0,0,255,2,0,1782505550.5292168,4
25.03296,25.029,0.32387963,0.3055705,0.8105469,1,1,0,0.012939453,0.012207031,25.032959,28,178,0,0,255,2,0,1782505550.5292168,4
25.032717,25.029373,0.27193627,0.30556753,0.7715454,1,1,0,0.010864258,0.012207031,25.032715,28,178,0,0,255,2,0,1782505550.5292168,4
25.03003,25.018982,0.5757948,0.47050753,0.68673706,1,1,0,0.023010254,0.018798828,25.03003,29,178,1,0,255,2,0,1782505550.5292168,4
25.028566,25.01866,0.52384365,0.47048,0.72720337,1,1,0,0.020935059,0.018798828,25.028564,29,178,1,0,255,2,0,1782505550.5292168,4
25.032957,25.024084,0.4720068,0.4705626,0.92233276,1,1,0,0.018859863,0.018798828,25.032959,29,178,1,0,255,2,0,1782505550.5292168,4
25.031738,25.023815,0.4185281,0.47053966,0.8319702,1,1,0,0.016723633,0.018798828,25.031738,29,178,1,0,255,2,0,1782505550.5292168,4
25.029541,25.022434,0.3665658,0.47049835,0.81347656,1,1,0,0.0146484375,0.018798828,25.029541,29,178,1,0,255,2,0,1782505550.5292168,4
25.029543,25.023142,0.31463858,0.47049835,0.8935852,1,1,0,0.012573242,0.018798828,25.029541,29,178,1,0,255,2,0,1782505550.5292168,4
25.028564,25.02278,0.26117253,0.47048,0.77853394,1,1,0,0.010437012,0.018798828,25.028564,29,178,1,0,255,2,0,1782505550.5292168,4
25.035645,25.027967,0.5760016,0.22920498,0.657959,1,1,0,0.023010254,0.009155273,25.035645,31,178,1,0,255,2,0,1782505550.5292168,4
25.032959,25.026424,0.52400625,0.2291804,0.9942322,1,1,0,0.020935059,0.009155273,25.032959,31,178,1,0,255,2,0,1782505550.5292168,4
25.029541,25.02407,0.47047862,0.2291491,0.73028564,1,1,0,0.018798828,0.009155273,25.029541,31,178,1,0,255,2,0,1782505550.5292168,4
25.025145,25.020597,0.4184743,0.22910887,0.750824,1,1,0,0.016723633,0.009155273,25.025146,31,178,1,0,255,2,0,1782505550.5292168,4
25.025145,25.021412,0.36655083,0.22910887,0.8442688,1,1,0,0.0146484375,0.009155273,25.025146,31,178,1,0,255,2,0,1782505550.5292168,4
25.029541,25.026533,0.3131535,0.2291491,0.7713623,1,1,0,0.012512207,0.009155273,25.029541,31,178,1,0,255,2,0,1782505550.5292168,4
25.026367,25.023954,0.2611848,0.22912005,0.8483887,1,1,0,0.010437012,0.009155273,25.026367,31,178,1,0,255,2,0,1782505550.5292168,4
25.031006,25.021723,0.58502597,0.34984824,0.7940674,1,1,0,0.023376465,0.013977051,25.031006,60,178,0,0,255,2,0,1782505550.5292168,4
25.032717,25.024635,0.53313714,0.3468167,0.7680664,1,1,0,0.02130127,0.0138549805,25.032715,60,178,0,0,255,2,0,1782505550.5292168,4
25.034912,25.02787,0.47971883,0.34990284,1.0272522,1,1,0,0.019165039,0.013977051,25.034912,60,178,0,0,255,2,0,1782505550.5292168,4
25.031248,25.025085,0.4277164,0.35443458,0.6779175,1,1,0,0.017089844,0.014160156,25.03125,60,178,0,0,255,2,0,1782505550.5292168,4
25.031252,25.0259,0.37425554,0.35748982,0.6657715,1,1,0,0.014953613,0.014282227,25.03125,60,178,0,0,255,2,0,1782505550.5292168,4
25.03125,25.026556,0.32232028,0.3620727,0.95269775,1,1,0,0.012878418,0.014465332,25.03125,60,178,0,0,255,2,0,1782505550.5292168,4
25.032715,25.028591,0.27039996,0.36514935,1.2197266,1,1,0,0.010803223,0.014587402,25.032715,60,178,0,0,255,2,0,1782505550.5292168,4
25.02954,25.01667,0.5757416,0.55908513,0.8545532,1,1,0,0.023010254,0.022338867,25.029541,61,178,1,0,255,2,0,1782505550.5292168,4
25.043455,25.031685,0.5225879,0.5624522,0.96328735,1,1,0,0.020874023,0.022460938,25.043457,61,178,1,0,255,2,0,1782505550.5292168,4
25.030762,25.019924,0.4704007,0.5667492,0.8833008,1,1,0,0.018798828,0.022644043,25.030762,61,178,1,0,255,2,0,1782505550.5292168,4
25.027344,25.017384,0.41689318,0.5697261,0.82580566,1,1,0,0.016662598,0.022766113,25.027344,61,178,1,0,255,2,0,1782505550.5292168,4
25.026367,25.017115,0.3649606,0.5742852,0.80319214,1,1,0,0.014587402,0.022949219,25.026367,61,178,1,0,255,2,0,1782505550.5292168,4
25.029541,25.020922,0.3130833,0.57741255,0.8956299,1,1,0,0.012512207,0.023071289,25.029541,61,178,1,0,255,2,0,1782505550.5292168,4
25.035156,25.02704,0.2596893,0.58212495,0.9829407,1,1,0,0.010375977,0.023254395,25.035156,61,178,1,0,255,2,0,1782505550.5292168,4
25.031252,25.018532,0.5880071,0.5392668,1.0732117,1,1,0,0.023498535,0.02154541,25.03125,26,179,0,0,255,2,0,1782505550.6296663,5
25.031984,25.021519,0.4826526,0.5392826,0.72473145,1,1,0,0.01928711,0.02154541,25.031982,26,179,0,0,255,2,0,1782505550.6296663,5
25.031006,25.02149,0.43071026,0.5392616,0.7307739,1,1,0,0.017211914,0.02154541,25.031006,26,179,0,0,255,2,0,1782505550.6296663,5
25.03125,25.022629,0.37726182,0.5377394,0.72732544,1,1,0,0.015075684,0.021484375,25.03125,26,179,0,0,255,2,0,1782505550.6296663,5
25.032225,25.024334,0.3253469,0.5377604,0.71432495,1,1,0,0.013000488,0.021484375,25.032227,26,179,0,0,255,2,0,1782505550.6296663,5
25.032227,25.024956,0.27341586,0.5377604,0.69525146,1,1,0,0.010925293,0.021484375,25.032227,26,179,0,0,255,2,0,1782505550.6296663,5
25.021238,25.014498,0.21985966,0.53752434,0.71343994,1,1,0,0.0087890625,0.021484375,25.02124,26,179,0,0,255,2,0,1782505550.6296663,5
25.027098,25.01836,0.58647525,0.305499,0.7810669,1,1,0,0.0234375,0.012207031,25.0271,28,179,0,0,255,2,0,1782505550.6296663,5
25.03125,25.023674,0.53464466,0.30554965,0.83047485,1,1,0,0.021362305,0.012207031,25.03125,28,179,0,0,255,2,0,1782505550.6296663,5
25.032715,25.026222,0.48121533,0.30556753,0.7637329,1,1,0,0.019226074,0.012207031,25.032715,28,179,0,0,255,2,0,1782505550.6296663,5
25.025145,25.020437,0.3772288,0.30547515,0.82354736,1,1,0,0.015075684,0.012207031,25.025146,28,179,0,0,255,2,0,1782505550.6296663,5
25.03125,25.02729,0.32385752,0.30554965,0.68569946,1,1,0,0.012939453,0.012207031,25.03125,28,179,0,0,255,2,0,1782505550.6296663,5
25.025146,25.021805,0.27185404,0.30547515,0.6536255,1,1,0,0.010864258,0.012207031,25.025146,28,179,0,0,255,2,0,1782505550.6296663,5
25.03418,25.031347,0.22000775,0.3055854,1.0489502,1,1,0,0.0087890625,0.012207031,25.03418,28,179,0,0,255,2,0,1782505550.6296663,5
25.028809,25.017727,0.57729363,0.47048458,0.6569214,1,1,0,0.023071289,0.018798828,25.028809,29,179,1,0,255,2,0,1782505550.6296663,5
25.026367,25.016462,0.52379763,0.4704387,0.71795654,1,1,0,0.020935059,0.018798828,25.026367,29,179,1,0,255,2,0,1782505550.6296663,5
25.023926,25.01598,0.41992438,0.4703928,0.829895,1,1,0,0.016784668,0.018798828,25.023926,29,179,1,0,255,2,0,1782505550.6296663,5
25.032225,25.025146,0.36660552,0.46902123,0.66207886,1,1,0,0.0146484375,0.018737793,25.032227,29,179,1,0,255,2,0,1782505550.6296663,5
25.032957,25.026587,0.31468192,0.46903494,0.84017944,1,1,0,0.012573242,0.018737793,25.032959,29,179,1,0,255,2,0,1782505550.6296663,5
25.032957,25.027185,0.2627462,0.46903494,0.80114746,1,1,0,0.010498047,0.018737793,25.032959,29,179,1,0,255,2,0,1782505550.6296663,5
25.038818,25.032282,0.52412885,0.22923404,0.8923645,1,1,0,0.020935059,0.009155273,25.038818,31,179,1,0,255,2,0,1782505550.6296663,5
25.027344,25.021843,0.47196454,0.22912899,0.6871338,1,1,0,0.018859863,0.009155273,25.027344,31,179,1,0,255,2,0,1782505550.6296663,5
25.023926,25.019379,0.41845387,0.2290977,0.66555786,1,1,0,0.016723633,0.009155273,25.023926,31,179,1,0,255,2,0,1782505550.6296663,5
25.028564,25.02483,0.3666009,0.22914016,0.85250854,1,1,0,0.0146484375,0.009155273,25.028564,31,179,1,0,255,2,0,1782505550.6296663,5
25.02295,25.019922,0.3145981,0.22908875,0.6398926,1,1,0,0.012573242,0.009155273,25.02295,31,179,1,0,255,2,0,1782505550.6296663,5
25.028564,25.026152,0.26120773,0.22914016,0.95007324,1,1,0,0.010437012,0.009155273,25.028564,31,179,1,0,255,2,0,1782505550.6296663,5
25.031982,25.02259,0.5896306,0.3498619,0.82006836,1,1,0,0.02355957,0.013977051,25.031982,60,179,0,0,255,2,0,1782505550.6296663,5
25.03247,25.024218,0.5361843,0.35445186,0.7307739,1,1,0,0.02142334,0.014160156,25.03247,60,179,0,0,255,2,0,1782505550.6296663,5
25.031008,25.0239,0.48422644,0.34832063,0.7602539,1,1,0,0.019348145,0.013916016,25.031006,60,179,0,0,255,2,0,1782505550.6296663,5
25.031248,25.025053,0.43077162,0.3529069,0.8070679,1,1,0,0.017211914,0.014099121,25.03125,60,179,0,0,255,2,0,1782505550.6296663,5
25.03125,25.025852,0.3788382,0.3559622,0.86169434,1,1,0,0.015136719,0.014221191,25.03125,60,179,0,0,255,2,0,1782505550.6296663,5
25.031252,25.02652,0.32690305,0.3605451,0.71432495,1,1,0,0.013061523,0.014404297,25.03125,60,179,0,0,255,2,0,1782505550.6296663,5
25.032957,25.028824,0.27345812,0.36362517,1.0064697,1,1,0,0.010925293,0.014526367,25.032959,60,179,0,0,255,2,0,1782505550.6296663,5
25.033447,25.029758,0.22152159,0.36821553,0.84695435,1,1,0,0.008850098,0.014709473,25.033447,60,179,0,0,255,2,0,1782505550.6296663,5
25.036621,25.023712,0.5789599,0.55771554,0.6836548,1,1,0,0.023132324,0.022277832,25.036621,61,179,1,0,255,2,0,1782505550.6296663,5
25.026363,25.01454,0.5268123,0.5605413,0.76623535,1,1,0,0.021057129,0.022399902,25.026367,61,179,1,0,255,2,0,1782505550.6296663,5
25.034424,25.02356,0.47352475,0.5653045,0.64974976,1,1,0,0.018920898,0.022583008,25.034424,61,179,1,0,255,2,0,1782505550.6296663,5
25.033447,25.023445,0.42157736,0.56833756,0.71450806,1,1,0,0.016845703,0.022705078,25.033447,61,179,1,0,255,2,0,1782505550.6296663,5
25.041258,25.03197,0.3697618,0.5730989,0.7854309,1,1,0,0.014770508,0.022888184,25.04126,61,179,1,0,255,2,0,1782505550.6296663,5
25.031738,25.023113,0.31616578,0.57593584,0.8319702,1,1,0,0.012634277,0.023010254,25.031738,61,179,1,0,255,2,0,1782505550.6296663,5
25.029541,25.021416,0.264213,0.5804671,0.8442688,1,1,0,0.010559082,0.02319336,25.029541,61,179,1,0,255,2,0,1782505550.6296663,5
25.032469,25.01975,0.58803576,0.5392931,0.7489929,1,1,0,0.023498535,0.02154541,25.03247,26,180,0,0,255,2,0,1782505550.728852,6
25.03125,25.019697,0.5360875,0.5392668,0.82006836,1,1,0,0.02142334,0.02154541,25.03125,26,180,0,0,255,2,0,1782505550.728852,6
25.033447,25.022984,0.48268086,0.53931415,1.0142517,1,1,0,0.01928711,0.02154541,25.033447,26,180,0,0,255,2,0,1782505550.728852,6
25.0271,25.017618,0.43064362,0.5376502,0.7698059,1,1,0,0.017211914,0.021484375,25.0271,26,180,0,0,255,2,0,1782505550.728852,6
25.03003,25.021385,0.3787706,0.53771317,0.68743896,1,1,0,0.015136719,0.021484375,25.03003,26,180,0,0,255,2,0,1782505550.728852,6
25.032713,25.024822,0.32535324,0.53777087,0.81399536,1,1,0,0.013000488,0.021484375,25.032715,26,180,0,0,255,2,0,1782505550.728852,6
25.02905,25.021782,0.27338117,0.5376922,0.7828064,1,1,0,0.010925293,0.021484375,25.029053,26,180,0,0,255,2,0,1782505550.728852,6
25.03125,25.024506,0.21994762,0.5377394,0.7533264,1,1,0,0.0087890625,0.021484375,25.03125,26,180,0,0,255,2,0,1782505550.728852,6
25.026121,25.01735,0.58797926,0.30548707,0.9995117,1,1,0,0.023498535,0.012207031,25.026123,28,180,0,0,255,2,0,1782505550.728852,6
25.031248,25.023655,0.5346443,0.30707735,0.7663269,1,1,0,0.021362305,0.012268066,25.03125,28,180,0,0,255,2,0,1782505550.728852,6
25.031982,25.025444,0.4827283,0.30708632,1.0914001,1,1,0,0.01928711,0.012268066,25.031982,28,180,0,0,255,2,0,1782505550.728852,6
25.027098,25.021534,0.42918342,0.30702642,0.82006836,1,1,0,0.017150879,0.012268066,25.0271,28,180,0,0,255,2,0,1782505550.728852,6
25.031738,25.027758,0.3253914,0.3055556,0.7698059,1,1,0,0.013000488,0.012207031,25.031738,28,180,0,0,255,2,0,1782505550.728852,6
25.03125,25.027908,0.27192035,0.30554965,0.7602539,1,1,0,0.010864258,0.012207031,25.03125,28,180,0,0,255,2,0,1782505550.728852,6
25.032715,25.029882,0.21999487,0.30556753,0.7489929,1,1,0,0.0087890625,0.012207031,25.032715,28,180,0,0,255,2,0,1782505550.728852,6
25.036621,25.025536,0.5774738,0.47063145,0.6569214,1,1,0,0.023071289,0.018798828,25.036621,29,180,1,0,255,2,0,1782505550.728852,6
25.031738,25.0218,0.52543724,0.47053966,0.92645264,1,1,0,0.020996094,0.018798828,25.031738,29,180,1,0,255,2,0,1782505550.728852,6
25.026367,25.017496,0.47188252,0.4704387,0.78060913,1,1,0,0.018859863,0.018798828,25.026367,29,180,1,0,255,2,0,1782505550.728852,6
25.028566,25.020618,0.42000222,0.47048,0.93673706,1,1,0,0.016784668,0.018798828,25.028564,29,180,1,0,255,2,0,1782505550.728852,6
25.028566,25.021437,0.36807868,0.47048,0.71383667,1,1,0,0.014709473,0.018798828,25.028564,29,180,1,0,255,2,0,1782505550.728852,6
25.023926,25.018127,0.26265112,0.4703928,0.6357727,1,1,0,0.010498047,0.018798828,25.023926,29,180,1,0,255,2,0,1782505550.728852,6
25.029541,25.021902,0.57433397,0.2291491,0.868927,1,1,0,0.022949219,0.009155273,25.029541,31,180,1,0,255,2,0,1782505550.728852,6
25.025146,25.018646,0.5223157,0.22910887,0.86483765,1,1,0,0.020874023,0.009155273,25.025146,31,180,1,0,255,2,0,1782505550.728852,6
25.03296,25.027487,0.47054288,0.2291804,0.87713623,1,1,0,0.018798828,0.009155273,25.032959,31,180,1,0,255,2,0,1782505550.728852,6
25.034668,25.030144,0.41710582,0.22919604,1.0301819,1,1,0,0.016662598,0.009155273,25.034668,31,180,1,0,255,2,0,1782505550.728852,6
25.026367,25.022655,0.36504143,0.22912005,0.75390625,1,1,0,0.014587402,0.009155273,25.026367,31,180,1,0,255,2,0,1782505550.728852,6
25.026367,25.023972,0.25965744,0.22912005,0.7991028,1,1,0,0.010375977,0.009155273,25.026367,31,180,1,0,255,2,0,1782505550.728852,6
25.031252,25.021917,0.58808666,0.34832403,0.84695435,1,1,0,0.023498535,0.013916016,25.03125,60,180,0,0,255,2,0,1782505550.728852,6
25.03247,25.024239,0.5361848,0.35292414,0.96484375,1,1,0,0.02142334,0.014099121,25.03247,60,180,0,0,255,2,0,1782505550.728852,6
25.031496,25.024387,0.48423588,0.34832743,0.68917847,1,1,0,0.019348145,0.013916016,25.031494,60,180,0,0,255,2,0,1782505550.728852,6
25.02417,25.017977,0.4306498,0.3528071,0.94403076,1,1,0,0.017211914,0.014099121,25.02417,60,180,0,0,255,2,0,1782505550.728852,6
25.03247,25.027071,0.37885666,0.35597956,0.7958069,1,1,0,0.015136719,0.014221191,25.03247,60,180,0,0,255,2,0,1782505550.728852,6
25.031252,25.026539,0.32537556,0.3605451,0.7879944,1,1,0,0.013000488,0.014404297,25.03125,60,180,0,0,255,2,0,1782505550.728852,6
25.032715,25.02858,0.27345544,0.36362162,0.8122864,1,1,0,0.010925293,0.014526367,25.032715,60,180,0,0,255,2,0,1782505550.728852,6
25.031738,25.02805,0.22150646,0.36819038,0.82873535,1,1,0,0.008850098,0.014709473,25.031738,60,180,0,0,255,2,0,1782505550.728852,6
25.038818,25.025942,0.5790115,0.55623657,0.7977905,1,1,0,0.023132324,0.022216797,25.038818,61,180,1,0,255,2,0,1782505550.728852,6
25.031738,25.01991,0.5269254,0.5606616,0.96240234,1,1,0,0.021057129,0.022399902,25.031738,61,180,1,0,255,2,0,1782505550.728852,6
25.028564,25.017738,0.47341457,0.563645,0.7744446,1,1,0,0.018920898,0.022521973,25.028564,61,180,1,0,255,2,0,1782505550.728852,6
25.026367,25.016367,0.42145813,0.5681768,0.7569885,1,1,0,0.016845703,0.022705078,25.026367,61,180,1,0,255,2,0,1782505550.728852,6
25.031738,25.02251,0.36809447,0.5713536,0.8668823,1,1,0,0.014709473,0.022827148,25.031738,61,180,1,0,255,2,0,1782505550.728852,6
25.026365,25.018276,0.26417983,0.57886636,0.69433594,1,1,0,0.010559082,0.023132324,25.026367,61,180,1,0,255,2,0,1782505550.728852,6
25.027102,25.01442,0.5863828,0.5391774,0.6371765,1,1,0,0.0234375,0.02154541,25.0271,26,181,0,0,255,2,0,1782505550.8294704,7
25.031494,25.020008,0.5330385,0.53927207,0.85128784,1,1,0,0.02130127,0.02154541,25.031494,26,181,0,0,255,2,0,1782505550.8294704,7
25.02905,25.018618,0.4810691,0.5392195,0.7420654,1,1,0,0.019226074,0.02154541,25.029053,26,181,0,0,255,2,0,1782505550.8294704,7
25.03125,25.021759,0.42918727,0.5392668,0.68743896,1,1,0,0.017150879,0.02154541,25.03125,26,181,0,0,255,2,0,1782505550.8294704,7
25.031006,25.022408,0.37573087,0.53773415,1.1434326,1,1,0,0.015014648,0.021484375,25.031006,26,181,0,0,255,2,0,1782505550.8294704,7
25.025146,25.017912,0.27028456,0.53760827,0.84869385,1,1,0,0.010803223,0.021484375,25.025146,26,181,0,0,255,2,0,1782505550.8294704,7
25.031006,25.022194,0.58962125,0.30554667,0.7975464,1,1,0,0.02355957,0.012207031,25.031006,28,181,0,0,255,2,0,1782505550.8294704,7
25.031006,25.023397,0.5361667,0.30554667,0.81573486,1,1,0,0.02142334,0.012207031,25.031006,28,181,0,0,255,2,0,1782505550.8294704,7
25.03003,25.02348,0.48421833,0.30553475,0.7715454,1,1,0,0.019348145,0.012207031,25.03003,28,181,0,0,255,2,0,1782505550.8294704,7
25.031248,25.02565,0.4323098,0.30554965,0.99606323,1,1,0,0.01727295,0.012207031,25.03125,28,181,0,0,255,2,0,1782505550.8294704,7
25.032228,25.027494,0.37886307,0.30556157,0.84262085,1,1,0,0.015136719,0.012207031,25.032227,28,181,0,0,255,2,0,1782505550.8294704,7
25.03003,25.02603,0.32689664,0.30553475,0.97698975,1,1,0,0.013061523,0.012207031,25.03003,28,181,0,0,255,2,0,1782505550.8294704,7
25.0271,25.023726,0.2749299,0.305499,0.7732544,1,1,0,0.010986328,0.012207031,25.0271,28,181,0,0,255,2,0,1782505550.8294704,7
25.03125,25.028404,0.2215096,0.30554965,0.6770325,1,1,0,0.008850098,0.012207031,25.03125,28,181,0,0,255,2,0,1782505550.8294704,7
25.034424,25.023304,0.5789504,0.47059014,0.7371216,1,1,0,0.023132324,0.018798828,25.034424,29,181,1,0,255,2,0,1782505550.8294704,7
25.025146,25.015177,0.5268257,0.47041574,0.81347656,1,1,0,0.021057129,0.018798828,25.025146,29,181,1,0,255,2,0,1782505550.8294704,7
25.029541,25.02061,0.47499663,0.47049835,0.7991028,1,1,0,0.018981934,0.018798828,25.029541,29,181,1,0,255,2,0,1782505550.8294704,7
25.025146,25.017176,0.42147177,0.47041574,0.80114746,1,1,0,0.016845703,0.018798828,25.025146,29,181,1,0,255,2,0,1782505550.8294704,7
25.023926,25.016775,0.36953735,0.4703928,0.70358276,1,1,0,0.014770508,0.018798828,25.023926,29,181,1,0,255,2,0,1782505550.8294704,7
25.027344,25.020954,0.3161385,0.46892974,0.76416016,1,1,0,0.012634277,0.018737793,25.027344,29,181,1,0,255,2,0,1782505550.8294704,7
25.026367,25.02058,0.26420417,0.46891144,0.8710022,1,1,0,0.010559082,0.018737793,25.026367,29,181,1,0,255,2,0,1782505550.8294704,7
25.03442,25.026731,0.57597315,0.23072171,0.72579956,1,1,0,0.023010254,0.009216309,25.034424,31,181,1,0,255,2,0,1782505550.8294704,7
25.033447,25.026913,0.52401644,0.22918487,0.72787476,1,1,0,0.020935059,0.009155273,25.033447,31,181,1,0,255,2,0,1782505550.8294704,7
25.035646,25.030144,0.47212106,0.22920498,0.7073059,1,1,0,0.018859863,0.009155273,25.035645,31,181,1,0,255,2,0,1782505550.8294704,7
25.031738,25.02719,0.41858453,0.22916922,0.91207886,1,1,0,0.016723633,0.009155273,25.031738,31,181,1,0,255,2,0,1782505550.8294704,7
25.028809,25.025074,0.36660448,0.2291424,0.6291809,1,1,0,0.0146484375,0.009155273,25.028809,31,181,1,0,255,2,0,1782505550.8294704,7
25.03296,25.029951,0.31319627,0.2291804,0.98706055,1,1,0,0.012512207,0.009155273,25.032959,31,181,1,0,255,2,0,1782505550.8294704,7
25.028076,25.018702,0.5880111,0.35133475,0.7637329,1,1,0,0.023498535,0.014038086,25.028076,60,181,0,0,255,2,0,1782505550.8294704,7
25.02417,25.016027,0.53600883,0.34669828,0.7897339,1,1,0,0.02142334,0.0138549805,25.02417,60,181,0,0,255,2,0,1782505550.8294704,7
25.030031,25.02291,0.48267943,0.35136217,0.7749939,1,1,0,0.01928711,0.014038086,25.03003,60,181,0,0,255,2,0,1782505550.8294704,7
25.027102,25.020885,0.43069986,0.3543758,0.7862549,1,1,0,0.017211914,0.014160156,25.0271,60,181,0,0,255,2,0,1782505550.8294704,7
25.0271,25.021658,0.37877473,0.35895795,0.83480835,1,1,0,0.015136719,0.014343262,25.0271,60,181,0,0,255,2,0,1782505550.8294704,7
25.029053,25.024319,0.3253467,0.36204094,0.68917847,1,1,0,0.013000488,0.014465332,25.029053,60,181,0,0,255,2,0,1782505550.8294704,7
25.025146,25.020967,0.2733723,0.36656618,0.7585144,1,1,0,0.010925293,0.0146484375,25.025146,60,181,0,0,255,2,0,1782505550.8294704,7
25.025145,25.021437,0.22144794,0.36962068,0.81399536,1,1,0,0.008850098,0.014770508,25.025146,60,181,0,0,255,2,0,1782505550.8294704,7
25.040037,25.027092,0.5790381,0.5593196,0.74328613,1,1,0,0.023132324,0.022338867,25.04004,61,181,1,0,255,2,0,1782505550.8294704,7
25.034424,25.022558,0.5254532,0.56377697,0.72888184,1,1,0,0.020996094,0.022521973,25.034424,61,181,1,0,255,2,0,1782505550.8294704,7
25.029541,25.018646,0.47343177,0.56672156,0.7867737,1,1,0,0.018920898,0.022644043,25.029541,61,181,1,0,255,2,0,1782505550.8294704,7
25.028564,25.018494,0.42149398,0.57128114,0.78985596,1,1,0,0.016845703,0.022827148,25.028564,61,181,1,0,255,2,0,1782505550.8294704,7
25.027344,25.018047,0.36802882,0.5743076,0.7487488,1,1,0,0.014709473,0.022949219,25.027344,61,181,1,0,255,2,0,1782505550.8294704,7
25.026365,25.017673,0.31609705,0.57886636,0.8216858,1,1,0,0.012634277,0.023132324,25.026367,61,181,1,0,255,2,0,1782505550.8294704,7
25.019531,25.011372,0.26410693,0.5817616,0.7579956,1,1,0,0.010559082,0.023254395,25.019531,61,181,1,0,255,2,0,1782505550.8294704,7
25.031248,25.018566,0.5864801,0.5392668,0.7489929,1,1,0,0.0234375,0.02154541,25.03125,26,182,0,0,255,2,0,1782505550.9276948,8
25.026125,25.014606,0.53445095,0.5391564,0.7472534,1,1,0,0.021362305,0.02154541,25.026123,26,182,0,0,255,2,0,1782505550.9276948,8
25.0271,25.016666,0.48103157,0.5391774,0.7793274,1,1,0,0.019226074,0.02154541,25.0271,26,182,0,0,255,2,0,1782505550.9276948,8
25.0271,25.01761,0.42911613,0.5391774,1.0957642,1,1,0,0.017150879,0.02154541,25.0271,26,182,0,0,255,2,0,1782505550.9276948,8
25.032715,25.024094,0.3772839,0.53777087,0.82180786,1,1,0,0.015075684,0.021484375,25.032715,26,182,0,0,255,2,0,1782505550.9276948,8
25.03003,25.022158,0.3237911,0.53771317,0.67529297,1,1,0,0.012939453,0.021484375,25.03003,26,182,0,0,255,2,0,1782505550.9276948,8
25.03125,25.023996,0.27187786,0.5377394,0.7568054,1,1,0,0.010864258,0.021484375,25.03125,26,182,0,0,255,2,0,1782505550.9276948,8
25.031252,25.023706,0.53311735,0.30554965,0.69610596,1,1,0,0.02130127,0.012207031,25.03125,28,182,0,0,255,2,0,1782505550.9276948,8
25.025146,25.018686,0.4795428,0.30547515,0.6779175,1,1,0,0.019165039,0.012207031,25.025146,28,182,0,0,255,2,0,1782505550.9276948,8
25.03247,25.02695,0.4277483,0.30556455,1.0671387,1,1,0,0.017089844,0.012207031,25.03247,28,182,0,0,255,2,0,1782505550.9276948,8
25.032227,25.027563,0.3742804,0.30556157,0.96310425,1,1,0,0.014953613,0.012207031,25.032227,28,182,0,0,255,2,0,1782505550.9276948,8
25.03247,25.02853,0.3223457,0.30556455,1.0602112,1,1,0,0.012878418,0.012207031,25.03247,28,182,0,0,255,2,0,1782505550.9276948,8
25.022219,25.018894,0.27029517,0.30543938,0.83654785,1,1,0,0.010803223,0.012207031,25.022217,28,182,0,0,255,2,0,1782505550.9276948,8
25.046143,25.035088,0.57616544,0.4708104,1.1288147,1,1,0,0.023010254,0.018798828,25.046143,29,182,1,0,255,2,0,1782505550.9276948,8
25.035645,25.025768,0.52246433,0.4706131,0.7761841,1,1,0,0.020874023,0.018798828,25.035645,29,182,1,0,255,2,0,1782505550.9276948,8
25.028566,25.019722,0.47039688,0.47048,0.8977051,1,1,0,0.018798828,0.018798828,25.028564,29,182,1,0,255,2,0,1782505550.9276948,8
25.040041,25.03214,0.41713908,0.47069567,0.6672058,1,1,0,0.016662598,0.018798828,25.04004,29,182,1,0,255,2,0,1782505550.9276948,8
25.02173,25.014647,0.3649246,0.4703515,0.734375,1,1,0,0.014587402,0.018798828,25.021729,29,182,1,0,255,2,0,1782505550.9276948,8
25.019533,25.013155,0.31298608,0.47031018,0.7456665,1,1,0,0.012512207,0.018798828,25.019531,29,182,1,0,255,2,0,1782505550.9276948,8
25.027344,25.021605,0.2596329,0.46892974,0.81140137,1,1,0,0.010375977,0.018737793,25.027344,29,182,1,0,255,2,0,1782505550.9276948,8
25.025145,25.017471,0.57576,0.22910887,0.9038696,1,1,0,0.023010254,0.009155273,25.025146,31,182,1,0,255,2,0,1782505550.9276948,8
25.029541,25.023006,0.52393466,0.2291491,0.7107544,1,1,0,0.020935059,0.009155273,25.029541,31,182,1,0,255,2,0,1782505550.9276948,8
25.031738,25.026237,0.4720474,0.22916922,0.80526733,1,1,0,0.018859863,0.009155273,25.031738,31,182,1,0,255,2,0,1782505550.9276948,8
25.022951,25.018402,0.41843754,0.22908875,0.7579956,1,1,0,0.016723633,0.009155273,25.02295,31,182,1,0,255,2,0,1782505550.9276948,8
25.02295,25.019217,0.36651865,0.22908875,0.7333679,1,1,0,0.0146484375,0.009155273,25.02295,31,182,1,0,255,2,0,1782505550.9276948,8
25.027344,25.024336,0.313126,0.22912899,0.85250854,1,1,0,0.012512207,0.009155273,25.027344,31,182,1,0,255,2,0,1782505550.9276948,8
25.030762,25.028349,0.26123068,0.22916028,0.89974976,1,1,0,0.010437012,0.009155273,25.030762,31,182,1,0,255,2,0,1782505550.9276948,8
25.028076,25.018723,0.58801156,0.3498073,0.72732544,1,1,0,0.023498535,0.013977051,25.028076,60,182,0,0,255,2,0,1782505550.9276948,8
25.031252,25.023148,0.5361614,0.34374112,0.7403259,1,1,0,0.02142334,0.01373291,25.03125,60,182,0,0,255,2,0,1782505550.9276948,8
25.032475,25.025415,0.48272777,0.3468133,0.6571045,1,1,0,0.01928711,0.0138549805,25.03247,60,182,0,0,255,2,0,1782505550.9276948,8
25.031738,25.025564,0.4307804,0.35138616,0.84002686,1,1,0,0.017211914,0.014038086,25.031738,60,182,0,0,255,2,0,1782505550.9276948,8
25.031248,25.025873,0.3788385,0.35443458,0.7602539,1,1,0,0.015136719,0.014160156,25.03125,60,182,0,0,255,2,0,1782505550.9276948,8
25.03125,25.02656,0.32537583,0.35901746,0.7663269,1,1,0,0.013000488,0.014343262,25.03125,60,182,0,0,255,2,0,1782505550.9276948,8
25.03125,25.027138,0.2734397,0.3620727,0.7585144,1,1,0,0.010925293,0.014465332,25.03125,60,182,0,0,255,2,0,1782505550.9276948,8
25.031982,25.02833,0.21998124,0.36666632,0.7897339,1,1,0,0.0087890625,0.0146484375,25.031982,60,182,0,0,255,2,0,1782505550.9276948,8
25.042236,25.029358,0.57909054,0.5563125,0.7720642,1,1,0,0.023132324,0.022216797,25.042236,61,182,1,0,255,2,0,1782505550.9276948,8
25.026367,25.014608,0.52528626,0.5590142,0.76828,1,1,0,0.020996094,0.022338867,25.026367,61,182,1,0,255,2,0,1782505550.9276948,8
25.031738,25.020912,0.47347462,0.5637165,0.85043335,1,1,0,0.018920898,0.022521973,25.031738,61,182,1,0,255,2,0,1782505550.9276948,8
25.030764,25.020796,0.42153275,0.5667492,0.8833008,1,1,0,0.016845703,0.022644043,25.030762,61,182,1,0,255,2,0,1782505550.9276948,8
25.028564,25.019337,0.36804777,0.57128114,0.7846985,1,1,0,0.014709473,0.022827148,25.028564,61,182,1,0,255,2,0,1782505550.9276948,8
25.030762,25.022173,0.31615388,0.574386,0.9059143,1,1,0,0.012634277,0.022949219,25.030762,61,182,1,0,255,2,0,1782505550.9276948,8
25.027344,25.01927,0.2626631,0.57888895,0.9038696,1,1,0,0.010498047,0.023132324,25.027344,61,182,1,0,255,2,0,1782505550.9276948,8
25.030027,25.018509,0.53453434,0.53924054,0.85736084,1,1,0,0.021362305,0.02154541,25.03003,26,183,0,0,255,2,0,1782505551.0277321,9
25.03125,25.020786,0.48263848,0.5392668,0.7845459,1,1,0,0.01928711,0.02154541,25.03125,26,183,0,0,255,2,0,1782505551.0277321,9
25.0271,25.017586,0.43064308,0.5391774,0.7325134,1,1,0,0.017211914,0.02154541,25.0271,26,183,0,0,255,2,0,1782505551.0277321,9
25.031006,25.022385,0.37725815,0.53773415,1.0419922,1,1,0,0.015075684,0.021484375,25.031006,26,183,0,0,255,2,0,1782505551.0277321,9
25.03003,25.022758,0.27339184,0.53771317,0.60595703,1,1,0,0.010925293,0.021484375,25.03003,26,183,0,0,255,2,0,1782505551.0277321,9
25.03247,25.025726,0.21995835,0.5377656,0.8781738,1,1,0,0.0087890625,0.021484375,25.03247,26,183,0,0,255,2,0,1782505551.0277321,9
25.031494,25.022755,0.5865782,0.30555263,0.74380493,1,1,0,0.0234375,0.012207031,25.031494,28,183,0,0,255,2,0,1782505551.0277321,9
25.027098,25.019524,0.53455603,0.305499,0.86343384,1,1,0,0.021362305,0.012207031,25.0271,28,183,0,0,255,2,0,1782505551.0277321,9
25.029053,25.022533,0.48267218,0.30552283,0.667511,1,1,0,0.01928711,0.012207031,25.029053,28,183,0,0,255,2,0,1782505551.0277321,9
25.030025,25.025318,0.37730238,0.30553475,0.60336304,1,1,0,0.015075684,0.012207031,25.03003,28,183,0,0,255,2,0,1782505551.0277321,9
25.0271,25.02314,0.3238038,0.305499,1.0342102,1,1,0,0.012939453,0.012207031,25.0271,28,183,0,0,255,2,0,1782505551.0277321,9
25.0271,25.023758,0.27187526,0.305499,0.7533264,1,1,0,0.010864258,0.012207031,25.0271,28,183,0,0,255,2,0,1782505551.0277321,9
25.03125,25.028418,0.219982,0.30554965,0.646698,1,1,0,0.0087890625,0.012207031,25.03125,28,183,0,0,255,2,0,1782505551.0277321,9
25.036621,25.027746,0.47207585,0.47063145,0.69189453,1,1,0,0.018859863,0.018798828,25.036621,29,183,1,0,255,2,0,1782505551.0277321,9
25.031738,25.025366,0.31466657,0.46901208,0.7949829,1,1,0,0.012573242,0.018737793,25.031738,29,183,1,0,255,2,0,1782505551.0277321,9
25.027832,25.020193,0.57429475,0.22913346,0.62197876,1,1,0,0.022949219,0.009155273,25.027832,31,183,1,0,255,2,0,1782505551.0277321,9
25.021729,25.016287,0.46880487,0.22907758,0.69433594,1,1,0,0.018737793,0.009155273,25.021729,31,183,1,0,255,2,0,1782505551.0277321,9
25.02954,25.025017,0.41702038,0.2291491,0.86276245,1,1,0,0.016662598,0.009155273,25.029541,31,183,1,0,255,2,0,1782505551.0277321,9
25.025146,25.022158,0.3115713,0.22910887,0.77752686,1,1,0,0.012451172,0.009155273,25.025146,31,183,1,0,255,2,0,1782505551.0277321,9
25.03247,25.024347,0.5361871,0.34528556,0.7455139,1,1,0,0.02142334,0.013793945,25.03247,60,183,0,0,255,2,0,1782505551.0277321,9
25.03125,25.02412,0.48423073,0.34985164,0.70043945,1,1,0,0.019348145,0.013977051,25.03125,60,183,0,0,255,2,0,1782505551.0277321,9
25.032715,25.026518,0.43079683,0.35292757,0.85562134,1,1,0,0.017211914,0.014099121,25.032715,60,183,0,0,255,2,0,1782505551.0277321,9
25.031252,25.025831,0.37883788,0.35748982,0.7585144,1,1,0,0.015136719,0.014282227,25.03125,60,183,0,0,255,2,0,1782505551.0277321,9
25.03296,25.028229,0.32692537,0.3605697,0.84262085,1,1,0,0.013061523,0.014404297,25.032959,60,183,0,0,255,2,0,1782505551.0277321,9
25.033937,25.02978,0.27346855,0.36516714,0.68569946,1,1,0,0.010925293,0.014587402,25.033936,60,183,0,0,255,2,0,1782505551.0277321,9
25.03125,25.027561,0.22150214,0.3681832,0.7663269,1,1,0,0.008850098,0.014709473,25.03125,60,183,0,0,255,2,0,1782505551.0277321,9
25.041258,25.028347,0.5790671,0.55781883,0.73095703,1,1,0,0.023132324,0.022277832,25.04126,61,183,1,0,255,2,0,1782505551.0277321,9
25.028809,25.016947,0.526863,0.56212324,0.6538391,1,1,0,0.021057129,0.022460938,25.028809,61,183,1,0,255,2,0,1782505551.0277321,9
25.032957,25.022095,0.47349703,0.56527144,0.8935852,1,1,0,0.018920898,0.022583008,25.032959,61,183,1,0,255,2,0,1782505551.0277321,9
25.026367,25.016333,0.42145756,0.5697039,0.7693176,1,1,0,0.016845703,0.022766113,25.026367,61,183,1,0,255,2,0,1782505551.0277321,9
25.030762,25.021475,0.36960676,0.57285863,0.7610779,1,1,0,0.014770508,0.022888184,25.030762,61,183,1,0,255,2,0,1782505551.0277321,9
25.030762,25.022102,0.316153,0.5774407,0.9161682,1,1,0,0.012634277,0.023071289,25.030762,61,183,1,0,255,2,0,1782505551.0277321,9
25.023926,25.015802,0.26415372,0.58033687,0.76623535,1,1,0,0.010559082,0.02319336,25.023926,61,183,1,0,255,2,0,1782505551.0277321,9
25.032469,25.024578,0.32535008,0.5377656,0.7619934,1,1,0,0.013000488,0.021484375,25.03247,26,184,0,0,255,2,0,1782505551.127918,10
25.025146,25.017878,0.27333853,0.53760827,0.70999146,1,1,0,0.010925293,0.021484375,25.025146,26,184,0,0,255,2,0,1782505551.127918,10
25.026123,25.01938,0.21990258,0.53762925,0.7602539,1,1,0,0.0087890625,0.021484375,25.026123,26,184,0,0,255,2,0,1782505551.127918,10
25.0271,25.018326,0.5880022,0.305499,0.84002686,1,1,0,0.023498535,0.012207031,25.0271,28,184,0,0,255,2,0,1782505551.127918,10
25.032959,25.025383,0.5346812,0.3055705,0.8972168,1,1,0,0.021362305,0.012207031,25.032959,28,184,0,0,255,2,0,1782505551.127918,10
25.031984,25.025463,0.48272866,0.3055586,0.7680664,1,1,0,0.01928711,0.012207031,25.031982,28,184,0,0,255,2,0,1782505551.127918,10
25.034178,25.028631,0.42930517,0.3055854,1.1052856,1,1,0,0.017150879,0.012207031,25.03418,28,184,0,0,255,2,0,1782505551.127918,10
25.02905,25.024343,0.37728766,0.30552283,0.85910034,1,1,0,0.015075684,0.012207031,25.029053,28,184,0,0,255,2,0,1782505551.127918,10
25.036865,25.02578,0.5774795,0.47063604,1.1914368,1,1,0,0.023071289,0.018798828,25.036865,29,184,1,0,255,2,0,1782505551.127918,10
25.027344,25.018444,0.47342792,0.47045705,0.8340149,1,1,0,0.018920898,0.018798828,25.027344,29,184,1,0,255,2,0,1782505551.127918,10
25.030764,25.022816,0.4200391,0.4705213,0.807312,1,1,0,0.016784668,0.018798828,25.030762,29,184,1,0,255,2,0,1782505551.127918,10
25.029543,25.022442,0.36809346,0.4689709,0.88742065,1,1,0,0.014709473,0.018737793,25.029541,29,184,1,0,255,2,0,1782505551.127918,10
25.020752,25.014381,0.31452844,0.4688062,0.70358276,1,1,0,0.012573242,0.018737793,25.020752,29,184,1,0,255,2,0,1782505551.127918,10
25.023928,25.018156,0.2626514,0.4688657,0.85043335,1,1,0,0.010498047,0.018737793,25.023926,29,184,1,0,255,2,0,1782505551.127918,10
25.031738,25.023993,0.5789664,0.22916922,1.1092834,1,1,0,0.023132324,0.009155273,25.031738,31,184,1,0,255,2,0,1782505551.127918,10
25.036623,25.030022,0.52713835,0.22921392,0.7731018,1,1,0,0.021057129,0.009155273,25.036621,31,184,1,0,255,2,0,1782505551.127918,10
25.037842,25.032282,0.4752182,0.2292251,0.7227173,1,1,0,0.018981934,0.009155273,25.037842,31,184,1,0,255,2,0,1782505551.127918,10
25.035646,25.031044,0.4217054,0.22920498,0.67544556,1,1,0,0.016845703,0.009155273,25.035645,31,184,1,0,255,2,0,1782505551.127918,10
25.030762,25.026983,0.36968812,0.22916028,0.80526733,1,1,0,0.014770508,0.009155273,25.030762,31,184,1,0,255,2,0,1782505551.127918,10
25.034668,25.03162,0.31627327,0.22919604,0.94595337,1,1,0,0.012634277,0.009155273,25.034668,31,184,1,0,255,2,0,1782505551.127918,10
25.025146,25.022703,0.2642266,0.22910887,0.7333679,1,1,0,0.010559082,0.009155273,25.025146,31,184,1,0,255,2,0,1782505551.127918,10
25.033447,25.024092,0.58813775,0.34988236,0.67529297,1,1,0,0.023498535,0.013977051,25.033447,60,184,0,0,255,2,0,1782505551.127918,10
25.03125,25.023138,0.5346332,0.3467964,0.7975464,1,1,0,0.021362305,0.0138549805,25.03125,60,184,0,0,255,2,0,1782505551.127918,10
25.033447,25.026325,0.48274535,0.35141015,0.7793274,1,1,0,0.01928711,0.014038086,25.033447,60,184,0,0,255,2,0,1782505551.127918,10
25.031006,25.024815,0.42923966,0.35443112,0.7680664,1,1,0,0.017150879,0.014160156,25.031006,60,184,0,0,255,2,0,1782505551.127918,10
25.031248,25.02583,0.3773101,0.35901746,0.85736084,1,1,0,0.015075684,0.014343262,25.03125,60,184,0,0,255,2,0,1782505551.127918,10
25.032227,25.027493,0.32538795,0.36208683,0.7507324,1,1,0,0.013000488,0.014465332,25.032227,60,184,0,0,255,2,0,1782505551.127918,10
25.0271,25.022938,0.27186635,0.3665948,0.70391846,1,1,0,0.010864258,0.0146484375,25.0271,60,184,0,0,255,2,0,1782505551.127918,10
25.03247,25.028772,0.21998513,0.36972886,0.84869385,1,1,0,0.0087890625,0.014770508,25.03247,60,184,0,0,255,2,0,1782505551.127918,10
25.04126,25.028349,0.5775387,0.55934685,0.8635864,1,1,0,0.023071289,0.022338867,25.04126,61,184,1,0,255,2,0,1782505551.127918,10
25.027344,25.015482,0.5253046,0.5636175,0.71383667,1,1,0,0.020996094,0.022521973,25.027344,61,184,1,0,255,2,0,1782505551.127918,10
25.030762,25.019894,0.47192776,0.5667492,0.9059143,1,1,0,0.018859863,0.022644043,25.030762,61,184,1,0,255,2,0,1782505551.127918,10
25.026367,25.016323,0.41993013,0.571231,0.7723999,1,1,0,0.016784668,0.022827148,25.026367,61,184,1,0,255,2,0,1782505551.127918,10
25.023926,25.01463,0.36797854,0.5742292,0.80114746,1,1,0,0.014709473,0.022949219,25.023926,61,184,1,0,255,2,0,1782505551.127918,10
25.035156,25.02648,0.31468055,0.5790697,1.0620422,1,1,0,0.012573242,0.023132324,25.035156,61,184,1,0,255,2,0,1782505551.127918,10
25.02637,25.018225,0.26265213,0.58192056,0.82580566,1,1,0,0.010498047,0.023254395,25.026367,61,184,1,0,255,2,0,1782505551.127918,10
25.026123,25.013443,0.58636,0.5391564,0.6926575,1,1,0,0.0234375,0.02154541,25.026123,26,185,0,0,255,2,0,1782505551.228771,11
25.031252,25.019764,0.5330333,0.5392668,0.7619934,1,1,0,0.02130127,0.02154541,25.03125,26,185,0,0,255,2,0,1782505551.228771,11
25.031006,25.02057,0.48110664,0.5392616,0.8807678,1,1,0,0.019226074,0.02154541,25.031006,26,185,0,0,255,2,0,1782505551.228771,11
25.032225,25.022736,0.42920402,0.53928787,0.6285095,1,1,0,0.017150879,0.02154541,25.032227,26,185,0,0,255,2,0,1782505551.228771,11
25.03247,25.023872,0.37575287,0.5377656,1.1312866,1,1,0,0.015014648,0.021484375,25.03247,26,185,0,0,255,2,0,1782505551.228771,11
25.031252,25.023378,0.32380688,0.5377394,0.7472534,1,1,0,0.012939453,0.021484375,25.03125,26,185,0,0,255,2,0,1782505551.228771,11
25.03247,25.023659,0.58965576,0.30556455,0.7940674,1,1,0,0.02355957,0.012207031,25.03247,28,185,0,0,255,2,0,1782505551.228771,11
25.026121,25.018515,0.5360622,0.30548707,0.85562134,1,1,0,0.02142334,0.012207031,25.026123,28,185,0,0,255,2,0,1782505551.228771,11
25.02905,25.022503,0.48419943,0.30552283,0.7793274,1,1,0,0.019348145,0.012207031,25.029053,28,185,0,0,255,2,0,1782505551.228771,11
25.028074,25.022476,0.43225497,0.3055109,1.0376587,1,1,0,0.01727295,0.012207031,25.028076,28,185,0,0,255,2,0,1782505551.228771,11
25.028074,25.023344,0.37880024,0.3055109,0.7698059,1,1,0,0.015136719,0.012207031,25.028076,28,185,0,0,255,2,0,1782505551.228771,11
25.026121,25.022123,0.32684562,0.30548707,0.7958069,1,1,0,0.013061523,0.012207031,25.026123,28,185,0,0,255,2,0,1782505551.228771,11
25.031006,25.02763,0.27497283,0.30554667,0.7637329,1,1,0,0.010986328,0.012207031,25.031006,28,185,0,0,255,2,0,1782505551.228771,11
25.032227,25.02938,0.22151825,0.30556157,0.618103,1,1,0,0.008850098,0.012207031,25.032227,28,185,0,0,255,2,0,1782505551.228771,11
25.02881,25.017693,0.5788206,0.47048458,0.657959,1,1,0,0.023132324,0.018798828,25.028809,29,185,1,0,255,2,0,1782505551.228771,11
25.035643,25.025671,0.52704674,0.4706131,0.7720642,1,1,0,0.021057129,0.018798828,25.035645,29,185,1,0,255,2,0,1782505551.228771,11
25.032959,25.024027,0.47506148,0.4705626,0.8956299,1,1,0,0.018981934,0.018798828,25.032959,29,185,1,0,255,2,0,1782505551.228771,11
25.023926,25.015955,0.4214512,0.4703928,0.7127991,1,1,0,0.016845703,0.018798828,25.023926,29,185,1,0,255,2,0,1782505551.228771,11
25.03174,25.024586,0.36965272,0.47053966,0.7991028,1,1,0,0.014770508,0.018798828,25.031738,29,185,1,0,255,2,0,1782505551.228771,11
25.028564,25.022156,0.31768116,0.4689526,0.8730469,1,1,0,0.0126953125,0.018737793,25.028564,29,185,1,0,255,2,0,1782505551.228771,11
25.023926,25.018139,0.2641784,0.4688657,0.80114746,1,1,0,0.010559082,0.018737793,25.023926,29,185,1,0,255,2,0,1782505551.228771,11
25.035156,25.027445,0.57751787,0.22920051,0.9408264,1,1,0,0.023071289,0.009155273,25.035156,31,185,1,0,255,2,0,1782505551.228771,11
25.025146,25.018581,0.5253697,0.22910887,0.7713623,1,1,0,0.020996094,0.009155273,25.025146,31,185,1,0,255,2,0,1782505551.228771,11
25.025146,25.020573,0.42000145,0.22910887,0.79293823,1,1,0,0.016784668,0.009155273,25.025146,31,185,1,0,255,2,0,1782505551.228771,11
25.026367,25.022633,0.3665687,0.22912005,0.70666504,1,1,0,0.0146484375,0.009155273,25.026367,31,185,1,0,255,2,0,1782505551.228771,11
25.025146,25.02212,0.31462574,0.22910887,0.6635132,1,1,0,0.012573242,0.009155273,25.025146,31,185,1,0,255,2,0,1782505551.228771,11
25.021484,25.019058,0.2626609,0.22907534,0.8127136,1,1,0,0.010498047,0.009155273,25.021484,31,185,1,0,255,2,0,1782505551.228771,11
25.031248,25.02185,0.5880851,0.3529069,1.0159912,1,1,0,0.023498535,0.014099121,25.03125,60,185,0,0,255,2,0,1782505551.228771,11
25.031252,25.023106,0.5361605,0.3467964,1.0402832,1,1,0,0.02142334,0.0138549805,25.03125,60,185,0,0,255,2,0,1782505551.228771,11
25.029053,25.021954,0.48266098,0.34982094,0.7828064,1,1,0,0.01928711,0.013977051,25.029053,60,185,0,0,255,2,0,1782505551.228771,11
25.031248,25.025032,0.43077126,0.35443458,0.7403259,1,1,0,0.017211914,0.014160156,25.03125,60,185,0,0,255,2,0,1782505551.228771,11
25.031006,25.026272,0.3253721,0.3620692,0.98132324,1,1,0,0.013000488,0.014465332,25.031006,60,185,0,0,255,2,0,1782505551.228771,11
25.03125,25.027094,0.27343923,0.36512798,0.82006836,1,1,0,0.010925293,0.014587402,25.03125,60,185,0,0,255,2,0,1782505551.228771,11
25.031738,25.02804,0.21997869,0.36971804,1.1113586,1,1,0,0.0087890625,0.014770508,25.031738,60,185,0,0,255,2,0,1782505551.228771,11
25.027342,25.014404,0.57874453,0.559036,0.829895,1,1,0,0.023132324,0.022338867,25.027344,61,185,1,0,255,2,0,1782505551.228771,11
25.022951,25.011124,0.52521306,0.56199163,0.7446594,1,1,0,0.020996094,0.022460938,25.02295,61,185,1,0,255,2,0,1782505551.228771,11
25.028564,25.017704,0.4734139,0.5651722,0.7991028,1,1,0,0.018920898,0.022583008,25.028564,61,185,1,0,255,2,0,1782505551.228771,11
25.028564,25.018528,0.42149454,0.5697539,0.7076721,1,1,0,0.016845703,0.022766113,25.028564,61,185,1,0,255,2,0,1782505551.228771,11
25.025146,25.01585,0.36799648,0.5742572,0.78778076,1,1,0,0.014709473,0.022949219,25.025146,61,185,1,0,255,2,0,1782505551.228771,11
25.025146,25.016489,0.3160821,0.57731116,0.7456665,1,1,0,0.012634277,0.023071289,25.025146,61,185,1,0,255,2,0,1782505551.228771,11
25.025148,25.017038,0.26263967,0.5803652,0.76416016,1,1,0,0.010498047,0.02319336,25.025146,61,185,1,0,255,2,0,1782505551.228771,11
25.03125,25.01973,0.53456044,0.5392668,0.7940674,1,1,0,0.021362305,0.02154541,25.03125,26,186,0,0,255,2,0,1782505551.3293188,12
25.033937,25.024445,0.42923334,0.5393247,0.7698059,1,1,0,0.017150879,0.02154541,25.033936,26,186,0,0,255,2,0,1782505551.3293188,12
25.03247,25.023817,0.37727973,0.5392931,0.68310547,1,1,0,0.015075684,0.02154541,25.03247,26,186,0,0,255,2,0,1782505551.3293188,12
25.028076,25.020824,0.2718434,0.5376712,0.70825195,1,1,0,0.010864258,0.021484375,25.028076,26,186,0,0,255,2,0,1782505551.3293188,12
25.032715,25.02394,0.58813417,0.30556753,1.1018066,1,1,0,0.023498535,0.012207031,25.032715,28,186,0,0,255,2,0,1782505551.3293188,12
25.028076,25.021557,0.48265335,0.3055109,1.0108032,1,1,0,0.01928711,0.012207031,25.028076,28,186,0,0,255,2,0,1782505551.3293188,12
25.0271,25.021528,0.4307109,0.305499,0.72125244,1,1,0,0.017211914,0.012207031,25.0271,28,186,0,0,255,2,0,1782505551.3293188,12
25.03125,25.02727,0.32538506,0.30554965,0.8027344,1,1,0,0.013000488,0.012207031,25.03125,28,186,0,0,255,2,0,1782505551.3293188,12
25.02295,25.01187,0.57715845,0.47037444,0.7364502,1,1,0,0.023071289,0.018798828,25.02295,29,186,1,0,255,2,0,1782505551.3293188,12
25.029543,25.020641,0.4734695,0.47049835,0.92645264,1,1,0,0.018920898,0.018798828,25.029541,29,186,1,0,255,2,0,1782505551.3293188,12
25.032957,25.025856,0.3681437,0.46903494,0.8915405,1,1,0,0.014709473,0.018737793,25.032959,29,186,1,0,255,2,0,1782505551.3293188,12
25.031738,25.025347,0.316194,0.46901208,0.8483887,1,1,0,0.012634277,0.018737793,25.031738,29,186,1,0,255,2,0,1782505551.3293188,12
25.02295,25.01718,0.26264116,0.4688474,0.69433594,1,1,0,0.010498047,0.018737793,25.02295,29,186,1,0,255,2,0,1782505551.3293188,12
25.029541,25.021832,0.57738835,0.2291491,0.9428711,1,1,0,0.023071289,0.009155273,25.029541,31,186,1,0,255,2,0,1782505551.3293188,12
25.027344,25.020779,0.52541584,0.22912899,0.8483887,1,1,0,0.020996094,0.009155273,25.027344,31,186,1,0,255,2,0,1782505551.3293188,12
25.030762,25.025232,0.4735564,0.22916028,0.96136475,1,1,0,0.018920898,0.009155273,25.030762,31,186,1,0,255,2,0,1782505551.3293188,12
25.026367,25.021793,0.42002195,0.22912005,0.8668823,1,1,0,0.016784668,0.009155273,25.026367,31,186,1,0,255,2,0,1782505551.3293188,12
25.030762,25.027004,0.36816058,0.22916028,1.0230103,1,1,0,0.014709473,0.009155273,25.030762,31,186,1,0,255,2,0,1782505551.3293188,12
25.026367,25.02334,0.3146411,0.22912005,0.85250854,1,1,0,0.012573242,0.009155273,25.026367,31,186,1,0,255,2,0,1782505551.3293188,12
25.030762,25.028334,0.26275828,0.22916028,0.76623535,1,1,0,0.010498047,0.009155273,25.030762,31,186,1,0,255,2,0,1782505551.3293188,12
25.030031,25.020805,0.58347654,0.34830704,0.7698059,1,1,0,0.02331543,0.013916016,25.03003,60,186,0,0,255,2,0,1782505551.3293188,12
25.032717,25.0247,0.53008235,0.3468167,0.7879944,1,1,0,0.0211792,0.0138549805,25.032715,60,186,0,0,255,2,0,1782505551.3293188,12
25.02905,25.022018,0.47807893,0.35134846,0.7975464,1,1,0,0.019104004,0.014038086,25.029053,60,186,0,0,255,2,0,1782505551.3293188,12
25.031006,25.024893,0.42465746,0.35443112,0.7732544,1,1,0,0.016967773,0.014160156,25.031006,60,186,0,0,255,2,0,1782505551.3293188,12
25.028076,25.022726,0.37268046,0.35897195,0.70825195,1,1,0,0.014892578,0.014343262,25.028076,60,186,0,0,255,2,0,1782505551.3293188,12
25.030031,25.025333,0.32077685,0.3635826,0.7793274,1,1,0,0.012817383,0.014526367,25.03003,60,186,0,0,255,2,0,1782505551.3293188,12
25.033203,25.029089,0.2673497,0.3666842,0.8825073,1,1,0,0.010681152,0.0146484375,25.033203,60,186,0,0,255,2,0,1782505551.3293188,12
25.028563,25.015764,0.57266545,0.5590633,0.8586731,1,1,0,0.022888184,0.022338867,25.028564,61,186,1,0,255,2,0,1782505551.3293188,12
25.034424,25.022654,0.5208714,0.56377697,0.6548767,1,1,0,0.020812988,0.022521973,25.034424,61,186,1,0,255,2,0,1782505551.3293188,12
25.04004,25.029253,0.46751964,0.56695926,0.8244934,1,1,0,0.018676758,0.022644043,25.04004,61,186,1,0,255,2,0,1782505551.3293188,12
25.023926,25.013958,0.41530898,0.5711753,0.7189636,1,1,0,0.016601562,0.022827148,25.023926,61,186,1,0,255,2,0,1782505551.3293188,12
25.028563,25.019333,0.36346558,0.57433563,0.87509155,1,1,0,0.014526367,0.022949219,25.028564,61,186,1,0,255,2,0,1782505551.3293188,12
25.02295,25.014334,0.3099469,0.5787873,0.7579956,1,1,0,0.012390137,0.023132324,25.02295,61,186,1,0,255,2,0,1782505551.3293188,12
25.036377,25.028276,0.25817436,0.5821533,0.92645264,1,1,0,0.010314941,0.023254395,25.036377,61,186,1,0,255,2,0,1782505551.3293188,12
25.032228,25.019472,0.5895571,0.53928787,1.267395,1,1,0,0.02355957,0.02154541,25.032227,26,187,0,0,255,2,0,1782505551.4303548,13
25.032715,25.02222,0.48419398,0.53929836,0.7975464,1,1,0,0.019348145,0.02154541,25.032715,26,187,0,0,255,2,0,1782505551.4303548,13
25.0271,25.01756,0.43217,0.5391774,0.7845459,1,1,0,0.01727295,0.02154541,25.0271,26,187,0,0,255,2,0,1782505551.4303548,13
25.03125,25.022606,0.37878907,0.5377394,0.84262085,1,1,0,0.015136719,0.021484375,25.03125,26,187,0,0,255,2,0,1782505551.4303548,13
25.0271,25.01919,0.32680732,0.5376502,0.7489929,1,1,0,0.013061523,0.021484375,25.0271,26,187,0,0,255,2,0,1782505551.4303548,13
25.032227,25.025469,0.22148363,0.5377604,0.7307739,1,1,0,0.008850098,0.021484375,25.032227,26,187,0,0,255,2,0,1782505551.4303548,13
25.032715,25.025152,0.5331481,0.30709532,0.82702637,1,1,0,0.02130127,0.012268066,25.032715,28,187,0,0,255,2,0,1782505551.4303548,13
25.03003,25.025343,0.37577495,0.30553475,0.72125244,1,1,0,0.015014648,0.012207031,25.03003,28,187,0,0,255,2,0,1782505551.4303548,13
25.025146,25.021187,0.32377854,0.30547515,0.7975464,1,1,0,0.012939453,0.012207031,25.025146,28,187,0,0,255,2,0,1782505551.4303548,13
25.031006,25.02768,0.27039012,0.30554667,0.7325134,1,1,0,0.010803223,0.012207031,25.031006,28,187,0,0,255,2,0,1782505551.4303548,13
25.028809,25.017761,0.5757667,0.47048458,0.5921631,1,1,0,0.023010254,0.018798828,25.028809,29,187,1,0,255,2,0,1782505551.4303548,13
25.029541,25.019634,0.5238641,0.47049835,0.8956299,1,1,0,0.020935059,0.018798828,25.029541,29,187,1,0,255,2,0,1782505551.4303548,13
25.031738,25.02463,0.36659795,0.47053966,0.8833008,1,1,0,0.0146484375,0.018798828,25.031738,29,187,1,0,255,2,0,1782505551.4303548,13
25.023926,25.017546,0.31304103,0.4703928,0.7312927,1,1,0,0.012512207,0.018798828,25.023926,29,187,1,0,255,2,0,1782505551.4303548,13
25.042236,25.034523,0.5776812,0.22926533,0.86151123,1,1,0,0.023071289,0.009155273,25.042236,31,187,1,0,255,2,0,1782505551.4303548,13
25.042236,25.035667,0.5257285,0.22926533,0.8676758,1,1,0,0.020996094,0.009155273,25.042236,31,187,1,0,255,2,0,1782505551.4303548,13
25.04126,25.035757,0.47222698,0.22925639,0.87179565,1,1,0,0.018859863,0.009155273,25.04126,31,187,1,0,255,2,0,1782505551.4303548,13
25.035645,25.031069,0.42017764,0.22920498,0.75253296,1,1,0,0.016784668,0.009155273,25.035645,31,187,1,0,255,2,0,1782505551.4303548,13
25.023926,25.02017,0.36806005,0.2290977,0.7569885,1,1,0,0.014709473,0.009155273,25.023926,31,187,1,0,255,2,0,1782505551.4303548,13
25.042236,25.039207,0.3148406,0.22926533,0.8820801,1,1,0,0.012573242,0.009155273,25.042236,31,187,1,0,255,2,0,1782505551.4303548,13
25.03467,25.03224,0.2627993,0.22919604,0.846344,1,1,0,0.010498047,0.009155273,25.034668,31,187,1,0,255,2,0,1782505551.4303548,13
25.03003,25.020653,0.5880569,0.35136217,0.8851013,1,1,0,0.023498535,0.014038086,25.03003,60,187,0,0,255,2,0,1782505551.4303548,13
25.030031,25.021917,0.5346072,0.34677947,0.72732544,1,1,0,0.021362305,0.0138549805,25.03003,60,187,0,0,255,2,0,1782505551.4303548,13
25.02417,25.01705,0.48256642,0.3512799,0.82180786,1,1,0,0.01928711,0.014038086,25.02417,60,187,0,0,255,2,0,1782505551.4303548,13
25.03003,25.023811,0.43075025,0.3544173,0.84695435,1,1,0,0.017211914,0.014160156,25.03003,60,187,0,0,255,2,0,1782505551.4303548,13
25.028074,25.022657,0.37726226,0.35897195,0.7749939,1,1,0,0.015075684,0.014343262,25.028076,60,187,0,0,255,2,0,1782505551.4303548,13
25.032227,25.028048,0.27344963,0.3666699,1.0419922,1,1,0,0.010925293,0.0146484375,25.032227,60,187,0,0,255,2,0,1782505551.4303548,13
25.032227,25.028528,0.21998298,0.36972526,0.68136597,1,1,0,0.0087890625,0.014770508,25.032227,60,187,0,0,255,2,0,1782505551.4303548,13
25.046143,25.03323,0.5776514,0.55945593,0.84713745,1,1,0,0.023071289,0.022338867,25.046143,61,187,1,0,255,2,0,1782505551.4303548,13
25.029541,25.017677,0.52535075,0.563667,0.8935852,1,1,0,0.020996094,0.022521973,25.029541,61,187,1,0,255,2,0,1782505551.4303548,13
25.034668,25.02377,0.4735287,0.56683767,1.059967,1,1,0,0.018920898,0.022644043,25.034668,61,187,1,0,255,2,0,1782505551.4303548,13
25.037842,25.027794,0.42012265,0.5714929,0.7073059,1,1,0,0.016784668,0.022827148,25.037842,61,187,1,0,255,2,0,1782505551.4303548,13
25.03784,25.02854,0.36818317,0.5745485,0.7186279,1,1,0,0.014709473,0.022949219,25.037842,61,187,1,0,255,2,0,1782505551.4303548,13
25.032957,25.024263,0.3161803,0.57901883,0.7446594,1,1,0,0.012634277,0.023132324,25.032959,61,187,1,0,255,2,0,1782505551.4303548,13
25.028563,25.020418,0.26267517,0.58197165,0.9541931,1,1,0,0.010498047,0.023254395,25.028564,61,187,1,0,255,2,0,1782505551.4303548,13
25.023193,25.01055,0.5847648,0.53909326,0.71343994,1,1,0,0.023376465,0.02154541,25.023193,26,188,0,0,255,2,0,1782505551.5277505,14
25.031008,25.01952,0.5330281,0.5392616,0.7585144,1,1,0,0.02130127,0.02154541,25.031006,26,188,0,0,255,2,0,1782505551.5277505,14
25.033447,25.02304,0.47962627,0.53931415,0.650177,1,1,0,0.019165039,0.02154541,25.033447,26,188,0,0,255,2,0,1782505551.5277505,14
25.034912,25.025448,0.4277226,0.53934574,0.7914734,1,1,0,0.017089844,0.02154541,25.034912,26,188,0,0,255,2,0,1782505551.5277505,14
25.032959,25.024351,0.37423238,0.53930366,0.7472534,1,1,0,0.014953613,0.02154541,25.032959,26,188,0,0,255,2,0,1782505551.5277505,14
25.031252,25.023365,0.32227919,0.5392668,0.85302734,1,1,0,0.012878418,0.02154541,25.03125,26,188,0,0,255,2,0,1782505551.5277505,14
25.030027,25.02279,0.27033728,0.53771317,0.7585144,1,1,0,0.010803223,0.021484375,25.03003,26,188,0,0,255,2,0,1782505551.5277505,14
25.032225,25.023521,0.58506805,0.30556157,0.81747437,1,1,0,0.023376465,0.012207031,25.032227,28,188,0,0,255,2,0,1782505551.5277505,14
25.02905,25.02151,0.53307056,0.30552283,0.94403076,1,1,0,0.02130127,0.012207031,25.029053,28,188,0,0,255,2,0,1782505551.5277505,14
25.02124,25.014782,0.479468,0.30542746,0.82873535,1,1,0,0.019165039,0.012207031,25.02124,28,188,0,0,255,2,0,1782505551.5277505,14
25.032228,25.026707,0.42774412,0.30556157,0.7793274,1,1,0,0.017089844,0.012207031,25.032227,28,188,0,0,255,2,0,1782505551.5277505,14
25.020264,25.015602,0.37410155,0.30541554,0.82006836,1,1,0,0.014953613,0.012207031,25.020264,28,188,0,0,255,2,0,1782505551.5277505,14
25.031006,25.027065,0.32232684,0.30554667,0.9379883,1,1,0,0.012878418,0.012207031,25.031006,28,188,0,0,255,2,0,1782505551.5277505,14
25.02124,25.017918,0.27028462,0.30542746,0.7403259,1,1,0,0.010803223,0.012207031,25.02124,28,188,0,0,255,2,0,1782505551.5277505,14
25.033447,25.022398,0.5758734,0.4705718,0.74124146,1,1,0,0.023010254,0.018798828,25.033447,29,188,1,0,255,2,0,1782505551.5277505,14
25.019533,25.009663,0.5221281,0.47031018,0.6871338,1,1,0,0.020874023,0.018798828,25.019531,29,188,1,0,255,2,0,1782505551.5277505,14
25.036623,25.027775,0.4705483,0.47063145,0.68881226,1,1,0,0.018798828,0.018798828,25.036621,29,188,1,0,255,2,0,1782505551.5277505,14
25.026367,25.018473,0.41691133,0.4704387,0.7220459,1,1,0,0.016662598,0.018798828,25.026367,29,188,1,0,255,2,0,1782505551.5277505,14
25.025146,25.018091,0.36497486,0.46888855,0.750824,1,1,0,0.014587402,0.018737793,25.025146,29,188,1,0,255,2,0,1782505551.5277505,14
25.022947,25.016598,0.31302917,0.4688474,0.7610779,1,1,0,0.012512207,0.018737793,25.02295,29,188,1,0,255,2,0,1782505551.5277505,14
25.026367,25.020628,0.25962275,0.46891144,0.79086304,1,1,0,0.010375977,0.018737793,25.026367,29,188,1,0,255,2,0,1782505551.5277505,14
25.034668,25.026957,0.5775066,0.22919604,1.0158081,1,1,0,0.023071289,0.009155273,25.034668,31,188,1,0,255,2,0,1782505551.5277505,14
25.033447,25.02688,0.525544,0.22918487,0.74020386,1,1,0,0.020996094,0.009155273,25.033447,31,188,1,0,255,2,0,1782505551.5277505,14
25.025146,25.019648,0.47192308,0.22910887,0.70150757,1,1,0,0.018859863,0.009155273,25.025146,31,188,1,0,255,2,0,1782505551.5277505,14
25.029541,25.024967,0.4200752,0.2291491,0.89974976,1,1,0,0.016784668,0.009155273,25.029541,31,188,1,0,255,2,0,1782505551.5277505,14
25.01831,25.015284,0.3145398,0.22904629,0.6511841,1,1,0,0.012573242,0.009155273,25.01831,31,188,1,0,255,2,0,1782505551.5277505,14
25.031006,25.02163,0.58807987,0.35137588,0.69351196,1,1,0,0.023498535,0.014038086,25.031006,60,188,0,0,255,2,0,1782505551.5277505,14
25.028078,25.019953,0.53609294,0.34522495,0.7914734,1,1,0,0.02142334,0.013793945,25.028076,60,188,0,0,255,2,0,1782505551.5277505,14
25.03198,25.025785,0.43078423,0.35291725,0.83480835,1,1,0,0.017211914,0.014099121,25.031982,60,188,0,0,255,2,0,1782505551.5277505,14
25.032957,25.02756,0.37886405,0.3559865,0.82702637,1,1,0,0.015136719,0.014221191,25.032959,60,188,0,0,255,2,0,1782505551.5277505,14
25.02905,25.024342,0.325347,0.36051345,0.7845459,1,1,0,0.013000488,0.014404297,25.029053,60,188,0,0,255,2,0,1782505551.5277505,14
25.03125,25.027115,0.27343944,0.36360034,0.7602539,1,1,0,0.010925293,0.014526367,25.03125,60,188,0,0,255,2,0,1782505551.5277505,14
25.03442,25.022593,0.5269819,0.56072176,0.6816101,1,1,0,0.021057129,0.022399902,25.034424,61,188,1,0,255,2,0,1782505551.5277505,14
25.040037,25.029173,0.47363096,0.5654313,0.71347046,1,1,0,0.018920898,0.022583008,25.04004,61,188,1,0,255,2,0,1782505551.5277505,14
25.038818,25.028814,0.42166784,0.5684595,0.80599976,1,1,0,0.016845703,0.022705078,25.038818,61,188,1,0,255,2,0,1782505551.5277505,14
25.035645,25.026379,0.3681514,0.5729704,0.71450806,1,1,0,0.014709473,0.022888184,25.035645,61,188,1,0,255,2,0,1782505551.5277505,14
25.036865,25.02824,0.31623054,0.5760538,1.1000366,1,1,0,0.012634277,0.023010254,25.036865,61,188,1,0,255,2,0,1782505551.5277505,14
25.030764,25.022636,0.26422587,0.5804954,0.87509155,1,1,0,0.010559082,0.02319336,25.030762,61,188,1,0,255,2,0,1782505551.5277505,14
25.024172,25.011456,0.58784074,0.5391143,0.7680664,1,1,0,0.023498535,0.02154541,25.02417,26,189,0,0,255,2,0,1782505551.627258,15
25.031006,25.019485,0.5345552,0.5392616,0.73773193,1,1,0,0.021362305,0.02154541,25.031006,26,189,0,0,255,2,0,1782505551.627258,15
25.032715,25.022251,0.48266673,0.53929836,0.7767334,1,1,0,0.01928711,0.02154541,25.032715,26,189,0,0,255,2,0,1782505551.627258,15
25.03125,25.021767,0.43071502,0.5377394,0.70217896,1,1,0,0.017211914,0.021484375,25.03125,26,189,0,0,255,2,0,1782505551.627258,15
25.028074,25.019457,0.377214,0.5376712,0.70999146,1,1,0,0.015075684,0.021484375,25.028076,26,189,0,0,255,2,0,1782505551.627258,15
25.031248,25.023357,0.3253342,0.5377394,0.7897339,1,1,0,0.013000488,0.021484375,25.03125,26,189,0,0,255,2,0,1782505551.627258,15
25.031982,25.024712,0.27341318,0.53775513,0.81399536,1,1,0,0.010925293,0.021484375,25.031982,26,189,0,0,255,2,0,1782505551.627258,15
25.031006,25.024261,0.21994548,0.53773415,0.7472534,1,1,0,0.0087890625,0.021484375,25.031006,26,189,0,0,255,2,0,1782505551.627258,15
25.03125,25.022581,0.58351797,0.30554965,0.85562134,1,1,0,0.02331543,0.012207031,25.03125,28,189,0,0,255,2,0,1782505551.627258,15
25.03125,25.023739,0.53159004,0.30554965,0.9336548,1,1,0,0.021240234,0.012207031,25.03125,28,189,0,0,255,2,0,1782505551.627258,15
25.02905,25.02262,0.4780904,0.30552283,0.7862549,1,1,0,0.019104004,0.012207031,25.029053,28,189,0,0,255,2,0,1782505551.627258,15
25.02905,25.023558,0.42616257,0.30552283,0.7403259,1,1,0,0.017028809,0.012207031,25.029053,28,189,0,0,255,2,0,1782505551.627258,15
25.03125,25.026587,0.3742658,0.30554965,0.98480225,1,1,0,0.014953613,0.012207031,25.03125,28,189,0,0,255,2,0,1782505551.627258,15
25.025145,25.021225,0.3207242,0.30547515,0.72732544,1,1,0,0.012817383,0.012207031,25.025146,28,189,0,0,255,2,0,1782505551.627258,15
25.03125,25.02794,0.26886517,0.30554965,0.73773193,1,1,0,0.0107421875,0.012207031,25.03125,28,189,0,0,255,2,0,1782505551.627258,15
25.03589,25.024874,0.57440215,0.47061768,1.1493225,1,1,0,0.022949219,0.018798828,25.035889,29,189,1,0,255,2,0,1782505551.627258,15
25.031738,25.021894,0.5208556,0.47053966,0.8833008,1,1,0,0.020812988,0.018798828,25.031738,29,189,1,0,255,2,0,1782505551.627258,15
25.023926,25.015112,0.46878284,0.4703928,0.6840515,1,1,0,0.018737793,0.018798828,25.023926,29,189,1,0,255,2,0,1782505551.627258,15
25.027344,25.01945,0.4169276,0.47045705,0.7005005,1,1,0,0.016662598,0.018798828,25.027344,29,189,1,0,255,2,0,1782505551.627258,15
25.026367,25.019306,0.3634652,0.4704387,0.7220459,1,1,0,0.014526367,0.018798828,25.026367,29,189,1,0,255,2,0,1782505551.627258,15
25.026367,25.020035,0.31154487,0.46891144,0.7425842,1,1,0,0.012451172,0.018737793,25.026367,29,189,1,0,255,2,0,1782505551.627258,15
25.031738,25.025997,0.25967848,0.46901208,0.9161682,1,1,0,0.010375977,0.018737793,25.031738,29,189,1,0,255,2,0,1782505551.627258,15
25.031734,25.024061,0.5759117,0.22916922,0.9757385,1,1,0,0.023010254,0.009155273,25.031738,31,189,1,0,255,2,0,1782505551.627258,15
25.042236,25.0357,0.52420044,0.22926533,0.7875061,1,1,0,0.020935059,0.009155273,25.042236,31,189,1,0,255,2,0,1782505551.627258,15
25.037842,25.03234,0.47216251,0.2292251,0.7761841,1,1,0,0.018859863,0.009155273,25.037842,31,189,1,0,255,2,0,1782505551.627258,15
25.026365,25.021818,0.4184947,0.22912005,0.7477417,1,1,0,0.016723633,0.009155273,25.026367,31,189,1,0,255,2,0,1782505551.627258,15
25.029541,25.025806,0.3666152,0.2291491,0.8792114,1,1,0,0.0146484375,0.009155273,25.029541,31,189,1,0,255,2,0,1782505551.627258,15
25.031738,25.028744,0.31318116,0.22764145,0.885376,1,1,0,0.012512207,0.009094238,25.031738,31,189,1,0,255,2,0,1782505551.627258,15
25.030762,25.028362,0.26123083,0.22763257,0.76416016,1,1,0,0.010437012,0.009094238,25.030762,31,189,1,0,255,2,0,1782505551.627258,15
25.0271,25.017817,0.58493465,0.34979364,0.69177246,1,1,0,0.023376465,0.013977051,25.0271,60,189,0,0,255,2,0,1782505551.627258,15
25.032717,25.024668,0.5316098,0.3468167,0.70217896,1,1,0,0.021240234,0.0138549805,25.032715,60,189,0,0,255,2,0,1782505551.627258,15
25.028076,25.021036,0.47958782,0.3498073,0.71606445,1,1,0,0.019165039,0.013977051,25.028076,60,189,0,0,255,2,0,1782505551.627258,15
25.028076,25.021912,0.42766216,0.35438964,0.7533264,1,1,0,0.017089844,0.014160156,25.028076,60,189,0,0,255,2,0,1782505551.627258,15
25.02417,25.01882,0.37414965,0.35738873,0.84695435,1,1,0,0.014953613,0.014282227,25.02417,60,189,0,0,255,2,0,1782505551.627258,15
25.032227,25.027533,0.32233286,0.36208683,0.7550659,1,1,0,0.012878418,0.014465332,25.032227,60,189,0,0,255,2,0,1782505551.627258,15
25.025145,25.021023,0.2703182,0.36503893,0.47418213,1,1,0,0.010803223,0.014587402,25.025146,60,189,0,0,255,2,0,1782505551.627258,15
25.03003,25.017195,0.5742259,0.55909604,0.6702881,1,1,0,0.022949219,0.022338867,25.03003,61,189,1,0,255,2,0,1782505551.627258,15
25.018309,25.00655,0.52206314,0.56188744,0.6645508,1,1,0,0.020874023,0.022460938,25.01831,61,189,1,0,255,2,0,1782505551.627258,15
25.03467,25.023829,0.47047406,0.56683767,1.0158081,1,1,0,0.018798828,0.022644043,25.034668,61,189,1,0,255,2,0,1782505551.627258,15
25.031736,25.023117,0.31311074,0.5774632,1.0250549,1,1,0,0.012512207,0.023071289,25.031738,61,189,1,0,255,2,0,1782505551.627258,15
25.026367,25.018255,0.25959814,0.58192056,0.8586731,1,1,0,0.010375977,0.023254395,25.026367,61,189,1,0,255,2,0,1782505551.627258,15
25.032715,25.020031,0.5865144,0.53929836,0.86776733,1,1,0,0.0234375,0.02154541,25.032715,26,190,0,0,255,2,0,1782505551.727361,16
25.032715,25.02228,0.48113948,0.53929836,0.8928833,1,1,0,0.019226074,0.02154541,25.032715,26,190,0,0,255,2,0,1782505551.727361,16
25.031248,25.021791,0.42918783,0.5377394,0.72299194,1,1,0,0.017150879,0.021484375,25.03125,26,190,0,0,255,2,0,1782505551.727361,16
25.032715,25.024117,0.37575653,0.53777087,0.87210083,1,1,0,0.015014648,0.021484375,25.032715,26,190,0,0,255,2,0,1782505551.727361,16
25.033447,25.025576,0.3238353,0.5377866,0.68743896,1,1,0,0.012939453,0.021484375,25.033447,26,190,0,0,255,2,0,1782505551.727361,16
25.027102,25.019848,0.2718328,0.5376502,0.7767334,1,1,0,0.010864258,0.021484375,25.0271,26,190,0,0,255,2,0,1782505551.727361,16
25.02905,25.02035,0.5849939,0.30552283,0.7403259,1,1,0,0.023376465,0.012207031,25.029053,28,190,0,0,255,2,0,1782505551.727361,16
25.033447,25.025904,0.53316414,0.30557647,0.71258545,1,1,0,0.02130127,0.012207031,25.033447,28,190,0,0,255,2,0,1782505551.727361,16
25.031248,25.024757,0.48118716,0.30554965,0.68743896,1,1,0,0.019226074,0.012207031,25.03125,28,190,0,0,255,2,0,1782505551.727361,16
25.02905,25.023533,0.42768988,0.30552283,0.7845459,1,1,0,0.017089844,0.012207031,25.029053,28,190,0,0,255,2,0,1782505551.727361,16
25.025146,25.02046,0.37570164,0.30547515,0.667511,1,1,0,0.015014648,0.012207031,25.025146,28,190,0,0,255,2,0,1782505551.727361,16
25.028074,25.024136,0.3222891,0.3055109,0.84262085,1,1,0,0.012878418,0.012207031,25.028076,28,190,0,0,255,2,0,1782505551.727361,16
25.031494,25.028168,0.2703954,0.30555263,0.7472534,1,1,0,0.010803223,0.012207031,25.031494,28,190,0,0,255,2,0,1782505551.727361,16
25.030762,25.019714,0.5758116,0.4705213,0.8935852,1,1,0,0.023010254,0.018798828,25.030762,29,190,1,0,255,2,0,1782505551.727361,16
25.025146,25.015242,0.52377206,0.47041574,0.67684937,1,1,0,0.020935059,0.018798828,25.025146,29,190,1,0,255,2,0,1782505551.727361,16
25.026367,25.017525,0.47035557,0.4704387,0.70358276,1,1,0,0.018798828,0.018798828,25.026367,29,190,1,0,255,2,0,1782505551.727361,16
25.03467,25.026773,0.41857758,0.46906695,0.9757385,1,1,0,0.016723633,0.018737793,25.034668,29,190,1,0,255,2,0,1782505551.727361,16
25.023926,25.01687,0.36495706,0.4688657,0.7867737,1,1,0,0.014587402,0.018737793,25.023926,29,190,1,0,255,2,0,1782505551.727361,16
25.026367,25.020016,0.31307194,0.46891144,0.86483765,1,1,0,0.012512207,0.018737793,25.026367,29,190,1,0,255,2,0,1782505551.727361,16
25.026365,25.02061,0.2611499,0.46891144,0.7970276,1,1,0,0.010437012,0.018737793,25.026367,29,190,1,0,255,2,0,1782505551.727361,16
25.02954,25.021866,0.57586116,0.2291491,0.829895,1,1,0,0.023010254,0.009155273,25.029541,31,190,1,0,255,2,0,1782505551.727361,16
25.035643,25.029108,0.52406245,0.22920498,0.6672058,1,1,0,0.020935059,0.009155273,25.035645,31,190,1,0,255,2,0,1782505551.727361,16
25.031738,25.026268,0.47051993,0.22916922,0.8977051,1,1,0,0.018798828,0.009155273,25.031738,31,190,1,0,255,2,0,1782505551.727361,16
25.03296,25.02841,0.41860494,0.2291804,0.97164917,1,1,0,0.016723633,0.009155273,25.032959,31,190,1,0,255,2,0,1782505551.727361,16
25.031738,25.02873,0.31318098,0.22916922,0.7991028,1,1,0,0.012512207,0.009155273,25.031738,31,190,1,0,255,2,0,1782505551.727361,16
25.026367,25.023968,0.26118496,0.2275926,0.7456665,1,1,0,0.010437012,0.009094238,25.026367,31,190,1,0,255,2,0,1782505551.727361,16
25.030027,25.020666,0.58652925,0.35288972,0.71343994,1,1,0,0.0234375,0.014099121,25.03003,60,190,0,0,255,2,0,1782505551.727361,16
25.032473,25.024359,0.5346593,0.3468133,0.82873535,1,1,0,0.021362305,0.0138549805,25.03247,60,190,0,0,255,2,0,1782505551.727361,16
25.027098,25.020008,0.48109582,0.35132104,0.65625,1,1,0,0.019226074,0.014038086,25.0271,60,190,0,0,255,2,0,1782505551.727361,16
25.033203,25.027012,0.42927736,0.35446224,1.0194702,1,1,0,0.017150879,0.014160156,25.033203,60,190,0,0,255,2,0,1782505551.727361,16
25.02905,25.023634,0.377277,0.35898596,0.69869995,1,1,0,0.015075684,0.014343262,25.029053,60,190,0,0,255,2,0,1782505551.727361,16
25.0271,25.022387,0.32379407,0.36201268,0.8009949,1,1,0,0.012939453,0.014465332,25.0271,60,190,0,0,255,2,0,1782505551.727361,16
25.03003,25.025867,0.27189818,0.3666377,0.70651245,1,1,0,0.010864258,0.0146484375,25.03003,60,190,0,0,255,2,0,1782505551.727361,16
25.035645,25.022738,0.57740927,0.55922145,0.8944092,1,1,0,0.023071289,0.022338867,25.035645,61,190,1,0,255,2,0,1782505551.727361,16
25.030762,25.01893,0.5238493,0.5636945,0.8093567,1,1,0,0.020935059,0.022521973,25.030762,61,190,1,0,255,2,0,1782505551.727361,16
25.042234,25.031363,0.4721441,0.56700903,0.79571533,1,1,0,0.018859863,0.022644043,25.042236,61,190,1,0,255,2,0,1782505551.727361,16
25.029541,25.019495,0.41998336,0.5713034,0.7251282,1,1,0,0.016784668,0.022827148,25.029541,61,190,1,0,255,2,0,1782505551.727361,16
25.035156,25.025879,0.36661625,0.57448685,0.8668823,1,1,0,0.0146484375,0.022949219,25.035156,61,190,1,0,255,2,0,1782505551.727361,16
25.032957,25.024282,0.31465295,0.57901883,0.907959,1,1,0,0.012573242,0.023132324,25.032959,61,190,1,0,255,2,0,1782505551.727361,16
25.036621,25.028488,0.26123214,0.582159,0.6929016,1,1,0,0.010437012,0.023254395,25.036621,61,190,1,0,255,2,0,1782505551.727361,16
25.029053,25.016335,0.5879554,0.5392195,0.7793274,1,1,0,0.023498535,0.02154541,25.029053,26,191,0,0,255,2,0,1782505551.827914,17
25.026125,25.014574,0.5359777,0.5391564,1.0029907,1,1,0,0.02142334,0.02154541,25.026123,26,191,0,0,255,2,0,1782505551.827914,17
25.031984,25.022467,0.43072706,0.5392826,0.7472534,1,1,0,0.017211914,0.02154541,25.031982,26,191,0,0,255,2,0,1782505551.827914,17
25.0271,25.01848,0.3771993,0.5376502,1.0307312,1,1,0,0.015075684,0.021484375,25.0271,26,191,0,0,255,2,0,1782505551.827914,17
25.031006,25.023113,0.32533103,0.53773415,0.7507324,1,1,0,0.013000488,0.021484375,25.031006,26,191,0,0,255,2,0,1782505551.827914,17
25.0271,25.01983,0.27335986,0.5376502,0.8122864,1,1,0,0.010925293,0.021484375,25.0271,26,191,0,0,255,2,0,1782505551.827914,17
25.028074,25.021334,0.21991974,0.5376712,0.7533264,1,1,0,0.0087890625,0.021484375,25.028076,26,191,0,0,255,2,0,1782505551.827914,17
25.02905,25.020313,0.586521,0.30552283,1.0064697,1,1,0,0.0234375,0.012207031,25.029053,28,191,0,0,255,2,0,1782505551.827914,17
25.03003,25.022453,0.5346186,0.30553475,0.98132324,1,1,0,0.021362305,0.012207031,25.03003,28,191,0,0,255,2,0,1782505551.827914,17
25.032469,25.025978,0.48121062,0.30556455,0.8105469,1,1,0,0.019226074,0.012207031,25.03247,28,191,0,0,255,2,0,1782505551.827914,17
25.031006,25.02546,0.42925072,0.30554667,0.96484375,1,1,0,0.017150879,0.012207031,25.031006,28,191,0,0,255,2,0,1782505551.827914,17
25.031006,25.02632,0.3757896,0.30554667,0.95269775,1,1,0,0.015014648,0.012207031,25.031006,28,191,0,0,255,2,0,1782505551.827914,17
25.032717,25.028755,0.32387647,0.30556753,1.0142517,1,1,0,0.012939453,0.012207031,25.032715,28,191,0,0,255,2,0,1782505551.827914,17
25.031738,25.020655,0.57736117,0.47053966,0.9202881,1,1,0,0.023071289,0.018798828,25.031738,29,191,1,0,255,2,0,1782505551.827914,17
25.043455,25.033545,0.5241553,0.47075993,0.96328735,1,1,0,0.020935059,0.018798828,25.043457,29,191,1,0,255,2,0,1782505551.827914,17
25.04126,25.032383,0.47216335,0.47071862,0.6980591,1,1,0,0.018859863,0.018798828,25.04126,29,191,1,0,255,2,0,1782505551.827914,17
25.02637,25.018448,0.41843832,0.4704387,0.7693176,1,1,0,0.016723633,0.018798828,25.026367,29,191,1,0,255,2,0,1782505551.827914,17
25.027344,25.020237,0.3665336,0.47045705,0.7744446,1,1,0,0.0146484375,0.018798828,25.027344,29,191,1,0,255,2,0,1782505551.827914,17
25.027344,25.020973,0.31461132,0.46892974,0.67684937,1,1,0,0.012573242,0.018737793,25.027344,29,191,1,0,255,2,0,1782505551.827914,17
25.025146,25.01939,0.26113716,0.46888855,0.71795654,1,1,0,0.010437012,0.018737793,25.025146,29,191,1,0,255,2,0,1782505551.827914,17
25.026367,25.018728,0.5742611,0.22912005,0.82785034,1,1,0,0.022949219,0.009155273,25.026367,31,191,1,0,255,2,0,1782505551.827914,17
25.041262,25.034756,0.522652,0.22925639,0.79571533,1,1,0,0.020874023,0.009155273,25.04126,31,191,1,0,255,2,0,1782505551.827914,17
25.040041,25.034567,0.47067598,0.22924522,0.6990967,1,1,0,0.018798828,0.009155273,25.04004,31,191,1,0,255,2,0,1782505551.827914,17
25.036623,25.032097,0.41713837,0.22921392,0.6805725,1,1,0,0.016662598,0.009155273,25.036621,31,191,1,0,255,2,0,1782505551.827914,17
25.025146,25.021435,0.36502364,0.22910887,0.8196411,1,1,0,0.014587402,0.009155273,25.025146,31,191,1,0,255,2,0,1782505551.827914,17
25.030762,25.028366,0.25970304,0.22916028,0.7425842,1,1,0,0.010375977,0.009155273,25.030762,31,191,1,0,255,2,0,1782505551.827914,17
25.031984,25.022722,0.58504933,0.34833422,0.7585144,1,1,0,0.023376465,0.013916016,25.031982,60,191,0,0,255,2,0,1782505551.827914,17
25.031252,25.02315,0.5331055,0.34832403,0.69610596,1,1,0,0.02130127,0.013916016,25.03125,60,191,0,0,255,2,0,1782505551.827914,17
25.021238,25.01415,0.48098317,0.3512388,0.73773193,1,1,0,0.019226074,0.014038086,25.02124,60,191,0,0,255,2,0,1782505551.827914,17
25.020264,25.01408,0.42752832,0.35580596,0.72906494,1,1,0,0.017089844,0.014221191,25.020264,60,191,0,0,255,2,0,1782505551.827914,17
25.028074,25.02268,0.37573498,0.35897195,0.83828735,1,1,0,0.015014648,0.014343262,25.028076,60,191,0,0,255,2,0,1782505551.827914,17
25.032227,25.02749,0.3238601,0.36361453,0.82873535,1,1,0,0.012939453,0.014526367,25.032227,60,191,0,0,255,2,0,1782505551.827914,17
25.025145,25.021,0.27031794,0.36656618,0.71691895,1,1,0,0.010803223,0.0146484375,25.025146,60,191,0,0,255,2,0,1782505551.827914,17
25.03076,25.01789,0.57576966,0.55911237,0.7867737,1,1,0,0.023010254,0.022338867,25.030762,61,191,1,0,255,2,0,1782505551.827914,17
25.035643,25.02381,0.5239515,0.56380445,0.7648926,1,1,0,0.020935059,0.022521973,25.035645,61,191,1,0,255,2,0,1782505551.827914,17
25.032959,25.02212,0.47044194,0.5667989,0.91412354,1,1,0,0.018798828,0.022644043,25.032959,61,191,1,0,255,2,0,1782505551.827914,17
25.025148,25.01513,0.4183828,0.5712031,0.87713623,1,1,0,0.016723633,0.022827148,25.025146,61,191,1,0,255,2,0,1782505551.827914,17
25.02954,25.020264,0.36653402,0.574358,0.80114746,1,1,0,0.0146484375,0.022949219,25.029541,61,191,1,0,255,2,0,1782505551.827914,17
25.029541,25.020885,0.3130828,0.5789398,0.92440796,1,1,0,0.012512207,0.023132324,25.029541,61,191,1,0,255,2,0,1782505551.827914,17
25.029541,25.02141,0.26115826,0.58199435,1.0045166,1,1,0,0.010437012,0.023254395,25.029541,61,191,1,0,255,2,0,1782505551.827914,17
25.032715,25.021227,0.53306454,0.53929836,0.82873535,1,1,0,0.02130127,0.02154541,25.032715,26,192,0,0,255,2,0,1782505551.9298105,18
25.026123,25.01569,0.4810128,0.5391564,0.7325134,1,1,0,0.019226074,0.02154541,25.026123,26,192,0,0,255,2,0,1782505551.9298105,18
25.031738,25.02314,0.37574187,0.5377499,0.68743896,1,1,0,0.015014648,0.021484375,25.031738,26,192,0,0,255,2,0,1782505551.9298105,18
25.031982,25.02411,0.32381636,0.53775513,1.2422485,1,1,0,0.012939453,0.021484375,25.031982,26,192,0,0,255,2,0,1782505551.9298105,18
25.027102,25.019865,0.27030566,0.5376502,1.0584717,1,1,0,0.010803223,0.021484375,25.0271,26,192,0,0,255,2,0,1782505551.9298105,18
25.032228,25.023487,0.58659536,0.30556157,0.7680664,1,1,0,0.0234375,0.012207031,25.032227,28,192,0,0,255,2,0,1782505551.9298105,18
25.028076,25.021566,0.48112577,0.3070384,0.7663269,1,1,0,0.019226074,0.012268066,25.028076,28,192,0,0,255,2,0,1782505551.9298105,18
25.034424,25.02334,0.57742316,0.47059014,0.7494507,1,1,0,0.023071289,0.018798828,25.034424,29,192,1,0,255,2,0,1782505551.9298105,18
25.037842,25.028967,0.4720989,0.47065437,0.80599976,1,1,0,0.018859863,0.018798828,25.037842,29,192,1,0,255,2,0,1782505551.9298105,18
25.036623,25.028698,0.41860974,0.47063145,0.77001953,1,1,0,0.016723633,0.018798828,25.036621,29,192,1,0,255,2,0,1782505551.9298105,18
25.02637,25.019262,0.3665193,0.4704387,0.8319702,1,1,0,0.0146484375,0.018798828,25.026367,29,192,1,0,255,2,0,1782505551.9298105,18
25.025146,25.018747,0.31458333,0.47041574,0.734375,1,1,0,0.012573242,0.018798828,25.025146,29,192,1,0,255,2,0,1782505551.9298105,18
25.029541,25.023756,0.26118273,0.47049835,1.1020813,1,1,0,0.010437012,0.018798828,25.029541,29,192,1,0,255,2,0,1782505551.9298105,18
25.036621,25.028944,0.57602406,0.22921392,0.86151123,1,1,0,0.023010254,0.009155273,25.036621,31,192,1,0,255,2,0,1782505551.9298105,18
25.026363,25.019833,0.5238682,0.22912005,0.78060913,1,1,0,0.020935059,0.009155273,25.026367,31,192,1,0,255,2,0,1782505551.9298105,18
25.034424,25.028923,0.47209805,0.2291938,0.6322632,1,1,0,0.018859863,0.009155273,25.034424,31,192,1,0,255,2,0,1782505551.9298105,18
25.034424,25.029875,0.41862944,0.2291938,0.66308594,1,1,0,0.016723633,0.009155273,25.034424,31,192,1,0,255,2,0,1782505551.9298105,18
25.032719,25.024603,0.5346645,0.3468167,0.82180786,1,1,0,0.021362305,0.0138549805,25.032715,60,192,0,0,255,2,0,1782505551.9298105,18
25.032473,25.025372,0.4827269,0.3498687,1.0419922,1,1,0,0.01928711,0.013977051,25.03247,60,192,0,0,255,2,0,1782505551.9298105,18
25.032715,25.026497,0.43079647,0.35445532,1.0324707,1,1,0,0.017211914,0.014160156,25.032715,60,192,0,0,255,2,0,1782505551.9298105,18
25.03442,25.029024,0.37735826,0.35753515,1.0766907,1,1,0,0.015075684,0.014282227,25.034424,60,192,0,0,255,2,0,1782505551.9298105,18
25.031982,25.027248,0.3253848,0.36208332,0.7793274,1,1,0,0.013000488,0.014465332,25.031982,60,192,0,0,255,2,0,1782505551.9298105,18
25.03296,25.028803,0.27345788,0.3651529,0.7793274,1,1,0,0.010925293,0.014587402,25.032959,60,192,0,0,255,2,0,1782505551.9298105,18
25.02124,25.017544,0.21988644,0.36956298,0.69351196,1,1,0,0.0087890625,0.014770508,25.02124,60,192,0,0,255,2,0,1782505551.9298105,18
25.035156,25.02225,0.577398,0.55921054,1.0250549,1,1,0,0.023071289,0.022338867,25.035156,61,192,1,0,255,2,0,1782505551.9298105,18
25.031738,25.019909,0.5253976,0.56218904,0.8360596,1,1,0,0.020996094,0.022460938,25.031738,61,192,1,0,255,2,0,1782505551.9298105,18
25.034424,25.023525,0.4735241,0.5668321,0.73095703,1,1,0,0.018920898,0.022644043,25.034424,61,192,1,0,255,2,0,1782505551.9298105,18
25.026367,25.016357,0.4199307,0.5697039,0.7395325,1,1,0,0.016784668,0.022766113,25.026367,61,192,1,0,255,2,0,1782505551.9298105,18
25.01831,25.009016,0.36789596,0.5741003,0.7446594,1,1,0,0.014709473,0.022949219,25.01831,61,192,1,0,255,2,0,1782505551.9298105,18
25.031738,25.023079,0.31616533,0.5774632,0.9038696,1,1,0,0.012634277,0.023071289,25.031738,61,192,1,0,255,2,0,1782505551.9298105,18
25.025148,25.017004,0.2626393,0.5818922,0.7241211,1,1,0,0.010498047,0.023254395,25.025146,61,192,1,0,255,2,0,1782505551.9298105,18
25.03125,25.018639,0.58342606,0.5392668,0.81573486,1,1,0,0.02331543,0.02154541,25.03125,26,193,0,0,255,2,0,1782505552.0272644,19
25.032225,25.020803,0.52999985,0.53928787,0.7767334,1,1,0,0.0211792,0.02154541,25.032227,26,193,0,0,255,2,0,1782505552.0272644,19
25.032715,25.022337,0.478085,0.53929836,0.7828064,1,1,0,0.019104004,0.02154541,25.032715,26,193,0,0,255,2,0,1782505552.0272644,19
25.031248,25.02181,0.42613283,0.5392668,0.68136597,1,1,0,0.017028809,0.02154541,25.03125,26,193,0,0,255,2,0,1782505552.0272644,19
25.03125,25.022697,0.37268004,0.5377394,0.97177124,1,1,0,0.014892578,0.021484375,25.03125,26,193,0,0,255,2,0,1782505552.0272644,19
25.027102,25.01927,0.3206991,0.5376502,0.81747437,1,1,0,0.012817383,0.021484375,25.0271,26,193,0,0,255,2,0,1782505552.0272644,19
25.031006,25.023785,0.26882052,0.53773415,0.83828735,1,1,0,0.0107421875,0.021484375,25.031006,26,193,0,0,255,2,0,1782505552.0272644,19
25.031252,25.022547,0.5850452,0.30554965,0.72125244,1,1,0,0.023376465,0.012207031,25.03125,28,193,0,0,255,2,0,1782505552.0272644,19
25.028074,25.020533,0.53304976,0.3055109,0.7507324,1,1,0,0.02130127,0.012207031,25.028076,28,193,0,0,255,2,0,1782505552.0272644,19
25.02124,25.014751,0.48099476,0.30542746,0.86169434,1,1,0,0.019226074,0.012207031,25.02124,28,193,0,0,255,2,0,1782505552.0272644,19
25.03125,25.02573,0.42772743,0.30554965,0.7680664,1,1,0,0.017089844,0.012207031,25.03125,28,193,0,0,255,2,0,1782505552.0272644,19
25.028074,25.02339,0.37574562,0.3055109,0.83480835,1,1,0,0.015014648,0.012207031,25.028076,28,193,0,0,255,2,0,1782505552.0272644,19
25.027098,25.023773,0.27034792,0.305499,0.72299194,1,1,0,0.010803223,0.012207031,25.0271,28,193,0,0,255,2,0,1782505552.0272644,19
25.035643,25.024593,0.5759239,0.4706131,0.8101196,1,1,0,0.023010254,0.018798828,25.035645,29,193,1,0,255,2,0,1782505552.0272644,19
25.036623,25.026712,0.52401227,0.47063145,0.7227173,1,1,0,0.020935059,0.018798828,25.036621,29,193,1,0,255,2,0,1782505552.0272644,19
25.023928,25.015085,0.47030967,0.4703928,0.69125366,1,1,0,0.018798828,0.018798828,25.023926,29,193,1,0,255,2,0,1782505552.0272644,19
25.032959,25.02585,0.36661583,0.4705626,0.79086304,1,1,0,0.0146484375,0.018798828,25.032959,29,193,1,0,255,2,0,1782505552.0272644,19
25.031738,25.025385,0.3131391,0.46901208,0.90179443,1,1,0,0.012512207,0.018737793,25.031738,29,193,1,0,255,2,0,1782505552.0272644,19
25.028564,25.022808,0.26117283,0.4689526,0.82580566,1,1,0,0.010437012,0.018737793,25.028564,29,193,1,0,255,2,0,1782505552.0272644,19
25.036377,25.02863,0.57907367,0.22921169,0.92440796,1,1,0,0.023132324,0.009155273,25.036377,31,193,1,0,255,2,0,1782505552.0272644,19
25.031736,25.025139,0.52703553,0.22916922,1.0517578,1,1,0,0.021057129,0.009155273,25.031738,31,193,1,0,255,2,0,1782505552.0272644,19
25.031736,25.026178,0.47510234,0.22916922,0.7374573,1,1,0,0.018981934,0.009155273,25.031738,31,193,1,0,255,2,0,1782505552.0272644,19
25.023926,25.019327,0.421508,0.2290977,0.7693176,1,1,0,0.016845703,0.009155273,25.023926,31,193,1,0,255,2,0,1782505552.0272644,19
25.027344,25.023565,0.36963764,0.22912899,0.86483765,1,1,0,0.014770508,0.009155273,25.027344,31,193,1,0,255,2,0,1782505552.0272644,19
25.023926,25.02088,0.31613755,0.2290977,0.734375,1,1,0,0.012634277,0.009155273,25.023926,31,193,1,0,255,2,0,1782505552.0272644,19
25.020752,25.018309,0.26418018,0.22906864,0.7631531,1,1,0,0.010559082,0.009155273,25.020752,31,193,1,0,255,2,0,1782505552.0272644,19
25.031252,25.021946,0.5850312,0.3513793,0.70999146,1,1,0,0.023376465,0.014038086,25.03125,60,193,0,0,255,2,0,1782505552.0272644,19
25.032717,25.024614,0.53313667,0.34834442,0.7550659,1,1,0,0.02130127,0.013916016,25.032715,60,193,0,0,255,2,0,1782505552.0272644,19
25.032225,25.025133,0.48119438,0.351393,0.7325134,1,1,0,0.019226074,0.014038086,25.032227,60,193,0,0,255,2,0,1782505552.0272644,19
25.031006,25.02482,0.42771187,0.35595873,0.84869385,1,1,0,0.017089844,0.014221191,25.031006,60,193,0,0,255,2,0,1782505552.0272644,19
25.031252,25.025854,0.37578264,0.35901746,0.7585144,1,1,0,0.015014648,0.014343262,25.03125,60,193,0,0,255,2,0,1782505552.0272644,19
25.028078,25.023342,0.3238064,0.36355424,0.7862549,1,1,0,0.012939453,0.014526367,25.028076,60,193,0,0,255,2,0,1782505552.0272644,19
25.03125,25.027103,0.2703839,0.3666556,0.70651245,1,1,0,0.010803223,0.0146484375,25.03125,60,193,0,0,255,2,0,1782505552.0272644,19
25.034422,25.021517,0.5758531,0.56072176,0.763855,1,1,0,0.023010254,0.022399902,25.034424,61,193,1,0,255,2,0,1782505552.0272644,19
25.034422,25.022589,0.5239259,0.56377697,0.66000366,1,1,0,0.020935059,0.022521973,25.034424,61,193,1,0,255,2,0,1782505552.0272644,19
25.028564,25.017693,0.47035873,0.5682267,0.93878174,1,1,0,0.018798828,0.022705078,25.028564,61,193,1,0,255,2,0,1782505552.0272644,19
25.03882,25.028795,0.41861138,0.5715152,0.719635,1,1,0,0.016723633,0.022827148,25.038818,61,193,1,0,255,2,0,1782505552.0272644,19
25.038818,25.029503,0.36666936,0.57609874,0.763855,1,1,0,0.0146484375,0.023010254,25.038818,61,193,1,0,255,2,0,1782505552.0272644,19
25.030762,25.022106,0.3130981,0.57896805,0.8792114,1,1,0,0.012512207,0.023132324,25.030762,61,193,1,0,255,2,0,1782505552.0272644,19
25.030762,25.022594,0.26117063,0.5835501,0.80526733,1,1,0,0.010437012,0.02331543,25.030762,61,193,1,0,255,2,0,1782505552.0272644,19
25.031738,25.019018,0.58801854,0.5392773,0.6692505,1,1,0,0.023498535,0.02154541,25.031738,26,194,0,0,255,2,0,1782505552.1276367,20
25.03003,25.018476,0.53606135,0.53924054,0.7862549,1,1,0,0.02142334,0.02154541,25.03003,26,194,0,0,255,2,0,1782505552.1276367,20
25.031006,25.02233,0.3787849,0.5392616,0.7550659,1,1,0,0.015136719,0.02154541,25.031006,26,194,0,0,255,2,0,1782505552.1276367,20
25.02905,25.022295,0.22145554,0.5376922,0.7568054,1,1,0,0.008850098,0.021484375,25.029053,26,194,0,0,255,2,0,1782505552.1276367,20
25.033201,25.024462,0.58661824,0.3055735,1.1633606,1,1,0,0.0234375,0.012207031,25.033203,28,194,0,0,255,2,0,1782505552.1276367,20
25.03003,25.023539,0.48116368,0.30553475,1.1295471,1,1,0,0.019226074,0.012207031,25.03003,28,194,0,0,255,2,0,1782505552.1276367,20
25.022217,25.016672,0.42910004,0.30543938,0.7637329,1,1,0,0.017150879,0.012207031,25.022217,28,194,0,0,255,2,0,1782505552.1276367,20
25.03247,25.027784,0.3758116,0.30556455,0.7489929,1,1,0,0.015014648,0.012207031,25.03247,28,194,0,0,255,2,0,1782505552.1276367,20
25.031984,25.028023,0.323867,0.3055586,0.84436035,1,1,0,0.012939453,0.012207031,25.031982,28,194,0,0,255,2,0,1782505552.1276367,20
25.029541,25.020668,0.47194237,0.47049835,0.9315796,1,1,0,0.018859863,0.018798828,25.029541,29,194,1,0,255,2,0,1782505552.1276367,20
25.035158,25.027233,0.41858524,0.4706039,1.1832275,1,1,0,0.016723633,0.018798828,25.035156,29,194,1,0,255,2,0,1782505552.1276367,20
25.030762,25.023655,0.36658368,0.4705213,0.91412354,1,1,0,0.0146484375,0.018798828,25.030762,29,194,1,0,255,2,0,1782505552.1276367,20
25.025146,25.018776,0.3145837,0.46888855,0.68200684,1,1,0,0.012573242,0.018737793,25.025146,29,194,1,0,255,2,0,1782505552.1276367,20
25.022947,25.017193,0.26111424,0.4688474,0.75491333,1,1,0,0.010437012,0.018737793,25.02295,29,194,1,0,255,2,0,1782505552.1276367,20
25.03418,25.026468,0.57749534,0.22919157,1.2818298,1,1,0,0.023071289,0.009155273,25.03418,31,194,1,0,255,2,0,1782505552.1276367,20
25.029541,25.022976,0.525462,0.2291491,0.9315796,1,1,0,0.020996094,0.009155273,25.029541,31,194,1,0,255,2,0,1782505552.1276367,20
25.03296,25.028385,0.42013258,0.2291804,1.019928,1,1,0,0.016784668,0.009155273,25.032959,31,194,1,0,255,2,0,1782505552.1276367,20
25.032957,25.029215,0.3681931,0.22765255,0.9757385,1,1,0,0.014709473,0.009094238,25.032959,31,194,1,0,255,2,0,1782505552.1276367,20
25.035156,25.032143,0.31475177,0.22767253,0.9572754,1,1,0,0.012573242,0.009094238,25.035156,31,194,1,0,255,2,0,1782505552.1276367,20
25.027344,25.02493,0.26272252,0.22760148,0.7867737,1,1,0,0.010498047,0.009094238,25.027344,31,194,1,0,255,2,0,1782505552.1276367,20
25.029055,25.019749,0.58497983,0.35134846,1.0108032,1,1,0,0.023376465,0.014038086,25.029053,60,194,0,0,255,2,0,1782505552.1276367,20
25.03003,25.02197,0.5330804,0.3452519,0.7403259,1,1,0,0.02130127,0.013793945,25.03003,60,194,0,0,255,2,0,1782505552.1276367,20
25.032715,25.025673,0.47967672,0.3498721,0.82354736,1,1,0,0.019165039,0.013977051,25.032715,60,194,0,0,255,2,0,1782505552.1276367,20
25.032715,25.026571,0.4277418,0.35292757,0.98825073,1,1,0,0.017089844,0.014099121,25.032715,60,194,0,0,255,2,0,1782505552.1276367,20
25.032717,25.027342,0.37580496,0.35751075,0.82354736,1,1,0,0.015014648,0.014282227,25.032715,60,194,0,0,255,2,0,1782505552.1276367,20
25.03247,25.0278,0.3223363,0.36056265,0.7489929,1,1,0,0.012878418,0.014404297,25.03247,60,194,0,0,255,2,0,1782505552.1276367,20
25.03247,25.028347,0.27039734,0.36514577,1.0489502,1,1,0,0.010803223,0.014587402,25.03247,60,194,0,0,255,2,0,1782505552.1276367,20
25.032957,25.02012,0.575821,0.55763394,0.8977051,1,1,0,0.023010254,0.022277832,25.032959,61,194,1,0,255,2,0,1782505552.1276367,20
25.023926,25.012165,0.5221803,0.56201357,0.88742065,1,1,0,0.020874023,0.022460938,25.023926,61,194,1,0,255,2,0,1782505552.1276367,20
25.030762,25.019958,0.47040132,0.56522185,1.059967,1,1,0,0.018798828,0.022583008,25.030762,61,194,1,0,255,2,0,1782505552.1276367,20
25.033447,25.02346,0.41852215,0.56986505,0.6949768,1,1,0,0.016723633,0.022766113,25.033447,61,194,1,0,255,2,0,1782505552.1276367,20
25.035645,25.026424,0.36509642,0.5729704,0.6980591,1,1,0,0.014587402,0.022888184,25.035645,61,194,1,0,255,2,0,1782505552.1276367,20
25.027344,25.018724,0.31305578,0.5773618,0.72821045,1,1,0,0.012512207,0.023071289,25.027344,61,194,1,0,255,2,0,1782505552.1276367,20
25.032957,25.024862,0.2611943,0.5805464,0.88946533,1,1,0,0.010437012,0.02319336,25.032959,61,194,1,0,255,2,0,1782505552.1276367,20
25.022217,25.009539,0.5862684,0.5390722,0.69525146,1,1,0,0.0234375,0.02154541,25.022217,26,195,0,0,255,2,0,1782505552.2277067,21
25.028074,25.018585,0.42913285,0.53919846,0.7793274,1,1,0,0.017150879,0.02154541,25.028076,26,195,0,0,255,2,0,1782505552.2277067,21
25.03003,25.021408,0.37724343,0.53771317,0.7767334,1,1,0,0.015075684,0.021484375,25.03003,26,195,0,0,255,2,0,1782505552.2277067,21
25.033447,25.025837,0.53621906,0.30557647,0.98825073,1,1,0,0.02142334,0.012207031,25.033447,28,195,0,0,255,2,0,1782505552.2277067,21
25.031252,25.02473,0.48271453,0.30554965,0.8868408,1,1,0,0.01928711,0.012207031,25.03125,28,195,0,0,255,2,0,1782505552.2277067,21
25.03247,25.026897,0.43080336,0.30556455,0.69610596,1,1,0,0.017211914,0.012207031,25.03247,28,195,0,0,255,2,0,1782505552.2277067,21
25.0271,25.022367,0.37878546,0.305499,0.7507324,1,1,0,0.015136719,0.012207031,25.0271,28,195,0,0,255,2,0,1782505552.2277067,21
25.033936,25.029955,0.32541996,0.30558243,1.0125427,1,1,0,0.013000488,0.012207031,25.033936,28,195,0,0,255,2,0,1782505552.2277067,21
25.03125,25.027891,0.27344793,0.30554965,0.7455139,1,1,0,0.010925293,0.012207031,25.03125,28,195,0,0,255,2,0,1782505552.2277067,21
25.031494,25.028662,0.21998414,0.30555263,0.7767334,1,1,0,0.0087890625,0.012207031,25.031494,28,195,0,0,255,2,0,1782505552.2277067,21
25.036621,25.0255,0.57900125,0.47063145,0.6333008,1,1,0,0.023132324,0.018798828,25.036621,29,195,1,0,255,2,0,1782505552.2277067,21
25.035645,25.025703,0.52551925,0.4706131,0.78134155,1,1,0,0.020996094,0.018798828,25.035645,29,195,1,0,255,2,0,1782505552.2277067,21
25.026367,25.017467,0.47340944,0.4704387,0.6840515,1,1,0,0.018920898,0.018798828,25.026367,29,195,1,0,255,2,0,1782505552.2277067,21
25.02637,25.018396,0.42149234,0.4704387,0.71795654,1,1,0,0.016845703,0.018798828,25.026367,29,195,1,0,255,2,0,1782505552.2277067,21
25.027346,25.020245,0.36806113,0.46892974,0.72720337,1,1,0,0.014709473,0.018737793,25.027344,29,195,1,0,255,2,0,1782505552.2277067,21
25.02295,25.01656,0.31608298,0.4688474,0.75183105,1,1,0,0.012634277,0.018737793,25.02295,29,195,1,0,255,2,0,1782505552.2277067,21
25.027344,25.021572,0.2626873,0.46892974,0.81552124,1,1,0,0.010498047,0.018737793,25.027344,29,195,1,0,255,2,0,1782505552.2277067,21
25.031736,25.024097,0.5743844,0.22916922,0.78060913,1,1,0,0.022949219,0.009155273,25.031738,31,195,1,0,255,2,0,1782505552.2277067,21
25.026367,25.019867,0.52234113,0.22912005,0.868927,1,1,0,0.020874023,0.009155273,25.026367,31,195,1,0,255,2,0,1782505552.2277067,21
25.02295,25.017479,0.4703547,0.22908875,0.70358276,1,1,0,0.018798828,0.009155273,25.02295,31,195,1,0,255,2,0,1782505552.2277067,21
25.028563,25.02404,0.4170041,0.22914016,0.76623535,1,1,0,0.016662598,0.009155273,25.028564,31,195,1,0,255,2,0,1782505552.2277067,21
25.02295,25.019238,0.3649916,0.22908875,0.7107544,1,1,0,0.014587402,0.009155273,25.02295,31,195,1,0,255,2,0,1782505552.2277067,21
25.015137,25.01215,0.31144667,0.22901723,0.6511841,1,1,0,0.012451172,0.009155273,25.015137,31,195,1,0,255,2,0,1782505552.2277067,21
25.023924,25.021544,0.25963226,0.2275704,0.7816162,1,1,0,0.010375977,0.009094238,25.023926,31,195,1,0,255,2,0,1782505552.2277067,21
25.027098,25.017773,0.58493364,0.3528484,1.0108032,1,1,0,0.023376465,0.014099121,25.0271,60,195,0,0,255,2,0,1782505552.2277067,21
25.028078,25.019999,0.5330383,0.3467524,0.679657,1,1,0,0.02130127,0.0138549805,25.028076,60,195,0,0,255,2,0,1782505552.2277067,21
25.03418,25.027138,0.4797048,0.3498926,0.82354736,1,1,0,0.019165039,0.013977051,25.03418,60,195,0,0,255,2,0,1782505552.2277067,21
25.03003,25.023865,0.42769554,0.3544173,0.82354736,1,1,0,0.017089844,0.014160156,25.03003,60,195,0,0,255,2,0,1782505552.2277067,21
25.032228,25.026876,0.37427014,0.35750377,0.8972168,1,1,0,0.014953613,0.014282227,25.032227,60,195,0,0,255,2,0,1782505552.2277067,21
25.031006,25.026312,0.32231712,0.3620692,0.9119568,1,1,0,0.012878418,0.014465332,25.031006,60,195,0,0,255,2,0,1782505552.2277067,21
25.0271,25.022976,0.2703393,0.36506742,0.7940674,1,1,0,0.010803223,0.014587402,25.0271,60,195,0,0,255,2,0,1782505552.2277067,21
25.025143,25.012278,0.5756405,0.55898696,0.7816162,1,1,0,0.023010254,0.022338867,25.025146,61,195,1,0,255,2,0,1782505552.2277067,21
25.031738,25.019974,0.52234334,0.56218904,0.87509155,1,1,0,0.020874023,0.022460938,25.031738,61,195,1,0,255,2,0,1782505552.2277067,21
25.027342,25.016506,0.47033644,0.5666718,0.7333679,1,1,0,0.018798828,0.022644043,25.027344,61,195,1,0,255,2,0,1782505552.2277067,21
25.032959,25.022999,0.41698673,0.56985396,1.0301819,1,1,0,0.016662598,0.022766113,25.032959,61,195,1,0,255,2,0,1782505552.2277067,21
25.023926,25.014675,0.36492503,0.5742292,0.69021606,1,1,0,0.014587402,0.022949219,25.023926,61,195,1,0,255,2,0,1782505552.2277067,21
25.03467,25.026047,0.3131474,0.5775308,0.91207886,1,1,0,0.012512207,0.023071289,25.034668,61,195,1,0,255,2,0,1782505552.2277067,21
25.034668,25.026552,0.25968423,0.58211356,1.0794983,1,1,0,0.010375977,0.023254395,25.034668,61,195,1,0,255,2,0,1782505552.2277067,21
25.026125,25.01348,0.58483326,0.5391564,0.7342529,1,1,0,0.023376465,0.02154541,25.026123,26,196,0,0,255,2,0,1782505552.3274605,22
25.029053,25.017632,0.5314603,0.5376922,0.71432495,1,1,0,0.021240234,0.021484375,25.029053,26,196,0,0,255,2,0,1782505552.3274605,22
25.03125,25.020878,0.47958478,0.5377394,0.70999146,1,1,0,0.019165039,0.021484375,25.03125,26,196,0,0,255,2,0,1782505552.3274605,22
25.02905,25.01962,0.42762303,0.5376922,0.71865845,1,1,0,0.017089844,0.021484375,25.029053,26,196,0,0,255,2,0,1782505552.3274605,22
25.032469,25.023895,0.37422556,0.5377656,0.7767334,1,1,0,0.014953613,0.021484375,25.03247,26,196,0,0,255,2,0,1782505552.3274605,22
25.03125,25.023397,0.3222796,0.5377394,0.69784546,1,1,0,0.012878418,0.021484375,25.03125,26,196,0,0,255,2,0,1782505552.3274605,22
25.031006,25.02223,0.588094,0.30554667,0.7585144,1,1,0,0.023498535,0.012207031,25.031006,28,196,0,0,255,2,0,1782505552.3274605,22
25.032957,25.026438,0.4827475,0.3055705,1.0342102,1,1,0,0.01928711,0.012207031,25.032959,28,196,0,0,255,2,0,1782505552.3274605,22
25.032227,25.026653,0.43079916,0.30556157,0.7602539,1,1,0,0.017211914,0.012207031,25.032227,28,196,0,0,255,2,0,1782505552.3274605,22
25.027098,25.02239,0.3772582,0.305499,0.84869385,1,1,0,0.015075684,0.012207031,25.0271,28,196,0,0,255,2,0,1782505552.3274605,22
25.026367,25.01643,0.5253245,0.4704387,0.7970276,1,1,0,0.020996094,0.018798828,25.026367,29,196,1,0,255,2,0,1782505552.3274605,22
25.036623,25.027718,0.47360343,0.47063145,0.7247925,1,1,0,0.018920898,0.018798828,25.036621,29,196,1,0,255,2,0,1782505552.3274605,22
25.025146,25.0172,0.41994485,0.47041574,0.7949829,1,1,0,0.016784668,0.018798828,25.025146,29,196,1,0,255,2,0,1782505552.3274605,22
25.030762,25.02366,0.36811137,0.46899378,0.8915405,1,1,0,0.014709473,0.018737793,25.030762,29,196,1,0,255,2,0,1782505552.3274605,22
25.026367,25.019978,0.31612617,0.46891144,0.9059143,1,1,0,0.012634277,0.018737793,25.026367,29,196,1,0,255,2,0,1782505552.3274605,22
25.019531,25.011824,0.57715744,0.22905746,0.66555786,1,1,0,0.023071289,0.009155273,25.019531,31,196,1,0,255,2,0,1782505552.3274605,22
25.023926,25.01736,0.5253441,0.2290977,0.7076721,1,1,0,0.020996094,0.009155273,25.023926,31,196,1,0,255,2,0,1782505552.3274605,22
25.025146,25.019619,0.47345015,0.22910887,0.7631531,1,1,0,0.018920898,0.009155273,25.025146,31,196,1,0,255,2,0,1782505552.3274605,22
25.030762,25.026188,0.42009568,0.22916028,0.79293823,1,1,0,0.016784668,0.009155273,25.030762,31,196,1,0,255,2,0,1782505552.3274605,22
25.02295,25.019194,0.3680457,0.22908875,0.79086304,1,1,0,0.014709473,0.009155273,25.02295,31,196,1,0,255,2,0,1782505552.3274605,22
25.02075,25.017725,0.3145705,0.22906864,0.7693176,1,1,0,0.012573242,0.009155273,25.020752,31,196,1,0,255,2,0,1782505552.3274605,22
25.028564,25.026136,0.26273522,0.22914016,0.80319214,1,1,0,0.010498047,0.009155273,25.028564,31,196,1,0,255,2,0,1782505552.3274605,22
25.029053,25.019785,0.58345276,0.35134846,0.7602539,1,1,0,0.02331543,0.014038086,25.029053,60,196,0,0,255,2,0,1782505552.3274605,22
25.031984,25.023935,0.5315942,0.34680653,0.8911743,1,1,0,0.021240234,0.0138549805,25.031982,60,196,0,0,255,2,0,1782505552.3274605,22
25.0271,25.02006,0.4795691,0.34979364,0.68569946,1,1,0,0.019165039,0.013977051,25.0271,60,196,0,0,255,2,0,1782505552.3274605,22
25.031004,25.024887,0.42618522,0.3529035,0.68136597,1,1,0,0.017028809,0.014099121,25.031006,60,196,0,0,255,2,0,1782505552.3274605,22
25.030031,25.02468,0.37423727,0.3574724,0.81747437,1,1,0,0.014953613,0.014282227,25.03003,60,196,0,0,255,2,0,1782505552.3274605,22
25.03125,25.027143,0.2688566,0.36512798,0.73599243,1,1,0,0.0107421875,0.014587402,25.03125,60,196,0,0,255,2,0,1782505552.3274605,22
25.033447,25.020645,0.5743051,0.55764484,0.6713257,1,1,0,0.022949219,0.022277832,25.033447,61,196,1,0,255,2,0,1782505552.3274605,22
25.023926,25.013155,0.46874616,0.56506747,0.7836914,1,1,0,0.018737793,0.022583008,25.023926,61,196,1,0,255,2,0,1782505552.3274605,22
25.028564,25.018604,0.4169135,0.5697539,0.89974976,1,1,0,0.016662598,0.022766113,25.028564,61,196,1,0,255,2,0,1782505552.3274605,22
25.035645,25.027042,0.31163213,0.57755333,0.67440796,1,1,0,0.012451172,0.023071289,25.035645,61,196,1,0,255,2,0,1782505552.3274605,22
25.026367,25.01829,0.2595985,0.5803935,0.8216858,1,1,0,0.010375977,0.02319336,25.026367,61,196,1,0,255,2,0,1782505552.3274605,22
25.03003,25.017347,0.5864515,0.53924054,0.71606445,1,1,0,0.0234375,0.02154541,25.03003,26,197,0,0,255,2,0,1782505552.4272075,23
25.029053,25.017567,0.5329865,0.5392195,0.82873535,1,1,0,0.02130127,0.02154541,25.029053,26,197,0,0,255,2,0,1782505552.4272075,23
25.03125,25.022652,0.37573454,0.5377394,0.84695435,1,1,0,0.015014648,0.021484375,25.03125,26,197,0,0,255,2,0,1782505552.4272075,23
25.03247,25.0246,0.32382268,0.5377656,0.85302734,1,1,0,0.012939453,0.021484375,25.03247,26,197,0,0,255,2,0,1782505552.4272075,23
25.02905,25.021814,0.27032676,0.5376922,0.84002686,1,1,0,0.010803223,0.021484375,25.029053,26,197,0,0,255,2,0,1782505552.4272075,23
25.031738,25.022999,0.5865839,0.3055556,0.7940674,1,1,0,0.0234375,0.012207031,25.031738,28,197,0,0,255,2,0,1782505552.4272075,23
25.033934,25.027443,0.48123878,0.30558243,0.85910034,1,1,0,0.019226074,0.012207031,25.033936,28,197,0,0,255,2,0,1782505552.4272075,23
25.028074,25.02253,0.4292005,0.3055109,0.7602539,1,1,0,0.017150879,0.012207031,25.028076,28,197,0,0,255,2,0,1782505552.4272075,23
25.03125,25.026564,0.37579328,0.30554965,0.48373413,1,1,0,0.015014648,0.012207031,25.03125,28,197,0,0,255,2,0,1782505552.4272075,23
25.032228,25.028267,0.32387015,0.30556157,0.71691895,1,1,0,0.012939453,0.012207031,25.032227,28,197,0,0,255,2,0,1782505552.4272075,23
25.031006,25.027664,0.2719177,0.30554667,0.68136597,1,1,0,0.010864258,0.012207031,25.031006,28,197,0,0,255,2,0,1782505552.4272075,23
25.027832,25.01675,0.5772711,0.47046623,0.45440674,1,1,0,0.023071289,0.018798828,25.027832,29,197,1,0,255,2,0,1782505552.4272075,23
25.031738,25.02183,0.52391005,0.47053966,0.87713623,1,1,0,0.020935059,0.018798828,25.031738,29,197,1,0,255,2,0,1782505552.4272075,23
25.031738,25.022863,0.47198376,0.47053966,0.9182434,1,1,0,0.018859863,0.018798828,25.031738,29,197,1,0,255,2,0,1782505552.4272075,23
25.027346,25.019424,0.41845465,0.47045705,0.98706055,1,1,0,0.016723633,0.018798828,25.027344,29,197,1,0,255,2,0,1782505552.4272075,23
25.028564,25.021458,0.3665515,0.47048,0.8565979,1,1,0,0.0146484375,0.018798828,25.028564,29,197,1,0,255,2,0,1782505552.4272075,23
25.030762,25.02439,0.3146543,0.46899378,0.7949829,1,1,0,0.012573242,0.018737793,25.030762,29,197,1,0,255,2,0,1782505552.4272075,23
25.028564,25.02089,0.5758387,0.22914016,0.90179443,1,1,0,0.023010254,0.009155273,25.028564,31,197,1,0,255,2,0,1782505552.4272075,23
25.028563,25.022062,0.52238697,0.22914016,0.807312,1,1,0,0.020874023,0.009155273,25.028564,31,197,1,0,255,2,0,1782505552.4272075,23
25.029541,25.026546,0.31315365,0.22762147,0.77545166,1,1,0,0.012512207,0.009094238,25.029541,31,197,1,0,255,2,0,1782505552.4272075,23
25.031736,25.029339,0.26124102,0.22764145,0.8442688,1,1,0,0.010437012,0.009094238,25.031738,31,197,1,0,255,2,0,1782505552.4272075,23
25.027098,25.017845,0.58187973,0.3528484,0.7767334,1,1,0,0.023254395,0.014099121,25.0271,60,197,0,0,255,2,0,1782505552.4272075,23
25.032717,25.02468,0.5300819,0.34834442,0.7472534,1,1,0,0.0211792,0.013916016,25.032715,60,197,0,0,255,2,0,1782505552.4272075,23
25.031982,25.024948,0.47813487,0.3513896,0.6622925,1,1,0,0.019104004,0.014038086,25.031982,60,197,0,0,255,2,0,1782505552.4272075,23
25.03125,25.025116,0.42466125,0.3559622,0.84262085,1,1,0,0.016967773,0.014221191,25.03125,60,197,0,0,255,2,0,1782505552.4272075,23
25.02905,25.023703,0.372695,0.35898596,0.7810669,1,1,0,0.014892578,0.014343262,25.029053,60,197,0,0,255,2,0,1782505552.4272075,23
25.032957,25.028261,0.32081437,0.36362517,0.7914734,1,1,0,0.012817383,0.014526367,25.032959,60,197,0,0,255,2,0,1782505552.4272075,23
25.031494,25.02738,0.26733142,0.36665916,0.7325134,1,1,0,0.010681152,0.0146484375,25.031494,60,197,0,0,255,2,0,1782505552.4272075,23
25.03662,25.023783,0.572849,0.5607709,0.84713745,1,1,0,0.022888184,0.022399902,25.036621,61,197,1,0,255,2,0,1782505552.4272075,23
25.028563,25.016796,0.5207495,0.563645,0.91000366,1,1,0,0.020812988,0.022521973,25.028564,61,197,1,0,255,2,0,1782505552.4272075,23
25.030762,25.019947,0.46734583,0.5682766,0.81552124,1,1,0,0.018676758,0.022705078,25.030762,61,197,1,0,255,2,0,1782505552.4272075,23
25.026367,25.0164,0.4153495,0.571231,0.74053955,1,1,0,0.016601562,0.022827148,25.026367,61,197,1,0,255,2,0,1782505552.4272075,23
25.029541,25.020275,0.36347926,0.5758853,0.807312,1,1,0,0.014526367,0.023010254,25.029541,61,197,1,0,255,2,0,1782505552.4272075,23
25.025145,25.01653,0.3099741,0.57883817,0.9408264,1,1,0,0.012390137,0.023132324,25.025146,61,197,1,0,255,2,0,1782505552.4272075,23
25.027344,25.01921,0.25808087,0.5834704,0.807312,1,1,0,0.010314941,0.02331543,25.027344,61,197,1,0,255,2,0,1782505552.4272075,23
25.033203,25.020555,0.5849987,0.5393089,1.0081787,1,1,0,0.023376465,0.02154541,25.033203,26,198,0,0,255,2,0,1782505552.5277166,24
25.032959,25.021471,0.53306973,0.53930366,0.70825195,1,1,0,0.02130127,0.02154541,25.032959,26,198,0,0,255,2,0,1782505552.5277166,24
25.028074,25.017672,0.47952336,0.53919846,0.71691895,1,1,0,0.019165039,0.02154541,25.028076,26,198,0,0,255,2,0,1782505552.5277166,24
25.02417,25.014742,0.42753962,0.5375873,0.7810669,1,1,0,0.017089844,0.021484375,25.02417,26,198,0,0,255,2,0,1782505552.5277166,24
25.032957,25.02436,0.3757602,0.5377761,0.7845459,1,1,0,0.015014648,0.021484375,25.032959,26,198,0,0,255,2,0,1782505552.5277166,24
25.031006,25.023153,0.32227644,0.53773415,0.6397705,1,1,0,0.012878418,0.021484375,25.031006,26,198,0,0,255,2,0,1782505552.5277166,24
25.028074,25.02084,0.2703162,0.5376712,0.7550659,1,1,0,0.010803223,0.021484375,25.028076,26,198,0,0,255,2,0,1782505552.5277166,24
25.033447,25.025871,0.53469163,0.30557647,0.7507324,1,1,0,0.021362305,0.012207031,25.033447,28,198,0,0,255,2,0,1782505552.5277166,24
25.032225,25.027515,0.37733552,0.30556157,0.9293213,1,1,0,0.015075684,0.012207031,25.032227,28,198,0,0,255,2,0,1782505552.5277166,24
25.03247,25.029112,0.27346125,0.30556455,0.8703613,1,1,0,0.010925293,0.012207031,25.03247,28,198,0,0,255,2,0,1782505552.5277166,24
25.03247,25.029638,0.21999273,0.30556455,0.71258545,1,1,0,0.0087890625,0.012207031,25.03247,28,198,0,0,255,2,0,1782505552.5277166,24
25.025148,25.014067,0.5772092,0.47041574,0.750824,1,1,0,0.023071289,0.018798828,25.025146,29,198,1,0,255,2,0,1782505552.5277166,24
25.02295,25.013014,0.52525276,0.47037444,0.734375,1,1,0,0.020996094,0.018798828,25.02295,29,198,1,0,255,2,0,1782505552.5277166,24
25.030762,25.02186,0.4734926,0.4705213,0.65631104,1,1,0,0.018920898,0.018798828,25.030762,29,198,1,0,255,2,0,1782505552.5277166,24
25.019533,25.01159,0.41985065,0.47031018,0.6378479,1,1,0,0.016784668,0.018798828,25.019531,29,198,1,0,255,2,0,1782505552.5277166,24
25.031736,25.024635,0.36812574,0.46901208,0.8545532,1,1,0,0.014709473,0.018737793,25.031738,29,198,1,0,255,2,0,1782505552.5277166,24
25.032959,25.026567,0.3162094,0.46903494,0.9521179,1,1,0,0.012634277,0.018737793,25.032959,29,198,1,0,255,2,0,1782505552.5277166,24
25.03003,25.025455,0.4200834,0.22915357,0.6425476,1,1,0,0.016784668,0.009155273,25.03003,31,198,1,0,255,2,0,1782505552.5277166,24
25.029541,25.025784,0.36814263,0.2291491,0.8586731,1,1,0,0.014709473,0.009155273,25.029541,31,198,1,0,255,2,0,1782505552.5277166,24
25.029541,25.027113,0.26274547,0.2291491,0.85250854,1,1,0,0.010498047,0.009155273,25.029541,31,198,1,0,255,2,0,1782505552.5277166,24
25.031494,25.022175,0.5865646,0.34985507,0.83480835,1,1,0,0.0234375,0.013977051,25.031494,60,198,0,0,255,2,0,1782505552.5277166,24
25.021238,25.013086,0.53441846,0.34971175,0.71343994,1,1,0,0.021362305,0.013977051,25.02124,60,198,0,0,255,2,0,1782505552.5277166,24
25.030027,25.022915,0.4811517,0.35288972,0.7732544,1,1,0,0.019226074,0.014099121,25.03003,60,198,0,0,255,2,0,1782505552.5277166,24
25.03125,25.025038,0.4292435,0.3559622,0.99606323,1,1,0,0.017150879,0.014221191,25.03125,60,198,0,0,255,2,0,1782505552.5277166,24
25.020266,25.01485,0.37561738,0.36038685,0.7715454,1,1,0,0.015014648,0.014404297,25.020264,60,198,0,0,255,2,0,1782505552.5277166,24
25.034182,25.029444,0.32388538,0.3636429,1.0783997,1,1,0,0.012939453,0.014526367,25.03418,60,198,0,0,255,2,0,1782505552.5277166,24
25.027098,25.022915,0.2718661,0.36812216,0.72906494,1,1,0,0.010864258,0.014709473,25.0271,60,198,0,0,255,2,0,1782505552.5277166,24
25.033445,25.020506,0.57735777,0.5606999,0.6445923,1,1,0,0.023071289,0.022399902,25.033447,61,198,1,0,255,2,0,1782505552.5277166,24
25.032957,25.02109,0.52389455,0.56527144,0.8956299,1,1,0,0.020935059,0.022583008,25.032959,61,198,1,0,255,2,0,1782505552.5277166,24
25.032957,25.022055,0.47196853,0.5683265,0.9757385,1,1,0,0.018859863,0.022705078,25.032959,61,198,1,0,255,2,0,1782505552.5277166,24
25.031736,25.02168,0.4184924,0.572881,0.8668823,1,1,0,0.016723633,0.022888184,25.031738,61,198,1,0,255,2,0,1782505552.5277166,24
25.043459,25.034142,0.3667373,0.57620543,1.0187988,1,1,0,0.0146484375,0.023010254,25.043457,61,198,1,0,255,2,0,1782505552.5277166,24
25.031738,25.02303,0.31463718,0.58051807,0.9059143,1,1,0,0.012573242,0.02319336,25.031738,61,198,1,0,255,2,0,1782505552.5277166,24
25.01831,25.010149,0.26104072,0.5832598,0.77545166,1,1,0,0.010437012,0.02331543,25.01831,61,198,1,0,255,2,0,1782505552.5277166,24
25.03125,25.018602,0.58495307,0.5392668,0.6692505,1,1,0,0.023376465,0.02154541,25.03125,26,199,0,0,255,2,0,1782505552.627789,25
25.029053,25.018648,0.47954208,0.5392195,0.7992859,1,1,0,0.019165039,0.02154541,25.029053,26,199,0,0,255,2,0,1782505552.627789,25
25.03125,25.021818,0.42766058,0.5377394,0.46292114,1,1,0,0.017089844,0.021484375,25.03125,26,199,0,0,255,2,0,1782505552.627789,25
25.033201,25.024605,0.37576386,0.53778136,1.2075806,1,1,0,0.015014648,0.021484375,25.033203,26,199,0,0,255,2,0,1782505552.627789,25
25.032959,25.025106,0.3223016,0.5377761,0.70739746,1,1,0,0.012878418,0.021484375,25.032959,26,199,0,0,255,2,0,1782505552.627789,25
25.031982,25.024744,0.27035838,0.53775513,0.81399536,1,1,0,0.010803223,0.021484375,25.031982,26,199,0,0,255,2,0,1782505552.627789,25
25.032715,25.023975,0.5866068,0.30556753,0.7732544,1,1,0,0.0234375,0.012207031,25.032715,28,199,0,0,255,2,0,1782505552.627789,25
25.03247,25.024895,0.53467077,0.30556455,1.0177307,1,1,0,0.021362305,0.012207031,25.03247,28,199,0,0,255,2,0,1782505552.627789,25
25.03247,25.025951,0.48273808,0.30556455,0.7845459,1,1,0,0.01928711,0.012207031,25.03247,28,199,0,0,255,2,0,1782505552.627789,25
25.031738,25.028925,0.21998647,0.30402792,0.6336975,1,1,0,0.0087890625,0.012145996,25.031738,28,199,0,0,255,2,0,1782505552.627789,25
25.028564,25.018627,0.52537066,0.47048,0.82580566,1,1,0,0.020996094,0.018798828,25.028564,29,199,1,0,255,2,0,1782505552.627789,25
25.030762,25.021889,0.4719654,0.4705213,0.82580566,1,1,0,0.018859863,0.018798828,25.030762,29,199,1,0,255,2,0,1782505552.627789,25
25.027344,25.019426,0.41998222,0.46892974,0.88742065,1,1,0,0.016784668,0.018737793,25.027344,29,199,1,0,255,2,0,1782505552.627789,25
25.023928,25.01685,0.366484,0.4688657,0.7210388,1,1,0,0.0146484375,0.018737793,25.023926,29,199,1,0,255,2,0,1782505552.627789,25
25.026367,25.019997,0.31459904,0.46891144,0.7970276,1,1,0,0.012573242,0.018737793,25.026367,29,199,1,0,255,2,0,1782505552.627789,25
25.018314,25.012543,0.2625925,0.4687605,0.71795654,1,1,0,0.010498047,0.018737793,25.01831,29,199,1,0,255,2,0,1782505552.627789,25
25.031738,25.023958,0.58049375,0.22916922,0.76623535,1,1,0,0.02319336,0.009155273,25.031738,31,199,1,0,255,2,0,1782505552.627789,25
25.025146,25.018549,0.5268967,0.22910887,0.82373047,1,1,0,0.021057129,0.009155273,25.025146,31,199,1,0,255,2,0,1782505552.627789,25
25.026367,25.02081,0.4750004,0.22912005,0.8565979,1,1,0,0.018981934,0.009155273,25.026367,31,199,1,0,255,2,0,1782505552.627789,25
25.030762,25.026161,0.42162314,0.22916028,0.7744446,1,1,0,0.016845703,0.009155273,25.030762,31,199,1,0,255,2,0,1782505552.627789,25
25.026367,25.022589,0.3696232,0.22912005,0.65426636,1,1,0,0.014770508,0.009155273,25.026367,31,199,1,0,255,2,0,1782505552.627789,25
25.031736,25.028671,0.3177639,0.22916922,0.907959,1,1,0,0.0126953125,0.009155273,25.031738,31,199,1,0,255,2,0,1782505552.627789,25
25.01831,25.015867,0.2641544,0.22904629,0.6881714,1,1,0,0.010559082,0.009155273,25.01831,31,199,1,0,255,2,0,1782505552.627789,25
25.030027,25.02063,0.5880564,0.35288972,0.81747437,1,1,0,0.023498535,0.014099121,25.03003,60,199,0,0,255,2,0,1782505552.627789,25
25.032715,25.024527,0.5361909,0.3498721,0.71258545,1,1,0,0.02142334,0.013977051,25.032715,60,199,0,0,255,2,0,1782505552.627789,25
25.031984,25.02484,0.48271665,0.35291725,0.7732544,1,1,0,0.01928711,0.014099121,25.031982,60,199,0,0,255,2,0,1782505552.627789,25
25.03296,25.0267,0.43079996,0.35751423,0.87210083,1,1,0,0.017211914,0.014282227,25.032959,60,199,0,0,255,2,0,1782505552.627789,25
25.028076,25.022614,0.3787892,0.36049938,0.83828735,1,1,0,0.015136719,0.014404297,25.028076,60,199,0,0,255,2,0,1782505552.627789,25
25.03125,25.026472,0.3253747,0.36512798,0.9076233,1,1,0,0.013000488,0.014587402,25.03125,60,199,0,0,255,2,0,1782505552.627789,25
25.027098,25.022898,0.27339336,0.36812216,0.73773193,1,1,0,0.010925293,0.014709473,25.0271,60,199,0,0,255,2,0,1782505552.627789,25
25.026125,25.022367,0.22145618,0.37268972,0.7489929,1,1,0,0.008850098,0.014892578,25.026123,60,199,0,0,255,2,0,1782505552.627789,25
25.023924,25.01092,0.57866395,0.56201357,0.6522217,1,1,0,0.023132324,0.022460938,25.023926,61,199,1,0,255,2,0,1782505552.627789,25
25.03174,25.01984,0.5253961,0.5652439,0.9788208,1,1,0,0.020996094,0.022583008,25.031738,61,199,1,0,255,2,0,1782505552.627789,25
25.030762,25.019796,0.47345352,0.5698039,0.9182434,1,1,0,0.018920898,0.022766113,25.030762,61,199,1,0,255,2,0,1782505552.627789,25
25.027344,25.017239,0.42147282,0.57278043,0.7631531,1,1,0,0.016845703,0.022888184,25.027344,61,199,1,0,255,2,0,1782505552.627789,25
25.029543,25.020174,0.36806008,0.57741255,0.9336548,1,1,0,0.014709473,0.023071289,25.029541,61,199,1,0,255,2,0,1782505552.627789,25
25.036377,25.027647,0.31622306,0.58062565,1.1781006,1,1,0,0.012634277,0.02319336,25.036377,61,199,1,0,255,2,0,1782505552.627789,25
25.025146,25.016914,0.26416546,0.58494616,0.70358276,1,1,0,0.010559082,0.023376465,25.025146,61,199,1,0,255,2,0,1782505552.627789,25
25.032715,25.020103,0.5834602,0.53929836,0.7767334,1,1,0,0.02331543,0.02154541,25.032715,26,200,0,0,255,2,0,1782505552.7285564,26
25.02124,25.00979,0.5312937,0.5390512,0.84002686,1,1,0,0.021240234,0.02154541,25.02124,26,200,0,0,255,2,0,1782505552.7285564,26
25.025146,25.014772,0.47794047,0.53913534,0.72732544,1,1,0,0.019104004,0.02154541,25.025146,26,200,0,0,255,2,0,1782505552.7285564,26
25.031006,25.021566,0.4261287,0.5392616,0.68743896,1,1,0,0.017028809,0.02154541,25.031006,26,200,0,0,255,2,0,1782505552.7285564,26
25.032715,25.024107,0.37422872,0.53929836,1.1694336,1,1,0,0.014953613,0.02154541,25.032715,26,200,0,0,255,2,0,1782505552.7285564,26
25.032715,25.025494,0.26883888,0.53777087,0.87210083,1,1,0,0.0107421875,0.021484375,25.032715,26,200,0,0,255,2,0,1782505552.7285564,26
25.031984,25.024406,0.53466034,0.3055586,0.71343994,1,1,0,0.021362305,0.012207031,25.031982,28,200,0,0,255,2,0,1782505552.7285564,26
25.025146,25.018627,0.48259684,0.30547515,0.7767334,1,1,0,0.01928711,0.012207031,25.025146,28,200,0,0,255,2,0,1782505552.7285564,26
25.031006,25.025433,0.43077815,0.30554667,0.7793274,1,1,0,0.017211914,0.012207031,25.031006,28,200,0,0,255,2,0,1782505552.7285564,26
25.033203,25.029222,0.32541046,0.3055735,1.1399536,1,1,0,0.013000488,0.012207031,25.033203,28,200,0,0,255,2,0,1782505552.7285564,26
25.032227,25.028868,0.2734586,0.30556157,0.7810669,1,1,0,0.010925293,0.012207031,25.032227,28,200,0,0,255,2,0,1782505552.7285564,26
25.03125,25.028437,0.21998218,0.30402198,0.70132446,1,1,0,0.0087890625,0.012145996,25.03125,28,200,0,0,255,2,0,1782505552.7285564,26
25.04004,25.028917,0.57908034,0.47069567,0.7617798,1,1,0,0.023132324,0.018798828,25.04004,29,200,1,0,255,2,0,1782505552.7285564,26
25.034424,25.02552,0.47356185,0.47059014,0.6672058,1,1,0,0.018920898,0.018798828,25.034424,29,200,1,0,255,2,0,1782505552.7285564,26
25.026367,25.019268,0.36804676,0.46891144,0.7949829,1,1,0,0.014709473,0.018737793,25.026367,29,200,1,0,255,2,0,1782505552.7285564,26
25.030762,25.02437,0.31618166,0.46899378,0.9284973,1,1,0,0.012634277,0.018737793,25.030762,29,200,1,0,255,2,0,1782505552.7285564,26
25.030762,25.026213,0.4185682,0.22916028,0.89974976,1,1,0,0.016723633,0.009155273,25.030762,31,200,1,0,255,2,0,1782505552.7285564,26
25.023926,25.020214,0.36500585,0.2290977,0.7693176,1,1,0,0.014587402,0.009155273,25.023926,31,200,1,0,255,2,0,1782505552.7285564,26
25.035645,25.032637,0.31322986,0.22920498,0.7463684,1,1,0,0.012512207,0.009155273,25.035645,31,200,1,0,255,2,0,1782505552.7285564,26
25.031738,25.029356,0.25971332,0.22764145,0.868927,1,1,0,0.010375977,0.009094238,25.031738,31,200,1,0,255,2,0,1782505552.7285564,26
25.028074,25.018757,0.58648455,0.3498073,0.69784546,1,1,0,0.0234375,0.013977051,25.028076,60,200,0,0,255,2,0,1782505552.7285564,26
25.034182,25.026047,0.5346954,0.3483648,0.9266968,1,1,0,0.021362305,0.013916016,25.03418,60,200,0,0,255,2,0,1782505552.7285564,26
25.032227,25.026014,0.42926025,0.35597607,0.85736084,1,1,0,0.017150879,0.014221191,25.032227,60,200,0,0,255,2,0,1782505552.7285564,26
25.026125,25.020683,0.3772325,0.36047125,0.7975464,1,1,0,0.015075684,0.014404297,25.026123,60,200,0,0,255,2,0,1782505552.7285564,26
25.031982,25.027225,0.3253845,0.36361098,0.8009949,1,1,0,0.013000488,0.014526367,25.031982,60,200,0,0,255,2,0,1782505552.7285564,26
25.03003,25.025845,0.27189794,0.36816525,0.8088074,1,1,0,0.010864258,0.014709473,25.03003,60,200,0,0,255,2,0,1782505552.7285564,26
25.031252,25.02753,0.2199742,0.37123844,0.83828735,1,1,0,0.0087890625,0.014831543,25.03125,60,200,0,0,255,2,0,1782505552.7285564,26
25.032957,25.020018,0.5773465,0.5606889,0.97164917,1,1,0,0.023071289,0.022399902,25.032959,61,200,1,0,255,2,0,1782505552.7285564,26
25.034668,25.022768,0.5254576,0.56531,1.0435486,1,1,0,0.020996094,0.022583008,25.034668,61,200,1,0,255,2,0,1782505552.7285564,26
25.037842,25.026937,0.4720606,0.56843734,0.71655273,1,1,0,0.018859863,0.022705078,25.037842,61,200,1,0,255,2,0,1782505552.7285564,26
25.031736,25.021656,0.42001963,0.572881,0.75491333,1,1,0,0.016784668,0.022888184,25.031738,61,200,1,0,255,2,0,1782505552.7285564,26
25.035643,25.026308,0.36815035,0.5760257,0.6949768,1,1,0,0.014709473,0.023010254,25.035645,61,200,1,0,255,2,0,1782505552.7285564,26
25.028564,25.019855,0.31459728,0.58044446,0.9921875,1,1,0,0.012573242,0.02319336,25.028564,61,200,1,0,255,2,0,1782505552.7285564,26
25.023926,25.015747,0.2626261,0.5833907,0.7600708,1,1,0,0.010498047,0.02331543,25.023926,61,200,1,0,255,2,0,1782505552.7285564,26
25.032227,25.019579,0.5849759,0.53928787,1.2179871,1,1,0,0.023376465,0.02154541,25.032227,26,201,0,0,255,2,0,1782505552.8275309,27
25.031494,25.02203,0.4276642,0.53927207,0.82702637,1,1,0,0.017089844,0.02154541,25.031494,26,201,0,0,255,2,0,1782505552.8275309,27
25.0271,25.018526,0.37414527,0.5376502,0.72906494,1,1,0,0.014953613,0.021484375,25.0271,26,201,0,0,255,2,0,1782505552.8275309,27
25.032715,25.024862,0.32229847,0.53777087,0.7715454,1,1,0,0.012878418,0.021484375,25.032715,26,201,0,0,255,2,0,1782505552.8275309,27
25.031982,25.023277,0.5850624,0.3055586,0.8009949,1,1,0,0.023376465,0.012207031,25.031982,28,201,0,0,255,2,0,1782505552.8275309,27
25.03247,25.02496,0.531616,0.30556455,0.8105469,1,1,0,0.021240234,0.012207031,25.03247,28,201,0,0,255,2,0,1782505552.8275309,27
25.032715,25.026253,0.47968784,0.30556753,0.73773193,1,1,0,0.019165039,0.012207031,25.032715,28,201,0,0,255,2,0,1782505552.8275309,27
25.03247,25.027807,0.37428406,0.30556455,0.9293213,1,1,0,0.014953613,0.012207031,25.03247,28,201,0,0,255,2,0,1782505552.8275309,27
25.032227,25.0289,0.2704033,0.30556157,0.69177246,1,1,0,0.010803223,0.012207031,25.032227,28,201,0,0,255,2,0,1782505552.8275309,27
25.026367,25.015356,0.5741837,0.4704387,0.76828,1,1,0,0.022949219,0.018798828,25.026367,29,201,1,0,255,2,0,1782505552.8275309,27
25.026367,25.016495,0.52227074,0.4704387,0.6840515,1,1,0,0.020874023,0.018798828,25.026367,29,201,1,0,255,2,0,1782505552.8275309,27
25.036865,25.028996,0.4170867,0.46910813,1.2654114,1,1,0,0.016662598,0.018737793,25.036865,29,201,1,0,255,2,0,1782505552.8275309,27
25.030762,25.023705,0.36505675,0.46899378,0.96136475,1,1,0,0.014587402,0.018737793,25.030762,29,201,1,0,255,2,0,1782505552.8275309,27
25.025146,25.018795,0.31305668,0.46888855,0.8792114,1,1,0,0.012512207,0.018737793,25.025146,29,201,1,0,255,2,0,1782505552.8275309,27
25.027344,25.019705,0.57428354,0.22912899,0.82373047,1,1,0,0.022949219,0.009155273,25.027344,31,201,1,0,255,2,0,1782505552.8275309,27
25.019531,25.013031,0.52219844,0.22905746,0.7210388,1,1,0,0.020874023,0.009155273,25.019531,31,201,1,0,255,2,0,1782505552.8275309,27
25.02295,25.018427,0.41691056,0.22908875,0.72821045,1,1,0,0.016662598,0.009155273,25.02295,31,201,1,0,255,2,0,1782505552.8275309,27
25.021729,25.01872,0.31305575,0.22907758,0.65838623,1,1,0,0.012512207,0.009155273,25.021729,31,201,1,0,255,2,0,1782505552.8275309,27
25.025146,25.022764,0.25964493,0.2275815,0.7744446,1,1,0,0.010375977,0.009094238,25.025146,31,201,1,0,255,2,0,1782505552.8275309,27
25.025146,25.015715,0.5894686,0.35282087,0.71258545,1,1,0,0.02355957,0.014099121,25.025146,60,201,0,0,255,2,0,1782505552.8275309,27
25.0271,25.018955,0.5360716,0.34673887,0.73773193,1,1,0,0.02142334,0.0138549805,25.0271,60,201,0,0,255,2,0,1782505552.8275309,27
25.026125,25.018995,0.48413154,0.34978,0.83654785,1,1,0,0.019348145,0.013977051,25.026123,60,201,0,0,255,2,0,1782505552.8275309,27
25.03198,25.025738,0.43231133,0.35444495,0.9293213,1,1,0,0.01727295,0.014160156,25.031982,60,201,0,0,255,2,0,1782505552.8275309,27
25.031008,25.025587,0.3788342,0.35748634,0.6571045,1,1,0,0.015136719,0.014282227,25.031006,60,201,0,0,255,2,0,1782505552.8275309,27
25.031252,25.026497,0.32690275,0.3620727,1.0957642,1,1,0,0.013061523,0.014465332,25.03125,60,201,0,0,255,2,0,1782505552.8275309,27
25.03125,25.027077,0.27496675,0.36512798,0.85562134,1,1,0,0.010986328,0.014587402,25.03125,60,201,0,0,255,2,0,1782505552.8275309,27
25.027102,25.02339,0.22146523,0.36964953,0.661438,1,1,0,0.008850098,0.014770508,25.0271,60,201,0,0,255,2,0,1782505552.8275309,27
25.031738,25.018797,0.57884616,0.5591342,0.83813477,1,1,0,0.023132324,0.022338867,25.031738,61,201,1,0,255,2,0,1782505552.8275309,27
25.03442,25.022558,0.5269812,0.56224936,0.71655273,1,1,0,0.021057129,0.022460938,25.034424,61,201,1,0,255,2,0,1782505552.8275309,27
25.028809,25.017883,0.47494486,0.566705,0.78134155,1,1,0,0.018981934,0.022644043,25.028809,61,201,1,0,255,2,0,1782505552.8275309,27
25.036621,25.02658,0.42163023,0.5699373,0.69189453,1,1,0,0.016845703,0.022766113,25.036621,61,201,1,0,255,2,0,1782505552.8275309,27
25.025146,25.015827,0.36952335,0.5742572,0.75491333,1,1,0,0.014770508,0.022949219,25.025146,61,201,1,0,255,2,0,1782505552.8275309,27
25.034424,25.025745,0.31772673,0.5775252,0.6548767,1,1,0,0.0126953125,0.023071289,25.034424,61,201,1,0,255,2,0,1782505552.8275309,27
25.029543,25.02138,0.2642126,0.58199435,0.8792114,1,1,0,0.010559082,0.023254395,25.029541,61,201,1,0,255,2,0,1782505552.8275309,27
25.032959,25.022524,0.4811442,0.53930366,0.7749939,1,1,0,0.019226074,0.02154541,25.032959,26,202,0,0,255,2,0,1782505552.9273612,28
25.032225,25.022768,0.42920458,0.5377604,0.8009949,1,1,0,0.017150879,0.021484375,25.032227,26,202,0,0,255,2,0,1782505552.9273612,28
25.02124,25.012646,0.3755843,0.53752434,0.82354736,1,1,0,0.015014648,0.021484375,25.02124,26,202,0,0,255,2,0,1782505552.9273612,28
25.030027,25.021254,0.58807105,0.30553475,0.679657,1,1,0,0.023498535,0.012207031,25.03003,28,202,0,0,255,2,0,1782505552.9273612,28
25.021242,25.014725,0.48252153,0.30542746,0.646698,1,1,0,0.01928711,0.012207031,25.02124,28,202,0,0,255,2,0,1782505552.9273612,28
25.028074,25.023367,0.37727293,0.3055109,0.98825073,1,1,0,0.015075684,0.012207031,25.028076,28,202,0,0,255,2,0,1782505552.9273612,28
25.02905,25.025072,0.32535648,0.30552283,0.72906494,1,1,0,0.013000488,0.012207031,25.029053,28,202,0,0,255,2,0,1782505552.9273612,28
25.031006,25.027647,0.27344525,0.30554667,0.8703613,1,1,0,0.010925293,0.012207031,25.031006,28,202,0,0,255,2,0,1782505552.9273612,28
25.026367,25.015287,0.5772373,0.4704387,0.7867737,1,1,0,0.023071289,0.018798828,25.026367,29,202,1,0,255,2,0,1782505552.9273612,28
25.023926,25.01399,0.52527326,0.4703928,0.77752686,1,1,0,0.020996094,0.018798828,25.023926,29,202,1,0,255,2,0,1782505552.9273612,28
25.018314,25.010368,0.41983014,0.47028723,0.63064575,1,1,0,0.016784668,0.018798828,25.01831,29,202,1,0,255,2,0,1782505552.9273612,28
25.025146,25.018047,0.36802882,0.46888855,0.67993164,1,1,0,0.014709473,0.018737793,25.025146,29,202,1,0,255,2,0,1782505552.9273612,28
25.01831,25.011923,0.3160244,0.4687605,0.68200684,1,1,0,0.012634277,0.018737793,25.01831,29,202,1,0,255,2,0,1782505552.9273612,28
25.037842,25.0302,0.5745244,0.2292251,0.7340393,1,1,0,0.022949219,0.009155273,25.037842,31,202,1,0,255,2,0,1782505552.9273612,28
25.027344,25.020844,0.5223615,0.22912899,0.70358276,1,1,0,0.020874023,0.009155273,25.027344,31,202,1,0,255,2,0,1782505552.9273612,28
25.031738,25.027214,0.417057,0.22916922,0.7220459,1,1,0,0.016662598,0.009155273,25.031738,31,202,1,0,255,2,0,1782505552.9273612,28
25.028564,25.025557,0.3131413,0.22914016,0.829895,1,1,0,0.012512207,0.009155273,25.028564,31,202,1,0,255,2,0,1782505552.9273612,28
25.03125,25.02193,0.5865589,0.34985164,0.7732544,1,1,0,0.0234375,0.013977051,25.03125,60,202,0,0,255,2,0,1782505552.9273612,28
25.031984,25.023903,0.5331215,0.34680653,0.82702637,1,1,0,0.02130127,0.0138549805,25.031982,60,202,0,0,255,2,0,1782505552.9273612,28
25.03247,25.025398,0.48119947,0.3498687,1.0844727,1,1,0,0.019226074,0.013977051,25.03247,60,202,0,0,255,2,0,1782505552.9273612,28
25.032959,25.026768,0.42927316,0.35445878,1.0212097,1,1,0,0.017150879,0.014160156,25.032959,60,202,0,0,255,2,0,1782505552.9273612,28
25.032227,25.027514,0.3238604,0.36208683,0.7810669,1,1,0,0.012939453,0.014465332,25.032227,60,202,0,0,255,2,0,1782505552.9273612,28
25.023926,25.01213,0.523707,0.56201357,0.7210388,1,1,0,0.020935059,0.022460938,25.023926,61,202,1,0,255,2,0,1782505552.9273612,28
25.026367,25.015501,0.47184488,0.5666497,0.71795654,1,1,0,0.018859863,0.022644043,25.026367,61,202,1,0,255,2,0,1782505552.9273612,28
25.023926,25.013943,0.41836298,0.5696483,0.82580566,1,1,0,0.016723633,0.022766113,25.023926,61,202,1,0,255,2,0,1782505552.9273612,28
25.02637,25.017094,0.36648756,0.5742852,0.69125366,1,1,0,0.0146484375,0.022949219,25.026367,61,202,1,0,255,2,0,1782505552.9273612,28
25.026367,25.018238,0.26112515,0.58192056,0.7477417,1,1,0,0.010437012,0.023254395,25.026367,61,202,1,0,255,2,0,1782505552.9273612,28
25.03003,25.017382,0.5849245,0.53924054,1.0419922,1,1,0,0.023376465,0.02154541,25.03003,26,203,0,0,255,2,0,1782505553.0275676,29
25.031006,25.019552,0.53302884,0.53773415,0.7550659,1,1,0,0.02130127,0.021484375,25.031006,26,203,0,0,255,2,0,1782505553.0275676,29
25.032715,25.02234,0.47961286,0.53777087,0.7914734,1,1,0,0.019165039,0.021484375,25.032715,26,203,0,0,255,2,0,1782505553.0275676,29
25.032227,25.022795,0.42767727,0.5377604,0.7862549,1,1,0,0.017089844,0.021484375,25.032227,26,203,0,0,255,2,0,1782505553.0275676,29
25.03003,25.021326,0.5850167,0.30553475,0.71691895,1,1,0,0.023376465,0.012207031,25.03003,28,203,0,0,255,2,0,1782505553.0275676,29
25.032227,25.024683,0.53313816,0.30556157,0.6926575,1,1,0,0.02130127,0.012207031,25.032227,28,203,0,0,255,2,0,1782505553.0275676,29
25.032225,25.025734,0.48120594,0.30556157,0.86343384,1,1,0,0.019226074,0.012207031,25.032227,28,203,0,0,255,2,0,1782505553.0275676,29
25.027098,25.02158,0.4276565,0.305499,0.7420654,1,1,0,0.017089844,0.012207031,25.0271,28,203,0,0,255,2,0,1782505553.0275676,29
25.031494,25.026808,0.37579694,0.30555263,0.94836426,1,1,0,0.015014648,0.012207031,25.031494,28,203,0,0,255,2,0,1782505553.0275676,29
25.025145,25.02182,0.27032682,0.30547515,0.8122864,1,1,0,0.010803223,0.012207031,25.025146,28,203,0,0,255,2,0,1782505553.0275676,29
25.034424,25.024515,0.52396625,0.47059014,0.66619873,1,1,0,0.020935059,0.018798828,25.034424,29,203,1,0,255,2,0,1782505553.0275676,29
25.027344,25.018501,0.47037393,0.47045705,0.8196411,1,1,0,0.018798828,0.018798828,25.027344,29,203,1,0,255,2,0,1782505553.0275676,29
25.029541,25.022463,0.3665662,0.4689709,0.885376,1,1,0,0.0146484375,0.018737793,25.029541,29,203,1,0,255,2,0,1782505553.0275676,29
25.019531,25.013182,0.3129864,0.46878335,0.7241211,1,1,0,0.012512207,0.018737793,25.019531,29,203,1,0,255,2,0,1782505553.0275676,29
25.03003,25.02232,0.5773996,0.22915357,0.62094116,1,1,0,0.023071289,0.009155273,25.03003,31,203,1,0,255,2,0,1782505553.0275676,29
25.031736,25.025204,0.5239807,0.22916922,0.76623535,1,1,0,0.020935059,0.009155273,25.031738,31,203,1,0,255,2,0,1782505553.0275676,29
25.026365,25.020866,0.47194612,0.22912005,0.695343,1,1,0,0.018859863,0.009155273,25.026367,31,203,1,0,255,2,0,1782505553.0275676,29
25.031738,25.027164,0.42011207,0.22916922,0.90179443,1,1,0,0.016784668,0.009155273,25.031738,31,203,1,0,255,2,0,1782505553.0275676,29
25.03467,25.031641,0.31474546,0.22919604,0.8915405,1,1,0,0.012573242,0.009155273,25.034668,31,203,1,0,255,2,0,1782505553.0275676,29
25.026367,25.02394,0.26271215,0.22912005,0.7107544,1,1,0,0.010498047,0.009155273,25.026367,31,203,1,0,255,2,0,1782505553.0275676,29
25.031982,25.022655,0.5850478,0.35291725,0.7602539,1,1,0,0.023376465,0.014099121,25.031982,60,203,0,0,255,2,0,1782505553.0275676,29
25.031984,25.023882,0.53312105,0.34833422,0.8122864,1,1,0,0.02130127,0.013916016,25.031982,60,203,0,0,255,2,0,1782505553.0275676,29
25.034178,25.027094,0.47970396,0.35294822,0.69351196,1,1,0,0.019165039,0.014099121,25.03418,60,203,0,0,255,2,0,1782505553.0275676,29
25.03247,25.026283,0.42773688,0.35597956,0.72299194,1,1,0,0.017089844,0.014221191,25.03247,60,203,0,0,255,2,0,1782505553.0275676,29
25.028076,25.022682,0.3742074,0.36049938,0.83306885,1,1,0,0.014953613,0.014404297,25.028076,60,203,0,0,255,2,0,1782505553.0275676,29
25.031494,25.026777,0.3223231,0.3636039,0.70477295,1,1,0,0.012878418,0.014526367,25.031494,60,203,0,0,255,2,0,1782505553.0275676,29
25.032715,25.028545,0.27039945,0.36820474,0.72906494,1,1,0,0.010803223,0.014709473,25.032715,60,203,0,0,255,2,0,1782505553.0275676,29
25.032225,25.01932,0.57580256,0.5606725,0.6723633,1,1,0,0.023010254,0.022399902,25.032227,61,203,1,0,255,2,0,1782505553.0275676,29
25.02173,25.0099,0.52213305,0.5650178,0.8607178,1,1,0,0.020874023,0.022583008,25.021729,61,203,1,0,255,2,0,1782505553.0275676,29
25.04004,25.029161,0.47057435,0.5684872,0.7484436,1,1,0,0.018798828,0.022705078,25.04004,61,203,1,0,255,2,0,1782505553.0275676,29
25.042236,25.032202,0.4171401,0.57312125,0.92526245,1,1,0,0.016662598,0.022888184,25.042236,61,203,1,0,255,2,0,1782505553.0275676,29
25.026363,25.017078,0.3649601,0.5758123,0.7456665,1,1,0,0.014587402,0.023010254,25.026367,61,203,1,0,255,2,0,1782505553.0275676,29
25.028564,25.019875,0.31307018,0.58044446,0.75390625,1,1,0,0.012512207,0.02319336,25.028564,61,203,1,0,255,2,0,1782505553.0275676,29
25.03174,25.023588,0.25965348,0.58357286,1.0178528,1,1,0,0.010375977,0.02331543,25.031738,61,203,1,0,255,2,0,1782505553.0275676,29
25.032225,25.020771,0.5330548,0.5377604,0.98825073,1,1,0,0.02130127,0.021484375,25.032227,26,204,0,0,255,2,0,1782505553.127383,30
25.026123,25.015722,0.48101342,0.53762925,0.7342529,1,1,0,0.019226074,0.021484375,25.026123,26,204,0,0,255,2,0,1782505553.127383,30
25.025145,25.015717,0.4275563,0.53760827,0.7619934,1,1,0,0.017089844,0.021484375,25.025146,26,204,0,0,255,2,0,1782505553.127383,30
25.031006,25.023134,0.32380372,0.53773415,0.73773193,1,1,0,0.012939453,0.021484375,25.031006,26,204,0,0,255,2,0,1782505553.127383,30
25.032959,25.024183,0.5881399,0.3055705,0.7585144,1,1,0,0.023498535,0.012207031,25.032959,28,204,0,0,255,2,0,1782505553.127383,30
25.03003,25.027197,0.21997127,0.30553475,0.7420654,1,1,0,0.0087890625,0.012207031,25.03003,28,204,0,0,255,2,0,1782505553.127383,30
25.031006,25.019924,0.57734436,0.4705259,0.64767456,1,1,0,0.023071289,0.018798828,25.031006,29,204,1,0,255,2,0,1782505553.127383,30
25.032959,25.02302,0.52546287,0.4705626,0.980896,1,1,0,0.020996094,0.018798828,25.032959,29,204,1,0,255,2,0,1782505553.127383,30
25.028812,25.019909,0.47345564,0.47048458,0.7083435,1,1,0,0.018920898,0.018798828,25.028809,29,204,1,0,255,2,0,1782505553.127383,30
25.025148,25.019377,0.26266423,0.46888855,0.8812561,1,1,0,0.010498047,0.018737793,25.025146,29,204,1,0,255,2,0,1782505553.127383,30
25.042236,25.034557,0.5761532,0.22926533,0.82040405,1,1,0,0.023010254,0.009155273,25.042236,31,204,1,0,255,2,0,1782505553.127383,30
25.025146,25.018614,0.5238427,0.22910887,0.70150757,1,1,0,0.020935059,0.009155273,25.025146,31,204,1,0,255,2,0,1782505553.127383,30
25.027344,25.021873,0.47043732,0.22912899,0.82785034,1,1,0,0.018798828,0.009155273,25.027344,31,204,1,0,255,2,0,1782505553.127383,30
25.020752,25.016205,0.4184008,0.22906864,0.6871338,1,1,0,0.016723633,0.009155273,25.020752,31,204,1,0,255,2,0,1782505553.127383,30
25.019531,25.015799,0.36646858,0.22905746,0.7127991,1,1,0,0.0146484375,0.009155273,25.019531,31,204,1,0,255,2,0,1782505553.127383,30
25.031252,25.021954,0.5865594,0.34832403,0.8009949,1,1,0,0.0234375,0.013916016,25.03125,60,204,0,0,255,2,0,1782505553.127383,30
25.03003,25.02195,0.5330799,0.34677947,0.7793274,1,1,0,0.02130127,0.0138549805,25.03003,60,204,0,0,255,2,0,1782505553.127383,30
25.03125,25.024158,0.4811756,0.3513793,0.71691895,1,1,0,0.019226074,0.014038086,25.03125,60,204,0,0,255,2,0,1782505553.127383,30
25.032469,25.02628,0.42926478,0.35445186,0.7698059,1,1,0,0.017150879,0.014160156,25.03247,60,204,0,0,255,2,0,1782505553.127383,30
25.03345,25.028734,0.32387617,0.36210448,1.0896912,1,1,0,0.012939453,0.014465332,25.033447,60,204,0,0,255,2,0,1782505553.127383,30
25.033447,25.0293,0.27040762,0.36668777,0.82528687,1,1,0,0.010803223,0.0146484375,25.033447,60,204,0,0,255,2,0,1782505553.127383,30
25.041258,25.028383,0.5760111,0.55934685,0.82244873,1,1,0,0.023010254,0.022338867,25.04126,61,204,1,0,255,2,0,1782505553.127383,30
25.035156,25.023321,0.5239413,0.5637934,1.0322571,1,1,0,0.020935059,0.022521973,25.035156,61,204,1,0,255,2,0,1782505553.127383,30
25.035889,25.025019,0.4720244,0.56686527,0.89974976,1,1,0,0.018859863,0.022644043,25.035889,61,204,1,0,255,2,0,1782505553.127383,30
25.031736,25.021717,0.418493,0.5713536,0.77853394,1,1,0,0.016723633,0.022827148,25.031738,61,204,1,0,255,2,0,1782505553.127383,30
25.027834,25.018559,0.36650902,0.5743188,0.65179443,1,1,0,0.0146484375,0.022949219,25.027832,61,204,1,0,255,2,0,1782505553.127383,30
25.036865,25.028208,0.31317446,0.5791092,0.93569946,1,1,0,0.012512207,0.023132324,25.036865,61,204,1,0,255,2,0,1782505553.127383,30
25.027102,25.014456,0.5848561,0.5391774,0.71258545,1,1,0,0.023376465,0.02154541,25.0271,26,205,0,0,255,2,0,1782505553.2276242,31
25.03247,25.021015,0.53306,0.5377656,0.72299194,1,1,0,0.02130127,0.021484375,25.03247,26,205,0,0,255,2,0,1782505553.2276242,31
25.033936,25.023561,0.47963625,0.5377971,0.7914734,1,1,0,0.019165039,0.021484375,25.033936,26,205,0,0,255,2,0,1782505553.2276242,31
25.031982,25.02255,0.4276731,0.53775513,0.8807678,1,1,0,0.017089844,0.021484375,25.031982,26,205,0,0,255,2,0,1782505553.2276242,31
25.03003,25.021431,0.3757162,0.53771317,0.7749939,1,1,0,0.015014648,0.021484375,25.03003,26,205,0,0,255,2,0,1782505553.2276242,31
25.03247,25.024618,0.3222953,0.5377656,0.8122864,1,1,0,0.012878418,0.021484375,25.03247,26,205,0,0,255,2,0,1782505553.2276242,31
25.031248,25.024012,0.2703505,0.5377394,0.7342529,1,1,0,0.010803223,0.021484375,25.03125,26,205,0,0,255,2,0,1782505553.2276242,31
25.025145,25.017538,0.53604126,0.30547515,0.7767334,1,1,0,0.02142334,0.012207031,25.025146,28,205,0,0,255,2,0,1782505553.2276242,31
25.027098,25.02055,0.48416165,0.305499,1.0489502,1,1,0,0.019348145,0.012207031,25.0271,28,205,0,0,255,2,0,1782505553.2276242,31
25.031252,25.026518,0.37884828,0.30554965,0.71258545,1,1,0,0.015136719,0.012207031,25.03125,28,205,0,0,255,2,0,1782505553.2276242,31
25.027098,25.0231,0.32685837,0.305499,0.71951294,1,1,0,0.013061523,0.012207031,25.0271,28,205,0,0,255,2,0,1782505553.2276242,31
25.032715,25.02987,0.22152257,0.30556753,0.7715454,1,1,0,0.008850098,0.012207031,25.032715,28,205,0,0,255,2,0,1782505553.2276242,31
25.025146,25.01403,0.5787359,0.47041574,0.7477417,1,1,0,0.023132324,0.018798828,25.025146,29,205,1,0,255,2,0,1782505553.2276242,31
25.023924,25.013956,0.52680004,0.4703928,0.7970276,1,1,0,0.021057129,0.018798828,25.023926,29,205,1,0,255,2,0,1782505553.2276242,31
25.04126,25.032326,0.47521904,0.47071862,0.84506226,1,1,0,0.018981934,0.018798828,25.04126,29,205,1,0,255,2,0,1782505553.2276242,31
25.03296,25.024986,0.42160332,0.4705626,1.0497131,1,1,0,0.016845703,0.018798828,25.032959,29,205,1,0,255,2,0,1782505553.2276242,31
25.031738,25.024614,0.36965314,0.46901208,0.91000366,1,1,0,0.014770508,0.018737793,25.031738,29,205,1,0,255,2,0,1782505553.2276242,31
25.032227,25.026438,0.264266,0.46902123,0.67544556,1,1,0,0.010559082,0.018737793,25.032227,29,205,1,0,255,2,0,1782505553.2276242,31
25.032957,25.025282,0.5759398,0.2291804,0.86483765,1,1,0,0.023010254,0.009155273,25.032959,31,205,1,0,255,2,0,1782505553.2276242,31
25.02954,25.023039,0.52240735,0.2291491,0.8422241,1,1,0,0.020874023,0.009155273,25.029541,31,205,1,0,255,2,0,1782505553.2276242,31
25.030762,25.027754,0.31316876,0.22916028,0.7600708,1,1,0,0.012512207,0.009155273,25.030762,31,205,1,0,255,2,0,1782505553.2276242,31
25.025146,25.02275,0.25964478,0.22910887,0.80319214,1,1,0,0.010375977,0.009155273,25.025146,31,205,1,0,255,2,0,1782505553.2276242,31
25.020264,25.012142,0.5359256,0.3451172,0.99606323,1,1,0,0.02142334,0.013793945,25.020264,60,205,0,0,255,2,0,1782505553.2276242,31
25.032715,25.025585,0.48425907,0.3498721,0.7585144,1,1,0,0.019348145,0.013977051,25.032715,60,205,0,0,255,2,0,1782505553.2276242,31
25.030027,25.023832,0.4307506,0.35288972,0.74380493,1,1,0,0.017211914,0.014099121,25.03003,60,205,0,0,255,2,0,1782505553.2276242,31
25.030031,25.0253,0.3268871,0.36052752,1.0896912,1,1,0,0.013061523,0.014404297,25.03003,60,205,0,0,255,2,0,1782505553.2276242,31
25.03247,25.028315,0.27345255,0.36514577,0.97351074,1,1,0,0.010925293,0.014587402,25.03247,60,205,0,0,255,2,0,1782505553.2276242,31
25.027344,25.014439,0.5787453,0.5575088,0.8545532,1,1,0,0.023132324,0.022277832,25.027344,61,205,1,0,255,2,0,1782505553.2276242,31
25.025145,25.01332,0.5267866,0.560514,0.86276245,1,1,0,0.021057129,0.022399902,25.025146,61,205,1,0,255,2,0,1782505553.2276242,31
25.021729,25.011694,0.42137942,0.5695983,0.6850891,1,1,0,0.016845703,0.022766113,25.021729,61,205,1,0,255,2,0,1782505553.2276242,31
25.025146,25.017021,0.2641666,0.5803652,0.7713623,1,1,0,0.010559082,0.02319336,25.025146,61,205,1,0,255,2,0,1782505553.2276242,31
25.031248,25.019762,0.5345611,0.5377394,0.70999146,1,1,0,0.021362305,0.021484375,25.03125,26,206,0,0,255,2,0,1782505553.3273177,32
25.02417,25.013742,0.48250258,0.5375873,0.6545105,1,1,0,0.01928711,0.021484375,25.02417,26,206,0,0,255,2,0,1782505553.3273177,32
25.027098,25.017643,0.4291167,0.5376502,0.81747437,1,1,0,0.017150879,0.021484375,25.0271,26,206,0,0,255,2,0,1782505553.3273177,32
25.02905,25.020432,0.3772287,0.5376922,0.7619934,1,1,0,0.015075684,0.021484375,25.029053,26,206,0,0,255,2,0,1782505553.3273177,32
25.030027,25.022137,0.32531834,0.53771317,0.7975464,1,1,0,0.013000488,0.021484375,25.03003,26,206,0,0,255,2,0,1782505553.3273177,32
25.032227,25.025482,0.2199562,0.5377604,0.8972168,1,1,0,0.0087890625,0.021484375,25.032227,26,206,0,0,255,2,0,1782505553.3273177,32
25.02905,25.022562,0.4811449,0.30552283,0.86602783,1,1,0,0.019226074,0.012207031,25.029053,28,206,0,0,255,2,0,1782505553.3273177,32
25.027098,25.021553,0.42918375,0.305499,0.82180786,1,1,0,0.017150879,0.012207031,25.0271,28,206,0,0,255,2,0,1782505553.3273177,32
25.021242,25.016558,0.37564301,0.30542746,0.7472534,1,1,0,0.015014648,0.012207031,25.02124,28,206,0,0,255,2,0,1782505553.3273177,32
25.032715,25.029388,0.27040857,0.30556753,0.72732544,1,1,0,0.010803223,0.012207031,25.032715,28,206,0,0,255,2,0,1782505553.3273177,32
25.042234,25.031181,0.57607555,0.47073698,0.8491821,1,1,0,0.023010254,0.018798828,25.042236,29,206,1,0,255,2,0,1782505553.3273177,32
25.021729,25.014652,0.3664518,0.4688245,0.734375,1,1,0,0.0146484375,0.018737793,25.021729,29,206,1,0,255,2,0,1782505553.3273177,32
25.027344,25.020992,0.31308416,0.46892974,0.79293823,1,1,0,0.012512207,0.018737793,25.027344,29,206,1,0,255,2,0,1782505553.3273177,32
25.027344,25.021587,0.2611601,0.46892974,0.75183105,1,1,0,0.010437012,0.018737793,25.027344,29,206,1,0,255,2,0,1782505553.3273177,32
25.032225,25.025692,0.52399087,0.22917369,0.7083435,1,1,0,0.020935059,0.009155273,25.032227,31,206,1,0,255,2,0,1782505553.3273177,32
25.019531,25.014032,0.4718172,0.22905746,0.67071533,1,1,0,0.018859863,0.009155273,25.019531,31,206,1,0,255,2,0,1782505553.3273177,32
25.027344,25.02277,0.42003834,0.22912899,0.7600708,1,1,0,0.016784668,0.009155273,25.027344,31,206,1,0,255,2,0,1782505553.3273177,32
25.021484,25.017752,0.3664972,0.22907534,0.8968506,1,1,0,0.0146484375,0.009155273,25.021484,31,206,1,0,255,2,0,1782505553.3273177,32
25.011477,25.008451,0.31445387,0.2289837,0.46426392,1,1,0,0.012573242,0.009155273,25.011475,31,206,1,0,255,2,0,1782505553.3273177,32
25.019289,25.016861,0.26263782,0.22905523,0.82092285,1,1,0,0.010498047,0.009155273,25.019287,31,206,1,0,255,2,0,1782505553.3273177,32
25.029053,25.019712,0.5865069,0.35134846,0.84002686,1,1,0,0.0234375,0.014038086,25.029053,60,206,0,0,255,2,0,1782505553.3273177,32
25.021238,25.01505,0.42907223,0.35429284,0.82006836,1,1,0,0.017150879,0.014160156,25.02124,60,206,0,0,255,2,0,1782505553.3273177,32
25.03003,25.024633,0.3757643,0.35899997,1.0081787,1,1,0,0.015014648,0.014343262,25.03003,60,206,0,0,255,2,0,1782505553.3273177,32
25.031252,25.026537,0.32384777,0.3620727,1.0064697,1,1,0,0.012939453,0.014465332,25.03125,60,206,0,0,255,2,0,1782505553.3273177,32
25.031252,25.027088,0.27191144,0.3666556,0.7568054,1,1,0,0.010864258,0.0146484375,25.03125,60,206,0,0,255,2,0,1782505553.3273177,32
25.034424,25.021517,0.5773811,0.5591942,0.60964966,1,1,0,0.023071289,0.022338867,25.034424,61,206,1,0,255,2,0,1782505553.3273177,32
25.040037,25.0282,0.52404344,0.5639034,0.79159546,1,1,0,0.020935059,0.022521973,25.04004,61,206,1,0,255,2,0,1782505553.3273177,32
25.031738,25.02087,0.47194618,0.5667713,1.003479,1,1,0,0.018859863,0.022644043,25.031738,61,206,1,0,255,2,0,1782505553.3273177,32
25.030762,25.022087,0.31462532,0.57896805,1.0065613,1,1,0,0.012573242,0.023132324,25.030762,61,206,1,0,255,2,0,1782505553.3273177,32
25.025146,25.017017,0.26111242,0.5818922,0.67993164,1,1,0,0.010437012,0.023254395,25.025146,61,206,1,0,255,2,0,1782505553.3273177,32
25.032715,25.020067,0.5849873,0.53929836,1.0125427,1,1,0,0.023376465,0.02154541,25.032715,26,207,0,0,255,2,0,1782505553.4274135,33
25.02905,25.0176,0.53298724,0.5376922,0.8009949,1,1,0,0.02130127,0.021484375,25.029053,26,207,0,0,255,2,0,1782505553.4274135,33
25.031006,25.020634,0.4795801,0.53773415,0.70651245,1,1,0,0.019165039,0.021484375,25.031006,26,207,0,0,255,2,0,1782505553.4274135,33
25.02905,25.020454,0.37570155,0.5376922,0.81747437,1,1,0,0.015014648,0.021484375,25.029053,26,207,0,0,255,2,0,1782505553.4274135,33
25.0271,25.019249,0.32222617,0.5376502,0.7550659,1,1,0,0.012878418,0.021484375,25.0271,26,207,0,0,255,2,0,1782505553.4274135,33
25.031006,25.022303,0.58503956,0.30554667,0.7619934,1,1,0,0.023376465,0.012207031,25.031006,28,207,0,0,255,2,0,1782505553.4274135,33
25.03125,25.024788,0.47965977,0.30554965,1.0324707,1,1,0,0.019165039,0.012207031,25.03125,28,207,0,0,255,2,0,1782505553.4274135,33
25.027098,25.022436,0.37420374,0.305499,0.8825073,1,1,0,0.014953613,0.012207031,25.0271,28,207,0,0,255,2,0,1782505553.4274135,33
25.032715,25.028774,0.32234883,0.30556753,1.0454712,1,1,0,0.012878418,0.012207031,25.032715,28,207,0,0,255,2,0,1782505553.4274135,33
25.036621,25.02557,0.5759464,0.47063145,0.83477783,1,1,0,0.023010254,0.018798828,25.036621,29,207,1,0,255,2,0,1782505553.4274135,33
25.023926,25.014053,0.5222198,0.4703928,0.885376,1,1,0,0.020874023,0.018798828,25.023926,29,207,1,0,255,2,0,1782505553.4274135,33
25.025148,25.017252,0.41689098,0.47041574,0.7836914,1,1,0,0.016662598,0.018798828,25.025146,29,207,1,0,255,2,0,1782505553.4274135,33
25.026367,25.019312,0.36499268,0.46891144,0.77752686,1,1,0,0.014587402,0.018737793,25.026367,29,207,1,0,255,2,0,1782505553.4274135,33
25.023926,25.017574,0.3130414,0.4688657,0.7744446,1,1,0,0.012512207,0.018737793,25.023926,29,207,1,0,255,2,0,1782505553.4274135,33
25.025146,25.019407,0.2596101,0.46888855,0.6141968,1,1,0,0.010375977,0.018737793,25.025146,29,207,1,0,255,2,0,1782505553.4274135,33
25.030762,25.024197,0.5254876,0.22916028,0.8196411,1,1,0,0.020996094,0.009155273,25.030762,31,207,1,0,255,2,0,1782505553.4274135,33
25.026367,25.02084,0.47347325,0.22912005,0.7713623,1,1,0,0.018920898,0.009155273,25.026367,31,207,1,0,255,2,0,1782505553.4274135,33
25.032959,25.029202,0.3681929,0.2291804,0.9552002,1,1,0,0.014709473,0.009155273,25.032959,31,207,1,0,255,2,0,1782505553.4274135,33
25.0271,25.01784,0.5849352,0.34826627,0.70477295,1,1,0,0.023376465,0.013916016,25.0271,60,207,0,0,255,2,0,1782505553.4274135,33
25.016602,25.009514,0.48089403,0.35117367,0.618103,1,1,0,0.019226074,0.014038086,25.016602,60,207,0,0,255,2,0,1782505553.4274135,33
25.027102,25.020937,0.42764553,0.3543758,1.0862122,1,1,0,0.017089844,0.014160156,25.0271,60,207,0,0,255,2,0,1782505553.4274135,33
25.017578,25.012186,0.3755774,0.35882136,0.69610596,1,1,0,0.015014648,0.014343262,25.017578,60,207,0,0,255,2,0,1782505553.4274135,33
25.0271,25.022406,0.32226682,0.36201268,0.7897339,1,1,0,0.012878418,0.014465332,25.0271,60,207,0,0,255,2,0,1782505553.4274135,33
25.023926,25.012096,0.52370626,0.5635405,0.7425842,1,1,0,0.020935059,0.022521973,25.023926,61,207,1,0,255,2,0,1782505553.4274135,33
25.031738,25.02246,0.36656618,0.5744084,0.79293823,1,1,0,0.0146484375,0.022949219,25.031738,61,207,1,0,255,2,0,1782505553.4274135,33
25.027342,25.018688,0.31305534,0.57888895,0.87713623,1,1,0,0.012512207,0.023132324,25.027344,61,207,1,0,255,2,0,1782505553.4274135,33
25.01831,25.010185,0.26104107,0.5817332,0.7693176,1,1,0,0.010437012,0.023254395,25.01831,61,207,1,0,255,2,0,1782505553.4274135,33
25.031982,25.02043,0.5361032,0.5392826,0.87210083,1,1,0,0.02142334,0.02154541,25.031982,26,208,0,0,255,2,0,1782505553.5276482,34
25.025148,25.014687,0.4825208,0.53913534,0.83047485,1,1,0,0.01928711,0.02154541,25.025146,26,208,0,0,255,2,0,1782505553.5276482,34
25.03125,25.021734,0.43071446,0.5392668,0.667511,1,1,0,0.017211914,0.02154541,25.03125,26,208,0,0,255,2,0,1782505553.5276482,34
25.031006,25.023735,0.2734025,0.53773415,0.7992859,1,1,0,0.010925293,0.021484375,25.031006,26,208,0,0,255,2,0,1782505553.5276482,34
25.03125,25.024492,0.22147499,0.5377394,0.82873535,1,1,0,0.008850098,0.021484375,25.03125,26,208,0,0,255,2,0,1782505553.5276482,34
25.031006,25.023462,0.53311217,0.30554667,0.71084595,1,1,0,0.02130127,0.012207031,25.031006,28,208,0,0,255,2,0,1782505553.5276482,34
25.02905,25.02439,0.37423295,0.30552283,0.8070679,1,1,0,0.014953613,0.012207031,25.029053,28,208,0,0,255,2,0,1782505553.5276482,34
25.03003,25.026089,0.32231426,0.30553475,0.74380493,1,1,0,0.012878418,0.012207031,25.03003,28,208,0,0,255,2,0,1782505553.5276482,34
25.031738,25.02384,0.41700077,0.47053966,1.1092834,1,1,0,0.016662598,0.018798828,25.031738,29,208,1,0,255,2,0,1782505553.5276482,34
25.031738,25.024681,0.365071,0.46901208,0.92233276,1,1,0,0.014587402,0.018737793,25.031738,29,208,1,0,255,2,0,1782505553.5276482,34
25.029541,25.02319,0.31311166,0.4689709,0.8977051,1,1,0,0.012512207,0.018737793,25.029541,29,208,1,0,255,2,0,1782505553.5276482,34
25.02075,25.014252,0.52222395,0.22906864,0.6830139,1,1,0,0.020874023,0.009155273,25.020752,31,208,1,0,255,2,0,1782505553.5276482,34
25.030762,25.02705,0.36510554,0.22916028,0.8977051,1,1,0,0.014587402,0.009155273,25.030762,31,208,1,0,255,2,0,1782505553.5276482,34
25.032228,25.024103,0.53618187,0.3452822,0.72906494,1,1,0,0.02142334,0.013793945,25.032227,60,208,0,0,255,2,0,1782505553.5276482,34
25.032228,25.02515,0.48272264,0.34833762,0.70999146,1,1,0,0.01928711,0.013916016,25.032227,60,208,0,0,255,2,0,1782505553.5276482,34
25.032225,25.028538,0.22151078,0.36819756,0.98999023,1,1,0,0.008850098,0.014709473,25.032227,60,208,0,0,255,2,0,1782505553.5276482,34
25.03662,25.024822,0.5255008,0.5607709,0.6949768,1,1,0,0.020996094,0.022399902,25.036621,61,208,1,0,255,2,0,1782505553.5276482,34
25.036865,25.026001,0.47357094,0.56535965,1.1575623,1,1,0,0.018920898,0.022583008,25.036865,61,208,1,0,255,2,0,1782505553.5276482,34
25.03296,25.022957,0.42156914,0.5683265,0.7949829,1,1,0,0.016845703,0.022705078,25.032959,61,208,1,0,255,2,0,1782505553.5276482,34
25.043455,25.034187,0.36826625,0.5731492,0.8656311,1,1,0,0.014709473,0.022888184,25.043457,61,208,1,0,255,2,0,1782505553.5276482,34
25.029541,25.020918,0.31613803,0.5758853,0.9952698,1,1,0,0.012634277,0.023010254,25.029541,61,208,1,0,255,2,0,1782505553.5276482,34
25.032959,25.024832,0.26424906,0.5805464,0.89974976,1,1,0,0.010559082,0.02319336,25.032959,61,208,1,0,255,2,0,1782505553.5276482,34
25.031982,25.019299,0.58649725,0.5392826,0.7715454,1,1,0,0.0234375,0.02154541,25.031982,26,209,0,0,255,2,0,1782505553.6268365,35
25.032225,25.020739,0.5330541,0.53928787,0.99346924,1,1,0,0.02130127,0.02154541,25.032227,26,209,0,0,255,2,0,1782505553.6268365,35
25.03125,25.020815,0.48111132,0.5392668,0.7940674,1,1,0,0.019226074,0.02154541,25.03125,26,209,0,0,255,2,0,1782505553.6268365,35
25.031006,25.021542,0.42765585,0.5392616,1.0584717,1,1,0,0.017089844,0.02154541,25.031006,26,209,0,0,255,2,0,1782505553.6268365,35
25.032715,25.024843,0.32382584,0.53777087,0.7342529,1,1,0,0.012939453,0.021484375,25.032715,26,209,0,0,255,2,0,1782505553.6268365,35
25.03125,25.023642,0.536172,0.30554965,1.0844727,1,1,0,0.02142334,0.012207031,25.03125,28,209,0,0,255,2,0,1782505553.6268365,35
25.03125,25.0247,0.48424193,0.30554965,0.7585144,1,1,0,0.019348145,0.012207031,25.03125,28,209,0,0,255,2,0,1782505553.6268365,35
25.028076,25.022505,0.43072772,0.3055109,0.99346924,1,1,0,0.017211914,0.012207031,25.028076,28,209,0,0,255,2,0,1782505553.6268365,35
25.030027,25.026049,0.32536918,0.30553475,0.7455139,1,1,0,0.013000488,0.012207031,25.03003,28,209,0,0,255,2,0,1782505553.6268365,35
25.026123,25.022764,0.2733919,0.30548707,0.8703613,1,1,0,0.010925293,0.012207031,25.026123,28,209,0,0,255,2,0,1782505553.6268365,35
25.03003,25.027203,0.22149897,0.30400714,0.7992859,1,1,0,0.008850098,0.012145996,25.03003,28,209,0,0,255,2,0,1782505553.6268365,35
25.041262,25.030138,0.57910854,0.47071862,0.79159546,1,1,0,0.023132324,0.018798828,25.04126,29,209,1,0,255,2,0,1782505553.6268365,35
25.032957,25.022985,0.5269902,0.4705626,0.980896,1,1,0,0.021057129,0.018798828,25.032959,29,209,1,0,255,2,0,1782505553.6268365,35
25.025148,25.016247,0.47338635,0.47041574,0.75183105,1,1,0,0.018920898,0.018798828,25.025146,29,209,1,0,255,2,0,1782505553.6268365,35
25.025146,25.017204,0.42147225,0.46888855,0.7374573,1,1,0,0.016845703,0.018737793,25.025146,29,209,1,0,255,2,0,1782505553.6268365,35
25.021729,25.01463,0.36797854,0.4688245,0.7600708,1,1,0,0.014709473,0.018737793,25.021729,29,209,1,0,255,2,0,1782505553.6268365,35
25.01953,25.013142,0.3160398,0.46878335,0.64297485,1,1,0,0.012634277,0.018737793,25.019531,29,209,1,0,255,2,0,1782505553.6268365,35
25.021729,25.015942,0.26415518,0.4688245,0.8710022,1,1,0,0.010559082,0.018737793,25.021729,29,209,1,0,255,2,0,1782505553.6268365,35
25.037842,25.031305,0.5241084,0.2292251,0.836853,1,1,0,0.020935059,0.009155273,25.037842,31,209,1,0,255,2,0,1782505553.6268365,35
25.03662,25.031118,0.47213948,0.22921392,0.72579956,1,1,0,0.018859863,0.009155273,25.036621,31,209,1,0,255,2,0,1782505553.6268365,35
25.027344,25.022795,0.41851103,0.22912899,0.70458984,1,1,0,0.016723633,0.009155273,25.027344,31,209,1,0,255,2,0,1782505553.6268365,35
25.041258,25.037523,0.36678687,0.22925639,0.8018799,1,1,0,0.0146484375,0.009155273,25.04126,31,209,1,0,255,2,0,1782505553.6268365,35
25.029055,25.019642,0.5895611,0.35134846,0.8807678,1,1,0,0.02355957,0.014038086,25.029053,60,209,0,0,255,2,0,1782505553.6268365,35
25.028078,25.0199,0.53761965,0.3467524,0.70825195,1,1,0,0.021484375,0.0138549805,25.028076,60,209,0,0,255,2,0,1782505553.6268365,35
25.027098,25.01997,0.48415044,0.34979364,0.87210083,1,1,0,0.019348145,0.013977051,25.0271,60,209,0,0,255,2,0,1782505553.6268365,35
25.032225,25.025982,0.43231553,0.3544484,0.85910034,1,1,0,0.01727295,0.014160156,25.032227,60,209,0,0,255,2,0,1782505553.6268365,35
25.031982,25.026539,0.3803765,0.35750028,1.0194702,1,1,0,0.015197754,0.014282227,25.031982,60,209,0,0,255,2,0,1782505553.6268365,35
25.032715,25.027962,0.32692188,0.3620939,0.95877075,1,1,0,0.013061523,0.014465332,25.032715,60,209,0,0,255,2,0,1782505553.6268365,35
25.03247,25.028297,0.27498016,0.36514577,0.6285095,1,1,0,0.010986328,0.014587402,25.03247,60,209,0,0,255,2,0,1782505553.6268365,35
25.04126,25.028313,0.5805948,0.55781883,0.6846924,1,1,0,0.02319336,0.022277832,25.04126,61,209,1,0,255,2,0,1782505553.6268365,35
25.032957,25.021095,0.52695036,0.56221646,0.86483765,1,1,0,0.021057129,0.022460938,25.032959,61,209,1,0,255,2,0,1782505553.6268365,35
25.034424,25.023531,0.47505206,0.5653045,0.7885132,1,1,0,0.018981934,0.022583008,25.034424,61,209,1,0,255,2,0,1782505553.6268365,35
25.036375,25.02631,0.42315364,0.56993175,0.907959,1,1,0,0.016906738,0.022766113,25.036377,61,209,1,0,255,2,0,1782505553.6268365,35
25.02954,25.020254,0.36958873,0.5728307,0.8607178,1,1,0,0.014770508,0.022888184,25.029541,61,209,1,0,255,2,0,1782505553.6268365,35
25.03467,25.02599,0.31772983,0.5775308,0.85043335,1,1,0,0.0126953125,0.023071289,25.034668,61,209,1,0,255,2,0,1782505553.6268365,35
25.027344,25.019218,0.26418978,0.58041614,0.7364502,1,1,0,0.010559082,0.02319336,25.027344,61,209,1,0,255,2,0,1782505553.6268365,35
25.032227,25.019543,0.58650297,0.53928787,0.81747437,1,1,0,0.0234375,0.02154541,25.032227,26,210,0,0,255,2,0,1782505553.727079,36
25.03003,25.018543,0.5330073,0.53924054,0.71691895,1,1,0,0.02130127,0.02154541,25.03003,26,210,0,0,255,2,0,1782505553.727079,36
25.025145,25.015684,0.42755577,0.53913534,0.7602539,1,1,0,0.017089844,0.02154541,25.025146,26,210,0,0,255,2,0,1782505553.727079,36
25.031982,25.023384,0.37574553,0.53775513,0.8070679,1,1,0,0.015014648,0.021484375,25.031982,26,210,0,0,255,2,0,1782505553.727079,36
25.03247,25.025232,0.27036366,0.5377656,0.83306885,1,1,0,0.010803223,0.021484375,25.03247,26,210,0,0,255,2,0,1782505553.727079,36
25.0271,25.019558,0.53302896,0.305499,0.7698059,1,1,0,0.02130127,0.012207031,25.0271,28,210,0,0,255,2,0,1782505553.727079,36
25.031982,25.027296,0.37580428,0.3055586,0.7698059,1,1,0,0.015014648,0.012207031,25.031982,28,210,0,0,255,2,0,1782505553.727079,36
25.033447,25.030106,0.27194422,0.30557647,0.68569946,1,1,0,0.010864258,0.012207031,25.033447,28,210,0,0,255,2,0,1782505553.727079,36
25.031738,25.020689,0.57583404,0.47053966,0.9202881,1,1,0,0.023010254,0.018798828,25.031738,29,210,1,0,255,2,0,1782505553.727079,36
25.027344,25.017439,0.5238181,0.47045705,0.7241211,1,1,0,0.020935059,0.018798828,25.027344,29,210,1,0,255,2,0,1782505553.727079,36
25.028809,25.020887,0.41847914,0.47048458,0.657959,1,1,0,0.016723633,0.018798828,25.028809,29,210,1,0,255,2,0,1782505553.727079,36
25.025148,25.018042,0.36650142,0.47041574,0.69226074,1,1,0,0.0146484375,0.018798828,25.025146,29,210,1,0,255,2,0,1782505553.727079,36
25.033447,25.027975,0.47055206,0.22918487,0.71450806,1,1,0,0.018798828,0.009155273,25.033447,31,210,1,0,255,2,0,1782505553.727079,36
25.032959,25.030546,0.2612536,0.2291804,0.84017944,1,1,0,0.010437012,0.009155273,25.032959,31,210,1,0,255,2,0,1782505553.727079,36
25.032715,25.02336,0.5881205,0.3498721,1.1295471,1,1,0,0.023498535,0.013977051,25.032715,60,210,0,0,255,2,0,1782505553.727079,36
25.03125,25.023018,0.5361586,0.3529069,0.7602539,1,1,0,0.02142334,0.014099121,25.03125,60,210,0,0,255,2,0,1782505553.727079,36
25.031252,25.024195,0.48270422,0.3467964,0.7637329,1,1,0,0.01928711,0.0138549805,25.03125,60,210,0,0,255,2,0,1782505553.727079,36
25.03003,25.023855,0.430751,0.35136217,0.7897339,1,1,0,0.017211914,0.014038086,25.03003,60,210,0,0,255,2,0,1782505553.727079,36
25.032715,25.027338,0.37886068,0.35445532,0.81573486,1,1,0,0.015136719,0.014160156,25.032715,60,210,0,0,255,2,0,1782505553.727079,36
25.03247,25.02778,0.3253917,0.35903496,0.84002686,1,1,0,0.013000488,0.014343262,25.03247,60,210,0,0,255,2,0,1782505553.727079,36
25.031982,25.02787,0.2734477,0.36208332,0.7845459,1,1,0,0.010925293,0.014465332,25.031982,60,210,0,0,255,2,0,1782505553.727079,36
25.03125,25.027584,0.22150235,0.3666556,0.73773193,1,1,0,0.008850098,0.0146484375,25.03125,60,210,0,0,255,2,0,1782505553.727079,36
25.035156,25.022282,0.5789268,0.55615526,0.98498535,1,1,0,0.023132324,0.022216797,25.035156,61,210,1,0,255,2,0,1782505553.727079,36
25.034424,25.022661,0.52545536,0.5591942,0.71655273,1,1,0,0.020996094,0.022338867,25.034424,61,210,1,0,255,2,0,1782505553.727079,36
25.034668,25.023838,0.47353002,0.56378245,1.0671692,1,1,0,0.018920898,0.022521973,25.034668,61,210,1,0,255,2,0,1782505553.727079,36
25.028566,25.018599,0.42149574,0.56669945,0.75491333,1,1,0,0.016845703,0.022644043,25.028564,61,210,1,0,255,2,0,1782505553.727079,36
25.04004,25.030807,0.3682165,0.57154304,0.72888184,1,1,0,0.014709473,0.022827148,25.04004,61,210,1,0,255,2,0,1782505553.727079,36
25.023924,25.015339,0.31606755,0.5742292,0.6850891,1,1,0,0.012634277,0.022949219,25.023926,61,210,1,0,255,2,0,1782505553.727079,36
25.025146,25.017056,0.26416695,0.57883817,0.7991028,1,1,0,0.010559082,0.023132324,25.025146,61,210,1,0,255,2,0,1782505553.727079,36
25.026123,25.013407,0.58788663,0.5391564,0.73599243,1,1,0,0.023498535,0.02154541,25.026123,26,211,0,0,255,2,0,1782505553.8275516,37
25.031982,25.020462,0.53457606,0.5392826,0.7637329,1,1,0,0.021362305,0.02154541,25.031982,26,211,0,0,255,2,0,1782505553.8275516,37
25.031006,25.020542,0.48263377,0.5392616,0.7879944,1,1,0,0.01928711,0.02154541,25.031006,26,211,0,0,255,2,0,1782505553.8275516,37
25.0271,25.018448,0.3771988,0.5391774,0.81573486,1,1,0,0.015075684,0.02154541,25.0271,26,211,0,0,255,2,0,1782505553.8275516,37
25.032715,25.024046,0.5835521,0.30556753,0.9076233,1,1,0,0.02331543,0.012207031,25.032715,28,211,0,0,255,2,0,1782505553.8275516,37
25.031982,25.024471,0.5316056,0.3055586,0.85128784,1,1,0,0.021240234,0.012207031,25.031982,28,211,0,0,255,2,0,1782505553.8275516,37
25.027098,25.021605,0.4261293,0.305499,0.84002686,1,1,0,0.017028809,0.012207031,25.0271,28,211,0,0,255,2,0,1782505553.8275516,37
25.032959,25.028296,0.37429136,0.3055705,0.8807678,1,1,0,0.014953613,0.012207031,25.032959,28,211,0,0,255,2,0,1782505553.8275516,37
25.02905,25.025131,0.32077426,0.30552283,0.72906494,1,1,0,0.012817383,0.012207031,25.029053,28,211,0,0,255,2,0,1782505553.8275516,37
25.031248,25.02796,0.26886538,0.30402198,0.6865845,1,1,0,0.0107421875,0.012145996,25.03125,28,211,0,0,255,2,0,1782505553.8275516,37
25.036621,25.025606,0.57441896,0.47063145,0.7463684,1,1,0,0.022949219,0.018798828,25.036621,29,211,1,0,255,2,0,1782505553.8275516,37
25.036623,25.026745,0.5224847,0.47063145,0.7114258,1,1,0,0.020874023,0.018798828,25.036621,29,211,1,0,255,2,0,1782505553.8275516,37
25.034424,25.025635,0.46898004,0.4690624,0.77926636,1,1,0,0.018737793,0.018737793,25.034424,29,211,1,0,255,2,0,1782505553.8275516,37
25.036377,25.028507,0.41707855,0.469099,1.1729431,1,1,0,0.016662598,0.018737793,25.036377,29,211,1,0,255,2,0,1782505553.8275516,37
25.030762,25.023727,0.3635294,0.46899378,0.96240234,1,1,0,0.014526367,0.018737793,25.030762,29,211,1,0,255,2,0,1782505553.8275516,37
25.025148,25.018816,0.31152967,0.46888855,0.6624756,1,1,0,0.012451172,0.018737793,25.025146,29,211,1,0,255,2,0,1782505553.8275516,37
25.030762,25.02526,0.472029,0.22916028,0.9901428,1,1,0,0.018859863,0.009155273,25.030762,31,211,1,0,255,2,0,1782505553.8275516,37
25.030762,25.027027,0.3666331,0.22916028,0.99938965,1,1,0,0.0146484375,0.009155273,25.030762,31,211,1,0,255,2,0,1782505553.8275516,37
25.031738,25.028711,0.31470862,0.22916922,0.9336548,1,1,0,0.012573242,0.009155273,25.031738,31,211,1,0,255,2,0,1782505553.8275516,37
25.020266,25.017838,0.26264808,0.22906417,0.7562866,1,1,0,0.010498047,0.009155273,25.020264,31,211,1,0,255,2,0,1782505553.8275516,37
25.030031,25.020826,0.583477,0.34677947,0.7698059,1,1,0,0.02331543,0.0138549805,25.03003,60,211,0,0,255,2,0,1782505553.8275516,37
25.03125,25.023138,0.5315773,0.3513793,0.87384033,1,1,0,0.021240234,0.014038086,25.03125,60,211,0,0,255,2,0,1782505553.8275516,37
25.027102,25.020082,0.47956955,0.34826627,0.71343994,1,1,0,0.019165039,0.013916016,25.0271,60,211,0,0,255,2,0,1782505553.8275516,37
25.032225,25.026108,0.426206,0.35292068,0.7958069,1,1,0,0.017028809,0.014099121,25.032227,60,211,0,0,255,2,0,1782505553.8275516,37
25.032713,25.027384,0.3742777,0.35598302,0.82354736,1,1,0,0.014953613,0.014221191,25.032715,60,211,0,0,255,2,0,1782505553.8275516,37
25.031008,25.026335,0.32231742,0.36054158,0.7619934,1,1,0,0.012878418,0.014404297,25.031006,60,211,0,0,255,2,0,1782505553.8275516,37
25.031006,25.02692,0.2688542,0.3635968,0.85562134,1,1,0,0.0107421875,0.014526367,25.031006,60,211,0,0,255,2,0,1782505553.8275516,37
25.037842,25.025038,0.57440597,0.5577427,0.7648926,1,1,0,0.022949219,0.022277832,25.037842,61,211,1,0,255,2,0,1782505553.8275516,37
25.036865,25.025131,0.52245104,0.5607764,1.1914368,1,1,0,0.020874023,0.022399902,25.036865,61,211,1,0,255,2,0,1782505553.8275516,37
25.04126,25.03048,0.46907082,0.5654589,0.9067383,1,1,0,0.018737793,0.022583008,25.04126,61,211,1,0,255,2,0,1782505553.8275516,37
25.037842,25.027914,0.41706866,0.56843734,0.74124146,1,1,0,0.016662598,0.022705078,25.037842,61,211,1,0,255,2,0,1782505553.8275516,37
25.026367,25.017803,0.31151706,0.5758123,0.76623535,1,1,0,0.012451172,0.023010254,25.026367,61,211,1,0,255,2,0,1782505553.8275516,37
25.025146,25.012466,0.5863371,0.53913534,0.69869995,1,1,0,0.0234375,0.02154541,25.025146,26,212,0,0,255,2,0,1782505553.9276547,38
25.026125,25.014639,0.5329242,0.5391564,0.7828064,1,1,0,0.02130127,0.02154541,25.026123,26,212,0,0,255,2,0,1782505553.9276547,38
25.030027,25.020597,0.42763972,0.53771317,0.81399536,1,1,0,0.017089844,0.021484375,25.03003,26,212,0,0,255,2,0,1782505553.9276547,38
25.02124,25.01337,0.3236774,0.53752434,0.7472534,1,1,0,0.012939453,0.021484375,25.02124,26,212,0,0,255,2,0,1782505553.9276547,38
25.031006,25.023767,0.27034783,0.53773415,0.71691895,1,1,0,0.010803223,0.021484375,25.031006,26,212,0,0,255,2,0,1782505553.9276547,38
25.031494,25.02395,0.53312254,0.30555263,0.82873535,1,1,0,0.02130127,0.012207031,25.031494,28,212,0,0,255,2,0,1782505553.9276547,38
25.031984,25.026463,0.42773995,0.3055586,0.97177124,1,1,0,0.017089844,0.012207031,25.031982,28,212,0,0,255,2,0,1782505553.9276547,38
25.032715,25.028028,0.37581527,0.30556753,0.8851013,1,1,0,0.015014648,0.012207031,25.032715,28,212,0,0,255,2,0,1782505553.9276547,38
25.033205,25.029263,0.32235512,0.3055735,0.7533264,1,1,0,0.012878418,0.012207031,25.033203,28,212,0,0,255,2,0,1782505553.9276547,38
25.03418,25.030853,0.2704244,0.3055854,0.7307739,1,1,0,0.010803223,0.012207031,25.03418,28,212,0,0,255,2,0,1782505553.9276547,38
25.036865,25.028942,0.41861382,0.47063604,1.2715454,1,1,0,0.016723633,0.018798828,25.036865,29,212,1,0,255,2,0,1782505553.9276547,38
25.026367,25.019283,0.36499226,0.4704387,0.8956299,1,1,0,0.014587402,0.018798828,25.026367,29,212,1,0,255,2,0,1782505553.9276547,38
25.020754,25.014402,0.3130017,0.4688062,0.67892456,1,1,0,0.012512207,0.018737793,25.020752,29,212,1,0,255,2,0,1782505553.9276547,38
25.032959,25.025248,0.5774672,0.2291804,1.2417603,1,1,0,0.023071289,0.009155273,25.032959,31,212,1,0,255,2,0,1782505553.9276547,38
25.031738,25.025171,0.5255081,0.22916922,1.0270996,1,1,0,0.020996094,0.009155273,25.031738,31,212,1,0,255,2,0,1782505553.9276547,38
25.025146,25.02139,0.368078,0.22910887,0.8586731,1,1,0,0.014709473,0.009155273,25.025146,31,212,1,0,255,2,0,1782505553.9276547,38
25.018312,25.015884,0.26262757,0.22904629,0.76623535,1,1,0,0.010498047,0.009155273,25.01831,31,212,1,0,255,2,0,1782505553.9276547,38
25.03003,25.021852,0.5346058,0.35136217,0.71258545,1,1,0,0.021362305,0.014038086,25.03003,60,212,0,0,255,2,0,1782505553.9276547,38
25.031006,25.023907,0.48269865,0.34984824,0.69351196,1,1,0,0.01928711,0.013977051,25.031006,60,212,0,0,255,2,0,1782505553.9276547,38
25.032715,25.027317,0.37733254,0.35751075,0.86602783,1,1,0,0.015075684,0.014282227,25.032715,60,212,0,0,255,2,0,1782505553.9276547,38
25.031982,25.028307,0.21998103,0.36819398,0.69784546,1,1,0,0.0087890625,0.014709473,25.031982,60,212,0,0,255,2,0,1782505553.9276547,38
25.045656,25.032776,0.5776409,0.55791676,1.0167542,1,1,0,0.023071289,0.022277832,25.045654,61,212,1,0,255,2,0,1782505553.9276547,38
25.033445,25.021616,0.5254334,0.5622274,0.7515259,1,1,0,0.020996094,0.022460938,25.033447,61,212,1,0,255,2,0,1782505553.9276547,38
25.034668,25.023804,0.47352937,0.56531,1.1020813,1,1,0,0.018920898,0.022583008,25.034668,61,212,1,0,255,2,0,1782505553.9276547,38
25.034424,25.02441,0.42006585,0.5698873,0.763855,1,1,0,0.016784668,0.022766113,25.034424,61,212,1,0,255,2,0,1782505553.9276547,38
25.029541,25.020277,0.3680616,0.5728307,0.79086304,1,1,0,0.014709473,0.022888184,25.029541,61,212,1,0,255,2,0,1782505553.9276547,38
25.029541,25.020884,0.3161376,0.57741255,0.69226074,1,1,0,0.012634277,0.023071289,25.029541,61,212,1,0,255,2,0,1782505553.9276547,38
25.027344,25.019236,0.26266274,0.58041614,0.87713623,1,1,0,0.010498047,0.02319336,25.027344,61,212,1,0,255,2,0,1782505553.9276547,38
25.03003,25.018576,0.5314803,0.53924054,0.68569946,1,1,0,0.021240234,0.02154541,25.03003,26,213,0,0,255,2,0,1782505554.0272074,39
25.03247,25.023039,0.42768145,0.5377656,0.82354736,1,1,0,0.017089844,0.021484375,25.03247,26,213,0,0,255,2,0,1782505554.0272074,39
25.032225,25.023651,0.3742219,0.5377604,0.7507324,1,1,0,0.014953613,0.021484375,25.032227,26,213,0,0,255,2,0,1782505554.0272074,39
25.032227,25.024374,0.32229218,0.5377604,0.7715454,1,1,0,0.012878418,0.021484375,25.032227,26,213,0,0,255,2,0,1782505554.0272074,39
25.032715,25.025476,0.2703663,0.53777087,0.8703613,1,1,0,0.010803223,0.021484375,25.032715,26,213,0,0,255,2,0,1782505554.0272074,39
25.032715,25.02401,0.5850795,0.30556753,0.86343384,1,1,0,0.023376465,0.012207031,25.032715,28,213,0,0,255,2,0,1782505554.0272074,39
25.031006,25.024515,0.48118246,0.30554667,1.1936951,1,1,0,0.019226074,0.012207031,25.031006,28,213,0,0,255,2,0,1782505554.0272074,39
25.027098,25.022413,0.37573096,0.305499,0.8027344,1,1,0,0.015014648,0.012207031,25.0271,28,213,0,0,255,2,0,1782505554.0272074,39
25.032227,25.028286,0.32234254,0.30556157,0.9162903,1,1,0,0.012878418,0.012207031,25.032227,28,213,0,0,255,2,0,1782505554.0272074,39
25.027344,25.016298,0.575733,0.47045705,0.88742065,1,1,0,0.023010254,0.018798828,25.027344,29,213,1,0,255,2,0,1782505554.0272074,39
25.027344,25.02026,0.3650065,0.47045705,0.7097168,1,1,0,0.014587402,0.018798828,25.027344,29,213,1,0,255,2,0,1782505554.0272074,39
25.023926,25.01817,0.26112443,0.4688657,0.8710022,1,1,0,0.010437012,0.018737793,25.023926,29,213,1,0,255,2,0,1782505554.0272074,39
25.01831,25.010603,0.57712924,0.22904629,0.69226074,1,1,0,0.023071289,0.009155273,25.01831,31,213,1,0,255,2,0,1782505554.0272074,39
25.03418,25.027645,0.52403176,0.22919157,0.9706116,1,1,0,0.020935059,0.009155273,25.03418,31,213,1,0,255,2,0,1782505554.0272074,39
25.023926,25.020899,0.3146104,0.2290977,0.6604309,1,1,0,0.012573242,0.009155273,25.023926,31,213,1,0,255,2,0,1782505554.0272074,39
25.02295,25.020521,0.26267627,0.22908875,0.78060913,1,1,0,0.010498047,0.009155273,25.02295,31,213,1,0,255,2,0,1782505554.0272074,39
25.03003,25.020746,0.58500314,0.3498346,0.8070679,1,1,0,0.023376465,0.013977051,25.03003,60,213,0,0,255,2,0,1782505554.0272074,39
25.031982,25.023956,0.53159463,0.34527883,0.7637329,1,1,0,0.021240234,0.013793945,25.031982,60,213,0,0,255,2,0,1782505554.0272074,39
25.032715,25.028044,0.32233942,0.36056617,1.2223206,1,1,0,0.012878418,0.014404297,25.032715,60,213,0,0,255,2,0,1782505554.0272074,39
25.031738,25.018938,0.5742659,0.55760676,0.6758423,1,1,0,0.022949219,0.022277832,25.031738,61,213,1,0,255,2,0,1782505554.0272074,39
25.04126,25.029524,0.5225427,0.5608749,0.80804443,1,1,0,0.020874023,0.022399902,25.04126,61,213,1,0,255,2,0,1782505554.0272074,39
25.027342,25.01654,0.47033706,0.56514466,0.7600708,1,1,0,0.018798828,0.022583008,25.027344,61,213,1,0,255,2,0,1782505554.0272074,39
25.02954,25.02032,0.3650074,0.5728307,0.8915405,1,1,0,0.014587402,0.022888184,25.029541,61,213,1,0,255,2,0,1782505554.0272074,39
25.028563,25.019999,0.31154442,0.5758628,0.92233276,1,1,0,0.012451172,0.023010254,25.028564,61,213,1,0,255,2,0,1782505554.0272074,39
25.03247,25.02095,0.5345865,0.5392931,0.85562134,1,1,0,0.021362305,0.02154541,25.03247,26,214,0,0,255,2,0,1782505554.1272118,40
25.029053,25.018589,0.4825961,0.5392195,0.82006836,1,1,0,0.01928711,0.02154541,25.029053,26,214,0,0,255,2,0,1782505554.1272118,40
25.032715,25.025105,0.5362034,0.30556753,0.98306274,1,1,0,0.02142334,0.012207031,25.032715,28,214,0,0,255,2,0,1782505554.1272118,40
25.031006,25.024456,0.48423722,0.30554667,0.82180786,1,1,0,0.019348145,0.012207031,25.031006,28,214,0,0,255,2,0,1782505554.1272118,40
25.029053,25.025053,0.32688388,0.30552283,0.7489929,1,1,0,0.013061523,0.012207031,25.029053,28,214,0,0,255,2,0,1782505554.1272118,40
25.032959,25.0296,0.2734666,0.3055705,0.8955078,1,1,0,0.010925293,0.012207031,25.032959,28,214,0,0,255,2,0,1782505554.1272118,40
25.029541,25.018423,0.5788375,0.47049835,0.846344,1,1,0,0.023132324,0.018798828,25.029541,29,214,1,0,255,2,0,1782505554.1272118,40
25.035156,25.025183,0.5270364,0.4706039,1.2284241,1,1,0,0.021057129,0.018798828,25.035156,29,214,1,0,255,2,0,1782505554.1272118,40
25.021729,25.013758,0.4214142,0.4703515,0.6871338,1,1,0,0.016845703,0.018798828,25.021729,29,214,1,0,255,2,0,1782505554.1272118,40
25.029541,25.02239,0.3696203,0.47049835,0.7970276,1,1,0,0.014770508,0.018798828,25.029541,29,214,1,0,255,2,0,1782505554.1272118,40
25.030762,25.024973,0.26425055,0.46899378,1.0065613,1,1,0,0.010559082,0.018737793,25.030762,29,214,1,0,255,2,0,1782505554.1272118,40
25.030762,25.023087,0.5758892,0.22916028,1.003479,1,1,0,0.023010254,0.009155273,25.030762,31,214,1,0,255,2,0,1782505554.1272118,40
25.033447,25.026945,0.5224889,0.22918487,0.6805725,1,1,0,0.020874023,0.009155273,25.033447,31,214,1,0,255,2,0,1782505554.1272118,40
25.020754,25.015284,0.4703134,0.22906864,0.66967773,1,1,0,0.018798828,0.009155273,25.020752,31,214,1,0,255,2,0,1782505554.1272118,40
25.028564,25.024853,0.3650735,0.22914016,0.8360596,1,1,0,0.014587402,0.009155273,25.028564,31,214,1,0,255,2,0,1782505554.1272118,40
25.028564,25.026169,0.25968024,0.22914016,0.8915405,1,1,0,0.010375977,0.009155273,25.028564,31,214,1,0,255,2,0,1782505554.1272118,40
25.031008,25.021637,0.58960813,0.34832063,0.69525146,1,1,0,0.02355957,0.013916016,25.031006,60,214,0,0,255,2,0,1782505554.1272118,40
25.032228,25.024082,0.53618145,0.34680992,0.71951294,1,1,0,0.02142334,0.0138549805,25.032227,60,214,0,0,255,2,0,1782505554.1272118,40
25.031982,25.024832,0.4842445,0.3513896,0.70651245,1,1,0,0.019348145,0.014038086,25.031982,60,214,0,0,255,2,0,1782505554.1272118,40
25.03003,25.024588,0.37881905,0.35899997,0.96484375,1,1,0,0.015136719,0.014343262,25.03003,60,214,0,0,255,2,0,1782505554.1272118,40
25.031982,25.02723,0.3269123,0.36208332,0.9041748,1,1,0,0.013061523,0.014465332,25.031982,60,214,0,0,255,2,0,1782505554.1272118,40
25.0271,25.02292,0.27339363,0.3665948,0.60510254,1,1,0,0.010925293,0.0146484375,25.0271,60,214,0,0,255,2,0,1782505554.1272118,40
25.035643,25.022701,0.5789365,0.55922145,0.66412354,1,1,0,0.023132324,0.022338867,25.035645,61,214,1,0,255,2,0,1782505554.1272118,40
25.033447,25.02155,0.5269599,0.563755,0.6826477,1,1,0,0.021057129,0.022521973,25.033447,61,214,1,0,255,2,0,1782505554.1272118,40
25.030764,25.019867,0.47345486,0.5667492,0.868927,1,1,0,0.018920898,0.022644043,25.030762,61,214,1,0,255,2,0,1782505554.1272118,40
25.023926,25.013857,0.42141587,0.5711753,0.76416016,1,1,0,0.016845703,0.022827148,25.023926,61,214,1,0,255,2,0,1782505554.1272118,40
25.028563,25.019243,0.3695738,0.57433563,0.80526733,1,1,0,0.014770508,0.022949219,25.028564,61,214,1,0,255,2,0,1782505554.1272118,40
25.030762,25.022068,0.31615257,0.57896805,0.8586731,1,1,0,0.012634277,0.023132324,25.030762,61,214,1,0,255,2,0,1782505554.1272118,40
25.03174,25.023577,0.2642358,0.58204544,0.8340149,1,1,0,0.010559082,0.023254395,25.031738,61,214,1,0,255,2,0,1782505554.1272118,40
25.033937,25.022415,0.5346178,0.5393247,1.2370605,1,1,0,0.021362305,0.02154541,25.033936,26,215,0,0,255,2,0,1782505554.2273104,41
25.03247,25.022955,0.43073547,0.5392931,0.65625,1,1,0,0.017211914,0.02154541,25.03247,26,215,0,0,255,2,0,1782505554.2273104,41
25.02124,25.013319,0.3252037,0.5390512,0.69525146,1,1,0,0.013000488,0.02154541,25.02124,26,215,0,0,255,2,0,1782505554.2273104,41
25.032715,25.026194,0.4827428,0.30556753,0.7325134,1,1,0,0.01928711,0.012207031,25.032715,28,215,0,0,255,2,0,1782505554.2273104,41
25.032713,25.028004,0.37734288,0.30556753,0.7637329,1,1,0,0.015075684,0.012207031,25.032715,28,215,0,0,255,2,0,1782505554.2273104,41
25.032959,25.025011,0.42007595,0.4705626,1.0856628,1,1,0,0.016784668,0.018798828,25.032959,29,215,1,0,255,2,0,1782505554.2273104,41
25.020754,25.014982,0.2626181,0.4688062,0.75183105,1,1,0,0.010498047,0.018737793,25.020752,29,215,1,0,255,2,0,1782505554.2273104,41
25.036865,25.029188,0.57602966,0.22921616,0.8812561,1,1,0,0.023010254,0.009155273,25.036865,31,215,1,0,255,2,0,1782505554.2273104,41
25.035156,25.030632,0.41711396,0.22920051,1.008606,1,1,0,0.016662598,0.009155273,25.035156,31,215,1,0,255,2,0,1782505554.2273104,41
25.03174,25.02368,0.53311676,0.34527546,0.85736084,1,1,0,0.02130127,0.013793945,25.031738,60,215,0,0,255,2,0,1782505554.2273104,41
25.030031,25.022982,0.48115298,0.34830704,0.68743896,1,1,0,0.019226074,0.013916016,25.03003,60,215,0,0,255,2,0,1782505554.2273104,41
25.03003,25.023886,0.4276959,0.35288972,1.0697327,1,1,0,0.017089844,0.014099121,25.03003,60,215,0,0,255,2,0,1782505554.2273104,41
25.03003,25.024677,0.37576497,0.35594484,0.7420654,1,1,0,0.015014648,0.014221191,25.03003,60,215,0,0,255,2,0,1782505554.2273104,41
25.030031,25.025358,0.32230484,0.36052752,0.6770325,1,1,0,0.012878418,0.014404297,25.03003,60,215,0,0,255,2,0,1782505554.2273104,41
25.033445,25.029345,0.2704081,0.36363226,0.72125244,1,1,0,0.010803223,0.014526367,25.033447,60,215,0,0,255,2,0,1782505554.2273104,41
25.038818,25.025978,0.5759558,0.5577645,0.75561523,1,1,0,0.023010254,0.022277832,25.038818,61,215,1,0,255,2,0,1782505554.2273104,41
25.041258,25.02949,0.52407044,0.5608749,0.7648926,1,1,0,0.020935059,0.022399902,25.04126,61,215,1,0,255,2,0,1782505554.2273104,41
25.03174,25.020935,0.47041968,0.5652439,0.9778137,1,1,0,0.018798828,0.022583008,25.031738,61,215,1,0,255,2,0,1782505554.2273104,41
25.03882,25.028866,0.41861257,0.5684595,0.72579956,1,1,0,0.016723633,0.022705078,25.038818,61,215,1,0,255,2,0,1782505554.2273104,41
25.032957,25.023739,0.36505726,0.57290894,0.829895,1,1,0,0.014587402,0.022888184,25.032959,61,215,1,0,255,2,0,1782505554.2273104,41
25.023926,25.015343,0.31301346,0.5757561,0.8196411,1,1,0,0.012512207,0.023010254,25.023926,61,215,1,0,255,2,0,1782505554.2273104,41
25.026365,25.018272,0.2611255,0.5803935,0.7210388,1,1,0,0.010437012,0.02319336,25.026367,61,215,1,0,255,2,0,1782505554.2273104,41
25.03247,25.019787,0.5865087,0.5392931,0.7992859,1,1,0,0.0234375,0.02154541,25.03247,26,216,0,0,255,2,0,1782505554.327706,42
25.032715,25.021194,0.53459173,0.53929836,0.85736084,1,1,0,0.021362305,0.02154541,25.032715,26,216,0,0,255,2,0,1782505554.327706,42
25.034182,25.023716,0.48269498,0.53932995,0.8044739,1,1,0,0.01928711,0.02154541,25.03418,26,216,0,0,255,2,0,1782505554.327706,42
25.031006,25.021547,0.42918363,0.53773415,0.8070679,1,1,0,0.017150879,0.021484375,25.031006,26,216,0,0,255,2,0,1782505554.327706,42
25.0271,25.019209,0.32528028,0.5376502,0.86169434,1,1,0,0.013000488,0.021484375,25.0271,26,216,0,0,255,2,0,1782505554.327706,42
25.026125,25.018871,0.27182218,0.53762925,0.7828064,1,1,0,0.010864258,0.021484375,25.026123,26,216,0,0,255,2,0,1782505554.327706,42
25.032227,25.02668,0.42927167,0.30556157,0.7403259,1,1,0,0.017150879,0.012207031,25.032227,28,216,0,0,255,2,0,1782505554.327706,42
25.032469,25.02776,0.37733918,0.30556455,0.8868408,1,1,0,0.015075684,0.012207031,25.03247,28,216,0,0,255,2,0,1782505554.327706,42
25.031982,25.028002,0.32539457,0.3055586,1.1495056,1,1,0,0.013000488,0.012207031,25.031982,28,216,0,0,255,2,0,1782505554.327706,42
25.033203,25.03037,0.21999916,0.3055735,0.7914734,1,1,0,0.0087890625,0.012207031,25.033203,28,216,0,0,255,2,0,1782505554.327706,42
25.035645,25.024559,0.5774513,0.4706131,0.75253296,1,1,0,0.023071289,0.018798828,25.035645,29,216,1,0,255,2,0,1782505554.327706,42
25.033447,25.023508,0.5254731,0.4705718,0.68573,1,1,0,0.020996094,0.018798828,25.033447,29,216,1,0,255,2,0,1782505554.327706,42
25.026367,25.01924,0.36804634,0.4704387,0.81140137,1,1,0,0.014709473,0.018798828,25.026367,29,216,1,0,255,2,0,1782505554.327706,42
25.031006,25.025232,0.2627257,0.46899834,0.72787476,1,1,0,0.010498047,0.018737793,25.031006,29,216,1,0,255,2,0,1782505554.327706,42
25.04126,25.034723,0.52418,0.22925639,0.8430176,1,1,0,0.020935059,0.009155273,25.04126,31,216,1,0,255,2,0,1782505554.327706,42
25.02295,25.01745,0.47188166,0.22908875,0.70666504,1,1,0,0.018859863,0.009155273,25.02295,31,216,1,0,255,2,0,1782505554.327706,42
25.031738,25.029324,0.26276866,0.22764145,0.7374573,1,1,0,0.010498047,0.009094238,25.031738,31,216,1,0,255,2,0,1782505554.327706,42
25.029055,25.019793,0.58498085,0.34829345,0.70217896,1,1,0,0.023376465,0.013916016,25.029053,60,216,0,0,255,2,0,1782505554.327706,42
25.03247,25.024326,0.5331305,0.35139644,1.0142517,1,1,0,0.02130127,0.014038086,25.03247,60,216,0,0,255,2,0,1782505554.327706,42
25.031008,25.023958,0.48117176,0.34832063,0.97698975,1,1,0,0.019226074,0.013916016,25.031006,60,216,0,0,255,2,0,1782505554.327706,42
25.03247,25.026327,0.42773762,0.35292414,0.70739746,1,1,0,0.017089844,0.014099121,25.03247,60,216,0,0,255,2,0,1782505554.327706,42
25.02124,25.01589,0.375633,0.35581985,0.7619934,1,1,0,0.015014648,0.014221191,25.02124,60,216,0,0,255,2,0,1782505554.327706,42
25.031252,25.026579,0.32232055,0.3605451,0.7489929,1,1,0,0.012878418,0.014404297,25.03125,60,216,0,0,255,2,0,1782505554.327706,42
25.030031,25.025928,0.2703712,0.3635826,0.71606445,1,1,0,0.010803223,0.014526367,25.03003,60,216,0,0,255,2,0,1782505554.327706,42
25.034422,25.021585,0.5758547,0.5576666,0.68573,1,1,0,0.023010254,0.022277832,25.034424,61,216,1,0,255,2,0,1782505554.327706,42
25.023926,25.012165,0.5237077,0.5604866,1.003479,1,1,0,0.020935059,0.022399902,25.023926,61,216,1,0,255,2,0,1782505554.327706,42
25.04126,25.03045,0.4705986,0.5654589,0.8882446,1,1,0,0.018798828,0.022583008,25.04126,61,216,1,0,255,2,0,1782505554.327706,42
25.031738,25.021788,0.4184942,0.56829876,0.92233276,1,1,0,0.016723633,0.022705078,25.031738,61,216,1,0,255,2,0,1782505554.327706,42
25.032957,25.023716,0.36658457,0.57290894,0.82785034,1,1,0,0.0146484375,0.022888184,25.032959,61,216,1,0,255,2,0,1782505554.327706,42
25.035156,25.02657,0.31315395,0.57601446,0.980896,1,1,0,0.012512207,0.023010254,25.035156,61,216,1,0,255,2,0,1782505554.327706,42
25.028564,25.02047,0.26114845,0.58044446,0.91412354,1,1,0,0.010437012,0.02319336,25.028564,61,216,1,0,255,2,0,1782505554.327706,42
25.031006,25.018394,0.58342034,0.5392616,0.95443726,1,1,0,0.02331543,0.02154541,25.031006,26,217,0,0,255,2,0,1782505554.4274776,43
25.032469,25.021048,0.53000504,0.5392931,0.7732544,1,1,0,0.0211792,0.02154541,25.03247,26,217,0,0,255,2,0,1782505554.4274776,43
25.026125,25.015749,0.47795913,0.5391564,0.72473145,1,1,0,0.019104004,0.02154541,25.026123,26,217,0,0,255,2,0,1782505554.4274776,43
25.03125,25.021837,0.42460564,0.5392668,0.7940674,1,1,0,0.016967773,0.02154541,25.03125,26,217,0,0,255,2,0,1782505554.4274776,43
25.030027,25.021477,0.37266186,0.53771317,0.72125244,1,1,0,0.014892578,0.021484375,25.03003,26,217,0,0,255,2,0,1782505554.4274776,43
25.028076,25.020874,0.26726192,0.5376712,0.8781738,1,1,0,0.010681152,0.021484375,25.028076,26,217,0,0,255,2,0,1782505554.4274776,43
25.03003,25.02607,0.32384172,0.30553475,0.81399536,1,1,0,0.012939453,0.012207031,25.03003,28,217,0,0,255,2,0,1782505554.4274776,43
25.02295,25.015059,0.41838163,0.4688474,0.6645508,1,1,0,0.016723633,0.018737793,25.02295,29,217,1,0,255,2,0,1782505554.4274776,43
25.035645,25.027897,0.57905674,0.22920498,0.66412354,1,1,0,0.023132324,0.009155273,25.035645,31,217,1,0,255,2,0,1782505554.4274776,43
25.027342,25.021814,0.47349173,0.22912899,0.71588135,1,1,0,0.018920898,0.009155273,25.027344,31,217,1,0,255,2,0,1782505554.4274776,43
25.029541,25.024942,0.4216026,0.2291491,0.7836914,1,1,0,0.016845703,0.009155273,25.029541,31,217,1,0,255,2,0,1782505554.4274776,43
25.027344,25.024914,0.26424992,0.22760148,0.7600708,1,1,0,0.010559082,0.009094238,25.027344,31,217,1,0,255,2,0,1782505554.4274776,43
25.028074,25.019876,0.53456354,0.35286218,1.0159912,1,1,0,0.021362305,0.014099121,25.028076,60,217,0,0,255,2,0,1782505554.4274776,43
25.031252,25.02415,0.48270336,0.34985164,0.6692505,1,1,0,0.01928711,0.013977051,25.03125,60,217,0,0,255,2,0,1782505554.4274776,43
25.031006,25.025608,0.37730676,0.35748634,0.71432495,1,1,0,0.015075684,0.014282227,25.031006,60,217,0,0,255,2,0,1782505554.4274776,43
25.03125,25.026516,0.32537526,0.3620727,0.98480225,1,1,0,0.013000488,0.014465332,25.03125,60,217,0,0,255,2,0,1782505554.4274776,43
25.02124,25.017084,0.27332985,0.36498198,0.71691895,1,1,0,0.010925293,0.014587402,25.02124,60,217,0,0,255,2,0,1782505554.4274776,43
25.032715,25.02904,0.21998747,0.36820474,1.0653992,1,1,0,0.0087890625,0.014709473,25.032715,60,217,0,0,255,2,0,1782505554.4274776,43
25.023926,25.011059,0.5771398,0.5574327,0.885376,1,1,0,0.023071289,0.022277832,25.023926,61,217,1,0,255,2,0,1782505554.4274776,43
25.023926,25.0121,0.52523357,0.56201357,0.70150757,1,1,0,0.020996094,0.022460938,25.023926,61,217,1,0,255,2,0,1782505554.4274776,43
25.037842,25.026978,0.47358942,0.5653817,0.82244873,1,1,0,0.018920898,0.022583008,25.037842,61,217,1,0,255,2,0,1782505554.4274776,43
25.025146,25.015139,0.41991022,0.5696761,0.7487488,1,1,0,0.016784668,0.022766113,25.025146,61,217,1,0,255,2,0,1782505554.4274776,43
25.027344,25.018082,0.36802933,0.57278043,0.7991028,1,1,0,0.014709473,0.022888184,25.027344,61,217,1,0,255,2,0,1782505554.4274776,43
25.021729,25.013073,0.3160389,0.5772323,0.8175659,1,1,0,0.012634277,0.023071289,25.021729,61,217,1,0,255,2,0,1782505554.4274776,43
25.023928,25.01582,0.2626269,0.58033687,0.86276245,1,1,0,0.010498047,0.02319336,25.023926,61,217,1,0,255,2,0,1782505554.4274776,43
25.033447,25.02196,0.5330801,0.53931415,1.0584717,1,1,0,0.02130127,0.02154541,25.033447,26,218,0,0,255,2,0,1782505554.5276809,44
25.032715,25.023224,0.4292124,0.53929836,0.7879944,1,1,0,0.017150879,0.02154541,25.032715,26,218,0,0,255,2,0,1782505554.5276809,44
25.032227,25.023596,0.37574872,0.53928787,0.7749939,1,1,0,0.015014648,0.02154541,25.032227,26,218,0,0,255,2,0,1782505554.5276809,44
25.025146,25.017895,0.27181157,0.53760827,0.67529297,1,1,0,0.010864258,0.021484375,25.025146,26,218,0,0,255,2,0,1782505554.5276809,44
25.034424,25.023375,0.57589585,0.47059014,0.8388977,1,1,0,0.023010254,0.018798828,25.034424,29,218,1,0,255,2,0,1782505554.5276809,44
25.034424,25.024548,0.5224389,0.47059014,0.70114136,1,1,0,0.020874023,0.018798828,25.034424,29,218,1,0,255,2,0,1782505554.5276809,44
25.034424,25.02558,0.470507,0.47059014,0.7977905,1,1,0,0.018798828,0.018798828,25.034424,29,218,1,0,255,2,0,1782505554.5276809,44
25.034668,25.026745,0.41857708,0.47059473,0.92440796,1,1,0,0.016723633,0.018798828,25.034668,29,218,1,0,255,2,0,1782505554.5276809,44
25.029541,25.022486,0.36503896,0.4689709,0.868927,1,1,0,0.014587402,0.018737793,25.029541,29,218,1,0,255,2,0,1782505554.5276809,44
25.018312,25.012558,0.26106584,0.4687605,0.70150757,1,1,0,0.010437012,0.018737793,25.01831,29,218,1,0,255,2,0,1782505554.5276809,44
25.035887,25.029352,0.5240675,0.22920722,1.1277771,1,1,0,0.020935059,0.009155273,25.035889,31,218,1,0,255,2,0,1782505554.5276809,44
25.019285,25.01628,0.3130252,0.22905523,0.89276123,1,1,0,0.012512207,0.009155273,25.019287,31,218,1,0,255,2,0,1782505554.5276809,44
25.01953,25.017118,0.26111346,0.22905746,0.69433594,1,1,0,0.010437012,0.009155273,25.019531,31,218,1,0,255,2,0,1782505554.5276809,44
25.031982,25.022642,0.58657557,0.3513896,0.673584,1,1,0,0.0234375,0.014038086,25.031982,60,218,0,0,255,2,0,1782505554.5276809,44
25.032715,25.024494,0.5346622,0.35445532,0.83047485,1,1,0,0.021362305,0.014160156,25.032715,60,218,0,0,255,2,0,1782505554.5276809,44
25.03125,25.02508,0.42924422,0.3529069,0.69525146,1,1,0,0.017150879,0.014099121,25.03125,60,218,0,0,255,2,0,1782505554.5276809,44
25.031248,25.025873,0.37731075,0.3559622,0.7715454,1,1,0,0.015075684,0.014221191,25.03125,60,218,0,0,255,2,0,1782505554.5276809,44
25.031252,25.02656,0.32384804,0.3605451,0.8781738,1,1,0,0.012939453,0.014404297,25.03125,60,218,0,0,255,2,0,1782505554.5276809,44
25.032715,25.028597,0.27192783,0.36362162,0.97525024,1,1,0,0.010864258,0.014526367,25.032715,60,218,0,0,255,2,0,1782505554.5276809,44
25.03125,25.027575,0.21997459,0.3681832,0.81573486,1,1,0,0.0087890625,0.014709473,25.03125,60,218,0,0,255,2,0,1782505554.5276809,44
25.038818,25.025944,0.57748324,0.5577645,0.77001953,1,1,0,0.023071289,0.022277832,25.038818,61,218,1,0,255,2,0,1782505554.5276809,44
25.032957,25.021162,0.5254239,0.5606889,1.2048035,1,1,0,0.020996094,0.022399902,25.032959,61,218,1,0,255,2,0,1782505554.5276809,44
25.028564,25.017767,0.47188762,0.563645,0.8319702,1,1,0,0.018859863,0.022521973,25.028564,61,218,1,0,255,2,0,1782505554.5276809,44
25.028564,25.018589,0.41996816,0.5682267,0.6974182,1,1,0,0.016784668,0.022705078,25.028564,61,218,1,0,255,2,0,1782505554.5276809,44
25.025145,25.015907,0.36647016,0.5727301,0.68917847,1,1,0,0.0146484375,0.022888184,25.025146,61,218,1,0,255,2,0,1782505554.5276809,44
25.026365,25.017763,0.31457096,0.5758123,0.829895,1,1,0,0.012573242,0.023010254,25.026367,61,218,1,0,255,2,0,1782505554.5276809,44
25.019531,25.01146,0.2625811,0.5787083,0.7251282,1,1,0,0.010498047,0.023132324,25.019531,61,218,1,0,255,2,0,1782505554.5276809,44
25.032225,25.019506,0.58803004,0.53928787,1.1616211,1,1,0,0.023498535,0.02154541,25.032227,26,219,0,0,255,2,0,1782505554.627505,45
25.03247,25.022007,0.48266202,0.5392931,0.7975464,1,1,0,0.01928711,0.02154541,25.03247,26,219,0,0,255,2,0,1782505554.627505,45
25.02417,25.01555,0.37715513,0.5375873,0.94403076,1,1,0,0.015075684,0.021484375,25.02417,26,219,0,0,255,2,0,1782505554.627505,45
25.033447,25.0246,0.59120613,0.30557647,0.68743896,1,1,0,0.023620605,0.012207031,25.033447,28,219,0,0,255,2,0,1782505554.627505,45
25.026121,25.018482,0.5375892,0.30548707,0.6657715,1,1,0,0.021484375,0.012207031,25.026123,28,219,0,0,255,2,0,1782505554.627505,45
25.028076,25.021498,0.48570773,0.3055109,0.6744385,1,1,0,0.01940918,0.012207031,25.028076,28,219,0,0,255,2,0,1782505554.627505,45
25.030027,25.025272,0.38035724,0.30553475,0.6770325,1,1,0,0.015197754,0.012207031,25.03003,28,219,0,0,255,2,0,1782505554.627505,45
25.032227,25.028206,0.32845297,0.30556157,0.7698059,1,1,0,0.013122559,0.012207031,25.032227,28,219,0,0,255,2,0,1782505554.627505,45
25.031982,25.028606,0.27498356,0.3055586,0.7550659,1,1,0,0.010986328,0.012207031,25.031982,28,219,0,0,255,2,0,1782505554.627505,45
25.028074,25.025217,0.22300893,0.3055109,1.0454712,1,1,0,0.008911133,0.012207031,25.028076,28,219,0,0,255,2,0,1782505554.627505,45
25.026367,25.015217,0.580291,0.4704387,0.85043335,1,1,0,0.02319336,0.018798828,25.026367,29,219,1,0,255,2,0,1782505554.627505,45
25.029541,25.019539,0.5284453,0.47049835,0.87509155,1,1,0,0.021118164,0.018798828,25.029541,29,219,1,0,255,2,0,1782505554.627505,45
25.026367,25.017437,0.4749364,0.4704387,0.7127991,1,1,0,0.018981934,0.018798828,25.026367,29,219,1,0,255,2,0,1782505554.627505,45
25.029543,25.021544,0.42307302,0.47049835,1.1195374,1,1,0,0.016906738,0.018798828,25.029541,29,219,1,0,255,2,0,1782505554.627505,45
25.03296,25.025784,0.37119818,0.4705626,0.8812561,1,1,0,0.014831543,0.018798828,25.032959,29,219,1,0,255,2,0,1782505554.627505,45
25.030764,25.024324,0.31770867,0.4705213,0.80526733,1,1,0,0.0126953125,0.018798828,25.030762,29,219,1,0,255,2,0,1782505554.627505,45
25.026367,25.020563,0.2657313,0.46891144,0.8915405,1,1,0,0.010620117,0.018737793,25.026367,29,219,1,0,255,2,0,1782505554.627505,45
25.026367,25.020897,0.47041896,0.22912005,0.7744446,1,1,0,0.018798828,0.009155273,25.026367,31,219,1,0,255,2,0,1782505554.627505,45
25.032959,25.029247,0.3651376,0.2291804,1.019928,1,1,0,0.014587402,0.009155273,25.032959,31,219,1,0,255,2,0,1782505554.627505,45
25.031984,25.022707,0.5865771,0.34680653,0.70391846,1,1,0,0.0234375,0.0138549805,25.031982,60,219,0,0,255,2,0,1782505554.627505,45
25.034182,25.026003,0.53469443,0.35142043,0.72473145,1,1,0,0.021362305,0.014038086,25.03418,60,219,0,0,255,2,0,1782505554.627505,45
25.028076,25.02105,0.48111585,0.3467524,0.71951294,1,1,0,0.019226074,0.0138549805,25.028076,60,219,0,0,255,2,0,1782505554.627505,45
25.031006,25.02488,0.4292408,0.34984824,0.7663269,1,1,0,0.017150879,0.013977051,25.031006,60,219,0,0,255,2,0,1782505554.627505,45
25.03198,25.026627,0.3773221,0.35444495,0.6839905,1,1,0,0.015075684,0.014160156,25.031982,60,219,0,0,255,2,0,1782505554.627505,45
25.027102,25.022453,0.32379493,0.35743058,0.7637329,1,1,0,0.012939453,0.014282227,25.0271,60,219,0,0,255,2,0,1782505554.627505,45
25.032227,25.028131,0.27192277,0.36208683,0.70043945,1,1,0,0.010864258,0.014465332,25.032227,60,219,0,0,255,2,0,1782505554.627505,45
25.034424,25.021618,0.5773834,0.5546114,0.6065674,1,1,0,0.023071289,0.022155762,25.034424,61,219,1,0,255,2,0,1782505554.627505,45
25.041258,25.029524,0.52407116,0.55934685,0.7648926,1,1,0,0.020935059,0.022338867,25.04126,61,219,1,0,255,2,0,1782505554.627505,45
25.030762,25.019997,0.4719297,0.5621671,0.83813477,1,1,0,0.018859863,0.022460938,25.030762,61,219,1,0,255,2,0,1782505554.627505,45
25.026367,25.016426,0.41993186,0.5666497,0.79293823,1,1,0,0.016784668,0.022644043,25.026367,61,219,1,0,255,2,0,1782505554.627505,45
25.038818,25.029644,0.3666714,0.5699873,0.67440796,1,1,0,0.0146484375,0.022766113,25.038818,61,219,1,0,255,2,0,1782505554.627505,45
25.028809,25.020239,0.3146021,0.5743412,0.60757446,1,1,0,0.012573242,0.022949219,25.028809,61,219,1,0,255,2,0,1782505554.627505,45
25.03076,25.022736,0.2611721,0.5774407,0.8422241,1,1,0,0.010437012,0.023071289,25.030762,61,219,1,0,255,2,0,1782505554.627505,45
25.031006,25.018358,0.58494735,0.5392616,0.7975464,1,1,0,0.023376465,0.02154541,25.031006,26,220,0,0,255,2,0,1782505554.7272964,46
25.031252,25.019796,0.53150624,0.5392668,0.70217896,1,1,0,0.021240234,0.02154541,25.03125,26,220,0,0,255,2,0,1782505554.7272964,46
25.027102,25.016697,0.47950467,0.5391774,0.7680664,1,1,0,0.019165039,0.02154541,25.0271,26,220,0,0,255,2,0,1782505554.7272964,46
25.027102,25.017637,0.42758912,0.5391774,0.69869995,1,1,0,0.017089844,0.02154541,25.0271,26,220,0,0,255,2,0,1782505554.7272964,46
25.031006,25.022398,0.37420318,0.5392616,0.7680664,1,1,0,0.014953613,0.02154541,25.031006,26,220,0,0,255,2,0,1782505554.7272964,46
25.032715,25.027142,0.43080756,0.30556753,0.632843,1,1,0,0.017211914,0.012207031,25.032715,28,220,0,0,255,2,0,1782505554.7272964,46
25.031738,25.027006,0.37885568,0.3055556,0.96917725,1,1,0,0.015136719,0.012207031,25.031738,28,220,0,0,255,2,0,1782505554.7272964,46
25.032227,25.028246,0.32539776,0.30556157,0.6545105,1,1,0,0.013000488,0.012207031,25.032227,28,220,0,0,255,2,0,1782505554.7272964,46
25.031738,25.028399,0.27345347,0.30402792,0.81399536,1,1,0,0.010925293,0.012145996,25.031738,28,220,0,0,255,2,0,1782505554.7272964,46
25.032715,25.029888,0.22152273,0.30403978,0.86169434,1,1,0,0.008850098,0.012145996,25.032715,28,220,0,0,255,2,0,1782505554.7272964,46
25.042236,25.031113,0.57913107,0.47073698,0.9293823,1,1,0,0.023132324,0.018798828,25.042236,29,220,1,0,255,2,0,1782505554.7272964,46
25.026367,25.016426,0.526852,0.46891144,0.8710022,1,1,0,0.021057129,0.018737793,25.026367,29,220,1,0,255,2,0,1782505554.7272964,46
25.041258,25.032381,0.4736917,0.46919048,0.8162842,1,1,0,0.018920898,0.018737793,25.04126,29,220,1,0,255,2,0,1782505554.7272964,46
25.032959,25.025015,0.4216038,0.46903494,0.8915405,1,1,0,0.016845703,0.018737793,25.032959,29,220,1,0,255,2,0,1782505554.7272964,46
25.02881,25.02171,0.36808267,0.4689572,0.68573,1,1,0,0.014709473,0.018737793,25.028809,29,220,1,0,255,2,0,1782505554.7272964,46
25.021729,25.015339,0.31606755,0.4688245,0.6635132,1,1,0,0.012634277,0.018737793,25.021729,29,220,1,0,255,2,0,1782505554.7272964,46
25.029543,25.023754,0.26423767,0.4689709,0.88742065,1,1,0,0.010559082,0.018737793,25.029541,29,220,1,0,255,2,0,1782505554.7272964,46
25.026367,25.018658,0.5773151,0.22912005,0.8730469,1,1,0,0.023071289,0.009155273,25.026367,31,220,1,0,255,2,0,1782505554.7272964,46
25.02539,25.022364,0.3146288,0.2291111,1.0446167,1,1,0,0.012573242,0.009155273,25.02539,31,220,1,0,255,2,0,1782505554.7272964,46
25.029053,25.019663,0.5895616,0.34982094,0.7940674,1,1,0,0.02355957,0.013977051,25.029053,60,220,0,0,255,2,0,1782505554.7272964,46
25.031006,25.022741,0.5376807,0.3529035,0.72299194,1,1,0,0.021484375,0.014099121,25.031006,60,220,0,0,255,2,0,1782505554.7272964,46
25.032715,25.025555,0.4857865,0.3498721,0.8105469,1,1,0,0.01940918,0.013977051,25.032715,60,220,0,0,255,2,0,1782505554.7272964,46
25.031248,25.025026,0.43229902,0.3529069,0.7489929,1,1,0,0.01727295,0.014099121,25.03125,60,220,0,0,255,2,0,1782505554.7272964,46
25.03125,25.025806,0.38036534,0.35748982,0.99172974,1,1,0,0.015197754,0.014282227,25.03125,60,220,0,0,255,2,0,1782505554.7272964,46
25.0271,25.02237,0.32684883,0.36048532,0.9249573,1,1,0,0.013061523,0.014404297,25.0271,60,220,0,0,255,2,0,1782505554.7272964,46
25.032227,25.028053,0.27497748,0.36514223,0.74380493,1,1,0,0.010986328,0.014587402,25.032227,60,220,0,0,255,2,0,1782505554.7272964,46
25.02124,25.01754,0.22294052,0.36803597,0.7342529,1,1,0,0.008911133,0.014709473,25.02124,60,220,0,0,255,2,0,1782505554.7272964,46
25.034424,25.02148,0.5804363,0.5576666,0.60861206,1,1,0,0.02319336,0.022277832,25.034424,61,220,1,0,255,2,0,1782505554.7272964,46
25.042236,25.030336,0.52867335,0.5624248,0.8265686,1,1,0,0.021118164,0.022460938,25.042236,61,220,1,0,255,2,0,1782505554.7272964,46
25.032957,25.022066,0.47502425,0.56527144,0.9202881,1,1,0,0.018981934,0.022583008,25.032959,61,220,1,0,255,2,0,1782505554.7272964,46
25.028564,25.018501,0.42302158,0.5697539,0.78985596,1,1,0,0.016906738,0.022766113,25.028564,61,220,1,0,255,2,0,1782505554.7272964,46
25.032959,25.02428,0.31770813,0.5774914,0.91412354,1,1,0,0.0126953125,0.023071289,25.032959,61,220,1,0,255,2,0,1782505554.7272964,46
25.021729,25.013588,0.26565725,0.5802859,0.70458984,1,1,0,0.010620117,0.02319336,25.021729,61,220,1,0,255,2,0,1782505554.7272964,46
25.02124,25.008598,0.5847191,0.5390512,0.71432495,1,1,0,0.023376465,0.02154541,25.02124,26,221,0,0,255,2,0,1782505554.8275392,47
25.028074,25.016623,0.5314389,0.53919846,0.7810669,1,1,0,0.021240234,0.02154541,25.028076,26,221,0,0,255,2,0,1782505554.8275392,47
25.031252,25.020845,0.4795842,0.5392668,0.7828064,1,1,0,0.019165039,0.02154541,25.03125,26,221,0,0,255,2,0,1782505554.8275392,47
25.031982,25.024761,0.268831,0.53775513,0.8105469,1,1,0,0.0107421875,0.021484375,25.031982,26,221,0,0,255,2,0,1782505554.8275392,47
25.032227,25.024715,0.5316108,0.30556157,1.2075806,1,1,0,0.021240234,0.012207031,25.032227,28,221,0,0,255,2,0,1782505554.8275392,47
25.031006,25.024544,0.4796551,0.30554667,0.7914734,1,1,0,0.019165039,0.012207031,25.031006,28,221,0,0,255,2,0,1782505554.8275392,47
25.034178,25.029514,0.3743096,0.3055854,0.7940674,1,1,0,0.014953613,0.012207031,25.03418,28,221,0,0,255,2,0,1782505554.8275392,47
25.02905,25.025726,0.27036902,0.30552283,0.7489929,1,1,0,0.010803223,0.012207031,25.029053,28,221,0,0,255,2,0,1782505554.8275392,47
25.035156,25.024141,0.57438534,0.4706039,1.1657715,1,1,0,0.022949219,0.018798828,25.035156,29,221,1,0,255,2,0,1782505554.8275392,47
25.027344,25.019478,0.41692808,0.46892974,0.7693176,1,1,0,0.016662598,0.018737793,25.027344,29,221,1,0,255,2,0,1782505554.8275392,47
25.028564,25.02151,0.36502472,0.4689526,0.80114746,1,1,0,0.014587402,0.018737793,25.028564,29,221,1,0,255,2,0,1782505554.8275392,47
25.028564,25.022213,0.31309944,0.4689526,0.8586731,1,1,0,0.012512207,0.018737793,25.028564,29,221,1,0,255,2,0,1782505554.8275392,47
25.030762,25.02502,0.25966835,0.46899378,1.020935,1,1,0,0.010375977,0.018737793,25.030762,29,221,1,0,255,2,0,1782505554.8275392,47
25.035156,25.02748,0.5759903,0.22920051,1.1216125,1,1,0,0.023010254,0.009155273,25.035156,31,221,1,0,255,2,0,1782505554.8275392,47
25.028564,25.025537,0.31466872,0.22914016,0.8565979,1,1,0,0.012573242,0.009155273,25.028564,31,221,1,0,255,2,0,1782505554.8275392,47
25.021482,25.019072,0.26113385,0.22907534,0.8168335,1,1,0,0.010437012,0.009155273,25.021484,31,221,1,0,255,2,0,1782505554.8275392,47
25.030031,25.02077,0.5850037,0.34830704,0.72473145,1,1,0,0.023376465,0.013916016,25.03003,60,221,0,0,255,2,0,1782505554.8275392,47
25.025146,25.017004,0.53297454,0.35129362,0.6311035,1,1,0,0.02130127,0.014038086,25.025146,60,221,0,0,255,2,0,1782505554.8275392,47
25.025146,25.018171,0.47953293,0.34518453,0.7420654,1,1,0,0.019165039,0.013793945,25.025146,60,221,0,0,255,2,0,1782505554.8275392,47
25.031248,25.02515,0.42771754,0.34985164,0.7914734,1,1,0,0.017089844,0.013977051,25.03125,60,221,0,0,255,2,0,1782505554.8275392,47
25.032715,25.027405,0.3758059,0.35292757,0.68310547,1,1,0,0.015014648,0.014099121,25.032715,60,221,0,0,255,2,0,1782505554.8275392,47
25.032228,25.0276,0.3223337,0.35750377,1.1130981,1,1,0,0.012878418,0.014282227,25.032227,60,221,0,0,255,2,0,1782505554.8275392,47
25.027098,25.02302,0.27033976,0.36201268,0.83047485,1,1,0,0.010803223,0.014465332,25.0271,60,221,0,0,255,2,0,1782505554.8275392,47
25.026365,25.0136,0.5756709,0.55443287,0.8093567,1,1,0,0.023010254,0.022155762,25.026367,61,221,1,0,255,2,0,1782505554.8275392,47
25.023926,25.012268,0.52218246,0.5574327,0.7723999,1,1,0,0.020874023,0.022277832,25.023926,61,221,1,0,255,2,0,1782505554.8275392,47
25.026367,25.015635,0.47032002,0.5620684,0.73028564,1,1,0,0.018798828,0.022460938,25.026367,61,221,1,0,255,2,0,1782505554.8275392,47
25.032957,25.023075,0.4185157,0.56527144,0.9901428,1,1,0,0.016723633,0.022583008,25.032959,61,221,1,0,255,2,0,1782505554.8275392,47
25.031738,25.022589,0.36504048,0.5698261,0.8607178,1,1,0,0.014587402,0.022766113,25.031738,61,221,1,0,255,2,0,1782505554.8275392,47
25.01831,25.0098,0.3129441,0.57257366,0.65426636,1,1,0,0.012512207,0.022888184,25.01831,61,221,1,0,255,2,0,1782505554.8275392,47
25.026367,25.01836,0.25959924,0.57733935,0.8483887,1,1,0,0.010375977,0.023071289,25.026367,61,221,1,0,255,2,0,1782505554.8275392,47
25.034182,25.021532,0.5850215,0.53932995,1.1616211,1,1,0,0.023376465,0.02154541,25.03418,26,222,0,0,255,2,0,1782505554.927453,48
25.03003,25.019625,0.4795608,0.53924054,0.84436035,1,1,0,0.019165039,0.02154541,25.03003,26,222,0,0,255,2,0,1782505554.927453,48
25.0271,25.01767,0.42758968,0.5376502,0.68569946,1,1,0,0.017089844,0.021484375,25.0271,26,222,0,0,255,2,0,1782505554.927453,48
25.025146,25.017296,0.322201,0.53760827,0.72473145,1,1,0,0.012878418,0.021484375,25.025146,26,222,0,0,255,2,0,1782505554.927453,48
25.026121,25.01742,0.5849254,0.30548707,1.0818787,1,1,0,0.023376465,0.012207031,25.026123,28,222,0,0,255,2,0,1782505554.927453,48
25.03247,25.026009,0.47968316,0.30556455,0.7568054,1,1,0,0.019165039,0.012207031,25.03247,28,222,0,0,255,2,0,1782505554.927453,48
25.026121,25.020603,0.4276398,0.30548707,0.81399536,1,1,0,0.017089844,0.012207031,25.026123,28,222,0,0,255,2,0,1782505554.927453,48
25.032715,25.029406,0.2688809,0.30556753,0.7637329,1,1,0,0.0107421875,0.012207031,25.032715,28,222,0,0,255,2,0,1782505554.927453,48
25.025148,25.014137,0.5741557,0.47041574,0.75183105,1,1,0,0.022949219,0.018798828,25.025146,29,222,1,0,255,2,0,1782505554.927453,48
25.028566,25.018692,0.52231663,0.47048,0.8710022,1,1,0,0.020874023,0.018798828,25.028564,29,222,1,0,255,2,0,1782505554.927453,48
25.035645,25.026798,0.47052994,0.4706131,0.6559143,1,1,0,0.018798828,0.018798828,25.035645,29,222,1,0,255,2,0,1782505554.927453,48
25.035156,25.027258,0.41705772,0.4706039,1.316742,1,1,0,0.016662598,0.018798828,25.035156,29,222,1,0,255,2,0,1782505554.927453,48
25.037844,25.0321,0.2597418,0.46912643,0.6826477,1,1,0,0.010375977,0.018737793,25.037842,29,222,1,0,255,2,0,1782505554.927453,48
25.035156,25.02755,0.5729352,0.22920051,0.91000366,1,1,0,0.022888184,0.009155273,25.035156,31,222,1,0,255,2,0,1782505554.927453,48
25.035643,25.029173,0.5210071,0.22920498,0.68673706,1,1,0,0.020812988,0.009155273,25.035645,31,222,1,0,255,2,0,1782505554.927453,48
25.032959,25.027515,0.46901527,0.2291804,0.9788208,1,1,0,0.018737793,0.009155273,25.032959,31,222,1,0,255,2,0,1782505554.927453,48
25.032957,25.02846,0.41554976,0.2291804,0.91412354,1,1,0,0.016601562,0.009155273,25.032959,31,222,1,0,255,2,0,1782505554.927453,48
25.027344,25.023655,0.36352834,0.22912899,0.78985596,1,1,0,0.014526367,0.009155273,25.027344,31,222,1,0,255,2,0,1782505554.927453,48
25.026367,25.023378,0.3115865,0.22912005,0.78778076,1,1,0,0.012451172,0.009155273,25.026367,31,222,1,0,255,2,0,1782505554.927453,48
25.030762,25.028381,0.25817546,0.22916028,0.77752686,1,1,0,0.010314941,0.009155273,25.030762,31,222,1,0,255,2,0,1782505554.927453,48
25.03418,25.024881,0.5866281,0.3483648,0.82006836,1,1,0,0.0234375,0.013916016,25.03418,60,222,0,0,255,2,0,1782505554.927453,48
25.032715,25.02457,0.5331358,0.35139987,0.84002686,1,1,0,0.02130127,0.014038086,25.032715,60,222,0,0,255,2,0,1782505554.927453,48
25.029055,25.022026,0.48113462,0.34676594,0.7550659,1,1,0,0.019226074,0.0138549805,25.029053,60,222,0,0,255,2,0,1782505554.927453,48
25.03003,25.023882,0.4292237,0.35136217,0.83047485,1,1,0,0.017150879,0.014038086,25.03003,60,222,0,0,255,2,0,1782505554.927453,48
25.03125,25.025919,0.3757836,0.35443458,0.84695435,1,1,0,0.015014648,0.014160156,25.03125,60,222,0,0,255,2,0,1782505554.927453,48
25.03296,25.02829,0.32387045,0.35904196,0.8972168,1,1,0,0.012939453,0.014343262,25.032959,60,222,0,0,255,2,0,1782505554.927453,48
25.03125,25.02717,0.2703846,0.3620727,0.7940674,1,1,0,0.010803223,0.014465332,25.03125,60,222,0,0,255,2,0,1782505554.927453,48
25.030762,25.01796,0.5757713,0.55605763,0.8422241,1,1,0,0.023010254,0.022216797,25.030762,61,222,1,0,255,2,0,1782505554.927453,48
25.036863,25.025133,0.5239792,0.5592487,1.1883545,1,1,0,0.020935059,0.022338867,25.036865,61,222,1,0,255,2,0,1782505554.927453,48
25.026367,25.016453,0.41840494,0.5666497,0.734375,1,1,0,0.016723633,0.022644043,25.026367,61,222,1,0,255,2,0,1782505554.927453,48
25.02637,25.017199,0.36648908,0.5697039,0.7374573,1,1,0,0.0146484375,0.022766113,25.026367,61,222,1,0,255,2,0,1782505554.927453,48
25.031738,25.023188,0.31311163,0.5744084,1.0558777,1,1,0,0.012512207,0.022949219,25.031738,61,222,1,0,255,2,0,1782505554.927453,48
25.028563,25.02054,0.26114917,0.57739,0.7816162,1,1,0,0.010437012,0.023071289,25.028564,61,222,1,0,255,2,0,1782505554.927453,48
25.03125,25.020756,0.48416564,0.5392668,0.71691895,1,1,0,0.019348145,0.02154541,25.03125,26,223,0,0,255,2,0,1782505555.027775,49
25.032715,25.02407,0.37881124,0.53777087,0.664917,1,1,0,0.015136719,0.021484375,25.032715,26,223,0,0,255,2,0,1782505555.027775,49
25.028074,25.020807,0.27337053,0.5376712,0.6362915,1,1,0,0.010925293,0.021484375,25.028076,26,223,0,0,255,2,0,1782505555.027775,49
25.028074,25.02132,0.22144692,0.5376712,0.7897339,1,1,0,0.008850098,0.021484375,25.028076,26,223,0,0,255,2,0,1782505555.027775,49
25.03247,25.029129,0.27193362,0.30556455,0.86343384,1,1,0,0.010864258,0.012207031,25.03247,28,223,0,0,255,2,0,1782505555.027775,49
25.032959,25.021875,0.57738936,0.4705626,0.8668823,1,1,0,0.023071289,0.018798828,25.032959,29,223,1,0,255,2,0,1782505555.027775,49
25.032957,25.0272,0.2612187,0.46903494,0.9572754,1,1,0,0.010437012,0.018737793,25.032959,29,223,1,0,255,2,0,1782505555.027775,49
25.033447,25.025665,0.5805334,0.22918487,0.6589966,1,1,0,0.02319336,0.009155273,25.033447,31,223,1,0,255,2,0,1782505555.027775,49
25.026367,25.01977,0.5269224,0.22912005,0.8668823,1,1,0,0.021057129,0.009155273,25.026367,31,223,1,0,255,2,0,1782505555.027775,49
25.029541,25.023983,0.47506064,0.2291491,0.7949829,1,1,0,0.018981934,0.009155273,25.029541,31,223,1,0,255,2,0,1782505555.027775,49
25.025146,25.020548,0.42152858,0.22910887,0.92440796,1,1,0,0.016845703,0.009155273,25.025146,31,223,1,0,255,2,0,1782505555.027775,49
25.029541,25.025763,0.3696701,0.2291491,0.846344,1,1,0,0.014770508,0.009155273,25.029541,31,223,1,0,255,2,0,1782505555.027775,49
25.025146,25.022081,0.3176802,0.22910887,0.8915405,1,1,0,0.0126953125,0.009155273,25.025146,31,223,1,0,255,2,0,1782505555.027775,49
25.027344,25.0249,0.26424977,0.22912899,0.87509155,1,1,0,0.010559082,0.009155273,25.027344,31,223,1,0,255,2,0,1782505555.027775,49
25.032225,25.022907,0.58658177,0.3498653,0.85562134,1,1,0,0.0234375,0.013977051,25.032227,60,223,0,0,255,2,0,1782505555.027775,49
25.026125,25.01796,0.53299487,0.35283464,1.0437317,1,1,0,0.02130127,0.014099121,25.026123,60,223,0,0,255,2,0,1782505555.027775,49
25.03125,25.024223,0.48117685,0.3467964,0.7914734,1,1,0,0.019226074,0.0138549805,25.03125,60,223,0,0,255,2,0,1782505555.027775,49
25.029053,25.022905,0.42920694,0.35134846,0.71691895,1,1,0,0.017150879,0.014038086,25.029053,60,223,0,0,255,2,0,1782505555.027775,49
25.031006,25.025675,0.37577993,0.35443112,0.71343994,1,1,0,0.015014648,0.014160156,25.031006,60,223,0,0,255,2,0,1782505555.027775,49
25.032227,25.027557,0.32386097,0.35903147,0.83654785,1,1,0,0.012939453,0.014343262,25.032227,60,223,0,0,255,2,0,1782505555.027775,49
25.028074,25.023996,0.2703503,0.3620268,0.81573486,1,1,0,0.010803223,0.014465332,25.028076,60,223,0,0,255,2,0,1782505555.027775,49
25.041258,25.028452,0.57601273,0.5562908,0.7998352,1,1,0,0.023010254,0.022216797,25.04126,61,223,1,0,255,2,0,1782505555.027775,49
25.030762,25.019033,0.52385145,0.55911237,1.1277771,1,1,0,0.020935059,0.022338867,25.030762,61,223,1,0,255,2,0,1782505555.027775,49
25.023926,25.014723,0.3664528,0.5711753,0.67276,1,1,0,0.0146484375,0.022827148,25.023926,61,223,1,0,255,2,0,1782505555.027775,49
25.02295,25.014402,0.3130017,0.57420677,0.7600708,1,1,0,0.012512207,0.022949219,25.02295,61,223,1,0,255,2,0,1782505555.027775,49
25.03003,25.018576,0.53300804,0.53771317,0.70825195,1,1,0,0.02130127,0.021484375,25.03003,26,224,0,0,255,2,0,1782505555.1274064,50
25.027098,25.016699,0.4810322,0.5376502,0.7455139,1,1,0,0.019226074,0.021484375,25.0271,26,224,0,0,255,2,0,1782505555.1274064,50
25.026123,25.017527,0.3756576,0.53762925,0.73599243,1,1,0,0.015014648,0.021484375,25.026123,26,224,0,0,255,2,0,1782505555.1274064,50
25.029053,25.021181,0.32377845,0.5376922,0.73599243,1,1,0,0.012939453,0.021484375,25.029053,26,224,0,0,255,2,0,1782505555.1274064,50
25.032957,25.025349,0.53620857,0.3055705,0.69351196,1,1,0,0.02142334,0.012207031,25.032959,28,224,0,0,255,2,0,1782505555.1274064,50
25.035156,25.028606,0.4843175,0.30559734,1.1295471,1,1,0,0.019348145,0.012207031,25.035156,28,224,0,0,255,2,0,1782505555.1274064,50
25.03247,25.027739,0.37886676,0.30556455,0.7732544,1,1,0,0.015136719,0.012207031,25.03247,28,224,0,0,255,2,0,1782505555.1274064,50
25.025145,25.021788,0.27338123,0.30547515,0.71084595,1,1,0,0.010925293,0.012207031,25.025146,28,224,0,0,255,2,0,1782505555.1274064,50
25.032959,25.030113,0.22152473,0.3055705,0.8703613,1,1,0,0.008850098,0.012207031,25.032959,28,224,0,0,255,2,0,1782505555.1274064,50
25.043455,25.032331,0.5791593,0.47075993,0.9273071,1,1,0,0.023132324,0.018798828,25.043457,29,224,1,0,255,2,0,1782505555.1274064,50
25.041258,25.031284,0.52716494,0.47071862,0.78134155,1,1,0,0.021057129,0.018798828,25.04126,29,224,1,0,255,2,0,1782505555.1274064,50
25.035158,25.026253,0.4735757,0.4706039,1.0065613,1,1,0,0.018920898,0.018798828,25.035156,29,224,1,0,255,2,0,1782505555.1274064,50
25.018314,25.010344,0.42135665,0.47028723,0.6347656,1,1,0,0.016845703,0.018798828,25.01831,29,224,1,0,255,2,0,1782505555.1274064,50
25.035645,25.028513,0.36818278,0.4706131,0.71655273,1,1,0,0.014709473,0.018798828,25.035645,29,224,1,0,255,2,0,1782505555.1274064,50
25.025148,25.01936,0.26419127,0.46888855,0.86276245,1,1,0,0.010559082,0.018737793,25.025146,29,224,1,0,255,2,0,1782505555.1274064,50
25.027342,25.019619,0.5773373,0.23065646,0.75390625,1,1,0,0.023071289,0.009216309,25.027344,31,224,1,0,255,2,0,1782505555.1274064,50
25.034666,25.028131,0.524042,0.22919604,1.0137634,1,1,0,0.020935059,0.009155273,25.034668,31,224,1,0,255,2,0,1782505555.1274064,50
25.01831,25.012812,0.47179416,0.22904629,0.61935425,1,1,0,0.018859863,0.009155273,25.01831,31,224,1,0,255,2,0,1782505555.1274064,50
25.032715,25.023338,0.58812004,0.35139987,0.85562134,1,1,0,0.023498535,0.014038086,25.032715,60,224,0,0,255,2,0,1782505555.1274064,50
25.032957,25.024715,0.53466696,0.3559865,0.85562134,1,1,0,0.021362305,0.014221191,25.032959,60,224,0,0,255,2,0,1782505555.1274064,50
25.033934,25.027739,0.43081784,0.3529448,0.7533264,1,1,0,0.017211914,0.014099121,25.033936,60,224,0,0,255,2,0,1782505555.1274064,50
25.03247,25.027073,0.37732884,0.35750726,0.72732544,1,1,0,0.015075684,0.014282227,25.03247,60,224,0,0,255,2,0,1782505555.1274064,50
25.03003,25.025318,0.3253597,0.36052752,0.7619934,1,1,0,0.013000488,0.014404297,25.03003,60,224,0,0,255,2,0,1782505555.1274064,50
25.031982,25.027826,0.27344722,0.36513865,0.84436035,1,1,0,0.010925293,0.014587402,25.031982,60,224,0,0,255,2,0,1782505555.1274064,50
25.03003,25.026354,0.21996386,0.36816525,1.0212097,1,1,0,0.0087890625,0.014709473,25.03003,60,224,0,0,255,2,0,1782505555.1274064,50
25.026367,25.013498,0.57719606,0.55748713,0.80526733,1,1,0,0.023071289,0.022277832,25.026367,61,224,1,0,255,2,0,1782505555.1274064,50
25.03882,25.027954,0.4736079,0.56540376,0.7648926,1,1,0,0.018920898,0.022583008,25.038818,61,224,1,0,255,2,0,1782505555.1274064,50
25.027344,25.018686,0.31610984,0.5773618,0.7816162,1,1,0,0.012634277,0.023071289,25.027344,61,224,1,0,255,2,0,1782505555.1274064,50
25.026367,25.01826,0.2626525,0.5803935,0.86276245,1,1,0,0.010498047,0.02319336,25.026367,61,224,1,0,255,2,0,1782505555.1274064,50
25.033445,25.022024,0.5315536,0.5377866,0.72732544,1,1,0,0.021240234,0.021484375,25.033447,26,225,0,0,255,2,0,1782505555.227904,51
25.022215,25.012789,0.42750624,0.5375453,0.72906494,1,1,0,0.017089844,0.021484375,25.022217,26,225,0,0,255,2,0,1782505555.227904,51
25.032715,25.02414,0.3742292,0.53777087,0.72473145,1,1,0,0.014953613,0.021484375,25.032715,26,225,0,0,255,2,0,1782505555.227904,51
25.028074,25.020226,0.32223874,0.5376712,0.635437,1,1,0,0.012878418,0.021484375,25.028076,26,225,0,0,255,2,0,1782505555.227904,51
25.032957,25.025738,0.2688415,0.5377761,0.7455139,1,1,0,0.0107421875,0.021484375,25.032959,26,225,0,0,255,2,0,1782505555.227904,51
25.02124,25.012505,0.586338,0.30542746,0.6770325,1,1,0,0.0234375,0.012207031,25.02124,28,225,0,0,255,2,0,1782505555.227904,51
25.034424,25.030464,0.32389858,0.3055884,0.7879944,1,1,0,0.012939453,0.012207031,25.034424,28,225,0,0,255,2,0,1782505555.227904,51
25.033205,25.029861,0.27194157,0.3055735,0.7914734,1,1,0,0.010864258,0.012207031,25.033203,28,225,0,0,255,2,0,1782505555.227904,51
25.034668,25.02476,0.5239714,0.47059473,0.8360596,1,1,0,0.020935059,0.018798828,25.034668,29,225,1,0,255,2,0,1782505555.227904,51
25.029541,25.021595,0.4200186,0.47049835,0.75491333,1,1,0,0.016784668,0.018798828,25.029541,29,225,1,0,255,2,0,1782505555.227904,51
25.031738,25.025337,0.3146662,0.47053966,0.84017944,1,1,0,0.012573242,0.018798828,25.031738,29,225,1,0,255,2,0,1782505555.227904,51
25.031738,25.025951,0.26120564,0.47053966,0.99731445,1,1,0,0.010437012,0.018798828,25.031738,29,225,1,0,255,2,0,1782505555.227904,51
25.023926,25.016253,0.57573193,0.2290977,0.6604309,1,1,0,0.023010254,0.009155273,25.023926,31,225,1,0,255,2,0,1782505555.227904,51
25.015137,25.01059,0.4183069,0.22901723,0.6491394,1,1,0,0.016723633,0.009155273,25.015137,31,225,1,0,255,2,0,1782505555.227904,51
25.031252,25.023159,0.5346337,0.34526873,0.7619934,1,1,0,0.021362305,0.013793945,25.03125,60,225,0,0,255,2,0,1782505555.227904,51
25.026123,25.019024,0.48260447,0.34978,0.68743896,1,1,0,0.01928711,0.013977051,25.026123,60,225,0,0,255,2,0,1782505555.227904,51
25.027098,25.02093,0.42917305,0.3528484,0.7914734,1,1,0,0.017150879,0.014099121,25.0271,60,225,0,0,255,2,0,1782505555.227904,51
25.03247,25.02778,0.32386383,0.36056265,0.7828064,1,1,0,0.012939453,0.014404297,25.03247,60,225,0,0,255,2,0,1782505555.227904,51
25.027102,25.02296,0.2718666,0.36506742,0.8070679,1,1,0,0.010864258,0.014587402,25.0271,60,225,0,0,255,2,0,1782505555.227904,51
25.035645,25.022772,0.57741004,0.5576938,0.7463684,1,1,0,0.023071289,0.022277832,25.035645,61,225,1,0,255,2,0,1782505555.227904,51
25.036375,25.024544,0.52549493,0.56229323,1.0897522,1,1,0,0.020996094,0.022460938,25.036377,61,225,1,0,255,2,0,1782505555.227904,51
25.028564,25.017733,0.47188696,0.5651722,0.7569885,1,1,0,0.018859863,0.022583008,25.028564,61,225,1,0,255,2,0,1782505555.227904,51
25.029541,25.01953,0.41998395,0.5697761,0.68096924,1,1,0,0.016784668,0.022766113,25.029541,61,225,1,0,255,2,0,1782505555.227904,51
25.03662,25.027376,0.36663818,0.57299274,0.72787476,1,1,0,0.0146484375,0.022888184,25.036621,61,225,1,0,255,2,0,1782505555.227904,51
25.038818,25.030176,0.31472704,0.5776266,0.77926636,1,1,0,0.012573242,0.023071289,25.038818,61,225,1,0,255,2,0,1782505555.227904,51
25.028564,25.020454,0.26267555,0.58044446,0.77853394,1,1,0,0.010498047,0.02319336,25.028564,61,225,1,0,255,2,0,1782505555.227904,51
25.028074,25.015392,0.5879333,0.5376712,1.0454712,1,1,0,0.023498535,0.021484375,25.028076,26,226,0,0,255,2,0,1782505555.3273888,52
25.028078,25.016592,0.5344934,0.5376712,1.1235046,1,1,0,0.021362305,0.021484375,25.028076,26,226,0,0,255,2,0,1782505555.3273888,52
25.034182,25.023748,0.4826956,0.53780234,0.9189148,1,1,0,0.01928711,0.021484375,25.03418,26,226,0,0,255,2,0,1782505555.3273888,52
25.03418,25.024694,0.43076545,0.53780234,0.73599243,1,1,0,0.017211914,0.021484375,25.03418,26,226,0,0,255,2,0,1782505555.3273888,52
25.031738,25.024994,0.21995191,0.5377499,0.73599243,1,1,0,0.0087890625,0.021484375,25.031738,26,226,0,0,255,2,0,1782505555.3273888,52
25.02905,25.023506,0.42921725,0.30552283,0.69610596,1,1,0,0.017150879,0.012207031,25.029053,28,226,0,0,255,2,0,1782505555.3273888,52
25.031494,25.027514,0.32538822,0.30555263,0.7342529,1,1,0,0.013000488,0.012207031,25.031494,28,226,0,0,255,2,0,1782505555.3273888,52
25.026123,25.02329,0.21993695,0.30548707,0.7992859,1,1,0,0.0087890625,0.012207031,25.026123,28,226,0,0,255,2,0,1782505555.3273888,52
25.029543,25.019604,0.52539116,0.47049835,0.7723999,1,1,0,0.020996094,0.018798828,25.029541,29,226,1,0,255,2,0,1782505555.3273888,52
25.034424,25.025549,0.47203442,0.47059014,0.74328613,1,1,0,0.018859863,0.018798828,25.034424,29,226,1,0,255,2,0,1782505555.3273888,52
25.027344,25.019398,0.41998172,0.47045705,0.9880676,1,1,0,0.016784668,0.018798828,25.027344,29,226,1,0,255,2,0,1782505555.3273888,52
25.035156,25.03058,0.42016944,0.22920051,1.0835876,1,1,0,0.016784668,0.009155273,25.035156,31,226,1,0,255,2,0,1782505555.3273888,52
25.025146,25.022718,0.26269934,0.22910887,0.807312,1,1,0,0.010498047,0.009155273,25.025146,31,226,1,0,255,2,0,1782505555.3273888,52
25.032227,25.023014,0.58199996,0.3498653,0.7472534,1,1,0,0.023254395,0.013977051,25.032227,60,226,0,0,255,2,0,1782505555.3273888,52
25.034178,25.027195,0.47664973,0.3498926,0.7732544,1,1,0,0.019042969,0.013977051,25.03418,60,226,0,0,255,2,0,1782505555.3273888,52
25.027098,25.021008,0.42459154,0.3528484,0.81747437,1,1,0,0.016967773,0.014099121,25.0271,60,226,0,0,255,2,0,1782505555.3273888,52
25.032715,25.027388,0.37274987,0.35751075,0.69525146,1,1,0,0.014892578,0.014282227,25.032715,60,226,0,0,255,2,0,1782505555.3273888,52
25.03247,25.027815,0.31928083,0.36209038,1.2093201,1,1,0,0.012756348,0.014465332,25.03247,60,226,0,0,255,2,0,1782505555.3273888,52
25.03125,25.027159,0.26732907,0.36512798,0.8088074,1,1,0,0.010681152,0.014587402,25.03125,60,226,0,0,255,2,0,1782505555.3273888,52
25.034424,25.021656,0.5728003,0.5576666,0.7494507,1,1,0,0.022888184,0.022277832,25.034424,61,226,1,0,255,2,0,1782505555.3273888,52
25.033447,25.021744,0.5193246,0.5622274,0.7515259,1,1,0,0.020751953,0.022460938,25.033447,61,226,1,0,255,2,0,1782505555.3273888,52
25.028809,25.018063,0.46731064,0.56517774,0.66516113,1,1,0,0.018676758,0.022583008,25.028809,61,226,1,0,255,2,0,1782505555.3273888,52
25.043455,25.033516,0.41563368,0.5700929,0.8882446,1,1,0,0.016601562,0.022766113,25.043457,61,226,1,0,255,2,0,1782505555.3273888,52
25.031738,25.022564,0.3619849,0.572881,0.8093567,1,1,0,0.014465332,0.022888184,25.031738,61,226,1,0,255,2,0,1782505555.3273888,52
25.034424,25.02584,0.31008947,0.5775252,0.66104126,1,1,0,0.012390137,0.023071289,25.034424,61,226,1,0,255,2,0,1782505555.3273888,52
25.030764,25.0227,0.25811684,0.5804954,0.868927,1,1,0,0.010314941,0.02319336,25.030762,61,226,1,0,255,2,0,1782505555.3273888,52
25.03247,25.02298,0.42920822,0.5392931,1.1217651,1,1,0,0.017150879,0.02154541,25.03247,26,227,0,0,255,2,0,1782505555.4274347,53
25.031006,25.023752,0.2718752,0.53773415,0.6371765,1,1,0,0.010864258,0.021484375,25.031006,26,227,0,0,255,2,0,1782505555.4274347,53
25.031738,25.024195,0.5331277,0.3055556,1.2041016,1,1,0,0.02130127,0.012207031,25.031738,28,227,0,0,255,2,0,1782505555.4274347,53
25.02905,25.025112,0.3223017,0.30552283,0.72906494,1,1,0,0.012878418,0.012207031,25.029053,28,227,0,0,255,2,0,1782505555.4274347,53
25.03125,25.027924,0.27039275,0.30554965,0.70825195,1,1,0,0.010803223,0.012207031,25.03125,28,227,0,0,255,2,0,1782505555.4274347,53
25.03882,25.027767,0.57599694,0.47067273,1.0239563,1,1,0,0.023010254,0.018798828,25.038818,29,227,1,0,255,2,0,1782505555.4274347,53
25.029543,25.020699,0.47041523,0.47049835,0.75491333,1,1,0,0.018798828,0.018798828,25.029541,29,227,1,0,255,2,0,1782505555.4274347,53
25.033447,25.025524,0.41855666,0.4705718,0.71347046,1,1,0,0.016723633,0.018798828,25.033447,29,227,1,0,255,2,0,1782505555.4274347,53
25.030762,25.025003,0.26119575,0.46899378,1.059967,1,1,0,0.010437012,0.018737793,25.030762,29,227,1,0,255,2,0,1782505555.4274347,53
25.04004,25.03229,0.57915837,0.22924522,1.0075073,1,1,0,0.023132324,0.009155273,25.04004,31,227,1,0,255,2,0,1782505555.4274347,53
25.031004,25.024439,0.5254927,0.22916251,0.6929016,1,1,0,0.020996094,0.009155273,25.031006,31,227,1,0,255,2,0,1782505555.4274347,53
25.036623,25.031092,0.47366726,0.22921392,0.7731018,1,1,0,0.018920898,0.009155273,25.036621,31,227,1,0,255,2,0,1782505555.4274347,53
25.03589,25.032131,0.368236,0.22920722,1.0178528,1,1,0,0.014709473,0.009155273,25.035889,31,227,1,0,255,2,0,1782505555.4274347,53
25.031738,25.028692,0.31623626,0.22916922,0.9408264,1,1,0,0.012634277,0.009155273,25.031738,31,227,1,0,255,2,0,1782505555.4274347,53
25.028564,25.026121,0.26426268,0.22914016,0.7816162,1,1,0,0.010559082,0.009155273,25.028564,31,227,1,0,255,2,0,1782505555.4274347,53
25.031738,25.023634,0.5361718,0.34374782,0.7619934,1,1,0,0.02142334,0.01373291,25.031738,60,227,0,0,255,2,0,1782505555.4274347,53
25.032228,25.02514,0.48425046,0.34680992,0.82873535,1,1,0,0.019348145,0.0138549805,25.032227,60,227,0,0,255,2,0,1782505555.4274347,53
25.031982,25.026606,0.3788496,0.35444495,0.81747437,1,1,0,0.015136719,0.014160156,25.031982,60,227,0,0,255,2,0,1782505555.4274347,53
25.027098,25.02241,0.32532188,0.35895795,0.7914734,1,1,0,0.013000488,0.014343262,25.0271,60,227,0,0,255,2,0,1782505555.4274347,53
25.029053,25.02494,0.27341568,0.36204094,0.7828064,1,1,0,0.010925293,0.014465332,25.029053,60,227,0,0,255,2,0,1782505555.4274347,53
25.031006,25.02734,0.22150019,0.366652,0.82528687,1,1,0,0.008850098,0.0146484375,25.031006,60,227,0,0,255,2,0,1782505555.4274347,53
25.034424,25.02155,0.5789099,0.556139,0.5623474,1,1,0,0.023132324,0.022216797,25.034424,61,227,1,0,255,2,0,1782505555.4274347,53
25.030762,25.018969,0.52690554,0.55911237,0.8792114,1,1,0,0.021057129,0.022338867,25.030762,61,227,1,0,255,2,0,1782505555.4274347,53
25.029541,25.018715,0.47343305,0.563667,0.92645264,1,1,0,0.018920898,0.022521973,25.029541,61,227,1,0,255,2,0,1782505555.4274347,53
25.026367,25.016401,0.42145872,0.5666497,0.87509155,1,1,0,0.016845703,0.022644043,25.026367,61,227,1,0,255,2,0,1782505555.4274347,53
25.03296,25.023731,0.36811242,0.57138145,0.8812561,1,1,0,0.014709473,0.022827148,25.032959,61,227,1,0,255,2,0,1782505555.4274347,53
25.02295,25.01486,0.26414376,0.5787873,0.6871338,1,1,0,0.010559082,0.023132324,25.02295,61,227,1,0,255,2,0,1782505555.4274347,53
25.033936,25.021322,0.58348864,0.5393247,0.8070679,1,1,0,0.02331543,0.02154541,25.033936,26,228,0,0,255,2,0,1782505555.5277283,54
25.03247,25.021017,0.53153217,0.5392931,0.6475525,1,1,0,0.021240234,0.02154541,25.03247,26,228,0,0,255,2,0,1782505555.5277283,54
25.042723,25.033281,0.42632818,0.539514,0.7203064,1,1,0,0.017028809,0.02154541,25.042725,26,228,0,0,255,2,0,1782505555.5277283,54
25.034424,25.025871,0.3727273,0.5378076,0.7342529,1,1,0,0.014892578,0.021484375,25.034424,26,228,0,0,255,2,0,1782505555.5277283,54
25.02905,25.02122,0.3207241,0.5376922,0.7680664,1,1,0,0.012817383,0.021484375,25.029053,26,228,0,0,255,2,0,1782505555.5277283,54
25.03247,25.02525,0.26883626,0.5377656,0.83047485,1,1,0,0.0107421875,0.021484375,25.03247,26,228,0,0,255,2,0,1782505555.5277283,54
25.03003,25.022486,0.53309137,0.30553475,0.8998413,1,1,0,0.02130127,0.012207031,25.03003,28,228,0,0,255,2,0,1782505555.5277283,54
25.034178,25.027687,0.4812435,0.3055854,0.7307739,1,1,0,0.019226074,0.012207031,25.03418,28,228,0,0,255,2,0,1782505555.5277283,54
25.026121,25.021437,0.3757163,0.30548707,0.95443726,1,1,0,0.015014648,0.012207031,25.026123,28,228,0,0,255,2,0,1782505555.5277283,54
25.033937,25.029976,0.32389227,0.30558243,0.73773193,1,1,0,0.012939453,0.012207031,25.033936,28,228,0,0,255,2,0,1782505555.5277283,54
25.029541,25.018494,0.57578355,0.47049835,1.0363464,1,1,0,0.023010254,0.018798828,25.029541,29,228,1,0,255,2,0,1782505555.5277283,54
25.030762,25.022867,0.41851225,0.46899378,0.85250854,1,1,0,0.016723633,0.018737793,25.030762,29,228,1,0,255,2,0,1782505555.5277283,54
25.032957,25.025337,0.57288456,0.23070821,1.0835876,1,1,0,0.022888184,0.009216309,25.032959,31,228,1,0,255,2,0,1782505555.5277283,54
25.025146,25.018677,0.5207886,0.22910887,0.7425842,1,1,0,0.020812988,0.009155273,25.025146,31,228,1,0,255,2,0,1782505555.5277283,54
25.025146,25.019733,0.46734184,0.22910887,0.71795654,1,1,0,0.018676758,0.009155273,25.025146,31,228,1,0,255,2,0,1782505555.5277283,54
25.030762,25.026264,0.41551328,0.22916028,0.90179443,1,1,0,0.016601562,0.009155273,25.030762,31,228,1,0,255,2,0,1782505555.5277283,54
25.029541,25.025852,0.36356026,0.2291491,0.90179443,1,1,0,0.014526367,0.009155273,25.029541,31,228,1,0,255,2,0,1782505555.5277283,54
25.02417,25.0212,0.31003195,0.22909993,1.0784912,1,1,0,0.012390137,0.009155273,25.02417,31,228,1,0,255,2,0,1782505555.5277283,54
25.020264,25.017883,0.25806716,0.22906417,0.89071655,1,1,0,0.010314941,0.009155273,25.020264,31,228,1,0,255,2,0,1782505555.5277283,54
25.0271,25.017803,0.5864622,0.34826627,0.7342529,1,1,0,0.0234375,0.013916016,25.0271,60,228,0,0,255,2,0,1782505555.5277283,54
25.029053,25.023678,0.37727764,0.35593095,0.7420654,1,1,0,0.015075684,0.014221191,25.029053,60,228,0,0,255,2,0,1782505555.5277283,54
25.03247,25.028353,0.27192518,0.36361808,0.7680664,1,1,0,0.010864258,0.014526367,25.03247,60,228,0,0,255,2,0,1782505555.5277283,54
25.034424,25.021551,0.57738185,0.5576666,0.59628296,1,1,0,0.023071289,0.022277832,25.034424,61,228,1,0,255,2,0,1782505555.5277283,54
25.025143,25.013384,0.5237332,0.560514,0.80526733,1,1,0,0.020935059,0.022399902,25.025146,61,228,1,0,255,2,0,1782505555.5277283,54
25.042234,25.031397,0.47214475,0.56548095,0.7998352,1,1,0,0.018859863,0.022583008,25.042236,61,228,1,0,255,2,0,1782505555.5277283,54
25.025146,25.015173,0.4199108,0.5681491,0.77752686,1,1,0,0.016784668,0.022705078,25.025146,61,228,1,0,255,2,0,1782505555.5277283,54
25.028805,25.019566,0.36652377,0.5728139,0.657959,1,1,0,0.0146484375,0.022888184,25.028809,61,228,1,0,255,2,0,1782505555.5277283,54
25.025389,25.016787,0.31455868,0.5757898,0.6147766,1,1,0,0.012573242,0.023010254,25.02539,61,228,1,0,255,2,0,1782505555.5277283,54
25.02295,25.014856,0.26108986,0.5803142,0.78060913,1,1,0,0.010437012,0.02319336,25.02295,61,228,1,0,255,2,0,1782505555.5277283,54
25.028074,25.01862,0.42913342,0.5376712,0.7958069,1,1,0,0.017150879,0.021484375,25.028076,26,229,0,0,255,2,0,1782505555.627563,55
25.03247,25.02385,0.37728024,0.5377656,0.7958069,1,1,0,0.015075684,0.021484375,25.03247,26,229,0,0,255,2,0,1782505555.627563,55
25.032713,25.027166,0.42928004,0.30556753,0.7472534,1,1,0,0.017150879,0.012207031,25.032715,28,229,0,0,255,2,0,1782505555.627563,55
25.037842,25.026756,0.577502,0.47065437,0.7905884,1,1,0,0.023071289,0.018798828,25.037842,29,229,1,0,255,2,0,1782505555.627563,55
25.02539,25.01652,0.4718641,0.47042033,0.62506104,1,1,0,0.018859863,0.018798828,25.02539,29,229,1,0,255,2,0,1782505555.627563,55
25.038818,25.03107,0.5791301,0.22923404,0.6959839,1,1,0,0.023132324,0.009155273,25.038818,31,229,1,0,255,2,0,1782505555.627563,55
25.031738,25.026209,0.47357488,0.22916922,0.92233276,1,1,0,0.018920898,0.009155273,25.031738,31,229,1,0,255,2,0,1782505555.627563,55
25.028564,25.025518,0.31619614,0.22914016,0.85250854,1,1,0,0.012634277,0.009155273,25.028564,31,229,1,0,255,2,0,1782505555.627563,55
25.025146,25.022717,0.26422673,0.2275815,0.8319702,1,1,0,0.010559082,0.009094238,25.025146,31,229,1,0,255,2,0,1782505555.627563,55
25.03003,25.02071,0.5865303,0.3498346,0.7455139,1,1,0,0.0234375,0.013977051,25.03003,60,229,0,0,255,2,0,1782505555.627563,55
25.032715,25.024643,0.5346654,0.34376124,0.86776733,1,1,0,0.021362305,0.01373291,25.032715,60,229,0,0,255,2,0,1782505555.627563,55
25.0271,25.020052,0.48109666,0.34826627,0.8027344,1,1,0,0.019226074,0.013916016,25.0271,60,229,0,0,255,2,0,1782505555.627563,55
25.031738,25.02559,0.42925298,0.35138616,0.679657,1,1,0,0.017150879,0.014038086,25.031738,60,229,0,0,255,2,0,1782505555.627563,55
25.032469,25.027092,0.37732914,0.35597956,0.7793274,1,1,0,0.015075684,0.014221191,25.03247,60,229,0,0,255,2,0,1782505555.627563,55
25.032717,25.028046,0.3238673,0.35903847,1.0047302,1,1,0,0.012939453,0.014343262,25.032715,60,229,0,0,255,2,0,1782505555.627563,55
25.027102,25.022984,0.27186686,0.36354005,0.8764343,1,1,0,0.010864258,0.014526367,25.0271,60,229,0,0,255,2,0,1782505555.627563,55
25.033936,25.030283,0.2199984,0.36669493,0.7568054,1,1,0,0.0087890625,0.0146484375,25.033936,60,229,0,0,255,2,0,1782505555.627563,55
25.033447,25.020609,0.57736015,0.5561173,0.72888184,1,1,0,0.023071289,0.022216797,25.033447,61,229,1,0,255,2,0,1782505555.627563,55
25.036377,25.02461,0.5239683,0.5607655,1.1339417,1,1,0,0.020935059,0.022399902,25.036377,61,229,1,0,255,2,0,1782505555.627563,55
25.026367,25.01557,0.4718462,0.56359553,0.7867737,1,1,0,0.018859863,0.022521973,25.026367,61,229,1,0,255,2,0,1782505555.627563,55
25.035645,25.025667,0.42008695,0.56838745,0.71450806,1,1,0,0.016784668,0.022705078,25.035645,61,229,1,0,255,2,0,1782505555.627563,55
25.031006,25.0218,0.3665565,0.57133687,0.63430786,1,1,0,0.0146484375,0.022827148,25.031006,61,229,1,0,255,2,0,1782505555.627563,55
25.029541,25.020937,0.31461087,0.5758853,0.8196411,1,1,0,0.012573242,0.023010254,25.029541,61,229,1,0,255,2,0,1782505555.627563,55
25.023928,25.015854,0.26262724,0.5788099,0.79293823,1,1,0,0.010498047,0.023132324,25.023926,61,229,1,0,255,2,0,1782505555.627563,55
25.033447,25.0208,0.5850044,0.53931415,0.69610596,1,1,0,0.023376465,0.02154541,25.033447,26,230,0,0,255,2,0,1782505555.7273219,56
25.034424,25.024992,0.42771482,0.5378076,1.0081787,1,1,0,0.017089844,0.021484375,25.034424,26,230,0,0,255,2,0,1782505555.7273219,56
25.032959,25.024384,0.37423286,0.5377761,0.7845459,1,1,0,0.014953613,0.021484375,25.032959,26,230,0,0,255,2,0,1782505555.7273219,56
25.031738,25.022963,0.5881112,0.3055556,0.81747437,1,1,0,0.023498535,0.012207031,25.031738,28,230,0,0,255,2,0,1782505555.7273219,56
25.033201,25.027655,0.42928842,0.3055735,0.97872925,1,1,0,0.017150879,0.012207031,25.033203,28,230,0,0,255,2,0,1782505555.7273219,56
25.031006,25.027025,0.32538188,0.30554667,0.8088074,1,1,0,0.013000488,0.012207031,25.031006,28,230,0,0,255,2,0,1782505555.7273219,56
25.028074,25.025244,0.2199541,0.3055109,0.6926575,1,1,0,0.0087890625,0.012207031,25.028076,28,230,0,0,255,2,0,1782505555.7273219,56
25.029543,25.022413,0.36809304,0.47049835,0.9665222,1,1,0,0.014709473,0.018798828,25.029541,29,230,1,0,255,2,0,1782505555.7273219,56
25.025145,25.017422,0.5772866,0.23063621,0.868927,1,1,0,0.023071289,0.009216309,25.025146,31,230,1,0,255,2,0,1782505555.7273219,56
25.02954,25.02404,0.47200596,0.2291491,0.87713623,1,1,0,0.018859863,0.009155273,25.029541,31,230,1,0,255,2,0,1782505555.7273219,56
25.01831,25.014578,0.3664507,0.22904629,0.7220459,1,1,0,0.0146484375,0.009155273,25.01831,31,230,1,0,255,2,0,1782505555.7273219,56
25.02173,25.019302,0.26266345,0.22907758,0.78060913,1,1,0,0.010498047,0.009155273,25.021729,31,230,1,0,255,2,0,1782505555.7273219,56
25.032717,25.023382,0.58812106,0.34834442,1.0376587,1,1,0,0.023498535,0.013916016,25.032715,60,230,0,0,255,2,0,1782505555.7273219,56
25.031984,25.02387,0.5346489,0.34680653,0.8998413,1,1,0,0.021362305,0.0138549805,25.031982,60,230,0,0,255,2,0,1782505555.7273219,56
25.031008,25.023886,0.48269826,0.35137588,0.68136597,1,1,0,0.01928711,0.014038086,25.031006,60,230,0,0,255,2,0,1782505555.7273219,56
25.026125,25.019909,0.43068305,0.35436198,0.70217896,1,1,0,0.017211914,0.014160156,25.026123,60,230,0,0,255,2,0,1782505555.7273219,56
25.031004,25.025585,0.37730643,0.35901394,0.8894348,1,1,0,0.015075684,0.014343262,25.031006,60,230,0,0,255,2,0,1782505555.7273219,56
25.027098,25.022366,0.32532132,0.36201268,0.85302734,1,1,0,0.013000488,0.014465332,25.0271,60,230,0,0,255,2,0,1782505555.7273219,56
25.031496,25.027798,0.21997656,0.36971444,0.95443726,1,1,0,0.0087890625,0.014770508,25.031494,60,230,0,0,255,2,0,1782505555.7273219,56
25.032957,25.020052,0.5773473,0.5591615,1.0435486,1,1,0,0.023071289,0.022338867,25.032959,61,230,1,0,255,2,0,1782505555.7273219,56
25.025146,25.013285,0.5252585,0.56356806,0.69226074,1,1,0,0.020996094,0.022521973,25.025146,61,230,1,0,255,2,0,1782505555.7273219,56
25.032957,25.02206,0.47349638,0.5667989,0.91207886,1,1,0,0.018920898,0.022644043,25.032959,61,230,1,0,255,2,0,1782505555.7273219,56
25.032959,25.02366,0.36811137,0.5744364,0.87509155,1,1,0,0.014709473,0.022949219,25.032959,61,230,1,0,255,2,0,1782505555.7273219,56
25.033201,25.02052,0.58652586,0.5393089,0.81399536,1,1,0,0.0234375,0.02154541,25.033203,26,231,0,0,255,2,0,1782505555.8274262,57
25.033203,25.021715,0.5330749,0.5393089,0.70739746,1,1,0,0.02130127,0.02154541,25.033203,26,231,0,0,255,2,0,1782505555.8274262,57
25.01953,25.0091,0.48088607,0.53901434,0.7533264,1,1,0,0.019226074,0.02154541,25.019531,26,231,0,0,255,2,0,1782505555.8274262,57
25.031006,25.021515,0.4291831,0.5392616,0.7828064,1,1,0,0.017150879,0.02154541,25.031006,26,231,0,0,255,2,0,1782505555.8274262,57
25.0271,25.01923,0.3237532,0.5376502,0.71606445,1,1,0,0.012939453,0.021484375,25.0271,26,231,0,0,255,2,0,1782505555.8274262,57
25.032227,25.023415,0.58965003,0.30556157,0.6926575,1,1,0,0.02355957,0.012207031,25.032227,28,231,0,0,255,2,0,1782505555.8274262,57
25.031738,25.02413,0.53618246,0.3055556,0.6805115,1,1,0,0.02142334,0.012207031,25.031738,28,231,0,0,255,2,0,1782505555.8274262,57
25.034668,25.028118,0.48430806,0.30559137,1.1312866,1,1,0,0.019348145,0.012207031,25.034668,28,231,0,0,255,2,0,1782505555.8274262,57
25.031492,25.02592,0.43078655,0.30555263,0.70825195,1,1,0,0.017211914,0.012207031,25.031494,28,231,0,0,255,2,0,1782505555.8274262,57
25.031252,25.02725,0.32691258,0.30554965,0.85910034,1,1,0,0.013061523,0.012207031,25.03125,28,231,0,0,255,2,0,1782505555.8274262,57
25.031738,25.02838,0.27345327,0.3055556,0.71084595,1,1,0,0.010925293,0.012207031,25.031738,28,231,0,0,255,2,0,1782505555.8274262,57
25.03247,25.029625,0.22152041,0.30556455,0.82354736,1,1,0,0.008850098,0.012207031,25.03247,28,231,0,0,255,2,0,1782505555.8274262,57
25.027344,25.017374,0.526872,0.47045705,0.81140137,1,1,0,0.021057129,0.018798828,25.027344,29,231,1,0,255,2,0,1782505555.8274262,57
25.032959,25.024055,0.47353414,0.4705626,0.92645264,1,1,0,0.018920898,0.018798828,25.032959,29,231,1,0,255,2,0,1782505555.8274262,57
25.030764,25.023611,0.36963832,0.4705213,0.75183105,1,1,0,0.014770508,0.018798828,25.030762,29,231,1,0,255,2,0,1782505555.8274262,57
25.020752,25.014362,0.3160552,0.4688062,0.68200684,1,1,0,0.012634277,0.018737793,25.020752,29,231,1,0,255,2,0,1782505555.8274262,57
25.028566,25.022778,0.26422736,0.4689526,0.8565979,1,1,0,0.010559082,0.018737793,25.028564,29,231,1,0,255,2,0,1782505555.8274262,57
25.01831,25.010569,0.5786558,0.22904629,0.6881714,1,1,0,0.023132324,0.009155273,25.01831,31,231,1,0,255,2,0,1782505555.8274262,57
25.028809,25.02328,0.47351944,0.2291424,0.5880432,1,1,0,0.018920898,0.009155273,25.028809,31,231,1,0,255,2,0,1782505555.8274262,57
25.026367,25.022612,0.36809593,0.22912005,0.7693176,1,1,0,0.014709473,0.009155273,25.026367,31,231,1,0,255,2,0,1782505555.8274262,57
25.023926,25.021498,0.26268652,0.2290977,0.78060913,1,1,0,0.010498047,0.009155273,25.023926,31,231,1,0,255,2,0,1782505555.8274262,57
25.031496,25.023382,0.53463846,0.34679976,1.0992126,1,1,0,0.021362305,0.0138549805,25.031494,60,231,0,0,255,2,0,1782505555.8274262,57
25.03003,25.022938,0.48115215,0.35136217,1.0125427,1,1,0,0.019226074,0.014038086,25.03003,60,231,0,0,255,2,0,1782505555.8274262,57
25.034178,25.027987,0.4292941,0.35447606,0.71258545,1,1,0,0.017150879,0.014160156,25.03418,60,231,0,0,255,2,0,1782505555.8274262,57
25.032717,25.028002,0.3238667,0.3620939,0.7810669,1,1,0,0.012939453,0.014465332,25.032715,60,231,0,0,255,2,0,1782505555.8274262,57
25.03247,25.028309,0.2719247,0.36667347,0.7342529,1,1,0,0.010864258,0.0146484375,25.03247,60,231,0,0,255,2,0,1782505555.8274262,57
25.034664,25.022867,0.52393174,0.56225485,1.0712585,1,1,0,0.020935059,0.022460938,25.034668,61,231,1,0,255,2,0,1782505555.8274262,57
25.032959,25.022947,0.4200413,0.56985396,0.9921875,1,1,0,0.016784668,0.022766113,25.032959,61,231,1,0,255,2,0,1782505555.8274262,57
25.027344,25.01807,0.36650187,0.5743076,0.7949829,1,1,0,0.0146484375,0.022949219,25.027344,61,231,1,0,255,2,0,1782505555.8274262,57
25.031738,25.023098,0.31463805,0.5774632,0.95007324,1,1,0,0.012573242,0.023071289,25.031738,61,231,1,0,255,2,0,1782505555.8274262,57
25.031738,25.023607,0.26118118,0.58204544,0.8915405,1,1,0,0.010437012,0.023254395,25.031738,61,231,1,0,255,2,0,1782505555.8274262,57
25.032227,25.021824,0.48113072,0.5377604,0.7897339,1,1,0,0.019226074,0.021484375,25.032227,26,232,0,0,255,2,0,1782505555.9274244,58
25.031982,25.022524,0.42920038,0.53775513,0.71951294,1,1,0,0.017150879,0.021484375,25.031982,26,232,0,0,255,2,0,1782505555.9274244,58
25.033937,25.026064,0.32384163,0.5377971,0.7767334,1,1,0,0.012939453,0.021484375,25.033936,26,232,0,0,255,2,0,1782505555.9274244,58
25.032227,25.025764,0.47967848,0.30556157,0.82702637,1,1,0,0.019165039,0.012207031,25.032227,28,232,0,0,255,2,0,1782505555.9274244,58
25.02417,25.01865,0.42760643,0.30546322,0.6926575,1,1,0,0.017089844,0.012207031,25.02417,28,232,0,0,255,2,0,1782505555.9274244,58
25.031738,25.027075,0.3742731,0.3055556,0.7420654,1,1,0,0.014953613,0.012207031,25.031738,28,232,0,0,255,2,0,1782505555.9274244,58
25.028564,25.017517,0.5757611,0.47048,0.7744446,1,1,0,0.023010254,0.018798828,25.028564,29,232,1,0,255,2,0,1782505555.9274244,58
25.027344,25.017471,0.5222911,0.47045705,0.8319702,1,1,0,0.020874023,0.018798828,25.027344,29,232,1,0,255,2,0,1782505555.9274244,58
25.040041,25.031193,0.47061256,0.47069567,0.8964844,1,1,0,0.018798828,0.018798828,25.04004,29,232,1,0,255,2,0,1782505555.9274244,58
25.030764,25.022867,0.41698456,0.4705213,0.79086304,1,1,0,0.016662598,0.018798828,25.030762,29,232,1,0,255,2,0,1782505555.9274244,58
25.035645,25.028587,0.36512798,0.46908525,0.7340393,1,1,0,0.014587402,0.018737793,25.035645,29,232,1,0,255,2,0,1782505555.9274244,58
25.027344,25.023588,0.3681103,0.22912899,0.80319214,1,1,0,0.014709473,0.009155273,25.027344,31,232,1,0,255,2,0,1782505555.9274244,58
25.027102,25.018988,0.5345446,0.34673887,0.8105469,1,1,0,0.021362305,0.0138549805,25.0271,60,232,0,0,255,2,0,1782505555.9274244,58
25.028074,25.020985,0.4811146,0.35133475,0.6596985,1,1,0,0.019226074,0.014038086,25.028076,60,232,0,0,255,2,0,1782505555.9274244,58
25.032715,25.027294,0.37733218,0.35903847,0.8088074,1,1,0,0.015075684,0.014343262,25.032715,60,232,0,0,255,2,0,1782505555.9274244,58
25.03296,25.028246,0.32386985,0.36209744,0.69525146,1,1,0,0.012939453,0.014465332,25.032959,60,232,0,0,255,2,0,1782505555.9274244,58
25.042236,25.029325,0.57756126,0.55936867,0.7761841,1,1,0,0.023071289,0.022338867,25.042236,61,232,1,0,255,2,0,1782505555.9274244,58
25.03662,25.024786,0.5239719,0.56382644,0.7905884,1,1,0,0.020935059,0.022521973,25.036621,61,232,1,0,255,2,0,1782505555.9274244,58
25.032957,25.022089,0.47196916,0.5667989,0.868927,1,1,0,0.018859863,0.022644043,25.032959,61,232,1,0,255,2,0,1782505555.9274244,58
25.03882,25.02877,0.42013904,0.5715152,0.7720642,1,1,0,0.016784668,0.022827148,25.038818,61,232,1,0,255,2,0,1782505555.9274244,58
25.046143,25.036861,0.36677712,0.574739,0.8902893,1,1,0,0.0146484375,0.022949219,25.046143,61,232,1,0,255,2,0,1782505555.9274244,58
25.035643,25.026968,0.3146867,0.579081,0.81832886,1,1,0,0.012573242,0.023132324,25.035645,61,232,1,0,255,2,0,1782505555.9274244,58
25.03296,25.024813,0.2627213,0.58207387,0.8915405,1,1,0,0.010498047,0.023254395,25.032959,61,232,1,0,255,2,0,1782505555.9274244,58
25.033937,25.022383,0.53614503,0.5393247,0.9336548,1,1,0,0.02142334,0.02154541,25.033936,26,233,0,0,255,2,0,1782505556.0277202,59
25.031982,25.02152,0.48418042,0.53775513,0.96310425,1,1,0,0.019348145,0.021484375,25.031982,26,233,0,0,255,2,0,1782505556.0277202,59
25.032957,25.026201,0.22149011,0.5377761,0.8851013,1,1,0,0.008850098,0.021484375,25.032959,26,233,0,0,255,2,0,1782505556.0277202,59
25.033445,25.024706,0.58662397,0.30557647,0.86602783,1,1,0,0.0234375,0.012207031,25.033447,28,233,0,0,255,2,0,1782505556.0277202,59
25.029053,25.025093,0.32382908,0.30552283,0.83480835,1,1,0,0.012939453,0.012207031,25.029053,28,233,0,0,255,2,0,1782505556.0277202,59
25.028076,25.024734,0.27188587,0.3055109,0.8105469,1,1,0,0.010864258,0.012207031,25.028076,28,233,0,0,255,2,0,1782505556.0277202,59
25.042236,25.031147,0.57760334,0.47073698,0.8286133,1,1,0,0.023071289,0.018798828,25.042236,29,233,1,0,255,2,0,1782505556.0277202,59
25.02295,25.013044,0.5237261,0.47037444,0.7487488,1,1,0,0.020935059,0.018798828,25.02295,29,233,1,0,255,2,0,1782505556.0277202,59
25.027344,25.020945,0.31461096,0.47045705,0.89974976,1,1,0,0.012573242,0.018798828,25.027344,29,233,1,0,255,2,0,1782505556.0277202,59
25.036865,25.031422,0.46908846,0.22921616,1.0455933,1,1,0,0.018737793,0.009155273,25.036865,31,233,1,0,255,2,0,1782505556.0277202,59
25.032959,25.029268,0.3636099,0.2291804,0.87713623,1,1,0,0.014526367,0.009155273,25.032959,31,233,1,0,255,2,0,1782505556.0277202,59
25.029541,25.026552,0.31162602,0.2291491,0.807312,1,1,0,0.012451172,0.009155273,25.029541,31,233,1,0,255,2,0,1782505556.0277202,59
25.031008,25.022936,0.5346289,0.34373775,0.72125244,1,1,0,0.021362305,0.01373291,25.031006,60,233,0,0,255,2,0,1782505556.0277202,59
25.026125,25.019075,0.48107788,0.34825268,0.72473145,1,1,0,0.019226074,0.013916016,25.026123,60,233,0,0,255,2,0,1782505556.0277202,59
25.031006,25.024858,0.42924044,0.35137588,0.86169434,1,1,0,0.017150879,0.014038086,25.031006,60,233,0,0,255,2,0,1782505556.0277202,59
25.030031,25.02536,0.32383254,0.35899997,0.68743896,1,1,0,0.012939453,0.014343262,25.03003,60,233,0,0,255,2,0,1782505556.0277202,59
25.03125,25.027132,0.27191192,0.36360034,0.6397705,1,1,0,0.010864258,0.014526367,25.03125,60,233,0,0,255,2,0,1782505556.0277202,59
25.04004,25.027197,0.57751215,0.5562637,0.6990967,1,1,0,0.023071289,0.022216797,25.04004,61,233,1,0,255,2,0,1782505556.0277202,59
25.027342,25.015581,0.5237792,0.56056315,0.86483765,1,1,0,0.020935059,0.022399902,25.027344,61,233,1,0,255,2,0,1782505556.0277202,59
25.029541,25.018744,0.47190604,0.563667,0.907959,1,1,0,0.018859863,0.022521973,25.029541,61,233,1,0,255,2,0,1782505556.0277202,59
25.01831,25.008339,0.41979608,0.5679939,0.6347656,1,1,0,0.016784668,0.022705078,25.01831,61,233,1,0,255,2,0,1782505556.0277202,59
25.025146,25.015944,0.3664707,0.5712031,0.91000366,1,1,0,0.0146484375,0.022827148,25.025146,61,233,1,0,255,2,0,1782505556.0277202,59
25.023922,25.015322,0.31454027,0.5757561,0.88742065,1,1,0,0.012573242,0.023010254,25.023926,61,233,1,0,255,2,0,1782505556.0277202,59
25.027342,25.019283,0.26113605,0.57888895,0.734375,1,1,0,0.010437012,0.023132324,25.027344,61,233,1,0,255,2,0,1782505556.0277202,59
25.03247,25.020983,0.5330593,0.5392931,0.7663269,1,1,0,0.02130127,0.02154541,25.03247,26,234,0,0,255,2,0,1782505556.1269681,60
25.03247,25.022068,0.48113543,0.5377656,0.7455139,1,1,0,0.019226074,0.021484375,25.03247,26,234,0,0,255,2,0,1782505556.1269681,60
25.02905,25.019594,0.42915013,0.5376922,0.7732544,1,1,0,0.017150879,0.021484375,25.029053,26,234,0,0,255,2,0,1782505556.1269681,60
25.02124,25.01254,0.58481133,0.30542746,0.93536377,1,1,0,0.023376465,0.012207031,25.02124,28,234,0,0,255,2,0,1782505556.1269681,60
25.031006,25.025486,0.42772326,0.30554667,0.71258545,1,1,0,0.017089844,0.012207031,25.031006,28,234,0,0,255,2,0,1782505556.1269681,60
25.02905,25.024366,0.3757603,0.30552283,0.8070679,1,1,0,0.015014648,0.012207031,25.029053,28,234,0,0,255,2,0,1782505556.1269681,60
25.031738,25.027798,0.32233626,0.3055556,0.85910034,1,1,0,0.012878418,0.012207031,25.031738,28,234,0,0,255,2,0,1782505556.1269681,60
25.03247,25.029144,0.27040595,0.30556455,0.8088074,1,1,0,0.010803223,0.012207031,25.03247,28,234,0,0,255,2,0,1782505556.1269681,60
25.029541,25.02162,0.4184914,0.47049835,0.68096924,1,1,0,0.016723633,0.018798828,25.029541,29,234,1,0,255,2,0,1782505556.1269681,60
25.025146,25.019676,0.470396,0.22910887,0.6717224,1,1,0,0.018798828,0.009155273,25.025146,31,234,1,0,255,2,0,1782505556.1269681,60
25.031006,25.026457,0.41857228,0.22916251,0.68673706,1,1,0,0.016723633,0.009155273,25.031006,31,234,1,0,255,2,0,1782505556.1269681,60
25.032715,25.02459,0.5361923,0.34528893,0.8122864,1,1,0,0.02142334,0.013793945,25.032715,60,234,0,0,255,2,0,1782505556.1269681,60
25.031984,25.024906,0.48271793,0.34833422,0.8911743,1,1,0,0.01928711,0.013916016,25.031982,60,234,0,0,255,2,0,1782505556.1269681,60
25.034424,25.021515,0.57890904,0.5576666,0.6682434,1,1,0,0.023132324,0.022277832,25.034424,61,234,1,0,255,2,0,1782505556.1269681,60
25.04004,25.028238,0.5255725,0.5608475,0.7751465,1,1,0,0.020996094,0.022399902,25.04004,61,234,1,0,255,2,0,1782505556.1269681,60
25.042236,25.03137,0.47367254,0.56548095,0.99105835,1,1,0,0.018920898,0.022583008,25.042236,61,234,1,0,255,2,0,1782505556.1269681,60
25.027344,25.017344,0.42147458,0.568199,0.9059143,1,1,0,0.016845703,0.022705078,25.027344,61,234,1,0,255,2,0,1782505556.1269681,60
25.03076,25.022137,0.31615344,0.57591337,0.81347656,1,1,0,0.012634277,0.023010254,25.030762,61,234,1,0,255,2,0,1782505556.1269681,60
25.03882,25.030706,0.26278317,0.5806823,0.7186279,1,1,0,0.010498047,0.02319336,25.038818,61,234,1,0,255,2,0,1782505556.1269681,60
25.03125,25.01973,0.53608817,0.5377394,0.6839905,1,1,0,0.02142334,0.021484375,25.03125,26,235,0,0,255,2,0,1782505556.227394,61
25.032715,25.022284,0.48266736,0.53777087,0.7715454,1,1,0,0.01928711,0.021484375,25.032715,26,235,0,0,255,2,0,1782505556.227394,61
25.031006,25.021523,0.43071082,0.53773415,0.7568054,1,1,0,0.017211914,0.021484375,25.031006,26,235,0,0,255,2,0,1782505556.227394,61
25.031982,25.023338,0.37880015,0.53775513,0.7879944,1,1,0,0.015136719,0.021484375,25.031982,26,235,0,0,255,2,0,1782505556.227394,61
25.032715,25.025444,0.2734212,0.53777087,0.84262085,1,1,0,0.010925293,0.021484375,25.032715,26,235,0,0,255,2,0,1782505556.227394,61
25.031006,25.024248,0.22147283,0.53773415,0.7307739,1,1,0,0.008850098,0.021484375,25.031006,26,235,0,0,255,2,0,1782505556.227394,61
25.029053,25.020243,0.58957523,0.30552283,0.8122864,1,1,0,0.02355957,0.012207031,25.029053,28,235,0,0,255,2,0,1782505556.227394,61
25.027098,25.019459,0.5376102,0.305499,0.7914734,1,1,0,0.021484375,0.012207031,25.0271,28,235,0,0,255,2,0,1782505556.227394,61
25.032715,25.027115,0.4323351,0.30556753,0.6770325,1,1,0,0.01727295,0.012207031,25.032715,28,235,0,0,255,2,0,1782505556.227394,61
25.027098,25.022343,0.3803127,0.305499,0.84695435,1,1,0,0.015197754,0.012207031,25.0271,28,235,0,0,255,2,0,1782505556.227394,61
25.031494,25.027494,0.32691577,0.30555263,0.7732544,1,1,0,0.013061523,0.012207031,25.031494,28,235,0,0,255,2,0,1782505556.227394,61
25.031738,25.028362,0.27498087,0.3055556,0.8807678,1,1,0,0.010986328,0.012207031,25.031738,28,235,0,0,255,2,0,1782505556.227394,61
25.02124,25.018396,0.22142103,0.30542746,0.7472534,1,1,0,0.008850098,0.012207031,25.02124,28,235,0,0,255,2,0,1782505556.227394,61
25.025148,25.013996,0.58026266,0.47041574,0.75183105,1,1,0,0.02319336,0.018798828,25.025146,29,235,1,0,255,2,0,1782505556.227394,61
25.025146,25.017149,0.42299873,0.47041574,0.8730469,1,1,0,0.016906738,0.018798828,25.025146,29,235,1,0,255,2,0,1782505556.227394,61
25.026367,25.019245,0.36957383,0.46891144,0.7744446,1,1,0,0.014770508,0.018737793,25.026367,29,235,1,0,255,2,0,1782505556.227394,61
25.02075,25.014343,0.31758198,0.4688062,0.6470642,1,1,0,0.0126953125,0.018737793,25.020752,29,235,1,0,255,2,0,1782505556.227394,61
25.032959,25.02717,0.26427373,0.46903494,0.7693176,1,1,0,0.010559082,0.018737793,25.032959,29,235,1,0,255,2,0,1782505556.227394,61
25.02295,25.015276,0.57570946,0.22908875,0.7867737,1,1,0,0.023010254,0.009155273,25.02295,31,235,1,0,255,2,0,1782505556.227394,61
25.023924,25.020191,0.36653295,0.2290977,0.734375,1,1,0,0.0146484375,0.009155273,25.023926,31,235,1,0,255,2,0,1782505556.227394,61
25.02954,25.027142,0.26121807,0.22762147,0.7846985,1,1,0,0.010437012,0.009094238,25.029541,31,235,1,0,255,2,0,1782505556.227394,61
25.031738,25.022434,0.5850426,0.35138616,1.1035461,1,1,0,0.023376465,0.014038086,25.031738,60,235,0,0,255,2,0,1782505556.227394,61
25.031252,25.023224,0.5315791,0.34526873,0.72299194,1,1,0,0.021240234,0.013793945,25.03125,60,235,0,0,255,2,0,1782505556.227394,61
25.032228,25.025208,0.4796678,0.34833762,0.7619934,1,1,0,0.019165039,0.013916016,25.032227,60,235,0,0,255,2,0,1782505556.227394,61
25.03125,25.025106,0.42771676,0.3529069,1.1599121,1,1,0,0.017089844,0.014099121,25.03125,60,235,0,0,255,2,0,1782505556.227394,61
25.032228,25.027555,0.32233313,0.36055914,0.7533264,1,1,0,0.012878418,0.014404297,25.032227,60,235,0,0,255,2,0,1782505556.227394,61
25.027098,25.022999,0.27033955,0.36354005,0.68310547,1,1,0,0.010803223,0.014526367,25.0271,60,235,0,0,255,2,0,1782505556.227394,61
25.035156,25.022352,0.57434434,0.5576829,1.1750183,1,1,0,0.022949219,0.022277832,25.035156,61,235,1,0,255,2,0,1782505556.227394,61
25.027344,25.015614,0.5222524,0.56056315,0.87713623,1,1,0,0.020874023,0.022399902,25.027344,61,235,1,0,255,2,0,1782505556.227394,61
25.029541,25.018738,0.47037837,0.56519425,0.9161682,1,1,0,0.018798828,0.022583008,25.029541,61,235,1,0,255,2,0,1782505556.227394,61
25.027834,25.017908,0.41690192,0.56821007,0.59628296,1,1,0,0.016662598,0.022705078,25.027832,61,235,1,0,255,2,0,1782505556.227394,61
25.036867,25.028786,0.2597074,0.580637,1.1113281,1,1,0,0.010375977,0.02319336,25.036865,61,235,1,0,255,2,0,1782505556.227394,61
25.025146,25.012503,0.58481044,0.53913534,0.6805115,1,1,0,0.023376465,0.02154541,25.025146,26,236,0,0,255,2,0,1782505556.3277082,62
25.050293,25.03883,0.53191066,0.5396771,0.6828613,1,1,0,0.021240234,0.02154541,25.050293,26,236,0,0,255,2,0,1782505556.3277082,62
25.03247,25.023006,0.42768088,0.5392931,0.83480835,1,1,0,0.017089844,0.02154541,25.03247,26,236,0,0,255,2,0,1782505556.3277082,62
25.03003,25.021454,0.37418905,0.53771317,0.7489929,1,1,0,0.014953613,0.021484375,25.03003,26,236,0,0,255,2,0,1782505556.3277082,62
25.02905,25.0212,0.3222513,0.5376922,0.7940674,1,1,0,0.012878418,0.021484375,25.029053,26,236,0,0,255,2,0,1782505556.3277082,62
25.031006,25.023495,0.53158486,0.30554667,0.7879944,1,1,0,0.021240234,0.012207031,25.031006,28,236,0,0,255,2,0,1782505556.3277082,62
25.0271,25.02064,0.47958022,0.305499,0.81399536,1,1,0,0.019165039,0.012207031,25.0271,28,236,0,0,255,2,0,1782505556.3277082,62
25.026121,25.022797,0.27033737,0.30548707,0.71084595,1,1,0,0.010803223,0.012207031,25.026123,28,236,0,0,255,2,0,1782505556.3277082,62
25.028566,25.017553,0.5742341,0.47048,0.77752686,1,1,0,0.022949219,0.018798828,25.028564,29,236,1,0,255,2,0,1782505556.3277082,62
25.025146,25.015274,0.5222453,0.47041574,0.65426636,1,1,0,0.020874023,0.018798828,25.025146,29,236,1,0,255,2,0,1782505556.3277082,62
25.034668,25.02677,0.4170496,0.47059473,1.2818298,1,1,0,0.016662598,0.018798828,25.034668,29,236,1,0,255,2,0,1782505556.3277082,62
25.027344,25.020288,0.36500692,0.46892974,0.89974976,1,1,0,0.014587402,0.018737793,25.027344,29,236,1,0,255,2,0,1782505556.3277082,62
25.035646,25.029903,0.259719,0.46908525,0.78234863,1,1,0,0.010375977,0.018737793,25.035645,29,236,1,0,255,2,0,1782505556.3277082,62
25.035646,25.031096,0.41864985,0.22920498,0.7247925,1,1,0,0.016723633,0.009155273,25.035645,31,236,1,0,255,2,0,1782505556.3277082,62
25.035156,25.031422,0.36669746,0.22920051,1.0692139,1,1,0,0.0146484375,0.009155273,25.035156,31,236,1,0,255,2,0,1782505556.3277082,62
25.025146,25.022152,0.31309867,0.2275815,0.8730469,1,1,0,0.012512207,0.009094238,25.025146,31,236,1,0,255,2,0,1782505556.3277082,62
25.025146,25.022747,0.2611722,0.2275815,0.7241211,1,1,0,0.010437012,0.009094238,25.025146,31,236,1,0,255,2,0,1782505556.3277082,62
25.026125,25.016813,0.5879667,0.34672534,0.71691895,1,1,0,0.023498535,0.0138549805,25.026123,60,236,0,0,255,2,0,1782505556.3277082,62
25.03296,25.02586,0.48273632,0.34987554,1.0029907,1,1,0,0.01928711,0.013977051,25.032959,60,236,0,0,255,2,0,1782505556.3277082,62
25.027098,25.020905,0.43070018,0.3528484,0.69351196,1,1,0,0.017211914,0.014099121,25.0271,60,236,0,0,255,2,0,1782505556.3277082,62
25.032717,25.027296,0.37886006,0.35751075,0.7732544,1,1,0,0.015136719,0.014282227,25.032715,60,236,0,0,255,2,0,1782505556.3277082,62
25.032228,25.027515,0.32538825,0.36055914,1.0108032,1,1,0,0.013000488,0.014404297,25.032227,60,236,0,0,255,2,0,1782505556.3277082,62
25.032717,25.028559,0.27345523,0.36514935,0.86169434,1,1,0,0.010925293,0.014587402,25.032715,60,236,0,0,255,2,0,1782505556.3277082,62
25.029053,25.025377,0.21995528,0.3681509,0.7698059,1,1,0,0.0087890625,0.014709473,25.029053,60,236,0,0,255,2,0,1782505556.3277082,62
25.043457,25.030544,0.57911795,0.5578678,0.74020386,1,1,0,0.023132324,0.022277832,25.043457,61,236,1,0,255,2,0,1782505556.3277082,62
25.029541,25.017712,0.52535146,0.5621397,1.0517578,1,1,0,0.020996094,0.022460938,25.029541,61,236,1,0,255,2,0,1782505556.3277082,62
25.030764,25.019901,0.4734555,0.56522185,0.807312,1,1,0,0.018920898,0.022583008,25.030762,61,236,1,0,255,2,0,1782505556.3277082,62
25.041262,25.03122,0.42170838,0.5700429,0.71347046,1,1,0,0.016845703,0.022766113,25.04126,61,236,1,0,255,2,0,1782505556.3277082,62
25.028807,25.019545,0.36805084,0.5728139,0.65283203,1,1,0,0.014709473,0.022888184,25.028809,61,236,1,0,255,2,0,1782505556.3277082,62
25.031248,25.018599,0.5864808,0.5377394,0.71258545,1,1,0,0.0234375,0.021484375,25.03125,26,237,0,0,255,2,0,1782505556.4275267,63
25.0271,25.01667,0.48255908,0.5376502,0.97525024,1,1,0,0.01928711,0.021484375,25.0271,26,237,0,0,255,2,0,1782505556.4275267,63
25.031738,25.023846,0.32534054,0.5377499,0.7879944,1,1,0,0.013000488,0.021484375,25.031738,26,237,0,0,255,2,0,1782505556.4275267,63
25.018555,25.011305,0.27173996,0.5374667,0.650177,1,1,0,0.010864258,0.021484375,25.018555,26,237,0,0,255,2,0,1782505556.4275267,63
25.03174,25.025219,0.48272395,0.3055556,0.9041748,1,1,0,0.01928711,0.012207031,25.031738,28,237,0,0,255,2,0,1782505556.4275267,63
25.03003,25.027216,0.21997145,0.30400714,0.72125244,1,1,0,0.0087890625,0.012145996,25.03003,28,237,0,0,255,2,0,1782505556.4275267,63
25.030031,25.018948,0.5773218,0.47050753,0.71450806,1,1,0,0.023071289,0.018798828,25.03003,29,237,1,0,255,2,0,1782505556.4275267,63
25.013916,25.003984,0.52506316,0.47020462,0.65426636,1,1,0,0.020996094,0.018798828,25.013916,29,237,1,0,255,2,0,1782505556.4275267,63
25.031738,25.023819,0.42005593,0.46901208,1.0178528,1,1,0,0.016784668,0.018737793,25.031738,29,237,1,0,255,2,0,1782505556.4275267,63
25.026367,25.020596,0.26267704,0.46891144,0.77752686,1,1,0,0.010498047,0.018737793,25.026367,29,237,1,0,255,2,0,1782505556.4275267,63
25.035889,25.028212,0.5760072,0.22920722,1.1400757,1,1,0,0.023010254,0.009155273,25.035889,31,237,1,0,255,2,0,1782505556.4275267,63
25.03589,25.032154,0.3667082,0.22920722,1.0014343,1,1,0,0.0146484375,0.009155273,25.035889,31,237,1,0,255,2,0,1782505556.4275267,63
25.03296,25.023663,0.58659947,0.3483478,1.0697327,1,1,0,0.0234375,0.013916016,25.032959,60,237,0,0,255,2,0,1782505556.4275267,63
25.03247,25.024412,0.5331324,0.34528556,0.71691895,1,1,0,0.02130127,0.013793945,25.03247,60,237,0,0,255,2,0,1782505556.4275267,63
25.031252,25.024202,0.48117644,0.34832403,0.7940674,1,1,0,0.019226074,0.013916016,25.03125,60,237,0,0,255,2,0,1782505556.4275267,63
25.031738,25.025568,0.4292526,0.3529138,1.1477661,1,1,0,0.017150879,0.014099121,25.031738,60,237,0,0,255,2,0,1782505556.4275267,63
25.026123,25.020771,0.37570632,0.3558893,0.7810669,1,1,0,0.015014648,0.014221191,25.026123,60,237,0,0,255,2,0,1782505556.4275267,63
25.029055,25.024363,0.3238196,0.36051345,0.6770325,1,1,0,0.012939453,0.014404297,25.029053,60,237,0,0,255,2,0,1782505556.4275267,63
25.031248,25.027147,0.27038437,0.36360034,0.69784546,1,1,0,0.010803223,0.014526367,25.03125,60,237,0,0,255,2,0,1782505556.4275267,63
25.045654,25.03281,0.57611305,0.55791676,1.04245,1,1,0,0.023010254,0.022277832,25.045654,61,237,1,0,255,2,0,1782505556.4275267,63
25.036623,25.025816,0.47051144,0.5653541,0.8265686,1,1,0,0.018798828,0.022583008,25.036621,61,237,1,0,255,2,0,1782505556.4275267,63
25.032228,25.022276,0.41850236,0.56830984,0.6147766,1,1,0,0.016723633,0.022705078,25.032227,61,237,1,0,255,2,0,1782505556.4275267,63
25.026367,25.017128,0.36648804,0.5727581,0.72821045,1,1,0,0.0146484375,0.022888184,25.026367,61,237,1,0,255,2,0,1782505556.4275267,63
25.03076,25.022175,0.31309897,0.57591337,0.8565979,1,1,0,0.012512207,0.023010254,25.030762,61,237,1,0,255,2,0,1782505556.4275267,63
25.030762,25.022667,0.26117137,0.5804954,0.9182434,1,1,0,0.010437012,0.02319336,25.030762,61,237,1,0,255,2,0,1782505556.4275267,63
25.031006,25.019453,0.53608227,0.5392616,0.71951294,1,1,0,0.02142334,0.02154541,25.031006,26,238,0,0,255,2,0,1782505556.5272942,64
25.026125,25.015663,0.48253962,0.5391564,0.7472534,1,1,0,0.01928711,0.02154541,25.026123,26,238,0,0,255,2,0,1782505556.5272942,64
25.031984,25.0225,0.43072763,0.53775513,0.7828064,1,1,0,0.017211914,0.021484375,25.031982,26,238,0,0,255,2,0,1782505556.5272942,64
25.0271,25.018457,0.37872627,0.5376502,0.7342529,1,1,0,0.015136719,0.021484375,25.0271,26,238,0,0,255,2,0,1782505556.5272942,64
25.026121,25.018232,0.32526758,0.53762925,0.70999146,1,1,0,0.013000488,0.021484375,25.026123,26,238,0,0,255,2,0,1782505556.5272942,64
25.02124,25.013971,0.27329585,0.53752434,0.7879944,1,1,0,0.010925293,0.021484375,25.02124,26,238,0,0,255,2,0,1782505556.5272942,64
25.032715,25.025171,0.5331485,0.30556753,0.7698059,1,1,0,0.02130127,0.012207031,25.032715,28,238,0,0,255,2,0,1782505556.5272942,64
25.032959,25.028273,0.37581894,0.3055705,0.84436035,1,1,0,0.015014648,0.012207031,25.032959,28,238,0,0,255,2,0,1782505556.5272942,64
25.034182,25.03022,0.32389542,0.3055854,0.87210083,1,1,0,0.012939453,0.012207031,25.03418,28,238,0,0,255,2,0,1782505556.5272942,64
25.033447,25.03012,0.2704165,0.30557647,0.7958069,1,1,0,0.010803223,0.012207031,25.033447,28,238,0,0,255,2,0,1782505556.5272942,64
25.021729,25.015379,0.3130139,0.4688245,0.69226074,1,1,0,0.012512207,0.018737793,25.021729,29,238,1,0,255,2,0,1782505556.5272942,64
25.023922,25.016272,0.57420474,0.23062496,0.7846985,1,1,0,0.022949219,0.009216309,25.023926,31,238,1,0,255,2,0,1782505556.5272942,64
25.03296,25.026457,0.5224787,0.2291804,0.87509155,1,1,0,0.020874023,0.009155273,25.032959,31,238,1,0,255,2,0,1782505556.5272942,64
25.025146,25.015852,0.5864164,0.3482391,0.68743896,1,1,0,0.0234375,0.013916016,25.025146,60,238,0,0,255,2,0,1782505556.5272942,64
25.026125,25.018045,0.5329967,0.34672534,0.8044739,1,1,0,0.02130127,0.0138549805,25.026123,60,238,0,0,255,2,0,1782505556.5272942,64
25.031248,25.025059,0.42924386,0.35443458,0.68569946,1,1,0,0.017150879,0.014160156,25.03125,60,238,0,0,255,2,0,1782505556.5272942,64
25.025145,25.01975,0.375691,0.35892993,0.8105469,1,1,0,0.015014648,0.014343262,25.025146,60,238,0,0,255,2,0,1782505556.5272942,64
25.028076,25.023363,0.3238067,0.3620268,0.8998413,1,1,0,0.012939453,0.014465332,25.028076,60,238,0,0,255,2,0,1782505556.5272942,64
25.031006,25.026844,0.2719088,0.366652,0.8044739,1,1,0,0.010864258,0.0146484375,25.031006,60,238,0,0,255,2,0,1782505556.5272942,64
25.034422,25.021551,0.5758539,0.5591942,0.63534546,1,1,0,0.023010254,0.022338867,25.034424,61,238,1,0,255,2,0,1782505556.5272942,64
25.029541,25.01771,0.52382374,0.563667,0.9202881,1,1,0,0.020935059,0.022521973,25.029541,61,238,1,0,255,2,0,1782505556.5272942,64
25.029541,25.018675,0.47190475,0.56672156,0.86483765,1,1,0,0.018859863,0.022644043,25.029541,61,238,1,0,255,2,0,1782505556.5272942,64
25.027344,25.017324,0.4184195,0.5712533,0.885376,1,1,0,0.016723633,0.022827148,25.027344,61,238,1,0,255,2,0,1782505556.5272942,64
25.032957,25.023682,0.36658406,0.5744364,0.8668823,1,1,0,0.0146484375,0.022949219,25.032959,61,238,1,0,255,2,0,1782505556.5272942,64
25.027342,25.01867,0.31458235,0.57888895,0.6748047,1,1,0,0.012573242,0.023132324,25.027344,61,238,1,0,255,2,0,1782505556.5272942,64
25.019531,25.011404,0.2610538,0.5817616,0.70358276,1,1,0,0.010437012,0.023254395,25.019531,61,238,1,0,255,2,0,1782505556.5272942,64
25.032713,25.019995,0.5880415,0.53929836,0.7897339,1,1,0,0.023498535,0.02154541,25.032715,26,239,0,0,255,2,0,1782505556.6275094,65
25.04834,25.03784,0.48449618,0.539635,0.69937134,1,1,0,0.019348145,0.02154541,25.04834,26,239,0,0,255,2,0,1782505556.6275094,65
25.028076,25.020185,0.32529297,0.5376712,0.7533264,1,1,0,0.013000488,0.021484375,25.028076,26,239,0,0,255,2,0,1782505556.6275094,65
25.032957,25.023083,0.5224083,0.4705626,1.1400757,1,1,0,0.020874023,0.018798828,25.032959,29,239,1,0,255,2,0,1782505556.6275094,65
25.022951,25.014109,0.47029132,0.47037444,0.70666504,1,1,0,0.018798828,0.018798828,25.02295,29,239,1,0,255,2,0,1782505556.6275094,65
25.042236,25.034487,0.5792092,0.22926533,0.7761841,1,1,0,0.023132324,0.009155273,25.042236,31,239,1,0,255,2,0,1782505556.6275094,65
25.032957,25.02636,0.5270612,0.2291804,0.93673706,1,1,0,0.021057129,0.009155273,25.032959,31,239,1,0,255,2,0,1782505556.6275094,65
25.019531,25.014004,0.4733439,0.22905746,0.6265259,1,1,0,0.018920898,0.009155273,25.019531,31,239,1,0,255,2,0,1782505556.6275094,65
25.018309,25.015278,0.31606677,0.22751933,0.66659546,1,1,0,0.012634277,0.009094238,25.01831,31,239,1,0,255,2,0,1782505556.6275094,65
25.02246,25.020031,0.26419836,0.22755708,0.8742981,1,1,0,0.010559082,0.009094238,25.02246,31,239,1,0,255,2,0,1782505556.6275094,65
25.031248,25.02418,0.48117602,0.34985164,0.6622925,1,1,0,0.019226074,0.013977051,25.03125,60,239,0,0,255,2,0,1782505556.6275094,65
25.03491,25.028767,0.42777935,0.35295856,0.9015808,1,1,0,0.017089844,0.014099121,25.034912,60,239,0,0,255,2,0,1782505556.6275094,65
25.031252,25.025877,0.37578297,0.35748982,0.82006836,1,1,0,0.015014648,0.014282227,25.03125,60,239,0,0,255,2,0,1782505556.6275094,65
25.028564,25.017761,0.47036,0.5651722,0.81347656,1,1,0,0.018798828,0.022583008,25.028564,61,239,1,0,255,2,0,1782505556.6275094,65
25.031738,25.021751,0.4184936,0.5698261,0.7713623,1,1,0,0.016723633,0.022766113,25.031738,61,239,1,0,255,2,0,1782505556.6275094,65
25.036375,25.027132,0.3666346,0.57298714,0.9880676,1,1,0,0.0146484375,0.022888184,25.036377,61,239,1,0,255,2,0,1782505556.6275094,65
25.022953,25.014334,0.31300083,0.5772605,0.76416016,1,1,0,0.012512207,0.023071289,25.02295,61,239,1,0,255,2,0,1782505556.6275094,65
25.032715,25.021162,0.53611887,0.53929836,1.252655,1,1,0,0.02142334,0.02154541,25.032715,26,240,0,0,255,2,0,1782505556.7276254,66
25.034182,25.026287,0.32537228,0.53780234,0.7663269,1,1,0,0.013000488,0.021484375,25.03418,26,240,0,0,255,2,0,1782505556.7276254,66
25.03247,25.023695,0.58812845,0.30556455,0.82354736,1,1,0,0.023498535,0.012207031,25.03247,28,240,0,0,255,2,0,1782505556.7276254,66
25.02124,25.01567,0.43061012,0.30542746,0.71343994,1,1,0,0.017211914,0.012207031,25.02124,28,240,0,0,255,2,0,1782505556.7276254,66
25.032715,25.027983,0.37887046,0.30556753,0.7585144,1,1,0,0.015136719,0.012207031,25.032715,28,240,0,0,255,2,0,1782505556.7276254,66
25.033447,25.030088,0.27347192,0.30557647,0.82006836,1,1,0,0.010925293,0.012207031,25.033447,28,240,0,0,255,2,0,1782505556.7276254,66
25.023924,25.01281,0.57870764,0.4703928,0.7220459,1,1,0,0.023132324,0.018798828,25.023926,29,240,1,0,255,2,0,1782505556.7276254,66
25.035646,25.026741,0.47358495,0.4706131,0.66619873,1,1,0,0.018920898,0.018798828,25.035645,29,240,1,0,255,2,0,1782505556.7276254,66
25.028566,25.022175,0.3161539,0.4689526,0.94802856,1,1,0,0.012634277,0.018737793,25.028564,29,240,1,0,255,2,0,1782505556.7276254,66
25.035646,25.027933,0.57752913,0.22920498,0.7453308,1,1,0,0.023071289,0.009155273,25.035645,31,240,1,0,255,2,0,1782505556.7276254,66
25.041258,25.03469,0.525708,0.22925639,0.7648926,1,1,0,0.020996094,0.009155273,25.04126,31,240,1,0,255,2,0,1782505556.7276254,66
25.034668,25.030092,0.42016125,0.22919604,1.0014343,1,1,0,0.016784668,0.009155273,25.034668,31,240,1,0,255,2,0,1782505556.7276254,66
25.027344,25.02361,0.36658302,0.22912899,0.78778076,1,1,0,0.0146484375,0.009155273,25.027344,31,240,1,0,255,2,0,1782505556.7276254,66
25.026367,25.023952,0.26271227,0.2275926,0.7312927,1,1,0,0.010498047,0.009094238,25.026367,31,240,1,0,255,2,0,1782505556.7276254,66
25.027098,25.01778,0.58646166,0.34979364,0.7698059,1,1,0,0.0234375,0.013977051,25.0271,60,240,0,0,255,2,0,1782505556.7276254,66
25.03125,25.023191,0.5331064,0.34526873,0.83306885,1,1,0,0.02130127,0.013793945,25.03125,60,240,0,0,255,2,0,1782505556.7276254,66
25.031006,25.023935,0.4811713,0.34984824,0.70999146,1,1,0,0.019226074,0.013977051,25.031006,60,240,0,0,255,2,0,1782505556.7276254,66
25.028074,25.021906,0.4291898,0.35286218,0.9310303,1,1,0,0.017150879,0.014099121,25.028076,60,240,0,0,255,2,0,1782505556.7276254,66
25.031496,25.026121,0.37578663,0.3574933,0.7914734,1,1,0,0.015014648,0.014282227,25.031494,60,240,0,0,255,2,0,1782505556.7276254,66
25.030031,25.02534,0.32383224,0.36052752,0.71432495,1,1,0,0.012939453,0.014404297,25.03003,60,240,0,0,255,2,0,1782505556.7276254,66
25.031006,25.026867,0.27190903,0.3651244,0.71865845,1,1,0,0.010864258,0.014587402,25.031006,60,240,0,0,255,2,0,1782505556.7276254,66
25.026367,25.013533,0.57566935,0.55748713,0.76623535,1,1,0,0.023010254,0.022277832,25.026367,61,240,1,0,255,2,0,1782505556.7276254,66
25.040037,25.028234,0.52404416,0.5623755,0.8902893,1,1,0,0.020935059,0.022460938,25.04004,61,240,1,0,255,2,0,1782505556.7276254,66
25.036621,25.025785,0.47203887,0.5653541,0.77822876,1,1,0,0.018859863,0.022583008,25.036621,61,240,1,0,255,2,0,1782505556.7276254,66
25.03076,25.020775,0.41847727,0.5698039,0.81552124,1,1,0,0.016723633,0.022766113,25.030762,61,240,1,0,255,2,0,1782505556.7276254,66
25.025146,25.016508,0.3145552,0.57731116,0.8915405,1,1,0,0.012573242,0.023071289,25.025146,61,240,1,0,255,2,0,1782505556.7276254,66
25.03247,25.019823,0.58498156,0.5392931,0.71084595,1,1,0,0.023376465,0.02154541,25.03247,26,241,0,0,255,2,0,1782505556.8275065,67
25.027102,25.015648,0.53141814,0.5391774,0.69003296,1,1,0,0.021240234,0.02154541,25.0271,26,241,0,0,255,2,0,1782505556.8275065,67
25.032715,25.022308,0.47961223,0.53929836,0.9015808,1,1,0,0.019165039,0.02154541,25.032715,26,241,0,0,255,2,0,1782505556.8275065,67
25.032715,25.023283,0.42768562,0.53777087,0.8764343,1,1,0,0.017089844,0.021484375,25.032715,26,241,0,0,255,2,0,1782505556.8275065,67
25.031248,25.022675,0.3742073,0.5377394,0.68743896,1,1,0,0.014953613,0.021484375,25.03125,26,241,0,0,255,2,0,1782505556.8275065,67
25.026123,25.020552,0.4306941,0.30548707,0.6371765,1,1,0,0.017211914,0.012207031,25.026123,28,241,0,0,255,2,0,1782505556.8275065,67
25.032715,25.028734,0.3254041,0.30556753,1.1156921,1,1,0,0.013000488,0.012207031,25.032715,28,241,0,0,255,2,0,1782505556.8275065,67
25.035158,25.027208,0.42011282,0.4706039,0.8833008,1,1,0,0.016784668,0.018798828,25.035156,29,241,1,0,255,2,0,1782505556.8275065,67
25.030762,25.027767,0.31316894,0.22763257,0.81552124,1,1,0,0.012512207,0.009094238,25.030762,31,241,1,0,255,2,0,1782505556.8275065,67
25.031494,25.023403,0.5346389,0.3452721,1.1252136,1,1,0,0.021362305,0.013793945,25.031494,60,241,0,0,255,2,0,1782505556.8275065,67
25.03125,25.025103,0.4292446,0.3513793,0.70651245,1,1,0,0.017150879,0.014038086,25.03125,60,241,0,0,255,2,0,1782505556.8275065,67
25.032711,25.027336,0.3773328,0.35598302,1.0896912,1,1,0,0.015075684,0.014221191,25.032715,60,241,0,0,255,2,0,1782505556.8275065,67
25.028078,25.023386,0.32380697,0.36049938,0.7828064,1,1,0,0.012939453,0.014404297,25.028076,60,241,0,0,255,2,0,1782505556.8275065,67
25.031982,25.027864,0.27191988,0.36361098,0.7472534,1,1,0,0.010864258,0.014526367,25.031982,60,241,0,0,255,2,0,1782505556.8275065,67
25.02905,25.0254,0.21995549,0.3666234,0.7568054,1,1,0,0.0087890625,0.0146484375,25.029053,60,241,0,0,255,2,0,1782505556.8275065,67
25.034424,25.021585,0.5773827,0.556139,0.80804443,1,1,0,0.023071289,0.022216797,25.034424,61,241,1,0,255,2,0,1782505556.8275065,67
25.035156,25.02336,0.52547,0.56073815,1.1062012,1,1,0,0.020996094,0.022399902,25.035156,61,241,1,0,255,2,0,1782505556.8275065,67
25.042234,25.031431,0.47214538,0.56395286,0.8121643,1,1,0,0.018859863,0.022521973,25.042236,61,241,1,0,255,2,0,1782505556.8275065,67
25.031738,25.021763,0.4200214,0.56829876,0.88742065,1,1,0,0.016784668,0.022705078,25.031738,61,241,1,0,255,2,0,1782505556.8275065,67
25.035643,25.026436,0.36662441,0.5714428,0.73095703,1,1,0,0.0146484375,0.022827148,25.035645,61,241,1,0,255,2,0,1782505556.8275065,67
25.03076,25.022156,0.3146262,0.57591337,0.8833008,1,1,0,0.012573242,0.023010254,25.030762,61,241,1,0,255,2,0,1782505556.8275065,67
25.03125,25.020819,0.4826391,0.5377394,0.73773193,1,1,0,0.01928711,0.021484375,25.03125,26,242,0,0,255,2,0,1782505556.9273698,68
25.029053,25.01957,0.4306772,0.5376922,0.84262085,1,1,0,0.017211914,0.021484375,25.029053,26,242,0,0,255,2,0,1782505556.9273698,68
25.027098,25.018217,0.59258324,0.305499,0.7307739,1,1,0,0.02368164,0.012207031,25.0271,28,242,0,0,255,2,0,1782505556.9273698,68
25.032225,25.024551,0.5392477,0.30556157,0.72732544,1,1,0,0.02154541,0.012207031,25.032227,28,242,0,0,255,2,0,1782505556.9273698,68
25.031006,25.024397,0.48729196,0.30554667,1.0732117,1,1,0,0.019470215,0.012207031,25.031006,28,242,0,0,255,2,0,1782505556.9273698,68
25.034182,25.028528,0.43541563,0.3055854,0.70391846,1,1,0,0.01739502,0.012207031,25.03418,28,242,0,0,255,2,0,1782505556.9273698,68
25.0271,25.022322,0.38183996,0.305499,0.85910034,1,1,0,0.015258789,0.012207031,25.0271,28,242,0,0,255,2,0,1782505556.9273698,68
25.031252,25.02721,0.32996768,0.30554965,0.7637329,1,1,0,0.013183594,0.012207031,25.03125,28,242,0,0,255,2,0,1782505556.9273698,68
25.03125,25.027857,0.2765031,0.30554965,0.74380493,1,1,0,0.011047363,0.012207031,25.03125,28,242,0,0,255,2,0,1782505556.9273698,68
25.03247,25.029598,0.22457579,0.30556455,0.7862549,1,1,0,0.008972168,0.012207031,25.03247,28,242,0,0,255,2,0,1782505556.9273698,68
25.029543,25.018354,0.5818916,0.47049835,0.8607178,1,1,0,0.023254395,0.018798828,25.029541,29,242,1,0,255,2,0,1782505556.9273698,68
25.034424,25.024387,0.5300757,0.47059014,0.7103882,1,1,0,0.0211792,0.018798828,25.034424,29,242,1,0,255,2,0,1782505556.9273698,68
25.026367,25.01738,0.47799027,0.4704387,0.77853394,1,1,0,0.019104004,0.018798828,25.026367,29,242,1,0,255,2,0,1782505556.9273698,68
25.03418,25.026154,0.42467886,0.47058555,0.7991028,1,1,0,0.016967773,0.018798828,25.03418,29,242,1,0,255,2,0,1782505556.9273698,68
25.028564,25.021397,0.37266067,0.4689526,0.8442688,1,1,0,0.014892578,0.018737793,25.028564,29,242,1,0,255,2,0,1782505556.9273698,68
25.01831,25.011885,0.3190776,0.4687605,0.71383667,1,1,0,0.012756348,0.018737793,25.01831,29,242,1,0,255,2,0,1782505556.9273698,68
25.030762,25.02494,0.26730537,0.46899378,0.8586731,1,1,0,0.010681152,0.018737793,25.030762,29,242,1,0,255,2,0,1782505556.9273698,68
25.02295,25.015242,0.5772363,0.22908875,0.7456665,1,1,0,0.023071289,0.009155273,25.02295,31,242,1,0,255,2,0,1782505556.9273698,68
25.028564,25.022,0.52544147,0.22914016,0.8565979,1,1,0,0.020996094,0.009155273,25.028564,31,242,1,0,255,2,0,1782505556.9273698,68
25.026367,25.021807,0.42002216,0.2275926,0.885376,1,1,0,0.016784668,0.009094238,25.026367,31,242,1,0,255,2,0,1782505556.9273698,68
25.028563,25.02482,0.36812848,0.22761258,0.8586731,1,1,0,0.014709473,0.009094238,25.028564,31,242,1,0,255,2,0,1782505556.9273698,68
25.030762,25.027748,0.31469652,0.22763257,0.8710022,1,1,0,0.012573242,0.009094238,25.030762,31,242,1,0,255,2,0,1782505556.9273698,68
25.019531,25.017118,0.2626405,0.22753043,0.70666504,1,1,0,0.010498047,0.009094238,25.019531,31,242,1,0,255,2,0,1782505556.9273698,68
25.031008,25.023855,0.4842256,0.35137588,0.71606445,1,1,0,0.019348145,0.014038086,25.031006,60,242,0,0,255,2,0,1782505556.9273698,68
25.03247,25.026253,0.43079227,0.35445186,0.69351196,1,1,0,0.017211914,0.014160156,25.03247,60,242,0,0,255,2,0,1782505556.9273698,68
25.031494,25.026741,0.32690594,0.36207625,0.84869385,1,1,0,0.013061523,0.014465332,25.031494,60,242,0,0,255,2,0,1782505556.9273698,68
25.031494,25.027315,0.27344164,0.36665916,0.71432495,1,1,0,0.010925293,0.0146484375,25.031494,60,242,0,0,255,2,0,1782505556.9273698,68
25.028078,25.024366,0.22147387,0.36966395,1.0255432,1,1,0,0.008850098,0.014770508,25.028076,60,242,0,0,255,2,0,1782505556.9273698,68
25.034668,25.021725,0.5789139,0.55919963,0.964447,1,1,0,0.023132324,0.022338867,25.034668,61,242,1,0,255,2,0,1782505556.9273698,68
25.027344,25.016449,0.4733902,0.5666718,0.8935852,1,1,0,0.018920898,0.022644043,25.027344,61,242,1,0,255,2,0,1782505556.9273698,68
25.025146,25.015078,0.42143643,0.5712031,0.7189636,1,1,0,0.016845703,0.022827148,25.025146,61,242,1,0,255,2,0,1782505556.9273698,68
25.030762,25.02144,0.36960626,0.574386,0.81140137,1,1,0,0.014770508,0.022949219,25.030762,61,242,1,0,255,2,0,1782505556.9273698,68
25.023926,25.015234,0.31606624,0.5788099,0.7631531,1,1,0,0.012634277,0.023132324,25.023926,61,242,1,0,255,2,0,1782505556.9273698,68
25.02295,25.01479,0.26414302,0.5818411,0.79086304,1,1,0,0.010559082,0.023254395,25.02295,61,242,1,0,255,2,0,1782505556.9273698,68
25.03247,25.020918,0.5361136,0.5392931,1.2015076,1,1,0,0.02142334,0.02154541,25.03247,26,243,0,0,255,2,0,1782505557.0276423,69
25.026125,25.015633,0.4840665,0.5391564,0.8122864,1,1,0,0.019348145,0.02154541,25.026123,26,243,0,0,255,2,0,1782505557.0276423,69
25.031738,25.022228,0.43225065,0.5377499,0.85562134,1,1,0,0.01727295,0.021484375,25.031738,26,243,0,0,255,2,0,1782505557.0276423,69
25.035156,25.026512,0.3788482,0.5378233,0.81399536,1,1,0,0.015136719,0.021484375,25.035156,26,243,0,0,255,2,0,1782505557.0276423,69
25.03125,25.023338,0.3268615,0.5377394,0.68917847,1,1,0,0.013061523,0.021484375,25.03125,26,243,0,0,255,2,0,1782505557.0276423,69
25.03247,25.0252,0.27341852,0.5377656,0.68917847,1,1,0,0.010925293,0.021484375,25.03247,26,243,0,0,255,2,0,1782505557.0276423,69
25.032715,25.025204,0.53162116,0.30556753,0.7602539,1,1,0,0.021240234,0.012207031,25.032715,28,243,0,0,255,2,0,1782505557.0276423,69
25.026121,25.01969,0.47803444,0.30548707,0.9119568,1,1,0,0.019104004,0.012207031,25.026123,28,243,0,0,255,2,0,1782505557.0276423,69
25.025146,25.020483,0.37417454,0.30547515,0.83654785,1,1,0,0.014953613,0.012207031,25.025146,28,243,0,0,255,2,0,1782505557.0276423,69
25.031006,25.027084,0.3207993,0.30554667,0.82873535,1,1,0,0.012817383,0.012207031,25.031006,28,243,0,0,255,2,0,1782505557.0276423,69
25.03003,25.02672,0.26885206,0.30553475,0.70477295,1,1,0,0.0107421875,0.012207031,25.03003,28,243,0,0,255,2,0,1782505557.0276423,69
25.029541,25.01853,0.57425654,0.47049835,0.9059143,1,1,0,0.022949219,0.018798828,25.029541,29,243,1,0,255,2,0,1782505557.0276423,69
25.027344,25.017502,0.5207642,0.47045705,0.72720337,1,1,0,0.020812988,0.018798828,25.027344,29,243,1,0,255,2,0,1782505557.0276423,69
25.025146,25.016333,0.46880573,0.47041574,0.78060913,1,1,0,0.018737793,0.018798828,25.025146,29,243,1,0,255,2,0,1782505557.0276423,69
25.027346,25.020311,0.3634798,0.46892974,0.8340149,1,1,0,0.014526367,0.018737793,25.027344,29,243,1,0,255,2,0,1782505557.0276423,69
25.029541,25.023209,0.31158438,0.4689709,0.7949829,1,1,0,0.012451172,0.018737793,25.029541,29,243,1,0,255,2,0,1782505557.0276423,69
25.035156,25.028654,0.5225246,0.22920051,1.1318665,1,1,0,0.020874023,0.009155273,25.035156,31,243,1,0,255,2,0,1782505557.0276423,69
25.023926,25.02153,0.2596321,0.2290977,0.7816162,1,1,0,0.010375977,0.009155273,25.023926,31,243,1,0,255,2,0,1782505557.0276423,69
25.032228,25.024094,0.53465366,0.34833762,0.7958069,1,1,0,0.021362305,0.013916016,25.032227,60,243,0,0,255,2,0,1782505557.0276423,69
25.032717,25.025595,0.48273122,0.35139987,0.98480225,1,1,0,0.01928711,0.014038086,25.032715,60,243,0,0,255,2,0,1782505557.0276423,69
25.03003,25.023817,0.42922255,0.35594484,0.71343994,1,1,0,0.017150879,0.014221191,25.03003,60,243,0,0,255,2,0,1782505557.0276423,69
25.03003,25.02461,0.3772917,0.35899997,0.8009949,1,1,0,0.015075684,0.014343262,25.03003,60,243,0,0,255,2,0,1782505557.0276423,69
25.03125,25.026514,0.32384747,0.36360034,0.97351074,1,1,0,0.012939453,0.014526367,25.03125,60,243,0,0,255,2,0,1782505557.0276423,69
25.031738,25.027576,0.27191675,0.36666274,0.84436035,1,1,0,0.010864258,0.0146484375,25.031738,60,243,0,0,255,2,0,1782505557.0276423,69
25.031738,25.028019,0.2199785,0.37124568,0.7420654,1,1,0,0.0087890625,0.014831543,25.031738,60,243,0,0,255,2,0,1782505557.0276423,69
25.041258,25.028315,0.57753795,0.5608749,0.7885132,1,1,0,0.023071289,0.022399902,25.04126,61,243,1,0,255,2,0,1782505557.0276423,69
25.035889,25.024023,0.52548397,0.56380993,1.25,1,1,0,0.020996094,0.022521973,25.035889,61,243,1,0,255,2,0,1782505557.0276423,69
25.026367,25.015467,0.47184426,0.5681768,0.829895,1,1,0,0.018859863,0.022705078,25.026367,61,243,1,0,255,2,0,1782505557.0276423,69
25.025148,25.015104,0.41990963,0.5712031,0.67071533,1,1,0,0.016784668,0.022827148,25.025146,61,243,1,0,255,2,0,1782505557.0276423,69
25.026367,25.017057,0.36648703,0.5758123,0.7005005,1,1,0,0.0146484375,0.023010254,25.026367,61,243,1,0,255,2,0,1782505557.0276423,69
25.029541,25.020866,0.31460997,0.5789398,0.8196411,1,1,0,0.012573242,0.023132324,25.029541,61,243,1,0,255,2,0,1782505557.0276423,69
25.025148,25.016968,0.26263893,0.5834192,0.7867737,1,1,0,0.010498047,0.02331543,25.025146,61,243,1,0,255,2,0,1782505557.0276423,69
25.03247,25.022036,0.4811348,0.5392931,0.81399536,1,1,0,0.019226074,0.02154541,25.03247,26,244,0,0,255,2,0,1782505557.127512,70
25.033445,25.024849,0.37576753,0.5377866,0.94403076,1,1,0,0.015014648,0.021484375,25.033447,26,244,0,0,255,2,0,1782505557.127512,70
25.032957,25.02572,0.27036893,0.5377761,0.58773804,1,1,0,0.010803223,0.021484375,25.032959,26,244,0,0,255,2,0,1782505557.127512,70
25.026125,25.018581,0.53300816,0.30548707,0.69177246,1,1,0,0.02130127,0.012207031,25.026123,28,244,0,0,255,2,0,1782505557.127512,70
25.031982,25.02552,0.4796738,0.3055586,0.72906494,1,1,0,0.019165039,0.012207031,25.031982,28,244,0,0,255,2,0,1782505557.127512,70
25.033934,25.028414,0.42777333,0.30558243,0.95010376,1,1,0,0.017089844,0.012207031,25.033936,28,244,0,0,255,2,0,1782505557.127512,70
25.031982,25.028042,0.32233942,0.3055586,0.7879944,1,1,0,0.012878418,0.012207031,25.031982,28,244,0,0,255,2,0,1782505557.127512,70
25.03003,25.026703,0.27037957,0.30553475,0.73773193,1,1,0,0.010803223,0.012207031,25.03003,28,244,0,0,255,2,0,1782505557.127512,70
25.02295,25.013077,0.5221994,0.47037444,0.7836914,1,1,0,0.020874023,0.018798828,25.02295,29,244,1,0,255,2,0,1782505557.127512,70
25.02881,25.019966,0.47040147,0.47048458,0.71347046,1,1,0,0.018798828,0.018798828,25.028809,29,244,1,0,255,2,0,1782505557.127512,70
25.0376,25.029675,0.41862607,0.47064978,1.3886414,1,1,0,0.016723633,0.018798828,25.037598,29,244,1,0,255,2,0,1782505557.127512,70
25.025146,25.017403,0.5788139,0.22910887,0.80526733,1,1,0,0.023132324,0.009155273,25.025146,31,244,1,0,255,2,0,1782505557.127512,70
25.026367,25.019802,0.52539533,0.22912005,0.8216858,1,1,0,0.020996094,0.009155273,25.026367,31,244,1,0,255,2,0,1782505557.127512,70
25.034424,25.028894,0.4736257,0.2291938,0.70526123,1,1,0,0.018920898,0.009155273,25.034424,31,244,1,0,255,2,0,1782505557.127512,70
25.034668,25.03091,0.36821803,0.22919604,0.82785034,1,1,0,0.014709473,0.009155273,25.034668,31,244,1,0,255,2,0,1782505557.127512,70
25.027344,25.024311,0.3161809,0.22760148,0.77545166,1,1,0,0.012634277,0.009094238,25.027344,31,244,1,0,255,2,0,1782505557.127512,70
25.029541,25.027126,0.2627456,0.22762147,0.6850891,1,1,0,0.010498047,0.009094238,25.029541,31,244,1,0,255,2,0,1782505557.127512,70
25.0271,25.017689,0.5895151,0.35132104,0.65625,1,1,0,0.02355957,0.014038086,25.0271,60,244,0,0,255,2,0,1782505557.127512,70
25.031008,25.022861,0.5361553,0.346793,0.7489929,1,1,0,0.02142334,0.0138549805,25.031006,60,244,0,0,255,2,0,1782505557.127512,70
25.027098,25.019949,0.48415002,0.35132104,0.71084595,1,1,0,0.019348145,0.014038086,25.0271,60,244,0,0,255,2,0,1782505557.127512,70
25.025146,25.019705,0.37874517,0.35892993,0.6545105,1,1,0,0.015136719,0.014343262,25.025146,60,244,0,0,255,2,0,1782505557.127512,70
25.027098,25.022346,0.32684854,0.36201268,0.70825195,1,1,0,0.013061523,0.014465332,25.0271,60,244,0,0,255,2,0,1782505557.127512,70
25.028076,25.023897,0.2734043,0.3666091,0.71084595,1,1,0,0.010925293,0.0146484375,25.028076,60,244,0,0,255,2,0,1782505557.127512,70
25.03125,25.02754,0.22150196,0.36971083,1.0255432,1,1,0,0.008850098,0.014770508,25.03125,60,244,0,0,255,2,0,1782505557.127512,70
25.031006,25.018064,0.5788292,0.55911785,0.6548767,1,1,0,0.023132324,0.022338867,25.031006,61,244,1,0,255,2,0,1782505557.127512,70
25.032957,25.02106,0.52694964,0.56374395,0.907959,1,1,0,0.021057129,0.022521973,25.032959,61,244,1,0,255,2,0,1782505557.127512,70
25.02295,25.012056,0.47330707,0.5665723,0.7189636,1,1,0,0.018920898,0.022644043,25.02295,61,244,1,0,255,2,0,1782505557.127512,70
25.031738,25.021667,0.4215474,0.5713536,0.8483887,1,1,0,0.016845703,0.022827148,25.031738,61,244,1,0,255,2,0,1782505557.127512,70
25.015137,25.006449,0.31595522,0.5786066,0.60806274,1,1,0,0.012634277,0.023132324,25.015137,61,244,1,0,255,2,0,1782505557.127512,70
25.023926,25.015766,0.26415333,0.5818638,0.76828,1,1,0,0.010559082,0.023254395,25.023926,61,244,1,0,255,2,0,1782505557.127512,70
25.033937,25.022415,0.5361457,0.5377971,0.7307739,1,1,0,0.02142334,0.021484375,25.033936,26,245,0,0,255,2,0,1782505557.2276678,71
25.029053,25.018593,0.48412374,0.5376922,0.72473145,1,1,0,0.019348145,0.021484375,25.029053,26,245,0,0,255,2,0,1782505557.2276678,71
25.031738,25.023094,0.37879646,0.5377499,0.68310547,1,1,0,0.015136719,0.021484375,25.031738,26,245,0,0,255,2,0,1782505557.2276678,71
25.027098,25.020344,0.22143827,0.5376502,0.84436035,1,1,0,0.008850098,0.021484375,25.0271,26,245,0,0,255,2,0,1782505557.2276678,71
25.031982,25.023243,0.58658963,0.3055586,0.7637329,1,1,0,0.0234375,0.012207031,25.031982,28,245,0,0,255,2,0,1782505557.2276678,71
25.03003,25.024483,0.429234,0.30553475,0.70651245,1,1,0,0.017150879,0.012207031,25.03003,28,245,0,0,255,2,0,1782505557.2276678,71
25.033934,25.029224,0.37736127,0.30558243,0.83480835,1,1,0,0.015075684,0.012207031,25.033936,28,245,0,0,255,2,0,1782505557.2276678,71
25.02295,25.015873,0.36646968,0.4688474,0.6748047,1,1,0,0.0146484375,0.018737793,25.02295,29,245,1,0,255,2,0,1782505557.2276678,71
25.031738,25.02598,0.26120594,0.46901208,0.8565979,1,1,0,0.010437012,0.018737793,25.031738,29,245,1,0,255,2,0,1782505557.2276678,71
25.032957,25.025267,0.5759394,0.23070821,0.9428711,1,1,0,0.023010254,0.009216309,25.032959,31,245,1,0,255,2,0,1782505557.2276678,71
25.043457,25.036953,0.52269787,0.22927651,0.81832886,1,1,0,0.020874023,0.009155273,25.043457,31,245,1,0,255,2,0,1782505557.2276678,71
25.025146,25.020624,0.41694716,0.22910887,0.8730469,1,1,0,0.016662598,0.009155273,25.025146,31,245,1,0,255,2,0,1782505557.2276678,71
25.031738,25.029343,0.25971317,0.22916922,0.8586731,1,1,0,0.010375977,0.009155273,25.031738,31,245,1,0,255,2,0,1782505557.2276678,71
25.031008,25.021746,0.5850265,0.34832063,0.71343994,1,1,0,0.023376465,0.013916016,25.031006,60,245,0,0,255,2,0,1782505557.2276678,71
25.024172,25.016071,0.5329547,0.3482255,0.7940674,1,1,0,0.02130127,0.013916016,25.02417,60,245,0,0,255,2,0,1782505557.2276678,71
25.031738,25.024675,0.47965762,0.35138616,1.0549927,1,1,0,0.019165039,0.014038086,25.031738,60,245,0,0,255,2,0,1782505557.2276678,71
25.03247,25.026306,0.42773727,0.35445186,0.68136597,1,1,0,0.017089844,0.014160156,25.03247,60,245,0,0,255,2,0,1782505557.2276678,71
25.03247,25.027075,0.37580097,0.35903496,0.86602783,1,1,0,0.015014648,0.014343262,25.03247,60,245,0,0,255,2,0,1782505557.2276678,71
25.02124,25.016548,0.3221914,0.36192793,0.82873535,1,1,0,0.012878418,0.014465332,25.02124,60,245,0,0,255,2,0,1782505557.2276678,71
25.032227,25.02808,0.27039444,0.3666699,0.8009949,1,1,0,0.010803223,0.0146484375,25.032227,60,245,0,0,255,2,0,1782505557.2276678,71
25.042234,25.03043,0.52256167,0.56395286,0.87384033,1,1,0,0.020874023,0.022521973,25.042236,61,245,1,0,255,2,0,1782505557.2276678,71
25.043459,25.032614,0.47063926,0.5670366,0.8944092,1,1,0,0.018798828,0.022644043,25.043457,61,245,1,0,255,2,0,1782505557.2276678,71
25.032959,25.022938,0.41851342,0.57138145,0.885376,1,1,0,0.016723633,0.022827148,25.032959,61,245,1,0,255,2,0,1782505557.2276678,71
25.031738,25.022484,0.36503893,0.5744084,0.76623535,1,1,0,0.014587402,0.022949219,25.031738,61,245,1,0,255,2,0,1782505557.2276678,71
25.032957,25.024302,0.31312558,0.57901883,0.78060913,1,1,0,0.012512207,0.023132324,25.032959,61,245,1,0,255,2,0,1782505557.2276678,71
25.027342,25.019213,0.2611353,0.5819433,0.7713623,1,1,0,0.010437012,0.023254395,25.027344,61,245,1,0,255,2,0,1782505557.2276678,71
25.052246,25.039516,0.58850026,0.53971916,0.7810364,1,1,0,0.023498535,0.02154541,25.052246,26,246,0,0,255,2,0,1782505557.3271656,72
25.02905,25.018621,0.48259673,0.5376922,0.8027344,1,1,0,0.01928711,0.021484375,25.029053,26,246,0,0,255,2,0,1782505557.3271656,72
25.028076,25.018595,0.43066043,0.5376712,0.82354736,1,1,0,0.017211914,0.021484375,25.028076,26,246,0,0,255,2,0,1782505557.3271656,72
25.020264,25.011646,0.37709627,0.53750336,0.82006836,1,1,0,0.015075684,0.021484375,25.020264,26,246,0,0,255,2,0,1782505557.3271656,72
25.03125,25.02731,0.32232997,0.30554965,0.7637329,1,1,0,0.012878418,0.012207031,25.03125,28,246,0,0,255,2,0,1782505557.3271656,72
25.032959,25.02305,0.5239356,0.4705626,1.1020813,1,1,0,0.020935059,0.018798828,25.032959,29,246,1,0,255,2,0,1782505557.3271656,72
25.032959,25.025902,0.3650888,0.46903494,0.75390625,1,1,0,0.014587402,0.018737793,25.032959,29,246,1,0,255,2,0,1782505557.3271656,72
25.030762,25.024408,0.3131269,0.46899378,0.7241211,1,1,0,0.012512207,0.018737793,25.030762,29,246,1,0,255,2,0,1782505557.3271656,72
25.03662,25.030085,0.5240829,0.22921392,0.61065674,1,1,0,0.020935059,0.009155273,25.036621,31,246,1,0,255,2,0,1782505557.3271656,72
25.03003,25.024529,0.47201517,0.22915357,0.6713257,1,1,0,0.018859863,0.009155273,25.03003,31,246,1,0,255,2,0,1782505557.3271656,72
25.03296,25.029224,0.36666527,0.2291804,0.9552002,1,1,0,0.0146484375,0.009155273,25.032959,31,246,1,0,255,2,0,1782505557.3271656,72
25.032957,25.03056,0.26125374,0.22765255,0.92440796,1,1,0,0.010437012,0.009094238,25.032959,31,246,1,0,255,2,0,1782505557.3271656,72
25.03296,25.024738,0.53466743,0.35445878,0.68136597,1,1,0,0.021362305,0.014160156,25.032959,60,246,0,0,255,2,0,1782505557.3271656,72
25.028074,25.021929,0.4291902,0.35133475,0.70391846,1,1,0,0.017150879,0.014038086,25.028076,60,246,0,0,255,2,0,1782505557.3271656,72
25.032959,25.028269,0.32539806,0.35904196,0.94403076,1,1,0,0.013000488,0.014343262,25.032959,60,246,0,0,255,2,0,1782505557.3271656,72
25.031738,25.028086,0.21997909,0.36666274,0.83480835,1,1,0,0.0087890625,0.0146484375,25.031738,60,246,0,0,255,2,0,1782505557.3271656,72
25.031738,25.018902,0.57732075,0.5560793,0.8565979,1,1,0,0.023071289,0.022216797,25.031738,61,246,1,0,255,2,0,1782505557.3271656,72
25.034424,25.022627,0.52545464,0.56072176,0.72579956,1,1,0,0.020996094,0.022399902,25.034424,61,246,1,0,255,2,0,1782505557.3271656,72
25.037842,25.02704,0.47206256,0.5638539,0.6949768,1,1,0,0.018859863,0.022521973,25.037842,61,246,1,0,255,2,0,1782505557.3271656,72
25.030762,25.020786,0.42000502,0.5682766,0.91207886,1,1,0,0.016784668,0.022705078,25.030762,61,246,1,0,255,2,0,1782505557.3271656,72
25.035643,25.027039,0.31468758,0.5760257,0.74328613,1,1,0,0.012573242,0.023010254,25.035645,61,246,1,0,255,2,0,1782505557.3271656,72
25.028563,25.020489,0.2626759,0.5789172,0.8935852,1,1,0,0.010498047,0.023132324,25.028564,61,246,1,0,255,2,0,1782505557.3271656,72
25.030027,25.019627,0.4810885,0.53771317,0.86343384,1,1,0,0.019226074,0.021484375,25.03003,26,247,0,0,255,2,0,1782505557.4272122,73
25.032713,25.023256,0.42921296,0.53777087,0.70825195,1,1,0,0.017150879,0.021484375,25.032715,26,247,0,0,255,2,0,1782505557.4272122,73
25.032225,25.023628,0.3757492,0.5377604,0.84695435,1,1,0,0.015014648,0.021484375,25.032227,26,247,0,0,255,2,0,1782505557.4272122,73
25.032959,25.025087,0.323829,0.5377761,0.7550659,1,1,0,0.012939453,0.021484375,25.032959,26,247,0,0,255,2,0,1782505557.4272122,73
25.032227,25.024973,0.27188846,0.5377604,0.68569946,1,1,0,0.010864258,0.021484375,25.032227,26,247,0,0,255,2,0,1782505557.4272122,73
25.032469,25.023766,0.58507377,0.30556455,0.8122864,1,1,0,0.023376465,0.012207031,25.03247,28,247,0,0,255,2,0,1782505557.4272122,73
25.02905,25.02259,0.47961766,0.30552283,0.7455139,1,1,0,0.019165039,0.012207031,25.029053,28,247,0,0,255,2,0,1782505557.4272122,73
25.028074,25.022556,0.4276732,0.3055109,0.7680664,1,1,0,0.017089844,0.012207031,25.028076,28,247,0,0,255,2,0,1782505557.4272122,73
25.033936,25.02925,0.3758336,0.30558243,0.7698059,1,1,0,0.015014648,0.012207031,25.033936,28,247,0,0,255,2,0,1782505557.4272122,73
25.033447,25.029507,0.32235828,0.30557647,0.82354736,1,1,0,0.012878418,0.012207031,25.033447,28,247,0,0,255,2,0,1782505557.4272122,73
25.028564,25.020672,0.41847554,0.4689526,0.9408264,1,1,0,0.016723633,0.018737793,25.028564,29,247,1,0,255,2,0,1782505557.4272122,73
25.037844,25.030785,0.36516002,0.46912643,0.79159546,1,1,0,0.014587402,0.018737793,25.037842,29,247,1,0,255,2,0,1782505557.4272122,73
25.027342,25.019653,0.57581025,0.23065646,0.6645508,1,1,0,0.023010254,0.009216309,25.027344,31,247,1,0,255,2,0,1782505557.4272122,73
25.028078,25.018745,0.5880121,0.34827986,0.70825195,1,1,0,0.023498535,0.013916016,25.028076,60,247,0,0,255,2,0,1782505557.4272122,73
25.028076,25.022657,0.37878984,0.35744452,0.7307739,1,1,0,0.015136719,0.014282227,25.028076,60,247,0,0,255,2,0,1782505557.4272122,73
25.031008,25.026295,0.3253724,0.36054158,0.97177124,1,1,0,0.013000488,0.014404297,25.031006,60,247,0,0,255,2,0,1782505557.4272122,73
25.033205,25.029047,0.27346057,0.36515647,0.83654785,1,1,0,0.010925293,0.014587402,25.033203,60,247,0,0,255,2,0,1782505557.4272122,73
25.03003,25.02634,0.22149134,0.36816525,0.7585144,1,1,0,0.008850098,0.014709473,25.03003,60,247,0,0,255,2,0,1782505557.4272122,73
25.030762,25.018934,0.5269048,0.56063974,1.1359863,1,1,0,0.021057129,0.022399902,25.030762,61,247,1,0,255,2,0,1782505557.4272122,73
25.031738,25.021702,0.421548,0.5698261,0.70458984,1,1,0,0.016845703,0.022766113,25.031738,61,247,1,0,255,2,0,1782505557.4272122,73
25.032227,25.022963,0.36810112,0.5728922,0.6548767,1,1,0,0.014709473,0.022888184,25.032227,61,247,1,0,255,2,0,1782505557.4272122,73
25.023926,25.015268,0.31606665,0.577283,0.77853394,1,1,0,0.012634277,0.023071289,25.023926,61,247,1,0,255,2,0,1782505557.4272122,73
25.036623,25.028494,0.2642877,0.5806313,0.7720642,1,1,0,0.010559082,0.02319336,25.036621,61,247,1,0,255,2,0,1782505557.4272122,73
25.049314,25.036589,0.5884315,0.53965604,0.72631836,1,1,0,0.023498535,0.02154541,25.049316,26,248,0,0,255,2,0,1782505557.5280497,74
25.02124,25.009691,0.5358731,0.5390512,1.0879517,1,1,0,0.02142334,0.02154541,25.02124,26,248,0,0,255,2,0,1782505557.5280497,74
25.020266,25.011625,0.37862283,0.53750336,0.7403259,1,1,0,0.015136719,0.021484375,25.020264,26,248,0,0,255,2,0,1782505557.5280497,74
25.031982,25.02409,0.32534373,0.53775513,0.71084595,1,1,0,0.013000488,0.021484375,25.031982,26,248,0,0,255,2,0,1782505557.5280497,74
25.03003,25.023272,0.22146419,0.53771317,0.7715454,1,1,0,0.008850098,0.021484375,25.03003,26,248,0,0,255,2,0,1782505557.5280497,74
25.02905,25.02348,0.43074453,0.30552283,0.71084595,1,1,0,0.017211914,0.012207031,25.029053,28,248,0,0,255,2,0,1782505557.5280497,74
25.023193,25.019836,0.27335992,0.3054513,0.70999146,1,1,0,0.010925293,0.012207031,25.023193,28,248,0,0,255,2,0,1782505557.5280497,74
25.0271,25.024273,0.22147304,0.30397156,0.7637329,1,1,0,0.008850098,0.012145996,25.0271,28,248,0,0,255,2,0,1782505557.5280497,74
25.026367,25.016397,0.5268514,0.4704387,0.9921875,1,1,0,0.021057129,0.018798828,25.026367,29,248,1,0,255,2,0,1782505557.5280497,74
25.029541,25.023151,0.31616625,0.4689709,0.82785034,1,1,0,0.012634277,0.018737793,25.029541,29,248,1,0,255,2,0,1782505557.5280497,74
25.025145,25.017437,0.57728696,0.22910887,0.65838623,1,1,0,0.023071289,0.009155273,25.025146,31,248,1,0,255,2,0,1782505557.5280497,74
25.021729,25.017155,0.41994408,0.22907758,0.7097168,1,1,0,0.016784668,0.009155273,25.021729,31,248,1,0,255,2,0,1782505557.5280497,74
25.025146,25.022732,0.26269946,0.2275815,0.8586731,1,1,0,0.010498047,0.009094238,25.025146,31,248,1,0,255,2,0,1782505557.5280497,74
25.032225,25.022942,0.5850545,0.3498653,1.0272522,1,1,0,0.023376465,0.013977051,25.032227,60,248,0,0,255,2,0,1782505557.5280497,74
25.031004,25.022839,0.5330989,0.3529035,0.8868408,1,1,0,0.02130127,0.014099121,25.031006,60,248,0,0,255,2,0,1782505557.5280497,74
25.03247,25.025429,0.47967204,0.3498687,0.6683655,1,1,0,0.019165039,0.013977051,25.03247,60,248,0,0,255,2,0,1782505557.5280497,74
25.031982,25.025839,0.42772928,0.35291725,0.70477295,1,1,0,0.017089844,0.014099121,25.031982,60,248,0,0,255,2,0,1782505557.5280497,74
25.031008,25.025656,0.37425187,0.35748634,0.8070679,1,1,0,0.014953613,0.014282227,25.031006,60,248,0,0,255,2,0,1782505557.5280497,74
25.020752,25.008991,0.5221141,0.5619423,0.71795654,1,1,0,0.020874023,0.022460938,25.020752,61,248,1,0,255,2,0,1782505557.5280497,74
25.026367,25.016409,0.41687694,0.5697039,0.71383667,1,1,0,0.016662598,0.022766113,25.026367,61,248,1,0,255,2,0,1782505557.5280497,74
25.027342,25.018126,0.36497536,0.57278043,0.81347656,1,1,0,0.014587402,0.022888184,25.027344,61,248,1,0,255,2,0,1782505557.5280497,74
25.029541,25.021463,0.25963143,0.5804671,0.87713623,1,1,0,0.010375977,0.02319336,25.029541,61,248,1,0,255,2,0,1782505557.5280497,74
25.025146,25.012539,0.5832838,0.53913534,0.8027344,1,1,0,0.02331543,0.02154541,25.025146,26,249,0,0,255,2,0,1782505557.6275952,75
25.031006,25.019585,0.53150177,0.53773415,0.6423645,1,1,0,0.021240234,0.021484375,25.031006,26,249,0,0,255,2,0,1782505557.6275952,75
25.03003,25.019657,0.4795614,0.53771317,0.70825195,1,1,0,0.019165039,0.021484375,25.03003,26,249,0,0,255,2,0,1782505557.6275952,75
25.028076,25.018673,0.42607936,0.5376712,0.71343994,1,1,0,0.017028809,0.021484375,25.028076,26,249,0,0,255,2,0,1782505557.6275952,75
25.026123,25.01755,0.37413067,0.53762925,0.70043945,1,1,0,0.014953613,0.021484375,25.026123,26,249,0,0,255,2,0,1782505557.6275952,75
25.028076,25.020857,0.26878908,0.5376712,0.7507324,1,1,0,0.0107421875,0.021484375,25.028076,26,249,0,0,255,2,0,1782505557.6275952,75
25.031248,25.022438,0.589627,0.30554965,0.82528687,1,1,0,0.02355957,0.012207031,25.03125,28,249,0,0,255,2,0,1782505557.6275952,75
25.02417,25.016563,0.53602034,0.30546322,0.72125244,1,1,0,0.02142334,0.012207031,25.02417,28,249,0,0,255,2,0,1782505557.6275952,75
25.03247,25.02592,0.48426557,0.30556455,0.70825195,1,1,0,0.019348145,0.012207031,25.03247,28,249,0,0,255,2,0,1782505557.6275952,75
25.031006,25.026274,0.3788446,0.30554667,0.82873535,1,1,0,0.015136719,0.012207031,25.031006,28,249,0,0,255,2,0,1782505557.6275952,75
25.030762,25.019644,0.57886577,0.4705213,0.9182434,1,1,0,0.023132324,0.018798828,25.030762,29,249,1,0,255,2,0,1782505557.6275952,75
25.030762,25.020792,0.526944,0.4705213,0.9038696,1,1,0,0.021057129,0.018798828,25.030762,29,249,1,0,255,2,0,1782505557.6275952,75
25.04004,25.032913,0.36977574,0.4691676,0.7371216,1,1,0,0.014770508,0.018737793,25.04004,29,249,1,0,255,2,0,1782505557.6275952,75
25.025146,25.018757,0.31611073,0.46888855,0.6255188,1,1,0,0.012634277,0.018737793,25.025146,29,249,1,0,255,2,0,1782505557.6275952,75
25.034182,25.02839,0.26428664,0.4690578,0.8710022,1,1,0,0.010559082,0.018737793,25.03418,29,249,1,0,255,2,0,1782505557.6275952,75
25.03076,25.02312,0.574362,0.22916028,0.93673706,1,1,0,0.022949219,0.009155273,25.030762,31,249,1,0,255,2,0,1782505557.6275952,75
25.021729,25.018017,0.36497378,0.22907758,0.7446594,1,1,0,0.014587402,0.009155273,25.021729,31,249,1,0,255,2,0,1782505557.6275952,75
25.03003,25.020725,0.58500266,0.35136217,1.0636597,1,1,0,0.023376465,0.014038086,25.03003,60,249,0,0,255,2,0,1782505557.6275952,75
25.027102,25.018915,0.53301525,0.3543758,0.86343384,1,1,0,0.02130127,0.014160156,25.0271,60,249,0,0,255,2,0,1782505557.6275952,75
25.029053,25.0237,0.3757503,0.35593095,0.85910034,1,1,0,0.015014648,0.014221191,25.029053,60,249,0,0,255,2,0,1782505557.6275952,75
25.031984,25.027311,0.32233,0.36055562,0.85302734,1,1,0,0.012878418,0.014404297,25.031982,60,249,0,0,255,2,0,1782505557.6275952,75
25.031006,25.026882,0.2703815,0.3651244,0.70217896,1,1,0,0.010803223,0.014587402,25.031006,60,249,0,0,255,2,0,1782505557.6275952,75
25.030762,25.017925,0.5757705,0.557585,0.9901428,1,1,0,0.023010254,0.022277832,25.030762,61,249,1,0,255,2,0,1782505557.6275952,75
25.022951,25.011223,0.52216065,0.56046474,0.7395325,1,1,0,0.020874023,0.022399902,25.02295,61,249,1,0,255,2,0,1782505557.6275952,75
25.028566,25.018616,0.41844112,0.5682267,0.70150757,1,1,0,0.016723633,0.022705078,25.028564,61,249,1,0,255,2,0,1782505557.6275952,75
25.031736,25.022518,0.36503944,0.572881,0.90179443,1,1,0,0.014587402,0.022888184,25.031738,61,249,1,0,255,2,0,1782505557.6275952,75
25.031738,25.024162,0.5346551,0.3055556,0.7403259,1,1,0,0.021362305,0.012207031,25.031738,28,250,0,0,255,2,0,1782505557.7272124,76
25.031006,25.027046,0.32385436,0.30554667,0.83654785,1,1,0,0.012939453,0.012207031,25.031006,28,250,0,0,255,2,0,1782505557.7272124,76
25.029541,25.01846,0.57731056,0.47049835,0.91000366,1,1,0,0.023071289,0.018798828,25.029541,29,250,1,0,255,2,0,1782505557.7272124,76
25.02295,25.014078,0.47181806,0.47037444,0.8710022,1,1,0,0.018859863,0.018798828,25.02295,29,250,1,0,255,2,0,1782505557.7272124,76
25.030762,25.023682,0.36658406,0.46899378,0.88742065,1,1,0,0.0146484375,0.018737793,25.030762,29,250,1,0,255,2,0,1782505557.7272124,76
25.028564,25.020926,0.57431155,0.22914016,0.82580566,1,1,0,0.022949219,0.009155273,25.028564,31,250,1,0,255,2,0,1782505557.7272124,76
25.027344,25.024961,0.25966772,0.22760148,0.8422241,1,1,0,0.010375977,0.009094238,25.027344,31,250,1,0,255,2,0,1782505557.7272124,76
25.031006,25.02173,0.5865542,0.346793,0.71432495,1,1,0,0.0234375,0.0138549805,25.031006,60,250,0,0,255,2,0,1782505557.7272124,76
25.026123,25.017948,0.53452235,0.35130733,0.97525024,1,1,0,0.021362305,0.014038086,25.026123,60,250,0,0,255,2,0,1782505557.7272124,76
25.027102,25.02091,0.42917272,0.3543758,0.70739746,1,1,0,0.017150879,0.014160156,25.0271,60,250,0,0,255,2,0,1782505557.7272124,76
25.026125,25.020727,0.37723315,0.35741663,0.69525146,1,1,0,0.015075684,0.014282227,25.026123,60,250,0,0,255,2,0,1782505557.7272124,76
25.029055,25.02434,0.32381934,0.36204094,1.0506592,1,1,0,0.012939453,0.014465332,25.029053,60,250,0,0,255,2,0,1782505557.7272124,76
25.029053,25.025356,0.2199551,0.36967838,0.7307739,1,1,0,0.0087890625,0.014770508,25.029053,60,250,0,0,255,2,0,1782505557.7272124,76
25.030762,25.017857,0.5772966,0.55911237,0.72720337,1,1,0,0.023071289,0.022338867,25.030762,61,250,1,0,255,2,0,1782505557.7272124,76
25.036865,25.025032,0.5255052,0.5623042,1.1400757,1,1,0,0.020996094,0.022460938,25.036865,61,250,1,0,255,2,0,1782505557.7272124,76
25.030027,25.020752,0.36654118,0.5743692,0.6034851,1,1,0,0.0146484375,0.022949219,25.03003,61,250,1,0,255,2,0,1782505557.7272124,76
25.029543,25.020903,0.31461045,0.57741255,0.8422241,1,1,0,0.012573242,0.023071289,25.029541,61,250,1,0,255,2,0,1782505557.7272124,76
25.023928,25.015783,0.2626265,0.5818638,0.80526733,1,1,0,0.010498047,0.023254395,25.023926,61,250,1,0,255,2,0,1782505557.7272124,76
25.051268,25.038576,0.5869491,0.5396981,0.8653259,1,1,0,0.0234375,0.02154541,25.05127,26,251,0,0,255,2,0,1782505557.8277178,77
25.029053,25.017567,0.5345142,0.5376922,0.70132446,1,1,0,0.021362305,0.021484375,25.029053,26,251,0,0,255,2,0,1782505557.8277178,77
25.032715,25.022312,0.4811401,0.53777087,0.9310303,1,1,0,0.019226074,0.021484375,25.032715,26,251,0,0,255,2,0,1782505557.8277178,77
25.031982,25.023361,0.37727287,0.53775513,0.7897339,1,1,0,0.015075684,0.021484375,25.031982,26,251,0,0,255,2,0,1782505557.8277178,77
25.026125,25.018253,0.32374057,0.53762925,0.646698,1,1,0,0.012939453,0.021484375,25.026123,26,251,0,0,255,2,0,1782505557.8277178,77
25.029053,25.0218,0.27185398,0.5376922,0.72125244,1,1,0,0.010864258,0.021484375,25.029053,26,251,0,0,255,2,0,1782505557.8277178,77
25.02905,25.021477,0.53459775,0.30552283,0.7637329,1,1,0,0.021362305,0.012207031,25.029053,28,251,0,0,255,2,0,1782505557.8277178,77
25.030027,25.024456,0.43076134,0.30553475,0.7749939,1,1,0,0.017211914,0.012207031,25.03003,28,251,0,0,255,2,0,1782505557.8277178,77
25.03247,25.029657,0.2199929,0.3040368,1.0749512,1,1,0,0.0087890625,0.012145996,25.03247,28,251,0,0,255,2,0,1782505557.8277178,77
25.034182,25.023096,0.5774175,0.47058555,0.84017944,1,1,0,0.023071289,0.018798828,25.03418,29,251,1,0,255,2,0,1782505557.8277178,77
25.030762,25.022842,0.42003953,0.46899378,0.78060913,1,1,0,0.016784668,0.018737793,25.030762,29,251,1,0,255,2,0,1782505557.8277178,77
25.03003,25.022354,0.57587236,0.22915357,0.67544556,1,1,0,0.023010254,0.009155273,25.03003,31,251,1,0,255,2,0,1782505557.8277178,77
25.035643,25.029093,0.5240621,0.23073296,0.68573,1,1,0,0.020935059,0.009216309,25.035645,31,251,1,0,255,2,0,1782505557.8277178,77
25.02954,25.027128,0.26121792,0.2291491,0.7364502,1,1,0,0.010437012,0.009155273,25.029541,31,251,1,0,255,2,0,1782505557.8277178,77
25.026125,25.016792,0.5879662,0.34825268,0.68569946,1,1,0,0.023498535,0.013916016,25.026123,60,251,0,0,255,2,0,1782505557.8277178,77
25.025148,25.01695,0.534501,0.35282087,0.7455139,1,1,0,0.021362305,0.014099121,25.025146,60,251,0,0,255,2,0,1782505557.8277178,77
25.031736,25.025541,0.43078002,0.3529138,0.84002686,1,1,0,0.017211914,0.014099121,25.031738,60,251,0,0,255,2,0,1782505557.8277178,77
25.032225,25.02685,0.37732548,0.35597607,0.84002686,1,1,0,0.015075684,0.014221191,25.032227,60,251,0,0,255,2,0,1782505557.8277178,77
25.031738,25.027603,0.27344477,0.36360744,0.673584,1,1,0,0.010925293,0.014526367,25.031738,60,251,0,0,255,2,0,1782505557.8277178,77
25.03247,25.028795,0.21998532,0.36820117,0.8894348,1,1,0,0.0087890625,0.014709473,25.03247,60,251,0,0,255,2,0,1782505557.8277178,77
25.03662,25.023746,0.5774326,0.55771554,0.74124146,1,1,0,0.023071289,0.022277832,25.036621,61,251,1,0,255,2,0,1782505557.8277178,77
25.030762,25.018967,0.5253778,0.56063974,0.7610779,1,1,0,0.020996094,0.022399902,25.030762,61,251,1,0,255,2,0,1782505557.8277178,77
25.035887,25.025024,0.47355247,0.5653376,0.88946533,1,1,0,0.018920898,0.022583008,25.035889,61,251,1,0,255,2,0,1782505557.8277178,77
25.034666,25.025402,0.36813703,0.57294804,0.87713623,1,1,0,0.014709473,0.022888184,25.034668,61,251,1,0,255,2,0,1782505557.8277178,77
25.028563,25.019941,0.3161257,0.5758628,0.980896,1,1,0,0.012634277,0.023010254,25.028564,61,251,1,0,255,2,0,1782505557.8277178,77
25.030764,25.022652,0.26269862,0.5804954,0.8360596,1,1,0,0.010498047,0.02319336,25.030762,61,251,1,0,255,2,0,1782505557.8277178,77
25.03003,25.017414,0.5849253,0.53771317,1.1399536,1,1,0,0.023376465,0.021484375,25.03003,26,252,0,0,255,2,0,1782505557.9281552,78
25.031252,25.019796,0.533034,0.5377394,0.7940674,1,1,0,0.02130127,0.021484375,25.03125,26,252,0,0,255,2,0,1782505557.9281552,78
25.031494,25.024256,0.2703531,0.53774464,0.7585144,1,1,0,0.010803223,0.021484375,25.031494,26,252,0,0,255,2,0,1782505557.9281552,78
25.031738,25.027027,0.37732816,0.3055556,0.83480835,1,1,0,0.015075684,0.012207031,25.031738,28,252,0,0,255,2,0,1782505557.9281552,78
25.03296,25.029617,0.27193892,0.3055705,0.82354736,1,1,0,0.010864258,0.012207031,25.032959,28,252,0,0,255,2,0,1782505557.9281552,78
25.031982,25.02915,0.21998844,0.3055586,0.7663269,1,1,0,0.0087890625,0.012207031,25.031982,28,252,0,0,255,2,0,1782505557.9281552,78
25.043457,25.032368,0.5776315,0.47075993,0.8553467,1,1,0,0.023071289,0.018798828,25.043457,29,252,1,0,255,2,0,1782505557.9281552,78
25.021729,25.012857,0.47179502,0.4703515,0.7189636,1,1,0,0.018859863,0.018798828,25.021729,29,252,1,0,255,2,0,1782505557.9281552,78
25.032959,25.025827,0.3681433,0.4705626,0.88946533,1,1,0,0.014709473,0.018798828,25.032959,29,252,1,0,255,2,0,1782505557.9281552,78
25.035643,25.029062,0.52558976,0.23073296,0.7515259,1,1,0,0.020996094,0.009216309,25.035645,31,252,1,0,255,2,0,1782505557.9281552,78
25.02075,25.016178,0.4199277,0.22906864,0.7127991,1,1,0,0.016784668,0.009155273,25.020752,31,252,1,0,255,2,0,1782505557.9281552,78
25.031738,25.02798,0.36817494,0.22916922,0.8977051,1,1,0,0.014709473,0.009155273,25.031738,31,252,1,0,255,2,0,1782505557.9281552,78
25.026367,25.023321,0.3161684,0.22912005,0.750824,1,1,0,0.012634277,0.009155273,25.026367,31,252,1,0,255,2,0,1782505557.9281552,78
25.032717,25.023418,0.58659375,0.34834442,0.7958069,1,1,0,0.0234375,0.013916016,25.032715,60,252,0,0,255,2,0,1782505557.9281552,78
25.03125,25.02305,0.5346314,0.3529069,1.1919861,1,1,0,0.021362305,0.014099121,25.03125,60,252,0,0,255,2,0,1782505557.9281552,78
25.034178,25.02715,0.48123315,0.34683698,0.84002686,1,1,0,0.019226074,0.0138549805,25.03418,60,252,0,0,255,2,0,1782505557.9281552,78
25.033934,25.027807,0.42929104,0.3498892,0.7472534,1,1,0,0.017150879,0.013977051,25.033936,60,252,0,0,255,2,0,1782505557.9281552,78
25.031982,25.026651,0.3757946,0.35444495,0.83306885,1,1,0,0.015014648,0.014160156,25.031982,60,252,0,0,255,2,0,1782505557.9281552,78
25.032228,25.02758,0.32386124,0.35750377,0.7325134,1,1,0,0.012939453,0.014282227,25.032227,60,252,0,0,255,2,0,1782505557.9281552,78
25.024172,25.020077,0.27183527,0.3619703,0.72732544,1,1,0,0.010864258,0.014465332,25.02417,60,252,0,0,255,2,0,1782505557.9281552,78
25.03662,25.023813,0.5774341,0.55466,0.78234863,1,1,0,0.023071289,0.022155762,25.036621,61,252,1,0,255,2,0,1782505557.9281552,78
25.031736,25.020008,0.5238719,0.5591342,0.97164917,1,1,0,0.020935059,0.022338867,25.031738,61,252,1,0,255,2,0,1782505557.9281552,78
25.038818,25.028051,0.4720816,0.56234807,0.8244934,1,1,0,0.018859863,0.022460938,25.038818,61,252,1,0,255,2,0,1782505557.9281552,78
25.027344,25.01743,0.41842127,0.5666718,0.83813477,1,1,0,0.016723633,0.022644043,25.027344,61,252,1,0,255,2,0,1782505557.9281552,78
25.025146,25.015978,0.3664712,0.5696761,0.7312927,1,1,0,0.0146484375,0.022766113,25.025146,61,252,1,0,255,2,0,1782505557.9281552,78
25.029541,25.020971,0.31461132,0.574358,0.8730469,1,1,0,0.012573242,0.022949219,25.029541,61,252,1,0,255,2,0,1782505557.9281552,78
25.032957,25.024933,0.26119503,0.5774914,0.8915405,1,1,0,0.010437012,0.023071289,25.032959,61,252,1,0,255,2,0,1782505557.9281552,78
25.03247,25.019855,0.58498234,0.5377656,0.70739746,1,1,0,0.023376465,0.021484375,25.03247,26,253,0,0,255,2,0,1782505558.0281577,79
25.03247,25.023731,0.5866011,0.30556455,0.8703613,1,1,0,0.0234375,0.012207031,25.03247,28,253,0,0,255,2,0,1782505558.0281577,79
25.03247,25.026924,0.42927584,0.30556455,0.84695435,1,1,0,0.017150879,0.012207031,25.03247,28,253,0,0,255,2,0,1782505558.0281577,79
25.035156,25.025248,0.5239816,0.4706039,1.2099304,1,1,0,0.020935059,0.018798828,25.035156,29,253,1,0,255,2,0,1782505558.0281577,79
25.030762,25.02284,0.4185118,0.4705213,0.68096924,1,1,0,0.016723633,0.018798828,25.030762,29,253,1,0,255,2,0,1782505558.0281577,79
25.035646,25.029272,0.31471568,0.46908525,0.66516113,1,1,0,0.012573242,0.018737793,25.035645,29,253,1,0,255,2,0,1782505558.0281577,79
25.03418,25.028421,0.26123142,0.4690578,1.0692139,1,1,0,0.010437012,0.018737793,25.03418,29,253,1,0,255,2,0,1782505558.0281577,79
25.036865,25.029222,0.574502,0.22921616,1.1863098,1,1,0,0.022949219,0.009155273,25.036865,31,253,1,0,255,2,0,1782505558.0281577,79
25.032225,25.025724,0.52246344,0.22917369,0.64663696,1,1,0,0.020874023,0.009155273,25.032227,31,253,1,0,255,2,0,1782505558.0281577,79
25.031004,25.022806,0.5346261,0.3529035,0.70217896,1,1,0,0.021362305,0.014099121,25.031006,60,253,0,0,255,2,0,1782505558.0281577,79
25.03223,25.025171,0.48272306,0.34680992,0.73599243,1,1,0,0.01928711,0.0138549805,25.032227,60,253,0,0,255,2,0,1782505558.0281577,79
25.03003,25.023903,0.42922404,0.3498346,0.7602539,1,1,0,0.017150879,0.013977051,25.03003,60,253,0,0,255,2,0,1782505558.0281577,79
25.031246,25.025894,0.37731108,0.35443458,0.70999146,1,1,0,0.015075684,0.014160156,25.03125,60,253,0,0,255,2,0,1782505558.0281577,79
25.032719,25.028069,0.32386756,0.35751075,1.1599121,1,1,0,0.012939453,0.014282227,25.032715,60,253,0,0,255,2,0,1782505558.0281577,79
25.028076,25.023981,0.27187768,0.3620268,0.81399536,1,1,0,0.010864258,0.014465332,25.028076,60,253,0,0,255,2,0,1782505558.0281577,79
25.03296,25.02933,0.21999002,0.3651529,0.7767334,1,1,0,0.0087890625,0.014587402,25.032959,60,253,0,0,255,2,0,1782505558.0281577,79
25.038818,25.02601,0.5774848,0.5547087,0.78234863,1,1,0,0.023071289,0.022155762,25.038818,61,253,1,0,255,2,0,1782505558.0281577,79
25.035645,25.023882,0.525481,0.55922145,0.7751465,1,1,0,0.020996094,0.022338867,25.035645,61,253,1,0,255,2,0,1782505558.0281577,79
25.034422,25.023657,0.47199872,0.56224936,0.68777466,1,1,0,0.018859863,0.022460938,25.034424,61,253,1,0,255,2,0,1782505558.0281577,79
25.032959,25.023016,0.42004246,0.5667989,0.9161682,1,1,0,0.016784668,0.022644043,25.032959,61,253,1,0,255,2,0,1782505558.0281577,79
25.031738,25.022566,0.36656773,0.5698261,0.8792114,1,1,0,0.0146484375,0.022766113,25.031738,61,253,1,0,255,2,0,1782505558.0281577,79
25.025146,25.016579,0.31455606,0.5742572,0.64193726,1,1,0,0.012573242,0.022949219,25.025146,61,253,1,0,255,2,0,1782505558.0281577,79
25.028564,25.020525,0.2626763,0.57739,0.91000366,1,1,0,0.010498047,0.023071289,25.028564,61,253,1,0,255,2,0,1782505558.0281577,79
25.031738,25.023117,0.37726918,0.5377499,0.96743774,1,1,0,0.015075684,0.021484375,25.031738,26,254,0,0,255,2,0,1782505558.126996,80
25.031738,25.023867,0.3238132,0.5377499,0.73599243,1,1,0,0.012939453,0.021484375,25.031738,26,254,0,0,255,2,0,1782505558.126996,80
25.035156,25.031197,0.32390806,0.30559734,0.8764343,1,1,0,0.012939453,0.012207031,25.035156,28,254,0,0,255,2,0,1782505558.126996,80
25.041262,25.030209,0.57605314,0.47071862,0.72888184,1,1,0,0.023010254,0.018798828,25.04126,29,254,1,0,255,2,0,1782505558.126996,80
25.04004,25.032959,0.36671996,0.4691676,0.7576904,1,1,0,0.0146484375,0.018737793,25.04004,29,254,1,0,255,2,0,1782505558.126996,80
25.026367,25.018642,0.5773148,0.23064746,0.69021606,1,1,0,0.023071289,0.009216309,25.026367,31,254,1,0,255,2,0,1782505558.126996,80
25.025146,25.018599,0.52384233,0.23063621,0.7836914,1,1,0,0.020935059,0.009216309,25.025146,31,254,1,0,255,2,0,1782505558.126996,80
25.023924,25.018412,0.47189978,0.23062496,0.78985596,1,1,0,0.018859863,0.009216309,25.023926,31,254,1,0,255,2,0,1782505558.126996,80
25.03589,25.031313,0.42018175,0.22920722,1.238678,1,1,0,0.016784668,0.009155273,25.035889,31,254,1,0,255,2,0,1782505558.126996,80
25.03296,25.029932,0.31472397,0.2291804,0.8935852,1,1,0,0.012573242,0.009155273,25.032959,31,254,1,0,255,2,0,1782505558.126996,80
25.03003,25.020733,0.58653086,0.34830704,0.9266968,1,1,0,0.0234375,0.013916016,25.03003,60,254,0,0,255,2,0,1782505558.126996,80
25.03125,25.023106,0.53310454,0.3513793,0.7992859,1,1,0,0.02130127,0.014038086,25.03125,60,254,0,0,255,2,0,1782505558.126996,80
25.028076,25.021029,0.48111543,0.34827986,0.82180786,1,1,0,0.019226074,0.013916016,25.028076,60,254,0,0,255,2,0,1782505558.126996,80
25.026123,25.019976,0.4291567,0.35130733,0.6770325,1,1,0,0.017150879,0.014038086,25.026123,60,254,0,0,255,2,0,1782505558.126996,80
25.031006,25.025654,0.37577963,0.35595873,0.7958069,1,1,0,0.015014648,0.014221191,25.031006,60,254,0,0,255,2,0,1782505558.126996,80
25.028076,25.023975,0.2703501,0.36355424,0.83828735,1,1,0,0.010803223,0.014526367,25.028076,60,254,0,0,255,2,0,1782505558.126996,80
25.031738,25.018936,0.57579374,0.5560793,0.7846985,1,1,0,0.023010254,0.022216797,25.031738,61,254,1,0,255,2,0,1782505558.126996,80
25.030762,25.019962,0.47192907,0.5636945,0.8340149,1,1,0,0.018859863,0.022521973,25.030762,61,254,1,0,255,2,0,1782505558.126996,80
25.026367,25.016418,0.41840437,0.5681768,0.8196411,1,1,0,0.016723633,0.022705078,25.026367,61,254,1,0,255,2,0,1782505558.126996,80
25.022951,25.014368,0.31300125,0.5757336,0.70666504,1,1,0,0.012512207,0.023010254,25.02295,61,254,1,0,255,2,0,1782505558.126996,80
25.031738,25.023678,0.26118192,0.57899064,0.8977051,1,1,0,0.010437012,0.023132324,25.031738,61,254,1,0,255,2,0,1782505558.126996,80
25.031738,25.019054,0.5864915,0.5392773,0.7698059,1,1,0,0.0234375,0.02154541,25.031738,26,255,0,0,255,2,0,1782505558.2280846,81
25.03418,25.022724,0.53309643,0.53780234,0.8764343,1,1,0,0.02130127,0.021484375,25.03418,26,255,0,0,255,2,0,1782505558.2280846,81
25.027098,25.018503,0.37567225,0.5376502,0.8027344,1,1,0,0.015014648,0.021484375,25.0271,26,255,0,0,255,2,0,1782505558.2280846,81
25.033203,25.025331,0.32383215,0.53778136,0.86602783,1,1,0,0.012939453,0.021484375,25.033203,26,255,0,0,255,2,0,1782505558.2280846,81
25.031738,25.022894,0.4704565,0.47053966,0.87713623,1,1,0,0.018798828,0.018798828,25.031738,29,255,1,0,255,2,0,1782505558.2280846,81
25.028564,25.02148,0.3650243,0.47048,0.92440796,1,1,0,0.014587402,0.018798828,25.028564,29,255,1,0,255,2,0,1782505558.2280846,81
25.023924,25.021513,0.26115933,0.2290977,0.70358276,1,1,0,0.010437012,0.009155273,25.023926,31,255,1,0,255,2,0,1782505558.2280846,81
25.031982,25.0227,0.5850488,0.3498619,0.8703613,1,1,0,0.023376465,0.013977051,25.031982,60,255,0,0,255,2,0,1782505558.2280846,81
25.031248,25.023062,0.5331036,0.35443458,0.83480835,1,1,0,0.02130127,0.014160156,25.03125,60,255,0,0,255,2,0,1782505558.2280846,81
25.032227,25.025177,0.4811952,0.34833762,0.7845459,1,1,0,0.019226074,0.013916016,25.032227,60,255,0,0,255,2,0,1782505558.2280846,81
25.031008,25.026316,0.32384488,0.36054158,0.84695435,1,1,0,0.012939453,0.014404297,25.031006,60,255,0,0,255,2,0,1782505558.2280846,81
25.031006,25.026903,0.27038172,0.3635968,0.7828064,1,1,0,0.010803223,0.014526367,25.031006,60,255,0,0,255,2,0,1782505558.2280846,81
25.037842,25.025002,0.57593334,0.5577427,0.83273315,1,1,0,0.023010254,0.022277832,25.037842,61,255,1,0,255,2,0,1782505558.2280846,81
25.032957,25.021193,0.5238967,0.5606889,1.0497131,1,1,0,0.020935059,0.022399902,25.032959,61,255,1,0,255,2,0,1782505558.2280846,81
25.025146,25.015198,0.41838396,0.5681491,0.7713623,1,1,0,0.016723633,0.022705078,25.025146,61,255,1,0,255,2,0,1782505558.2280846,81
25.026121,25.018028,0.26112297,0.58038783,1.126709,1,1,0,0.010437012,0.02319336,25.026123,61,255,1,0,255,2,0,1782505558.2280846,81
25.031248,25.018635,0.5849538,0.5377394,0.7420654,1,1,0,0.023376465,0.021484375,25.03125,26,0,0,0,255,2,0,1782505558.3273828,82
25.03247,25.02105,0.5315329,0.5377656,0.83654785,1,1,0,0.021240234,0.021484375,25.03247,26,0,0,0,255,2,0,1782505558.3273828,82
25.031004,25.021599,0.42612922,0.53773415,0.84002686,1,1,0,0.017028809,0.021484375,25.031006,26,0,0,0,255,2,0,1782505558.3273828,82
25.026125,25.018904,0.2687681,0.53762925,0.6475525,1,1,0,0.0107421875,0.021484375,25.026123,26,0,0,0,255,2,0,1782505558.3273828,82
25.026121,25.020576,0.429167,0.30548707,0.7680664,1,1,0,0.017150879,0.012207031,25.026123,28,0,0,0,255,2,0,1782505558.3273828,82
25.047363,25.036308,0.5761935,0.47083336,1.0116272,1,1,0,0.023010254,0.018798828,25.047363,29,0,1,0,255,2,0,1782505558.3273828,82
25.025146,25.01807,0.36650187,0.46888855,0.8935852,1,1,0,0.0146484375,0.018737793,25.025146,29,0,1,0,255,2,0,1782505558.3273828,82
25.028564,25.022194,0.31462666,0.4689526,0.71795654,1,1,0,0.012573242,0.018737793,25.028564,29,0,1,0,255,2,0,1782505558.3273828,82
25.034668,25.02699,0.5759791,0.22919604,1.1493225,1,1,0,0.023010254,0.009155273,25.034668,31,0,1,0,255,2,0,1782505558.3273828,82
25.023926,25.018456,0.47037306,0.2290977,0.7713623,1,1,0,0.018798828,0.009155273,25.023926,31,0,1,0,255,2,0,1782505558.3273828,82
25.032715,25.023458,0.5865947,0.34528893,1.2803955,1,1,0,0.0234375,0.013793945,25.032715,60,0,0,0,255,2,0,1782505558.3273828,82
25.025146,25.016993,0.5345019,0.34976634,0.68136597,1,1,0,0.021362305,0.013977051,25.025146,60,0,0,0,255,2,0,1782505558.3273828,82
25.03247,25.027802,0.32386413,0.35903496,0.7663269,1,1,0,0.012939453,0.014343262,25.03247,60,0,0,0,255,2,0,1782505558.3273828,82
25.031006,25.026888,0.27190927,0.3635968,0.6926575,1,1,0,0.010864258,0.014526367,25.031006,60,0,0,0,255,2,0,1782505558.3273828,82
25.03467,25.02183,0.5773883,0.5561444,1.0250549,1,1,0,0.023071289,0.022216797,25.034668,61,0,1,0,255,2,0,1782505558.3273828,82
25.035643,25.023878,0.5239529,0.56074905,0.7576904,1,1,0,0.020935059,0.022399902,25.035645,61,0,1,0,255,2,0,1782505558.3273828,82
25.036377,25.025576,0.47203493,0.56382096,1.0794983,1,1,0,0.018859863,0.022521973,25.036377,61,0,1,0,255,2,0,1782505558.3273828,82
25.023928,25.013954,0.41989034,0.5681214,0.75491333,1,1,0,0.016784668,0.022705078,25.023926,61,0,1,0,255,2,0,1782505558.3273828,82
25.02295,25.013746,0.3664385,0.571153,0.7723999,1,1,0,0.0146484375,0.022827148,25.02295,61,0,1,0,255,2,0,1782505558.3273828,82
25.027342,25.01874,0.31458324,0.57583475,0.695343,1,1,0,0.012573242,0.023010254,25.027344,61,0,1,0,255,2,0,1782505558.3273828,82
25.028563,25.020504,0.2611488,0.5789172,0.8977051,1,1,0,0.010437012,0.023132324,25.028564,61,0,1,0,255,2,0,1782505558.3273828,82
25.032957,25.020308,0.58652085,0.5377761,0.7828064,1,1,0,0.0234375,0.021484375,25.032959,26,1,0,0,255,2,0,1782505558.4273815,83
25.030027,25.018541,0.53453505,0.53771317,0.7828064,1,1,0,0.021362305,0.021484375,25.03003,26,1,0,0,255,2,0,1782505558.4273815,83
25.032227,25.021795,0.48265794,0.5377604,0.8088074,1,1,0,0.01928711,0.021484375,25.032227,26,1,0,0,255,2,0,1782505558.4273815,83
25.032228,25.025688,0.482733,0.30708933,0.8781738,1,1,0,0.01928711,0.012268066,25.032227,28,1,0,0,255,2,0,1782505558.4273815,83
25.028074,25.024717,0.27341324,0.3055109,0.7585144,1,1,0,0.010925293,0.012207031,25.028076,28,1,0,0,255,2,0,1782505558.4273815,83
25.031738,25.028906,0.21998629,0.3055556,0.7715454,1,1,0,0.0087890625,0.012207031,25.031738,28,1,0,0,255,2,0,1782505558.4273815,83
25.035156,25.028025,0.3681756,0.4706039,1.0343018,1,1,0,0.014709473,0.018798828,25.035156,29,1,1,0,255,2,0,1782505558.4273815,83
25.030764,25.024343,0.3161813,0.4705213,0.7970276,1,1,0,0.012634277,0.018798828,25.030762,29,1,1,0,255,2,0,1782505558.4273815,83
25.030764,25.024961,0.26272288,0.4705213,0.7693176,1,1,0,0.010498047,0.018798828,25.030762,29,1,1,0,255,2,0,1782505558.4273815,83
25.03589,25.028177,0.5775348,0.22920722,1.3105774,1,1,0,0.023071289,0.009155273,25.035889,31,1,1,0,255,2,0,1782505558.4273815,83
25.036375,25.029795,0.52560514,0.23073971,1.1113281,1,1,0,0.020996094,0.009216309,25.036377,31,1,1,0,255,2,0,1782505558.4273815,83
25.031008,25.021767,0.585027,0.346793,1.0194702,1,1,0,0.023376465,0.0138549805,25.031006,60,1,0,0,255,2,0,1782505558.4273815,83
25.019535,25.014864,0.32216966,0.3603763,0.70391846,1,1,0,0.012878418,0.014404297,25.019531,60,1,0,0,255,2,0,1782505558.4273815,83
25.033201,25.0291,0.27040547,0.36362872,0.82354736,1,1,0,0.010803223,0.014526367,25.033203,60,1,0,0,255,2,0,1782505558.4273815,83
25.035645,25.02391,0.5224256,0.56074905,0.74328613,1,1,0,0.020874023,0.022399902,25.035645,61,1,1,0,255,2,0,1782505558.4273815,83
25.046144,25.035334,0.47069037,0.56556916,0.9273071,1,1,0,0.018798828,0.022583008,25.046143,61,1,1,0,255,2,0,1782505558.4273815,83
25.02295,25.013733,0.36491126,0.5726798,0.7395325,1,1,0,0.014587402,0.022888184,25.02295,61,1,1,0,255,2,0,1782505558.4273815,83
25.027344,25.018759,0.31305623,0.57583475,0.750824,1,1,0,0.012512207,0.023010254,25.027344,61,1,1,0,255,2,0,1782505558.4273815,83
25.031738,25.023643,0.26118156,0.58051807,1.0692139,1,1,0,0.010437012,0.02319336,25.031738,61,1,1,0,255,2,0,1782505558.4273815,83
25.032715,25.020063,0.5865151,0.53777087,0.72906494,1,1,0,0.0234375,0.021484375,25.032715,26,2,0,0,255,2,0,1782505558.5274389,84
25.027102,25.015648,0.53294563,0.5376502,0.84262085,1,1,0,0.02130127,0.021484375,25.0271,26,2,0,0,255,2,0,1782505558.5274389,84
25.031006,25.020603,0.48110726,0.53773415,1.0489502,1,1,0,0.019226074,0.021484375,25.031006,26,2,0,0,255,2,0,1782505558.5274389,84
25.027098,25.020561,0.48263413,0.30702642,0.74380493,1,1,0,0.01928711,0.012268066,25.0271,28,2,0,0,255,2,0,1782505558.5274389,84
25.017578,25.0136,0.32520735,0.30538276,0.7793274,1,1,0,0.013000488,0.012207031,25.017578,28,2,0,0,255,2,0,1782505558.5274389,84
25.03003,25.02667,0.27343458,0.30553475,0.70217896,1,1,0,0.010925293,0.012207031,25.03003,28,2,0,0,255,2,0,1782505558.5274389,84
25.03882,25.027733,0.57752454,0.47067273,0.88619995,1,1,0,0.023071289,0.018798828,25.038818,29,2,1,0,255,2,0,1782505558.5274389,84
25.04004,25.030098,0.5256115,0.47069567,0.77001953,1,1,0,0.020996094,0.018798828,25.04004,29,2,1,0,255,2,0,1782505558.5274389,84
25.03418,25.025276,0.47355723,0.47058555,0.8710022,1,1,0,0.018920898,0.018798828,25.03418,29,2,1,0,255,2,0,1782505558.5274389,84
25.032959,25.027157,0.26274592,0.4705626,0.9757385,1,1,0,0.010498047,0.018798828,25.032959,29,2,1,0,255,2,0,1782505558.5274389,84
25.028564,25.023094,0.47046027,0.22914016,0.7846985,1,1,0,0.018798828,0.009155273,25.028564,31,2,1,0,255,2,0,1782505558.5274389,84
25.0271,25.017769,0.58798915,0.34826627,0.82528687,1,1,0,0.023498535,0.013916016,25.0271,60,2,0,0,255,2,0,1782505558.5274389,84
25.031006,25.02733,0.21997245,0.36817962,0.81573486,1,1,0,0.0087890625,0.014709473,25.031006,60,2,0,0,255,2,0,1782505558.5274389,84
25.030762,25.021498,0.36807957,0.57285863,0.77752686,1,1,0,0.014709473,0.022888184,25.030762,61,2,1,0,255,2,0,1782505558.5274389,84
25.022951,25.014294,0.31605434,0.5772605,0.8422241,1,1,0,0.012634277,0.023071289,25.02295,61,2,1,0,255,2,0,1782505558.5274389,84
25.029541,25.021431,0.2626858,0.5804671,0.7333679,1,1,0,0.010498047,0.02319336,25.029541,61,2,1,0,255,2,0,1782505558.5274389,84
25.032469,25.020983,0.5345872,0.5377656,0.69003296,1,1,0,0.021362305,0.021484375,25.03247,26,3,0,0,255,2,0,1782505558.6271012,85
25.043455,25.032402,0.5761036,0.47075993,0.80599976,1,1,0,0.023010254,0.018798828,25.043457,29,3,1,0,255,2,0,1782505558.6271012,85
25.026367,25.019987,0.31307158,0.4704387,0.75183105,1,1,0,0.012512207,0.018798828,25.026367,29,3,1,0,255,2,0,1782505558.6271012,85
25.038818,25.031105,0.5776024,0.22923404,0.6980591,1,1,0,0.023071289,0.009155273,25.038818,31,3,1,0,255,2,0,1782505558.6271012,85
25.035645,25.029078,0.5255901,0.22920498,0.71450806,1,1,0,0.020996094,0.009155273,25.035645,31,3,1,0,255,2,0,1782505558.6271012,85
25.04126,25.035728,0.47375503,0.22925639,0.7381592,1,1,0,0.018920898,0.009155273,25.04126,31,3,1,0,255,2,0,1782505558.6271012,85
25.02124,25.01204,0.58327216,0.3466577,0.8105469,1,1,0,0.02331543,0.0138549805,25.02124,60,3,0,0,255,2,0,1782505558.6271012,85
25.027098,25.019041,0.52996254,0.34979364,0.82006836,1,1,0,0.0211792,0.013977051,25.0271,60,3,0,0,255,2,0,1782505558.6271012,85
25.03247,25.025457,0.47814462,0.3498687,0.70391846,1,1,0,0.019104004,0.013977051,25.03247,60,3,0,0,255,2,0,1782505558.6271012,85
25.028074,25.021936,0.42613497,0.35438964,0.70132446,1,1,0,0.017028809,0.014160156,25.028076,60,3,0,0,255,2,0,1782505558.6271012,85
25.025148,25.019821,0.37263718,0.35740268,0.68743896,1,1,0,0.014892578,0.014282227,25.025146,60,3,0,0,255,2,0,1782505558.6271012,85
25.026121,25.021448,0.32072705,0.36199856,0.83047485,1,1,0,0.012817383,0.014465332,25.026123,60,3,0,0,255,2,0,1782505558.6271012,85
25.042234,25.029428,0.57297826,0.55936867,0.80804443,1,1,0,0.022888184,0.022338867,25.042236,61,3,1,0,255,2,0,1782505558.6271012,85
25.02954,25.017807,0.52077055,0.5621397,0.87509155,1,1,0,0.020812988,0.022460938,25.029541,61,3,1,0,255,2,0,1782505558.6271012,85
25.023928,25.01312,0.4687455,0.5665944,0.7713623,1,1,0,0.018737793,0.022644043,25.023926,61,3,1,0,255,2,0,1782505558.6271012,85
25.032227,25.022291,0.41544732,0.5698373,0.62197876,1,1,0,0.016601562,0.022766113,25.032227,61,3,1,0,255,2,0,1782505558.6271012,85
25.027344,25.018114,0.36344787,0.5743076,0.71795654,1,1,0,0.014526367,0.022949219,25.027344,61,3,1,0,255,2,0,1782505558.6271012,85
25.028564,25.019964,0.311544,0.57739,0.84017944,1,1,0,0.012451172,0.023071289,25.028564,61,3,1,0,255,2,0,1782505558.6271012,85
25.027344,25.019245,0.25808123,0.5819433,0.81552124,1,1,0,0.010314941,0.023254395,25.027344,61,3,1,0,255,2,0,1782505558.6271012,85
25.029053,25.016478,0.5818479,0.5392195,0.70999146,1,1,0,0.023254395,0.02154541,25.029053,26,4,0,0,255,2,0,1782505558.7278914,86
25.027102,25.015713,0.5283645,0.5391774,0.8807678,1,1,0,0.021118164,0.02154541,25.0271,26,4,0,0,255,2,0,1782505558.7278914,86
25.02905,25.018705,0.47648802,0.5392195,0.85910034,1,1,0,0.019042969,0.02154541,25.029053,26,4,0,0,255,2,0,1782505558.7278914,86
25.032715,25.023361,0.42310375,0.53777087,1.0029907,1,1,0,0.016906738,0.021484375,25.032715,26,4,0,0,255,2,0,1782505558.7278914,86
25.0271,25.018572,0.37109125,0.5376502,0.8027344,1,1,0,0.014831543,0.021484375,25.0271,26,4,0,0,255,2,0,1782505558.7278914,86
25.031252,25.023438,0.31922498,0.5377394,0.87210083,1,1,0,0.012756348,0.021484375,25.03125,26,4,0,0,255,2,0,1782505558.7278914,86
25.0271,25.019913,0.26572442,0.5376502,0.6362915,1,1,0,0.010620117,0.021484375,25.0271,26,4,0,0,255,2,0,1782505558.7278914,86
25.031736,25.023033,0.58505666,0.3055556,0.8088074,1,1,0,0.023376465,0.012207031,25.031738,28,4,0,0,255,2,0,1782505558.7278914,86
25.018312,25.011963,0.31297117,0.4687605,0.67276,1,1,0,0.012512207,0.018737793,25.01831,29,4,1,0,255,2,0,1782505558.7278914,86
25.032959,25.027218,0.25969115,0.46903494,0.9880676,1,1,0,0.010375977,0.018737793,25.032959,29,4,1,0,255,2,0,1782505558.7278914,86
25.020754,25.014175,0.52527714,0.23059571,0.6326904,1,1,0,0.020996094,0.009216309,25.020752,31,4,1,0,255,2,0,1782505558.7278914,86
25.031982,25.025856,0.42925754,0.3498619,0.7845459,1,1,0,0.017150879,0.013977051,25.031982,60,4,0,0,255,2,0,1782505558.7278914,86
25.026125,25.020771,0.3772338,0.35436198,0.60769653,1,1,0,0.015075684,0.014160156,25.026123,60,4,0,0,255,2,0,1782505558.7278914,86
25.03247,25.027803,0.325392,0.35750726,0.84436035,1,1,0,0.013000488,0.014282227,25.03247,60,4,0,0,255,2,0,1782505558.7278914,86
25.03125,25.027155,0.27191216,0.3620727,0.83306885,1,1,0,0.010864258,0.014465332,25.03125,60,4,0,0,255,2,0,1782505558.7278914,86
25.032227,25.028597,0.21998358,0.36514223,0.7715454,1,1,0,0.0087890625,0.014587402,25.032227,60,4,0,0,255,2,0,1782505558.7278914,86
25.042234,25.029427,0.5775636,0.5547844,0.85946655,1,1,0,0.023071289,0.022155762,25.042236,61,4,1,0,255,2,0,1782505558.7278914,86
25.026365,25.015575,0.47337365,0.5620684,0.8319702,1,1,0,0.018920898,0.022460938,25.026367,61,4,1,0,255,2,0,1782505558.7278914,86
25.030762,25.02082,0.42000562,0.5667492,0.8977051,1,1,0,0.016784668,0.022644043,25.030762,61,4,1,0,255,2,0,1782505558.7278914,86
25.031738,25.022545,0.36809498,0.5698261,0.82785034,1,1,0,0.014709473,0.022766113,25.031738,61,4,1,0,255,2,0,1782505558.7278914,86
25.033447,25.024878,0.31466043,0.57444763,0.6425476,1,1,0,0.012573242,0.022949219,25.033447,61,4,1,0,255,2,0,1782505558.7278914,86
25.031982,25.021488,0.4841798,0.5392826,0.96743774,1,1,0,0.019348145,0.02154541,25.031982,26,5,0,0,255,2,0,1782505558.828334,87
25.02905,25.020409,0.3787558,0.5376922,0.83047485,1,1,0,0.015136719,0.021484375,25.029053,26,5,0,0,255,2,0,1782505558.828334,87
25.031982,25.02407,0.32687107,0.53775513,0.7749939,1,1,0,0.013061523,0.021484375,25.031982,26,5,0,0,255,2,0,1782505558.828334,87
25.031738,25.028412,0.27039802,0.3055556,0.73773193,1,1,0,0.010803223,0.012207031,25.031738,28,5,0,0,255,2,0,1782505558.828334,87
25.025146,25.014101,0.57568246,0.47041574,0.8093567,1,1,0,0.023010254,0.018798828,25.025146,29,5,1,0,255,2,0,1782505558.828334,87
25.023926,25.015055,0.47183648,0.4703928,0.78985596,1,1,0,0.018859863,0.018798828,25.023926,29,5,1,0,255,2,0,1782505558.828334,87
25.029541,25.02316,0.3131113,0.47049835,0.964447,1,1,0,0.012512207,0.018798828,25.029541,29,5,1,0,255,2,0,1782505558.828334,87
25.029541,25.023785,0.26118302,0.4689709,0.78060913,1,1,0,0.010437012,0.018737793,25.029541,29,5,1,0,255,2,0,1782505558.828334,87
25.034178,25.027597,0.525559,0.23071946,0.8319702,1,1,0,0.020996094,0.009216309,25.03418,31,5,1,0,255,2,0,1782505558.828334,87
25.03296,25.02743,0.47359797,0.2291804,1.0045166,1,1,0,0.018920898,0.009155273,25.032959,31,5,1,0,255,2,0,1782505558.828334,87
25.03589,25.031288,0.4217095,0.22920722,1.0733337,1,1,0,0.016845703,0.009155273,25.035889,31,5,1,0,255,2,0,1782505558.828334,87
25.021238,25.013065,0.53441805,0.3512388,0.71432495,1,1,0,0.021362305,0.014038086,25.02124,60,5,0,0,255,2,0,1782505558.828334,87
25.027098,25.020973,0.4291738,0.34979364,0.6779175,1,1,0,0.017150879,0.013977051,25.0271,60,5,0,0,255,2,0,1782505558.828334,87
25.03174,25.027092,0.32385492,0.3574968,1.0289917,1,1,0,0.012939453,0.014282227,25.031738,60,5,0,0,255,2,0,1782505558.828334,87
25.03076,25.017958,0.577299,0.5545302,0.7456665,1,1,0,0.023071289,0.022155762,25.030762,61,5,1,0,255,2,0,1782505558.828334,87
25.02295,25.012188,0.47178242,0.56199163,0.8586731,1,1,0,0.018859863,0.022460938,25.02295,61,5,1,0,255,2,0,1782505558.828334,87
25.032959,25.02304,0.41851515,0.5667989,0.8196411,1,1,0,0.016723633,0.022644043,25.032959,61,5,1,0,255,2,0,1782505558.828334,87
25.01953,25.010363,0.36638895,0.56954825,0.7631531,1,1,0,0.0146484375,0.022766113,25.019531,61,5,1,0,255,2,0,1782505558.828334,87
25.028563,25.019995,0.31459904,0.57433563,0.71383667,1,1,0,0.012573242,0.022949219,25.028564,61,5,1,0,255,2,0,1782505558.828334,87
25.026365,25.018343,0.26112625,0.57733935,0.85043335,1,1,0,0.010437012,0.023071289,25.026367,61,5,1,0,255,2,0,1782505558.828334,87
25.03418,25.023777,0.48116827,0.53780234,0.85128784,1,1,0,0.019226074,0.021484375,25.03418,26,6,0,0,255,2,0,1782505558.9276862,88
25.028076,25.020206,0.32376584,0.5376712,0.9189148,1,1,0,0.012939453,0.021484375,25.028076,26,6,0,0,255,2,0,1782505558.9276862,88
25.031982,25.024374,0.53618765,0.3055586,0.7810669,1,1,0,0.02142334,0.012207031,25.031982,28,6,0,0,255,2,0,1782505558.9276862,88
25.031738,25.022835,0.47351104,0.47053966,0.92440796,1,1,0,0.018920898,0.018798828,25.031738,29,6,1,0,255,2,0,1782505558.9276862,88
25.036865,25.02889,0.42166913,0.47063604,1.0938721,1,1,0,0.016845703,0.018798828,25.036865,29,6,1,0,255,2,0,1782505558.9276862,88
25.031738,25.025318,0.31619364,0.47053966,0.82580566,1,1,0,0.012634277,0.018798828,25.031738,29,6,1,0,255,2,0,1782505558.9276862,88
25.036377,25.028666,0.57754606,0.22921169,1.1637268,1,1,0,0.023071289,0.009155273,25.036377,31,6,1,0,255,2,0,1782505558.9276862,88
25.03076,25.024212,0.52395993,0.23068796,0.8977051,1,1,0,0.020935059,0.009216309,25.030762,31,6,1,0,255,2,0,1782505558.9276862,88
25.032957,25.027443,0.47207013,0.23070821,0.88946533,1,1,0,0.018859863,0.009216309,25.032959,31,6,1,0,255,2,0,1782505558.9276862,88
25.03247,25.023094,0.5881143,0.35139644,1.1113586,1,1,0,0.023498535,0.014038086,25.03247,60,6,0,0,255,2,0,1782505558.9276862,88
25.02124,25.01299,0.5359438,0.35429284,0.7533264,1,1,0,0.02142334,0.014160156,25.02124,60,6,0,0,255,2,0,1782505558.9276862,88
25.031004,25.024809,0.43076742,0.3529035,0.9266968,1,1,0,0.017211914,0.014099121,25.031006,60,6,0,0,255,2,0,1782505558.9276862,88
25.031006,25.025608,0.37883452,0.35595873,0.8868408,1,1,0,0.015136719,0.014221191,25.031006,60,6,0,0,255,2,0,1782505558.9276862,88
25.027102,25.022943,0.27339387,0.36506742,0.7680664,1,1,0,0.010925293,0.014587402,25.0271,60,6,0,0,255,2,0,1782505558.9276862,88
25.026125,25.022436,0.2214568,0.3681078,0.6449585,1,1,0,0.008850098,0.014709473,25.026123,60,6,0,0,255,2,0,1782505558.9276862,88
25.032957,25.02005,0.5788752,0.55763394,0.9541931,1,1,0,0.023132324,0.022277832,25.032959,61,6,1,0,255,2,0,1782505558.9276862,88
25.023926,25.012102,0.52676094,0.5604866,0.88742065,1,1,0,0.021057129,0.022399902,25.023926,61,6,1,0,255,2,0,1782505558.9276862,88
25.029541,25.01868,0.4734324,0.56519425,0.87713623,1,1,0,0.018920898,0.022583008,25.029541,61,6,1,0,255,2,0,1782505558.9276862,88
25.019531,25.009535,0.42134303,0.5680216,0.6398926,1,1,0,0.016845703,0.022705078,25.019531,61,6,1,0,255,2,0,1782505558.9276862,88
25.032957,25.024334,0.31618118,0.5759639,0.7693176,1,1,0,0.012634277,0.023010254,25.032959,61,6,1,0,255,2,0,1782505558.9276862,88
25.0271,25.014383,0.5879096,0.5391774,0.81399536,1,1,0,0.023498535,0.02154541,25.0271,26,7,0,0,255,2,0,1782505559.0269952,89
25.02417,25.012653,0.53593653,0.5375873,0.6657715,1,1,0,0.02142334,0.021484375,25.02417,26,7,0,0,255,2,0,1782505559.0269952,89
25.03247,25.023827,0.37880754,0.5377656,0.69003296,1,1,0,0.015136719,0.021484375,25.03247,26,7,0,0,255,2,0,1782505559.0269952,89
25.035156,25.027264,0.32538497,0.5378233,0.85302734,1,1,0,0.013000488,0.021484375,25.035156,26,7,0,0,255,2,0,1782505559.0269952,89
25.026123,25.019663,0.4795615,0.30548707,0.9266968,1,1,0,0.019165039,0.012207031,25.026123,28,7,0,0,255,2,0,1782505559.0269952,89
25.03003,25.02451,0.42770657,0.30553475,0.6475525,1,1,0,0.017089844,0.012207031,25.03003,28,7,0,0,255,2,0,1782505559.0269952,89
25.032715,25.028051,0.3742877,0.30556753,0.8928833,1,1,0,0.014953613,0.012207031,25.032715,28,7,0,0,255,2,0,1782505559.0269952,89
25.030766,25.02089,0.5223625,0.4705213,0.907959,1,1,0,0.020874023,0.018798828,25.030762,29,7,1,0,255,2,0,1782505559.0269952,89
25.04126,25.034172,0.36520946,0.47071862,0.81832886,1,1,0,0.014587402,0.018798828,25.04126,29,7,1,0,255,2,0,1782505559.0269952,89
25.034424,25.028042,0.31317237,0.47059014,0.66516113,1,1,0,0.012512207,0.018798828,25.034424,29,7,1,0,255,2,0,1782505559.0269952,89
25.01831,25.0146,0.36492392,0.22904629,0.6850891,1,1,0,0.014587402,0.009155273,25.01831,31,7,1,0,255,2,0,1782505559.0269952,89
25.034668,25.03166,0.31321764,0.22919604,1.020935,1,1,0,0.012512207,0.009155273,25.034668,31,7,1,0,255,2,0,1782505559.0269952,89
25.031008,25.02171,0.5865537,0.34832063,0.7602539,1,1,0,0.0234375,0.013916016,25.031006,60,7,0,0,255,2,0,1782505559.0269952,89
25.031006,25.02283,0.53462666,0.35137588,1.2119141,1,1,0,0.021362305,0.014038086,25.031006,60,7,0,0,255,2,0,1782505559.0269952,89
25.032957,25.025887,0.48120886,0.34987554,0.8807678,1,1,0,0.019226074,0.013977051,25.032959,60,7,0,0,255,2,0,1782505559.0269952,89
25.026123,25.019934,0.42915598,0.35436198,0.7325134,1,1,0,0.017150879,0.014160156,25.026123,60,7,0,0,255,2,0,1782505559.0269952,89
25.029053,25.023657,0.3772773,0.35745844,1.0376587,1,1,0,0.015075684,0.014282227,25.029053,60,7,0,0,255,2,0,1782505559.0269952,89
25.03247,25.027758,0.32386354,0.36209038,0.7845459,1,1,0,0.012939453,0.014465332,25.03247,60,7,0,0,255,2,0,1782505559.0269952,89
25.03125,25.027111,0.27191168,0.36512798,0.69177246,1,1,0,0.010864258,0.014587402,25.03125,60,7,0,0,255,2,0,1782505559.0269952,89
25.029541,25.016636,0.5772685,0.55908513,0.8483887,1,1,0,0.023071289,0.022338867,25.029541,61,7,1,0,255,2,0,1782505559.0269952,89
25.031736,25.01994,0.52387047,0.56218904,1.0630493,1,1,0,0.020935059,0.022460938,25.031738,61,7,1,0,255,2,0,1782505559.0269952,89
25.028564,25.017698,0.47188634,0.56669945,0.8915405,1,1,0,0.018859863,0.022644043,25.028564,61,7,1,0,255,2,0,1782505559.0269952,89
25.031738,25.021727,0.42002082,0.5698261,0.89974976,1,1,0,0.016784668,0.022766113,25.031738,61,7,1,0,255,2,0,1782505559.0269952,89
25.025146,25.015873,0.36646968,0.5742572,0.734375,1,1,0,0.0146484375,0.022949219,25.025146,61,7,1,0,255,2,0,1782505559.0269952,89
25.026123,25.018272,0.3222136,0.53762925,0.635437,1,1,0,0.012878418,0.021484375,25.026123,26,8,0,0,255,2,0,1782505559.127309,90
25.03418,25.027718,0.4797159,0.3055854,1.0029907,1,1,0,0.019165039,0.012207031,25.03418,28,8,0,0,255,2,0,1782505559.127309,90
25.033447,25.023571,0.5224185,0.4705718,0.68573,1,1,0,0.020874023,0.018798828,25.033447,29,8,1,0,255,2,0,1782505559.127309,90
25.030762,25.023016,0.5789438,0.22916028,0.8422241,1,1,0,0.023132324,0.009155273,25.030762,31,8,1,0,255,2,0,1782505559.127309,90
25.023924,25.017328,0.526871,0.2290977,0.8607178,1,1,0,0.021057129,0.009155273,25.023926,31,8,1,0,255,2,0,1782505559.127309,90
25.031738,25.027138,0.4216396,0.22916922,1.0959167,1,1,0,0.016845703,0.009155273,25.031738,31,8,1,0,255,2,0,1782505559.127309,90
25.025146,25.021368,0.36960518,0.22910887,0.80114746,1,1,0,0.014770508,0.009155273,25.025146,31,8,1,0,255,2,0,1782505559.127309,90
25.029541,25.027098,0.264273,0.2291491,0.72720337,1,1,0,0.010559082,0.009155273,25.029541,31,8,1,0,255,2,0,1782505559.127309,90
25.02124,25.011932,0.58785194,0.3466577,0.7698059,1,1,0,0.023498535,0.0138549805,25.02124,60,8,0,0,255,2,0,1782505559.127309,90
25.03247,25.024294,0.53465796,0.35139644,0.8851013,1,1,0,0.021362305,0.014038086,25.03247,60,8,0,0,255,2,0,1782505559.127309,90
25.0271,25.02,0.4826233,0.34979364,0.72299194,1,1,0,0.01928711,0.013977051,25.0271,60,8,0,0,255,2,0,1782505559.127309,90
25.032227,25.026829,0.37732518,0.35750377,0.7940674,1,1,0,0.015075684,0.014282227,25.032227,60,8,0,0,255,2,0,1782505559.127309,90
25.031006,25.02685,0.27343655,0.3651244,0.68743896,1,1,0,0.010925293,0.014587402,25.031006,60,8,0,0,255,2,0,1782505559.127309,90
25.027102,25.023403,0.21993794,0.36964953,0.7619934,1,1,0,0.0087890625,0.014770508,25.0271,60,8,0,0,255,2,0,1782505559.127309,90
25.025145,25.012243,0.5771671,0.55898696,0.7713623,1,1,0,0.023071289,0.022338867,25.025146,61,8,1,0,255,2,0,1782505559.127309,90
25.025146,25.013319,0.5252592,0.562041,0.8812561,1,1,0,0.020996094,0.022460938,25.025146,61,8,1,0,255,2,0,1782505559.127309,90
25.030762,25.021463,0.36807907,0.574386,0.71795654,1,1,0,0.014709473,0.022949219,25.030762,61,8,1,0,255,2,0,1782505559.127309,90
25.028564,25.019907,0.31612527,0.57739,0.8586731,1,1,0,0.012634277,0.023071289,25.028564,61,8,1,0,255,2,0,1782505559.127309,90
25.026123,25.016666,0.42909995,0.53762925,0.70825195,1,1,0,0.017150879,0.021484375,25.026123,26,9,0,0,255,2,0,1782505559.2272556,91
25.031006,25.022266,0.58656675,0.30554667,0.7533264,1,1,0,0.0234375,0.012207031,25.031006,28,9,0,0,255,2,0,1782505559.2272556,91
25.031008,25.024487,0.48270983,0.30554667,0.7489929,1,1,0,0.01928711,0.012207031,25.031006,28,9,0,0,255,2,0,1782505559.2272556,91
25.045656,25.034565,0.5776822,0.47080123,0.80599976,1,1,0,0.023071289,0.018798828,25.045654,29,9,1,0,255,2,0,1782505559.2272556,91
25.036867,25.032316,0.41867027,0.22921616,1.037384,1,1,0,0.016723633,0.009155273,25.036865,31,9,1,0,255,2,0,1782505559.2272556,91
25.03174,25.022442,0.58657086,0.34833083,0.71865845,1,1,0,0.0234375,0.013916016,25.031738,60,9,0,0,255,2,0,1782505559.2272556,91
25.0271,25.020094,0.48109746,0.34521148,0.7420654,1,1,0,0.019226074,0.013793945,25.0271,60,9,0,0,255,2,0,1782505559.2272556,91
25.028074,25.022766,0.37573627,0.35286218,0.7680664,1,1,0,0.015014648,0.014099121,25.028076,60,9,0,0,255,2,0,1782505559.2272556,91
25.031984,25.027336,0.32385808,0.35750028,0.6744385,1,1,0,0.012939453,0.014282227,25.031982,60,9,0,0,255,2,0,1782505559.2272556,91
25.031008,25.026934,0.27190977,0.36054158,0.69784546,1,1,0,0.010864258,0.014404297,25.031006,60,9,0,0,255,2,0,1782505559.2272556,91
25.045652,25.032843,0.57764244,0.5548602,0.80599976,1,1,0,0.023071289,0.022155762,25.045654,61,9,1,0,255,2,0,1782505559.2272556,91
25.035645,25.023947,0.52395433,0.5576938,0.7875061,1,1,0,0.020935059,0.022277832,25.035645,61,9,1,0,255,2,0,1782505559.2272556,91
25.032957,25.022192,0.47197112,0.56221646,0.93569946,1,1,0,0.018859863,0.022460938,25.032959,61,9,1,0,255,2,0,1782505559.2272556,91
25.018309,25.008432,0.41827083,0.56494063,0.6357727,1,1,0,0.016723633,0.022583008,25.01831,61,9,1,0,255,2,0,1782505559.2272556,91
25.025145,25.016613,0.3145565,0.5727301,0.9161682,1,1,0,0.012573242,0.022888184,25.025146,61,9,1,0,255,2,0,1782505559.2272556,91
25.023924,25.015902,0.26110077,0.577283,0.82785034,1,1,0,0.010437012,0.023071289,25.023926,61,9,1,0,255,2,0,1782505559.2272556,91
25.031736,25.021364,0.47959414,0.5377499,0.7585144,1,1,0,0.019165039,0.021484375,25.031738,26,10,0,0,255,2,0,1782505559.327274,92
25.034182,25.026327,0.32231733,0.53780234,0.664917,1,1,0,0.012878418,0.021484375,25.03418,26,10,0,0,255,2,0,1782505559.327274,92
25.03247,25.02849,0.32540092,0.30556455,0.94403076,1,1,0,0.013000488,0.012207031,25.03247,28,10,0,0,255,2,0,1782505559.327274,92
25.0271,25.02374,0.27340257,0.305499,0.84002686,1,1,0,0.010925293,0.012207031,25.0271,28,10,0,0,255,2,0,1782505559.327274,92
25.025145,25.022314,0.21992837,0.30547515,0.71258545,1,1,0,0.0087890625,0.012207031,25.025146,28,10,0,0,255,2,0,1782505559.327274,92
25.028564,25.017483,0.57728803,0.47048,0.8812561,1,1,0,0.023071289,0.018798828,25.028564,29,10,1,0,255,2,0,1782505559.327274,92
25.034424,25.026676,0.5790285,0.2291938,0.72888184,1,1,0,0.023132324,0.009155273,25.034424,31,10,1,0,255,2,0,1782505559.327274,92
25.03076,25.024162,0.527015,0.22916028,0.7713623,1,1,0,0.021057129,0.009155273,25.030762,31,10,1,0,255,2,0,1782505559.327274,92
25.023926,25.018398,0.47342706,0.2290977,0.6881714,1,1,0,0.018920898,0.009155273,25.023926,31,10,1,0,255,2,0,1782505559.327274,92
25.019531,25.014933,0.421434,0.22905746,0.7364502,1,1,0,0.016845703,0.009155273,25.019531,31,10,1,0,255,2,0,1782505559.327274,92
25.030762,25.028318,0.26428586,0.22916028,0.7723999,1,1,0,0.010559082,0.009155273,25.030762,31,10,1,0,255,2,0,1782505559.327274,92
25.03247,25.023174,0.586588,0.34834102,0.6596985,1,1,0,0.0234375,0.013916016,25.03247,60,10,0,0,255,2,0,1782505559.327274,92
25.032715,25.024654,0.53313756,0.34528893,0.7810669,1,1,0,0.02130127,0.013793945,25.032715,60,10,0,0,255,2,0,1782505559.327274,92
25.029055,25.022005,0.4811342,0.34829345,1.0047302,1,1,0,0.019226074,0.013916016,25.029053,60,10,0,0,255,2,0,1782505559.327274,92
25.031738,25.02762,0.27191722,0.36360744,0.7637329,1,1,0,0.010864258,0.014526367,25.031738,60,10,0,0,255,2,0,1782505559.327274,92
25.035645,25.022806,0.5758828,0.5576938,0.6836548,1,1,0,0.023010254,0.022277832,25.035645,61,10,1,0,255,2,0,1782505559.327274,92
25.031736,25.019974,0.5238712,0.5606616,0.9685669,1,1,0,0.020935059,0.022399902,25.031738,61,10,1,0,255,2,0,1782505559.327274,92
25.036377,25.025541,0.47203428,0.5653486,0.93569946,1,1,0,0.018859863,0.022583008,25.036377,61,10,1,0,255,2,0,1782505559.327274,92
25.030762,25.020811,0.41847786,0.5682766,0.93569946,1,1,0,0.016723633,0.022705078,25.030762,61,10,1,0,255,2,0,1782505559.327274,92
25.031736,25.022495,0.3665667,0.572881,0.87509155,1,1,0,0.0146484375,0.022888184,25.031738,61,10,1,0,255,2,0,1782505559.327274,92
25.027342,25.019249,0.2611357,0.58041614,0.71795654,1,1,0,0.010437012,0.02319336,25.027344,61,10,1,0,255,2,0,1782505559.327274,92
25.028074,25.017612,0.48257726,0.53919846,0.71691895,1,1,0,0.01928711,0.02154541,25.028076,26,11,0,0,255,2,0,1782505559.4271586,93
25.031982,25.027271,0.37733182,0.3055586,0.7767334,1,1,0,0.015075684,0.012207031,25.031982,28,11,0,0,255,2,0,1782505559.4271586,93
25.033447,25.030615,0.22000131,0.30557647,0.9145813,1,1,0,0.0087890625,0.012207031,25.033447,28,11,0,0,255,2,0,1782505559.4271586,93
25.036621,25.02668,0.52553976,0.47063145,0.6836548,1,1,0,0.020996094,0.018798828,25.036621,29,11,1,0,255,2,0,1782505559.4271586,93
25.032959,25.026392,0.52553374,0.2291804,0.9315796,1,1,0,0.020996094,0.009155273,25.032959,31,11,1,0,255,2,0,1782505559.4271586,93
25.025389,25.01989,0.4719277,0.2291111,0.5921631,1,1,0,0.018859863,0.009155273,25.02539,31,11,1,0,255,2,0,1782505559.4271586,93
25.021729,25.018702,0.31458277,0.22907758,0.7127991,1,1,0,0.012573242,0.009155273,25.021729,31,11,1,0,255,2,0,1782505559.4271586,93
25.03296,25.02364,0.58659893,0.34987554,1.1451721,1,1,0,0.0234375,0.013977051,25.032959,60,11,0,0,255,2,0,1782505559.4271586,93
25.031742,25.02469,0.48118582,0.34833083,0.69784546,1,1,0,0.019226074,0.013916016,25.031738,60,11,0,0,255,2,0,1782505559.4271586,93
25.031252,25.025898,0.3757833,0.3559622,0.83480835,1,1,0,0.015014648,0.014221191,25.03125,60,11,0,0,255,2,0,1782505559.4271586,93
25.0271,25.02243,0.32379463,0.35895795,0.83654785,1,1,0,0.012939453,0.014343262,25.0271,60,11,0,0,255,2,0,1782505559.4271586,93
25.032957,25.020155,0.57582176,0.55610645,0.9880676,1,1,0,0.023010254,0.022216797,25.032959,61,11,1,0,255,2,0,1782505559.4271586,93
25.033445,25.02168,0.52390695,0.5606999,0.669281,1,1,0,0.020935059,0.022399902,25.033447,61,11,1,0,255,2,0,1782505559.4271586,93
25.036623,25.026669,0.41857582,0.5684096,0.67544556,1,1,0,0.016723633,0.022705078,25.036621,61,11,1,0,255,2,0,1782505559.4271586,93
25.028564,25.01936,0.36652073,0.57128114,0.76828,1,1,0,0.0146484375,0.022827148,25.028564,61,11,1,0,255,2,0,1782505559.4271586,93
25.036623,25.028015,0.31469986,0.5760482,0.74124146,1,1,0,0.012573242,0.023010254,25.036621,61,11,1,0,255,2,0,1782505559.4271586,93
25.031006,25.01832,0.5880021,0.53773415,0.7550659,1,1,0,0.023498535,0.021484375,25.031006,26,12,0,0,255,2,0,1782505559.5270336,94
25.03418,25.022692,0.5346237,0.53780234,1.1815796,1,1,0,0.021362305,0.021484375,25.03418,26,12,0,0,255,2,0,1782505559.5270336,94
25.031006,25.020575,0.4826344,0.53773415,0.84262085,1,1,0,0.01928711,0.021484375,25.031006,26,12,0,0,255,2,0,1782505559.5270336,94
25.033445,25.023989,0.4292255,0.5377866,0.94403076,1,1,0,0.017150879,0.021484375,25.033447,26,12,0,0,255,2,0,1782505559.5270336,94
25.032715,25.025461,0.27189377,0.53777087,0.86169434,1,1,0,0.010864258,0.021484375,25.032715,26,12,0,0,255,2,0,1782505559.5270336,94
25.032957,25.026215,0.21996264,0.5377761,0.72732544,1,1,0,0.0087890625,0.021484375,25.032959,26,12,0,0,255,2,0,1782505559.5270336,94
25.034668,25.027124,0.53319013,0.30559137,0.7602539,1,1,0,0.02130127,0.012207031,25.034668,28,12,0,0,255,2,0,1782505559.5270336,94
25.033937,25.029995,0.32236457,0.30558243,0.7897339,1,1,0,0.012878418,0.012207031,25.033936,28,12,0,0,255,2,0,1782505559.5270336,94
25.045654,25.0346,0.57615423,0.47080123,0.8964844,1,1,0,0.023010254,0.018798828,25.045654,29,12,1,0,255,2,0,1782505559.5270336,94
25.03125,25.021975,0.58655995,0.3467964,0.7585144,1,1,0,0.0234375,0.0138549805,25.03125,60,12,0,0,255,2,0,1782505559.5270336,94
25.031248,25.023094,0.5346323,0.34985164,0.7940674,1,1,0,0.021362305,0.013977051,25.03125,60,12,0,0,255,2,0,1782505559.5270336,94
25.032715,25.025665,0.4812046,0.34834442,0.94836426,1,1,0,0.019226074,0.013916016,25.032715,60,12,0,0,255,2,0,1782505559.5270336,94
25.02905,25.022882,0.42920655,0.35287595,0.7637329,1,1,0,0.017150879,0.014099121,25.029053,60,12,0,0,255,2,0,1782505559.5270336,94
25.027102,25.02241,0.32379434,0.36048532,0.97698975,1,1,0,0.012939453,0.014404297,25.0271,60,12,0,0,255,2,0,1782505559.5270336,94
25.031738,25.018867,0.57732,0.55760676,0.7867737,1,1,0,0.023071289,0.022277832,25.031738,61,12,1,0,255,2,0,1782505559.5270336,94
25.035887,25.024122,0.523958,0.56075454,1.2921143,1,1,0,0.020935059,0.022399902,25.035889,61,12,1,0,255,2,0,1782505559.5270336,94
25.029541,25.01871,0.47190538,0.56519425,0.8196411,1,1,0,0.018859863,0.022583008,25.029541,61,12,1,0,255,2,0,1782505559.5270336,94
25.023928,25.013979,0.41836357,0.5681214,0.7241211,1,1,0,0.016723633,0.022705078,25.023926,61,12,1,0,255,2,0,1782505559.5270336,94
25.038818,25.029573,0.36667037,0.57304305,0.7515259,1,1,0,0.0146484375,0.022888184,25.038818,61,12,1,0,255,2,0,1782505559.5270336,94
25.025145,25.016542,0.31455562,0.57578415,0.77545166,1,1,0,0.012573242,0.023010254,25.025146,61,12,1,0,255,2,0,1782505559.5270336,94
25.02954,25.021446,0.26115862,0.5804671,0.71795654,1,1,0,0.010437012,0.02319336,25.029541,61,12,1,0,255,2,0,1782505559.5270336,94
25.02905,25.01637,0.5864286,0.5392195,0.7845459,1,1,0,0.0234375,0.02154541,25.029053,26,13,0,0,255,2,0,1782505559.6278734,95
25.031982,25.026436,0.42926747,0.3055586,0.8868408,1,1,0,0.017150879,0.012207031,25.031982,28,13,0,0,255,2,0,1782505559.6278734,95
25.032959,25.026558,0.31468153,0.4705626,0.8915405,1,1,0,0.012573242,0.018798828,25.032959,29,13,1,0,255,2,0,1782505559.6278734,95
25.035645,25.029871,0.2627744,0.46908525,0.72787476,1,1,0,0.010498047,0.018737793,25.035645,29,13,1,0,255,2,0,1782505559.6278734,95
25.035156,25.02859,0.52557987,0.22920051,1.0014343,1,1,0,0.020996094,0.009155273,25.035156,31,13,1,0,255,2,0,1782505559.6278734,95
25.029541,25.024012,0.4735333,0.2291491,0.78060913,1,1,0,0.018920898,0.009155273,25.029541,31,13,1,0,255,2,0,1782505559.6278734,95
25.024904,25.021147,0.3680744,0.22910663,1.2724304,1,1,0,0.014709473,0.009155273,25.024902,31,13,1,0,255,2,0,1782505559.6278734,95
25.034426,25.025091,0.58816123,0.3483682,0.86343384,1,1,0,0.023498535,0.013916016,25.034424,60,13,0,0,255,2,0,1782505559.6278734,95
25.032957,25.026789,0.42927355,0.35293102,1.1616211,1,1,0,0.017150879,0.014099121,25.032959,60,13,0,0,255,2,0,1782505559.6278734,95
25.03491,25.029533,0.37736595,0.35601428,0.7585144,1,1,0,0.015075684,0.014221191,25.034912,60,13,0,0,255,2,0,1782505559.6278734,95
25.034182,25.029469,0.32541364,0.36058727,0.7958069,1,1,0,0.013000488,0.014404297,25.03418,60,13,0,0,255,2,0,1782505559.6278734,95
25.031738,25.028063,0.21997888,0.36819038,0.73599243,1,1,0,0.0087890625,0.014709473,25.031738,60,13,0,0,255,2,0,1782505559.6278734,95
25.034668,25.021795,0.5773875,0.557672,0.9942322,1,1,0,0.023071289,0.022277832,25.034668,61,13,1,0,255,2,0,1782505559.6278734,95
25.02295,25.01212,0.4717811,0.5650454,0.81552124,1,1,0,0.018859863,0.022583008,25.02295,61,13,1,0,255,2,0,1782505559.6278734,95
25.041258,25.031279,0.42018116,0.56851494,0.7515259,1,1,0,0.016784668,0.022705078,25.04126,61,13,1,0,255,2,0,1782505559.6278734,95
25.026367,25.017105,0.36801496,0.5727581,0.8196411,1,1,0,0.014709473,0.022888184,25.026367,61,13,1,0,255,2,0,1782505559.6278734,95
25.024174,25.016064,0.26262945,0.58034253,1.1872559,1,1,0,0.010498047,0.02319336,25.02417,61,13,1,0,255,2,0,1782505559.6278734,95
25.031494,25.02683,0.37426946,0.30555263,0.84262085,1,1,0,0.014953613,0.012207031,25.031494,28,14,0,0,255,2,0,1782505559.7271798,96
25.018312,25.007269,0.5755252,0.47028723,0.7425842,1,1,0,0.023010254,0.018798828,25.01831,29,14,1,0,255,2,0,1782505559.7271798,96
25.028566,25.02067,0.41694793,0.47048,0.8607178,1,1,0,0.016662598,0.018798828,25.028564,29,14,1,0,255,2,0,1782505559.7271798,96
25.038818,25.031176,0.5745468,0.22923404,0.88619995,1,1,0,0.022949219,0.009155273,25.038818,31,14,1,0,255,2,0,1782505559.7271798,96
25.03296,25.02754,0.37886375,0.35751423,0.95269775,1,1,0,0.015136719,0.014282227,25.032959,60,14,0,0,255,2,0,1782505559.7271798,96
25.03247,25.027737,0.32539114,0.36209038,0.8928833,1,1,0,0.013000488,0.014465332,25.03247,60,14,0,0,255,2,0,1782505559.7271798,96
25.033203,25.029491,0.22151923,0.36973968,0.85128784,1,1,0,0.008850098,0.014770508,25.033203,60,14,0,0,255,2,0,1782505559.7271798,96
25.027342,25.015482,0.52683216,0.56209034,0.8935852,1,1,0,0.021057129,0.022460938,25.027344,61,14,1,0,255,2,0,1782505559.7271798,96
25.027342,25.017307,0.42147398,0.5697261,0.846344,1,1,0,0.016845703,0.022766113,25.027344,61,14,1,0,255,2,0,1782505559.7271798,96
25.028074,25.017675,0.48105097,0.5376712,0.71258545,1,1,0,0.019226074,0.021484375,25.028076,26,15,0,0,255,2,0,1782505559.8272488,97
25.031494,25.022896,0.3757382,0.53774464,1.1919861,1,1,0,0.015014648,0.021484375,25.031494,26,15,0,0,255,2,0,1782505559.8272488,97
25.032227,25.02754,0.37580794,0.30556157,0.7914734,1,1,0,0.015014648,0.012207031,25.032227,28,15,0,0,255,2,0,1782505559.8272488,97
25.032473,25.028511,0.3238733,0.30556455,0.82180786,1,1,0,0.012939453,0.012207031,25.03247,28,15,0,0,255,2,0,1782505559.8272488,97
25.01831,25.010555,0.5786555,0.2305732,0.7097168,1,1,0,0.023132324,0.009216309,25.01831,31,15,1,0,255,2,0,1782505559.8272488,97
25.028563,25.021984,0.52544117,0.23066771,0.8792114,1,1,0,0.020996094,0.009216309,25.028564,31,15,1,0,255,2,0,1782505559.8272488,97
25.031738,25.02931,0.26276854,0.22916922,0.8730469,1,1,0,0.010498047,0.009155273,25.031738,31,15,1,0,255,2,0,1782505559.8272488,97
25.032228,25.02293,0.5865823,0.34833762,0.661438,1,1,0,0.0234375,0.013916016,25.032227,60,15,0,0,255,2,0,1782505559.8272488,97
25.031006,25.02398,0.48117214,0.346793,0.70217896,1,1,0,0.019226074,0.0138549805,25.031006,60,15,0,0,255,2,0,1782505559.8272488,97
25.027098,25.020952,0.42917344,0.35132104,0.8868408,1,1,0,0.017150879,0.014038086,25.0271,60,15,0,0,255,2,0,1782505559.8272488,97
25.029053,25.024384,0.3238199,0.35898596,0.68310547,1,1,0,0.012939453,0.014343262,25.029053,60,15,0,0,255,2,0,1782505559.8272488,97
25.03003,25.025934,0.2718989,0.36205506,0.60943604,1,1,0,0.010864258,0.014465332,25.03003,60,15,0,0,255,2,0,1782505559.8272488,97
25.043457,25.03065,0.5760633,0.5563396,0.71450806,1,1,0,0.023010254,0.022216797,25.043457,61,15,1,0,255,2,0,1782505559.8272488,97
25.034424,25.024506,0.41853964,0.5668321,0.63946533,1,1,0,0.016723633,0.022644043,25.034424,61,15,1,0,255,2,0,1782505559.8272488,97
25.036375,25.027168,0.36663514,0.5714595,0.89974976,1,1,0,0.0146484375,0.022827148,25.036377,61,15,1,0,255,2,0,1782505559.8272488,97
25.031738,25.023169,0.31463894,0.5744084,0.92440796,1,1,0,0.012573242,0.022949219,25.031738,61,15,1,0,255,2,0,1782505559.8272488,97
25.030762,25.022701,0.26117173,0.57896805,0.7846985,1,1,0,0.010437012,0.023132324,25.030762,61,15,1,0,255,2,0,1782505559.8272488,97
25.025146,25.013662,0.5344308,0.53760827,0.85302734,1,1,0,0.021362305,0.021484375,25.025146,26,16,0,0,255,2,0,1782505559.92753,98
25.03247,25.02204,0.48266265,0.5377656,0.8911743,1,1,0,0.01928711,0.021484375,25.03247,26,16,0,0,255,2,0,1782505559.92753,98
25.032469,25.023012,0.42920876,0.5377656,0.74380493,1,1,0,0.017150879,0.021484375,25.03247,26,16,0,0,255,2,0,1782505559.92753,98
25.033201,25.026459,0.21996479,0.53778136,0.8851013,1,1,0,0.0087890625,0.021484375,25.033203,26,16,0,0,255,2,0,1782505559.92753,98
25.031494,25.025032,0.47966444,0.30555263,0.7680664,1,1,0,0.019165039,0.012207031,25.031494,28,16,0,0,255,2,0,1782505559.92753,98
25.018312,25.008442,0.52210265,0.47028723,0.67071533,1,1,0,0.020874023,0.018798828,25.01831,29,16,1,0,255,2,0,1782505559.92753,98
25.021729,25.01599,0.25957462,0.4688245,0.75390625,1,1,0,0.010375977,0.018737793,25.021729,29,16,1,0,255,2,0,1782505559.92753,98
25.026365,25.018692,0.57578814,0.22912005,0.68917847,1,1,0,0.023010254,0.009155273,25.026367,31,16,1,0,255,2,0,1782505559.92753,98
25.034668,25.030119,0.41863352,0.22919604,1.008606,1,1,0,0.016723633,0.009155273,25.034668,31,16,1,0,255,2,0,1782505559.92753,98
25.03247,25.023102,0.58964264,0.34834102,0.7767334,1,1,0,0.02355957,0.013916016,25.03247,60,16,0,0,255,2,0,1782505559.92753,98
25.031252,25.023127,0.53616095,0.34526873,0.72299194,1,1,0,0.02142334,0.013793945,25.03125,60,16,0,0,255,2,0,1782505559.92753,98
25.032225,25.026003,0.4323159,0.35292068,0.7585144,1,1,0,0.01727295,0.014099121,25.032227,60,16,0,0,255,2,0,1782505559.92753,98
25.016602,25.011185,0.37861615,0.35728064,0.7914734,1,1,0,0.015136719,0.014282227,25.016602,60,16,0,0,255,2,0,1782505559.92753,98
25.032473,25.02774,0.326919,0.36056265,0.7992859,1,1,0,0.013061523,0.014404297,25.03247,60,16,0,0,255,2,0,1782505559.92753,98
25.031006,25.026833,0.27496406,0.3651244,0.83047485,1,1,0,0.010986328,0.014587402,25.031006,60,16,0,0,255,2,0,1782505559.92753,98
25.031494,25.027805,0.2215043,0.3681868,0.8070679,1,1,0,0.008850098,0.014709473,25.031494,60,16,0,0,255,2,0,1782505559.92753,98
25.035154,25.02329,0.5269966,0.5622658,1.104126,1,1,0,0.021057129,0.022460938,25.035156,61,16,1,0,255,2,0,1782505559.92753,98
25.025146,25.014257,0.47487602,0.565095,0.9038696,1,1,0,0.018981934,0.022583008,25.025146,61,16,1,0,255,2,0,1782505559.92753,98
25.030762,25.020725,0.42153156,0.5698039,0.7312927,1,1,0,0.016845703,0.022766113,25.030762,61,16,1,0,255,2,0,1782505559.92753,98
25.025145,25.015862,0.36952385,0.5727301,0.77853394,1,1,0,0.014770508,0.022888184,25.025146,61,16,1,0,255,2,0,1782505559.92753,98
25.023926,25.01525,0.3175935,0.577283,0.84017944,1,1,0,0.0126953125,0.023071289,25.023926,61,16,1,0,255,2,0,1782505559.92753,98
25.032713,25.021227,0.5345924,0.53777087,0.7767334,1,1,0,0.021362305,0.021484375,25.032715,26,17,0,0,255,2,0,1782505560.0275736,99
25.031248,25.020847,0.48111194,0.5377394,0.70651245,1,1,0,0.019226074,0.021484375,25.03125,26,17,0,0,255,2,0,1782505560.0275736,99
25.032957,25.0235,0.42921713,0.5377761,0.84002686,1,1,0,0.017150879,0.021484375,25.032959,26,17,0,0,255,2,0,1782505560.0275736,99
25.032957,25.024338,0.3772876,0.5377761,0.69869995,1,1,0,0.015075684,0.021484375,25.032959,26,17,0,0,255,2,0,1782505560.0275736,99
25.031494,25.02424,0.2718805,0.53774464,0.646698,1,1,0,0.010864258,0.021484375,25.031494,26,17,0,0,255,2,0,1782505560.0275736,99
25.031982,25.024439,0.533133,0.3055586,0.7325134,1,1,0,0.02130127,0.012207031,25.031982,28,17,0,0,255,2,0,1782505560.0275736,99
25.032957,25.026466,0.48122,0.3055705,0.7455139,1,1,0,0.019226074,0.012207031,25.032959,28,17,0,0,255,2,0,1782505560.0275736,99
25.031738,25.026218,0.42773578,0.3055556,0.7879944,1,1,0,0.017089844,0.012207031,25.031738,28,17,0,0,255,2,0,1782505560.0275736,99
25.035154,25.024105,0.5759127,0.4706039,0.8915405,1,1,0,0.023010254,0.018798828,25.035156,29,17,1,0,255,2,0,1782505560.0275736,99
25.028564,25.020643,0.41847506,0.47048,0.84017944,1,1,0,0.016723633,0.018798828,25.028564,29,17,1,0,255,2,0,1782505560.0275736,99
25.028566,25.022184,0.3130991,0.47048,0.86483765,1,1,0,0.012512207,0.018798828,25.028564,29,17,1,0,255,2,0,1782505560.0275736,99
25.027342,25.02081,0.52388865,0.22912899,0.79293823,1,1,0,0.020935059,0.009155273,25.027344,31,17,1,0,255,2,0,1782505560.0275736,99
25.037844,25.034107,0.3667368,0.2292251,0.763855,1,1,0,0.0146484375,0.009155273,25.037842,31,17,1,0,255,2,0,1782505560.0275736,99
25.03247,25.02313,0.586587,0.35139644,0.8825073,1,1,0,0.0234375,0.014038086,25.03247,60,17,0,0,255,2,0,1782505560.0275736,99
25.034422,25.02733,0.4812366,0.35142386,0.7810669,1,1,0,0.019226074,0.014038086,25.034424,60,17,0,0,255,2,0,1782505560.0275736,99
25.045654,25.032742,0.5776401,0.559445,0.8800354,1,1,0,0.023071289,0.022338867,25.045654,61,17,1,0,255,2,0,1782505560.0275736,99
25.035643,25.024775,0.47201982,0.5668598,0.7998352,1,1,0,0.018859863,0.022644043,25.035645,61,17,1,0,255,2,0,1782505560.0275736,99
25.036623,25.026573,0.42010215,0.5714651,0.71450806,1,1,0,0.016784668,0.022827148,25.036621,61,17,1,0,255,2,0,1782505560.0275736,99
25.032959,25.024319,0.3146534,0.5774914,0.8175659,1,1,0,0.012573242,0.023071289,25.032959,61,17,1,0,255,2,0,1782505560.0275736,99
25.023926,25.015797,0.26109967,0.5818638,0.82373047,1,1,0,0.010437012,0.023254395,25.023926,61,17,1,0,255,2,0,1782505560.0275736,99
25.032469,25.019783,0.58803654,0.5377656,0.7489929,1,1,0,0.023498535,0.021484375,25.03247,26,18,0,0,255,2,0,1782505560.1274621,100
25.033447,25.02196,0.53460807,0.5377866,0.667511,1,1,0,0.021362305,0.021484375,25.033447,26,18,0,0,255,2,0,1782505560.1274621,100
25.030027,25.02057,0.42916688,0.53771317,0.7698059,1,1,0,0.017150879,0.021484375,25.03003,26,18,0,0,255,2,0,1782505560.1274621,100
25.033934,25.026043,0.32536912,0.5377971,0.8764343,1,1,0,0.013000488,0.021484375,25.033936,26,18,0,0,255,2,0,1782505560.1274621,100
25.032957,25.02429,0.58355784,0.3055705,0.7940674,1,1,0,0.02331543,0.012207031,25.032959,28,18,0,0,255,2,0,1782505560.1274621,100
25.033936,25.026424,0.5316471,0.30558243,0.7533264,1,1,0,0.021240234,0.012207031,25.033936,28,18,0,0,255,2,0,1782505560.1274621,100
25.031494,25.02506,0.47813705,0.30555263,0.7403259,1,1,0,0.019104004,0.012207031,25.031494,28,18,0,0,255,2,0,1782505560.1274621,100
25.032959,25.027464,0.4262291,0.3055705,0.65625,1,1,0,0.017028809,0.012207031,25.032959,28,18,0,0,255,2,0,1782505560.1274621,100
25.026121,25.02146,0.37418914,0.30548707,0.82528687,1,1,0,0.014953613,0.012207031,25.026123,28,18,0,0,255,2,0,1782505560.1274621,100
25.03247,25.029161,0.26887828,0.30556455,0.7585144,1,1,0,0.0107421875,0.012207031,25.03247,28,18,0,0,255,2,0,1782505560.1274621,100
25.03882,25.027803,0.5744694,0.47067273,0.8286133,1,1,0,0.022949219,0.018798828,25.038818,29,18,1,0,255,2,0,1782505560.1274621,100
25.030762,25.02092,0.52083534,0.4705213,0.93878174,1,1,0,0.020812988,0.018798828,25.030762,29,18,1,0,255,2,0,1782505560.1274621,100
25.029543,25.020727,0.46888804,0.47049835,0.8586731,1,1,0,0.018737793,0.018798828,25.029541,29,18,1,0,255,2,0,1782505560.1274621,100
25.031736,25.023869,0.41700125,0.46901208,0.80114746,1,1,0,0.016662598,0.018737793,25.031738,29,18,1,0,255,2,0,1782505560.1274621,100
25.03003,25.023695,0.31159043,0.46898004,0.60757446,1,1,0,0.012451172,0.018737793,25.03003,29,18,1,0,255,2,0,1782505560.1274621,100
25.033447,25.027946,0.47207963,0.22918487,0.6271057,1,1,0,0.018859863,0.009155273,25.033447,31,18,1,0,255,2,0,1782505560.1274621,100
25.032715,25.023375,0.58659273,0.35139987,1.255249,1,1,0,0.0234375,0.014038086,25.032715,60,18,0,0,255,2,0,1782505560.1274621,100
25.032228,25.024168,0.5331272,0.3452822,0.74380493,1,1,0,0.02130127,0.013793945,25.032227,60,18,0,0,255,2,0,1782505560.1274621,100
25.03174,25.026365,0.3757903,0.3574968,0.8781738,1,1,0,0.015014648,0.014282227,25.031738,60,18,0,0,255,2,0,1782505560.1274621,100
25.035156,25.022318,0.5758715,0.5576829,1.1534424,1,1,0,0.023010254,0.022277832,25.035156,61,18,1,0,255,2,0,1782505560.1274621,100
25.01831,25.006517,0.52358943,0.56188744,0.6830139,1,1,0,0.020935059,0.022460938,25.01831,61,18,1,0,255,2,0,1782505560.1274621,100
25.023926,25.015308,0.31301302,0.577283,0.7251282,1,1,0,0.012512207,0.023071289,25.023926,61,18,1,0,255,2,0,1782505560.1274621,100
25.03125,25.018564,0.5880078,0.5377394,0.6657715,1,1,0,0.023498535,0.021484375,25.03125,26,19,0,0,255,2,0,1782505560.2270439,101
25.033203,25.022772,0.48267677,0.53778136,0.83480835,1,1,0,0.01928711,0.021484375,25.033203,26,19,0,0,255,2,0,1782505560.2270439,101
25.03491,25.026289,0.37731704,0.5378181,0.7897339,1,1,0,0.015075684,0.021484375,25.034912,26,19,0,0,255,2,0,1782505560.2270439,101
25.031738,25.025246,0.48119655,0.3055556,1.1512451,1,1,0,0.019226074,0.012207031,25.031738,28,19,0,0,255,2,0,1782505560.2270439,101
25.031494,25.025974,0.4277316,0.30555263,1.0159912,1,1,0,0.017089844,0.012207031,25.031494,28,19,0,0,255,2,0,1782505560.2270439,101
25.03296,25.024115,0.47047946,0.4705626,0.94595337,1,1,0,0.018798828,0.018798828,25.032959,29,19,1,0,255,2,0,1782505560.2270439,101
25.032959,25.025036,0.41854852,0.4705626,1.0178528,1,1,0,0.016723633,0.018798828,25.032959,29,19,1,0,255,2,0,1782505560.2270439,101
25.03076,25.023106,0.5743616,0.23068796,0.885376,1,1,0,0.022949219,0.009216309,25.030762,31,19,1,0,255,2,0,1782505560.2270439,101
25.031736,25.02522,0.52245295,0.23069696,1.020935,1,1,0,0.020874023,0.009216309,25.031738,31,19,1,0,255,2,0,1782505560.2270439,101
25.03467,25.030956,0.36516252,0.22919604,1.0897522,1,1,0,0.014587402,0.009155273,25.034668,31,19,1,0,255,2,0,1782505560.2270439,101
25.033936,25.024637,0.58662236,0.3483614,1.0289917,1,1,0,0.0234375,0.013916016,25.033936,60,19,0,0,255,2,0,1782505560.2270439,101
25.030027,25.023838,0.42922294,0.3544173,0.646698,1,1,0,0.017150879,0.014160156,25.03003,60,19,0,0,255,2,0,1782505560.2270439,101
25.029055,25.024914,0.2718878,0.3650959,0.82006836,1,1,0,0.010864258,0.014587402,25.029053,60,19,0,0,255,2,0,1782505560.2270439,101
25.028564,25.016768,0.523804,0.56211776,0.93569946,1,1,0,0.020935059,0.022460938,25.028564,61,19,1,0,255,2,0,1782505560.2270439,101
25.04126,25.031244,0.4201806,0.5700429,0.7761841,1,1,0,0.016784668,0.022766113,25.04126,61,19,1,0,255,2,0,1782505560.2270439,101
25.02295,25.013676,0.3664375,0.57420677,0.69226074,1,1,0,0.0146484375,0.022949219,25.02295,61,19,1,0,255,2,0,1782505560.2270439,101
25.02295,25.014313,0.3145276,0.5772605,0.7600708,1,1,0,0.012573242,0.023071289,25.02295,61,19,1,0,255,2,0,1782505560.2270439,101
25.032225,25.020739,0.53458196,0.5377604,0.82006836,1,1,0,0.021362305,0.021484375,25.032227,26,20,0,0,255,2,0,1782505560.3274128,102
25.03247,25.022987,0.43073604,0.5377656,0.72906494,1,1,0,0.017211914,0.021484375,25.03247,26,20,0,0,255,2,0,1782505560.3274128,102
25.02905,25.020277,0.5880481,0.30552283,0.7992859,1,1,0,0.023498535,0.012207031,25.029053,28,20,0,0,255,2,0,1782505560.3274128,102
25.026123,25.019604,0.48261568,0.30548707,0.7810669,1,1,0,0.01928711,0.012207031,25.026123,28,20,0,0,255,2,0,1782505560.3274128,102
25.026123,25.021414,0.37724352,0.30548707,0.7897339,1,1,0,0.015075684,0.012207031,25.026123,28,20,0,0,255,2,0,1782505560.3274128,102
25.018312,25.008377,0.5251554,0.47028723,0.66659546,1,1,0,0.020996094,0.018798828,25.01831,29,20,1,0,255,2,0,1782505560.3274128,102
25.03467,25.028296,0.3147034,0.46906695,0.88946533,1,1,0,0.012573242,0.018737793,25.034668,29,20,1,0,255,2,0,1782505560.3274128,102
25.027342,25.019669,0.5758106,0.22912899,0.7097168,1,1,0,0.023010254,0.009155273,25.027344,31,20,1,0,255,2,0,1782505560.3274128,102
25.02246,25.016962,0.47187245,0.22908428,0.9748535,1,1,0,0.018859863,0.009155273,25.02246,31,20,1,0,255,2,0,1782505560.3274128,102
25.023684,25.019135,0.4184498,0.22909546,0.9420166,1,1,0,0.016723633,0.009155273,25.023682,31,20,1,0,255,2,0,1782505560.3274128,102
25.01831,25.015305,0.313013,0.22904629,0.6840515,1,1,0,0.012512207,0.009155273,25.01831,31,20,1,0,255,2,0,1782505560.3274128,102
25.01587,25.013472,0.26107538,0.22749713,0.78912354,1,1,0,0.010437012,0.009094238,25.01587,31,20,1,0,255,2,0,1782505560.3274128,102
25.02124,25.011911,0.58785146,0.34818473,0.8122864,1,1,0,0.023498535,0.013916016,25.02124,60,20,0,0,255,2,0,1782505560.3274128,102
25.029055,25.021976,0.48266143,0.34829345,0.71343994,1,1,0,0.01928711,0.013916016,25.029053,60,20,0,0,255,2,0,1782505560.3274128,102
25.031004,25.024836,0.42924005,0.3529035,0.72125244,1,1,0,0.017150879,0.014099121,25.031006,60,20,0,0,255,2,0,1782505560.3274128,102
25.026125,25.022007,0.27185625,0.36352587,0.7862549,1,1,0,0.010864258,0.014526367,25.026123,60,20,0,0,255,2,0,1782505560.3274128,102
25.031494,25.027819,0.21997674,0.3681868,0.8027344,1,1,0,0.0087890625,0.014709473,25.031494,60,20,0,0,255,2,0,1782505560.3274128,102
25.027344,25.014475,0.5772186,0.5575088,0.8812561,1,1,0,0.023071289,0.022277832,25.027344,61,20,1,0,255,2,0,1782505560.3274128,102
25.025145,25.014315,0.47182253,0.565095,0.6871338,1,1,0,0.018859863,0.022583008,25.025146,61,20,1,0,255,2,0,1782505560.3274128,102
25.028563,25.0193,0.36804724,0.5728084,0.84017944,1,1,0,0.014709473,0.022888184,25.028564,61,20,1,0,255,2,0,1782505560.3274128,102
25.0271,25.014488,0.5848568,0.5376502,0.83306885,1,1,0,0.023376465,0.021484375,25.0271,26,21,0,0,255,2,0,1782505560.4275532,103
25.034182,25.025581,0.37577853,0.53780234,1.2370605,1,1,0,0.015014648,0.021484375,25.03418,26,21,0,0,255,2,0,1782505560.4275532,103
25.033936,25.031103,0.2200056,0.30558243,1.0879517,1,1,0,0.0087890625,0.012207031,25.033936,28,21,0,0,255,2,0,1782505560.4275532,103
25.035889,25.025948,0.5255244,0.47061768,1.3034058,1,1,0,0.020996094,0.018798828,25.035889,29,21,1,0,255,2,0,1782505560.4275532,103
25.037842,25.028938,0.47362652,0.47065437,0.7463684,1,1,0,0.018920898,0.018798828,25.037842,29,21,1,0,255,2,0,1782505560.4275532,103
25.037842,25.029892,0.4201579,0.47065437,0.68881226,1,1,0,0.016784668,0.018798828,25.037842,29,21,1,0,255,2,0,1782505560.4275532,103
25.035156,25.029383,0.26276928,0.4690761,0.964447,1,1,0,0.010498047,0.018737793,25.035156,29,21,1,0,255,2,0,1782505560.4275532,103
25.018309,25.011778,0.5236996,0.22904629,0.6265259,1,1,0,0.020935059,0.009155273,25.01831,31,21,1,0,255,2,0,1782505560.4275532,103
25.021729,25.01623,0.47185862,0.22907758,0.7374573,1,1,0,0.018859863,0.009155273,25.021729,31,21,1,0,255,2,0,1782505560.4275532,103
25.03296,25.024847,0.53466976,0.34682006,1.1572876,1,1,0,0.021362305,0.0138549805,25.032959,60,21,0,0,255,2,0,1782505560.4275532,103
25.033205,25.026083,0.48274064,0.35140672,0.8911743,1,1,0,0.01928711,0.014038086,25.033203,60,21,0,0,255,2,0,1782505560.4275532,103
25.031738,25.025547,0.42925224,0.3544415,0.7619934,1,1,0,0.017150879,0.014160156,25.031738,60,21,0,0,255,2,0,1782505560.4275532,103
25.033934,25.028515,0.37735057,0.35905597,1.0992126,1,1,0,0.015075684,0.014343262,25.033936,60,21,0,0,255,2,0,1782505560.4275532,103
25.034182,25.029467,0.32388565,0.3621151,0.82528687,1,1,0,0.012939453,0.014465332,25.03418,60,21,0,0,255,2,0,1782505560.4275532,103
25.032717,25.028553,0.27192736,0.36667705,0.71343994,1,1,0,0.010864258,0.0146484375,25.032715,60,21,0,0,255,2,0,1782505560.4275532,103
25.032957,25.02926,0.21998942,0.36973608,0.7975464,1,1,0,0.0087890625,0.014770508,25.032959,60,21,0,0,255,2,0,1782505560.4275532,103
25.032957,25.021128,0.52542317,0.56221646,0.99731445,1,1,0,0.020996094,0.022460938,25.032959,61,21,1,0,255,2,0,1782505560.4275532,103
25.028564,25.019926,0.31459817,0.57739,0.8442688,1,1,0,0.012573242,0.023071289,25.028564,61,21,1,0,255,2,0,1782505560.4275532,103
25.029541,25.021395,0.26268542,0.58199435,0.92440796,1,1,0,0.010498047,0.023254395,25.029541,61,21,1,0,255,2,0,1782505560.4275532,103
25.031006,25.019518,0.5345559,0.53773415,0.84436035,1,1,0,0.021362305,0.021484375,25.031006,26,22,0,0,255,2,0,1782505560.5270379,104
25.033936,25.02636,0.53470206,0.30558243,0.8894348,1,1,0,0.021362305,0.012207031,25.033936,28,22,0,0,255,2,0,1782505560.5270379,104
25.02905,25.025711,0.27189648,0.30552283,0.7698059,1,1,0,0.010864258,0.012207031,25.029053,28,22,0,0,255,2,0,1782505560.5270379,104
25.034178,25.024239,0.5254885,0.47058555,1.0692139,1,1,0,0.020996094,0.018798828,25.03418,29,22,1,0,255,2,0,1782505560.5270379,104
25.027344,25.018473,0.47190094,0.47045705,0.70358276,1,1,0,0.018859863,0.018798828,25.027344,29,22,1,0,255,2,0,1782505560.5270379,104
25.017332,25.011835,0.47177577,0.22903734,0.6378479,1,1,0,0.018859863,0.009155273,25.017334,31,22,1,0,255,2,0,1782505560.5270379,104
25.033447,25.028898,0.4186131,0.22918487,0.7227173,1,1,0,0.016723633,0.009155273,25.033447,31,22,1,0,255,2,0,1782505560.5270379,104
25.031252,25.02199,0.5850322,0.34832403,0.68917847,1,1,0,0.023376465,0.013916016,25.03125,60,22,0,0,255,2,0,1782505560.5270379,104
25.032715,25.024548,0.53313524,0.35292757,0.7897339,1,1,0,0.02130127,0.014099121,25.032715,60,22,0,0,255,2,0,1782505560.5270379,104
25.03296,25.02686,0.42774674,0.34987554,0.95443726,1,1,0,0.017089844,0.013977051,25.032959,60,22,0,0,255,2,0,1782505560.5270379,104
25.03247,25.02714,0.37580192,0.35445186,1.0255432,1,1,0,0.015014648,0.014160156,25.03247,60,22,0,0,255,2,0,1782505560.5270379,104
25.032715,25.028088,0.32233998,0.35751075,0.70217896,1,1,0,0.012878418,0.014282227,25.032715,60,22,0,0,255,2,0,1782505560.5270379,104
25.03003,25.02595,0.2703714,0.36205506,0.6683655,1,1,0,0.010803223,0.014465332,25.03003,60,22,0,0,255,2,0,1782505560.5270379,104
25.035643,25.022873,0.5758843,0.5546384,0.7217102,1,1,0,0.023010254,0.022155762,25.035645,61,22,1,0,255,2,0,1782505560.5270379,104
25.029541,25.017813,0.5238259,0.55908513,0.9315796,1,1,0,0.020935059,0.022338867,25.029541,61,22,1,0,255,2,0,1782505560.5270379,104
25.030762,25.020027,0.47040263,0.5621671,0.9182434,1,1,0,0.018798828,0.022460938,25.030762,61,22,1,0,255,2,0,1782505560.5270379,104
25.020752,25.01084,0.41831106,0.56652254,0.66864014,1,1,0,0.016723633,0.022644043,25.020752,61,22,1,0,255,2,0,1782505560.5270379,104
25.025145,25.016598,0.31302917,0.5742572,0.8442688,1,1,0,0.012512207,0.022949219,25.025146,61,22,1,0,255,2,0,1782505560.5270379,104
25.033201,25.020552,0.5865266,0.53778136,0.7749939,1,1,0,0.0234375,0.021484375,25.033203,26,23,0,0,255,2,0,1782505560.6276412,105
25.025146,25.017277,0.32372794,0.53760827,0.8044739,1,1,0,0.012939453,0.021484375,25.025146,26,23,0,0,255,2,0,1782505560.6276412,105
25.03247,25.024927,0.53314334,0.30556455,0.83047485,1,1,0,0.02130127,0.012207031,25.03247,28,23,0,0,255,2,0,1782505560.6276412,105
25.042236,25.032324,0.52412975,0.47073698,0.8944092,1,1,0,0.020935059,0.018798828,25.042236,29,23,1,0,255,2,0,1782505560.6276412,105
25.035646,25.027721,0.4185934,0.4706131,0.7844238,1,1,0,0.016723633,0.018798828,25.035645,29,23,1,0,255,2,0,1782505560.6276412,105
25.037844,25.03013,0.57757986,0.2292251,0.7515259,1,1,0,0.023071289,0.009155273,25.037842,31,23,1,0,255,2,0,1782505560.6276412,105
25.035154,25.028574,0.5255795,0.23072846,1.0774231,1,1,0,0.020996094,0.009216309,25.035156,31,23,1,0,255,2,0,1782505560.6276412,105
25.028563,25.023064,0.47198755,0.22914016,0.91000366,1,1,0,0.018859863,0.009155273,25.028564,31,23,1,0,255,2,0,1782505560.6276412,105
25.031008,25.02395,0.4826995,0.346793,0.7975464,1,1,0,0.01928711,0.0138549805,25.031006,60,23,0,0,255,2,0,1782505560.6276412,105
25.03247,25.026344,0.42926592,0.3498687,0.47592163,1,1,0,0.017150879,0.013977051,25.03247,60,23,0,0,255,2,0,1782505560.6276412,105
25.03003,25.024675,0.37729266,0.3544173,0.7810669,1,1,0,0.015075684,0.014160156,25.03003,60,23,0,0,255,2,0,1782505560.6276412,105
25.03247,25.027824,0.3238644,0.35750726,0.9076233,1,1,0,0.012939453,0.014282227,25.03247,60,23,0,0,255,2,0,1782505560.6276412,105
25.031006,25.02691,0.2719095,0.3620692,0.86602783,1,1,0,0.010864258,0.014465332,25.031006,60,23,0,0,255,2,0,1782505560.6276412,105
25.035643,25.022839,0.5774116,0.5546384,0.72888184,1,1,0,0.023071289,0.022155762,25.035645,61,23,1,0,255,2,0,1782505560.6276412,105
25.037842,25.026077,0.5255271,0.5592705,0.7319946,1,1,0,0.020996094,0.022338867,25.037842,61,23,1,0,255,2,0,1782505560.6276412,105
25.042234,25.031466,0.47214603,0.5624248,0.9046936,1,1,0,0.018859863,0.022460938,25.042236,61,23,1,0,255,2,0,1782505560.6276412,105
25.035643,25.02647,0.36662492,0.56991506,0.72579956,1,1,0,0.0146484375,0.022766113,25.035645,61,23,1,0,255,2,0,1782505560.6276412,105
25.029543,25.021502,0.26268655,0.57741255,0.9942322,1,1,0,0.010498047,0.023071289,25.029541,61,23,1,0,255,2,0,1782505560.6276412,105
25.025145,25.021166,0.3253057,0.30547515,0.70999146,1,1,0,0.013000488,0.012207031,25.025146,28,24,0,0,255,2,0,1782505560.7277477,106
25.031006,25.028173,0.21997985,0.30554667,0.8122864,1,1,0,0.0087890625,0.012207031,25.031006,28,24,0,0,255,2,0,1782505560.7277477,106
25.023926,25.012846,0.577181,0.4703928,0.7867737,1,1,0,0.023071289,0.018798828,25.023926,29,24,1,0,255,2,0,1782505560.7277477,106
25.028566,25.021465,0.3680791,0.4689526,0.91000366,1,1,0,0.014709473,0.018737793,25.028564,29,24,1,0,255,2,0,1782505560.7277477,106
25.02295,25.016579,0.31455606,0.4688474,0.76623535,1,1,0,0.012573242,0.018737793,25.02295,29,24,1,0,255,2,0,1782505560.7277477,106
25.028564,25.022793,0.2627001,0.4689526,0.8565979,1,1,0,0.010498047,0.018737793,25.028564,29,24,1,0,255,2,0,1782505560.7277477,106
25.03418,25.02598,0.53469396,0.35294822,0.7914734,1,1,0,0.021362305,0.014099121,25.03418,60,24,0,0,255,2,0,1782505560.7277477,106
25.03125,25.025124,0.42924497,0.34985164,0.95877075,1,1,0,0.017150879,0.013977051,25.03125,60,24,0,0,255,2,0,1782505560.7277477,106
25.032713,25.02738,0.37733346,0.35292757,1.0697327,1,1,0,0.015075684,0.014099121,25.032715,60,24,0,0,255,2,0,1782505560.7277477,106
25.031496,25.026848,0.32385176,0.3574933,0.7455139,1,1,0,0.012939453,0.014282227,25.031494,60,24,0,0,255,2,0,1782505560.7277477,106
25.031736,25.020973,0.47194812,0.56218904,0.86483765,1,1,0,0.018859863,0.022460938,25.031738,61,24,1,0,255,2,0,1782505560.7277477,106
25.035645,25.025736,0.4200881,0.56533206,0.7114258,1,1,0,0.016784668,0.022583008,25.035645,61,24,1,0,255,2,0,1782505560.7277477,106
25.023926,25.014757,0.36645332,0.5696483,0.70666504,1,1,0,0.0146484375,0.022766113,25.023926,61,24,1,0,255,2,0,1782505560.7277477,106
25.026367,25.017834,0.31457186,0.5727581,0.7713623,1,1,0,0.012573242,0.022888184,25.026367,61,24,1,0,255,2,0,1782505560.7277477,106
25.031736,25.023712,0.26118228,0.5774632,0.98498535,1,1,0,0.010437012,0.023071289,25.031738,61,24,1,0,255,2,0,1782505560.7277477,106
25.03003,25.01738,0.5864522,0.53771317,0.85128784,1,1,0,0.0234375,0.021484375,25.03003,26,25,0,0,255,2,0,1782505560.8272583,107
25.031738,25.021336,0.48112133,0.5377499,0.83654785,1,1,0,0.019226074,0.021484375,25.031738,26,25,0,0,255,2,0,1782505560.8272583,107
25.031006,25.021574,0.4276564,0.53773415,0.70739746,1,1,0,0.017089844,0.021484375,25.031006,26,25,0,0,255,2,0,1782505560.8272583,107
25.025146,25.016552,0.37564293,0.53760827,0.664917,1,1,0,0.015014648,0.021484375,25.025146,26,25,0,0,255,2,0,1782505560.8272583,107
25.026125,25.018888,0.2702951,0.53762925,0.86776733,1,1,0,0.010803223,0.021484375,25.026123,26,25,0,0,255,2,0,1782505560.8272583,107
25.025145,25.016336,0.5894832,0.30547515,0.7680664,1,1,0,0.02355957,0.012207031,25.025146,28,25,0,0,255,2,0,1782505560.8272583,107
25.031248,25.023607,0.53769934,0.30554965,0.99172974,1,1,0,0.021484375,0.012207031,25.03125,28,25,0,0,255,2,0,1782505560.8272583,107
25.02124,25.014664,0.4855751,0.30542746,0.620697,1,1,0,0.01940918,0.012207031,25.02124,28,25,0,0,255,2,0,1782505560.8272583,107
25.026123,25.020525,0.43222123,0.30548707,0.71606445,1,1,0,0.01727295,0.012207031,25.026123,28,25,0,0,255,2,0,1782505560.8272583,107
25.032225,25.02747,0.38039064,0.30556157,0.68917847,1,1,0,0.015197754,0.012207031,25.032227,28,25,0,0,255,2,0,1782505560.8272583,107
25.03125,25.02839,0.22303721,0.30554965,0.71865845,1,1,0,0.008911133,0.012207031,25.03125,28,25,0,0,255,2,0,1782505560.8272583,107
25.041262,25.031254,0.5286927,0.47071862,0.7875061,1,1,0,0.021118164,0.018798828,25.04126,29,25,1,0,255,2,0,1782505560.8272583,107
25.030762,25.021832,0.4750198,0.4705213,0.734375,1,1,0,0.018981934,0.018798828,25.030762,29,25,1,0,255,2,0,1782505560.8272583,107
25.027344,25.019346,0.42303586,0.47045705,0.79293823,1,1,0,0.016906738,0.018798828,25.027344,29,25,1,0,255,2,0,1782505560.8272583,107
25.035646,25.028492,0.3697104,0.4706131,0.6826477,1,1,0,0.014770508,0.018798828,25.035645,29,25,1,0,255,2,0,1782505560.8272583,107
25.03296,25.02652,0.31773657,0.4705626,0.8977051,1,1,0,0.0126953125,0.018798828,25.032959,29,25,1,0,255,2,0,1782505560.8272583,107
25.027344,25.02154,0.26574168,0.46892974,0.7395325,1,1,0,0.010620117,0.018737793,25.027344,29,25,1,0,255,2,0,1782505560.8272583,107
25.031008,25.02393,0.4826991,0.34832063,0.7992859,1,1,0,0.01928711,0.013916016,25.031006,60,25,0,0,255,2,0,1782505560.8272583,107
25.030027,25.023859,0.4292233,0.35288972,0.6805115,1,1,0,0.017150879,0.014099121,25.03003,60,25,0,0,255,2,0,1782505560.8272583,107
25.027344,25.01555,0.52530605,0.56056315,0.67684937,1,1,0,0.020996094,0.022399902,25.027344,61,25,1,0,255,2,0,1782505560.8272583,107
25.028564,25.019323,0.3665202,0.5728084,0.807312,1,1,0,0.0146484375,0.022888184,25.028564,61,25,1,0,255,2,0,1782505560.8272583,107
25.031248,25.020905,0.47805765,0.5377394,0.83654785,1,1,0,0.019104004,0.021484375,25.03125,26,26,0,0,255,2,0,1782505560.9271357,108
25.025146,25.016598,0.37258917,0.53760827,0.7828064,1,1,0,0.014892578,0.021484375,25.025146,26,26,0,0,255,2,0,1782505560.9271357,108
25.030027,25.022196,0.32073662,0.53771317,0.73773193,1,1,0,0.012817383,0.021484375,25.03003,26,26,0,0,255,2,0,1782505560.9271357,108
25.025145,25.017927,0.2687576,0.53760827,1.0272522,1,1,0,0.0107421875,0.021484375,25.025146,26,26,0,0,255,2,0,1782505560.9271357,108
25.031738,25.026192,0.4292633,0.3055556,1.0255432,1,1,0,0.017150879,0.012207031,25.031738,28,26,0,0,255,2,0,1782505560.9271357,108
25.028076,25.024117,0.32381645,0.3055109,0.82528687,1,1,0,0.012939453,0.012207031,25.028076,28,26,0,0,255,2,0,1782505560.9271357,108
25.034668,25.023582,0.57742876,0.47059473,1.0178528,1,1,0,0.023071289,0.018798828,25.034668,29,26,1,0,255,2,0,1782505560.9271357,108
25.032227,25.023352,0.47199297,0.47054884,0.75460815,1,1,0,0.018859863,0.018798828,25.032227,29,26,1,0,255,2,0,1782505560.9271357,108
25.031738,25.029325,0.26124087,0.22916922,0.8668823,1,1,0,0.010437012,0.009155273,25.031738,31,26,1,0,255,2,0,1782505560.9271357,108
25.031252,25.02201,0.5850327,0.3467964,1.0212097,1,1,0,0.023376465,0.0138549805,25.03125,60,26,0,0,255,2,0,1782505560.9271357,108
25.031006,25.022882,0.5330998,0.34984824,0.6839905,1,1,0,0.02130127,0.013977051,25.031006,60,26,0,0,255,2,0,1782505560.9271357,108
25.03662,25.02378,0.57590526,0.55771554,0.68981934,1,1,0,0.023010254,0.022277832,25.036621,61,26,1,0,255,2,0,1782505560.9271357,108
25.03662,25.024855,0.52397335,0.5607709,0.81832886,1,1,0,0.020935059,0.022399902,25.036621,61,26,1,0,255,2,0,1782505560.9271357,108
25.032959,25.023006,0.41851458,0.5683265,0.71383667,1,1,0,0.016723633,0.022705078,25.032959,61,26,1,0,255,2,0,1782505560.9271357,108
25.026365,25.017782,0.313044,0.5758123,0.73028564,1,1,0,0.012512207,0.023010254,25.026367,61,26,1,0,255,2,0,1782505560.9271357,108
25.035645,25.027548,0.2612223,0.58060867,0.8265686,1,1,0,0.010437012,0.02319336,25.035645,61,26,1,0,255,2,0,1782505560.9271357,108
25.032227,25.02345,0.58812267,0.30556157,0.94577026,1,1,0,0.023498535,0.012207031,25.032227,28,27,0,0,255,2,0,1782505561.0272465,109
25.028074,25.020468,0.536104,0.3055109,0.85302734,1,1,0,0.02142334,0.012207031,25.028076,28,27,0,0,255,2,0,1782505561.0272465,109
25.032227,25.025677,0.48426083,0.30556157,0.661438,1,1,0,0.019348145,0.012207031,25.032227,28,27,0,0,255,2,0,1782505561.0272465,109
25.02905,25.025694,0.2734239,0.30552283,0.6683655,1,1,0,0.010925293,0.012207031,25.029053,28,27,0,0,255,2,0,1782505561.0272465,109
25.031006,25.02818,0.22150761,0.304019,0.72732544,1,1,0,0.008850098,0.012145996,25.031006,28,27,0,0,255,2,0,1782505561.0272465,109
25.031738,25.021767,0.5269645,0.47053966,0.80114746,1,1,0,0.021057129,0.018798828,25.031738,29,27,1,0,255,2,0,1782505561.0272465,109
25.031008,25.023062,0.42157093,0.46899834,0.66516113,1,1,0,0.016845703,0.018737793,25.031006,29,27,1,0,255,2,0,1782505561.0272465,109
25.031738,25.02595,0.26426086,0.46901208,0.9336548,1,1,0,0.010559082,0.018737793,25.031738,29,27,1,0,255,2,0,1782505561.0272465,109
25.036377,25.02984,0.5240778,0.22921169,0.9408264,1,1,0,0.020935059,0.009155273,25.036377,31,27,1,0,255,2,0,1782505561.0272465,109
25.020754,25.01702,0.36648646,0.22906864,0.73028564,1,1,0,0.0146484375,0.009155273,25.020752,31,27,1,0,255,2,0,1782505561.0272465,109
25.029541,25.026514,0.314681,0.2291491,0.9295349,1,1,0,0.012573242,0.009155273,25.029541,31,27,1,0,255,2,0,1782505561.0272465,109
25.032228,25.024082,0.53312534,0.351393,0.72732544,1,1,0,0.02130127,0.014038086,25.032227,60,27,0,0,255,2,0,1782505561.0272465,109
25.03247,25.025421,0.48119992,0.34834102,0.7637329,1,1,0,0.019226074,0.013916016,25.03247,60,27,0,0,255,2,0,1782505561.0272465,109
25.025146,25.019005,0.4276125,0.35282087,0.7568054,1,1,0,0.017089844,0.014099121,25.025146,60,27,0,0,255,2,0,1782505561.0272465,109
25.025146,25.021046,0.27031845,0.36351168,0.85128784,1,1,0,0.010803223,0.014526367,25.025146,60,27,0,0,255,2,0,1782505561.0272465,109
25.025146,25.012346,0.57564205,0.5559329,0.9428711,1,1,0,0.023010254,0.022216797,25.025146,61,27,1,0,255,2,0,1782505561.0272465,109
25.026367,25.014605,0.52375877,0.5605413,0.8360596,1,1,0,0.020935059,0.022399902,25.026367,61,27,1,0,255,2,0,1782505561.0272465,109
25.033447,25.022676,0.47045243,0.563755,0.6435547,1,1,0,0.018798828,0.022521973,25.033447,61,27,1,0,255,2,0,1782505561.0272465,109
25.02637,25.017164,0.36648858,0.571231,0.71588135,1,1,0,0.0146484375,0.022827148,25.026367,61,27,1,0,255,2,0,1782505561.0272465,109
25.026363,25.018307,0.26112586,0.57886636,0.88946533,1,1,0,0.010437012,0.023132324,25.026367,61,27,1,0,255,2,0,1782505561.0272465,109
25.033936,25.021284,0.58654374,0.5377971,0.7914734,1,1,0,0.0234375,0.021484375,25.033936,26,28,0,0,255,2,0,1782505561.1269705,110
25.031982,25.02158,0.48112604,0.53775513,1.3705444,1,1,0,0.019226074,0.021484375,25.031982,26,28,0,0,255,2,0,1782505561.1269705,110
25.03247,25.025217,0.27189112,0.5377656,0.7568054,1,1,0,0.010864258,0.021484375,25.03247,26,28,0,0,255,2,0,1782505561.1269705,110
25.027832,25.017895,0.5253553,0.47046623,0.62506104,1,1,0,0.020996094,0.018798828,25.027832,29,28,1,0,255,2,0,1782505561.1269705,110
25.033447,25.025806,0.57442355,0.22918487,0.75253296,1,1,0,0.022949219,0.009155273,25.033447,31,28,1,0,255,2,0,1782505561.1269705,110
25.025146,25.018631,0.5223153,0.23063621,0.92645264,1,1,0,0.020874023,0.009216309,25.025146,31,28,1,0,255,2,0,1782505561.1269705,110
25.04004,25.03458,0.46914765,0.23077346,0.82040405,1,1,0,0.018737793,0.009216309,25.04004,31,28,1,0,255,2,0,1782505561.1269705,110
25.03784,25.033302,0.41715845,0.23075321,0.853302,1,1,0,0.016662598,0.009216309,25.037842,31,28,1,0,255,2,0,1782505561.1269705,110
25.028076,25.0188,0.58648556,0.3467524,0.95269775,1,1,0,0.0234375,0.0138549805,25.028076,60,28,0,0,255,2,0,1782505561.1269705,110
25.019531,25.011358,0.53438157,0.3512148,0.7897339,1,1,0,0.021362305,0.014038086,25.019531,60,28,0,0,255,2,0,1782505561.1269705,110
25.03589,25.023016,0.57741565,0.5576992,1.1277771,1,1,0,0.023071289,0.022277832,25.035889,61,28,1,0,255,2,0,1782505561.1269705,110
25.030031,25.019197,0.4719146,0.5652053,0.64151,1,1,0,0.018859863,0.022583008,25.03003,61,28,1,0,255,2,0,1782505561.1269705,110
25.033203,25.02566,0.53315896,0.3055735,0.7325134,1,1,0,0.02130127,0.012207031,25.033203,28,29,0,0,255,2,0,1782505561.2275116,111
25.026121,25.019613,0.48108822,0.30701444,0.86169434,1,1,0,0.019226074,0.012268066,25.026123,28,29,0,0,255,2,0,1782505561.2275116,111
25.032228,25.028885,0.27193096,0.30556157,0.85302734,1,1,0,0.010864258,0.012207031,25.032227,28,29,0,0,255,2,0,1782505561.2275116,111
25.036377,25.027502,0.47207126,0.47062686,0.96136475,1,1,0,0.018859863,0.018798828,25.036377,29,29,1,0,255,2,0,1782505561.2275116,111
25.026367,25.019968,0.31459868,0.4704387,0.695343,1,1,0,0.012573242,0.018798828,25.026367,29,29,1,0,255,2,0,1782505561.2275116,111
25.026367,25.020582,0.26114962,0.4704387,0.69226074,1,1,0,0.010437012,0.018798828,25.026367,29,29,1,0,255,2,0,1782505561.2275116,111
25.031738,25.028725,0.3147088,0.22764145,0.7569885,1,1,0,0.012573242,0.009094238,25.031738,31,29,1,0,255,2,0,1782505561.2275116,111
25.03345,25.02415,0.5866109,0.3483546,0.7879944,1,1,0,0.0234375,0.013916016,25.033447,60,29,0,0,255,2,0,1782505561.2275116,111
25.03003,25.022959,0.48115253,0.3498346,0.6718445,1,1,0,0.019226074,0.013977051,25.03003,60,29,0,0,255,2,0,1782505561.2275116,111
25.032228,25.026854,0.37579763,0.35750377,0.8868408,1,1,0,0.015014648,0.014282227,25.032227,60,29,0,0,255,2,0,1782505561.2275116,111
25.031982,25.02727,0.32385725,0.36208332,0.7489929,1,1,0,0.012939453,0.014465332,25.031982,60,29,0,0,255,2,0,1782505561.2275116,111
25.032227,25.028103,0.27039468,0.36514223,0.7307739,1,1,0,0.010803223,0.014587402,25.032227,60,29,0,0,255,2,0,1782505561.2275116,111
25.035645,25.022772,0.57588196,0.55922145,0.763855,1,1,0,0.023010254,0.022338867,25.035645,61,29,1,0,255,2,0,1782505561.2275116,111
25.038818,25.027018,0.52401865,0.56234807,0.836853,1,1,0,0.020935059,0.022460938,25.038818,61,29,1,0,255,2,0,1782505561.2275116,111
25.042236,25.032246,0.41866907,0.57006514,0.7854309,1,1,0,0.016723633,0.022766113,25.042236,61,29,1,0,255,2,0,1782505561.2275116,111
25.034424,25.025803,0.31314436,0.5775252,0.71347046,1,1,0,0.012512207,0.023071289,25.034424,61,29,1,0,255,2,0,1782505561.2275116,111
25.03198,25.019295,0.58802503,0.53775513,0.82528687,1,1,0,0.023498535,0.021484375,25.031982,26,30,0,0,255,2,0,1782505561.327503,112
25.032228,25.022743,0.43073183,0.5377604,0.8009949,1,1,0,0.017211914,0.021484375,25.032227,26,30,0,0,255,2,0,1782505561.327503,112
25.031494,25.028135,0.27345058,0.30555263,0.70391846,1,1,0,0.010925293,0.012207031,25.031494,28,30,0,0,255,2,0,1782505561.327503,112
25.02295,25.015034,0.41990846,0.4688474,0.69433594,1,1,0,0.016784668,0.018737793,25.02295,29,30,1,0,255,2,0,1782505561.327503,112
25.026367,25.023924,0.26423946,0.22912005,0.7610779,1,1,0,0.010559082,0.009155273,25.026367,31,30,1,0,255,2,0,1782505561.327503,112
25.031006,25.022861,0.53309935,0.35137588,0.8825073,1,1,0,0.02130127,0.014038086,25.031006,60,30,0,0,255,2,0,1782505561.327503,112
25.020264,25.013247,0.47943854,0.34817114,0.84002686,1,1,0,0.019165039,0.013916016,25.020264,60,30,0,0,255,2,0,1782505561.327503,112
25.03003,25.023909,0.42769632,0.35136217,0.7958069,1,1,0,0.017089844,0.014038086,25.03003,60,30,0,0,255,2,0,1782505561.327503,112
25.02417,25.01952,0.32222965,0.35891593,0.83306885,1,1,0,0.012878418,0.014343262,25.02417,60,30,0,0,255,2,0,1782505561.327503,112
25.032957,25.02126,0.5223702,0.5591615,0.8833008,1,1,0,0.020874023,0.022338867,25.032959,61,30,1,0,255,2,0,1782505561.327503,112
25.035646,25.024874,0.47049373,0.56380445,0.72787476,1,1,0,0.018798828,0.022521973,25.035645,61,30,1,0,255,2,0,1782505561.327503,112
25.041262,25.03134,0.41865394,0.5669869,0.7844238,1,1,0,0.016723633,0.022644043,25.04126,61,30,1,0,255,2,0,1782505561.327503,112
25.041262,25.032074,0.36517882,0.57157093,0.8676758,1,1,0,0.014587402,0.022827148,25.04126,61,30,1,0,255,2,0,1782505561.327503,112
25.026367,25.017818,0.31304446,0.5742852,0.77752686,1,1,0,0.012512207,0.022949219,25.026367,61,30,1,0,255,2,0,1782505561.327503,112
25.032957,25.024897,0.26119465,0.57901883,0.89974976,1,1,0,0.010437012,0.023132324,25.032959,61,30,1,0,255,2,0,1782505561.327503,112
25.033201,25.021683,0.53613,0.53778136,0.7732544,1,1,0,0.02142334,0.021484375,25.033203,26,31,0,0,255,2,0,1782505561.42764,113
25.026125,25.015696,0.48254025,0.53762925,0.6475525,1,1,0,0.01928711,0.021484375,25.026123,26,31,0,0,255,2,0,1782505561.42764,113
25.033203,25.024559,0.37881863,0.53778136,0.69525146,1,1,0,0.015136719,0.021484375,25.033203,26,31,0,0,255,2,0,1782505561.42764,113
25.02905,25.02116,0.32530564,0.5376922,0.96917725,1,1,0,0.013000488,0.021484375,25.029053,26,31,0,0,255,2,0,1782505561.42764,113
25.032227,25.029394,0.21999058,0.30556157,0.7958069,1,1,0,0.0087890625,0.012207031,25.032227,28,31,0,0,255,2,0,1782505561.42764,113
25.032228,25.021143,0.57737243,0.47054884,0.62609863,1,1,0,0.023071289,0.018798828,25.032227,29,31,1,0,255,2,0,1782505561.42764,113
25.031738,25.025965,0.2627334,0.46901208,0.8360596,1,1,0,0.010498047,0.018737793,25.031738,29,31,1,0,255,2,0,1782505561.42764,113
25.026365,25.018621,0.5788421,0.22912005,0.7005005,1,1,0,0.023132324,0.009155273,25.026367,31,31,1,0,255,2,0,1782505561.42764,113
25.028564,25.02399,0.42005882,0.22914016,0.8216858,1,1,0,0.016784668,0.009155273,25.028564,31,31,1,0,255,2,0,1782505561.42764,113
25.01831,25.015265,0.31606662,0.22904629,0.8483887,1,1,0,0.012634277,0.009155273,25.01831,31,31,1,0,255,2,0,1782505561.42764,113
25.032715,25.025686,0.48120502,0.3468167,0.84002686,1,1,0,0.019226074,0.0138549805,25.032715,60,31,0,0,255,2,0,1782505561.42764,113
25.02905,25.023699,0.37727794,0.35440347,0.7403259,1,1,0,0.015075684,0.014160156,25.029053,60,31,0,0,255,2,0,1782505561.42764,113
25.031006,25.026337,0.32384518,0.35901394,0.7862549,1,1,0,0.012939453,0.014343262,25.031006,60,31,0,0,255,2,0,1782505561.42764,113
25.028564,25.016836,0.52380544,0.5590633,0.85250854,1,1,0,0.020935059,0.022338867,25.028564,61,31,1,0,255,2,0,1782505561.42764,113
25.031738,25.021797,0.420022,0.5667713,0.91207886,1,1,0,0.016784668,0.022644043,25.031738,61,31,1,0,255,2,0,1782505561.42764,113
25.03076,25.02159,0.36655343,0.5698039,0.8812561,1,1,0,0.0146484375,0.022766113,25.030762,61,31,1,0,255,2,0,1782505561.42764,113
25.02417,25.017427,0.21988541,0.5375873,0.73773193,1,1,0,0.0087890625,0.021484375,25.02417,26,32,0,0,255,2,0,1782505561.527588,114
25.028074,25.019337,0.58649814,0.3055109,0.631958,1,1,0,0.0234375,0.012207031,25.028076,28,32,0,0,255,2,0,1782505561.527588,114
25.03125,25.027927,0.27192056,0.30402198,0.83828735,1,1,0,0.010864258,0.012145996,25.03125,28,32,0,0,255,2,0,1782505561.527588,114
25.032715,25.029902,0.21999505,0.30403978,0.82702637,1,1,0,0.0087890625,0.012145996,25.032715,28,32,0,0,255,2,0,1782505561.527588,114
25.031736,25.021858,0.52391064,0.46901208,0.81347656,1,1,0,0.020935059,0.018737793,25.031738,29,32,1,0,255,2,0,1782505561.527588,114
25.029541,25.020697,0.4719429,0.4689709,0.95932007,1,1,0,0.018859863,0.018737793,25.029541,29,32,1,0,255,2,0,1782505561.527588,114
25.03467,25.027027,0.57445157,0.22919604,1.0343018,1,1,0,0.022949219,0.009155273,25.034668,31,32,1,0,255,2,0,1782505561.527588,114
25.035645,25.029127,0.52253443,0.23073296,0.7073059,1,1,0,0.020874023,0.009216309,25.035645,31,32,1,0,255,2,0,1782505561.527588,114
25.037842,25.03237,0.47063467,0.2292251,0.62301636,1,1,0,0.018798828,0.009155273,25.037842,31,32,1,0,255,2,0,1782505561.527588,114
25.036379,25.033981,0.2597613,0.22921169,0.9665222,1,1,0,0.010375977,0.009155273,25.036377,31,32,1,0,255,2,0,1782505561.527588,114
25.03247,25.023209,0.5850608,0.34834102,0.85910034,1,1,0,0.023376465,0.013916016,25.03247,60,32,0,0,255,2,0,1782505561.527588,114
25.032227,25.02406,0.53312486,0.35292068,0.8070679,1,1,0,0.02130127,0.014099121,25.032227,60,32,0,0,255,2,0,1782505561.527588,114
25.031006,25.024029,0.47964522,0.34526536,0.7767334,1,1,0,0.019165039,0.013793945,25.031006,60,32,0,0,255,2,0,1782505561.527588,114
25.032717,25.026615,0.42774257,0.3498721,0.7472534,1,1,0,0.017089844,0.013977051,25.032715,60,32,0,0,255,2,0,1782505561.527588,114
25.03125,25.025963,0.37425646,0.3529069,0.7793274,1,1,0,0.014953613,0.014099121,25.03125,60,32,0,0,255,2,0,1782505561.527588,114
25.03296,25.028332,0.32234314,0.35751423,0.84869385,1,1,0,0.012878418,0.014282227,25.032959,60,32,0,0,255,2,0,1782505561.527588,114
25.032959,25.028902,0.27040333,0.3605697,0.83654785,1,1,0,0.010803223,0.014404297,25.032959,60,32,0,0,255,2,0,1782505561.527588,114
25.03076,25.017992,0.575772,0.5545302,0.7949829,1,1,0,0.023010254,0.022155762,25.030762,61,32,1,0,255,2,0,1782505561.527588,114
25.032957,25.021294,0.52237093,0.55763394,0.88742065,1,1,0,0.020874023,0.022277832,25.032959,61,32,1,0,255,2,0,1782505561.527588,114
25.028564,25.01783,0.47036132,0.56211776,0.7836914,1,1,0,0.018798828,0.022460938,25.028564,61,32,1,0,255,2,0,1782505561.527588,114
25.034422,25.024565,0.41701287,0.5653045,0.6559143,1,1,0,0.016662598,0.022583008,25.034424,61,32,1,0,255,2,0,1782505561.527588,114
25.03076,25.021612,0.36502624,0.5698039,0.80319214,1,1,0,0.014587402,0.022766113,25.030762,61,32,1,0,255,2,0,1782505561.527588,114
25.025145,25.016632,0.31302962,0.5727301,0.79293823,1,1,0,0.012512207,0.022888184,25.025146,61,32,1,0,255,2,0,1782505561.527588,114
25.03467,25.026659,0.25968534,0.5775308,0.97164917,1,1,0,0.010375977,0.023071289,25.034668,61,32,1,0,255,2,0,1782505561.527588,114
25.026123,25.013475,0.5863607,0.53762925,0.84262085,1,1,0,0.0234375,0.021484375,25.026123,26,33,0,0,255,2,0,1782505561.6268878,115
25.031982,25.020527,0.53304964,0.53775513,1.0619507,1,1,0,0.02130127,0.021484375,25.031982,26,33,0,0,255,2,0,1782505561.6268878,115
25.049314,25.039852,0.4294976,0.53812754,0.45352173,1,1,0,0.017150879,0.021484375,25.049316,26,33,0,0,255,2,0,1782505561.6268878,115
25.032228,25.02465,0.5346655,0.30556157,1.0177307,1,1,0,0.021362305,0.012207031,25.032227,28,33,0,0,255,2,0,1782505561.6268878,115
25.037842,25.030165,0.5760521,0.2292251,0.8162842,1,1,0,0.023010254,0.009155273,25.037842,31,33,1,0,255,2,0,1782505561.6268878,115
25.029055,25.019814,0.5849814,0.34676594,0.8122864,1,1,0,0.023376465,0.0138549805,25.029053,60,33,0,0,255,2,0,1782505561.6268878,115
25.03125,25.023159,0.5315777,0.34985164,0.45684814,1,1,0,0.021240234,0.013977051,25.03125,60,33,0,0,255,2,0,1782505561.6268878,115
25.031494,25.024475,0.47965378,0.34832743,0.85910034,1,1,0,0.019165039,0.013916016,25.031494,60,33,0,0,255,2,0,1782505561.6268878,115
25.031494,25.02535,0.42772093,0.35291037,0.68743896,1,1,0,0.017089844,0.014099121,25.031494,60,33,0,0,255,2,0,1782505561.6268878,115
25.032469,25.02714,0.37427408,0.35597956,0.69525146,1,1,0,0.014953613,0.014221191,25.03247,60,33,0,0,255,2,0,1782505561.6268878,115
25.035643,25.02284,0.57435554,0.5576938,0.67852783,1,1,0,0.022949219,0.022277832,25.035645,61,33,1,0,255,2,0,1782505561.6268878,115
25.042234,25.030499,0.5225631,0.5608967,0.7247925,1,1,0,0.020874023,0.022399902,25.042236,61,33,1,0,255,2,0,1782505561.6268878,115
25.030762,25.020838,0.41695073,0.5682766,0.7189636,1,1,0,0.016662598,0.022705078,25.030762,61,33,1,0,255,2,0,1782505561.6268878,115
25.023926,25.015362,0.31148666,0.5757561,0.7836914,1,1,0,0.012451172,0.023010254,25.023926,61,33,1,0,255,2,0,1782505561.6268878,115
25.034426,25.026344,0.25968206,0.58058035,0.74020386,1,1,0,0.010375977,0.02319336,25.034424,61,33,1,0,255,2,0,1782505561.6268878,115
25.031006,25.02343,0.5346395,0.30554667,0.87384033,1,1,0,0.021362305,0.012207031,25.031006,28,34,0,0,255,2,0,1782505561.7273407,116
25.022951,25.015005,0.419908,0.47037444,0.6265259,1,1,0,0.016784668,0.018798828,25.02295,29,34,1,0,255,2,0,1782505561.7273407,116
25.028566,25.022165,0.3146263,0.47048,0.77545166,1,1,0,0.012573242,0.018798828,25.028564,29,34,1,0,255,2,0,1782505561.7273407,116
25.018314,25.012514,0.26259217,0.47028723,0.616272,1,1,0,0.010498047,0.018798828,25.01831,29,34,1,0,255,2,0,1782505561.7273407,116
25.031736,25.025188,0.5239803,0.23069696,0.84017944,1,1,0,0.020935059,0.009216309,25.031738,31,34,1,0,255,2,0,1782505561.7273407,116
25.032715,25.026567,0.42926973,0.35139987,0.7455139,1,1,0,0.017150879,0.014038086,25.032715,60,34,0,0,255,2,0,1782505561.7273407,116
25.032469,25.027117,0.3758016,0.35597956,1.0229187,1,1,0,0.015014648,0.014221191,25.03247,60,34,0,0,255,2,0,1782505561.7273407,116
25.034424,25.02162,0.5758555,0.556139,0.7905884,1,1,0,0.023010254,0.022216797,25.034424,61,34,1,0,255,2,0,1782505561.7273407,116
25.038818,25.027052,0.52401936,0.56082016,0.7844238,1,1,0,0.020935059,0.022399902,25.038818,61,34,1,0,255,2,0,1782505561.7273407,116
25.032957,25.021503,0.53307045,0.5377761,0.8122864,1,1,0,0.02130127,0.021484375,25.032959,26,35,0,0,255,2,0,1782505561.8275971,117
25.02905,25.01865,0.4810697,0.5376922,1.0619507,1,1,0,0.019226074,0.021484375,25.029053,26,35,0,0,255,2,0,1782505561.8275971,117
25.03247,25.024862,0.53619814,0.30556455,0.8122864,1,1,0,0.02142334,0.012207031,25.03247,28,35,0,0,255,2,0,1782505561.8275971,117
25.03003,25.02349,0.48269063,0.30706236,1.0636597,1,1,0,0.01928711,0.012268066,25.03003,28,35,0,0,255,2,0,1782505561.8275971,117
25.02905,25.026207,0.22149016,0.30552283,0.7749939,1,1,0,0.008850098,0.012207031,25.029053,28,35,0,0,255,2,0,1782505561.8275971,117
25.035645,25.024525,0.57897866,0.4706131,0.7617798,1,1,0,0.023132324,0.018798828,25.035645,29,35,1,0,255,2,0,1782505561.8275971,117
25.019531,25.009598,0.52518106,0.47031018,0.7220459,1,1,0,0.020996094,0.018798828,25.019531,29,35,1,0,255,2,0,1782505561.8275971,117
25.028566,25.020594,0.42152935,0.47048,0.8812561,1,1,0,0.016845703,0.018798828,25.028564,29,35,1,0,255,2,0,1782505561.8275971,117
25.025146,25.018019,0.3680284,0.47041574,0.8935852,1,1,0,0.014709473,0.018798828,25.025146,29,35,1,0,255,2,0,1782505561.8275971,117
25.029543,25.023123,0.3161659,0.47049835,0.77853394,1,1,0,0.012634277,0.018798828,25.029541,29,35,1,0,255,2,0,1782505561.8275971,117
25.031738,25.02592,0.26426056,0.47053966,0.82785034,1,1,0,0.010559082,0.018798828,25.031738,29,35,1,0,255,2,0,1782505561.8275971,117
25.042234,25.035652,0.52572817,0.23079371,0.88619995,1,1,0,0.020996094,0.009216309,25.042236,31,35,1,0,255,2,0,1782505561.8275971,117
25.023926,25.019352,0.41998097,0.2290977,0.9038696,1,1,0,0.016784668,0.009155273,25.023926,31,35,1,0,255,2,0,1782505561.8275971,117
25.027344,25.024298,0.31618074,0.22912899,0.91207886,1,1,0,0.012634277,0.009155273,25.027344,31,35,1,0,255,2,0,1782505561.8275971,117
25.032473,25.023195,0.58658856,0.3468133,1.1512451,1,1,0,0.0234375,0.0138549805,25.03247,60,35,0,0,255,2,0,1782505561.8275971,117
25.032717,25.024559,0.5346636,0.3498721,0.7619934,1,1,0,0.021362305,0.013977051,25.032715,60,35,0,0,255,2,0,1782505561.8275971,117
25.032227,25.02608,0.42926136,0.351393,0.70477295,1,1,0,0.017150879,0.014038086,25.032227,60,35,0,0,255,2,0,1782505561.8275971,117
25.033932,25.028557,0.37735122,0.3560004,0.7975464,1,1,0,0.015075684,0.014221191,25.033936,60,35,0,0,255,2,0,1782505561.8275971,117
25.033937,25.029224,0.3254105,0.36058375,1.0454712,1,1,0,0.013000488,0.014404297,25.033936,60,35,0,0,255,2,0,1782505561.8275971,117
25.031494,25.027376,0.27191457,0.3636039,0.81747437,1,1,0,0.010864258,0.014526367,25.031494,60,35,0,0,255,2,0,1782505561.8275971,117
25.032715,25.029062,0.21998768,0.36667705,0.82528687,1,1,0,0.0087890625,0.0146484375,25.032715,60,35,0,0,255,2,0,1782505561.8275971,117
25.032957,25.022158,0.47197047,0.56374395,0.94595337,1,1,0,0.018859863,0.022521973,25.032959,61,35,1,0,255,2,0,1782505561.8275971,117
25.026367,25.016392,0.4199313,0.5681768,0.72720337,1,1,0,0.016784668,0.022705078,25.026367,61,35,1,0,255,2,0,1782505561.8275971,117
25.025146,25.017073,0.26264003,0.57883817,0.8915405,1,1,0,0.010498047,0.023132324,25.025146,61,35,1,0,255,2,0,1782505561.8275971,117
25.031006,25.024572,0.47812772,0.30554667,0.95269775,1,1,0,0.019104004,0.012207031,25.031006,28,36,0,0,255,2,0,1782505561.9272158,118
25.031248,25.025755,0.4262,0.30554965,0.46118164,1,1,0,0.017028809,0.012207031,25.03125,28,36,0,0,255,2,0,1782505561.9272158,118
25.027098,25.023178,0.32074922,0.305499,0.7879944,1,1,0,0.012817383,0.012207031,25.0271,28,36,0,0,255,2,0,1782505561.9272158,118
25.035643,25.025799,0.5209369,0.4706131,0.836853,1,1,0,0.020812988,0.018798828,25.035645,29,36,1,0,255,2,0,1782505561.9272158,118
25.035645,25.026827,0.4690024,0.4706131,0.79571533,1,1,0,0.018737793,0.018798828,25.035645,29,36,1,0,255,2,0,1782505561.9272158,118
25.036621,25.028723,0.41708213,0.47063145,0.9622803,1,1,0,0.016662598,0.018798828,25.036621,29,36,1,0,255,2,0,1782505561.9272158,118
25.023926,25.016865,0.36342973,0.4703928,0.750824,1,1,0,0.014526367,0.018798828,25.023926,29,36,1,0,255,2,0,1782505561.9272158,118
25.028566,25.022232,0.31157222,0.4689526,0.88742065,1,1,0,0.012451172,0.018737793,25.028564,29,36,1,0,255,2,0,1782505561.9272158,118
25.02881,25.02307,0.25964808,0.4689572,0.7103882,1,1,0,0.010375977,0.018737793,25.028809,29,36,1,0,255,2,0,1782505561.9272158,118
25.025145,25.018566,0.5253694,0.23063621,0.8833008,1,1,0,0.020996094,0.009216309,25.025146,31,36,1,0,255,2,0,1782505561.9272158,118
25.027342,25.021828,0.47196424,0.23065646,0.7210388,1,1,0,0.018859863,0.009216309,25.027344,31,36,1,0,255,2,0,1782505561.9272158,118
25.034424,25.031397,0.3147424,0.2291938,0.6672058,1,1,0,0.012573242,0.009155273,25.034424,31,36,1,0,255,2,0,1782505561.9272158,118
25.032959,25.03053,0.26278135,0.2291804,0.9059143,1,1,0,0.010498047,0.009155273,25.032959,31,36,1,0,255,2,0,1782505561.9272158,118
25.032719,25.02344,0.5865943,0.3468167,1.0653992,1,1,0,0.0234375,0.0138549805,25.032715,60,36,0,0,255,2,0,1782505561.9272158,118
25.031738,25.02473,0.48118663,0.34527546,0.7507324,1,1,0,0.019226074,0.013793945,25.031738,60,36,0,0,255,2,0,1782505561.9272158,118
25.031738,25.025612,0.42925334,0.34985846,0.7585144,1,1,0,0.017150879,0.013977051,25.031738,60,36,0,0,255,2,0,1782505561.9272158,118
25.03125,25.02594,0.37578392,0.3529069,0.7862549,1,1,0,0.015014648,0.014099121,25.03125,60,36,0,0,255,2,0,1782505561.9272158,118
25.033936,25.029287,0.32388335,0.35752818,0.83480835,1,1,0,0.012939453,0.014282227,25.033936,60,36,0,0,255,2,0,1782505561.9272158,118
25.031252,25.027178,0.27191243,0.3605451,0.7455139,1,1,0,0.010864258,0.014404297,25.03125,60,36,0,0,255,2,0,1782505561.9272158,118
25.04004,25.027266,0.57598543,0.5547358,0.7453308,1,1,0,0.023010254,0.022155762,25.04004,61,36,1,0,255,2,0,1782505561.9272158,118
25.030762,25.022226,0.31462708,0.57285863,0.99938965,1,1,0,0.012573242,0.022888184,25.030762,61,36,1,0,255,2,0,1782505561.9272158,118
25.02905,25.016367,0.5879562,0.5376922,0.7585144,1,1,0,0.023498535,0.021484375,25.029053,26,37,0,0,255,2,0,1782505562.0274873,119
25.032957,25.021439,0.53612477,0.5377761,0.96743774,1,1,0,0.02142334,0.021484375,25.032959,26,37,0,0,255,2,0,1782505562.0274873,119
25.031738,25.022255,0.43072343,0.5377499,0.72125244,1,1,0,0.017211914,0.021484375,25.031738,26,37,0,0,255,2,0,1782505562.0274873,119
25.032715,25.025957,0.22148795,0.53777087,0.83654785,1,1,0,0.008850098,0.021484375,25.032715,26,37,0,0,255,2,0,1782505562.0274873,119
25.02295,25.011833,0.57868505,0.47037444,0.7487488,1,1,0,0.023132324,0.018798828,25.02295,29,37,1,0,255,2,0,1782505562.0274873,119
25.03589,25.026985,0.47358957,0.47061768,0.8915405,1,1,0,0.018920898,0.018798828,25.035889,29,37,1,0,255,2,0,1782505562.0274873,119
25.029543,25.02157,0.42154577,0.47049835,0.885376,1,1,0,0.016845703,0.018798828,25.029541,29,37,1,0,255,2,0,1782505562.0274873,119
25.026367,25.019949,0.31612578,0.4704387,0.70150757,1,1,0,0.012634277,0.018798828,25.026367,29,37,1,0,255,2,0,1782505562.0274873,119
25.02637,25.020552,0.26420388,0.4704387,0.6830139,1,1,0,0.010559082,0.018798828,25.026367,29,37,1,0,255,2,0,1782505562.0274873,119
25.041504,25.033356,0.53332293,0.35152325,0.6595764,1,1,0,0.02130127,0.014038086,25.041504,60,37,0,0,255,2,0,1782505562.0274873,119
25.032959,25.02591,0.4812093,0.3483478,0.83306885,1,1,0,0.019226074,0.013916016,25.032959,60,37,0,0,255,2,0,1782505562.0274873,119
25.025145,25.019,0.42913994,0.35129362,0.99606323,1,1,0,0.017150879,0.014038086,25.025146,60,37,0,0,255,2,0,1782505562.0274873,119
25.035645,25.02284,0.57588357,0.5561661,0.7319946,1,1,0,0.023010254,0.022216797,25.035645,61,37,1,0,255,2,0,1782505562.0274873,119
25.035643,25.024843,0.4720211,0.56380445,0.66000366,1,1,0,0.018859863,0.022521973,25.035645,61,37,1,0,255,2,0,1782505562.0274873,119
25.031738,25.019087,0.58649224,0.5377499,0.8070679,1,1,0,0.0234375,0.021484375,25.031738,26,38,0,0,255,2,0,1782505562.1270409,120
25.03003,25.02351,0.48269102,0.30553475,0.73773193,1,1,0,0.01928711,0.012207031,25.03003,28,38,0,0,255,2,0,1782505562.1270409,120
25.03418,25.028606,0.43083277,0.3055854,0.9189148,1,1,0,0.017211914,0.012207031,25.03418,28,38,0,0,255,2,0,1782505562.1270409,120
25.028566,25.022764,0.2626998,0.47048,0.77752686,1,1,0,0.010498047,0.018798828,25.028564,29,38,1,0,255,2,0,1782505562.1270409,120
25.023926,25.016218,0.5772588,0.2290977,0.7610779,1,1,0,0.023071289,0.009155273,25.023926,31,38,1,0,255,2,0,1782505562.1270409,120
25.043457,25.038881,0.42030877,0.22927651,0.8964844,1,1,0,0.016784668,0.009155273,25.043457,31,38,1,0,255,2,0,1782505562.1270409,120
25.033934,25.026905,0.48122844,0.3468336,0.7845459,1,1,0,0.019226074,0.0138549805,25.033936,60,38,0,0,255,2,0,1782505562.1270409,120
25.032959,25.026812,0.42927393,0.3514033,0.6865845,1,1,0,0.017150879,0.014038086,25.032959,60,38,0,0,255,2,0,1782505562.1270409,120
25.027102,25.02177,0.3757213,0.3543758,0.7940674,1,1,0,0.015014648,0.014160156,25.0271,60,38,0,0,255,2,0,1782505562.1270409,120
25.033205,25.028534,0.3238736,0.35904548,0.9995117,1,1,0,0.012939453,0.014343262,25.033203,60,38,0,0,255,2,0,1782505562.1270409,120
25.03247,25.028376,0.27192542,0.36209038,0.8044739,1,1,0,0.010864258,0.014465332,25.03247,60,38,0,0,255,2,0,1782505562.1270409,120
25.041258,25.028486,0.5760135,0.5547628,0.8142395,1,1,0,0.023010254,0.022155762,25.04126,61,38,1,0,255,2,0,1782505562.1270409,120
25.027344,25.018173,0.36650336,0.5697261,0.8915405,1,1,0,0.0146484375,0.022766113,25.027344,61,38,1,0,255,2,0,1782505562.1270409,120
25.034668,25.026098,0.31467578,0.57447565,0.9757385,1,1,0,0.012573242,0.022949219,25.034668,61,38,1,0,255,2,0,1782505562.1270409,120
25.02905,25.016403,0.5864293,0.5376922,0.7602539,1,1,0,0.0234375,0.021484375,25.029053,26,39,0,0,255,2,0,1782505562.2273605,121
25.034178,25.027746,0.47818834,0.3055854,1.0653992,1,1,0,0.019104004,0.012207031,25.03418,28,39,0,0,255,2,0,1782505562.2273605,121
25.032469,25.026976,0.42622077,0.30556455,0.85910034,1,1,0,0.017028809,0.012207031,25.03247,28,39,0,0,255,2,0,1782505562.2273605,121
25.032715,25.028074,0.37276012,0.30556753,0.70132446,1,1,0,0.014892578,0.012207031,25.032715,28,39,0,0,255,2,0,1782505562.2273605,121
25.033447,25.029526,0.32083058,0.30557647,0.87210083,1,1,0,0.012817383,0.012207031,25.033447,28,39,0,0,255,2,0,1782505562.2273605,121
25.034178,25.023165,0.57436293,0.47058555,0.9685669,1,1,0,0.022949219,0.018798828,25.03418,29,39,1,0,255,2,0,1782505562.2273605,121
25.022951,25.014137,0.46876454,0.47037444,0.7364502,1,1,0,0.018737793,0.018798828,25.02295,29,39,1,0,255,2,0,1782505562.2273605,121
25.023924,25.016056,0.41534382,0.4703928,0.89974976,1,1,0,0.016601562,0.018798828,25.023926,29,39,1,0,255,2,0,1782505562.2273605,121
25.01831,25.011251,0.3633482,0.47028723,0.7127991,1,1,0,0.014526367,0.018798828,25.01831,29,39,1,0,255,2,0,1782505562.2273605,121
25.029541,25.023817,0.25812837,0.4689709,0.87713623,1,1,0,0.010314941,0.018737793,25.029541,29,39,1,0,255,2,0,1782505562.2273605,121
25.034422,25.027874,0.5240366,0.23072171,0.70526123,1,1,0,0.020935059,0.009216309,25.034424,31,39,1,0,255,2,0,1782505562.2273605,121
25.028078,25.018787,0.58801305,0.34522495,0.6805115,1,1,0,0.023498535,0.013793945,25.028076,60,39,0,0,255,2,0,1782505562.2273605,121
25.0271,25.018944,0.53454363,0.34979364,0.7749939,1,1,0,0.021362305,0.013977051,25.0271,60,39,0,0,255,2,0,1782505562.2273605,121
25.028078,25.021,0.4826426,0.34827986,0.7732544,1,1,0,0.01928711,0.013916016,25.028076,60,39,0,0,255,2,0,1782505562.2273605,121
25.031006,25.024832,0.4307678,0.35137588,0.73599243,1,1,0,0.017211914,0.014038086,25.031006,60,39,0,0,255,2,0,1782505562.2273605,121
25.0271,25.021725,0.3772482,0.35590318,0.82873535,1,1,0,0.015075684,0.014221191,25.0271,60,39,0,0,255,2,0,1782505562.2273605,121
25.031006,25.026316,0.32537267,0.35901394,0.7749939,1,1,0,0.013000488,0.014343262,25.031006,60,39,0,0,255,2,0,1782505562.2273605,121
25.03247,25.028818,0.21998553,0.36667347,0.8088074,1,1,0,0.0087890625,0.0146484375,25.03247,60,39,0,0,255,2,0,1782505562.2273605,121
25.032957,25.02012,0.5773489,0.55610645,1.0394287,1,1,0,0.023071289,0.022216797,25.032959,61,39,1,0,255,2,0,1782505562.2273605,121
25.028564,25.01677,0.5253317,0.5605905,0.99938965,1,1,0,0.020996094,0.022399902,25.028564,61,39,1,0,255,2,0,1782505562.2273605,121
25.035643,25.024815,0.4735485,0.56380445,0.7844238,1,1,0,0.018920898,0.022521973,25.035645,61,39,1,0,255,2,0,1782505562.2273605,121
25.026367,25.017141,0.3680155,0.571231,0.86276245,1,1,0,0.014709473,0.022827148,25.026367,61,39,1,0,255,2,0,1782505562.2273605,121
25.028809,25.020185,0.3161288,0.5758684,0.67852783,1,1,0,0.012634277,0.023010254,25.028809,61,39,1,0,255,2,0,1782505562.2273605,121
25.031736,25.020283,0.5330444,0.5377499,0.8088074,1,1,0,0.02130127,0.021484375,25.031738,26,40,0,0,255,2,0,1782505562.3272793,122
25.034182,25.026308,0.3238448,0.53780234,0.70132446,1,1,0,0.012939453,0.021484375,25.03418,26,40,0,0,255,2,0,1782505562.3272793,122
25.027832,25.023258,0.42004654,0.22913346,0.6949768,1,1,0,0.016784668,0.009155273,25.027832,31,40,1,0,255,2,0,1782505562.3272793,122
25.01831,25.014555,0.36797744,0.22904629,0.633728,1,1,0,0.014709473,0.009155273,25.01831,31,40,1,0,255,2,0,1782505562.3272793,122
25.02905,25.019741,0.5880355,0.34676594,0.82873535,1,1,0,0.023498535,0.0138549805,25.029053,60,40,0,0,255,2,0,1782505562.3272793,122
25.03247,25.024261,0.53618526,0.35139644,0.7550659,1,1,0,0.02142334,0.014038086,25.03247,60,40,0,0,255,2,0,1782505562.3272793,122
25.027102,25.020023,0.48262376,0.34826627,0.69525146,1,1,0,0.01928711,0.013916016,25.0271,60,40,0,0,255,2,0,1782505562.3272793,122
25.03247,25.02776,0.32539144,0.36056265,0.8928833,1,1,0,0.013000488,0.014404297,25.03247,60,40,0,0,255,2,0,1782505562.3272793,122
25.029541,25.017746,0.5253522,0.5606124,0.9336548,1,1,0,0.020996094,0.022399902,25.029541,61,40,1,0,255,2,0,1782505562.3272793,122
25.025145,25.014286,0.47334927,0.565095,0.82373047,1,1,0,0.018920898,0.022583008,25.025146,61,40,1,0,255,2,0,1782505562.3272793,122
25.02295,25.01295,0.4214006,0.5680992,0.76416016,1,1,0,0.016845703,0.022705078,25.02295,61,40,1,0,255,2,0,1782505562.3272793,122
25.032959,25.023695,0.36811188,0.57290894,0.85043335,1,1,0,0.014709473,0.022888184,25.032959,61,40,1,0,255,2,0,1782505562.3272793,122
25.03003,25.021406,0.3161442,0.5758965,0.657959,1,1,0,0.012634277,0.023010254,25.03003,61,40,1,0,255,2,0,1782505562.3272793,122
25.031738,25.023628,0.26270887,0.58051807,0.88946533,1,1,0,0.010498047,0.02319336,25.031738,61,40,1,0,255,2,0,1782505562.3272793,122
25.028074,25.0155,0.58335286,0.5376712,0.7958069,1,1,0,0.02331543,0.021484375,25.028076,26,41,0,0,255,2,0,1782505562.4273758,123
25.031494,25.020073,0.53151214,0.53774464,0.9293213,1,1,0,0.021240234,0.021484375,25.031494,26,41,0,0,255,2,0,1782505562.4273758,123
25.028076,25.017706,0.47952402,0.5376712,0.7533264,1,1,0,0.019165039,0.021484375,25.028076,26,41,0,0,255,2,0,1782505562.4273758,123
25.030027,25.020622,0.4261126,0.53771317,0.6770325,1,1,0,0.017028809,0.021484375,25.03003,26,41,0,0,255,2,0,1782505562.4273758,123
25.0271,25.01988,0.2687786,0.5376502,0.7455139,1,1,0,0.0107421875,0.021484375,25.0271,26,41,0,0,255,2,0,1782505562.4273758,123
25.032957,25.024254,0.5850852,0.3055705,1.0602112,1,1,0,0.023376465,0.012207031,25.032959,28,41,0,0,255,2,0,1782505562.4273758,123
25.029541,25.022457,0.36503854,0.47049835,0.79293823,1,1,0,0.014587402,0.018798828,25.029541,29,41,1,0,255,2,0,1782505562.4273758,123
25.025146,25.018766,0.31305632,0.47041574,0.68917847,1,1,0,0.012512207,0.018798828,25.025146,29,41,1,0,255,2,0,1782505562.4273758,123
25.032957,25.025352,0.5728849,0.2291804,0.88946533,1,1,0,0.022888184,0.009155273,25.032959,31,41,1,0,255,2,0,1782505562.4273758,123
25.029541,25.023071,0.5208801,0.2291491,0.86483765,1,1,0,0.020812988,0.009155273,25.029541,31,41,1,0,255,2,0,1782505562.4273758,123
25.025146,25.019705,0.4688689,0.22910887,0.8792114,1,1,0,0.018737793,0.009155273,25.025146,31,41,1,0,255,2,0,1782505562.4273758,123
25.029541,25.025043,0.415493,0.2291491,0.7867737,1,1,0,0.016601562,0.009155273,25.029541,31,41,1,0,255,2,0,1782505562.4273758,123
25.025146,25.021458,0.36349642,0.22910887,0.80114746,1,1,0,0.014526367,0.009155273,25.025146,31,41,1,0,255,2,0,1782505562.4273758,123
25.029541,25.02716,0.25816286,0.2291491,0.93878174,1,1,0,0.010314941,0.009155273,25.029541,31,41,1,0,255,2,0,1782505562.4273758,123
25.03125,25.021902,0.5896144,0.3467964,0.83654785,1,1,0,0.02355957,0.0138549805,25.03125,60,41,0,0,255,2,0,1782505562.4273758,123
25.033447,25.02634,0.48427367,0.3483546,0.71951294,1,1,0,0.019348145,0.013916016,25.033447,60,41,0,0,255,2,0,1782505562.4273758,123
25.032715,25.027315,0.37886035,0.35598302,0.7862549,1,1,0,0.015136719,0.014221191,25.032715,60,41,0,0,255,2,0,1782505562.4273758,123
25.033936,25.029226,0.3269384,0.35905597,0.9119568,1,1,0,0.013061523,0.014343262,25.033936,60,41,0,0,255,2,0,1782505562.4273758,123
25.033936,25.0298,0.2734688,0.36363935,0.7420654,1,1,0,0.010925293,0.014526367,25.033936,60,41,0,0,255,2,0,1782505562.4273758,123
25.040037,25.02716,0.5790397,0.5562637,0.8039551,1,1,0,0.023132324,0.022216797,25.04004,61,41,1,0,255,2,0,1782505562.4273758,123
25.028564,25.016737,0.52685857,0.5605905,0.9284973,1,1,0,0.021057129,0.022399902,25.028564,61,41,1,0,255,2,0,1782505562.4273758,123
25.028564,25.018564,0.42149514,0.5682267,0.7693176,1,1,0,0.016845703,0.022705078,25.028564,61,41,1,0,255,2,0,1782505562.4273758,123
25.029541,25.02029,0.36958927,0.5713034,0.8545532,1,1,0,0.014770508,0.022827148,25.029541,61,41,1,0,255,2,0,1782505562.4273758,123
25.026365,25.017744,0.31609794,0.5758123,0.6850891,1,1,0,0.012634277,0.023010254,25.026367,61,41,1,0,255,2,0,1782505562.4273758,123
25.045654,25.037558,0.26438344,0.5793125,0.9345093,1,1,0,0.010559082,0.023132324,25.045654,61,41,1,0,255,2,0,1782505562.4273758,123
25.031006,25.019485,0.536083,0.53773415,0.70043945,1,1,0,0.02142334,0.021484375,25.031006,26,42,0,0,255,2,0,1782505562.527794,124
25.032715,25.023232,0.43074024,0.53777087,0.68136597,1,1,0,0.017211914,0.021484375,25.032715,26,42,0,0,255,2,0,1782505562.527794,124
25.032227,25.023605,0.37727654,0.5377604,0.71432495,1,1,0,0.015075684,0.021484375,25.032227,26,42,0,0,255,2,0,1782505562.527794,124
25.02905,25.021412,0.53765213,0.30552283,0.85562134,1,1,0,0.021484375,0.012207031,25.029053,28,42,0,0,255,2,0,1782505562.527794,124
25.031982,25.027225,0.38038692,0.3055586,0.7472534,1,1,0,0.015197754,0.012207031,25.031982,28,42,0,0,255,2,0,1782505562.527794,124
25.03125,25.027874,0.2749755,0.30554965,0.72299194,1,1,0,0.010986328,0.012207031,25.03125,28,42,0,0,255,2,0,1782505562.527794,124
25.028074,25.02523,0.22148152,0.3055109,0.71606445,1,1,0,0.008850098,0.012207031,25.028076,28,42,0,0,255,2,0,1782505562.527794,124
25.027346,25.016193,0.5803136,0.47045705,0.6758423,1,1,0,0.02319336,0.018798828,25.027344,29,42,1,0,255,2,0,1782505562.527794,124
25.025146,25.016216,0.4749132,0.47041574,0.6984253,1,1,0,0.018981934,0.018798828,25.025146,29,42,1,0,255,2,0,1782505562.527794,124
25.025146,25.01871,0.31763738,0.47041574,0.73028564,1,1,0,0.0126953125,0.018798828,25.025146,29,42,1,0,255,2,0,1782505562.527794,124
25.018312,25.012526,0.26411912,0.4687605,0.7005005,1,1,0,0.010559082,0.018737793,25.01831,29,42,1,0,255,2,0,1782505562.527794,124
25.035646,25.030115,0.4736488,0.22920498,0.68981934,1,1,0,0.018920898,0.009155273,25.035645,31,42,1,0,255,2,0,1782505562.527794,124
25.04126,25.038212,0.31635654,0.22925639,0.9046936,1,1,0,0.012634277,0.009155273,25.04126,31,42,1,0,255,2,0,1782505562.527794,124
25.033201,25.023874,0.5896608,0.34529567,0.72906494,1,1,0,0.02355957,0.013793945,25.033203,60,42,0,0,255,2,0,1782505562.527794,124
25.03125,25.023062,0.5361596,0.34985164,0.7897339,1,1,0,0.02142334,0.013977051,25.03125,60,42,0,0,255,2,0,1782505562.527794,124
25.031008,25.023962,0.48422766,0.34373775,0.7663269,1,1,0,0.019348145,0.01373291,25.031006,60,42,0,0,255,2,0,1782505562.527794,124
25.032717,25.026585,0.430798,0.34834442,0.7307739,1,1,0,0.017211914,0.013916016,25.032715,60,42,0,0,255,2,0,1782505562.527794,124
25.03125,25.025917,0.3788392,0.3513793,0.71432495,1,1,0,0.015136719,0.014038086,25.03125,60,42,0,0,255,2,0,1782505562.527794,124
25.031252,25.026585,0.3269039,0.3559622,0.7732544,1,1,0,0.013061523,0.014221191,25.03125,60,42,0,0,255,2,0,1782505562.527794,124
25.03125,25.027182,0.27344018,0.35901746,0.73773193,1,1,0,0.010925293,0.014343262,25.03125,60,42,0,0,255,2,0,1782505562.527794,124
25.031982,25.02836,0.22150922,0.36361098,0.82006836,1,1,0,0.008850098,0.014526367,25.031982,60,42,0,0,255,2,0,1782505562.527794,124
25.032957,25.020185,0.5788783,0.55152386,1.0712585,1,1,0,0.023132324,0.022033691,25.032959,61,42,1,0,255,2,0,1782505562.527794,124
25.030762,25.019037,0.526907,0.55605763,0.85250854,1,1,0,0.021057129,0.022216797,25.030762,61,42,1,0,255,2,0,1782505562.527794,124
25.025145,25.014423,0.47335187,0.55898696,0.8216858,1,1,0,0.018920898,0.022338867,25.025146,61,42,1,0,255,2,0,1782505562.527794,124
25.030762,25.020864,0.4215339,0.5636945,0.7579956,1,1,0,0.016845703,0.022521973,25.030762,61,42,1,0,255,2,0,1782505562.527794,124
25.026367,25.017221,0.36954394,0.5666497,0.86483765,1,1,0,0.014770508,0.022644043,25.026367,61,42,1,0,255,2,0,1782505562.527794,124
25.021727,25.013212,0.3160407,0.57112515,0.6398926,1,1,0,0.012634277,0.022827148,25.021729,61,42,1,0,255,2,0,1782505562.527794,124
25.027346,25.01936,0.26419127,0.5743076,0.6840515,1,1,0,0.010559082,0.022949219,25.027344,61,42,1,0,255,2,0,1782505562.527794,124
25.031738,25.023163,0.3742146,0.5377499,0.7342529,1,1,0,0.014953613,0.021484375,25.031738,26,43,0,0,255,2,0,1782505562.6272094,125
25.026121,25.017456,0.58339846,0.30548707,0.83047485,1,1,0,0.02331543,0.012207031,25.026123,28,43,0,0,255,2,0,1782505562.6272094,125
25.027098,25.020666,0.4780531,0.305499,0.85128784,1,1,0,0.019104004,0.012207031,25.0271,28,43,0,0,255,2,0,1782505562.6272094,125
25.03247,25.02855,0.32081807,0.30556455,0.87384033,1,1,0,0.012817383,0.012207031,25.03247,28,43,0,0,255,2,0,1782505562.6272094,125
25.02905,25.025743,0.26884156,0.30552283,0.69784546,1,1,0,0.0107421875,0.012207031,25.029053,28,43,0,0,255,2,0,1782505562.6272094,125
25.031738,25.020725,0.57430696,0.47053966,0.9059143,1,1,0,0.022949219,0.018798828,25.031738,29,43,1,0,255,2,0,1782505562.6272094,125
25.042236,25.032389,0.52107406,0.47073698,0.8944092,1,1,0,0.020812988,0.018798828,25.042236,29,43,1,0,255,2,0,1782505562.6272094,125
25.036621,25.027803,0.4690207,0.47063145,0.6826477,1,1,0,0.018737793,0.018798828,25.036621,29,43,1,0,255,2,0,1782505562.6272094,125
25.03882,25.031754,0.36364603,0.47067273,0.71450806,1,1,0,0.014526367,0.018798828,25.038818,29,43,1,0,255,2,0,1782505562.6272094,125
25.023926,25.017393,0.5238171,0.2290977,0.74053955,1,1,0,0.020935059,0.009155273,25.023926,31,43,1,0,255,2,0,1782505562.6272094,125
25.030031,25.024559,0.4704878,0.22915357,0.67337036,1,1,0,0.018798828,0.009155273,25.03003,31,43,1,0,255,2,0,1782505562.6272094,125
25.032715,25.023367,0.5896489,0.3468167,0.99606323,1,1,0,0.02355957,0.0138549805,25.032715,60,43,0,0,255,2,0,1782505562.6272094,125
25.03003,25.02182,0.536133,0.35136217,0.84262085,1,1,0,0.02142334,0.014038086,25.03003,60,43,0,0,255,2,0,1782505562.6272094,125
25.031252,25.024185,0.48423198,0.34526873,0.83654785,1,1,0,0.019348145,0.013793945,25.03125,60,43,0,0,255,2,0,1782505562.6272094,125
25.03125,25.02512,0.43077278,0.34832403,0.7507324,1,1,0,0.017211914,0.013916016,25.03125,60,43,0,0,255,2,0,1782505562.6272094,125
25.027098,25.021744,0.378776,0.3528484,0.70132446,1,1,0,0.015136719,0.014099121,25.0271,60,43,0,0,255,2,0,1782505562.6272094,125
25.032957,25.028292,0.3269262,0.3559865,1.2855835,1,1,0,0.013061523,0.014221191,25.032959,60,43,0,0,255,2,0,1782505562.6272094,125
25.031252,25.02716,0.27343994,0.3605451,0.71258545,1,1,0,0.010925293,0.014404297,25.03125,60,43,0,0,255,2,0,1782505562.6272094,125
25.033445,25.029825,0.22152218,0.36363226,0.7342529,1,1,0,0.008850098,0.014526367,25.033447,60,43,0,0,255,2,0,1782505562.6272094,125
25.042234,25.029425,0.579092,0.55325633,0.7875061,1,1,0,0.023132324,0.022094727,25.042236,61,43,1,0,255,2,0,1782505562.6272094,125
25.03662,25.024858,0.52702963,0.55771554,0.7073059,1,1,0,0.021057129,0.022277832,25.036621,61,43,1,0,255,2,0,1782505562.6272094,125
25.043455,25.032692,0.47369757,0.56092405,0.8759155,1,1,0,0.018920898,0.022399902,25.043457,61,43,1,0,255,2,0,1782505562.6272094,125
25.030762,25.02083,0.42153332,0.56522185,0.80114746,1,1,0,0.016845703,0.022583008,25.030762,61,43,1,0,255,2,0,1782505562.6272094,125
25.030762,25.021582,0.36960834,0.5682766,0.8956299,1,1,0,0.014770508,0.022705078,25.030762,61,43,1,0,255,2,0,1782505562.6272094,125
25.028564,25.020544,0.2642038,0.5758628,0.7970276,1,1,0,0.010559082,0.023010254,25.028564,61,43,1,0,255,2,0,1782505562.6272094,125
25.033445,25.020796,0.5865323,0.5377866,0.73599243,1,1,0,0.0234375,0.021484375,25.033447,26,44,0,0,255,2,0,1782505562.7277145,126
25.032715,25.02126,0.5330652,0.53777087,0.83480835,1,1,0,0.02130127,0.021484375,25.032715,26,44,0,0,255,2,0,1782505562.7277145,126
25.033447,25.023045,0.4811542,0.5377866,1.1399536,1,1,0,0.019226074,0.021484375,25.033447,26,44,0,0,255,2,0,1782505562.7277145,126
25.033936,25.026682,0.27190703,0.5377971,0.8070679,1,1,0,0.010864258,0.021484375,25.033936,26,44,0,0,255,2,0,1782505562.7277145,126
25.027098,25.02379,0.26882058,0.305499,0.70217896,1,1,0,0.0107421875,0.012207031,25.0271,28,44,0,0,255,2,0,1782505562.7277145,126
25.034424,25.023409,0.57436854,0.47059014,0.75561523,1,1,0,0.022949219,0.018798828,25.034424,29,44,1,0,255,2,0,1782505562.7277145,126
25.032957,25.02506,0.41702113,0.4705626,0.85250854,1,1,0,0.016662598,0.018798828,25.032959,29,44,1,0,255,2,0,1782505562.7277145,126
25.037844,25.030756,0.3651596,0.47065437,0.80804443,1,1,0,0.014587402,0.018798828,25.037842,29,44,1,0,255,2,0,1782505562.7277145,126
25.027344,25.021011,0.31155702,0.46892974,0.75390625,1,1,0,0.012451172,0.018737793,25.027344,29,44,1,0,255,2,0,1782505562.7277145,126
25.025145,25.018534,0.5268964,0.23063621,0.7991028,1,1,0,0.021057129,0.009216309,25.025146,31,44,1,0,255,2,0,1782505562.7277145,126
25.02295,25.017422,0.47340858,0.22908875,0.695343,1,1,0,0.018920898,0.009155273,25.02295,31,44,1,0,255,2,0,1782505562.7277145,126
25.032715,25.023474,0.585067,0.3468167,0.6926575,1,1,0,0.023376465,0.0138549805,25.032715,60,44,0,0,255,2,0,1782505562.7277145,126
25.031738,25.025618,0.42772552,0.35138616,0.6311035,1,1,0,0.017089844,0.014038086,25.031738,60,44,0,0,255,2,0,1782505562.7277145,126
25.031738,25.026407,0.37579092,0.3544415,1.0992126,1,1,0,0.015014648,0.014160156,25.031738,60,44,0,0,255,2,0,1782505562.7277145,126
25.028809,25.016008,0.57572633,0.55601424,0.67645264,1,1,0,0.023010254,0.022216797,25.028809,61,44,1,0,255,2,0,1782505562.7277145,126
25.032957,25.021227,0.5238974,0.5591615,1.0250549,1,1,0,0.020935059,0.022338867,25.032959,61,44,1,0,255,2,0,1782505562.7277145,126
25.03882,25.0289,0.41861314,0.5669316,0.7515259,1,1,0,0.016723633,0.022644043,25.038818,61,44,1,0,255,2,0,1782505562.7277145,126
25.032959,25.023752,0.3665851,0.57138145,0.8812561,1,1,0,0.0146484375,0.022827148,25.032959,61,44,1,0,255,2,0,1782505562.7277145,126
25.025145,25.017086,0.26111314,0.57883817,0.7991028,1,1,0,0.010437012,0.023132324,25.025146,61,44,1,0,255,2,0,1782505562.7277145,126
25.025146,25.012499,0.5863378,0.53760827,0.8009949,1,1,0,0.0234375,0.021484375,25.025146,26,45,0,0,255,2,0,1782505562.827083,127
25.0271,25.015615,0.5344725,0.5376502,0.84869385,1,1,0,0.021362305,0.021484375,25.0271,26,45,0,0,255,2,0,1782505562.827083,127
25.026123,25.017385,0.58645236,0.30548707,0.85910034,1,1,0,0.0234375,0.012207031,25.026123,28,45,0,0,255,2,0,1782505562.827083,127
25.028074,25.0205,0.5345769,0.3055109,0.71606445,1,1,0,0.021362305,0.012207031,25.028076,28,45,0,0,255,2,0,1782505562.827083,127
25.031982,25.02549,0.48120123,0.3055586,0.84695435,1,1,0,0.019226074,0.012207031,25.031982,28,45,0,0,255,2,0,1782505562.827083,127
25.033445,25.028736,0.3773539,0.30557647,0.82006836,1,1,0,0.015075684,0.012207031,25.033447,28,45,0,0,255,2,0,1782505562.827083,127
25.026123,25.022163,0.32379118,0.30548707,0.7879944,1,1,0,0.012939453,0.012207031,25.026123,28,45,0,0,255,2,0,1782505562.827083,127
25.018066,25.01167,0.31449434,0.47028264,0.77474976,1,1,0,0.012573242,0.018798828,25.018066,29,45,1,0,255,2,0,1782505562.827083,127
25.018309,25.010637,0.57560277,0.22904629,0.6224365,1,1,0,0.023010254,0.009155273,25.01831,31,45,1,0,255,2,0,1782505562.827083,127
25.01831,25.012842,0.47026753,0.22904629,0.6860962,1,1,0,0.018798828,0.009155273,25.01831,31,45,1,0,255,2,0,1782505562.827083,127
25.03247,25.023138,0.58811533,0.34834102,0.8911743,1,1,0,0.023498535,0.013916016,25.03247,60,45,0,0,255,2,0,1782505562.827083,127
25.029053,25.020876,0.53458494,0.35134846,0.99780273,1,1,0,0.021362305,0.014038086,25.029053,60,45,0,0,255,2,0,1782505562.827083,127
25.032959,25.025923,0.48273754,0.3452923,0.82354736,1,1,0,0.01928711,0.013793945,25.032959,60,45,0,0,255,2,0,1782505562.827083,127
25.032225,25.0261,0.4292617,0.3498653,0.7940674,1,1,0,0.017150879,0.013977051,25.032227,60,45,0,0,255,2,0,1782505562.827083,127
25.032957,25.027624,0.37733716,0.35293102,0.7420654,1,1,0,0.015075684,0.014099121,25.032959,60,45,0,0,255,2,0,1782505562.827083,127
25.031008,25.026339,0.32537296,0.35748634,0.7767334,1,1,0,0.013000488,0.014282227,25.031006,60,45,0,0,255,2,0,1782505562.827083,127
25.03247,25.028841,0.21998572,0.36514577,0.7828064,1,1,0,0.0087890625,0.014587402,25.03247,60,45,0,0,255,2,0,1782505562.827083,127
25.04126,25.028452,0.5775411,0.5547628,0.81832886,1,1,0,0.023071289,0.022155762,25.04126,61,45,1,0,255,2,0,1782505562.827083,127
25.023926,25.012203,0.5252358,0.5574327,0.70150757,1,1,0,0.020996094,0.022277832,25.023926,61,45,1,0,255,2,0,1782505562.827083,127
25.027344,25.016552,0.47339213,0.56209034,0.7949829,1,1,0,0.018920898,0.022460938,25.027344,61,45,1,0,255,2,0,1782505562.827083,127
25.034424,25.024515,0.4200676,0.5653045,0.6538391,1,1,0,0.016784668,0.022583008,25.034424,61,45,1,0,255,2,0,1782505562.827083,127
25.030762,25.021568,0.36808062,0.5698039,0.8730469,1,1,0,0.014709473,0.022766113,25.030762,61,45,1,0,255,2,0,1782505562.827083,127
25.031738,25.023203,0.31463936,0.572881,1.0270996,1,1,0,0.012573242,0.022888184,25.031738,61,45,1,0,255,2,0,1782505562.827083,127
25.03784,25.029799,0.26277366,0.57760406,0.7607727,1,1,0,0.010498047,0.023071289,25.037842,61,45,1,0,255,2,0,1782505562.827083,127
25.032469,25.01982,0.5865094,0.5377656,0.86343384,1,1,0,0.0234375,0.021484375,25.03247,26,46,0,0,255,2,0,1782505562.927606,128
25.033936,25.024477,0.42923388,0.5377971,1.0844727,1,1,0,0.017150879,0.021484375,25.033936,26,46,0,0,255,2,0,1782505562.927606,128
25.032469,25.026905,0.4292755,0.3070923,1.1356201,1,1,0,0.017150879,0.012268066,25.03247,28,46,0,0,255,2,0,1782505562.927606,128
25.025146,25.019361,0.26113686,0.47041574,0.7107544,1,1,0,0.010437012,0.018798828,25.025146,29,46,1,0,255,2,0,1782505562.927606,128
25.02954,25.022991,0.52393436,0.23067671,0.88742065,1,1,0,0.020935059,0.009216309,25.029541,31,46,1,0,255,2,0,1782505562.927606,128
25.032469,25.02327,0.5850622,0.34375787,0.69869995,1,1,0,0.023376465,0.01373291,25.03247,60,46,0,0,255,2,0,1782505562.927606,128
25.027102,25.019001,0.5330171,0.34826627,0.72299194,1,1,0,0.02130127,0.013916016,25.0271,60,46,0,0,255,2,0,1782505562.927606,128
25.027102,25.020103,0.47956994,0.34673887,0.71084595,1,1,0,0.019165039,0.0138549805,25.0271,60,46,0,0,255,2,0,1782505562.927606,128
25.031006,25.024906,0.42771336,0.34984824,0.45251465,1,1,0,0.017089844,0.013977051,25.031006,60,46,0,0,255,2,0,1782505562.927606,128
25.031252,25.026623,0.32232112,0.35748982,0.7663269,1,1,0,0.012878418,0.014282227,25.03125,60,46,0,0,255,2,0,1782505562.927606,128
25.033934,25.029856,0.2704136,0.36211154,0.84436035,1,1,0,0.010803223,0.014465332,25.033936,60,46,0,0,255,2,0,1782505562.927606,128
25.032957,25.02019,0.5758226,0.5545789,1.0733337,1,1,0,0.023010254,0.022155762,25.032959,61,46,1,0,255,2,0,1782505562.927606,128
25.028564,25.016869,0.52227855,0.5590633,0.8340149,1,1,0,0.020874023,0.022338867,25.028564,61,46,1,0,255,2,0,1782505562.927606,128
25.027342,25.01661,0.47033837,0.56209034,0.8319702,1,1,0,0.018798828,0.022460938,25.027344,61,46,1,0,255,2,0,1782505562.927606,128
25.02881,25.018894,0.41844577,0.566705,0.62197876,1,1,0,0.016723633,0.022644043,25.028809,61,46,1,0,255,2,0,1782505562.927606,128
25.027342,25.018194,0.36497638,0.5697261,0.79086304,1,1,0,0.014587402,0.022766113,25.027344,61,46,1,0,255,2,0,1782505562.927606,128
25.03076,25.022211,0.3130994,0.574386,0.8586731,1,1,0,0.012512207,0.022949219,25.030762,61,46,1,0,255,2,0,1782505562.927606,128
25.03125,25.018528,0.5895348,0.5377394,0.7403259,1,1,0,0.02355957,0.021484375,25.03125,26,47,0,0,255,2,0,1782505563.0273645,129
25.031494,25.019974,0.5360934,0.53774464,0.8070679,1,1,0,0.02142334,0.021484375,25.031494,26,47,0,0,255,2,0,1782505563.0273645,129
25.031006,25.021496,0.432238,0.53773415,0.7897339,1,1,0,0.01727295,0.021484375,25.031006,26,47,0,0,255,2,0,1782505563.0273645,129
25.031006,25.023094,0.3268583,0.53773415,0.7342529,1,1,0,0.013061523,0.021484375,25.031006,26,47,0,0,255,2,0,1782505563.0273645,129
25.026125,25.018839,0.27487624,0.53762925,0.8070679,1,1,0,0.010986328,0.021484375,25.026123,26,47,0,0,255,2,0,1782505563.0273645,129
25.028074,25.0193,0.58802515,0.3055109,0.97525024,1,1,0,0.023498535,0.012207031,25.028076,28,47,0,0,255,2,0,1782505563.0273645,129
25.029053,25.022514,0.4826718,0.30705038,0.7403259,1,1,0,0.01928711,0.012268066,25.029053,28,47,0,0,255,2,0,1782505563.0273645,129
25.026123,25.022781,0.27186465,0.30548707,0.679657,1,1,0,0.010864258,0.012207031,25.026123,28,47,0,0,255,2,0,1782505563.0273645,129
25.035645,25.02677,0.47205743,0.4706131,0.7073059,1,1,0,0.018859863,0.018798828,25.035645,29,47,1,0,255,2,0,1782505563.0273645,129
25.027344,25.021544,0.262687,0.47045705,0.7251282,1,1,0,0.010498047,0.018798828,25.027344,29,47,1,0,255,2,0,1782505563.0273645,129
25.035646,25.032618,0.31475773,0.22920498,0.7761841,1,1,0,0.012573242,0.009155273,25.035645,31,47,1,0,255,2,0,1782505563.0273645,129
25.028076,25.01878,0.5864851,0.34827986,0.8122864,1,1,0,0.0234375,0.013916016,25.028076,60,47,0,0,255,2,0,1782505563.0273645,129
25.026123,25.01798,0.53299534,0.35130733,0.7455139,1,1,0,0.02130127,0.014038086,25.026123,60,47,0,0,255,2,0,1782505563.0273645,129
25.03003,25.023003,0.48115337,0.34677947,0.8027344,1,1,0,0.019226074,0.0138549805,25.03003,60,47,0,0,255,2,0,1782505563.0273645,129
25.034182,25.030085,0.271944,0.3621151,0.8009949,1,1,0,0.010864258,0.014465332,25.03418,60,47,0,0,255,2,0,1782505563.0273645,129
25.03662,25.02582,0.47203952,0.56382644,0.6949768,1,1,0,0.018859863,0.022521973,25.036621,61,47,1,0,255,2,0,1782505563.0273645,129
25.019531,25.009619,0.41829067,0.56649494,0.6111145,1,1,0,0.016723633,0.022644043,25.019531,61,47,1,0,255,2,0,1782505563.0273645,129
25.03076,25.021555,0.36655292,0.5713313,0.7816162,1,1,0,0.0146484375,0.022827148,25.030762,61,47,1,0,255,2,0,1782505563.0273645,129
25.030762,25.022192,0.31462666,0.574386,0.74053955,1,1,0,0.012573242,0.022949219,25.030762,61,47,1,0,255,2,0,1782505563.0273645,129
25.032715,25.019993,0.58956933,0.53777087,0.71432495,1,1,0,0.02355957,0.021484375,25.032715,26,48,0,0,255,2,0,1782505563.1278176,130
25.03247,25.022009,0.48418987,0.5377656,0.83480835,1,1,0,0.019348145,0.021484375,25.03247,26,48,0,0,255,2,0,1782505563.1278176,130
25.03247,25.024559,0.32687744,0.5377656,0.7862549,1,1,0,0.013061523,0.021484375,25.03247,26,48,0,0,255,2,0,1782505563.1278176,130
25.028076,25.020567,0.53152263,0.3055109,0.69610596,1,1,0,0.021240234,0.012207031,25.028076,28,48,0,0,255,2,0,1782505563.1278176,130
25.031006,25.026342,0.37426215,0.30554667,0.82006836,1,1,0,0.014953613,0.012207031,25.031006,28,48,0,0,255,2,0,1782505563.1278176,130
25.030764,25.02192,0.47043818,0.4705213,0.90179443,1,1,0,0.018798828,0.018798828,25.030762,29,48,1,0,255,2,0,1782505563.1278176,130
25.027344,25.020964,0.3130838,0.47045705,0.7127991,1,1,0,0.012512207,0.018798828,25.027344,29,48,1,0,255,2,0,1782505563.1278176,130
25.034668,25.030933,0.3666903,0.22919604,1.0794983,1,1,0,0.0146484375,0.009155273,25.034668,31,48,1,0,255,2,0,1782505563.1278176,130
25.031006,25.021715,0.5880819,0.34526536,0.7550659,1,1,0,0.023498535,0.013793945,25.031006,60,48,0,0,255,2,0,1782505563.1278176,130
25.034182,25.026024,0.5346949,0.3498926,0.81573486,1,1,0,0.021362305,0.013977051,25.03418,60,48,0,0,255,2,0,1782505563.1278176,130
25.032713,25.027359,0.37733316,0.35445532,0.97177124,1,1,0,0.015075684,0.014160156,25.032715,60,48,0,0,255,2,0,1782505563.1278176,130
25.026121,25.021433,0.3253092,0.35894394,0.7793274,1,1,0,0.013000488,0.014343262,25.026123,60,48,0,0,255,2,0,1782505563.1278176,130
25.03296,25.028864,0.27193072,0.36209744,0.8122864,1,1,0,0.010864258,0.014465332,25.032959,60,48,0,0,255,2,0,1782505563.1278176,130
25.03125,25.027597,0.2199748,0.3666556,0.7680664,1,1,0,0.0087890625,0.0146484375,25.03125,60,48,0,0,255,2,0,1782505563.1278176,130
25.025146,25.012312,0.5771687,0.5559329,0.82785034,1,1,0,0.023071289,0.022216797,25.025146,61,48,1,0,255,2,0,1782505563.1278176,130
25.023926,25.012169,0.52523506,0.55895966,0.80526733,1,1,0,0.020996094,0.022338867,25.023926,61,48,1,0,255,2,0,1782505563.1278176,130
25.027342,25.017403,0.41994825,0.5666718,0.82785034,1,1,0,0.016784668,0.022644043,25.027344,61,48,1,0,255,2,0,1782505563.1278176,130
25.029541,25.021465,0.26268616,0.5789398,0.9665222,1,1,0,0.010498047,0.023132324,25.029541,61,48,1,0,255,2,0,1782505563.1278176,130
25.046875,25.037996,0.4722692,0.47082418,0.82040405,1,1,0,0.018859863,0.018798828,25.046875,29,49,1,0,255,2,0,1782505563.2271302,131
25.02881,25.020863,0.4200063,0.47048458,0.6322632,1,1,0,0.016784668,0.018798828,25.028809,29,49,1,0,255,2,0,1782505563.2271302,131
25.020752,25.015253,0.4718402,0.22906864,0.67788696,1,1,0,0.018859863,0.009155273,25.020752,31,49,1,0,255,2,0,1782505563.2271302,131
25.031252,25.022032,0.5850332,0.34526873,0.71258545,1,1,0,0.023376465,0.013793945,25.03125,60,49,0,0,255,2,0,1782505563.2271302,131
25.03247,25.025513,0.47967365,0.34375787,0.70739746,1,1,0,0.019165039,0.01373291,25.03247,60,49,0,0,255,2,0,1782505563.2271302,131
25.031252,25.025173,0.42771792,0.34832403,0.7992859,1,1,0,0.017089844,0.013916016,25.03125,60,49,0,0,255,2,0,1782505563.2271302,131
25.026123,25.020836,0.3757073,0.35130733,0.7897339,1,1,0,0.015014648,0.014038086,25.026123,60,49,0,0,255,2,0,1782505563.2271302,131
25.03125,25.026644,0.3223214,0.3559622,0.70739746,1,1,0,0.012878418,0.014221191,25.03125,60,49,0,0,255,2,0,1782505563.2271302,131
25.025145,25.02111,0.27031913,0.35892993,0.7472534,1,1,0,0.010803223,0.014343262,25.025146,60,49,0,0,255,2,0,1782505563.2271302,131
25.035643,25.022907,0.5758851,0.5531107,0.7103882,1,1,0,0.023010254,0.022094727,25.035645,61,49,1,0,255,2,0,1782505563.2271302,131
25.025146,25.01352,0.52220863,0.5559329,0.6748047,1,1,0,0.020874023,0.022216797,25.025146,61,49,1,0,255,2,0,1782505563.2271302,131
25.038818,25.028114,0.47055468,0.56082016,0.75253296,1,1,0,0.018798828,0.022399902,25.038818,61,49,1,0,255,2,0,1782505563.2271302,131
25.025146,25.0153,0.41838568,0.56356806,0.71588135,1,1,0,0.016723633,0.022521973,25.025146,61,49,1,0,255,2,0,1782505563.2271302,131
25.025146,25.016033,0.36494485,0.5681491,0.77752686,1,1,0,0.014587402,0.022705078,25.025146,61,49,1,0,255,2,0,1782505563.2271302,131
25.031738,25.023258,0.31311253,0.5713536,0.86483765,1,1,0,0.012512207,0.022827148,25.031738,61,49,1,0,255,2,0,1782505563.2271302,131
25.025145,25.017157,0.26111385,0.57578415,0.7867737,1,1,0,0.010437012,0.023010254,25.025146,61,49,1,0,255,2,0,1782505563.2271302,131
25.032715,25.021194,0.5361196,0.53777087,0.7472534,1,1,0,0.02142334,0.021484375,25.032715,26,50,0,0,255,2,0,1782505563.327454,132
25.034912,25.02445,0.4842371,0.5378181,0.8911743,1,1,0,0.019348145,0.021484375,25.034912,26,50,0,0,255,2,0,1782505563.327454,132
25.033203,25.025291,0.326887,0.53778136,0.9059143,1,1,0,0.013061523,0.021484375,25.033203,26,50,0,0,255,2,0,1782505563.327454,132
25.032225,25.025677,0.5239906,0.23070146,0.80599976,1,1,0,0.020935059,0.009216309,25.032227,31,50,1,0,255,2,0,1782505563.327454,132
25.026125,25.01687,0.58644027,0.345198,1.0653992,1,1,0,0.0234375,0.013793945,25.026123,60,50,0,0,255,2,0,1782505563.327454,132
25.031252,25.024244,0.48117724,0.34526873,0.7958069,1,1,0,0.019226074,0.013793945,25.03125,60,50,0,0,255,2,0,1782505563.327454,132
25.031494,25.026184,0.3757876,0.35291037,0.7455139,1,1,0,0.015014648,0.014099121,25.031494,60,50,0,0,255,2,0,1782505563.327454,132
25.028078,25.02343,0.32380757,0.35744452,0.95877075,1,1,0,0.012939453,0.014282227,25.028076,60,50,0,0,255,2,0,1782505563.327454,132
25.031494,25.027437,0.2703875,0.36054862,0.69869995,1,1,0,0.010803223,0.014404297,25.031494,60,50,0,0,255,2,0,1782505563.327454,132
25.028809,25.018929,0.41844633,0.56517774,0.6199341,1,1,0,0.016723633,0.022583008,25.028809,61,50,1,0,255,2,0,1782505563.327454,132
25.037842,25.028667,0.3666571,0.5699651,0.7371216,1,1,0,0.0146484375,0.022766113,25.037842,61,50,1,0,255,2,0,1782505563.327454,132
25.027344,25.01883,0.3130571,0.57278043,0.9541931,1,1,0,0.012512207,0.022888184,25.027344,61,50,1,0,255,2,0,1782505563.327454,132
25.031494,25.018843,0.5864865,0.53774464,0.67529297,1,1,0,0.0234375,0.021484375,25.031494,26,51,0,0,255,2,0,1782505563.4272068,133
25.032957,25.021471,0.53459764,0.5377761,0.8807678,1,1,0,0.021362305,0.021484375,25.032959,26,51,0,0,255,2,0,1782505563.4272068,133
25.031494,25.023918,0.5346499,0.30555263,0.7533264,1,1,0,0.021362305,0.012207031,25.031494,28,51,0,0,255,2,0,1782505563.4272068,133
25.034424,25.02789,0.5240369,0.2291938,0.7484436,1,1,0,0.020935059,0.009155273,25.034424,31,51,1,0,255,2,0,1782505563.4272068,133
25.031248,25.025097,0.43077236,0.34985164,0.8703613,1,1,0,0.017211914,0.013977051,25.03125,60,51,0,0,255,2,0,1782505563.4272068,133
25.026125,25.020792,0.37723413,0.35283464,0.83306885,1,1,0,0.015075684,0.014099121,25.026123,60,51,0,0,255,2,0,1782505563.4272068,133
25.02905,25.024385,0.32534757,0.35745844,0.7568054,1,1,0,0.013000488,0.014282227,25.029053,60,51,0,0,255,2,0,1782505563.4272068,133
25.031738,25.028109,0.21997929,0.3651351,0.70999146,1,1,0,0.0087890625,0.014587402,25.031738,60,51,0,0,255,2,0,1782505563.4272068,133
25.031738,25.018934,0.5773215,0.55455184,0.8093567,1,1,0,0.023071289,0.022155762,25.031738,61,51,1,0,255,2,0,1782505563.4272068,133
25.026367,25.014643,0.525287,0.55748713,0.7189636,1,1,0,0.020996094,0.022277832,25.026367,61,51,1,0,255,2,0,1782505563.4272068,133
25.028564,25.017773,0.47341523,0.56211776,0.7189636,1,1,0,0.018920898,0.022460938,25.028564,61,51,1,0,255,2,0,1782505563.4272068,133
25.035156,25.025248,0.42007992,0.565321,0.85250854,1,1,0,0.016784668,0.022583008,25.035156,61,51,1,0,255,2,0,1782505563.4272068,133
25.027342,25.01815,0.36803034,0.5697261,0.68096924,1,1,0,0.014709473,0.022766113,25.027344,61,51,1,0,255,2,0,1782505563.4272068,133
25.025146,25.017109,0.26264042,0.57731116,0.7693176,1,1,0,0.010498047,0.023071289,25.025146,61,51,1,0,255,2,0,1782505563.4272068,133
25.03247,25.022097,0.47960818,0.5377656,0.72732544,1,1,0,0.019165039,0.021484375,25.03247,26,52,0,0,255,2,0,1782505563.5272548,134
25.032227,25.024988,0.27036104,0.5377604,0.97525024,1,1,0,0.010803223,0.021484375,25.032227,26,52,0,0,255,2,0,1782505563.5272548,134
25.032715,25.027195,0.42775247,0.30556753,1.0307312,1,1,0,0.017089844,0.012207031,25.032715,28,52,0,0,255,2,0,1782505563.5272548,134
25.03418,25.02313,0.57589024,0.47058555,0.77853394,1,1,0,0.023010254,0.018798828,25.03418,29,52,1,0,255,2,0,1782505563.5272548,134
25.02881,25.018936,0.5223217,0.47048458,0.64767456,1,1,0,0.020874023,0.018798828,25.028809,29,52,1,0,255,2,0,1782505563.5272548,134
25.035643,25.029886,0.2612467,0.46908525,0.58187866,1,1,0,0.010437012,0.018737793,25.035645,29,52,1,0,255,2,0,1782505563.5272548,134
25.03784,25.03015,0.5760518,0.23075321,0.8409424,1,1,0,0.023010254,0.009216309,25.037842,31,52,1,0,255,2,0,1782505563.5272548,134
25.035643,25.030128,0.4721208,0.23073296,0.78134155,1,1,0,0.018859863,0.009216309,25.035645,31,52,1,0,255,2,0,1782505563.5272548,134
25.031738,25.027174,0.41858426,0.23069696,0.9521179,1,1,0,0.016723633,0.009216309,25.031738,31,52,1,0,255,2,0,1782505563.5272548,134
25.034178,25.027142,0.48276109,0.34530914,0.652771,1,1,0,0.01928711,0.013793945,25.03418,60,52,0,0,255,2,0,1782505563.5272548,134
25.032715,25.026588,0.4292701,0.3498721,1.0402832,1,1,0,0.017150879,0.013977051,25.032715,60,52,0,0,255,2,0,1782505563.5272548,134
25.031736,25.026403,0.37731874,0.3529138,0.7663269,1,1,0,0.015075684,0.014099121,25.031738,60,52,0,0,255,2,0,1782505563.5272548,134
25.029053,25.02498,0.27188855,0.36051345,0.84695435,1,1,0,0.010864258,0.014404297,25.029053,60,52,0,0,255,2,0,1782505563.5272548,134
25.031494,25.027864,0.21997714,0.36513153,0.9379883,1,1,0,0.0087890625,0.014587402,25.031494,60,52,0,0,255,2,0,1782505563.5272548,134
25.028564,25.016838,0.5253331,0.55753607,0.885376,1,1,0,0.020996094,0.022277832,25.028564,61,52,1,0,255,2,0,1782505563.5272548,134
25.025145,25.014383,0.4718238,0.562041,0.8093567,1,1,0,0.018859863,0.022460938,25.025146,61,52,1,0,255,2,0,1782505563.5272548,134
25.027342,25.017437,0.41994882,0.56514466,0.78060913,1,1,0,0.016784668,0.022583008,25.027344,61,52,1,0,255,2,0,1782505563.5272548,134
25.030762,25.02272,0.26269934,0.5774407,0.8956299,1,1,0,0.010498047,0.023071289,25.030762,61,52,1,0,255,2,0,1782505563.5272548,134
25.032713,25.020027,0.58804226,0.53777087,0.7828064,1,1,0,0.023498535,0.021484375,25.032715,26,53,0,0,255,2,0,1782505563.6276443,135
25.026123,25.016642,0.4306268,0.53762925,0.83047485,1,1,0,0.017211914,0.021484375,25.026123,26,53,0,0,255,2,0,1782505563.6276443,135
25.031494,25.024223,0.27340785,0.53774464,0.71343994,1,1,0,0.010925293,0.021484375,25.031494,26,53,0,0,255,2,0,1782505563.6276443,135
25.031982,25.023207,0.58811694,0.3055586,0.8027344,1,1,0,0.023498535,0.012207031,25.031982,28,53,0,0,255,2,0,1782505563.6276443,135
25.026123,25.02139,0.37877068,0.30548707,1.0342102,1,1,0,0.015136719,0.012207031,25.026123,28,53,0,0,255,2,0,1782505563.6276443,135
25.030762,25.024988,0.26272315,0.46899378,0.9449463,1,1,0,0.010498047,0.018737793,25.030762,29,53,1,0,255,2,0,1782505563.6276443,135
25.042236,25.035635,0.52725655,0.22926533,0.7648926,1,1,0,0.021057129,0.009155273,25.042236,31,53,1,0,255,2,0,1782505563.6276443,135
25.033447,25.027918,0.4736072,0.22918487,0.6702881,1,1,0,0.018920898,0.009155273,25.033447,31,53,1,0,255,2,0,1782505563.6276443,135
25.034424,25.029823,0.42168483,0.2291938,0.68573,1,1,0,0.016845703,0.009155273,25.034424,31,53,1,0,255,2,0,1782505563.6276443,135
25.031738,25.029295,0.26429617,0.22916922,0.9284973,1,1,0,0.010559082,0.009155273,25.031738,31,53,1,0,255,2,0,1782505563.6276443,135
25.034182,25.024887,0.58815646,0.34530914,0.7940674,1,1,0,0.023498535,0.013793945,25.03418,60,53,0,0,255,2,0,1782505563.6276443,135
25.032473,25.024305,0.5361862,0.34834102,0.8009949,1,1,0,0.02142334,0.013916016,25.03247,60,53,0,0,255,2,0,1782505563.6276443,135
25.031006,25.023832,0.48422515,0.3529035,0.46725464,1,1,0,0.019348145,0.014099121,25.031006,60,53,0,0,255,2,0,1782505563.6276443,135
25.033447,25.027317,0.4308106,0.3483546,0.99780273,1,1,0,0.017211914,0.013916016,25.033447,60,53,0,0,255,2,0,1782505563.6276443,135
25.034182,25.028847,0.37888354,0.35142043,0.7862549,1,1,0,0.015136719,0.014038086,25.03418,60,53,0,0,255,2,0,1782505563.6276443,135
25.032713,25.028067,0.32539544,0.35598302,0.7533264,1,1,0,0.013000488,0.014221191,25.032715,60,53,0,0,255,2,0,1782505563.6276443,135
25.032225,25.028605,0.22151138,0.36361453,0.7637329,1,1,0,0.008850098,0.014526367,25.032227,60,53,0,0,255,2,0,1782505563.6276443,135
25.043457,25.030645,0.5791203,0.55328333,0.93963623,1,1,0,0.023132324,0.022094727,25.043457,61,53,1,0,255,2,0,1782505563.6276443,135
25.035643,25.023916,0.5270098,0.5561661,0.6435547,1,1,0,0.021057129,0.022216797,25.035645,61,53,1,0,255,2,0,1782505563.6276443,135
25.035645,25.024883,0.47354978,0.56074905,0.71450806,1,1,0,0.018920898,0.022399902,25.035645,61,53,1,0,255,2,0,1782505563.6276443,135
25.034424,25.024525,0.42159554,0.56377697,0.71450806,1,1,0,0.016845703,0.022521973,25.034424,61,53,1,0,255,2,0,1782505563.6276443,135
25.025146,25.01599,0.36799854,0.5681491,0.829895,1,1,0,0.014709473,0.022705078,25.025146,61,53,1,0,255,2,0,1782505563.6276443,135
25.033447,25.02493,0.31618872,0.5713926,0.7463684,1,1,0,0.012634277,0.022827148,25.033447,61,53,1,0,255,2,0,1782505563.6276443,135
25.031738,25.023716,0.26423728,0.57593584,0.907959,1,1,0,0.010559082,0.023010254,25.031738,61,53,1,0,255,2,0,1782505563.6276443,135
25.032715,25.023903,0.5896615,0.30556753,0.7472534,1,1,0,0.02355957,0.012207031,25.032715,28,54,0,0,255,2,0,1782505563.7278008,136
25.02124,25.013636,0.5359576,0.30542746,0.631958,1,1,0,0.02142334,0.012207031,25.02124,28,54,0,0,255,2,0,1782505563.7278008,136
25.028074,25.021526,0.48418054,0.3055109,0.86169434,1,1,0,0.019348145,0.012207031,25.028076,28,54,0,0,255,2,0,1782505563.7278008,136
25.026367,25.015251,0.57876414,0.4704387,0.80114746,1,1,0,0.023132324,0.018798828,25.026367,29,54,1,0,255,2,0,1782505563.7278008,136
25.036623,25.028646,0.421665,0.47063145,0.68777466,1,1,0,0.016845703,0.018798828,25.036621,29,54,1,0,255,2,0,1782505563.7278008,136
25.027346,25.021528,0.2642142,0.47045705,0.88742065,1,1,0,0.010559082,0.018798828,25.027344,29,54,1,0,255,2,0,1782505563.7278008,136
25.023926,25.020918,0.31308323,0.2290977,0.7991028,1,1,0,0.012512207,0.009155273,25.023926,31,54,1,0,255,2,0,1782505563.7278008,136
25.035156,25.032743,0.26127654,0.22920051,1.1174927,1,1,0,0.010437012,0.009155273,25.035156,31,54,1,0,255,2,0,1782505563.7278008,136
25.032228,25.022936,0.58811057,0.3452822,0.7810669,1,1,0,0.023498535,0.013793945,25.032227,60,54,0,0,255,2,0,1782505563.7278008,136
25.031494,25.02532,0.4307762,0.35138273,0.7602539,1,1,0,0.017211914,0.014038086,25.031494,60,54,0,0,255,2,0,1782505563.7278008,136
25.032715,25.028025,0.32539487,0.35903847,0.70217896,1,1,0,0.013000488,0.014343262,25.032715,60,54,0,0,255,2,0,1782505563.7278008,136
25.0271,25.022987,0.27339435,0.36201268,0.72473145,1,1,0,0.010925293,0.014465332,25.0271,60,54,0,0,255,2,0,1782505563.7278008,136
25.025145,25.021494,0.21992116,0.36656618,0.7550659,1,1,0,0.0087890625,0.0146484375,25.025146,60,54,0,0,255,2,0,1782505563.7278008,136
25.025146,25.01432,0.4733499,0.56356806,0.93569946,1,1,0,0.018920898,0.022521973,25.025146,61,54,1,0,255,2,0,1782505563.7278008,136
25.029541,25.0196,0.41998512,0.56672156,0.80319214,1,1,0,0.016784668,0.022644043,25.029541,61,54,1,0,255,2,0,1782505563.7278008,136
25.027344,25.018116,0.36802983,0.5712533,0.7631531,1,1,0,0.014709473,0.022827148,25.027344,61,54,1,0,255,2,0,1782505563.7278008,136
25.025146,25.01656,0.31608298,0.5742572,0.67993164,1,1,0,0.012634277,0.022949219,25.025146,61,54,1,0,255,2,0,1782505563.7278008,136
25.026367,25.018293,0.26265284,0.57886636,0.8833008,1,1,0,0.010498047,0.023132324,25.026367,61,54,1,0,255,2,0,1782505563.7278008,136
25.03467,25.02672,0.42010462,0.47059473,0.88946533,1,1,0,0.016784668,0.018798828,25.034668,29,55,1,0,255,2,0,1782505563.8280253,137
25.032957,25.025211,0.5789946,0.2291804,0.87713623,1,1,0,0.023132324,0.009155273,25.032959,31,55,1,0,255,2,0,1782505563.8280253,137
25.031006,25.022818,0.5361543,0.34984824,0.7472534,1,1,0,0.02142334,0.013977051,25.031006,60,55,0,0,255,2,0,1782505563.8280253,137
25.033201,25.026157,0.48427013,0.34376794,1.0472107,1,1,0,0.019348145,0.01373291,25.033203,60,55,0,0,255,2,0,1782505563.8280253,137
25.033205,25.027094,0.43080676,0.34682345,0.83828735,1,1,0,0.017211914,0.0138549805,25.033203,60,55,0,0,255,2,0,1782505563.8280253,137
25.03247,25.027138,0.37885767,0.35139644,0.71432495,1,1,0,0.015136719,0.014038086,25.03247,60,55,0,0,255,2,0,1782505563.8280253,137
25.03247,25.027845,0.32539254,0.35445186,0.7550659,1,1,0,0.013000488,0.014160156,25.03247,60,55,0,0,255,2,0,1782505563.8280253,137
25.033203,25.029135,0.27346152,0.35904548,0.87384033,1,1,0,0.010925293,0.014343262,25.033203,60,55,0,0,255,2,0,1782505563.8280253,137
25.031738,25.02814,0.22150727,0.36207977,0.8044739,1,1,0,0.008850098,0.014465332,25.031738,60,55,0,0,255,2,0,1782505563.8280253,137
25.041258,25.028482,0.57907027,0.55170673,0.8121643,1,1,0,0.023132324,0.022033691,25.04126,61,55,1,0,255,2,0,1782505563.8280253,137
25.03662,25.024893,0.52703035,0.55618775,0.7607727,1,1,0,0.021057129,0.022216797,25.036621,61,55,1,0,255,2,0,1782505563.8280253,137
25.037844,25.027115,0.473592,0.5592705,0.8244934,1,1,0,0.018920898,0.022338867,25.037842,61,55,1,0,255,2,0,1782505563.8280253,137
25.04126,25.031357,0.42171067,0.56393087,0.7381592,1,1,0,0.016845703,0.022521973,25.04126,61,55,1,0,255,2,0,1782505563.8280253,137
25.027344,25.01822,0.36803135,0.5666718,0.7949829,1,1,0,0.014709473,0.022644043,25.027344,61,55,1,0,255,2,0,1782505563.8280253,137
25.030762,25.022243,0.31615478,0.5713313,0.91000366,1,1,0,0.012634277,0.022827148,25.030762,61,55,1,0,255,2,0,1782505563.8280253,137
25.029541,25.021555,0.26421446,0.574358,0.8319702,1,1,0,0.010559082,0.022949219,25.029541,61,55,1,0,255,2,0,1782505563.8280253,137
25.0271,25.014452,0.5863836,0.5376502,0.8105469,1,1,0,0.0234375,0.021484375,25.0271,26,56,0,0,255,2,0,1782505563.9271219,138
25.02417,25.012686,0.53440994,0.5375873,0.6692505,1,1,0,0.021362305,0.021484375,25.02417,26,56,0,0,255,2,0,1782505563.9271219,138
25.035646,25.025736,0.5239918,0.4706131,0.66104126,1,1,0,0.020935059,0.018798828,25.035645,29,56,1,0,255,2,0,1782505563.9271219,138
25.022945,25.016401,0.5237964,0.23061596,0.6347656,1,1,0,0.020935059,0.009216309,25.02295,31,56,1,0,255,2,0,1782505563.9271219,138
25.031738,25.026222,0.47204712,0.23069696,0.77545166,1,1,0,0.018859863,0.009216309,25.031738,31,56,1,0,255,2,0,1782505563.9271219,138
25.023926,25.019363,0.4184536,0.23062496,0.67788696,1,1,0,0.016723633,0.009216309,25.023926,31,56,1,0,255,2,0,1782505563.9271219,138
25.031008,25.021788,0.5850275,0.34526536,0.84002686,1,1,0,0.023376465,0.013793945,25.031006,60,56,0,0,255,2,0,1782505563.9271219,138
25.03247,25.024403,0.5316041,0.34834102,0.9145813,1,1,0,0.021240234,0.013916016,25.03247,60,56,0,0,255,2,0,1782505563.9271219,138
25.031982,25.025883,0.42773005,0.3498619,0.7793274,1,1,0,0.017089844,0.013977051,25.031982,60,56,0,0,255,2,0,1782505563.9271219,138
25.032715,25.027428,0.37427837,0.35292757,1.0602112,1,1,0,0.014953613,0.014099121,25.032715,60,56,0,0,255,2,0,1782505563.9271219,138
25.031008,25.026379,0.322318,0.35748634,0.7958069,1,1,0,0.012878418,0.014282227,25.031006,60,56,0,0,255,2,0,1782505563.9271219,138
25.031494,25.027454,0.26885995,0.36054862,0.83654785,1,1,0,0.0107421875,0.014404297,25.031494,60,56,0,0,255,2,0,1782505563.9271219,138
25.034424,25.021688,0.574329,0.5546114,0.6990967,1,1,0,0.022949219,0.022155762,25.034424,61,56,1,0,255,2,0,1782505563.9271219,138
25.028809,25.018074,0.4703659,0.56212324,0.62506104,1,1,0,0.018798828,0.022460938,25.028809,61,56,1,0,255,2,0,1782505563.9271219,138
25.023926,25.014072,0.41683802,0.56506747,0.66967773,1,1,0,0.016662598,0.022583008,25.023926,61,56,1,0,255,2,0,1782505563.9271219,138
25.032959,25.024462,0.3116,0.57290894,0.8956299,1,1,0,0.012451172,0.022888184,25.032959,61,56,1,0,255,2,0,1782505563.9271219,138
25.031738,25.020218,0.5345709,0.5392773,0.7698059,1,1,0,0.021362305,0.02154541,25.031738,26,57,0,0,255,2,0,1782505564.0274448,139
25.033201,25.026682,0.4827522,0.3055735,0.82873535,1,1,0,0.01928711,0.012207031,25.033203,28,57,0,0,255,2,0,1782505564.0274448,139
25.032957,25.028248,0.37734655,0.3055705,0.82180786,1,1,0,0.015075684,0.012207031,25.032959,28,57,0,0,255,2,0,1782505564.0274448,139
25.02417,25.020811,0.27337056,0.30546322,0.7663269,1,1,0,0.010925293,0.012207031,25.02417,28,57,0,0,255,2,0,1782505564.0274448,139
25.033447,25.027027,0.31621522,0.4705718,0.657959,1,1,0,0.012634277,0.018798828,25.033447,29,57,1,0,255,2,0,1782505564.0274448,139
25.028564,25.020855,0.5773658,0.22914016,0.74053955,1,1,0,0.023071289,0.009155273,25.028564,31,57,1,0,255,2,0,1782505564.0274448,139
25.026611,25.022856,0.36809954,0.22912228,0.6713257,1,1,0,0.014709473,0.009155273,25.026611,31,57,1,0,255,2,0,1782505564.0274448,139
25.026125,25.017927,0.5345219,0.35283464,0.81747437,1,1,0,0.021362305,0.014099121,25.026123,60,57,0,0,255,2,0,1782505564.0274448,139
25.031984,25.024927,0.48271835,0.34680653,0.7940674,1,1,0,0.01928711,0.0138549805,25.031982,60,57,0,0,255,2,0,1782505564.0274448,139
25.032715,25.026562,0.43079758,0.3498721,1.0506592,1,1,0,0.017211914,0.013977051,25.032715,60,57,0,0,255,2,0,1782505564.0274448,139
25.032469,25.027115,0.37732947,0.35445186,0.9015808,1,1,0,0.015075684,0.014160156,25.03247,60,57,0,0,255,2,0,1782505564.0274448,139
25.031006,25.026894,0.27343702,0.3620692,0.82702637,1,1,0,0.010925293,0.014465332,25.031006,60,57,0,0,255,2,0,1782505564.0274448,139
25.03125,25.02762,0.219975,0.36512798,0.7845459,1,1,0,0.0087890625,0.014587402,25.03125,60,57,0,0,255,2,0,1782505564.0274448,139
25.032957,25.021196,0.5254246,0.5591615,0.76416016,1,1,0,0.020996094,0.022338867,25.032959,61,57,1,0,255,2,0,1782505564.0274448,139
25.037842,25.027046,0.47359073,0.56232613,0.6959839,1,1,0,0.018920898,0.022460938,25.037842,61,57,1,0,255,2,0,1782505564.0274448,139
25.02393,25.013988,0.4198909,0.5665944,0.70358276,1,1,0,0.016784668,0.022644043,25.023926,61,57,1,0,255,2,0,1782505564.0274448,139
25.036377,25.02718,0.36816317,0.56993175,1.1534424,1,1,0,0.014709473,0.022766113,25.036377,61,57,1,0,255,2,0,1782505564.0274448,139
25.035889,25.027298,0.31621864,0.57450366,1.0343018,1,1,0,0.012634277,0.022949219,25.035889,61,57,1,0,255,2,0,1782505564.0274448,139
25.026611,25.018574,0.2626558,0.57734495,0.6435547,1,1,0,0.010498047,0.023071289,25.026611,61,57,1,0,255,2,0,1782505564.0274448,139
25.032959,25.020311,0.584993,0.53930366,1.0749512,1,1,0,0.023376465,0.02154541,25.032959,26,58,0,0,255,2,0,1782505564.1272705,140
25.033205,25.02175,0.5315477,0.5393089,0.8070679,1,1,0,0.021240234,0.02154541,25.033203,26,58,0,0,255,2,0,1782505564.1272705,140
25.021238,25.01087,0.479393,0.53752434,0.95010376,1,1,0,0.019165039,0.021484375,25.02124,26,58,0,0,255,2,0,1782505564.1272705,140
25.031982,25.023407,0.37421826,0.53775513,0.7507324,1,1,0,0.014953613,0.021484375,25.031982,26,58,0,0,255,2,0,1782505564.1272705,140
25.035646,25.029142,0.5225348,0.22920498,0.8553467,1,1,0,0.020874023,0.009155273,25.035645,31,58,1,0,255,2,0,1782505564.1272705,140
25.030027,25.025505,0.41702852,0.22915357,0.6456299,1,1,0,0.016662598,0.009155273,25.03003,31,58,1,0,255,2,0,1782505564.1272705,140
25.03125,25.02191,0.5865584,0.3513793,0.7862549,1,1,0,0.0234375,0.014038086,25.03125,60,58,0,0,255,2,0,1782505564.1272705,140
25.032469,25.02425,0.534657,0.35445186,0.71691895,1,1,0,0.021362305,0.014160156,25.03247,60,58,0,0,255,2,0,1782505564.1272705,140
25.032719,25.025639,0.48273206,0.34834442,0.7342529,1,1,0,0.01928711,0.013916016,25.032715,60,58,0,0,255,2,0,1782505564.1272705,140
25.026123,25.019955,0.42915633,0.35283464,0.7767334,1,1,0,0.017150879,0.014099121,25.026123,60,58,0,0,255,2,0,1782505564.1272705,140
25.036865,25.02399,0.5774382,0.55772096,1.0794983,1,1,0,0.023071289,0.022277832,25.036865,61,58,1,0,255,2,0,1782505564.1272705,140
25.035645,25.023848,0.5254803,0.56074905,0.657959,1,1,0,0.020996094,0.022399902,25.035645,61,58,1,0,255,2,0,1782505564.1272705,140
25.026367,25.015535,0.47184554,0.5651226,0.750824,1,1,0,0.018859863,0.022583008,25.026367,61,58,1,0,255,2,0,1782505564.1272705,140
25.02124,25.008526,0.5877719,0.5390512,0.632843,1,1,0,0.023498535,0.02154541,25.02124,26,59,0,0,255,2,0,1782505564.2276857,141
25.033201,25.023718,0.43074864,0.53778136,0.98651123,1,1,0,0.017211914,0.021484375,25.033203,26,59,0,0,255,2,0,1782505564.2276857,141
25.033201,25.024582,0.37729126,0.53778136,0.7897339,1,1,0,0.015075684,0.021484375,25.033203,26,59,0,0,255,2,0,1782505564.2276857,141
25.032957,25.025066,0.32535642,0.5377761,1.1676941,1,1,0,0.013000488,0.021484375,25.032959,26,59,0,0,255,2,0,1782505564.2276857,141
25.03198,25.02547,0.48120087,0.30708632,0.6865845,1,1,0,0.019226074,0.012268066,25.031982,28,59,0,0,255,2,0,1782505564.2276857,141
25.031738,25.028397,0.27192566,0.3055556,0.673584,1,1,0,0.010864258,0.012207031,25.031738,28,59,0,0,255,2,0,1782505564.2276857,141
25.037842,25.029919,0.41863015,0.47065437,0.8121643,1,1,0,0.016723633,0.018798828,25.037842,29,59,1,0,255,2,0,1782505564.2276857,141
25.041262,25.034151,0.36673743,0.47071862,0.8902893,1,1,0,0.0146484375,0.018798828,25.04126,29,59,1,0,255,2,0,1782505564.2276857,141
25.035158,25.028755,0.31470916,0.4706039,1.0651245,1,1,0,0.012573242,0.018798828,25.035156,29,59,1,0,255,2,0,1782505564.2276857,141
25.031736,25.024027,0.577439,0.22916922,0.79086304,1,1,0,0.023071289,0.009155273,25.031738,31,59,1,0,255,2,0,1782505564.2276857,141
25.034424,25.029848,0.42015716,0.2291938,0.72888184,1,1,0,0.016784668,0.009155273,25.034424,31,59,1,0,255,2,0,1782505564.2276857,141
25.031252,25.021868,0.5911416,0.3467964,0.6744385,1,1,0,0.023620605,0.0138549805,25.03125,60,59,0,0,255,2,0,1782505564.2276857,141
25.033936,25.026817,0.48581102,0.3468336,0.86602783,1,1,0,0.01940918,0.0138549805,25.033936,60,59,0,0,255,2,0,1782505564.2276857,141
25.031494,25.025293,0.43230364,0.35138273,0.71606445,1,1,0,0.01727295,0.014038086,25.031494,60,59,0,0,255,2,0,1782505564.2276857,141
25.032713,25.027313,0.38038826,0.35445532,0.85128784,1,1,0,0.015197754,0.014160156,25.032715,60,59,0,0,255,2,0,1782505564.2276857,141
25.032225,25.027496,0.32844365,0.35903147,0.84869385,1,1,0,0.013122559,0.014343262,25.032227,60,59,0,0,255,2,0,1782505564.2276857,141
25.030031,25.025902,0.2749538,0.36205506,0.8009949,1,1,0,0.010986328,0.014465332,25.03003,60,59,0,0,255,2,0,1782505564.2276857,141
25.031006,25.027327,0.22302772,0.366652,0.7698059,1,1,0,0.008911133,0.0146484375,25.031006,60,59,0,0,255,2,0,1782505564.2276857,141
25.037844,25.024933,0.58051634,0.55621487,0.77926636,1,1,0,0.02319336,0.022216797,25.037842,61,59,1,0,255,2,0,1782505564.2276857,141
25.03882,25.02699,0.52860266,0.5592923,0.7998352,1,1,0,0.021118164,0.022338867,25.038818,61,59,1,0,255,2,0,1782505564.2276857,141
25.036375,25.025517,0.4750898,0.56382096,1.0630493,1,1,0,0.018981934,0.022521973,25.036377,61,59,1,0,255,2,0,1782505564.2276857,141
25.027344,25.017351,0.42300212,0.5666718,0.829895,1,1,0,0.016906738,0.022644043,25.027344,61,59,1,0,255,2,0,1782505564.2276857,141
25.026367,25.017096,0.37106934,0.571231,0.8196411,1,1,0,0.014831543,0.022827148,25.026367,61,59,1,0,255,2,0,1782505564.2276857,141
25.025146,25.01654,0.31760988,0.5742572,0.71383667,1,1,0,0.0126953125,0.022949219,25.025146,61,59,1,0,255,2,0,1782505564.2276857,141
25.027342,25.019236,0.2657172,0.57888895,0.734375,1,1,0,0.010620117,0.023132324,25.027344,61,59,1,0,255,2,0,1782505564.2276857,141
25.033936,25.021248,0.5880709,0.5377971,0.70999146,1,1,0,0.023498535,0.021484375,25.033936,26,60,0,0,255,2,0,1782505564.3270717,142
25.033447,25.024778,0.5835692,0.30557647,0.82873535,1,1,0,0.02331543,0.012207031,25.033447,28,60,0,0,255,2,0,1782505564.3270717,142
25.034182,25.026669,0.5316523,0.3055854,0.7455139,1,1,0,0.021240234,0.012207031,25.03418,28,60,0,0,255,2,0,1782505564.3270717,142
25.028074,25.023413,0.37421834,0.3055109,0.7455139,1,1,0,0.014953613,0.012207031,25.028076,28,60,0,0,255,2,0,1782505564.3270717,142
25.04126,25.030243,0.5745254,0.47071862,0.836853,1,1,0,0.022949219,0.018798828,25.04126,29,60,1,0,255,2,0,1782505564.3270717,142
25.030764,25.021948,0.46891093,0.4705213,0.8216858,1,1,0,0.018737793,0.018798828,25.030762,29,60,1,0,255,2,0,1782505564.3270717,142
25.02295,25.015055,0.41685438,0.47037444,0.6378479,1,1,0,0.016662598,0.018798828,25.02295,29,60,1,0,255,2,0,1782505564.3270717,142
25.025148,25.018787,0.3115293,0.47041574,0.734375,1,1,0,0.012451172,0.018798828,25.025146,29,60,1,0,255,2,0,1782505564.3270717,142
25.036621,25.03015,0.52102745,0.22921392,0.7217102,1,1,0,0.020812988,0.009155273,25.036621,31,60,1,0,255,2,0,1782505564.3270717,142
25.042234,25.03771,0.41723192,0.22926533,0.92318726,1,1,0,0.016662598,0.009155273,25.042236,31,60,1,0,255,2,0,1782505564.3270717,142
25.023926,25.020237,0.3634787,0.2290977,0.734375,1,1,0,0.014526367,0.009155273,25.023926,31,60,1,0,255,2,0,1782505564.3270717,142
25.031738,25.02875,0.31165338,0.22916922,0.96136475,1,1,0,0.012451172,0.009155273,25.031738,31,60,1,0,255,2,0,1782505564.3270717,142
25.020752,25.018372,0.2580722,0.22906864,0.868927,1,1,0,0.010314941,0.009155273,25.020752,31,60,1,0,255,2,0,1782505564.3270717,142
25.031008,25.021751,0.5865547,0.34526536,0.7975464,1,1,0,0.0234375,0.013793945,25.031006,60,60,0,0,255,2,0,1782505564.3270717,142
25.03491,25.026754,0.5347105,0.34990284,1.0879517,1,1,0,0.021362305,0.013977051,25.034912,60,60,0,0,255,2,0,1782505564.3270717,142
25.033201,25.027033,0.42927772,0.35293445,0.7914734,1,1,0,0.017150879,0.014099121,25.033203,60,60,0,0,255,2,0,1782505564.3270717,142
25.034176,25.028801,0.3773549,0.35600385,0.7420654,1,1,0,0.015075684,0.014221191,25.03418,60,60,0,0,255,2,0,1782505564.3270717,142
25.034426,25.029734,0.3238891,0.3605908,0.9059143,1,1,0,0.012939453,0.014404297,25.034424,60,60,0,0,255,2,0,1782505564.3270717,142
25.021729,25.017612,0.2718085,0.36346203,0.8564148,1,1,0,0.010864258,0.014526367,25.021729,60,60,0,0,255,2,0,1782505564.3270717,142
25.033445,25.022646,0.47197968,0.563755,0.7463684,1,1,0,0.018859863,0.022521973,25.033447,61,60,1,0,255,2,0,1782505564.3270717,142
25.037844,25.027864,0.42012385,0.56843734,0.6291809,1,1,0,0.016784668,0.022705078,25.037842,61,60,1,0,255,2,0,1782505564.3270717,142
25.036621,25.027412,0.36663872,0.5714651,0.67337036,1,1,0,0.0146484375,0.022827148,25.036621,61,60,1,0,255,2,0,1782505564.3270717,142
25.035154,25.027094,0.26121756,0.5790697,1.1062012,1,1,0,0.010437012,0.023132324,25.035156,61,60,1,0,255,2,0,1782505564.3270717,142
25.04834,25.03568,0.5868812,0.53810656,0.67852783,1,1,0,0.0234375,0.021484375,25.04834,26,61,0,0,255,2,0,1782505564.4271865,143
25.031492,25.021091,0.48111665,0.53774464,0.7420654,1,1,0,0.019226074,0.021484375,25.031494,26,61,0,0,255,2,0,1782505564.4271865,143
25.033205,25.025627,0.5346864,0.3055735,0.7879944,1,1,0,0.021362305,0.012207031,25.033203,28,61,0,0,255,2,0,1782505564.4271865,143
25.042236,25.035154,0.36675212,0.46920878,0.8553467,1,1,0,0.0146484375,0.018737793,25.042236,29,61,1,0,255,2,0,1782505564.4271865,143
25.03662,25.030134,0.5210271,0.23074196,0.88619995,1,1,0,0.020812988,0.009216309,25.036621,31,61,1,0,255,2,0,1782505564.4271865,143
25.035646,25.030201,0.4690656,0.22920498,0.71655273,1,1,0,0.018737793,0.009155273,25.035645,31,61,1,0,255,2,0,1782505564.4271865,143
25.035646,25.03112,0.4171221,0.22920498,0.6569214,1,1,0,0.016662598,0.009155273,25.035645,31,61,1,0,255,2,0,1782505564.4271865,143
25.028564,25.024876,0.36354607,0.22914016,0.7374573,1,1,0,0.014526367,0.009155273,25.028564,31,61,1,0,255,2,0,1782505564.4271865,143
25.028809,25.02582,0.3116169,0.2291424,0.68981934,1,1,0,0.012451172,0.009155273,25.028809,31,61,1,0,255,2,0,1782505564.4271865,143
25.034668,25.032286,0.25821576,0.22919604,0.93569946,1,1,0,0.010314941,0.009155273,25.034668,31,61,1,0,255,2,0,1782505564.4271865,143
25.03003,25.02183,0.53460526,0.35288972,0.5123291,1,1,0,0.021362305,0.014099121,25.03003,60,61,0,0,255,2,0,1782505564.4271865,143
25.033934,25.026876,0.48275596,0.3468336,0.8868408,1,1,0,0.01928711,0.0138549805,25.033936,60,61,0,0,255,2,0,1782505564.4271865,143
25.031252,25.026583,0.32537612,0.35748982,0.8807678,1,1,0,0.013000488,0.014282227,25.03125,60,61,0,0,255,2,0,1782505564.4271865,143
25.032715,25.029085,0.21998787,0.36514935,0.81573486,1,1,0,0.0087890625,0.014587402,25.032715,60,61,0,0,255,2,0,1782505564.4271865,143
25.033447,25.020643,0.5773609,0.55458975,0.7340393,1,1,0,0.023071289,0.022155762,25.033447,61,61,1,0,255,2,0,1782505564.4271865,143
25.040037,25.030092,0.42016125,0.56695926,0.78234863,1,1,0,0.016784668,0.022644043,25.04004,61,61,1,0,255,2,0,1782505564.4271865,143
25.03662,25.027424,0.36816674,0.5699373,0.7340393,1,1,0,0.014709473,0.022766113,25.036621,61,61,1,0,255,2,0,1782505564.4271865,143
25.036623,25.02858,0.26276085,0.57757586,0.76693726,1,1,0,0.010498047,0.023071289,25.036621,61,61,1,0,255,2,0,1782505564.4271865,143
25.02905,25.017532,0.53604114,0.5376922,0.71951294,1,1,0,0.02142334,0.021484375,25.029053,26,62,0,0,255,2,0,1782505564.5273154,144
25.033936,25.027191,0.21997122,0.5377971,1.1676941,1,1,0,0.0087890625,0.021484375,25.033936,26,62,0,0,255,2,0,1782505564.5273154,144
25.033934,25.03061,0.27042177,0.30558243,0.7455139,1,1,0,0.010803223,0.012207031,25.033936,28,62,0,0,255,2,0,1782505564.5273154,144
25.042236,25.032356,0.5226019,0.47073698,0.8244934,1,1,0,0.020874023,0.018798828,25.042236,29,62,1,0,255,2,0,1782505564.5273154,144
25.037842,25.029943,0.4171025,0.47065437,0.90057373,1,1,0,0.016662598,0.018798828,25.037842,29,62,1,0,255,2,0,1782505564.5273154,144
25.035646,25.028559,0.36512756,0.4706131,0.70217896,1,1,0,0.014587402,0.018798828,25.035645,29,62,1,0,255,2,0,1782505564.5273154,144
25.02295,25.01657,0.3130288,0.47037444,0.7867737,1,1,0,0.012512207,0.018798828,25.02295,29,62,1,0,255,2,0,1782505564.5273154,144
25.037842,25.032072,0.25974151,0.47065437,0.71655273,1,1,0,0.010375977,0.018798828,25.037842,29,62,1,0,255,2,0,1782505564.5273154,144
25.01831,25.010674,0.57407624,0.22904629,0.6018982,1,1,0,0.022949219,0.009155273,25.01831,31,62,1,0,255,2,0,1782505564.5273154,144
25.036621,25.030117,0.5225552,0.22921392,0.8656311,1,1,0,0.020874023,0.009155273,25.036621,31,62,1,0,255,2,0,1782505564.5273154,144
25.031736,25.028048,0.36359218,0.22916922,1.1174927,1,1,0,0.014526367,0.009155273,25.031738,31,62,1,0,255,2,0,1782505564.5273154,144
25.031982,25.023806,0.5346475,0.3513896,0.85736084,1,1,0,0.021362305,0.014038086,25.031982,60,62,0,0,255,2,0,1782505564.5273154,144
25.036621,25.02378,0.57743335,0.55618775,0.7885132,1,1,0,0.023071289,0.022216797,25.036621,61,62,1,0,255,2,0,1782505564.5273154,144
25.038818,25.028017,0.47208098,0.5638759,0.7761841,1,1,0,0.018859863,0.022521973,25.038818,61,62,1,0,255,2,0,1782505564.5273154,144
25.034424,25.025215,0.36660653,0.5714149,0.68777466,1,1,0,0.0146484375,0.022827148,25.034424,61,62,1,0,255,2,0,1782505564.5273154,144
25.042236,25.033628,0.31477043,0.57617736,0.9859009,1,1,0,0.012573242,0.023010254,25.042236,61,62,1,0,255,2,0,1782505564.5273154,144
25.04126,25.033195,0.26128125,0.5792109,0.9293823,1,1,0,0.010437012,0.023132324,25.04126,61,62,1,0,255,2,0,1782505564.5273154,144
25.028074,25.015358,0.58793247,0.53919846,0.7940674,1,1,0,0.023498535,0.02154541,25.028076,26,63,0,0,255,2,0,1782505564.6272182,145
25.03247,25.02095,0.53611434,0.5377656,0.86776733,1,1,0,0.02142334,0.021484375,25.03247,26,63,0,0,255,2,0,1782505564.6272182,145
25.0271,25.016642,0.484086,0.5376502,1.0714722,1,1,0,0.019348145,0.021484375,25.0271,26,63,0,0,255,2,0,1782505564.6272182,145
25.032957,25.023474,0.43074444,0.5377761,1.0489502,1,1,0,0.017211914,0.021484375,25.032959,26,63,0,0,255,2,0,1782505564.6272182,145
25.03247,25.025713,0.2214858,0.5377656,0.8122864,1,1,0,0.008850098,0.021484375,25.03247,26,63,0,0,255,2,0,1782505564.6272182,145
25.030027,25.02136,0.58348954,0.30553475,0.7992859,1,1,0,0.02331543,0.012207031,25.03003,28,63,0,0,255,2,0,1782505564.6272182,145
25.03247,25.024992,0.53008854,0.30556455,0.82180786,1,1,0,0.0211792,0.012207031,25.03247,28,63,0,0,255,2,0,1782505564.6272182,145
25.031738,25.026243,0.42620832,0.3055556,0.8807678,1,1,0,0.017028809,0.012207031,25.031738,28,63,0,0,255,2,0,1782505564.6272182,145
25.0271,25.022459,0.3726765,0.305499,0.71865845,1,1,0,0.014892578,0.012207031,25.0271,28,63,0,0,255,2,0,1782505564.6272182,145
25.030762,25.019785,0.5727575,0.4705213,0.9038696,1,1,0,0.022888184,0.018798828,25.030762,29,63,1,0,255,2,0,1782505564.6272182,145
25.028809,25.018967,0.5207947,0.47048458,0.6333008,1,1,0,0.020812988,0.018798828,25.028809,29,63,1,0,255,2,0,1782505564.6272182,145
25.034424,25.025606,0.4689795,0.47059014,0.7340393,1,1,0,0.018737793,0.018798828,25.034424,29,63,1,0,255,2,0,1782505564.6272182,145
25.026367,25.018497,0.41538435,0.4704387,0.76623535,1,1,0,0.016601562,0.018798828,25.026367,29,63,1,0,255,2,0,1782505564.6272182,145
25.025146,25.018085,0.36344746,0.47041574,0.7241211,1,1,0,0.014526367,0.018798828,25.025146,29,63,1,0,255,2,0,1782505564.6272182,145
25.032959,25.026625,0.3116269,0.46903494,0.9059143,1,1,0,0.012451172,0.018737793,25.032959,29,63,1,0,255,2,0,1782505564.6272182,145
25.035156,25.032148,0.31322375,0.22920051,1.020935,1,1,0,0.012512207,0.009155273,25.035156,31,63,1,0,255,2,0,1782505564.6272182,145
25.03247,25.023151,0.5865875,0.3498687,0.83047485,1,1,0,0.0234375,0.013977051,25.03247,60,63,0,0,255,2,0,1782505564.6272182,145
25.03247,25.024303,0.53313005,0.35292414,1.0359192,1,1,0,0.02130127,0.014099121,25.03247,60,63,0,0,255,2,0,1782505564.6272182,145
25.033203,25.026154,0.481214,0.3483512,0.95706177,1,1,0,0.019226074,0.013916016,25.033203,60,63,0,0,255,2,0,1782505564.6272182,145
25.031252,25.02658,0.32384834,0.35901746,0.7914734,1,1,0,0.012939453,0.014343262,25.03125,60,63,0,0,255,2,0,1782505564.6272182,145
25.027344,25.018139,0.36650285,0.5712533,0.76416016,1,1,0,0.0146484375,0.022827148,25.027344,61,63,1,0,255,2,0,1782505564.6272182,145
25.035887,25.027826,0.26122522,0.5790866,1.0630493,1,1,0,0.010437012,0.023132324,25.035889,61,63,1,0,255,2,0,1782505564.6272182,145
25.028074,25.01948,0.3756869,0.5376712,0.8122864,1,1,0,0.015014648,0.021484375,25.028076,26,64,0,0,255,2,0,1782505564.7275488,146
25.033934,25.028387,0.42930096,0.30558243,0.98132324,1,1,0,0.017150879,0.012207031,25.033936,28,64,0,0,255,2,0,1782505564.7275488,146
25.036623,25.028673,0.4201374,0.47063145,0.7217102,1,1,0,0.016784668,0.018798828,25.036621,29,64,1,0,255,2,0,1782505564.7275488,146
25.034424,25.026712,0.577501,0.2291938,0.65179443,1,1,0,0.023071289,0.009155273,25.034424,31,64,1,0,255,2,0,1782505564.7275488,146
25.027344,25.024317,0.31465337,0.22912899,0.734375,1,1,0,0.012573242,0.009155273,25.027344,31,64,1,0,255,2,0,1782505564.7275488,146
25.029053,25.019777,0.58650845,0.34676594,0.7749939,1,1,0,0.0234375,0.0138549805,25.029053,60,64,0,0,255,2,0,1782505564.7275488,146
25.03003,25.021885,0.53307855,0.35136217,1.1052856,1,1,0,0.02130127,0.014038086,25.03003,60,64,0,0,255,2,0,1782505564.7275488,146
25.021242,25.015913,0.37563336,0.35429284,0.7619934,1,1,0,0.015014648,0.014160156,25.02124,60,64,0,0,255,2,0,1782505564.7275488,146
25.037842,25.02611,0.52399963,0.5592705,0.8244934,1,1,0,0.020935059,0.022338867,25.037842,61,64,1,0,255,2,0,1782505564.7275488,146
25.036621,25.025854,0.47204018,0.5622987,0.66516113,1,1,0,0.018859863,0.022460938,25.036621,61,64,1,0,255,2,0,1782505564.7275488,146
25.04004,25.030119,0.41863352,0.56695926,0.71450806,1,1,0,0.016723633,0.022644043,25.04004,61,64,1,0,255,2,0,1782505564.7275488,146
25.033447,25.02424,0.36659226,0.5713926,0.6816101,1,1,0,0.0146484375,0.022827148,25.033447,61,64,1,0,255,2,0,1782505564.7275488,146
25.027344,25.018776,0.3145837,0.5743076,0.71588135,1,1,0,0.012573242,0.022949219,25.027344,61,64,1,0,255,2,0,1782505564.7275488,146
25.034668,25.026642,0.26121286,0.5775308,1.0630493,1,1,0,0.010437012,0.023071289,25.034668,61,64,1,0,255,2,0,1782505564.7275488,146
25.0271,25.014416,0.58791035,0.5376502,0.8027344,1,1,0,0.023498535,0.021484375,25.0271,26,65,0,0,255,2,0,1782505564.8273392,147
25.033203,25.021715,0.5346028,0.53778136,0.7568054,1,1,0,0.021362305,0.021484375,25.033203,26,65,0,0,255,2,0,1782505564.8273392,147
25.032715,25.02597,0.2199605,0.53777087,0.8703613,1,1,0,0.0087890625,0.021484375,25.032715,26,65,0,0,255,2,0,1782505564.8273392,147
25.02905,25.021574,0.5300162,0.30552283,0.74380493,1,1,0,0.0211792,0.012207031,25.029053,28,65,0,0,255,2,0,1782505564.8273392,147
25.03125,25.024817,0.47813237,0.30554965,0.7680664,1,1,0,0.019104004,0.012207031,25.03125,28,65,0,0,255,2,0,1782505564.8273392,147
25.031494,25.026,0.42620414,0.30555263,0.72732544,1,1,0,0.017028809,0.012207031,25.031494,28,65,0,0,255,2,0,1782505564.8273392,147
25.03125,25.02661,0.3727383,0.30554965,0.70651245,1,1,0,0.014892578,0.012207031,25.03125,28,65,0,0,255,2,0,1782505564.8273392,147
25.032715,25.028793,0.3208212,0.30556753,0.70391846,1,1,0,0.012817383,0.012207031,25.032715,28,65,0,0,255,2,0,1782505564.8273392,147
25.032715,25.02942,0.26735324,0.30556753,0.7767334,1,1,0,0.010681152,0.012207031,25.032715,28,65,0,0,255,2,0,1782505564.8273392,147
25.043455,25.032473,0.57304794,0.47075993,0.85946655,1,1,0,0.022888184,0.018798828,25.043457,29,65,1,0,255,2,0,1782505564.8273392,147
25.029541,25.0197,0.5208099,0.47049835,0.868927,1,1,0,0.020812988,0.018798828,25.029541,29,65,1,0,255,2,0,1782505564.8273392,147
25.028564,25.020695,0.4154208,0.47048,0.77853394,1,1,0,0.016601562,0.018798828,25.028564,29,65,1,0,255,2,0,1782505564.8273392,147
25.029541,25.022509,0.3635117,0.4689709,0.80114746,1,1,0,0.014526367,0.018737793,25.029541,29,65,1,0,255,2,0,1782505564.8273392,147
25.032959,25.026644,0.31009942,0.46903494,0.8792114,1,1,0,0.012390137,0.018737793,25.032959,29,65,1,0,255,2,0,1782505564.8273392,147
25.025146,25.019423,0.25808305,0.46888855,0.75390625,1,1,0,0.010314941,0.018737793,25.025146,29,65,1,0,255,2,0,1782505564.8273392,147
25.031982,25.023838,0.53312016,0.3513896,0.99606323,1,1,0,0.02130127,0.014038086,25.031982,60,65,0,0,255,2,0,1782505564.8273392,147
25.032227,25.026875,0.37579796,0.35597607,0.7828064,1,1,0,0.015014648,0.014221191,25.032227,60,65,0,0,255,2,0,1782505564.8273392,147
25.034182,25.02951,0.32388625,0.35905948,0.83828735,1,1,0,0.012939453,0.014343262,25.03418,60,65,0,0,255,2,0,1782505564.8273392,147
25.032713,25.028612,0.2704002,0.36362162,0.95877075,1,1,0,0.010803223,0.014526367,25.032715,60,65,0,0,255,2,0,1782505564.8273392,147
25.027344,25.016546,0.4718646,0.5636175,0.8977051,1,1,0,0.018859863,0.022521973,25.027344,61,65,1,0,255,2,0,1782505564.8273392,147
25.021729,25.013182,0.3129864,0.57417876,0.8319702,1,1,0,0.012512207,0.022949219,25.021729,61,65,1,0,255,2,0,1782505564.8273392,147
25.034424,25.026361,0.26120993,0.57905275,0.7484436,1,1,0,0.010437012,0.023132324,25.034424,61,65,1,0,255,2,0,1782505564.8273392,147
25.03003,25.017344,0.58797914,0.53771317,0.70043945,1,1,0,0.023498535,0.021484375,25.03003,26,66,0,0,255,2,0,1782505564.9273655,148
25.031982,25.020494,0.5345768,0.53775513,0.85128784,1,1,0,0.021362305,0.021484375,25.031982,26,66,0,0,255,2,0,1782505564.9273655,148
25.033936,25.030577,0.27347726,0.30558243,0.7420654,1,1,0,0.010925293,0.012207031,25.033936,28,66,0,0,255,2,0,1782505564.9273655,148
25.033447,25.022364,0.5774006,0.4705718,0.64974976,1,1,0,0.023071289,0.018798828,25.033447,29,66,1,0,255,2,0,1782505564.9273655,148
25.032228,25.022951,0.58658284,0.34680992,1.0636597,1,1,0,0.0234375,0.0138549805,25.032227,60,66,0,0,255,2,0,1782505564.9273655,148
25.032227,25.02405,0.5346527,0.351393,0.70132446,1,1,0,0.021362305,0.014038086,25.032227,60,66,0,0,255,2,0,1782505564.9273655,148
25.033203,25.027805,0.3773399,0.35751772,0.86602783,1,1,0,0.015075684,0.014282227,25.033203,60,66,0,0,255,2,0,1782505564.9273655,148
25.032228,25.027536,0.32386068,0.36055914,1.0108032,1,1,0,0.012939453,0.014404297,25.032227,60,66,0,0,255,2,0,1782505564.9273655,148
25.032227,25.028088,0.2719223,0.36514223,1.0489502,1,1,0,0.010864258,0.014587402,25.032227,60,66,0,0,255,2,0,1782505564.9273655,148
25.043459,25.03058,0.5775902,0.5578678,0.8944092,2,2,0,0.023071289,0.022277832,25.043457,61,66,1,0,255,2,0,1782505564.9273655,148
25.041258,25.029455,0.5240697,0.5624029,0.91293335,1,1,0,0.020935059,0.022460938,25.04126,61,66,1,0,255,2,0,1782505564.9273655,148
25.01831,25.008305,0.4197955,0.5695205,0.695343,1,1,0,0.016784668,0.022766113,25.01831,61,66,1,0,255,2,0,1782505564.9273655,148
25.023926,25.014687,0.36645228,0.57270217,0.6850891,1,1,0,0.0146484375,0.022888184,25.023926,61,66,1,0,255,2,0,1782505564.9273655,148
25.027098,25.014523,0.5833301,0.5376502,0.6865845,1,1,0,0.02331543,0.021484375,25.0271,26,67,0,0,255,2,0,1782505565.0277631,149
25.031006,25.019615,0.5299747,0.53773415,0.7914734,1,1,0,0.0211792,0.021484375,25.031006,26,67,0,0,255,2,0,1782505565.0277631,149
25.021236,25.010899,0.47786647,0.53752434,0.8027344,1,1,0,0.019104004,0.021484375,25.02124,26,67,0,0,255,2,0,1782505565.0277631,149
25.032715,25.024162,0.37270185,0.53777087,0.7568054,1,1,0,0.014892578,0.021484375,25.032715,26,67,0,0,255,2,0,1782505565.0277631,149
25.028074,25.020245,0.3207116,0.5376712,0.85562134,1,1,0,0.012817383,0.021484375,25.028076,26,67,0,0,255,2,0,1782505565.0277631,149
25.031982,25.025433,0.48425612,0.3055586,0.82528687,1,1,0,0.019348145,0.012207031,25.031982,28,67,0,0,255,2,0,1782505565.0277631,149
25.033203,25.030357,0.22152689,0.3055735,0.8009949,1,1,0,0.008850098,0.012207031,25.033203,28,67,0,0,255,2,0,1782505565.0277631,149
25.023926,25.016827,0.36801085,0.4688657,0.8565979,1,1,0,0.014709473,0.018737793,25.023926,29,67,1,0,255,2,0,1782505565.0277631,149
25.035646,25.029856,0.2643021,0.46908525,0.7103882,1,1,0,0.010559082,0.018737793,25.035645,29,67,1,0,255,2,0,1782505565.0277631,149
25.028564,25.020819,0.57889295,0.22914016,0.7867737,1,1,0,0.023132324,0.009155273,25.028564,31,67,1,0,255,2,0,1782505565.0277631,149
25.031982,25.023815,0.5331197,0.35291725,0.7663269,1,1,0,0.02130127,0.014099121,25.031982,60,67,0,0,255,2,0,1782505565.0277631,149
25.03296,25.028313,0.32387072,0.35751423,0.74380493,1,1,0,0.012939453,0.014282227,25.032959,60,67,0,0,255,2,0,1782505565.0277631,149
25.0271,25.023005,0.27186707,0.36201268,0.7619934,1,1,0,0.010864258,0.014465332,25.0271,60,67,0,0,255,2,0,1782505565.0277631,149
25.02661,25.013844,0.5756765,0.5544383,0.46777344,1,1,0,0.023010254,0.022155762,25.026611,61,67,1,0,255,2,0,1782505565.0277631,149
25.025146,25.014719,0.4825214,0.53760827,0.6536255,1,1,0,0.01928711,0.021484375,25.025146,26,68,0,0,255,2,0,1782505565.1275706,150
25.031494,25.02201,0.43071923,0.53774464,1.1997681,1,1,0,0.017211914,0.021484375,25.031494,26,68,0,0,255,2,0,1782505565.1275706,150
25.031494,25.024736,0.22147715,0.53774464,0.72299194,1,1,0,0.008850098,0.021484375,25.031494,26,68,0,0,255,2,0,1782505565.1275706,150
25.03418,25.025438,0.58664113,0.3055854,0.7619934,1,1,0,0.0234375,0.012207031,25.03418,28,68,0,0,255,2,0,1782505565.1275706,150
25.026121,25.018547,0.53453517,0.30548707,0.85562134,1,1,0,0.021362305,0.012207031,25.026123,28,68,0,0,255,2,0,1782505565.1275706,150
25.032225,25.022318,0.52392024,0.47054884,0.6322632,1,1,0,0.020935059,0.018798828,25.032227,29,68,1,0,255,2,0,1782505565.1275706,150
25.034182,25.027807,0.31469727,0.4690578,0.9952698,1,1,0,0.012573242,0.018737793,25.03418,29,68,1,0,255,2,0,1782505565.1275706,150
25.03296,25.030563,0.25972584,0.2291804,0.7127991,1,1,0,0.010375977,0.009155273,25.032959,31,68,1,0,255,2,0,1782505565.1275706,150
25.032715,25.024506,0.5361905,0.35139987,0.679657,1,1,0,0.02142334,0.014038086,25.032715,60,68,0,0,255,2,0,1782505565.1275706,150
25.034182,25.027073,0.48428786,0.3483648,0.7958069,1,1,0,0.019348145,0.013916016,25.03418,60,68,0,0,255,2,0,1782505565.1275706,150
25.032227,25.026052,0.43078882,0.351393,0.71606445,1,1,0,0.017211914,0.014038086,25.032227,60,68,0,0,255,2,0,1782505565.1275706,150
25.025146,25.020437,0.3268236,0.35892993,0.7914734,1,1,0,0.013061523,0.014343262,25.025146,60,68,0,0,255,2,0,1782505565.1275706,150
25.03003,25.026363,0.22149155,0.3666377,0.7489929,1,1,0,0.008850098,0.0146484375,25.03003,60,68,0,0,255,2,0,1782505565.1275706,150
25.036621,25.023746,0.57896066,0.55618775,0.7114258,1,1,0,0.023132324,0.022216797,25.036621,61,68,1,0,255,2,0,1782505565.1275706,150
25.034426,25.024422,0.42159382,0.56835973,0.67645264,1,1,0,0.016845703,0.022705078,25.034424,61,68,1,0,255,2,0,1782505565.1275706,150
25.035645,25.026392,0.3696794,0.5714428,0.7576904,1,1,0,0.014770508,0.022827148,25.035645,61,68,1,0,255,2,0,1782505565.1275706,150
25.023924,25.015303,0.3160671,0.5757561,0.64297485,1,1,0,0.012634277,0.023010254,25.023926,61,68,1,0,255,2,0,1782505565.1275706,150
25.032957,25.024866,0.2642494,0.57901883,0.9336548,1,1,0,0.010559082,0.023132324,25.032959,61,68,1,0,255,2,0,1782505565.1275706,150
25.026123,25.017504,0.37718457,0.53762925,0.9059143,1,1,0,0.015075684,0.021484375,25.026123,26,69,0,0,255,2,0,1782505565.2270832,151
25.028076,25.021366,0.21992002,0.53614396,0.7663269,1,1,0,0.0087890625,0.02142334,25.028076,26,69,0,0,255,2,0,1782505565.2270832,151
25.041262,25.030174,0.57758087,0.47071862,0.9489136,1,1,0,0.023071289,0.018798828,25.04126,29,69,1,0,255,2,0,1782505565.2270832,151
25.038818,25.028908,0.5240582,0.47067273,0.8265686,1,1,0,0.020935059,0.018798828,25.038818,29,69,1,0,255,2,0,1782505565.2270832,151
25.041262,25.03331,0.42021525,0.47071862,0.6826477,1,1,0,0.016784668,0.018798828,25.04126,29,69,1,0,255,2,0,1782505565.2270832,151
25.033447,25.026339,0.36662298,0.4705718,0.68573,1,1,0,0.0146484375,0.018798828,25.033447,29,69,1,0,255,2,0,1782505565.2270832,151
25.036623,25.03022,0.31472757,0.47063145,0.68573,1,1,0,0.012573242,0.018798828,25.036621,29,69,1,0,255,2,0,1782505565.2270832,151
25.032715,25.024538,0.53466314,0.35139987,1.1130981,1,1,0,0.021362305,0.014038086,25.032715,60,69,0,0,255,2,0,1782505565.2270832,151
25.033201,25.026194,0.48121476,0.34529567,0.8781738,1,1,0,0.019226074,0.013793945,25.033203,60,69,0,0,255,2,0,1782505565.2270832,151
25.031252,25.025146,0.42924535,0.34832403,0.82528687,1,1,0,0.017150879,0.013916016,25.03125,60,69,0,0,255,2,0,1782505565.2270832,151
25.030031,25.025383,0.32383284,0.3574724,0.673584,1,1,0,0.012939453,0.014282227,25.03003,60,69,0,0,255,2,0,1782505565.2270832,151
25.043459,25.030682,0.57759255,0.55328333,0.7247925,1,1,0,0.023071289,0.022094727,25.043457,61,69,1,0,255,2,0,1782505565.2270832,151
25.032225,25.020529,0.5238828,0.5576176,0.6672058,1,1,0,0.020935059,0.022277832,25.032227,61,69,1,0,255,2,0,1782505565.2270832,151
25.033445,25.022715,0.47198096,0.5606999,0.72787476,1,1,0,0.018859863,0.022399902,25.033447,61,69,1,0,255,2,0,1782505565.2270832,151
25.04126,25.031347,0.42018232,0.5654589,0.8265686,1,1,0,0.016784668,0.022583008,25.04126,61,69,1,0,255,2,0,1782505565.2270832,151
25.035645,25.026506,0.36662546,0.56838745,0.7648926,1,1,0,0.0146484375,0.022705078,25.035645,61,69,1,0,255,2,0,1782505565.2270832,151
25.02075,25.01222,0.3145013,0.5726296,0.69125366,1,1,0,0.012573242,0.022888184,25.020752,61,69,1,0,255,2,0,1782505565.2270832,151
25.038816,25.030825,0.26125652,0.57609874,0.68573,1,1,0,0.010437012,0.023010254,25.038818,61,69,1,0,255,2,0,1782505565.2270832,151
25.032225,25.019575,0.5865037,0.5377604,0.8088074,1,1,0,0.0234375,0.021484375,25.032227,26,70,0,0,255,2,0,1782505565.3272758,152
25.022219,25.01662,0.43215382,0.30543938,0.82006836,1,1,0,0.01727295,0.012207031,25.022217,28,70,0,0,255,2,0,1782505565.3272758,152
25.031982,25.027983,0.32692215,0.3055586,0.9076233,1,1,0,0.013061523,0.012207031,25.031982,28,70,0,0,255,2,0,1782505565.3272758,152
25.02881,25.018839,0.52690285,0.47048458,0.68777466,1,1,0,0.021057129,0.018798828,25.028809,29,70,1,0,255,2,0,1782505565.3272758,152
25.042236,25.0333,0.47523752,0.47073698,0.8018799,1,1,0,0.018981934,0.018798828,25.042236,29,70,1,0,255,2,0,1782505565.3272758,152
25.037842,25.030716,0.3697433,0.46912643,0.75253296,1,1,0,0.014770508,0.018737793,25.037842,29,70,1,0,255,2,0,1782505565.3272758,152
25.02881,25.0224,0.31768426,0.4689572,0.66000366,1,1,0,0.0126953125,0.018737793,25.028809,29,70,1,0,255,2,0,1782505565.3272758,152
25.03784,25.030079,0.57910717,0.23075321,0.72787476,1,1,0,0.023132324,0.009216309,25.037842,31,70,1,0,255,2,0,1782505565.3272758,152
25.033445,25.026865,0.52554363,0.23071271,0.719635,1,1,0,0.020996094,0.009216309,25.033447,31,70,1,0,255,2,0,1782505565.3272758,152
25.042236,25.03669,0.4737732,0.23079371,0.763855,1,1,0,0.018920898,0.009216309,25.042236,31,70,1,0,255,2,0,1782505565.3272758,152
25.030762,25.026146,0.4216229,0.23068796,0.7312927,1,1,0,0.016845703,0.009216309,25.030762,31,70,1,0,255,2,0,1782505565.3272758,152
25.03784,25.03407,0.3682645,0.23075321,0.6548767,1,1,0,0.014709473,0.009216309,25.037842,31,70,1,0,255,2,0,1782505565.3272758,152
25.037842,25.034794,0.31631336,0.2292251,0.7586975,1,1,0,0.012634277,0.009155273,25.037842,31,70,1,0,255,2,0,1782505565.3272758,152
25.034182,25.02716,0.47970524,0.3483648,1.0914001,1,1,0,0.019165039,0.013916016,25.03418,60,70,0,0,255,2,0,1782505565.3272758,152
25.032717,25.026594,0.42774218,0.35139987,0.82873535,1,1,0,0.017089844,0.014038086,25.032715,60,70,0,0,255,2,0,1782505565.3272758,152
25.029053,25.024382,0.32229227,0.36051345,0.9145813,1,1,0,0.012878418,0.014404297,25.029053,60,70,0,0,255,2,0,1782505565.3272758,152
25.032225,25.028124,0.27039492,0.36361453,0.85562134,1,1,0,0.010803223,0.014526367,25.032227,60,70,0,0,255,2,0,1782505565.3272758,152
25.034424,25.021656,0.5743283,0.556139,0.6312256,1,1,0,0.022949219,0.022216797,25.034424,61,70,1,0,255,2,0,1782505565.3272758,152
25.029541,25.01781,0.5222982,0.5606124,0.93569946,1,1,0,0.020874023,0.022399902,25.029541,61,70,1,0,255,2,0,1782505565.3272758,152
25.036623,25.02585,0.4705121,0.56382644,0.87179565,1,1,0,0.018798828,0.022521973,25.036621,61,70,1,0,255,2,0,1782505565.3272758,152
25.040037,25.03011,0.41710526,0.5684872,0.7576904,1,1,0,0.016662598,0.022705078,25.04004,61,70,1,0,255,2,0,1782505565.3272758,152
25.035643,25.026459,0.36509693,0.5714428,0.68673706,1,1,0,0.014587402,0.022827148,25.035645,61,70,1,0,255,2,0,1782505565.3272758,152
25.036623,25.028576,0.25970522,0.5791036,0.6980591,1,1,0,0.010375977,0.023132324,25.036621,61,70,1,0,255,2,0,1782505565.3272758,152
25.030025,25.018639,0.529954,0.53771317,0.7940674,1,1,0,0.0211792,0.021484375,25.03003,26,71,0,0,255,2,0,1782505565.427708,153
25.033934,25.02359,0.47810894,0.5377971,1.0255432,1,1,0,0.019104004,0.021484375,25.033936,26,71,0,0,255,2,0,1782505565.427708,153
25.03418,25.024773,0.42618325,0.53780234,0.81399536,1,1,0,0.017028809,0.021484375,25.03418,26,71,0,0,255,2,0,1782505565.427708,153
25.02124,25.012691,0.372531,0.53752434,0.71432495,1,1,0,0.014892578,0.021484375,25.02124,26,71,0,0,255,2,0,1782505565.427708,153
25.03125,25.023417,0.32075226,0.5377394,0.664917,1,1,0,0.012817383,0.021484375,25.03125,26,71,0,0,255,2,0,1782505565.427708,153
25.032959,25.024147,0.58966726,0.3055705,0.8027344,1,1,0,0.02355957,0.012207031,25.032959,28,71,0,0,255,2,0,1782505565.427708,153
25.031738,25.025188,0.48425138,0.3055556,0.83654785,1,1,0,0.019348145,0.012207031,25.031738,28,71,0,0,255,2,0,1782505565.427708,153
25.033936,25.028362,0.43082857,0.30558243,0.7940674,1,1,0,0.017211914,0.012207031,25.033936,28,71,0,0,255,2,0,1782505565.427708,153
25.031984,25.02725,0.37885937,0.3055586,1.1373596,1,1,0,0.015136719,0.012207031,25.031982,28,71,0,0,255,2,0,1782505565.427708,153
25.03247,25.028471,0.32692853,0.30556455,0.8122864,1,1,0,0.013061523,0.012207031,25.03247,28,71,0,0,255,2,0,1782505565.427708,153
25.03247,25.029644,0.22152057,0.3040368,0.6926575,1,1,0,0.008850098,0.012145996,25.03247,28,71,0,0,255,2,0,1782505565.427708,153
25.034424,25.026478,0.42162848,0.4690624,0.7319946,1,1,0,0.016845703,0.018737793,25.034424,29,71,1,0,255,2,0,1782505565.427708,153
25.036621,25.029495,0.36972526,0.46910354,0.87179565,1,1,0,0.014770508,0.018737793,25.036621,29,71,1,0,255,2,0,1782505565.427708,153
25.036623,25.03023,0.3162557,0.46910354,0.6816101,1,1,0,0.012634277,0.018737793,25.036621,29,71,1,0,255,2,0,1782505565.427708,153
25.020752,25.014965,0.26414487,0.4688062,0.6717224,1,1,0,0.010559082,0.018737793,25.020752,29,71,1,0,255,2,0,1782505565.427708,153
25.036377,25.028736,0.5744908,0.22921169,0.9778137,1,1,0,0.022949219,0.009155273,25.036377,31,71,1,0,255,2,0,1782505565.427708,153
25.028809,25.023338,0.47046486,0.2291424,0.60964966,1,1,0,0.018798828,0.009155273,25.028809,31,71,1,0,255,2,0,1782505565.427708,153
25.030762,25.027773,0.31164122,0.22916028,0.868927,1,1,0,0.012451172,0.009155273,25.030762,31,71,1,0,255,2,0,1782505565.427708,153
25.02295,25.020554,0.25962198,0.22908875,0.83813477,1,1,0,0.010375977,0.009155273,25.02295,31,71,1,0,255,2,0,1782505565.427708,153
25.0271,25.017775,0.5895171,0.34521148,0.8009949,1,1,0,0.02355957,0.013793945,25.0271,60,71,0,0,255,2,0,1782505565.427708,153
25.02905,25.020864,0.5361125,0.34982094,0.73773193,1,1,0,0.02142334,0.013977051,25.029053,60,71,0,0,255,2,0,1782505565.427708,153
25.031252,25.024143,0.48423117,0.34832403,0.72732544,1,1,0,0.019348145,0.013916016,25.03125,60,71,0,0,255,2,0,1782505565.427708,153
25.034178,25.027956,0.43234962,0.35294822,1.0957642,1,1,0,0.01727295,0.014099121,25.03418,60,71,0,0,255,2,0,1782505565.427708,153
25.027102,25.022951,0.27492142,0.36354005,0.68310547,1,1,0,0.010986328,0.014526367,25.0271,60,71,0,0,255,2,0,1782505565.427708,153
25.02124,25.017553,0.22141358,0.36803597,0.64151,1,1,0,0.008850098,0.014709473,25.02124,60,71,0,0,255,2,0,1782505565.427708,153
25.03662,25.02479,0.52702814,0.5607709,0.71655273,1,1,0,0.021057129,0.022399902,25.036621,61,71,1,0,255,2,0,1782505565.427708,153
25.03784,25.026947,0.47511694,0.5653817,0.7607727,1,1,0,0.018981934,0.022583008,25.037842,61,71,1,0,255,2,0,1782505565.427708,153
25.037842,25.027838,0.4216514,0.56843734,0.7885132,1,1,0,0.016845703,0.022705078,25.037842,61,71,1,0,255,2,0,1782505565.427708,153
25.035646,25.026358,0.36967888,0.5729704,0.71450806,1,1,0,0.014770508,0.022888184,25.035645,61,71,1,0,255,2,0,1782505565.427708,153
25.026365,25.017725,0.3176249,0.5758123,0.6748047,1,1,0,0.0126953125,0.023010254,25.026367,61,71,1,0,255,2,0,1782505565.427708,153
25.035646,25.027517,0.2642774,0.58060867,0.7484436,1,1,0,0.010559082,0.02319336,25.035645,61,71,1,0,255,2,0,1782505565.427708,153
25.042725,25.031233,0.5348062,0.5379859,0.6994934,1,1,0,0.021362305,0.021484375,25.042725,26,72,0,0,255,2,0,1782505565.5275018,154
25.048338,25.03793,0.48144042,0.53810656,0.7992859,1,1,0,0.019226074,0.021484375,25.04834,26,72,0,0,255,2,0,1782505565.5275018,154
25.031248,25.024738,0.48118678,0.30707735,0.7472534,1,1,0,0.019226074,0.012268066,25.03125,28,72,0,0,255,2,0,1782505565.5275018,154
25.032225,25.02666,0.42927134,0.30708933,0.71951294,1,1,0,0.017150879,0.012268066,25.032227,28,72,0,0,255,2,0,1782505565.5275018,154
25.037842,25.027933,0.5240378,0.47065437,0.6836548,1,1,0,0.020935059,0.018798828,25.037842,29,72,1,0,255,2,0,1782505565.5275018,154
25.043459,25.035505,0.4202521,0.47075993,0.9067383,1,1,0,0.016784668,0.018798828,25.043457,29,72,1,0,255,2,0,1782505565.5275018,154
25.030764,25.024363,0.31465393,0.4705213,0.8710022,1,1,0,0.012573242,0.018798828,25.030762,29,72,1,0,255,2,0,1782505565.5275018,154
25.042236,25.036448,0.2613152,0.47073698,1.0023499,1,1,0,0.010437012,0.018798828,25.042236,29,72,1,0,255,2,0,1782505565.5275018,154
25.04004,25.033503,0.5241544,0.22924522,0.7885132,1,1,0,0.020935059,0.009155273,25.04004,31,72,1,0,255,2,0,1782505565.5275018,154
25.031984,25.02265,0.5881039,0.34833422,0.8851013,1,1,0,0.023498535,0.013916016,25.031982,60,72,0,0,255,2,0,1782505565.5275018,154
25.028074,25.019867,0.53609115,0.35133475,0.7940674,1,1,0,0.02142334,0.014038086,25.028076,60,72,0,0,255,2,0,1782505565.5275018,154
25.032717,25.025608,0.48425952,0.34834442,0.8088074,1,1,0,0.019348145,0.013916016,25.032715,60,72,0,0,255,2,0,1782505565.5275018,154
25.0271,25.020927,0.43070057,0.35132104,1.0653992,1,1,0,0.017211914,0.014038086,25.0271,60,72,0,0,255,2,0,1782505565.5275018,154
25.023191,25.019527,0.22143105,0.3665376,0.8027344,1,1,0,0.008850098,0.0146484375,25.023193,60,72,0,0,255,2,0,1782505565.5275018,154
25.045654,25.032774,0.5791696,0.55638844,0.87384033,1,1,0,0.023132324,0.022216797,25.045654,61,72,1,0,255,2,0,1782505565.5275018,154
25.043455,25.032623,0.47369626,0.5639804,0.7731018,1,1,0,0.018920898,0.022521973,25.043457,61,72,1,0,255,2,0,1782505565.5275018,154
25.03174,25.021738,0.4215486,0.56829876,0.9901428,1,1,0,0.016845703,0.022705078,25.031738,61,72,1,0,255,2,0,1782505565.5275018,154
25.043455,25.034224,0.36826676,0.57162106,0.836853,1,1,0,0.014709473,0.022827148,25.043457,61,72,1,0,255,2,0,1782505565.5275018,154
25.035645,25.027552,0.2642778,0.579081,0.79571533,1,1,0,0.010559082,0.023132324,25.035645,61,72,1,0,255,2,0,1782505565.5275018,154
25.03125,25.018496,0.5895341,0.5392668,0.82528687,1,1,0,0.02355957,0.02154541,25.03125,26,73,0,0,255,2,0,1782505565.6269894,155
25.033203,25.02165,0.53612936,0.5393089,0.69003296,1,1,0,0.02142334,0.02154541,25.033203,26,73,0,0,255,2,0,1782505565.6269894,155
25.032715,25.022253,0.4841946,0.53777087,0.8851013,1,1,0,0.019348145,0.021484375,25.032715,26,73,0,0,255,2,0,1782505565.6269894,155
25.032469,25.022959,0.4322633,0.5377656,0.7940674,1,1,0,0.01727295,0.021484375,25.03247,26,73,0,0,255,2,0,1782505565.6269894,155
25.034424,25.02578,0.3788371,0.5378076,0.86776733,1,1,0,0.015136719,0.021484375,25.034424,26,73,0,0,255,2,0,1782505565.6269894,155
25.034668,25.027397,0.27344254,0.5378128,0.84262085,1,1,0,0.010925293,0.021484375,25.034668,26,73,0,0,255,2,0,1782505565.6269894,155
25.034178,25.029469,0.37736496,0.3055854,0.86776733,1,1,0,0.015075684,0.012207031,25.03418,28,73,0,0,255,2,0,1782505565.6269894,155
25.046144,25.035053,0.57769346,0.4708104,1.0527344,1,1,0,0.023071289,0.018798828,25.046143,29,73,1,0,255,2,0,1782505565.6269894,155
25.030762,25.024977,0.26119548,0.4705213,0.7949829,1,1,0,0.010437012,0.018798828,25.030762,29,73,1,0,255,2,0,1782505565.6269894,155
25.034424,25.026747,0.5759735,0.2291938,0.70114136,1,1,0,0.023010254,0.009155273,25.034424,31,73,1,0,255,2,0,1782505565.6269894,155
25.035156,25.030607,0.4186417,0.22920051,0.9182434,1,1,0,0.016723633,0.009155273,25.035156,31,73,1,0,255,2,0,1782505565.6269894,155
25.031984,25.027271,0.3253851,0.36055562,0.71865845,1,1,0,0.013000488,0.014404297,25.031982,60,73,0,0,255,2,0,1782505565.6269894,155
25.030031,25.025913,0.2718987,0.3635826,0.68310547,1,1,0,0.010864258,0.014526367,25.03003,60,73,0,0,255,2,0,1782505565.6269894,155
25.030762,25.01789,0.57729745,0.557585,0.9315796,1,1,0,0.023071289,0.022277832,25.030762,61,73,1,0,255,2,0,1782505565.6269894,155
25.01953,25.00774,0.5251421,0.56038815,0.70458984,1,1,0,0.020996094,0.022399902,25.019531,61,73,1,0,255,2,0,1782505565.6269894,155
25.033445,25.022612,0.47197902,0.56528246,0.6990967,1,1,0,0.018859863,0.022583008,25.033447,61,73,1,0,255,2,0,1782505565.6269894,155
25.025146,25.015884,0.367997,0.5727301,0.7220459,1,1,0,0.014709473,0.022888184,25.025146,61,73,1,0,255,2,0,1782505565.6269894,155
25.032959,25.024847,0.26272166,0.5805464,0.93569946,1,1,0,0.010498047,0.02319336,25.032959,61,73,1,0,255,2,0,1782505565.6269894,155
25.024168,25.012718,0.5328832,0.5375873,0.7767334,1,1,0,0.02130127,0.021484375,25.02417,26,74,0,0,255,2,0,1782505565.7275937,156
25.026367,25.015322,0.57571054,0.4704387,0.8710022,1,1,0,0.023010254,0.018798828,25.026367,29,74,1,0,255,2,0,1782505565.7275937,156
25.03882,25.030895,0.41864648,0.47067273,0.6702881,1,1,0,0.016723633,0.018798828,25.038818,29,74,1,0,255,2,0,1782505565.7275937,156
25.033205,25.025047,0.53467405,0.34987894,0.9162903,1,1,0,0.021362305,0.013977051,25.033203,60,74,0,0,255,2,0,1782505565.7275937,156
25.02124,25.014236,0.4809848,0.34513068,0.69784546,1,1,0,0.019226074,0.013793945,25.02124,60,74,0,0,255,2,0,1782505565.7275937,156
25.031002,25.025671,0.3773077,0.3529035,0.8851013,1,1,0,0.015075684,0.014099121,25.031006,60,74,0,0,255,2,0,1782505565.7275937,156
25.029055,25.024406,0.3238202,0.35745844,0.72906494,1,1,0,0.012939453,0.014282227,25.029053,60,74,0,0,255,2,0,1782505565.7275937,156
25.025146,25.021074,0.27184612,0.36045718,0.8851013,1,1,0,0.010864258,0.014404297,25.025146,60,74,0,0,255,2,0,1782505565.7275937,156
25.04004,25.027231,0.577513,0.5547358,0.84506226,1,1,0,0.023071289,0.022155762,25.04004,61,74,1,0,255,2,0,1782505565.7275937,156
25.027342,25.01658,0.47186524,0.56209034,0.90179443,1,1,0,0.018859863,0.022460938,25.027344,61,74,1,0,255,2,0,1782505565.7275937,156
25.030762,25.020855,0.4200062,0.56522185,0.90179443,1,1,0,0.016784668,0.022583008,25.030762,61,74,1,0,255,2,0,1782505565.7275937,156
25.033447,25.024275,0.36659276,0.56986505,0.71450806,1,1,0,0.0146484375,0.022766113,25.033447,61,74,1,0,255,2,0,1782505565.7275937,156
25.032227,25.020706,0.5361091,0.5377604,0.83654785,1,1,0,0.02142334,0.021484375,25.032227,26,75,0,0,255,2,0,1782505565.8272963,157
25.033447,25.024672,0.5881514,0.30557647,0.9232483,1,1,0,0.023498535,0.012207031,25.033447,28,75,0,0,255,2,0,1782505565.8272963,157
25.03003,25.026688,0.2719071,0.30553475,0.6744385,1,1,0,0.010864258,0.012207031,25.03003,28,75,0,0,255,2,0,1782505565.8272963,157
25.035156,25.02407,0.57744,0.4706039,0.8483887,1,1,0,0.023071289,0.018798828,25.035156,29,75,1,0,255,2,0,1782505565.8272963,157
25.028564,25.019691,0.47192395,0.47048,0.89974976,1,1,0,0.018859863,0.018798828,25.028564,29,75,1,0,255,2,0,1782505565.8272963,157
25.023926,25.016798,0.36801043,0.4703928,0.70458984,1,1,0,0.014709473,0.018798828,25.023926,29,75,1,0,255,2,0,1782505565.8272963,157
25.035158,25.031445,0.36516964,0.22920051,0.9757385,1,1,0,0.014587402,0.009155273,25.035156,31,75,1,0,255,2,0,1782505565.8272963,157
25.033447,25.03044,0.31320235,0.22918487,0.71450806,1,1,0,0.012512207,0.009155273,25.033447,31,75,1,0,255,2,0,1782505565.8272963,157
25.031738,25.024761,0.47965926,0.34527546,0.8088074,1,1,0,0.019165039,0.013793945,25.031738,60,75,0,0,255,2,0,1782505565.8272963,157
25.034178,25.028893,0.37430027,0.35294822,0.7810669,1,1,0,0.014953613,0.014099121,25.03418,60,75,0,0,255,2,0,1782505565.8272963,157
25.03247,25.027843,0.32233685,0.35750726,0.7914734,1,1,0,0.012878418,0.014282227,25.03247,60,75,0,0,255,2,0,1782505565.8272963,157
25.031006,25.026949,0.27038223,0.36054158,0.7828064,1,1,0,0.010803223,0.014404297,25.031006,60,75,0,0,255,2,0,1782505565.8272963,157
25.03784,25.025068,0.5759349,0.5546871,0.6990967,1,1,0,0.023010254,0.022155762,25.037842,61,75,1,0,255,2,0,1782505565.8272963,157
25.041262,25.029593,0.52254415,0.55781883,0.8553467,1,1,0,0.020874023,0.022277832,25.04126,61,75,1,0,255,2,0,1782505565.8272963,157
25.042236,25.031496,0.47061825,0.5624248,0.75253296,1,1,0,0.018798828,0.022460938,25.042236,61,75,1,0,255,2,0,1782505565.8272963,157
25.04126,25.031399,0.41712672,0.5654589,0.88412476,1,1,0,0.016662598,0.022583008,25.04126,61,75,1,0,255,2,0,1782505565.8272963,157
25.034424,25.025272,0.3650796,0.5698873,0.72579956,1,1,0,0.014587402,0.022766113,25.034424,61,75,1,0,255,2,0,1782505565.8272963,157
25.030762,25.022245,0.31309983,0.57285863,0.8565979,1,1,0,0.012512207,0.022888184,25.030762,61,75,1,0,255,2,0,1782505565.8272963,157
25.030031,25.022022,0.25963724,0.5774238,0.6702881,1,1,0,0.010375977,0.023071289,25.03003,61,75,1,0,255,2,0,1782505565.8272963,157
25.033936,25.025291,0.37882972,0.5377971,0.8998413,1,1,0,0.015136719,0.021484375,25.033936,26,76,0,0,255,2,0,1782505565.9276435,158
25.033201,25.02531,0.32535958,0.53778136,0.96051025,1,1,0,0.013000488,0.021484375,25.033203,26,76,0,0,255,2,0,1782505565.9276435,158
25.032959,25.025688,0.27342385,0.5377761,0.82354736,1,1,0,0.010925293,0.021484375,25.032959,26,76,0,0,255,2,0,1782505565.9276435,158
25.033937,25.026392,0.5331745,0.30558243,0.9249573,1,1,0,0.02130127,0.012207031,25.033936,28,76,0,0,255,2,0,1782505565.9276435,158
25.032959,25.029018,0.322352,0.3055705,1.1078796,1,1,0,0.012878418,0.012207031,25.032959,28,76,0,0,255,2,0,1782505565.9276435,158
25.03247,25.029163,0.27040613,0.3040368,0.82180786,1,1,0,0.010803223,0.012145996,25.03247,28,76,0,0,255,2,0,1782505565.9276435,158
25.029543,25.019669,0.522337,0.47049835,0.8175659,1,1,0,0.020874023,0.018798828,25.029541,29,76,1,0,255,2,0,1782505565.9276435,158
25.04126,25.03244,0.47063598,0.46919048,0.8759155,1,1,0,0.018798828,0.018737793,25.04126,29,76,1,0,255,2,0,1782505565.9276435,158
25.027346,25.019453,0.41845512,0.46892974,0.9059143,1,1,0,0.016723633,0.018737793,25.027344,29,76,1,0,255,2,0,1782505565.9276435,158
25.033447,25.027689,0.2612238,0.4690441,0.72579956,1,1,0,0.010437012,0.018737793,25.033447,29,76,1,0,255,2,0,1782505565.9276435,158
25.033447,25.025736,0.57747847,0.22918487,0.6538391,1,1,0,0.023071289,0.009155273,25.033447,31,76,1,0,255,2,0,1782505565.9276435,158
25.032717,25.023396,0.5865932,0.3498721,0.8764343,1,1,0,0.0234375,0.013977051,25.032715,60,76,0,0,255,2,0,1782505565.9276435,158
25.033447,25.028116,0.37581658,0.3544657,1.0125427,1,1,0,0.015014648,0.014160156,25.033447,60,76,0,0,255,2,0,1782505565.9276435,158
25.026125,25.021454,0.323782,0.35894394,0.73773193,1,1,0,0.012939453,0.014343262,25.026123,60,76,0,0,255,2,0,1782505565.9276435,158
25.037842,25.025036,0.5759341,0.55621487,0.7720642,1,1,0,0.023010254,0.022216797,25.037842,61,76,1,0,255,2,0,1782505565.9276435,158
25.028809,25.018011,0.47189224,0.5636505,0.61169434,1,1,0,0.018859863,0.022521973,25.028809,61,76,1,0,255,2,0,1782505565.9276435,158
25.035645,25.025726,0.41856006,0.5668598,0.8039551,1,1,0,0.016723633,0.022644043,25.035645,61,76,1,0,255,2,0,1782505565.9276435,158
25.03882,25.02961,0.3666709,0.5715152,0.7319946,1,1,0,0.0146484375,0.022827148,25.038818,61,76,1,0,255,2,0,1782505565.9276435,158
25.023924,25.015358,0.3145407,0.5742292,0.7631531,1,1,0,0.012573242,0.022949219,25.023926,61,76,1,0,255,2,0,1782505565.9276435,158
25.033447,25.024015,0.42769814,0.5377866,0.8088074,1,1,0,0.017089844,0.021484375,25.033447,26,77,0,0,255,2,0,1782505566.0276246,159
25.039553,25.03081,0.586767,0.30565098,0.7168274,1,1,0,0.0234375,0.012207031,25.03955,28,77,0,0,255,2,0,1782505566.0276246,159
25.02124,25.013668,0.5344309,0.30542746,0.7732544,1,1,0,0.021362305,0.012207031,25.02124,28,77,0,0,255,2,0,1782505566.0276246,159
25.021973,25.012037,0.52523226,0.47035608,0.65075684,1,1,0,0.020996094,0.018798828,25.021973,29,77,1,0,255,2,0,1782505566.0276246,159
25.03882,25.030869,0.4201743,0.47067273,0.7998352,1,1,0,0.016784668,0.018798828,25.038818,29,77,1,0,255,2,0,1782505566.0276246,159
25.035645,25.028564,0.3666556,0.46908525,0.71655273,1,1,0,0.0146484375,0.018737793,25.035645,29,77,1,0,255,2,0,1782505566.0276246,159
25.036623,25.030249,0.31472796,0.46910354,0.68573,1,1,0,0.012573242,0.018737793,25.036621,29,77,1,0,255,2,0,1782505566.0276246,159
25.02295,25.018375,0.41996458,0.22908875,0.7569885,1,1,0,0.016784668,0.009155273,25.02295,31,77,1,0,255,2,0,1782505566.0276246,159
25.03125,25.02196,0.5880876,0.34526873,0.667511,1,1,0,0.023498535,0.013793945,25.03125,60,77,0,0,255,2,0,1782505566.0276246,159
25.03247,25.028336,0.2734528,0.36361808,0.70217896,1,1,0,0.010925293,0.014526367,25.03247,60,77,0,0,255,2,0,1782505566.0276246,159
25.033447,25.02347,0.42005008,0.56833756,0.6980591,1,1,0,0.016784668,0.022705078,25.033447,61,77,1,0,255,2,0,1782505566.0276246,159
25.031006,25.021742,0.36808315,0.57286423,0.59729004,1,1,0,0.014709473,0.022888184,25.031006,61,77,1,0,255,2,0,1782505566.0276246,159
25.038818,25.030191,0.31625518,0.57609874,0.6959839,1,1,0,0.012634277,0.023010254,25.038818,61,77,1,0,255,2,0,1782505566.0276246,159
25.035645,25.027533,0.26274985,0.58060867,0.719635,1,1,0,0.010498047,0.02319336,25.035645,61,77,1,0,255,2,0,1782505566.0276246,159
25.031982,25.020462,0.5361039,0.53775513,0.71432495,1,1,0,0.02142334,0.021484375,25.031982,26,78,0,0,255,2,0,1782505566.1275806,160
25.049316,25.040535,0.5885242,0.3057702,0.7767029,1,1,0,0.023498535,0.012207031,25.049316,28,78,0,0,255,2,0,1782505566.1275806,160
25.026121,25.022142,0.3253184,0.30548707,0.72299194,1,1,0,0.013000488,0.012207031,25.026123,28,78,0,0,255,2,0,1782505566.1275806,160
25.03882,25.027697,0.5790521,0.47067273,0.7381592,1,1,0,0.023132324,0.018798828,25.038818,29,78,1,0,255,2,0,1782505566.1275806,160
25.034668,25.024694,0.5270262,0.47059473,0.8710022,1,1,0,0.021057129,0.018798828,25.034668,29,78,1,0,255,2,0,1782505566.1275806,160
25.034424,25.02645,0.421628,0.47059014,0.6816101,1,1,0,0.016845703,0.018798828,25.034424,29,78,1,0,255,2,0,1782505566.1275806,160
25.04004,25.035515,0.41719532,0.22924522,0.77001953,1,1,0,0.016662598,0.009155273,25.04004,31,78,1,0,255,2,0,1782505566.1275806,160
25.037842,25.034128,0.36520883,0.2292251,0.8800354,1,1,0,0.014587402,0.009155273,25.037842,31,78,1,0,255,2,0,1782505566.1275806,160
25.03247,25.024282,0.53618574,0.3498687,0.71084595,1,1,0,0.02142334,0.013977051,25.03247,60,78,0,0,255,2,0,1782505566.1275806,160
25.026123,25.01995,0.4306838,0.35130733,0.87384033,1,1,0,0.017211914,0.014038086,25.026123,60,78,0,0,255,2,0,1782505566.1275806,160
25.026121,25.020725,0.3787606,0.3558893,0.74380493,1,1,0,0.015136719,0.014221191,25.026123,60,78,0,0,255,2,0,1782505566.1275806,160
25.032715,25.029049,0.22151531,0.36667705,0.71865845,1,1,0,0.008850098,0.0146484375,25.032715,60,78,0,0,255,2,0,1782505566.1275806,160
25.043457,25.030579,0.5791187,0.5563396,0.85739136,1,1,0,0.023132324,0.022216797,25.043457,61,78,1,0,255,2,0,1782505566.1275806,160
25.037842,25.02601,0.5270539,0.5607983,0.73095703,1,1,0,0.021057129,0.022399902,25.037842,61,78,1,0,255,2,0,1782505566.1275806,160
25.032957,25.02213,0.4734977,0.56374395,0.80114746,1,1,0,0.018920898,0.022521973,25.032959,61,78,1,0,255,2,0,1782505566.1275806,160
25.034424,25.02633,0.26426488,0.57905275,0.6188965,1,1,0,0.010559082,0.023132324,25.034424,61,78,1,0,255,2,0,1782505566.1275806,160
25.049314,25.03782,0.534947,0.53812754,0.68200684,1,1,0,0.021362305,0.021484375,25.049316,26,79,0,0,255,2,0,1782505566.2274964,161
25.03589,25.02794,0.42012513,0.47061768,1.1072083,1,1,0,0.016784668,0.018798828,25.035889,29,79,1,0,255,2,0,1782505566.2274964,161
25.036379,25.030848,0.47366264,0.22921169,1.1298218,1,1,0,0.018920898,0.009155273,25.036377,31,79,1,0,255,2,0,1782505566.2274964,161
25.035156,25.031399,0.36822522,0.22920051,1.1616516,1,1,0,0.014709473,0.009155273,25.035156,31,79,1,0,255,2,0,1782505566.2274964,161
25.0271,25.018934,0.53301567,0.3528484,0.8105469,1,1,0,0.02130127,0.014099121,25.0271,60,79,0,0,255,2,0,1782505566.2274964,161
25.031494,25.024496,0.47965416,0.34679976,0.7619934,1,1,0,0.019165039,0.0138549805,25.031494,60,79,0,0,255,2,0,1782505566.2274964,161
25.027098,25.021,0.4276466,0.34979364,0.85302734,1,1,0,0.017089844,0.013977051,25.0271,60,79,0,0,255,2,0,1782505566.2274964,161
25.03491,25.029602,0.3743109,0.35448644,0.7507324,1,1,0,0.014953613,0.014160156,25.034912,60,79,0,0,255,2,0,1782505566.2274964,161
25.032715,25.028635,0.27040043,0.3620939,0.7342529,1,1,0,0.010803223,0.014465332,25.032715,60,79,0,0,255,2,0,1782505566.2274964,161
25.038816,25.026045,0.57595736,0.5547087,0.66412354,1,1,0,0.023010254,0.022155762,25.038818,61,79,1,0,255,2,0,1782505566.2274964,161
25.035645,25.023945,0.5224263,0.55922145,0.6168518,1,1,0,0.020874023,0.022338867,25.035645,61,79,1,0,255,2,0,1782505566.2274964,161
25.031738,25.021004,0.470421,0.56218904,0.7693176,1,1,0,0.018798828,0.022460938,25.031738,61,79,1,0,255,2,0,1782505566.2274964,161
25.035643,25.025751,0.41703263,0.5668598,0.64974976,1,1,0,0.016662598,0.022644043,25.035645,61,79,1,0,255,2,0,1782505566.2274964,161
25.03662,25.02747,0.36511168,0.5699373,0.75460815,1,1,0,0.014587402,0.022766113,25.036621,61,79,1,0,255,2,0,1782505566.2274964,161
25.04126,25.032707,0.31323075,0.5746269,0.7463684,1,1,0,0.012512207,0.022949219,25.04126,61,79,1,0,255,2,0,1782505566.2274964,161
25.031738,25.02373,0.25965494,0.5774632,0.98498535,1,1,0,0.010375977,0.023071289,25.031738,61,79,1,0,255,2,0,1782505566.2274964,161
25.033936,25.02248,0.53309125,0.5377971,0.83828735,1,1,0,0.02130127,0.021484375,25.033936,26,80,0,0,255,2,0,1782505566.3275342,162
25.034182,25.026636,0.53317976,0.3055854,0.7914734,1,1,0,0.02130127,0.012207031,25.03418,28,80,0,0,255,2,0,1782505566.3275342,162
25.035156,25.03047,0.37585193,0.30559734,0.7568054,1,1,0,0.015014648,0.012207031,25.035156,28,80,0,0,255,2,0,1782505566.3275342,162
25.04004,25.028988,0.57602507,0.47069567,0.8162842,1,1,0,0.023010254,0.018798828,25.04004,29,80,1,0,255,2,0,1782505566.3275342,162
25.03345,25.024603,0.47048864,0.4705718,0.60964966,1,1,0,0.018798828,0.018798828,25.033447,29,80,1,0,255,2,0,1782505566.3275342,162
25.037842,25.032084,0.26126966,0.46912643,0.72888184,1,1,0,0.010437012,0.018737793,25.037842,29,80,1,0,255,2,0,1782505566.3275342,162
25.023926,25.016182,0.57878566,0.2290977,0.69433594,1,1,0,0.023132324,0.009155273,25.023926,31,80,1,0,255,2,0,1782505566.3275342,162
25.038818,25.032217,0.5271846,0.22923404,0.657959,1,1,0,0.021057129,0.009155273,25.038818,31,80,1,0,255,2,0,1782505566.3275342,162
25.041258,25.035698,0.4752831,0.22925639,0.8409424,1,1,0,0.018981934,0.009155273,25.04126,31,80,1,0,255,2,0,1782505566.3275342,162
25.035156,25.031376,0.36975303,0.22920051,1.1575623,1,1,0,0.014770508,0.009155273,25.035156,31,80,1,0,255,2,0,1782505566.3275342,162
25.03296,25.029913,0.31625167,0.2291804,1.0065613,1,1,0,0.012634277,0.009155273,25.032959,31,80,1,0,255,2,0,1782505566.3275342,162
25.031006,25.02165,0.5880804,0.34984824,0.7420654,1,1,0,0.023498535,0.013977051,25.031006,60,80,0,0,255,2,0,1782505566.3275342,162
25.033445,25.027298,0.4292823,0.35141015,0.95706177,1,1,0,0.017150879,0.014038086,25.033447,60,80,0,0,255,2,0,1782505566.3275342,162
25.042236,25.029394,0.57756287,0.5563125,0.7217102,1,1,0,0.023071289,0.022216797,25.042236,61,80,1,0,255,2,0,1782505566.3275342,162
25.03662,25.024857,0.5255015,0.55924326,0.6929016,1,1,0,0.020996094,0.022338867,25.036621,61,80,1,0,255,2,0,1782505566.3275342,162
25.038818,25.029587,0.36819857,0.5715152,0.9293823,1,1,0,0.014709473,0.022827148,25.038818,61,80,1,0,255,2,0,1782505566.3275342,162
25.034424,25.026346,0.2627374,0.57905275,0.630188,1,1,0,0.010498047,0.023132324,25.034424,61,80,1,0,255,2,0,1782505566.3275342,162
25.031982,25.019224,0.5910792,0.53775513,0.71951294,1,1,0,0.023620605,0.021484375,25.031982,26,81,0,0,255,2,0,1782505566.4273677,163
25.031248,25.019697,0.5376153,0.5377394,0.87210083,1,1,0,0.021484375,0.021484375,25.03125,26,81,0,0,255,2,0,1782505566.4273677,163
25.02905,25.018562,0.48565078,0.5376922,0.7975464,1,1,0,0.01940918,0.021484375,25.029053,26,81,0,0,255,2,0,1782505566.4273677,163
25.031494,25.021984,0.43224645,0.53774464,0.7489929,1,1,0,0.01727295,0.021484375,25.031494,26,81,0,0,255,2,0,1782505566.4273677,163
25.032225,25.023558,0.3803312,0.5377604,0.86343384,1,1,0,0.015197754,0.021484375,25.032227,26,81,0,0,255,2,0,1782505566.4273677,163
25.028074,25.020145,0.3283472,0.5376712,0.7732544,1,1,0,0.013122559,0.021484375,25.028076,26,81,0,0,255,2,0,1782505566.4273677,163
25.032228,25.02494,0.27494326,0.5377604,0.6622925,1,1,0,0.010986328,0.021484375,25.032227,26,81,0,0,255,2,0,1782505566.4273677,163
25.032715,25.025944,0.2230154,0.53777087,0.6596985,1,1,0,0.008911133,0.021484375,25.032715,26,81,0,0,255,2,0,1782505566.4273677,163
25.034424,25.0265,0.418573,0.47059014,0.68881226,1,1,0,0.016723633,0.018798828,25.034424,29,81,1,0,255,2,0,1782505566.4273677,163
25.042236,25.03586,0.31479853,0.46920878,0.763855,1,1,0,0.012573242,0.018737793,25.042236,29,81,1,0,255,2,0,1782505566.4273677,163
25.043457,25.036888,0.5257541,0.22927651,0.9489136,1,1,0,0.020996094,0.009155273,25.043457,31,81,1,0,255,2,0,1782505566.4273677,163
25.037842,25.03231,0.47369036,0.2292251,0.9088135,1,1,0,0.018920898,0.009155273,25.037842,31,81,1,0,255,2,0,1782505566.4273677,163
25.037842,25.034084,0.36826473,0.2292251,0.8121643,1,1,0,0.014709473,0.009155273,25.037842,31,81,1,0,255,2,0,1782505566.4273677,163
25.020754,25.018326,0.2626532,0.22906864,0.70150757,1,1,0,0.010498047,0.009155273,25.020752,31,81,1,0,255,2,0,1782505566.4273677,163
25.032715,25.024483,0.53619003,0.35292757,0.7862549,1,1,0,0.02142334,0.014099121,25.032715,60,81,0,0,255,2,0,1782505566.4273677,163
25.032473,25.025385,0.4842552,0.3468133,0.70739746,1,1,0,0.019348145,0.0138549805,25.03247,60,81,0,0,255,2,0,1782505566.4273677,163
25.029055,25.022902,0.43073457,0.34982094,0.71343994,1,1,0,0.017211914,0.013977051,25.029053,60,81,0,0,255,2,0,1782505566.4273677,163
25.031004,25.02565,0.37883514,0.3529035,0.7879944,1,1,0,0.015136719,0.014099121,25.031006,60,81,0,0,255,2,0,1782505566.4273677,163
25.031008,25.02632,0.32690042,0.35748634,0.7862549,1,1,0,0.013061523,0.014282227,25.031006,60,81,0,0,255,2,0,1782505566.4273677,163
25.028076,25.024433,0.22147447,0.36508167,0.6779175,1,1,0,0.008850098,0.014587402,25.028076,60,81,0,0,255,2,0,1782505566.4273677,163
25.034422,25.021582,0.5789106,0.5546114,0.63842773,1,1,0,0.023132324,0.022155762,25.034424,61,81,1,0,255,2,0,1782505566.4273677,163
25.03003,25.01827,0.5268909,0.55756867,0.67852783,1,1,0,0.021057129,0.022277832,25.03003,61,81,1,0,255,2,0,1782505566.4273677,163
25.028809,25.018017,0.47341985,0.56212324,0.68673706,1,1,0,0.018920898,0.022460938,25.028809,61,81,1,0,255,2,0,1782505566.4273677,163
25.023928,25.013962,0.42141762,0.5665944,0.829895,1,1,0,0.016845703,0.022644043,25.023926,61,81,1,0,255,2,0,1782505566.4273677,163
25.03345,25.024231,0.36964747,0.56986505,0.70114136,1,1,0,0.014770508,0.022766113,25.033447,61,81,1,0,255,2,0,1782505566.4273677,163
25.022947,25.014397,0.31605566,0.5726798,0.76623535,1,1,0,0.012634277,0.022888184,25.02295,61,81,1,0,255,2,0,1782505566.4273677,163
25.035156,25.0271,0.264273,0.57754207,1.2068481,1,1,0,0.010559082,0.023071289,25.035156,61,81,1,0,255,2,0,1782505566.4273677,163
25.028078,25.015465,0.58487964,0.5376712,0.8105469,1,1,0,0.023376465,0.021484375,25.028076,26,82,0,0,255,2,0,1782505566.5273802,164
25.032715,25.021294,0.53153807,0.53777087,0.96051025,1,1,0,0.021240234,0.021484375,25.032715,26,82,0,0,255,2,0,1782505566.5273802,164
25.032959,25.023527,0.4276898,0.5377761,0.71951294,1,1,0,0.017089844,0.021484375,25.032959,26,82,0,0,255,2,0,1782505566.5273802,164
25.031982,25.02413,0.32228902,0.53775513,0.83480835,1,1,0,0.012878418,0.021484375,25.031982,26,82,0,0,255,2,0,1782505566.5273802,164
25.034424,25.027315,0.3666373,0.47059014,0.76898193,1,1,0,0.0146484375,0.018798828,25.034424,29,82,1,0,255,2,0,1782505566.5273802,164
25.035645,25.03191,0.3667046,0.22920498,0.73095703,1,1,0,0.0146484375,0.009155273,25.035645,31,82,1,0,255,2,0,1782505566.5273802,164
25.034424,25.031416,0.31321457,0.2291938,0.7607727,1,1,0,0.012512207,0.009155273,25.034424,31,82,1,0,255,2,0,1782505566.5273802,164
25.028078,25.018873,0.5834315,0.3467524,0.84869385,1,1,0,0.02331543,0.0138549805,25.028076,60,82,0,0,255,2,0,1782505566.5273802,164
25.0271,25.01899,0.53148913,0.35132104,0.85736084,1,1,0,0.021240234,0.014038086,25.0271,60,82,0,0,255,2,0,1782505566.5273802,164
25.032957,25.02684,0.42621848,0.35293102,0.7455139,1,1,0,0.017028809,0.014099121,25.032959,60,82,0,0,255,2,0,1782505566.5273802,164
25.032715,25.027365,0.37427744,0.35751075,0.7862549,1,1,0,0.014953613,0.014282227,25.032715,60,82,0,0,255,2,0,1782505566.5273802,164
25.04834,25.043665,0.3225406,0.36079124,0.6038208,1,1,0,0.012878418,0.014404297,25.04834,60,82,0,0,255,2,0,1782505566.5273802,164
25.032715,25.028608,0.26887235,0.36514935,0.8088074,1,1,0,0.0107421875,0.014587402,25.032715,60,82,0,0,255,2,0,1782505566.5273802,164
25.042234,25.029428,0.57450676,0.5578406,0.7494507,1,1,0,0.022949219,0.022277832,25.042236,61,82,1,0,255,2,0,1782505566.5273802,164
25.035645,25.023876,0.5224249,0.5622768,0.7340393,1,1,0,0.020874023,0.022460938,25.035645,61,82,1,0,255,2,0,1782505566.5273802,164
25.029541,25.018766,0.46885133,0.56519425,0.9829407,1,1,0,0.018737793,0.022583008,25.029541,61,82,1,0,255,2,0,1782505566.5273802,164
25.040037,25.030075,0.41710466,0.57001513,0.79159546,1,1,0,0.016662598,0.022766113,25.04004,61,82,1,0,255,2,0,1782505566.5273802,164
25.034424,25.025204,0.36507863,0.57294244,0.7463684,1,1,0,0.014587402,0.022888184,25.034424,61,82,1,0,255,2,0,1782505566.5273802,164
25.025148,25.016548,0.31150144,0.57731116,0.9059143,1,1,0,0.012451172,0.023071289,25.025146,61,82,1,0,255,2,0,1782505566.5273802,164
25.028566,25.022825,0.25964555,0.4689526,0.79086304,1,1,0,0.010375977,0.018737793,25.028564,29,83,1,0,255,2,0,1782505566.6273127,165
25.040037,25.033487,0.5241541,0.23077346,0.8306885,1,1,0,0.020935059,0.009216309,25.04004,31,83,1,0,255,2,0,1782505566.6273127,165
25.042236,25.037685,0.4187601,0.22926533,0.9581604,1,1,0,0.016723633,0.009155273,25.042236,31,83,1,0,255,2,0,1782505566.6273127,165
25.025146,25.01807,0.4825861,0.3482391,0.68310547,1,1,0,0.01928711,0.013916016,25.025146,60,83,0,0,255,2,0,1782505566.6273127,165
25.025145,25.019772,0.37721875,0.3558754,0.8703613,1,1,0,0.015075684,0.014221191,25.025146,60,83,0,0,255,2,0,1782505566.6273127,165
25.02905,25.024363,0.32534727,0.35898596,0.64151,1,1,0,0.013000488,0.014343262,25.029053,60,83,0,0,255,2,0,1782505566.6273127,165
25.032225,25.028091,0.2734501,0.36361453,0.7698059,1,1,0,0.010925293,0.014526367,25.032227,60,83,0,0,255,2,0,1782505566.6273127,165
25.03003,25.019203,0.4734423,0.56367797,0.60964966,1,1,0,0.018920898,0.022521973,25.03003,61,83,1,0,255,2,0,1782505566.6273127,165
25.034424,25.024446,0.42006648,0.56835973,0.70217896,1,1,0,0.016784668,0.022705078,25.034424,61,83,1,0,255,2,0,1782505566.6273127,165
25.034422,25.025192,0.36813393,0.5714149,0.7905884,1,1,0,0.014709473,0.022827148,25.034424,61,83,1,0,255,2,0,1782505566.6273127,165
25.033445,25.02537,0.26272714,0.57903016,0.6816101,1,1,0,0.010498047,0.023132324,25.033447,61,83,1,0,255,2,0,1782505566.6273127,165
25.051268,25.038609,0.5869499,0.5381695,0.73239136,1,1,0,0.0234375,0.021484375,25.05127,26,84,0,0,255,2,0,1782505566.7272,166
25.03418,25.029493,0.37583727,0.3055854,1.1235046,1,1,0,0.015014648,0.012207031,25.03418,28,84,0,0,255,2,0,1782505566.7272,166
25.037842,25.02679,0.5759745,0.47065437,0.7494507,1,1,0,0.023010254,0.018798828,25.037842,29,84,1,0,255,2,0,1782505566.7272,166
25.04126,25.03135,0.52410936,0.47071862,0.97665405,1,1,0,0.020935059,0.018798828,25.04126,29,84,1,0,255,2,0,1782505566.7272,166
25.03467,25.025824,0.4705116,0.47059473,0.9788208,1,1,0,0.018798828,0.018798828,25.034668,29,84,1,0,255,2,0,1782505566.7272,166
25.033447,25.027065,0.31316015,0.4705718,0.65179443,1,1,0,0.012512207,0.018798828,25.033447,29,84,1,0,255,2,0,1782505566.7272,166
25.038818,25.03306,0.26127985,0.46914473,0.76898193,1,1,0,0.010437012,0.018737793,25.038818,29,84,1,0,255,2,0,1782505566.7272,166
25.036623,25.02884,0.580607,0.22921392,0.6929016,1,1,0,0.02319336,0.009155273,25.036621,31,84,1,0,255,2,0,1782505566.7272,166
25.028564,25.021952,0.52696836,0.23066771,0.9038696,1,1,0,0.021057129,0.009216309,25.028564,31,84,1,0,255,2,0,1782505566.7272,166
25.030758,25.025187,0.47508353,0.23068796,0.86276245,1,1,0,0.018981934,0.009216309,25.030762,31,84,1,0,255,2,0,1782505566.7272,166
25.023926,25.02086,0.3176647,0.2290977,0.7569885,1,1,0,0.0126953125,0.009155273,25.023926,31,84,1,0,255,2,0,1782505566.7272,166
25.033934,25.024656,0.58662283,0.3468336,0.85910034,1,1,0,0.0234375,0.0138549805,25.033936,60,84,0,0,255,2,0,1782505566.7272,166
25.032715,25.025642,0.48120418,0.3498721,0.6545105,1,1,0,0.019226074,0.013977051,25.032715,60,84,0,0,255,2,0,1782505566.7272,166
25.03247,25.0263,0.42926517,0.35292414,1.0194702,1,1,0,0.017150879,0.014099121,25.03247,60,84,0,0,255,2,0,1782505566.7272,166
25.028809,25.015974,0.57572556,0.5575415,0.613739,1,1,0,0.023010254,0.022277832,25.028809,61,84,1,0,255,2,0,1782505566.7272,166
25.03442,25.022623,0.5239267,0.56224936,0.6548767,1,1,0,0.020935059,0.022460938,25.034424,61,84,1,0,255,2,0,1782505566.7272,166
25.041258,25.03042,0.47212633,0.5654589,0.8656311,1,1,0,0.018859863,0.022583008,25.04126,61,84,1,0,255,2,0,1782505566.7272,166
25.037842,25.027853,0.4185956,0.5699651,0.7586975,1,1,0,0.016723633,0.022766113,25.037842,61,84,1,0,255,2,0,1782505566.7272,166
25.031004,25.021763,0.36655596,0.57286423,0.77822876,1,1,0,0.0146484375,0.022888184,25.031006,61,84,1,0,255,2,0,1782505566.7272,166
25.030762,25.022121,0.31462577,0.5774407,0.79086304,1,1,0,0.012573242,0.023071289,25.030762,61,84,1,0,255,2,0,1782505566.7272,166
25.033447,25.02535,0.26119938,0.5805577,0.9046936,1,1,0,0.010437012,0.02319336,25.033447,61,84,1,0,255,2,0,1782505566.7272,166
25.033445,25.020763,0.5865316,0.53931415,0.7940674,1,1,0,0.0234375,0.02154541,25.033447,26,85,0,0,255,2,0,1782505566.827435,167
25.033936,25.022448,0.5346185,0.5377971,0.85302734,1,1,0,0.021362305,0.021484375,25.033936,26,85,0,0,255,2,0,1782505566.827435,167
25.028074,25.019373,0.5849711,0.3055109,0.7914734,1,1,0,0.023376465,0.012207031,25.028076,28,85,0,0,255,2,0,1782505566.827435,167
25.04004,25.03016,0.52255607,0.47069567,0.869751,1,1,0,0.020874023,0.018798828,25.04004,29,85,1,0,255,2,0,1782505566.827435,167
25.041262,25.032413,0.47063547,0.47071862,0.9951782,1,1,0,0.018798828,0.018798828,25.04126,29,85,1,0,255,2,0,1782505566.827435,167
25.033447,25.025578,0.41702974,0.4690441,0.68981934,1,1,0,0.016662598,0.018737793,25.033447,29,85,1,0,255,2,0,1782505566.827435,167
25.031738,25.025404,0.3116117,0.46901208,0.82373047,1,1,0,0.012451172,0.018737793,25.031738,29,85,1,0,255,2,0,1782505566.827435,167
25.034424,25.028683,0.25970635,0.4690624,0.70114136,1,1,0,0.010375977,0.018737793,25.034424,29,85,1,0,255,2,0,1782505566.827435,167
25.04004,25.03236,0.5761027,0.22924522,0.8779602,1,1,0,0.023010254,0.009155273,25.04004,31,85,1,0,255,2,0,1782505566.827435,167
25.03467,25.029167,0.47210264,0.22919604,0.82580566,1,1,0,0.018859863,0.009155273,25.034668,31,85,1,0,255,2,0,1782505566.827435,167
25.043457,25.038906,0.4187805,0.22927651,0.8430176,1,1,0,0.016723633,0.009155273,25.043457,31,85,1,0,255,2,0,1782505566.827435,167
25.035646,25.033232,0.26128164,0.22920498,0.7114258,1,1,0,0.010437012,0.009155273,25.035645,31,85,1,0,255,2,0,1782505566.827435,167
25.043455,25.034168,0.58531696,0.35002226,0.7012329,1,1,0,0.023376465,0.013977051,25.043457,60,85,0,0,255,2,0,1782505566.827435,167
25.028076,25.01989,0.533036,0.35438964,0.8825073,1,1,0,0.02130127,0.014160156,25.028076,60,85,0,0,255,2,0,1782505566.827435,167
25.025148,25.01813,0.47953212,0.3482391,0.7325134,1,1,0,0.019165039,0.013916016,25.025146,60,85,0,0,255,2,0,1782505566.827435,167
25.026121,25.020002,0.42762956,0.35130733,0.82528687,1,1,0,0.017089844,0.014038086,25.026123,60,85,0,0,255,2,0,1782505566.827435,167
25.031982,25.02663,0.3757943,0.35597262,0.8088074,1,1,0,0.015014648,0.014221191,25.031982,60,85,0,0,255,2,0,1782505566.827435,167
25.026121,25.021473,0.3222548,0.35894394,0.71606445,1,1,0,0.012878418,0.014343262,25.026123,60,85,0,0,255,2,0,1782505566.827435,167
25.04004,25.027231,0.57598466,0.5562637,0.7371216,1,1,0,0.023010254,0.022216797,25.04004,61,85,1,0,255,2,0,1782505566.827435,167
25.034424,25.025238,0.36507913,0.5714149,0.66516113,1,1,0,0.014587402,0.022827148,25.034424,61,85,1,0,255,2,0,1782505566.827435,167
25.032957,25.024372,0.31312644,0.5759639,0.86483765,1,1,0,0.012512207,0.023010254,25.032959,61,85,1,0,255,2,0,1782505566.827435,167
25.030762,25.022718,0.25964445,0.57896805,0.91000366,1,1,0,0.010375977,0.023132324,25.030762,61,85,1,0,255,2,0,1782505566.827435,167
25.031738,25.02228,0.4291962,0.5377499,1.0419922,1,1,0,0.017150879,0.021484375,25.031738,26,86,0,0,255,2,0,1782505566.9274054,168
25.034668,25.02912,0.42931354,0.30559137,0.82702637,1,1,0,0.017150879,0.012207031,25.034668,28,86,0,0,255,2,0,1782505566.9274054,168
25.032959,25.028978,0.32540727,0.3055705,0.7992859,1,1,0,0.013000488,0.012207031,25.032959,28,86,0,0,255,2,0,1782505566.9274054,168
25.02905,25.02622,0.21996269,0.30552283,0.71258545,1,1,0,0.0087890625,0.012207031,25.029053,28,86,0,0,255,2,0,1782505566.9274054,168
25.03882,25.028877,0.5255859,0.47067273,0.93963623,1,1,0,0.020996094,0.018798828,25.038818,29,86,1,0,255,2,0,1782505566.9274054,168
25.035156,25.028053,0.368176,0.4690761,0.92440796,1,1,0,0.014709473,0.018737793,25.035156,29,86,1,0,255,2,0,1782505566.9274054,168
25.034422,25.026697,0.57750064,0.23072171,0.71347046,1,1,0,0.023071289,0.009216309,25.034424,31,86,1,0,255,2,0,1782505566.9274054,168
25.04004,25.035463,0.4202514,0.22924522,0.77926636,1,1,0,0.016784668,0.009155273,25.04004,31,86,1,0,255,2,0,1782505566.9274054,168
25.038818,25.03506,0.3682791,0.22923404,0.7885132,1,1,0,0.014709473,0.009155273,25.038818,31,86,1,0,255,2,0,1782505566.9274054,168
25.031982,25.023891,0.5346493,0.34527883,0.83828735,1,1,0,0.021362305,0.013793945,25.031982,60,86,0,0,255,2,0,1782505566.9274054,168
25.028076,25.02268,0.3772626,0.35744452,0.7698059,1,1,0,0.015075684,0.014282227,25.028076,60,86,0,0,255,2,0,1782505566.9274054,168
25.0271,25.022388,0.3253216,0.36048532,0.7732544,1,1,0,0.013000488,0.014404297,25.0271,60,86,0,0,255,2,0,1782505566.9274054,168
25.032473,25.028332,0.27192494,0.36514577,0.96484375,1,1,0,0.010864258,0.014587402,25.03247,60,86,0,0,255,2,0,1782505566.9274054,168
25.035645,25.023813,0.52547956,0.5622768,0.7607727,1,1,0,0.020996094,0.022460938,25.035645,61,86,1,0,255,2,0,1782505566.9274054,168
25.035154,25.025143,0.42007816,0.56990397,1.0651245,1,1,0,0.016784668,0.022766113,25.035156,61,86,1,0,255,2,0,1782505566.9274054,168
25.023924,25.015287,0.31453985,0.577283,0.8607178,1,1,0,0.012573242,0.023071289,25.023926,61,86,1,0,255,2,0,1782505566.9274054,168
25.0271,25.01568,0.53141886,0.5376502,0.7637329,1,1,0,0.021240234,0.021484375,25.0271,26,87,0,0,255,2,0,1782505567.0273378,169
25.032225,25.021852,0.4796035,0.5377604,0.7810669,1,1,0,0.019165039,0.021484375,25.032227,26,87,0,0,255,2,0,1782505567.0273378,169
25.031248,25.02372,0.5315896,0.30707735,1.1399536,1,1,0,0.021240234,0.012268066,25.03125,28,87,0,0,255,2,0,1782505567.0273378,169
25.03003,25.023548,0.479636,0.30706236,0.7810669,1,1,0,0.019165039,0.012268066,25.03003,28,87,0,0,255,2,0,1782505567.0273378,169
25.028074,25.02475,0.27035847,0.3055109,0.8070679,1,1,0,0.010803223,0.012207031,25.028076,28,87,0,0,255,2,0,1782505567.0273378,169
25.021729,25.011858,0.52217394,0.4703515,0.7723999,1,1,0,0.020874023,0.018798828,25.021729,29,87,1,0,255,2,0,1782505567.0273378,169
25.04004,25.032951,0.36519167,0.47069567,0.8244934,1,1,0,0.014587402,0.018798828,25.04004,29,87,1,0,255,2,0,1782505567.0273378,169
25.030762,25.024382,0.31312656,0.4705213,0.8956299,1,1,0,0.012512207,0.018798828,25.030762,29,87,1,0,255,2,0,1782505567.0273378,169
25.035646,25.029875,0.25971872,0.4706131,0.7217102,1,1,0,0.010375977,0.018798828,25.035645,29,87,1,0,255,2,0,1782505567.0273378,169
25.042236,25.034508,0.5776809,0.23079371,1.0568542,1,1,0,0.023071289,0.009216309,25.042236,31,87,1,0,255,2,0,1782505567.0273378,169
25.038816,25.032267,0.52412856,0.23076221,0.7905884,1,1,0,0.020935059,0.009216309,25.038818,31,87,1,0,255,2,0,1782505567.0273378,169
25.04126,25.036709,0.41874376,0.22925639,0.8882446,1,1,0,0.016723633,0.009155273,25.04126,31,87,1,0,255,2,0,1782505567.0273378,169
25.02124,25.014166,0.48251075,0.34818473,0.6839905,1,1,0,0.01928711,0.013916016,25.02124,60,87,0,0,255,2,0,1782505567.0273378,169
25.03247,25.026274,0.43079263,0.35292414,0.7828064,1,1,0,0.017211914,0.014099121,25.03247,60,87,0,0,255,2,0,1782505567.0273378,169
25.031738,25.026361,0.3773181,0.35596913,0.8088074,1,1,0,0.015075684,0.014221191,25.031738,60,87,0,0,255,2,0,1782505567.0273378,169
25.032715,25.028004,0.3253946,0.36056617,0.82006836,1,1,0,0.013000488,0.014404297,25.032715,60,87,0,0,255,2,0,1782505567.0273378,169
25.028078,25.023943,0.2734048,0.36355424,0.661438,1,1,0,0.010925293,0.014526367,25.028076,60,87,0,0,255,2,0,1782505567.0273378,169
25.037842,25.024933,0.57898813,0.5577427,0.8388977,1,1,0,0.023132324,0.022277832,25.037842,61,87,1,0,255,2,0,1782505567.0273378,169
25.041258,25.029459,0.5255981,0.5608749,0.9550781,1,1,0,0.020996094,0.022399902,25.04126,61,87,1,0,255,2,0,1782505567.0273378,169
25.036621,25.025757,0.47356632,0.5653541,0.76898193,1,1,0,0.018920898,0.022583008,25.036621,61,87,1,0,255,2,0,1782505567.0273378,169
25.042236,25.032255,0.42019755,0.5685371,0.7751465,1,1,0,0.016784668,0.022705078,25.042236,61,87,1,0,255,2,0,1782505567.0273378,169
25.040037,25.030771,0.368216,0.57307094,0.9560852,1,1,0,0.014709473,0.022888184,25.04004,61,87,1,0,255,2,0,1782505567.0273378,169
25.043455,25.034828,0.3163138,0.57620543,0.7751465,1,1,0,0.012634277,0.023010254,25.043457,61,87,1,0,255,2,0,1782505567.0273378,169
25.027102,25.015583,0.5359993,0.5376502,0.8703613,1,1,0,0.02142334,0.021484375,25.0271,26,88,0,0,255,2,0,1782505567.1276991,170
25.027098,25.020357,0.21991116,0.5376502,0.6336975,1,1,0,0.0087890625,0.021484375,25.0271,26,88,0,0,255,2,0,1782505567.1276991,170
25.026121,25.018528,0.53453475,0.30701444,0.96743774,1,1,0,0.021362305,0.012268066,25.026123,28,88,0,0,255,2,0,1782505567.1276991,170
25.03003,25.02352,0.48116332,0.30706236,0.7342529,1,1,0,0.019226074,0.012268066,25.03003,28,88,0,0,255,2,0,1782505567.1276991,170
25.023926,25.01682,0.36648354,0.4703928,0.6974182,1,1,0,0.0146484375,0.018798828,25.023926,29,88,1,0,255,2,0,1782505567.1276991,170
25.033447,25.02766,0.2612235,0.4705718,0.6445923,1,1,0,0.010437012,0.018798828,25.033447,29,88,1,0,255,2,0,1782505567.1276991,170
25.04126,25.033546,0.57765865,0.22925639,0.74020386,1,1,0,0.023071289,0.009155273,25.04126,31,88,1,0,255,2,0,1782505567.1276991,170
25.042236,25.036734,0.4722454,0.22926533,0.7217102,1,1,0,0.018859863,0.009155273,25.042236,31,88,1,0,255,2,0,1782505567.1276991,170
25.035156,25.032728,0.26280442,0.22920051,1.1421509,1,1,0,0.010498047,0.009155273,25.035156,31,88,1,0,255,2,0,1782505567.1276991,170
25.03003,25.021885,0.53613436,0.34677947,0.7307739,1,1,0,0.02142334,0.0138549805,25.03003,60,88,0,0,255,2,0,1782505567.1276991,170
25.025146,25.02099,0.27337253,0.36503893,0.7568054,1,1,0,0.010925293,0.014587402,25.025146,60,88,0,0,255,2,0,1782505567.1276991,170
25.032227,25.028515,0.22151059,0.36972526,0.69351196,1,1,0,0.008850098,0.014770508,25.032227,60,88,0,0,255,2,0,1782505567.1276991,170
25.035643,25.023779,0.52700686,0.5622768,0.74328613,1,1,0,0.021057129,0.022460938,25.035645,61,88,1,0,255,2,0,1782505567.1276991,170
25.038818,25.028778,0.42166725,0.5699873,0.7103882,1,1,0,0.016845703,0.022766113,25.038818,61,88,1,0,255,2,0,1782505567.1276991,170
25.042236,25.032934,0.3682478,0.57464933,0.76898193,1,1,0,0.014709473,0.022949219,25.042236,61,88,1,0,255,2,0,1782505567.1276991,170
25.032959,25.0243,0.31618077,0.5774914,0.78060913,1,1,0,0.012634277,0.023071289,25.032959,61,88,1,0,255,2,0,1782505567.1276991,170
25.026367,25.018208,0.2641791,0.58192056,0.8442688,1,1,0,0.010559082,0.023254395,25.026367,61,88,1,0,255,2,0,1782505567.1276991,170
25.028076,25.015429,0.58640647,0.5376712,0.84695435,1,1,0,0.0234375,0.021484375,25.028076,26,89,0,0,255,2,0,1782505567.2271743,171
25.034912,25.023457,0.533112,0.5378181,0.86776733,1,1,0,0.02130127,0.021484375,25.034912,26,89,0,0,255,2,0,1782505567.2271743,171
25.033447,25.03042,0.3147301,0.22918487,0.69189453,1,1,0,0.012573242,0.009155273,25.033447,31,89,1,0,255,2,0,1782505567.2271743,171
25.031006,25.022894,0.53462803,0.346793,0.7342529,1,1,0,0.021362305,0.0138549805,25.031006,60,89,0,0,255,2,0,1782505567.2271743,171
25.032225,25.025154,0.4811948,0.3498653,0.84436035,1,1,0,0.019226074,0.013977051,25.032227,60,89,0,0,255,2,0,1782505567.2271743,171
25.03247,25.027098,0.3758013,0.35750726,0.71865845,1,1,0,0.015014648,0.014282227,25.03247,60,89,0,0,255,2,0,1782505567.2271743,171
25.03003,25.018232,0.5238347,0.56215066,0.4595337,1,1,0,0.020935059,0.022460938,25.03003,61,89,1,0,255,2,0,1782505567.2271743,171
25.035887,25.0259,0.41856295,0.56992066,0.9295349,1,1,0,0.016723633,0.022766113,25.035889,61,89,1,0,255,2,0,1782505567.2271743,171
25.04004,25.03076,0.36668774,0.5745989,0.7319946,1,1,0,0.0146484375,0.022949219,25.04004,61,89,1,0,255,2,0,1782505567.2271743,171
25.030031,25.02139,0.3146166,0.5774238,0.62197876,1,1,0,0.012573242,0.023071289,25.03003,61,89,1,0,255,2,0,1782505567.2271743,171
25.042236,25.034138,0.2612911,0.58076155,0.8759155,1,1,0,0.010437012,0.02319336,25.042236,61,89,1,0,255,2,0,1782505567.2271743,171
25.026125,25.013512,0.584834,0.53762925,0.8027344,1,1,0,0.023376465,0.021484375,25.026123,26,90,0,0,255,2,0,1782505567.3276005,172
25.046385,25.037806,0.37443358,0.5380646,0.71502686,1,1,0,0.014953613,0.021484375,25.046387,26,90,0,0,255,2,0,1782505567.3276005,172
25.02417,25.016935,0.270274,0.5375873,0.6596985,1,1,0,0.010803223,0.021484375,25.02417,26,90,0,0,255,2,0,1782505567.3276005,172
25.031006,25.02341,0.53463906,0.30707434,0.7472534,1,1,0,0.021362305,0.012268066,25.031006,28,90,0,0,255,2,0,1782505567.3276005,172
25.030762,25.020855,0.52388966,0.4705213,0.8093567,1,1,0,0.020935059,0.018798828,25.030762,29,90,1,0,255,2,0,1782505567.3276005,172
25.043455,25.034578,0.47220474,0.47075993,0.8101196,1,1,0,0.018859863,0.018798828,25.043457,29,90,1,0,255,2,0,1782505567.3276005,172
25.02173,25.01381,0.41836074,0.4703515,0.8196411,1,1,0,0.016723633,0.018798828,25.021729,29,90,1,0,255,2,0,1782505567.3276005,172
25.028809,25.021702,0.36655506,0.47048458,0.68881226,1,1,0,0.0146484375,0.018798828,25.028809,29,90,1,0,255,2,0,1782505567.3276005,172
25.02881,25.02241,0.31462938,0.47048458,0.66619873,1,1,0,0.012573242,0.018798828,25.028809,29,90,1,0,255,2,0,1782505567.3276005,172
25.03076,25.025217,0.4735561,0.23068796,0.75390625,1,1,0,0.018920898,0.009216309,25.030762,31,90,1,0,255,2,0,1782505567.3276005,172
25.029541,25.024952,0.42007494,0.23067671,0.72720337,1,1,0,0.016784668,0.009216309,25.029541,31,90,1,0,255,2,0,1782505567.3276005,172
25.04126,25.03823,0.31482834,0.22925639,0.8882446,1,1,0,0.012573242,0.009155273,25.04126,31,90,1,0,255,2,0,1782505567.3276005,172
25.034426,25.031996,0.26279673,0.2291938,0.68573,1,1,0,0.010498047,0.009155273,25.034424,31,90,1,0,255,2,0,1782505567.3276005,172
25.032227,25.022964,0.58505505,0.34833762,0.8703613,1,1,0,0.023376465,0.013916016,25.032227,60,90,0,0,255,2,0,1782505567.3276005,172
25.033205,25.02908,0.27040523,0.36515647,0.8911743,1,1,0,0.010803223,0.014587402,25.033203,60,90,0,0,255,2,0,1782505567.3276005,172
25.03662,25.024853,0.52244526,0.5622987,0.7875061,1,1,0,0.020874023,0.022460938,25.036621,61,90,1,0,255,2,0,1782505567.3276005,172
25.037842,25.027,0.47053373,0.5669095,0.84713745,1,1,0,0.018798828,0.022644043,25.037842,61,90,1,0,255,2,0,1782505567.3276005,172
25.04004,25.03005,0.41863236,0.57001513,0.77001953,1,1,0,0.016723633,0.022766113,25.04004,61,90,1,0,255,2,0,1782505567.3276005,172
25.04004,25.030783,0.36516,0.5745989,0.7463684,1,1,0,0.014587402,0.022949219,25.04004,61,90,1,0,255,2,0,1782505567.3276005,172
25.033934,25.022512,0.531564,0.5377971,0.8868408,1,1,0,0.021240234,0.021484375,25.033936,26,91,0,0,255,2,0,1782505567.4277592,173
25.041504,25.031128,0.47978127,0.5379597,0.7428894,1,1,0,0.019165039,0.021484375,25.041504,26,91,0,0,255,2,0,1782505567.4277592,173
25.03003,25.022808,0.26881003,0.53771317,0.7767334,1,1,0,0.0107421875,0.021484375,25.03003,26,91,0,0,255,2,0,1782505567.4277592,173
25.032959,25.027386,0.43081176,0.3055705,0.94143677,1,1,0,0.017211914,0.012207031,25.032959,28,91,0,0,255,2,0,1782505567.4277592,173
25.033447,25.029467,0.3254136,0.30557647,1.0914001,1,1,0,0.013000488,0.012207031,25.033447,28,91,0,0,255,2,0,1782505567.4277592,173
25.036865,25.026924,0.5255449,0.47063604,1.0558777,1,1,0,0.020996094,0.018798828,25.036865,29,91,1,0,255,2,0,1782505567.4277592,173
25.04004,25.03209,0.42019477,0.47069567,0.76898193,1,1,0,0.016784668,0.018798828,25.04004,29,91,1,0,255,2,0,1782505567.4277592,173
25.03882,25.031715,0.3682299,0.46914473,0.763855,1,1,0,0.014709473,0.018737793,25.038818,29,91,1,0,255,2,0,1782505567.4277592,173
25.041258,25.033566,0.5761304,0.23078471,0.7905884,1,1,0,0.023010254,0.009216309,25.04126,31,91,1,0,255,2,0,1782505567.4277592,173
25.03662,25.03007,0.52408254,0.23074196,0.79367065,1,1,0,0.020935059,0.009216309,25.036621,31,91,1,0,255,2,0,1782505567.4277592,173
25.031982,25.025835,0.42925718,0.3513896,0.8122864,1,1,0,0.017150879,0.014038086,25.031982,60,91,0,0,255,2,0,1782505567.4277592,173
25.021238,25.015865,0.37715986,0.35581985,0.6285095,1,1,0,0.015075684,0.014221191,25.02124,60,91,0,0,255,2,0,1782505567.4277592,173
25.0271,25.023447,0.21993832,0.3665948,0.7472534,1,1,0,0.0087890625,0.0146484375,25.0271,60,91,0,0,255,2,0,1782505567.4277592,173
25.035645,25.022806,0.5774108,0.5561661,0.8039551,1,1,0,0.023071289,0.022216797,25.035645,61,91,1,0,255,2,0,1782505567.4277592,173
25.042234,25.030436,0.5256186,0.5608967,0.82040405,1,1,0,0.020996094,0.022399902,25.042236,61,91,1,0,255,2,0,1782505567.4277592,173
25.030762,25.021534,0.3680801,0.5713313,0.80319214,1,1,0,0.014709473,0.022827148,25.030762,61,91,1,0,255,2,0,1782505567.4277592,173
25.034424,25.025818,0.31467223,0.57599765,0.6805725,1,1,0,0.012573242,0.023010254,25.034424,61,91,1,0,255,2,0,1782505567.4277592,173
25.052246,25.039585,0.5869728,0.5381905,0.7897339,1,1,0,0.0234375,0.021484375,25.052246,26,92,0,0,255,2,0,1782505567.5273085,174
25.033203,25.024498,0.5850909,0.3055735,1.0914001,1,1,0,0.023376465,0.012207031,25.033203,28,92,0,0,255,2,0,1782505567.5273085,174
25.029543,25.021646,0.4169642,0.47049835,0.88742065,1,1,0,0.016662598,0.018798828,25.029541,29,92,1,0,255,2,0,1782505567.5273085,174
25.03882,25.032465,0.3132277,0.46914473,0.75561523,1,1,0,0.012512207,0.018737793,25.038818,29,92,1,0,255,2,0,1782505567.5273085,174
25.034178,25.026453,0.577495,0.23071946,0.87509155,1,1,0,0.023071289,0.009216309,25.03418,31,92,1,0,255,2,0,1782505567.5273085,174
25.028809,25.024235,0.42006293,0.2291424,0.60040283,1,1,0,0.016784668,0.009155273,25.028809,31,92,1,0,255,2,0,1782505567.5273085,174
25.029541,25.026495,0.31620848,0.2291491,0.868927,1,1,0,0.012634277,0.009155273,25.029541,31,92,1,0,255,2,0,1782505567.5273085,174
25.025146,25.018099,0.4810591,0.3482391,0.6718445,1,1,0,0.019226074,0.013916016,25.025146,60,92,0,0,255,2,0,1782505567.5273085,174
25.024168,25.018023,0.4291232,0.3512799,0.95269775,1,1,0,0.017150879,0.014038086,25.02417,60,92,0,0,255,2,0,1782505567.5273085,174
25.028078,25.02396,0.27187747,0.36355424,0.71343994,1,1,0,0.010864258,0.014526367,25.028076,60,92,0,0,255,2,0,1782505567.5273085,174
25.033203,25.02955,0.21999197,0.3666842,0.7533264,1,1,0,0.0087890625,0.0146484375,25.033203,60,92,0,0,255,2,0,1782505567.5273085,174
25.037842,25.025002,0.57746154,0.55621487,0.67337036,1,1,0,0.023071289,0.022216797,25.037842,61,92,1,0,255,2,0,1782505567.5273085,174
25.034424,25.023623,0.4719981,0.56377697,0.6188965,1,1,0,0.018859863,0.022521973,25.034424,61,92,1,0,255,2,0,1782505567.5273085,174
25.033447,25.023504,0.42005065,0.56681,0.7761841,1,1,0,0.016784668,0.022644043,25.033447,61,92,1,0,255,2,0,1782505567.5273085,174
25.04004,25.03083,0.3666888,0.57154304,0.7761841,1,1,0,0.0146484375,0.022827148,25.04004,61,92,1,0,255,2,0,1782505567.5273085,174
25.038818,25.03074,0.26278353,0.5791544,0.80599976,1,1,0,0.010498047,0.023132324,25.038818,61,92,1,0,255,2,0,1782505567.5273085,174
25.031494,25.02004,0.5330392,0.53774464,0.7914734,1,1,0,0.02130127,0.021484375,25.031494,26,93,0,0,255,2,0,1782505567.627638,175
25.028076,25.018646,0.42760637,0.5376712,0.70043945,1,1,0,0.017089844,0.021484375,25.028076,26,93,0,0,255,2,0,1782505567.627638,175
25.04834,25.03956,0.5885013,0.30575827,0.66638184,1,1,0,0.023498535,0.012207031,25.04834,28,93,0,0,255,2,0,1782505567.627638,175
25.034666,25.024727,0.52549875,0.47059473,0.9942322,1,1,0,0.020996094,0.018798828,25.034668,29,93,1,0,255,2,0,1782505567.627638,175
25.031006,25.022133,0.47197,0.4705259,0.7463684,1,1,0,0.018859863,0.018798828,25.031006,29,93,1,0,255,2,0,1782505567.627638,175
25.036621,25.02949,0.36819714,0.47063145,0.70422363,1,1,0,0.014709473,0.018798828,25.036621,29,93,1,0,255,2,0,1782505567.627638,175
25.028809,25.021063,0.5788986,0.2291424,0.6836548,1,1,0,0.023132324,0.009155273,25.028809,31,93,1,0,255,2,0,1782505567.627638,175
25.036623,25.03202,0.42172185,0.22921392,0.82244873,1,1,0,0.016845703,0.009155273,25.036621,31,93,1,0,255,2,0,1782505567.627638,175
25.020264,25.015594,0.32370618,0.3588599,0.6510315,1,1,0,0.012939453,0.014343262,25.020264,60,93,0,0,255,2,0,1782505567.627638,175
25.031006,25.027353,0.21997266,0.366652,0.7767334,1,1,0,0.0087890625,0.0146484375,25.031006,60,93,0,0,255,2,0,1782505567.627638,175
25.03003,25.018269,0.52536315,0.55909604,0.6322632,1,1,0,0.020996094,0.022338867,25.03003,61,93,1,0,255,2,0,1782505567.627638,175
25.045652,25.03485,0.47220984,0.5640299,0.8964844,1,1,0,0.018859863,0.022521973,25.045654,61,93,1,0,255,2,0,1782505567.627638,175
25.034424,25.02448,0.42006704,0.5668321,0.7617798,1,1,0,0.016784668,0.022644043,25.034424,61,93,1,0,255,2,0,1782505567.627638,175
25.036621,25.028543,0.26276046,0.5791036,0.7607727,1,1,0,0.010498047,0.023132324,25.036621,61,93,1,0,255,2,0,1782505567.627638,175
25.028078,25.020857,0.27184373,0.53614396,0.72732544,1,1,0,0.010864258,0.02142334,25.028076,26,94,0,0,255,2,0,1782505567.7272828,176
25.031494,25.028152,0.271923,0.30555263,0.85910034,1,1,0,0.010864258,0.012207031,25.031494,28,94,0,0,255,2,0,1782505567.7272828,176
25.029541,25.02317,0.31463894,0.4689709,0.92440796,1,1,0,0.012573242,0.018737793,25.029541,29,94,1,0,255,2,0,1782505567.7272828,176
25.030762,25.023,0.57894343,0.23068796,0.77853394,1,1,0,0.023132324,0.009216309,25.030762,31,94,1,0,255,2,0,1782505567.7272828,176
25.038816,25.033243,0.47523645,0.23076221,0.9170227,1,1,0,0.018981934,0.009216309,25.038818,31,94,1,0,255,2,0,1782505567.7272828,176
25.020752,25.01614,0.4214543,0.23059571,0.6984253,1,1,0,0.016845703,0.009216309,25.020752,31,94,1,0,255,2,0,1782505567.7272828,176
25.026367,25.023302,0.3176957,0.22912005,0.8422241,1,1,0,0.0126953125,0.009155273,25.026367,31,94,1,0,255,2,0,1782505567.7272828,176
25.023926,25.021482,0.26421368,0.2290977,0.8442688,1,1,0,0.010559082,0.009155273,25.023926,31,94,1,0,255,2,0,1782505567.7272828,176
25.03003,25.02066,0.5895851,0.34830704,0.9162903,1,1,0,0.02355957,0.013916016,25.03003,60,94,0,0,255,2,0,1782505567.7272828,176
25.031252,25.023008,0.5376864,0.3513793,0.9041748,1,1,0,0.021484375,0.014038086,25.03125,60,94,0,0,255,2,0,1782505567.7272828,176
25.030031,25.025858,0.27495334,0.36511016,0.85910034,1,1,0,0.010986328,0.014587402,25.03003,60,94,0,0,255,2,0,1782505567.7272828,176
25.032227,25.028502,0.2230382,0.36972526,0.83047485,1,1,0,0.008911133,0.014770508,25.032227,60,94,0,0,255,2,0,1782505567.7272828,176
25.042236,25.02929,0.5806174,0.5578406,0.7453308,1,1,0,0.02319336,0.022277832,25.042236,61,94,1,0,255,2,0,1782505567.7272828,176
25.042236,25.03134,0.47520033,0.56548095,0.7998352,1,1,0,0.018981934,0.022583008,25.042236,61,94,1,0,255,2,0,1782505567.7272828,176
25.033447,25.023384,0.42310414,0.56986505,0.7453308,1,1,0,0.016906738,0.022766113,25.033447,61,94,1,0,255,2,0,1782505567.7272828,176
25.044434,25.035141,0.36980864,0.57317156,0.87179565,1,1,0,0.014770508,0.022888184,25.044434,61,94,1,0,255,2,0,1782505567.7272828,176
25.027344,25.018667,0.31763688,0.5773618,0.7487488,1,1,0,0.0126953125,0.023071289,25.027344,61,94,1,0,255,2,0,1782505567.7272828,176
25.042236,25.03409,0.26587498,0.58076155,0.9170227,1,1,0,0.010620117,0.02319336,25.042236,61,94,1,0,255,2,0,1782505567.7272828,176
25.032227,25.023558,0.58354074,0.30556157,0.6709595,1,1,0,0.02331543,0.012207031,25.032227,28,95,0,0,255,2,0,1782505567.8279002,177
25.0271,25.01959,0.5315019,0.305499,0.84695435,1,1,0,0.021240234,0.012207031,25.0271,28,95,0,0,255,2,0,1782505567.8279002,177
25.02124,25.015749,0.4260296,0.30542746,0.6770325,1,1,0,0.017028809,0.012207031,25.02124,28,95,0,0,255,2,0,1782505567.8279002,177
25.027344,25.01853,0.4688469,0.47045705,0.7251282,1,1,0,0.018737793,0.018798828,25.027344,29,95,1,0,255,2,0,1782505567.8279002,177
25.034182,25.028439,0.25970381,0.4690578,0.9572754,1,1,0,0.010375977,0.018737793,25.03418,29,95,1,0,255,2,0,1782505567.8279002,177
25.035887,25.028162,0.57753444,0.23073521,1.003479,1,1,0,0.023071289,0.009216309,25.035889,31,95,1,0,255,2,0,1782505567.8279002,177
25.031006,25.022947,0.5331012,0.34526536,0.7958069,1,1,0,0.02130127,0.013793945,25.031006,60,95,0,0,255,2,0,1782505567.8279002,177
25.031982,25.02788,0.27039227,0.36361098,0.7879944,1,1,0,0.010803223,0.014526367,25.031982,60,95,0,0,255,2,0,1782505567.8279002,177
25.027342,25.01451,0.5756918,0.5575088,0.70458984,1,1,0,0.023010254,0.022277832,25.027344,61,95,1,0,255,2,0,1782505567.8279002,177
25.03003,25.018267,0.5238354,0.5606233,0.6548767,1,1,0,0.020935059,0.022399902,25.03003,61,95,1,0,255,2,0,1782505567.8279002,177
25.032957,25.022154,0.4704426,0.56527144,0.885376,1,1,0,0.018798828,0.022583008,25.032959,61,95,1,0,255,2,0,1782505567.8279002,177
25.031006,25.021055,0.41848195,0.5682821,0.68573,1,1,0,0.016723633,0.022705078,25.031006,61,95,1,0,255,2,0,1782505567.8279002,177
25.035645,25.026402,0.3666239,0.5729704,0.65075684,1,1,0,0.0146484375,0.022888184,25.035645,61,95,1,0,255,2,0,1782505567.8279002,177
25.028564,25.01998,0.3130715,0.5758628,0.76623535,1,1,0,0.012512207,0.023010254,25.028564,61,95,1,0,255,2,0,1782505567.8279002,177
25.033201,25.02283,0.47962222,0.53778136,0.8088074,1,1,0,0.019165039,0.021484375,25.033203,26,96,0,0,255,2,0,1782505567.926979,178
25.031006,25.02243,0.37420365,0.53773415,1.0289917,1,1,0,0.014953613,0.021484375,25.031006,26,96,0,0,255,2,0,1782505567.926979,178
25.033201,25.025965,0.2703716,0.53778136,0.73773193,1,1,0,0.010803223,0.021484375,25.033203,26,96,0,0,255,2,0,1782505567.926979,178
25.034912,25.03208,0.22001418,0.30559435,1.0957642,1,1,0,0.0087890625,0.012207031,25.034912,28,96,0,0,255,2,0,1782505567.926979,178
25.023926,25.017527,0.31456798,0.4703928,0.7107544,1,1,0,0.012573242,0.018798828,25.023926,29,96,1,0,255,2,0,1782505567.926979,178
25.02954,25.02185,0.5758608,0.23067671,0.7693176,1,1,0,0.023010254,0.009216309,25.029541,31,96,1,0,255,2,0,1782505567.926979,178
25.02856,25.022015,0.5239139,0.23066771,0.9541931,1,1,0,0.020935059,0.009216309,25.028564,31,96,1,0,255,2,0,1782505567.926979,178
25.030762,25.025276,0.47050127,0.23068796,0.807312,1,1,0,0.018798828,0.009216309,25.030762,31,96,1,0,255,2,0,1782505567.926979,178
25.0376,25.033049,0.41868252,0.22922286,1.0671692,1,1,0,0.016723633,0.009155273,25.037598,31,96,1,0,255,2,0,1782505567.926979,178
25.033203,25.024992,0.53620094,0.35140672,1.0289917,1,1,0,0.02142334,0.014038086,25.033203,60,96,0,0,255,2,0,1782505567.926979,178
25.032959,25.02583,0.48426378,0.34987554,0.84436035,1,1,0,0.019348145,0.013977051,25.032959,60,96,0,0,255,2,0,1782505567.926979,178
25.025146,25.018953,0.4306666,0.35282087,0.7914734,1,1,0,0.017211914,0.014099121,25.025146,60,96,0,0,255,2,0,1782505567.926979,178
25.031984,25.026564,0.37884897,0.35750028,0.7810669,1,1,0,0.015136719,0.014282227,25.031982,60,96,0,0,255,2,0,1782505567.926979,178
25.029053,25.024897,0.2734152,0.3650959,0.81399536,1,1,0,0.010925293,0.014587402,25.029053,60,96,0,0,255,2,0,1782505567.926979,178
25.029541,25.016636,0.57879615,0.5575578,0.807312,1,1,0,0.023132324,0.022277832,25.029541,61,96,1,0,255,2,0,1782505567.926979,178
25.03662,25.024755,0.5270274,0.5622987,0.77001953,1,1,0,0.021057129,0.022460938,25.036621,61,96,1,0,255,2,0,1782505567.926979,178
25.038088,25.029959,0.26430318,0.5806653,1.0835876,1,1,0,0.010559082,0.02319336,25.038086,61,96,1,0,255,2,0,1782505567.926979,178
25.026125,25.014639,0.53445166,0.53762925,0.6449585,1,1,0,0.021362305,0.021484375,25.026123,26,97,0,0,255,2,0,1782505568.0273163,179
25.03125,25.024029,0.2718782,0.53621197,0.7403259,1,1,0,0.010864258,0.02142334,25.03125,26,97,0,0,255,2,0,1782505568.0273163,179
25.034914,25.027369,0.5331953,0.30559435,0.82006836,1,1,0,0.02130127,0.012207031,25.034912,28,97,0,0,255,2,0,1782505568.0273163,179
25.04126,25.031382,0.5225816,0.47071862,0.8759155,1,1,0,0.020874023,0.018798828,25.04126,29,97,1,0,255,2,0,1782505568.0273163,179
25.045656,25.036806,0.47071806,0.47080123,1.1072083,1,1,0,0.018798828,0.018798828,25.045654,29,97,1,0,255,2,0,1782505568.0273163,179
25.042234,25.035147,0.36522368,0.47073698,0.74328613,1,1,0,0.014587402,0.018798828,25.042236,29,97,1,0,255,2,0,1782505568.0273163,179
25.031738,25.025356,0.31313875,0.47053966,0.8956299,1,1,0,0.012512207,0.018798828,25.031738,29,97,1,0,255,2,0,1782505568.0273163,179
25.023922,25.017345,0.5253438,0.23062496,0.7693176,1,1,0,0.020996094,0.009216309,25.023926,31,97,1,0,255,2,0,1782505568.0273163,179
25.031736,25.026194,0.47357458,0.23069696,0.7097168,1,1,0,0.018920898,0.009216309,25.031738,31,97,1,0,255,2,0,1782505568.0273163,179
25.030762,25.027716,0.31622392,0.22916028,0.9521179,1,1,0,0.012634277,0.009155273,25.030762,31,97,1,0,255,2,0,1782505568.0273163,179
25.020264,25.012133,0.53439814,0.34817114,0.7455139,1,1,0,0.021362305,0.013916016,25.020264,60,97,0,0,255,2,0,1782505568.0273163,179
25.032715,25.025621,0.48120376,0.35139987,0.7715454,1,1,0,0.019226074,0.014038086,25.032715,60,97,0,0,255,2,0,1782505568.0273163,179
25.033443,25.027231,0.42928115,0.35599345,0.84002686,1,1,0,0.017150879,0.014221191,25.033447,60,97,0,0,255,2,0,1782505568.0273163,179
25.030031,25.025295,0.32383168,0.3635826,0.7403259,1,1,0,0.012939453,0.014526367,25.03003,60,97,0,0,255,2,0,1782505568.0273163,179
25.032225,25.019285,0.5773296,0.5606725,0.76693726,1,1,0,0.023071289,0.022399902,25.032227,61,97,1,0,255,2,0,1782505568.0273163,179
25.043455,25.031618,0.52411497,0.5639804,0.7977905,1,1,0,0.020935059,0.022521973,25.043457,61,97,1,0,255,2,0,1782505568.0273163,179
25.034424,25.02352,0.47199616,0.56835973,0.7576904,1,1,0,0.018859863,0.022705078,25.034424,61,97,1,0,255,2,0,1782505568.0273163,179
25.01831,25.00827,0.41979495,0.5710471,0.69433594,1,1,0,0.016784668,0.022827148,25.01831,61,97,1,0,255,2,0,1782505568.0273163,179
25.03003,25.021355,0.3146161,0.5789511,0.62506104,1,1,0,0.012573242,0.023132324,25.03003,61,97,1,0,255,2,0,1782505568.0273163,179
25.02954,25.021374,0.26115787,0.58352166,0.79293823,1,1,0,0.010437012,0.02331543,25.029541,61,97,1,0,255,2,0,1782505568.0273163,179
25.034668,25.024265,0.48117766,0.5378128,0.8894348,1,1,0,0.019226074,0.021484375,25.034668,26,98,0,0,255,2,0,1782505568.1276984,180
25.031006,25.022337,0.5835123,0.30554667,0.7342529,1,1,0,0.02331543,0.012207031,25.031006,28,98,0,0,255,2,0,1782505568.1276984,180
25.031982,25.024504,0.53007823,0.3055586,0.73773193,1,1,0,0.0211792,0.012207031,25.031982,28,98,0,0,255,2,0,1782505568.1276984,180
25.03003,25.026108,0.32078677,0.30553475,0.71343994,1,1,0,0.012817383,0.012207031,25.03003,28,98,0,0,255,2,0,1782505568.1276984,180
25.023926,25.01295,0.572601,0.4703928,0.7846985,1,1,0,0.022888184,0.018798828,25.023926,29,98,1,0,255,2,0,1782505568.1276984,180
25.026367,25.017553,0.4688286,0.4704387,0.75390625,1,1,0,0.018737793,0.018798828,25.026367,29,98,1,0,255,2,0,1782505568.1276984,180
25.029543,25.02318,0.31158403,0.47049835,0.88946533,1,1,0,0.012451172,0.018798828,25.029541,29,98,1,0,255,2,0,1782505568.1276984,180
25.034424,25.028698,0.2581787,0.4690624,0.67645264,1,1,0,0.010314941,0.018737793,25.034424,29,98,1,0,255,2,0,1782505568.1276984,180
25.028563,25.020874,0.5758383,0.23066771,0.70458984,1,1,0,0.023010254,0.009216309,25.028564,31,98,1,0,255,2,0,1782505568.1276984,180
25.031984,25.023924,0.53312194,0.34527883,0.7715454,1,1,0,0.02130127,0.013793945,25.031982,60,98,0,0,255,2,0,1782505568.1276984,180
25.027098,25.02003,0.4810962,0.34979364,0.7793274,1,1,0,0.019226074,0.013977051,25.0271,60,98,0,0,255,2,0,1782505568.1276984,180
25.026125,25.021433,0.32378173,0.36047125,0.7619934,1,1,0,0.012939453,0.014404297,25.026123,60,98,0,0,255,2,0,1782505568.1276984,180
25.025145,25.012312,0.5756413,0.5574599,0.7991028,1,1,0,0.023010254,0.022277832,25.025146,61,98,1,0,255,2,0,1782505568.1276984,180
25.030762,25.019,0.52385074,0.56063974,0.76416016,1,1,0,0.020935059,0.022399902,25.030762,61,98,1,0,255,2,0,1782505568.1276984,180
25.04004,25.029202,0.4721033,0.5654313,0.7607727,1,1,0,0.018859863,0.022583008,25.04004,61,98,1,0,255,2,0,1782505568.1276984,180
25.034424,25.02518,0.36660603,0.57294244,0.6795349,1,1,0,0.0146484375,0.022888184,25.034424,61,98,1,0,255,2,0,1782505568.1276984,180
25.023926,25.015833,0.26110005,0.58033687,0.7949829,1,1,0,0.010437012,0.02319336,25.023926,61,98,1,0,255,2,0,1782505568.1276984,180
25.03003,25.019598,0.48261556,0.53771317,0.8009949,1,1,0,0.01928711,0.021484375,25.03003,26,99,0,0,255,2,0,1782505568.227294,181
25.03003,25.020546,0.430694,0.53771317,0.82006836,1,1,0,0.017211914,0.021484375,25.03003,26,99,0,0,255,2,0,1782505568.227294,181
25.02905,25.02432,0.37881503,0.30552283,0.87210083,1,1,0,0.015136719,0.012207031,25.029053,28,99,0,0,255,2,0,1782505568.227294,181
25.025146,25.021147,0.32683286,0.30547515,0.72125244,1,1,0,0.013061523,0.012207031,25.025146,28,99,0,0,255,2,0,1782505568.227294,181
25.0271,25.02376,0.27340278,0.30397156,0.9059143,1,1,0,0.010925293,0.012145996,25.0271,28,99,0,0,255,2,0,1782505568.227294,181
25.02417,25.021343,0.22144713,0.30393597,0.7940674,1,1,0,0.008850098,0.012145996,25.02417,28,99,0,0,255,2,0,1782505568.227294,181
25.023926,25.015055,0.47336382,0.4688657,0.7610779,1,1,0,0.018920898,0.018737793,25.023926,29,99,1,0,255,2,0,1782505568.227294,181
25.031738,25.023794,0.42158327,0.46901208,0.9059143,1,1,0,0.016845703,0.018737793,25.031738,29,99,1,0,255,2,0,1782505568.227294,181
25.043457,25.035799,0.5746529,0.23080496,0.8491821,1,1,0,0.022949219,0.009216309,25.043457,31,99,1,0,255,2,0,1782505568.227294,181
25.035645,25.030172,0.47059336,0.22920498,0.67749023,1,1,0,0.018798828,0.009155273,25.035645,31,99,1,0,255,2,0,1782505568.227294,181
25.031252,25.024216,0.4827046,0.34526873,0.72906494,1,1,0,0.01928711,0.013793945,25.03125,60,99,0,0,255,2,0,1782505568.227294,181
25.031248,25.025915,0.37731138,0.3529069,0.7585144,1,1,0,0.015075684,0.014099121,25.03125,60,99,0,0,255,2,0,1782505568.227294,181
25.034182,25.030107,0.27194425,0.36058727,0.7793274,1,1,0,0.010864258,0.014404297,25.03418,60,99,0,0,255,2,0,1782505568.227294,181
25.03003,25.0264,0.21996427,0.36511016,0.7698059,1,1,0,0.0087890625,0.014587402,25.03003,60,99,0,0,255,2,0,1782505568.227294,181
25.032959,25.02123,0.5254253,0.55763394,0.89974976,1,1,0,0.020996094,0.022277832,25.032959,61,99,1,0,255,2,0,1782505568.227294,181
25.032959,25.023766,0.36811292,0.56985396,0.88742065,1,1,0,0.014709473,0.022766113,25.032959,61,99,1,0,255,2,0,1782505568.227294,181
25.01831,25.00978,0.3144706,0.57257366,0.6491394,1,1,0,0.012573242,0.022888184,25.01831,61,99,1,0,255,2,0,1782505568.227294,181
25.033203,25.02595,0.27189907,0.53778136,0.7862549,1,1,0,0.010864258,0.021484375,25.033203,26,100,0,0,255,2,0,1782505568.327451,182
25.030764,25.022818,0.4215668,0.46899378,0.77853394,1,1,0,0.016845703,0.018737793,25.030762,29,100,1,0,255,2,0,1782505568.327451,182
25.036379,25.029985,0.3162526,0.469099,0.9552002,1,1,0,0.012634277,0.018737793,25.036377,29,100,1,0,255,2,0,1782505568.327451,182
25.027344,25.019634,0.5773376,0.22912899,0.70150757,1,1,0,0.023071289,0.009155273,25.027344,31,100,1,0,255,2,0,1782505568.327451,182
25.03003,25.020674,0.58805746,0.3498346,0.7862549,1,1,0,0.023498535,0.013977051,25.03003,60,100,0,0,255,2,0,1782505568.327451,182
25.027098,25.018867,0.5360697,0.3528484,0.6744385,1,1,0,0.02142334,0.014099121,25.0271,60,100,0,0,255,2,0,1782505568.327451,182
25.03247,25.026297,0.43079302,0.35139644,0.85910034,1,1,0,0.017211914,0.014038086,25.03247,60,100,0,0,255,2,0,1782505568.327451,182
25.033936,25.029245,0.32541075,0.35905597,0.82528687,1,1,0,0.013000488,0.014343262,25.033936,60,100,0,0,255,2,0,1782505568.327451,182
25.027102,25.022966,0.27339414,0.36354005,0.82180786,1,1,0,0.010925293,0.014526367,25.0271,60,100,0,0,255,2,0,1782505568.327451,182
25.03589,25.023014,0.5789437,0.5561715,1.1339417,1,1,0,0.023132324,0.022216797,25.035889,61,100,1,0,255,2,0,1782505568.327451,182
25.01831,25.009087,0.367897,0.5710471,0.70666504,1,1,0,0.014709473,0.022827148,25.01831,61,100,1,0,255,2,0,1782505568.327451,182
25.030762,25.022686,0.26269898,0.57896805,0.7251282,1,1,0,0.010498047,0.023132324,25.030762,61,100,1,0,255,2,0,1782505568.327451,182
25.040527,25.027876,0.58516985,0.5394667,0.8018799,1,1,0,0.023376465,0.02154541,25.040527,26,101,0,0,255,2,0,1782505568.4275074,183
25.032228,25.020805,0.5315277,0.5377604,1.0359192,1,1,0,0.021240234,0.021484375,25.032227,26,101,0,0,255,2,0,1782505568.4275074,183
25.032469,25.023064,0.42615417,0.5377656,1.0506592,1,1,0,0.017028809,0.021484375,25.03247,26,101,0,0,255,2,0,1782505568.4275074,183
25.03882,25.029943,0.4721173,0.47067273,0.84506226,1,1,0,0.018859863,0.018798828,25.038818,29,101,1,0,255,2,0,1782505568.4275074,183
25.017332,25.00554,0.523569,0.5618655,0.6717224,1,1,0,0.020935059,0.022460938,25.017334,61,101,1,0,255,2,0,1782505568.4275074,183
25.045654,25.034815,0.4722092,0.56555814,0.9437561,1,1,0,0.018859863,0.022583008,25.045654,61,101,1,0,255,2,0,1782505568.4275074,183
25.033447,25.026209,0.2703742,0.5377866,0.7732544,1,1,0,0.010803223,0.021484375,25.033447,26,102,0,0,255,2,0,1782505568.5273106,184
25.035156,25.026451,0.58513653,0.30559734,1.0818787,1,1,0,0.023376465,0.012207031,25.035156,28,102,0,0,255,2,0,1782505568.5273106,184
25.01831,25.012783,0.4733208,0.22904629,0.7744446,1,1,0,0.018920898,0.009155273,25.01831,31,102,1,0,255,2,0,1782505568.5273106,184
25.028076,25.019934,0.53303695,0.35133475,0.82354736,1,1,0,0.02130127,0.014038086,25.028076,60,102,0,0,255,2,0,1782505568.5273106,184
25.033447,25.026398,0.4812187,0.3483546,0.81747437,1,1,0,0.019226074,0.013916016,25.033447,60,102,0,0,255,2,0,1782505568.5273106,184
25.033934,25.027786,0.42929068,0.351417,0.8781738,1,1,0,0.017150879,0.014038086,25.033936,60,102,0,0,255,2,0,1782505568.5273106,184
25.01831,25.008364,0.41826966,0.5679939,0.70150757,1,1,0,0.016723633,0.022705078,25.01831,61,102,1,0,255,2,0,1782505568.5273106,184
25.032957,25.020271,0.588048,0.5377761,0.86169434,1,1,0,0.023498535,0.021484375,25.032959,26,103,0,0,255,2,0,1782505568.6274064,185
25.022219,25.01751,0.37718466,0.30543938,0.82873535,1,1,0,0.015075684,0.012207031,25.022217,28,103,0,0,255,2,0,1782505568.6274064,185
25.032227,25.026453,0.26273853,0.46902123,0.6702881,1,1,0,0.010498047,0.018737793,25.032227,29,103,1,0,255,2,0,1782505568.6274064,185
25.035154,25.027464,0.57598996,0.23072846,1.1534424,1,1,0,0.023010254,0.009216309,25.035156,31,103,1,0,255,2,0,1782505568.6274064,185
25.034424,25.032011,0.26126888,0.2291938,0.657959,1,1,0,0.010437012,0.009155273,25.034424,31,103,1,0,255,2,0,1782505568.6274064,185
25.025148,25.017036,0.53450286,0.3467118,0.7897339,1,1,0,0.021362305,0.0138549805,25.025146,60,103,0,0,255,2,0,1782505568.6274064,185
25.030031,25.024633,0.37729204,0.3574724,0.82180786,1,1,0,0.015075684,0.014282227,25.03003,60,103,0,0,255,2,0,1782505568.6274064,185
25.025145,25.02145,0.21992077,0.36962068,0.7698059,1,1,0,0.0087890625,0.014770508,25.025146,60,103,0,0,255,2,0,1782505568.6274064,185
25.026611,25.013708,0.5772009,0.5590197,0.45544434,1,1,0,0.023071289,0.022338867,25.026611,61,103,1,0,255,2,0,1782505568.6274064,185
25.027342,25.015547,0.5237785,0.56209034,0.8360596,1,1,0,0.020935059,0.022460938,25.027344,61,103,1,0,255,2,0,1782505568.6274064,185
25.035889,25.025875,0.42009044,0.56992066,0.964447,1,1,0,0.016784668,0.022766113,25.035889,61,103,1,0,255,2,0,1782505568.6274064,185
25.021729,25.012455,0.3664196,0.57417876,0.6501465,1,1,0,0.0146484375,0.022949219,25.021729,61,103,1,0,255,2,0,1782505568.6274064,185
25.026367,25.017729,0.31457055,0.57733935,0.67993164,1,1,0,0.012573242,0.023071289,25.026367,61,103,1,0,255,2,0,1782505568.6274064,185
25.027344,25.0192,0.26266235,0.5819433,0.80319214,1,1,0,0.010498047,0.023254395,25.027344,61,103,1,0,255,2,0,1782505568.6274064,185
25.031982,25.019367,0.58497095,0.53775513,1.2448425,1,1,0,0.023376465,0.021484375,25.031982,26,104,0,0,255,2,0,1782505568.727331,186
25.026125,25.015753,0.47948658,0.53762925,0.70651245,1,1,0,0.019165039,0.021484375,25.026123,26,104,0,0,255,2,0,1782505568.727331,186
25.025145,25.019627,0.42762312,0.30547515,0.7914734,1,1,0,0.017089844,0.012207031,25.025146,28,104,0,0,255,2,0,1782505568.727331,186
25.034666,25.023617,0.57590145,0.47059473,1.0127258,1,1,0,0.023010254,0.018798828,25.034668,29,104,1,0,255,2,0,1782505568.727331,186
25.046877,25.038025,0.470741,0.47082418,0.9489136,1,1,0,0.018798828,0.018798828,25.046875,29,104,1,0,255,2,0,1782505568.727331,186
25.04126,25.033335,0.4186873,0.47071862,0.78134155,1,1,0,0.016723633,0.018798828,25.04126,29,104,1,0,255,2,0,1782505568.727331,186
25.036623,25.029535,0.3651418,0.47063145,0.71347046,1,1,0,0.014587402,0.018798828,25.036621,29,104,1,0,255,2,0,1782505568.727331,186
25.031982,25.024954,0.48119092,0.34680653,0.85302734,1,1,0,0.019226074,0.0138549805,25.031982,60,104,0,0,255,2,0,1782505568.727331,186
25.031252,25.026604,0.3238486,0.35748982,0.7663269,1,1,0,0.012939453,0.014282227,25.03125,60,104,0,0,255,2,0,1782505568.727331,186
25.043455,25.030682,0.576064,0.5548115,0.7844238,1,1,0,0.023010254,0.022155762,25.043457,61,104,1,0,255,2,0,1782505568.727331,186
25.023926,25.0122,0.5237084,0.55895966,0.70458984,1,1,0,0.020935059,0.022338867,25.023926,61,104,1,0,255,2,0,1782505568.727331,186
25.031738,25.021822,0.41849476,0.5667713,0.91412354,1,1,0,0.016723633,0.022644043,25.031738,61,104,1,0,255,2,0,1782505568.727331,186
25.02954,25.020369,0.36653554,0.5697761,0.94802856,1,1,0,0.0146484375,0.022766113,25.029541,61,104,1,0,255,2,0,1782505568.727331,186
25.028563,25.020014,0.31307194,0.57433563,0.79086304,1,1,0,0.012512207,0.022949219,25.028564,61,104,1,0,255,2,0,1782505568.727331,186
25.027344,25.01932,0.26113644,0.5773618,0.77752686,1,1,0,0.010437012,0.023071289,25.027344,61,104,1,0,255,2,0,1782505568.727331,186
25.032225,25.019539,0.58803076,0.5377604,0.71084595,1,1,0,0.023498535,0.021484375,25.032227,26,105,0,0,255,2,0,1782505568.8277235,187
25.03418,25.0302,0.32542315,0.3055854,1.0454712,1,1,0,0.013000488,0.012207031,25.03418,28,105,0,0,255,2,0,1782505568.8277235,187
25.042236,25.035103,0.3682797,0.47073698,0.79571533,1,1,0,0.014709473,0.018798828,25.042236,29,105,1,0,255,2,0,1782505568.8277235,187
25.034424,25.02865,0.2627616,0.4690624,0.7463684,1,1,0,0.010498047,0.018737793,25.034424,29,105,1,0,255,2,0,1782505568.8277235,187
25.030027,25.021862,0.5330781,0.35288972,0.7568054,1,1,0,0.02130127,0.014099121,25.03003,60,105,0,0,255,2,0,1782505568.8277235,187
25.032228,25.025229,0.4796682,0.34680992,0.72906494,1,1,0,0.019165039,0.0138549805,25.032227,60,105,0,0,255,2,0,1782505568.8277235,187
25.031006,25.024885,0.427713,0.35137588,1.1416931,1,1,0,0.017089844,0.014038086,25.031006,60,105,0,0,255,2,0,1782505568.8277235,187
25.03418,25.028849,0.37582758,0.35447606,0.83480835,1,1,0,0.015014648,0.014160156,25.03418,60,105,0,0,255,2,0,1782505568.8277235,187
25.032959,25.028309,0.32234284,0.35904196,0.69351196,1,1,0,0.012878418,0.014343262,25.032959,60,105,0,0,255,2,0,1782505568.8277235,187
25.033447,25.020643,0.575833,0.5561173,0.81832886,1,1,0,0.023010254,0.022216797,25.033447,61,105,1,0,255,2,0,1782505568.8277235,187
25.034422,25.022724,0.5224008,0.5591942,0.7720642,1,1,0,0.020874023,0.022338867,25.034424,61,105,1,0,255,2,0,1782505568.8277235,187
25.031738,25.02097,0.47042033,0.5637165,0.90179443,1,1,0,0.018798828,0.022521973,25.031738,61,105,1,0,255,2,0,1782505568.8277235,187
25.030762,25.021578,0.36502573,0.5713313,0.829895,1,1,0,0.014587402,0.022827148,25.030762,61,105,1,0,255,2,0,1782505568.8277235,187
25.029541,25.02099,0.31308416,0.574358,0.98498535,1,1,0,0.012512207,0.022949219,25.029541,61,105,1,0,255,2,0,1782505568.8277235,187
25.032225,25.024164,0.261187,0.5790019,0.6795349,1,1,0,0.010437012,0.023132324,25.032227,61,105,1,0,255,2,0,1782505568.8277235,187
25.033934,25.02523,0.58510804,0.30558243,0.7879944,1,1,0,0.023376465,0.012207031,25.033936,28,106,0,0,255,2,0,1782505568.9276285,188
25.032957,25.029633,0.27041122,0.3055705,1.0783997,1,1,0,0.010803223,0.012207031,25.032959,28,106,0,0,255,2,0,1782505568.9276285,188
25.036623,25.02891,0.57755166,0.22921392,0.68881226,1,1,0,0.023071289,0.009155273,25.036621,31,106,1,0,255,2,0,1782505568.9276285,188
25.033445,25.027931,0.47207934,0.23071271,0.6548767,1,1,0,0.018859863,0.009216309,25.033447,31,106,1,0,255,2,0,1782505568.9276285,188
25.03345,25.028873,0.42014077,0.22918487,0.67645264,1,1,0,0.016784668,0.009155273,25.033447,31,106,1,0,255,2,0,1782505568.9276285,188
25.033203,25.023954,0.58355,0.34987894,0.84695435,1,1,0,0.02331543,0.013977051,25.033203,60,106,0,0,255,2,0,1782505568.9276285,188
25.03003,25.021873,0.5315504,0.3544173,0.673584,1,1,0,0.021240234,0.014160156,25.03003,60,106,0,0,255,2,0,1782505568.9276285,188
25.029055,25.022034,0.479607,0.34829345,0.7715454,1,1,0,0.019165039,0.013916016,25.029053,60,106,0,0,255,2,0,1782505568.9276285,188
25.032715,25.026619,0.4262147,0.35139987,0.84869385,1,1,0,0.017028809,0.014038086,25.032715,60,106,0,0,255,2,0,1782505568.9276285,188
25.031738,25.02641,0.37426314,0.35596913,0.7619934,1,1,0,0.014953613,0.014221191,25.031738,60,106,0,0,255,2,0,1782505568.9276285,188
25.02905,25.024403,0.32229254,0.35898596,0.7958069,1,1,0,0.012878418,0.014343262,25.029053,60,106,0,0,255,2,0,1782505568.9276285,188
25.032715,25.02863,0.26887256,0.36362162,0.69351196,1,1,0,0.0107421875,0.014526367,25.032715,60,106,0,0,255,2,0,1782505568.9276285,188
25.025145,25.013416,0.5222065,0.560514,0.75491333,1,1,0,0.020874023,0.022399902,25.025146,61,106,1,0,255,2,0,1782505568.9276285,188
25.035645,25.024902,0.46896628,0.56380445,0.7751465,1,1,0,0.018737793,0.022521973,25.035645,61,106,1,0,255,2,0,1782505568.9276285,188
25.026367,25.016443,0.4168775,0.5681768,0.6984253,1,1,0,0.016662598,0.022705078,25.026367,61,106,1,0,255,2,0,1782505568.9276285,188
25.027342,25.01816,0.36497587,0.5712533,0.86276245,1,1,0,0.014587402,0.022827148,25.027344,61,106,1,0,255,2,0,1782505568.9276285,188
25.022951,25.014387,0.31147453,0.5757336,0.72720337,1,1,0,0.012451172,0.023010254,25.02295,61,106,1,0,255,2,0,1782505568.9276285,188
25.032469,25.019926,0.58192813,0.5377656,0.7940674,1,1,0,0.023254395,0.021484375,25.03247,26,107,0,0,255,2,0,1782505569.0279152,189
25.032713,25.021324,0.5300109,0.53777087,1.1295471,1,1,0,0.0211792,0.021484375,25.032715,26,107,0,0,255,2,0,1782505569.0279152,189
25.032469,25.022125,0.47808096,0.5377656,0.7585144,1,1,0,0.019104004,0.021484375,25.03247,26,107,0,0,255,2,0,1782505569.0279152,189
25.032469,25.02309,0.4246269,0.5377656,0.7879944,1,1,0,0.016967773,0.021484375,25.03247,26,107,0,0,255,2,0,1782505569.0279152,189
25.032715,25.0249,0.31924367,0.53777087,0.72906494,1,1,0,0.012756348,0.021484375,25.032715,26,107,0,0,255,2,0,1782505569.0279152,189
25.032228,25.025023,0.26730624,0.5377604,0.7698059,1,1,0,0.010681152,0.021484375,25.032227,26,107,0,0,255,2,0,1782505569.0279152,189
25.034668,25.02709,0.5347177,0.30559137,0.8122864,1,1,0,0.021362305,0.012207031,25.034668,28,107,0,0,255,2,0,1782505569.0279152,189
25.031252,25.024712,0.48271418,0.30707735,0.71606445,1,1,0,0.01928711,0.012268066,25.03125,28,107,0,0,255,2,0,1782505569.0279152,189
25.03003,25.024464,0.42923367,0.30706236,1.0671387,1,1,0,0.017150879,0.012268066,25.03003,28,107,0,0,255,2,0,1782505569.0279152,189
25.04004,25.028954,0.5775527,0.47069567,0.7617798,1,1,0,0.023071289,0.018798828,25.04004,29,107,1,0,255,2,0,1782505569.0279152,189
25.026125,25.016829,0.5864393,0.34825268,0.86343384,1,1,0,0.0234375,0.013916016,25.026123,60,107,0,0,255,2,0,1782505569.0279152,189
25.028074,25.0199,0.5345641,0.35133475,0.73599243,1,1,0,0.021362305,0.014038086,25.028076,60,107,0,0,255,2,0,1782505569.0279152,189
25.031248,25.025852,0.37731045,0.35748982,0.8928833,1,1,0,0.015075684,0.014282227,25.03125,60,107,0,0,255,2,0,1782505569.0279152,189
25.031006,25.02731,0.21997227,0.36970723,0.71343994,1,1,0,0.0087890625,0.014770508,25.031006,60,107,0,0,255,2,0,1782505569.0279152,189
25.03662,25.023712,0.57743174,0.55924326,0.7103882,1,1,0,0.023071289,0.022338867,25.036621,61,107,1,0,255,2,0,1782505569.0279152,189
25.023926,25.013062,0.4717989,0.5665944,0.88742065,1,1,0,0.018859863,0.022644043,25.023926,61,107,1,0,255,2,0,1782505569.0279152,189
25.03491,25.026134,0.5881858,0.30559435,0.70651245,1,1,0,0.023498535,0.012207031,25.034912,28,108,0,0,255,2,0,1782505569.127737,190
25.034424,25.027903,0.48277575,0.3055884,0.7568054,1,1,0,0.01928711,0.012207031,25.034424,28,108,0,0,255,2,0,1782505569.127737,190
25.033445,25.025684,0.57900554,0.23071271,0.7083435,1,1,0,0.023132324,0.009216309,25.033447,31,108,1,0,255,2,0,1782505569.127737,190
25.025145,25.019588,0.47497723,0.22910887,0.7836914,1,1,0,0.018981934,0.009155273,25.025146,31,108,1,0,255,2,0,1782505569.127737,190
25.028564,25.023966,0.42158616,0.22914016,0.8935852,1,1,0,0.016845703,0.009155273,25.028564,31,108,1,0,255,2,0,1782505569.127737,190
25.028564,25.024786,0.36965567,0.22914016,1.0106812,1,1,0,0.014770508,0.009155273,25.028564,31,108,1,0,255,2,0,1782505569.127737,190
25.031982,25.022663,0.58657604,0.3498619,0.84695435,1,1,0,0.0234375,0.013977051,25.031982,60,108,0,0,255,2,0,1782505569.127737,190
25.032225,25.026056,0.42926097,0.35292068,0.7507324,1,1,0,0.017150879,0.014099121,25.032227,60,108,0,0,255,2,0,1782505569.127737,190
25.0271,25.021704,0.37724787,0.35743058,0.96484375,1,1,0,0.015075684,0.014282227,25.0271,60,108,0,0,255,2,0,1782505569.127737,190
25.04004,25.027163,0.57751137,0.55779165,0.9170227,1,1,0,0.023071289,0.022277832,25.04004,61,108,1,0,255,2,0,1782505569.127737,190
25.029541,25.017744,0.52382445,0.5621397,0.8340149,1,1,0,0.020935059,0.022460938,25.029541,61,108,1,0,255,2,0,1782505569.127737,190
25.05127,25.038681,0.5838934,0.5381695,0.7827759,1,1,0,0.02331543,0.021484375,25.05127,26,109,0,0,255,2,0,1782505569.2270143,191
25.028076,25.01669,0.52991265,0.5376712,0.84262085,1,1,0,0.0211792,0.021484375,25.028076,26,109,0,0,255,2,0,1782505569.2270143,191
25.030025,25.019684,0.47803432,0.53771317,0.84262085,1,1,0,0.019104004,0.021484375,25.03003,26,109,0,0,255,2,0,1782505569.2270143,191
25.024168,25.014767,0.42601284,0.5375873,0.7507324,1,1,0,0.017028809,0.021484375,25.02417,26,109,0,0,255,2,0,1782505569.2270143,191
25.031008,25.023802,0.26729318,0.53773415,1.2197266,1,1,0,0.010681152,0.021484375,25.031006,26,109,0,0,255,2,0,1782505569.2270143,191
25.023193,25.016705,0.4810323,0.3054513,0.7845459,1,1,0,0.019226074,0.012207031,25.023193,28,109,0,0,255,2,0,1782505569.2270143,191
25.04004,25.030128,0.5240838,0.47069567,0.76693726,1,1,0,0.020935059,0.018798828,25.04004,29,109,1,0,255,2,0,1782505569.2270143,191
25.03003,25.021156,0.47195157,0.47050753,0.64151,1,1,0,0.018859863,0.018798828,25.03003,29,109,1,0,255,2,0,1782505569.2270143,191
25.035646,25.029263,0.31318763,0.4706131,0.7617798,1,1,0,0.012512207,0.018798828,25.035645,29,109,1,0,255,2,0,1782505569.2270143,191
25.047363,25.039682,0.5762712,0.22931227,0.8923645,1,1,0,0.023010254,0.009155273,25.047363,31,109,1,0,255,2,0,1782505569.2270143,191
25.032957,25.02641,0.5240059,0.23070821,0.95007324,1,1,0,0.020935059,0.009216309,25.032959,31,109,1,0,255,2,0,1782505569.2270143,191
25.03589,25.032177,0.36518034,0.22920722,1.0918274,1,1,0,0.014587402,0.009155273,25.035889,31,109,1,0,255,2,0,1782505569.2270143,191
25.032715,25.024515,0.53466266,0.35292757,0.83047485,1,1,0,0.021362305,0.014099121,25.032715,60,109,0,0,255,2,0,1782505569.2270143,191
25.031006,25.023914,0.48117092,0.35137588,0.61376953,1,1,0,0.019226074,0.014038086,25.031006,60,109,0,0,255,2,0,1782505569.2270143,191
25.028074,25.021885,0.42918944,0.35438964,1.0108032,1,1,0,0.017150879,0.014160156,25.028076,60,109,0,0,255,2,0,1782505569.2270143,191
25.031738,25.026318,0.37731746,0.35902447,0.7958069,1,1,0,0.015075684,0.014343262,25.031738,60,109,0,0,255,2,0,1782505569.2270143,191
25.030031,25.025316,0.32383198,0.36205506,0.7975464,1,1,0,0.012939453,0.014465332,25.03003,60,109,0,0,255,2,0,1782505569.2270143,191
25.02075,25.008924,0.5236398,0.56346905,0.6286011,1,1,0,0.020935059,0.022521973,25.020752,61,109,1,0,255,2,0,1782505569.2270143,191
25.036621,25.025751,0.47203824,0.5668819,0.71347046,1,1,0,0.018859863,0.022644043,25.036621,61,109,1,0,255,2,0,1782505569.2270143,191
25.02295,25.012907,0.41987276,0.571153,0.75491333,1,1,0,0.016784668,0.022827148,25.02295,61,109,1,0,255,2,0,1782505569.2270143,191
25.03882,25.030844,0.42170203,0.47067273,0.9211426,1,1,0,0.016845703,0.018798828,25.038818,29,110,1,0,255,2,0,1782505569.3273115,192
25.034668,25.028248,0.31623062,0.47059473,0.83813477,1,1,0,0.012634277,0.018798828,25.034668,29,110,1,0,255,2,0,1782505569.3273115,192
25.025143,25.017456,0.57575965,0.23063621,0.76623535,1,1,0,0.023010254,0.009216309,25.025146,31,110,1,0,255,2,0,1782505569.3273115,192
25.029053,25.023655,0.37880495,0.35593095,0.6779175,1,1,0,0.015136719,0.014221191,25.029053,60,110,0,0,255,2,0,1782505569.3273115,192
25.035643,25.022736,0.5789373,0.5576938,0.66619873,1,1,0,0.023132324,0.022277832,25.035645,61,110,1,0,255,2,0,1782505569.3273115,192
25.036621,25.026617,0.42163083,0.5684096,0.7073059,1,1,0,0.016845703,0.022705078,25.036621,61,110,1,0,255,2,0,1782505569.3273115,192
25.037842,25.02973,0.26277292,0.5806596,0.7227173,1,1,0,0.010498047,0.02319336,25.037842,61,110,1,0,255,2,0,1782505569.3273115,192
25.031982,25.021608,0.47959882,0.53775513,1.0307312,1,1,0,0.019165039,0.021484375,25.031982,26,111,0,0,255,2,0,1782505569.4275022,193
25.024902,25.018532,0.31458062,0.468884,1.0969543,1,1,0,0.012573242,0.018737793,25.024902,29,111,1,0,255,2,0,1782505569.4275022,193
25.031736,25.024082,0.57438403,0.23069696,0.76828,1,1,0,0.022949219,0.009216309,25.031738,31,111,1,0,255,2,0,1782505569.4275022,193
25.026367,25.020882,0.4704187,0.23064746,0.78060913,1,1,0,0.018798828,0.009216309,25.026367,31,111,1,0,255,2,0,1782505569.4275022,193
25.031738,25.018831,0.578847,0.55760676,0.8545532,1,1,0,0.023132324,0.022277832,25.031738,61,111,1,0,255,2,0,1782505569.4275022,193
25.020752,25.008926,0.525167,0.5619423,0.66967773,1,1,0,0.020996094,0.022460938,25.020752,61,111,1,0,255,2,0,1782505569.4275022,193
25.035887,25.02662,0.36815494,0.572976,0.8935852,1,1,0,0.014709473,0.022888184,25.035889,61,111,1,0,255,2,0,1782505569.4275022,193
25.035645,25.026985,0.31621468,0.57755333,0.74328613,1,1,0,0.012634277,0.023071289,25.035645,61,111,1,0,255,2,0,1782505569.4275022,193
25.02905,25.016474,0.5833756,0.5376922,0.7455139,1,1,0,0.02331543,0.021484375,25.029053,26,112,0,0,255,2,0,1782505569.5269582,194
25.031492,25.020103,0.529985,0.53774464,0.7992859,1,1,0,0.0211792,0.021484375,25.031494,26,112,0,0,255,2,0,1782505569.5269582,194
25.0271,25.016758,0.47797838,0.5376502,0.67529297,1,1,0,0.019104004,0.021484375,25.0271,26,112,0,0,255,2,0,1782505569.5269582,194
25.027102,25.017723,0.42453578,0.5376502,0.70043945,1,1,0,0.016967773,0.021484375,25.0271,26,112,0,0,255,2,0,1782505569.5269582,194
25.031494,25.022942,0.37268367,0.53774464,0.7507324,1,1,0,0.014892578,0.021484375,25.031494,26,112,0,0,255,2,0,1782505569.5269582,194
25.031982,25.024778,0.26730362,0.53775513,0.7958069,1,1,0,0.010681152,0.021484375,25.031982,26,112,0,0,255,2,0,1782505569.5269582,194
25.031492,25.026783,0.37732446,0.30555263,0.68743896,1,1,0,0.015075684,0.012207031,25.031494,28,112,0,0,255,2,0,1782505569.5269582,194
25.026363,25.019817,0.5238679,0.23064746,0.7693176,1,1,0,0.020935059,0.009216309,25.026367,31,112,1,0,255,2,0,1782505569.5269582,194
25.028074,25.018736,0.586484,0.35133475,0.7342529,1,1,0,0.0234375,0.014038086,25.028076,60,112,0,0,255,2,0,1782505569.5269582,194
25.0271,25.01888,0.5345423,0.3543758,0.8764343,1,1,0,0.021362305,0.014160156,25.0271,60,112,0,0,255,2,0,1782505569.5269582,194
25.042236,25.02936,0.57756203,0.5578406,0.8759155,1,1,0,0.023071289,0.022277832,25.042236,61,112,1,0,255,2,0,1782505569.5269582,194
25.034668,25.024715,0.41854316,0.5683653,0.8935852,1,1,0,0.016723633,0.022705078,25.034668,61,112,1,0,255,2,0,1782505569.5269582,194
25.04004,25.030794,0.36668825,0.57307094,0.71655273,1,1,0,0.0146484375,0.022888184,25.04004,61,112,1,0,255,2,0,1782505569.5269582,194
25.031738,25.023132,0.31463847,0.57593584,0.99731445,1,1,0,0.012573242,0.023010254,25.031738,61,112,1,0,255,2,0,1782505569.5269582,194
25.031982,25.021551,0.48265323,0.53775513,0.8009949,1,1,0,0.01928711,0.021484375,25.031982,26,113,0,0,255,2,0,1782505569.6275704,195
25.031982,25.02527,0.21995434,0.53622764,0.7715454,1,1,0,0.0087890625,0.02142334,25.031982,26,113,0,0,255,2,0,1782505569.6275704,195
25.025146,25.017605,0.53298736,0.30547515,0.9995117,1,1,0,0.02130127,0.012207031,25.025146,28,113,0,0,255,2,0,1782505569.6275704,195
25.034668,25.02891,0.26123652,0.46906695,0.9059143,1,1,0,0.010437012,0.018737793,25.034668,29,113,1,0,255,2,0,1782505569.6275704,195
25.017332,25.010788,0.52367884,0.2305642,0.599823,1,1,0,0.020935059,0.009216309,25.017334,31,113,1,0,255,2,0,1782505569.6275704,195
25.022459,25.020048,0.26114404,0.22908428,0.8722229,1,1,0,0.010437012,0.009155273,25.02246,31,113,1,0,255,2,0,1782505569.6275704,195
25.031984,25.022686,0.5865766,0.34833422,0.81399536,1,1,0,0.0234375,0.013916016,25.031982,60,113,0,0,255,2,0,1782505569.6275704,195
25.033934,25.027742,0.4292899,0.3544726,0.74380493,1,1,0,0.017150879,0.014160156,25.033936,60,113,0,0,255,2,0,1782505569.6275704,195
25.034178,25.02878,0.3773546,0.35753167,1.2015076,1,1,0,0.015075684,0.014282227,25.03418,60,113,0,0,255,2,0,1782505569.6275704,195
25.033203,25.029505,0.21999156,0.36973968,1.1052856,1,1,0,0.0087890625,0.014770508,25.033203,60,113,0,0,255,2,0,1782505569.6275704,195
25.027344,25.016478,0.4718633,0.5666718,0.8915405,1,1,0,0.018859863,0.022644043,25.027344,61,113,1,0,255,2,0,1782505569.6275704,195
25.031738,25.022926,0.58963853,0.3055556,0.7455139,1,1,0,0.02355957,0.012207031,25.031738,28,114,0,0,255,2,0,1782505569.727246,196
25.032715,25.025072,0.5377308,0.30556753,0.83828735,1,1,0,0.021484375,0.012207031,25.032715,28,114,0,0,255,2,0,1782505569.727246,196
25.034182,25.02763,0.48429862,0.3055854,0.73599243,1,1,0,0.019348145,0.012207031,25.03418,28,114,0,0,255,2,0,1782505569.727246,196
25.032715,25.027958,0.38039806,0.30556753,0.7914734,1,1,0,0.015197754,0.012207031,25.032715,28,114,0,0,255,2,0,1782505569.727246,196
25.029055,25.025679,0.27495137,0.30552283,0.7533264,1,1,0,0.010986328,0.012207031,25.029053,28,114,0,0,255,2,0,1782505569.727246,196
25.031738,25.02888,0.22304156,0.3055556,0.84002686,1,1,0,0.008911133,0.012207031,25.031738,28,114,0,0,255,2,0,1782505569.727246,196
25.040041,25.028883,0.580608,0.47069567,0.71347046,1,1,0,0.02319336,0.018798828,25.04004,29,114,1,0,255,2,0,1782505569.727246,196
25.037842,25.027868,0.527093,0.47065437,0.7073059,1,1,0,0.021057129,0.018798828,25.037842,29,114,1,0,255,2,0,1782505569.727246,196
25.036621,25.027687,0.47513098,0.47063145,0.74328613,1,1,0,0.018981934,0.018798828,25.036621,29,114,1,0,255,2,0,1782505569.727246,196
25.037842,25.02984,0.4232133,0.47065437,0.69189453,1,1,0,0.016906738,0.018798828,25.037842,29,114,1,0,255,2,0,1782505569.727246,196
25.025146,25.017996,0.36955538,0.47041574,0.9182434,1,1,0,0.014770508,0.018798828,25.025146,29,114,1,0,255,2,0,1782505569.727246,196
25.026367,25.01993,0.31765288,0.4704387,0.67276,1,1,0,0.0126953125,0.018798828,25.026367,29,114,1,0,255,2,0,1782505569.727246,196
25.030762,25.024956,0.26577798,0.46899378,0.80526733,1,1,0,0.010620117,0.018737793,25.030762,29,114,1,0,255,2,0,1782505569.727246,196
25.026367,25.019852,0.52234083,0.23064746,0.77853394,1,1,0,0.020874023,0.009216309,25.026367,31,114,1,0,255,2,0,1782505569.727246,196
25.036621,25.032907,0.365191,0.22921392,0.7875061,1,1,0,0.014587402,0.009155273,25.036621,31,114,1,0,255,2,0,1782505569.727246,196
25.031984,25.023838,0.5361762,0.34680653,0.82873535,1,1,0,0.02142334,0.0138549805,25.031982,60,114,0,0,255,2,0,1782505569.727246,196
25.034424,25.027323,0.48276457,0.349896,0.95010376,1,1,0,0.01928711,0.013977051,25.034424,60,114,0,0,255,2,0,1782505569.727246,196
25.029053,25.023634,0.37880462,0.35745844,1.0081787,1,1,0,0.015136719,0.014282227,25.029053,60,114,0,0,255,2,0,1782505569.727246,196
25.026121,25.021389,0.32530862,0.36199856,0.7879944,1,1,0,0.013000488,0.014465332,25.026123,60,114,0,0,255,2,0,1782505569.727246,196
25.035156,25.024292,0.4735386,0.565321,0.94595337,1,1,0,0.018920898,0.022583008,25.035156,61,114,1,0,255,2,0,1782505569.727246,196
25.034668,25.02463,0.42159733,0.5698928,0.9921875,1,1,0,0.016845703,0.022766113,25.034668,61,114,1,0,255,2,0,1782505569.727246,196
25.026367,25.01771,0.3160975,0.57733935,0.70458984,1,1,0,0.012634277,0.023071289,25.026367,61,114,1,0,255,2,0,1782505569.727246,196
25.03418,25.021564,0.5850223,0.53780234,0.7897339,1,1,0,0.023376465,0.021484375,25.03418,26,115,0,0,255,2,0,1782505569.8277419,197
25.034424,25.022968,0.5331016,0.5378076,0.98825073,1,1,0,0.02130127,0.021484375,25.034424,26,115,0,0,255,2,0,1782505569.8277419,197
25.04004,25.03231,0.57763016,0.23077346,0.836853,1,1,0,0.023071289,0.009216309,25.04004,31,115,1,0,255,2,0,1782505569.8277419,197
25.027342,25.020763,0.52541554,0.23065646,0.80319214,1,1,0,0.020996094,0.009216309,25.027344,31,115,1,0,255,2,0,1782505569.8277419,197
25.028563,25.02302,0.47351453,0.23066771,0.82373047,1,1,0,0.018920898,0.009216309,25.028564,31,115,1,0,255,2,0,1782505569.8277419,197
25.023924,25.019337,0.4199807,0.23062496,0.64297485,1,1,0,0.016784668,0.009216309,25.023926,31,115,1,0,255,2,0,1782505569.8277419,197
25.035646,25.031887,0.3682324,0.22920498,0.6959839,1,1,0,0.014709473,0.009155273,25.035645,31,115,1,0,255,2,0,1782505569.8277419,197
25.032715,25.023453,0.58506644,0.34834442,0.7472534,1,1,0,0.023376465,0.013916016,25.032715,60,115,0,0,255,2,0,1782505569.8277419,197
25.03247,25.024452,0.5331332,0.34223017,0.72473145,1,1,0,0.02130127,0.013671875,25.03247,60,115,0,0,255,2,0,1782505569.8277419,197
25.032715,25.027384,0.3758056,0.35445532,1.0584717,1,1,0,0.015014648,0.014160156,25.032715,60,115,0,0,255,2,0,1782505569.8277419,197
25.031494,25.027414,0.27038723,0.36207625,0.84262085,1,1,0,0.010803223,0.014465332,25.031494,60,115,0,0,255,2,0,1782505569.8277419,197
25.03662,25.024889,0.52397406,0.55924326,0.7761841,1,1,0,0.020935059,0.022338867,25.036621,61,115,1,0,255,2,0,1782505569.8277419,197
25.036623,25.025885,0.47051272,0.5622987,0.7247925,1,1,0,0.018798828,0.022460938,25.036621,61,115,1,0,255,2,0,1782505569.8277419,197
25.031006,25.02109,0.4184825,0.56675476,0.66207886,1,1,0,0.016723633,0.022644043,25.031006,61,115,1,0,255,2,0,1782505569.8277419,197
25.02417,25.015001,0.3664569,0.56965387,0.613739,1,1,0,0.0146484375,0.022766113,25.02417,61,115,1,0,255,2,0,1782505569.8277419,197
25.03125,25.018671,0.5834268,0.5377394,0.638031,1,1,0,0.02331543,0.021484375,25.03125,26,116,0,0,255,2,0,1782505569.9281747,198
25.031492,25.022087,0.42613754,0.53774464,0.86776733,1,1,0,0.017028809,0.021484375,25.031494,26,116,0,0,255,2,0,1782505569.9281747,198
25.032469,25.023108,0.5865865,0.35292414,0.7862549,1,1,0,0.0234375,0.014099121,25.03247,60,116,0,0,255,2,0,1782505569.9281747,198
25.029053,25.020962,0.5345867,0.34523842,0.7793274,1,1,0,0.021362305,0.013793945,25.029053,60,116,0,0,255,2,0,1782505569.9281747,198
25.031494,25.025324,0.42924842,0.35291037,1.1018066,1,1,0,0.017150879,0.014099121,25.031494,60,116,0,0,255,2,0,1782505569.9281747,198
25.023926,25.013096,0.47179952,0.56506747,0.7312927,1,1,0,0.018859863,0.022583008,25.023926,61,116,1,0,255,2,0,1782505569.9281747,198
25.028564,25.01996,0.3145986,0.5758628,0.7970276,1,1,0,0.012573242,0.023010254,25.028564,61,116,1,0,255,2,0,1782505569.9281747,198
25.032957,25.026247,0.21996292,0.53624856,0.71691895,1,1,0,0.0087890625,0.02142334,25.032959,26,117,0,0,255,2,0,1782505570.0279598,199
25.036377,25.030005,0.3147249,0.469099,0.9665222,1,1,0,0.012573242,0.018737793,25.036377,29,117,1,0,255,2,0,1782505570.0279598,199
25.031494,25.02219,0.58503693,0.35138273,0.69869995,1,1,0,0.023376465,0.014038086,25.031494,60,117,0,0,255,2,0,1782505570.0279598,199
25.029055,25.024952,0.27036065,0.36356843,0.83480835,1,1,0,0.010803223,0.014526367,25.029053,60,117,0,0,255,2,0,1782505570.0279598,199
25.042236,25.029428,0.5760352,0.5563125,0.92318726,1,1,0,0.023010254,0.022216797,25.042236,61,117,1,0,255,2,0,1782505570.0279598,199
25.022951,25.012184,0.47025514,0.5635185,0.68917847,1,1,0,0.018798828,0.022521973,25.02295,61,117,1,0,255,2,0,1782505570.0279598,199
25.02295,25.013002,0.41834724,0.5680992,0.7487488,1,1,0,0.016723633,0.022705078,25.02295,61,117,1,0,255,2,0,1782505570.0279598,199
25.028807,25.020748,0.26115134,0.57892287,0.64663696,1,1,0,0.010437012,0.023132324,25.028809,61,117,1,0,255,2,0,1782505570.0279598,199
25.028076,25.019434,0.37874106,0.5376712,0.68310547,1,1,0,0.015136719,0.021484375,25.028076,26,118,0,0,255,2,0,1782505570.1277924,200
25.028074,25.01941,0.583444,0.3055109,0.7940674,1,1,0,0.02331543,0.012207031,25.028076,28,118,0,0,255,2,0,1782505570.1277924,200
25.032959,25.025448,0.53162634,0.3055705,0.82006836,1,1,0,0.021240234,0.012207031,25.032959,28,118,0,0,255,2,0,1782505570.1277924,200
25.03247,25.026037,0.4781557,0.30556455,0.73599243,1,1,0,0.019104004,0.012207031,25.03247,28,118,0,0,255,2,0,1782505570.1277924,200
25.032715,25.02722,0.42622495,0.30556753,0.7550659,1,1,0,0.017028809,0.012207031,25.032715,28,118,0,0,255,2,0,1782505570.1277924,200
25.04004,25.029024,0.5744974,0.47069567,0.82244873,1,1,0,0.022949219,0.018798828,25.04004,29,118,1,0,255,2,0,1782505570.1277924,200
25.023926,25.014086,0.52069306,0.4703928,0.67892456,1,1,0,0.020812988,0.018798828,25.023926,29,118,1,0,255,2,0,1782505570.1277924,200
25.032959,25.026596,0.31162655,0.4705626,0.8175659,1,1,0,0.012451172,0.018798828,25.032959,29,118,1,0,255,2,0,1782505570.1277924,200
25.032959,25.027233,0.2581636,0.46903494,0.7610779,1,1,0,0.010314941,0.018737793,25.032959,29,118,1,0,255,2,0,1782505570.1277924,200
25.025145,25.017527,0.57270575,0.23063621,0.79086304,1,1,0,0.022888184,0.009216309,25.025146,31,118,1,0,255,2,0,1782505570.1277924,200
25.031734,25.025251,0.5209255,0.23069696,0.8607178,1,1,0,0.020812988,0.009216309,25.031738,31,118,1,0,255,2,0,1782505570.1277924,200
25.031738,25.026295,0.4689924,0.22916922,0.92440796,1,1,0,0.018737793,0.009155273,25.031738,31,118,1,0,255,2,0,1782505570.1277924,200
25.026367,25.02187,0.41544032,0.22912005,0.85250854,1,1,0,0.016601562,0.009155273,25.026367,31,118,1,0,255,2,0,1782505570.1277924,200
25.026367,25.022678,0.36351416,0.22912005,0.79086304,1,1,0,0.014526367,0.009155273,25.026367,31,118,1,0,255,2,0,1782505570.1277924,200
25.031984,25.02267,0.58810437,0.34680653,0.72732544,1,1,0,0.023498535,0.0138549805,25.031982,60,118,0,0,255,2,0,1782505570.1277924,200
25.032717,25.025616,0.4827316,0.3498721,0.7307739,1,1,0,0.01928711,0.013977051,25.032715,60,118,0,0,255,2,0,1782505570.1277924,200
25.028078,25.02438,0.21994652,0.36966395,0.83654785,1,1,0,0.0087890625,0.014770508,25.028076,60,118,0,0,255,2,0,1782505570.1277924,200
25.025143,25.012207,0.5786937,0.55898696,0.70666504,1,1,0,0.023132324,0.022338867,25.025146,61,118,1,0,255,2,0,1782505570.1277924,200
25.030762,25.018932,0.5253771,0.5621671,0.7579956,1,1,0,0.020996094,0.022460938,25.030762,61,118,1,0,255,2,0,1782505570.1277924,200
25.031738,25.02244,0.36809343,0.5744084,0.90179443,1,1,0,0.014709473,0.022949219,25.031738,61,118,1,0,255,2,0,1782505570.1277924,200
25.022953,25.014843,0.26261663,0.5803142,0.7107544,1,1,0,0.010498047,0.02319336,25.02295,61,118,1,0,255,2,0,1782505570.1277924,200
25.031738,25.02025,0.5345715,0.5377499,1.0437317,1,1,0,0.021362305,0.021484375,25.031738,26,119,0,0,255,2,0,1782505570.2273073,201
25.031982,25.02641,0.43079495,0.3055586,0.7992859,1,1,0,0.017211914,0.012207031,25.031982,28,119,0,0,255,2,0,1782505570.2273073,201
25.031982,25.028624,0.27345592,0.3055586,0.84436035,1,1,0,0.010925293,0.012207031,25.031982,28,119,0,0,255,2,0,1782505570.2273073,201
25.018312,25.007235,0.5770515,0.47028723,0.66763306,1,1,0,0.023071289,0.018798828,25.01831,29,119,1,0,255,2,0,1782505570.2273073,201
25.030762,25.020824,0.5254168,0.4705213,0.87713623,1,1,0,0.020996094,0.018798828,25.030762,29,119,1,0,255,2,0,1782505570.2273073,201
25.031738,25.024607,0.36812532,0.47053966,0.86483765,1,1,0,0.014709473,0.018798828,25.031738,29,119,1,0,255,2,0,1782505570.2273073,201
25.01831,25.011894,0.31602404,0.47028723,0.71588135,1,1,0,0.012634277,0.018798828,25.01831,29,119,1,0,255,2,0,1782505570.2273073,201
25.030762,25.023071,0.5758889,0.23068796,0.80114746,1,1,0,0.023010254,0.009216309,25.030762,31,119,1,0,255,2,0,1782505570.2273073,201
25.023924,25.017378,0.5238168,0.23062496,0.7816162,1,1,0,0.020935059,0.009216309,25.023926,31,119,1,0,255,2,0,1782505570.2273073,201
25.028563,25.023048,0.47198725,0.23066771,0.82785034,1,1,0,0.018859863,0.009216309,25.028564,31,119,1,0,255,2,0,1782505570.2273073,201
25.03247,25.024445,0.531605,0.34528556,0.6311035,1,1,0,0.021240234,0.013793945,25.03247,60,119,0,0,255,2,0,1782505570.2273073,201
25.031736,25.024696,0.479658,0.34985846,0.71432495,1,1,0,0.019165039,0.013977051,25.031738,60,119,0,0,255,2,0,1782505570.2273073,201
25.031004,25.024862,0.4277126,0.3529035,0.74380493,1,1,0,0.017089844,0.014099121,25.031006,60,119,0,0,255,2,0,1782505570.2273073,201
25.031984,25.026632,0.37426648,0.35750028,1.0653992,1,1,0,0.014953613,0.014282227,25.031982,60,119,0,0,255,2,0,1782505570.2273073,201
25.032227,25.02812,0.2688671,0.36514223,0.98132324,1,1,0,0.0107421875,0.014587402,25.032227,60,119,0,0,255,2,0,1782505570.2273073,201
25.04004,25.027233,0.57445633,0.55779165,0.8923645,1,1,0,0.022949219,0.022277832,25.04004,61,119,1,0,255,2,0,1782505570.2273073,201
25.035646,25.02484,0.47049308,0.56533206,0.80804443,1,1,0,0.018798828,0.022583008,25.035645,61,119,1,0,255,2,0,1782505570.2273073,201
25.03345,25.023487,0.41699487,0.56986505,0.6723633,1,1,0,0.016662598,0.022766113,25.033447,61,119,1,0,255,2,0,1782505570.2273073,201
25.028563,25.019344,0.36499316,0.5728084,0.829895,1,1,0,0.014587402,0.022888184,25.028564,61,119,1,0,255,2,0,1782505570.2273073,201
25.03076,25.022194,0.31157175,0.57591337,0.9757385,1,1,0,0.012451172,0.023010254,25.030762,61,119,1,0,255,2,0,1782505570.2273073,201
25.033203,25.023771,0.42769396,0.53778136,0.85562134,1,1,0,0.017089844,0.021484375,25.033203,26,120,0,0,255,2,0,1782505570.327381,202
25.03418,25.026941,0.27038214,0.53780234,1.0029907,1,1,0,0.010803223,0.021484375,25.03418,26,120,0,0,255,2,0,1782505570.327381,202
25.032715,25.02512,0.5346756,0.30709532,0.7897339,1,1,0,0.021362305,0.012268066,25.032715,28,120,0,0,255,2,0,1782505570.327381,202
25.034182,25.030838,0.27195218,0.3055854,0.8972168,1,1,0,0.010864258,0.012207031,25.03418,28,120,0,0,255,2,0,1782505570.327381,202
25.026365,25.018606,0.57884175,0.23064746,0.69125366,1,1,0,0.023132324,0.009216309,25.026367,31,120,1,0,255,2,0,1782505570.327381,202
25.023922,25.017313,0.5268707,0.23062496,0.750824,1,1,0,0.021057129,0.009216309,25.023926,31,120,1,0,255,2,0,1782505570.327381,202
25.017332,25.011793,0.4733021,0.2305642,0.599823,1,1,0,0.018920898,0.009216309,25.017334,31,120,1,0,255,2,0,1782505570.327381,202
25.02295,25.020506,0.26420337,0.22908875,0.7867737,1,1,0,0.010559082,0.009155273,25.02295,31,120,1,0,255,2,0,1782505570.327381,202
25.032227,25.02285,0.5881086,0.351393,0.7420654,1,1,0,0.023498535,0.014038086,25.032227,60,120,0,0,255,2,0,1782505570.327381,202
25.033934,25.026814,0.48275477,0.351417,1.1495056,1,1,0,0.01928711,0.014038086,25.033936,60,120,0,0,255,2,0,1782505570.327381,202
25.03247,25.027029,0.378856,0.35903496,0.7602539,1,1,0,0.015136719,0.014343262,25.03247,60,120,0,0,255,2,0,1782505570.327381,202
25.032715,25.02798,0.3253943,0.3620939,0.81399536,1,1,0,0.013000488,0.014465332,25.032715,60,120,0,0,255,2,0,1782505570.327381,202
25.032959,25.02878,0.27345765,0.36668062,0.84695435,1,1,0,0.010925293,0.0146484375,25.032959,60,120,0,0,255,2,0,1782505570.327381,202
25.020752,25.007816,0.5785921,0.5588888,0.6511841,1,1,0,0.023132324,0.022338867,25.020752,61,120,1,0,255,2,0,1782505570.327381,202
25.043455,25.032555,0.47369498,0.5670366,0.79571533,1,1,0,0.018920898,0.022644043,25.043457,61,120,1,0,255,2,0,1782505570.327381,202
25.035643,25.02557,0.4216132,0.5714428,0.70526123,1,1,0,0.016845703,0.022827148,25.035645,61,120,1,0,255,2,0,1782505570.327381,202
25.032715,25.025494,0.27189413,0.5362433,0.83654785,1,1,0,0.010864258,0.02142334,25.032715,26,121,0,0,255,2,0,1782505570.4278333,203
25.031006,25.023378,0.53616637,0.30707434,0.7472534,1,1,0,0.02142334,0.012268066,25.031006,28,121,0,0,255,2,0,1782505570.4278333,203
25.025145,25.018608,0.48259646,0.30700245,0.8122864,1,1,0,0.01928711,0.012268066,25.025146,28,121,0,0,255,2,0,1782505570.4278333,203
25.034424,25.028004,0.31622756,0.47059014,0.763855,1,1,0,0.012634277,0.018798828,25.034424,29,121,1,0,255,2,0,1782505570.4278333,203
25.029543,25.02374,0.26271006,0.47049835,0.7456665,1,1,0,0.010498047,0.018798828,25.029541,29,121,1,0,255,2,0,1782505570.4278333,203
25.031736,25.024012,0.57743865,0.23069696,0.91000366,1,1,0,0.023071289,0.009216309,25.031738,31,121,1,0,255,2,0,1782505570.4278333,203
25.027344,25.024916,0.2627224,0.22912899,0.74053955,1,1,0,0.010498047,0.009155273,25.027344,31,121,1,0,255,2,0,1782505570.4278333,203
25.03247,25.024399,0.53466016,0.34375787,0.70739746,1,1,0,0.021362305,0.01373291,25.03247,60,121,0,0,255,2,0,1782505570.4278333,203
25.032719,25.02566,0.48273247,0.3468167,1.0324707,1,1,0,0.01928711,0.0138549805,25.032715,60,121,0,0,255,2,0,1782505570.4278333,203
25.03247,25.026323,0.42926556,0.35139644,0.8122864,1,1,0,0.017150879,0.014038086,25.03247,60,121,0,0,255,2,0,1782505570.4278333,203
25.028076,25.024424,0.2199469,0.3666091,0.7342529,1,1,0,0.0087890625,0.0146484375,25.028076,60,121,0,0,255,2,0,1782505570.4278333,203
25.027344,25.01451,0.57721937,0.5559817,0.74053955,1,1,0,0.023071289,0.022216797,25.027344,61,121,1,0,255,2,0,1782505570.4278333,203
25.028564,25.018623,0.41996872,0.56669945,0.7312927,1,1,0,0.016784668,0.022644043,25.028564,61,121,1,0,255,2,0,1782505570.4278333,203
25.045654,25.036444,0.366771,0.57167125,0.8944092,1,1,0,0.0146484375,0.022827148,25.045654,61,121,1,0,255,2,0,1782505570.4278333,203
25.035156,25.027079,0.26274508,0.5790697,1.1421509,1,1,0,0.010498047,0.023132324,25.035156,61,121,1,0,255,2,0,1782505570.4278333,203
25.033934,25.02445,0.43076125,0.5377971,0.71951294,1,1,0,0.017211914,0.021484375,25.033936,26,122,0,0,255,2,0,1782505570.5275404,204
25.026121,25.018496,0.53606176,0.30701444,0.7767334,1,1,0,0.02142334,0.012268066,25.026123,28,122,0,0,255,2,0,1782505570.5275404,204
25.03003,25.025297,0.3788298,0.30553475,0.83654785,1,1,0,0.015136719,0.012207031,25.03003,28,122,0,0,255,2,0,1782505570.5275404,204
25.028076,25.024076,0.32687113,0.3055109,0.82006836,1,1,0,0.013061523,0.012207031,25.028076,28,122,0,0,255,2,0,1782505570.5275404,204
25.031734,25.024046,0.57591134,0.23069696,0.78060913,1,1,0,0.023010254,0.009216309,25.031738,31,122,1,0,255,2,0,1782505570.5275404,204
25.035156,25.029802,0.37584192,0.35601774,0.99606323,1,1,0,0.015014648,0.014221191,25.035156,60,122,0,0,255,2,0,1782505570.5275404,204
25.034668,25.025425,0.3666096,0.57294804,1.0230103,1,1,0,0.0146484375,0.022888184,25.034668,61,122,1,0,255,2,0,1782505570.5275404,204
25.033936,25.02132,0.58501655,0.5377971,0.7585144,1,1,0,0.023376465,0.021484375,25.033936,26,123,0,0,255,2,0,1782505570.627317,205
25.031248,25.024044,0.27035084,0.53621197,1.0619507,1,1,0,0.010803223,0.02142334,25.03125,26,123,0,0,255,2,0,1782505570.627317,205
25.045652,25.037973,0.5762319,0.22929662,0.88619995,1,1,0,0.023010254,0.009155273,25.045654,31,123,1,0,255,2,0,1782505570.627317,205
25.031006,25.02687,0.27343678,0.3635968,0.85910034,1,1,0,0.010925293,0.014526367,25.031006,60,123,0,0,255,2,0,1782505570.627317,205
25.033201,25.029528,0.21999176,0.36821193,0.86602783,1,1,0,0.0087890625,0.014709473,25.033203,60,123,0,0,255,2,0,1782505570.627317,205
25.032225,25.019318,0.57885826,0.5576176,0.63534546,1,1,0,0.023132324,0.022277832,25.032227,61,123,1,0,255,2,0,1782505570.627317,205
25.025145,25.013353,0.5252599,0.560514,0.7446594,1,1,0,0.020996094,0.022399902,25.025146,61,123,1,0,255,2,0,1782505570.627317,205
25.037842,25.027012,0.47359008,0.5638539,0.67852783,1,1,0,0.018920898,0.022521973,25.037842,61,123,1,0,255,2,0,1782505570.627317,205
25.029541,25.020313,0.36806214,0.5713034,0.8340149,1,1,0,0.014709473,0.022827148,25.029541,61,123,1,0,255,2,0,1782505570.627317,205
25.035156,25.026531,0.31620896,0.57601446,1.019928,1,1,0,0.012634277,0.023010254,25.035156,61,123,1,0,255,2,0,1782505570.627317,205
25.031004,25.018354,0.5864751,0.53773415,0.71951294,1,1,0,0.0234375,0.021484375,25.031006,26,124,0,0,255,2,0,1782505570.7279234,206
25.032957,25.022556,0.48114482,0.5377761,0.83047485,1,1,0,0.019226074,0.021484375,25.032959,26,124,0,0,255,2,0,1782505570.7279234,206
25.034422,25.02445,0.52702105,0.47059014,0.64871216,1,1,0,0.021057129,0.018798828,25.034424,29,124,1,0,255,2,0,1782505570.7279234,206
25.041258,25.033495,0.57918626,0.23078471,0.9190979,1,1,0,0.023132324,0.009216309,25.04126,31,124,1,0,255,2,0,1782505570.7279234,206
25.031736,25.025124,0.5270352,0.23069696,0.9038696,1,1,0,0.021057129,0.009216309,25.031738,31,124,1,0,255,2,0,1782505570.7279234,206
25.02295,25.01917,0.36957273,0.22908875,0.79086304,1,1,0,0.014770508,0.009155273,25.02295,31,124,1,0,255,2,0,1782505570.7279234,206
25.025146,25.0221,0.31615296,0.22910887,0.7251282,1,1,0,0.012634277,0.009155273,25.025146,31,124,1,0,255,2,0,1782505570.7279234,206
25.026123,25.02075,0.375706,0.35741663,0.9266968,1,1,0,0.015014648,0.014282227,25.026123,60,124,0,0,255,2,0,1782505570.7279234,206
25.028564,25.01573,0.5757199,0.55753607,0.8442688,1,1,0,0.023010254,0.022277832,25.028564,61,124,1,0,255,2,0,1782505570.7279234,206
25.033205,25.021782,0.53154844,0.53778136,0.7455139,1,1,0,0.021240234,0.021484375,25.033203,26,125,0,0,255,2,0,1782505570.827794,207
25.033447,25.026258,0.2688471,0.536259,0.7325134,1,1,0,0.0107421875,0.02142334,25.033447,26,125,0,0,255,2,0,1782505570.827794,207
25.034182,25.025404,0.58816856,0.3055854,1.0324707,1,1,0,0.023498535,0.012207031,25.03418,28,125,0,0,255,2,0,1782505570.827794,207
25.03247,25.024876,0.53467035,0.3070923,0.7828064,1,1,0,0.021362305,0.012268066,25.03247,28,125,0,0,255,2,0,1782505570.827794,207
25.03882,25.033016,0.26280743,0.47067273,0.7854309,1,1,0,0.010498047,0.018798828,25.038818,29,125,1,0,255,2,0,1782505570.827794,207
25.030762,25.023037,0.5774161,0.23068796,0.8586731,1,1,0,0.023071289,0.009216309,25.030762,31,125,1,0,255,2,0,1782505570.827794,207
25.028078,25.019978,0.5330379,0.34827986,0.74380493,1,1,0,0.02130127,0.013916016,25.028076,60,125,0,0,255,2,0,1782505570.827794,207
25.03247,25.025377,0.4811991,0.35139644,1.0749512,1,1,0,0.019226074,0.014038086,25.03247,60,125,0,0,255,2,0,1782505570.827794,207
25.031006,25.024794,0.4292393,0.35595873,0.86776733,1,1,0,0.017150879,0.014221191,25.031006,60,125,0,0,255,2,0,1782505570.827794,207
25.03662,25.023746,0.5759044,0.55924326,0.74124146,1,1,0,0.023010254,0.022338867,25.036621,61,125,1,0,255,2,0,1782505570.827794,207
25.026363,25.014536,0.52375734,0.56359553,0.8216858,1,1,0,0.020935059,0.022521973,25.026367,61,125,1,0,255,2,0,1782505570.827794,207
25.030762,25.02074,0.41847667,0.5713313,0.7970276,1,1,0,0.016723633,0.022827148,25.030762,61,125,1,0,255,2,0,1782505570.827794,207
25.025145,25.016472,0.31455472,0.57883817,0.8216858,1,1,0,0.012573242,0.023132324,25.025146,61,125,1,0,255,2,0,1782505570.827794,207
25.032715,25.0201,0.58498806,0.53777087,0.9336548,1,1,0,0.023376465,0.021484375,25.032715,26,126,0,0,255,2,0,1782505570.9279144,208
25.031494,25.023623,0.32381004,0.53774464,0.83828735,1,1,0,0.012939453,0.021484375,25.031494,26,126,0,0,255,2,0,1782505570.9279144,208
25.027098,25.019491,0.5360831,0.305499,0.679657,1,1,0,0.02142334,0.012207031,25.0271,28,126,0,0,255,2,0,1782505570.9279144,208
25.032715,25.026165,0.48427027,0.30556753,0.98651123,1,1,0,0.019348145,0.012207031,25.032715,28,126,0,0,255,2,0,1782505570.9279144,208
25.02295,25.01585,0.36799648,0.4688474,0.7846985,1,1,0,0.014709473,0.018737793,25.02295,29,126,1,0,255,2,0,1782505570.9279144,208
25.028807,25.024284,0.4170082,0.2291424,0.64974976,1,1,0,0.016662598,0.009155273,25.028809,31,126,1,0,255,2,0,1782505570.9279144,208
25.021729,25.019333,0.2596093,0.22907758,0.7333679,1,1,0,0.010375977,0.009155273,25.021729,31,126,1,0,255,2,0,1782505570.9279144,208
25.03125,25.02317,0.5331059,0.3467964,0.6484375,1,1,0,0.02130127,0.0138549805,25.03125,60,126,0,0,255,2,0,1782505570.9279144,208
25.031738,25.024668,0.4811854,0.34985846,0.6779175,1,1,0,0.019226074,0.013977051,25.031738,60,126,0,0,255,2,0,1782505570.9279144,208
25.031982,25.025791,0.4292564,0.35444495,0.84262085,1,1,0,0.017150879,0.014160156,25.031982,60,126,0,0,255,2,0,1782505570.9279144,208
25.031006,25.026293,0.3238446,0.3620692,0.7914734,1,1,0,0.012939453,0.014465332,25.031006,60,126,0,0,255,2,0,1782505570.9279144,208
25.040037,25.027163,0.57598305,0.5593196,0.7463684,1,1,0,0.023010254,0.022338867,25.04004,61,126,1,0,255,2,0,1782505570.9279144,208
25.032957,25.021158,0.523896,0.56221646,0.78778076,1,1,0,0.020935059,0.022460938,25.032959,61,126,1,0,255,2,0,1782505570.9279144,208
25.034422,25.023554,0.47199678,0.5668321,0.77001953,1,1,0,0.018859863,0.022644043,25.034424,61,126,1,0,255,2,0,1782505570.9279144,208
25.036621,25.026632,0.4185752,0.5699373,0.7103882,1,1,0,0.016723633,0.022766113,25.036621,61,126,1,0,255,2,0,1782505570.9279144,208
25.035156,25.026535,0.3131535,0.57754207,1.1318665,1,1,0,0.012512207,0.023071289,25.035156,61,126,1,0,255,2,0,1782505570.9279144,208
25.02295,25.01482,0.26108947,0.5818411,0.69021606,1,1,0,0.010437012,0.023254395,25.02295,61,126,1,0,255,2,0,1782505570.9279144,208
25.031494,25.020006,0.53456634,0.53774464,0.7325134,1,1,0,0.021362305,0.021484375,25.031494,26,127,0,0,255,2,0,1782505571.0274937,209
25.031248,25.024538,0.2199479,0.53621197,0.7585144,1,1,0,0.0087890625,0.02142334,25.03125,26,127,0,0,255,2,0,1782505571.0274937,209
25.032228,25.022287,0.5254475,0.47054884,0.70217896,1,1,0,0.020996094,0.018798828,25.032227,29,127,1,0,255,2,0,1782505571.0274937,209
25.029541,25.021887,0.5743336,0.23067671,0.71588135,1,1,0,0.022949219,0.009216309,25.029541,31,127,1,0,255,2,0,1782505571.0274937,209
25.033447,25.02693,0.5224886,0.23071271,0.7905884,1,1,0,0.020874023,0.009216309,25.033447,31,127,1,0,255,2,0,1782505571.0274937,209
25.030762,25.026237,0.41704074,0.22916028,0.86483765,1,1,0,0.016662598,0.009155273,25.030762,31,127,1,0,255,2,0,1782505571.0274937,209
25.036865,25.033152,0.3651946,0.22921616,1.1575623,1,1,0,0.014587402,0.009155273,25.036865,31,127,1,0,255,2,0,1782505571.0274937,209
25.020752,25.018356,0.25959918,0.22906864,0.67276,1,1,0,0.010375977,0.009155273,25.020752,31,127,1,0,255,2,0,1782505571.0274937,209
25.03247,25.023222,0.5835329,0.3498687,0.7810669,1,1,0,0.02331543,0.013977051,25.03247,60,127,0,0,255,2,0,1782505571.0274937,209
25.028078,25.020031,0.53151125,0.3467524,1.0549927,1,1,0,0.021240234,0.0138549805,25.028076,60,127,0,0,255,2,0,1782505571.0274937,209
25.032715,25.02568,0.47814888,0.35139987,0.86602783,1,1,0,0.019104004,0.014038086,25.032715,60,127,0,0,255,2,0,1782505571.0274937,209
25.031004,25.024866,0.42618486,0.35443112,0.81573486,1,1,0,0.017028809,0.014160156,25.031006,60,127,0,0,255,2,0,1782505571.0274937,209
25.03125,25.025877,0.37425518,0.35901746,0.7793274,1,1,0,0.014953613,0.014343262,25.03125,60,127,0,0,255,2,0,1782505571.0274937,209
25.031006,25.02633,0.32078964,0.3620692,0.7698059,1,1,0,0.012817383,0.014465332,25.031006,60,127,0,0,255,2,0,1782505571.0274937,209
25.034182,25.03005,0.26888782,0.3666985,0.82180786,1,1,0,0.0107421875,0.0146484375,25.03418,60,127,0,0,255,2,0,1782505571.0274937,209
25.029541,25.016706,0.5742147,0.55908513,0.9428711,1,1,0,0.022949219,0.022338867,25.029541,61,127,1,0,255,2,0,1782505571.0274937,209
25.025146,25.01338,0.52067834,0.56356806,0.92645264,1,1,0,0.020812988,0.022521973,25.025146,61,127,1,0,255,2,0,1782505571.0274937,209
25.035646,25.024834,0.468965,0.5668598,0.68777466,1,1,0,0.018737793,0.022644043,25.035645,61,127,1,0,255,2,0,1782505571.0274937,209
25.02075,25.01076,0.4167828,0.57110286,0.6008606,1,1,0,0.016662598,0.022827148,25.020752,61,127,1,0,255,2,0,1782505571.0274937,209
25.025146,25.015917,0.36341596,0.5742572,0.7744446,1,1,0,0.014526367,0.022949219,25.025146,61,127,1,0,255,2,0,1782505571.0274937,209
25.025146,25.016512,0.31150097,0.57883817,0.7251282,1,1,0,0.012451172,0.023132324,25.025146,61,127,1,0,255,2,0,1782505571.0274937,209
25.03174,25.02364,0.25812653,0.58204544,0.94802856,1,1,0,0.010314941,0.023254395,25.031738,61,127,1,0,255,2,0,1782505571.0274937,209
25.031982,25.019331,0.58649796,0.53775513,0.8044739,1,1,0,0.0234375,0.021484375,25.031982,26,128,0,0,255,2,0,1782505571.1278608,210
25.031006,25.02244,0.37573138,0.5362067,0.81747437,1,1,0,0.015014648,0.02142334,25.031006,26,128,0,0,255,2,0,1782505571.1278608,210
25.032227,25.024387,0.32381994,0.5362329,1.0142517,1,1,0,0.012939453,0.02142334,25.032227,26,128,0,0,255,2,0,1782505571.1278608,210
25.0271,25.01988,0.27183312,0.53612304,0.7793274,1,1,0,0.010864258,0.02142334,25.0271,26,128,0,0,255,2,0,1782505571.1278608,210
25.02881,25.018904,0.5238488,0.47048458,0.67749023,1,1,0,0.020935059,0.018798828,25.028809,29,128,1,0,255,2,0,1782505571.1278608,210
25.040041,25.032116,0.4186669,0.47069567,0.8820801,1,1,0,0.016723633,0.018798828,25.04004,29,128,1,0,255,2,0,1782505571.1278608,210
25.035156,25.029398,0.2612416,0.4690761,0.9921875,1,1,0,0.010437012,0.018737793,25.035156,29,128,1,0,255,2,0,1782505571.1278608,210
25.032955,25.025196,0.5789942,0.23070821,0.87713623,1,1,0,0.023132324,0.009216309,25.032959,31,128,1,0,255,2,0,1782505571.1278608,210
25.034422,25.02781,0.52709174,0.23072171,0.7844238,1,1,0,0.021057129,0.009216309,25.034424,31,128,1,0,255,2,0,1782505571.1278608,210
25.026367,25.021769,0.42154914,0.22912005,0.73028564,1,1,0,0.016845703,0.009155273,25.026367,31,128,1,0,255,2,0,1782505571.1278608,210
25.015135,25.012072,0.31755313,0.22901723,0.6398926,1,1,0,0.0126953125,0.009155273,25.015137,31,128,1,0,255,2,0,1782505571.1278608,210
25.027098,25.017796,0.5849342,0.35132104,1.1936951,1,1,0,0.023376465,0.014038086,25.0271,60,128,0,0,255,2,0,1782505571.1278608,210
25.03247,25.024347,0.533131,0.3498687,0.72906494,1,1,0,0.02130127,0.013977051,25.03247,60,128,0,0,255,2,0,1782505571.1278608,210
25.032225,25.02511,0.48119393,0.35292068,0.7879944,1,1,0,0.019226074,0.014099121,25.032227,60,128,0,0,255,2,0,1782505571.1278608,210
25.03296,25.026752,0.4277449,0.35751423,0.7862549,1,1,0,0.017089844,0.014282227,25.032959,60,128,0,0,255,2,0,1782505571.1278608,210
25.03247,25.027054,0.37580064,0.36056265,0.8105469,1,1,0,0.015014648,0.014404297,25.03247,60,128,0,0,255,2,0,1782505571.1278608,210
25.027102,25.022362,0.32226625,0.36506742,0.71691895,1,1,0,0.012878418,0.014587402,25.0271,60,128,0,0,255,2,0,1782505571.1278608,210
25.027098,25.02293,0.2703388,0.36812216,0.664917,1,1,0,0.010803223,0.014709473,25.0271,60,128,0,0,255,2,0,1782505571.1278608,210
25.036621,25.024752,0.5239712,0.5653541,0.6682434,1,1,0,0.020935059,0.022583008,25.036621,61,128,1,0,255,2,0,1782505571.1278608,210
25.038088,25.02721,0.4705377,0.5684429,1.3578491,1,1,0,0.018798828,0.022705078,25.038086,61,128,1,0,255,2,0,1782505571.1278608,210
25.026367,25.016314,0.4184026,0.5727581,0.70150757,1,1,0,0.016723633,0.022888184,25.026367,61,128,1,0,255,2,0,1782505571.1278608,210
25.025146,25.015837,0.36646914,0.57578415,0.75390625,1,1,0,0.0146484375,0.023010254,25.025146,61,128,1,0,255,2,0,1782505571.1278608,210
25.032957,25.024267,0.31312513,0.5805464,0.97369385,1,1,0,0.012512207,0.02319336,25.032959,61,128,1,0,255,2,0,1782505571.1278608,210
25.032957,25.024755,0.26119316,0.5851288,0.7189636,1,1,0,0.010437012,0.023376465,25.032959,61,128,1,0,255,2,0,1782505571.1278608,210
25.036377,25.02865,0.5775457,0.23073971,1.1318665,1,1,0,0.023071289,0.009216309,25.036377,31,129,1,0,255,2,0,1782505571.2278156,211
25.019531,25.016504,0.31455514,0.22905746,0.846344,1,1,0,0.012573242,0.009155273,25.019531,31,129,1,0,255,2,0,1782505571.2278156,211
25.036377,25.033964,0.26128927,0.22921169,0.97164917,1,1,0,0.010437012,0.009155273,25.036377,31,129,1,0,255,2,0,1782505571.2278156,211
25.022215,25.016048,0.42908934,0.35277957,0.7975464,1,1,0,0.017150879,0.014099121,25.022217,60,129,0,0,255,2,0,1782505571.2278156,211
25.031008,25.025633,0.3757793,0.35748634,0.9102478,1,1,0,0.015014648,0.014282227,25.031006,60,129,0,0,255,2,0,1782505571.2278156,211
25.03662,25.02482,0.52397263,0.5622987,0.7761841,1,1,0,0.020935059,0.022460938,25.036621,61,129,1,0,255,2,0,1782505571.2278156,211
25.027344,25.016512,0.47186396,0.56514466,0.76416016,1,1,0,0.018859863,0.022583008,25.027344,61,129,1,0,255,2,0,1782505571.2278156,211
25.025146,25.017052,0.26111278,0.5803652,0.72821045,1,1,0,0.010437012,0.02319336,25.025146,61,129,1,0,255,2,0,1782505571.2278156,211
25.034182,25.021528,0.58654946,0.53780234,0.86602783,1,1,0,0.0234375,0.021484375,25.03418,26,130,0,0,255,2,0,1782505571.327542,212
25.033201,25.021748,0.53307563,0.53778136,0.7958069,1,1,0,0.02130127,0.021484375,25.033203,26,130,0,0,255,2,0,1782505571.327542,212
25.034182,25.026926,0.27190968,0.53780234,0.69869995,1,1,0,0.010864258,0.021484375,25.03418,26,130,0,0,255,2,0,1782505571.327542,212
25.033937,25.030594,0.27194953,0.30558243,0.7403259,1,1,0,0.010864258,0.012207031,25.033936,28,130,0,0,255,2,0,1782505571.327542,212
25.033447,25.024572,0.472016,0.4705718,0.8162842,1,1,0,0.018859863,0.018798828,25.033447,29,130,1,0,255,2,0,1782505571.327542,212
25.038816,25.03109,0.577602,0.23076221,0.77001953,1,1,0,0.023071289,0.009216309,25.038818,31,130,1,0,255,2,0,1782505571.327542,212
25.037842,25.034815,0.31478536,0.2292251,0.8553467,1,1,0,0.012573242,0.009155273,25.037842,31,130,1,0,255,2,0,1782505571.327542,212
25.03003,25.02293,0.4826798,0.3498346,0.6865845,1,1,0,0.01928711,0.013977051,25.03003,60,130,0,0,255,2,0,1782505571.327542,212
25.032719,25.028025,0.323867,0.36056617,0.84869385,1,1,0,0.012939453,0.014404297,25.032715,60,130,0,0,255,2,0,1782505571.327542,212
25.03296,25.02882,0.27193025,0.3651529,0.82180786,1,1,0,0.010864258,0.014587402,25.032959,60,130,0,0,255,2,0,1782505571.327542,212
25.033447,25.020575,0.5773593,0.55764484,0.6836548,1,1,0,0.023071289,0.022277832,25.033447,61,130,1,0,255,2,0,1782505571.327542,212
25.028809,25.017977,0.47189158,0.56517774,0.61065674,1,1,0,0.018859863,0.022583008,25.028809,61,130,1,0,255,2,0,1782505571.327542,212
25.030025,25.020786,0.36654165,0.5728419,0.59936523,1,1,0,0.0146484375,0.022888184,25.03003,61,130,1,0,255,2,0,1782505571.327542,212
25.034424,25.025784,0.3146718,0.5775252,0.7217102,1,1,0,0.012573242,0.023071289,25.034424,61,130,1,0,255,2,0,1782505571.327542,212
25.028076,25.017647,0.48257792,0.5376712,0.7992859,1,1,0,0.01928711,0.021484375,25.028076,26,131,0,0,255,2,0,1782505571.4278502,213
25.031006,25.023785,0.27187556,0.5362067,0.619812,1,1,0,0.010864258,0.02142334,25.031006,26,131,0,0,255,2,0,1782505571.4278502,213
25.02905,25.022343,0.2199286,0.5361649,0.7732544,1,1,0,0.0087890625,0.02142334,25.029053,26,131,0,0,255,2,0,1782505571.4278502,213
25.03125,25.023623,0.53617156,0.30707735,0.7992859,1,1,0,0.02142334,0.012268066,25.03125,28,131,0,0,255,2,0,1782505571.4278502,213
25.037842,25.03071,0.36821508,0.47065437,0.70217896,1,1,0,0.014709473,0.018798828,25.037842,29,131,1,0,255,2,0,1782505571.4278502,213
25.027344,25.020926,0.31613812,0.47045705,1.0671692,1,1,0,0.012634277,0.018798828,25.027344,29,131,1,0,255,2,0,1782505571.4278502,213
25.043457,25.035728,0.577709,0.23080496,0.79159546,1,1,0,0.023071289,0.009216309,25.043457,31,131,1,0,255,2,0,1782505571.4278502,213
25.019531,25.01496,0.4199072,0.22905746,0.6758423,1,1,0,0.016784668,0.009155273,25.019531,31,131,1,0,255,2,0,1782505571.4278502,213
25.028563,25.024807,0.36812827,0.22914016,0.80319214,1,1,0,0.014709473,0.009155273,25.028564,31,131,1,0,255,2,0,1782505571.4278502,213
25.032469,25.023165,0.5850597,0.35139644,0.7550659,1,1,0,0.023376465,0.014038086,25.03247,60,131,0,0,255,2,0,1782505571.4278502,213
25.03418,25.028036,0.42776683,0.35294822,1.1373596,1,1,0,0.017089844,0.014099121,25.03418,60,131,0,0,255,2,0,1782505571.4278502,213
25.034182,25.030056,0.27041578,0.36517072,0.71258545,1,1,0,0.010803223,0.014587402,25.03418,60,131,0,0,255,2,0,1782505571.4278502,213
25.02539,25.01366,0.5222116,0.5605194,0.5787964,1,1,0,0.020874023,0.022399902,25.02539,61,131,1,0,255,2,0,1782505571.4278502,213
25.045656,25.034845,0.4706812,0.56555814,0.9674072,1,1,0,0.018798828,0.022583008,25.045654,61,131,1,0,255,2,0,1782505571.4278502,213
25.026367,25.016384,0.4184038,0.5697039,0.7610779,1,1,0,0.016723633,0.022766113,25.026367,61,131,1,0,255,2,0,1782505571.4278502,213
25.042236,25.033012,0.36519256,0.57312125,0.8759155,1,1,0,0.014587402,0.022888184,25.042236,61,131,1,0,255,2,0,1782505571.4278502,213
25.036623,25.028524,0.2612325,0.5806313,0.68881226,1,1,0,0.010437012,0.02319336,25.036621,61,131,1,0,255,2,0,1782505571.4278502,213
25.033937,25.023504,0.4826909,0.5377971,0.7975464,1,1,0,0.01928711,0.021484375,25.033936,26,132,0,0,255,2,0,1782505571.5278447,214
25.03003,25.02281,0.27186495,0.5361858,1.0229187,1,1,0,0.010864258,0.02142334,25.03003,26,132,0,0,255,2,0,1782505571.5278447,214
25.025145,25.018436,0.21989428,0.5360812,0.6683655,1,1,0,0.0087890625,0.02142334,25.025146,26,132,0,0,255,2,0,1782505571.5278447,214
25.032228,25.025707,0.48273337,0.30556157,0.82702637,1,1,0,0.01928711,0.012207031,25.032227,28,132,0,0,255,2,0,1782505571.5278447,214
25.033447,25.024544,0.47354338,0.4705718,0.66000366,1,1,0,0.018920898,0.018798828,25.033447,29,132,1,0,255,2,0,1782505571.5278447,214
25.020752,25.012808,0.4198711,0.47033313,0.7477417,1,1,0,0.016784668,0.018798828,25.020752,29,132,1,0,255,2,0,1782505571.5278447,214
25.035154,25.027393,0.57904506,0.23072846,1.0291748,1,1,0,0.023132324,0.009216309,25.035156,31,132,1,0,255,2,0,1782505571.5278447,214
25.03662,25.030039,0.52561027,0.23074196,0.67852783,1,1,0,0.020996094,0.009216309,25.036621,31,132,1,0,255,2,0,1782505571.5278447,214
25.016111,25.01367,0.2641312,0.22902617,0.6378479,1,1,0,0.010559082,0.009155273,25.016113,31,132,1,0,255,2,0,1782505571.5278447,214
25.032228,25.022915,0.5881101,0.34680992,0.84869385,1,1,0,0.023498535,0.0138549805,25.032227,60,132,0,0,255,2,0,1782505571.5278447,214
25.030031,25.021938,0.5346076,0.3452519,1.0212097,1,1,0,0.021362305,0.013793945,25.03003,60,132,0,0,255,2,0,1782505571.5278447,214
25.025146,25.021473,0.21992096,0.36809343,0.6770325,1,1,0,0.0087890625,0.014709473,25.025146,60,132,0,0,255,2,0,1782505571.5278447,214
25.03003,25.0182,0.5253617,0.56215066,0.6959839,1,1,0,0.020996094,0.022460938,25.03003,61,132,1,0,255,2,0,1782505571.5278447,214
25.03247,25.019749,0.5895636,0.5377656,0.82354736,1,1,0,0.02355957,0.021484375,25.03247,26,133,0,0,255,2,0,1782505571.627635,215
25.026123,25.01748,0.3787115,0.53762925,0.71606445,1,1,0,0.015136719,0.021484375,25.026123,26,133,0,0,255,2,0,1782505571.627635,215
25.03125,25.023771,0.5300627,0.30554965,0.81747437,1,1,0,0.0211792,0.012207031,25.03125,28,133,0,0,255,2,0,1782505571.627635,215
25.028074,25.021643,0.47807175,0.3055109,0.81399536,1,1,0,0.019104004,0.012207031,25.028076,28,133,0,0,255,2,0,1782505571.627635,215
25.031006,25.02551,0.42619583,0.30554667,1.0489502,1,1,0,0.017028809,0.012207031,25.031006,28,133,0,0,255,2,0,1782505571.627635,215
25.032227,25.027586,0.37275285,0.30556157,1.0879517,1,1,0,0.014892578,0.012207031,25.032227,28,133,0,0,255,2,0,1782505571.627635,215
25.028074,25.024155,0.32076174,0.3055109,0.7698059,1,1,0,0.012817383,0.012207031,25.028076,28,133,0,0,255,2,0,1782505571.627635,215
25.02417,25.02086,0.2687891,0.30546322,0.7940674,1,1,0,0.0107421875,0.012207031,25.02417,28,133,0,0,255,2,0,1782505571.627635,215
25.034422,25.023443,0.5728412,0.47059014,0.74020386,1,1,0,0.022888184,0.018798828,25.034424,29,133,1,0,255,2,0,1782505571.627635,215
25.033447,25.023603,0.5208912,0.4705718,0.7751465,1,1,0,0.020812988,0.018798828,25.033447,29,133,1,0,255,2,0,1782505571.627635,215
25.03296,25.024143,0.46895206,0.4705626,0.9552002,1,1,0,0.018737793,0.018798828,25.032959,29,133,1,0,255,2,0,1782505571.627635,215
25.032959,25.025087,0.41549373,0.4705626,0.8730469,1,1,0,0.016601562,0.018798828,25.032959,29,133,1,0,255,2,0,1782505571.627635,215
25.035645,25.02931,0.31166035,0.46908525,0.7484436,1,1,0,0.012451172,0.018737793,25.035645,29,133,1,0,255,2,0,1782505571.627635,215
25.026367,25.020643,0.25809562,0.46891144,0.81552124,1,1,0,0.010314941,0.018737793,25.026367,29,133,1,0,255,2,0,1782505571.627635,215
25.021727,25.015213,0.522244,0.23060471,0.69021606,1,1,0,0.020874023,0.009216309,25.021729,31,133,1,0,255,2,0,1782505571.627635,215
25.023924,25.01844,0.4703728,0.23062496,0.63064575,1,1,0,0.018798828,0.009216309,25.023926,31,133,1,0,255,2,0,1782505571.627635,215
25.026365,25.021803,0.41849443,0.23064746,0.70666504,1,1,0,0.016723633,0.009216309,25.026367,31,133,1,0,255,2,0,1782505571.627635,215
25.029053,25.020908,0.53305775,0.35134846,0.7897339,1,1,0,0.02130127,0.014038086,25.029053,60,133,0,0,255,2,0,1782505571.627635,215
25.028074,25.022724,0.37573564,0.35591707,0.9310303,1,1,0,0.015014648,0.014221191,25.028076,60,133,0,0,255,2,0,1782505571.627635,215
25.033205,25.028513,0.3238733,0.3605732,1.2136536,1,1,0,0.012939453,0.014404297,25.033203,60,133,0,0,255,2,0,1782505571.627635,215
25.02295,25.011189,0.52368724,0.56046474,0.78778076,1,1,0,0.020935059,0.022399902,25.02295,61,133,1,0,255,2,0,1782505571.627635,215
25.02295,25.012154,0.47178176,0.5635185,0.7333679,1,1,0,0.018859863,0.022521973,25.02295,61,133,1,0,255,2,0,1782505571.627635,215
25.023926,25.015867,0.2611004,0.5788099,0.71383667,1,1,0,0.010437012,0.023132324,25.023926,61,133,1,0,255,2,0,1782505571.627635,215
25.033934,25.025312,0.37730232,0.5377971,1.0255432,1,1,0,0.015075684,0.021484375,25.033936,26,134,0,0,255,2,0,1782505571.7276175,216
25.020264,25.013014,0.27175853,0.53750336,0.73773193,1,1,0,0.010864258,0.021484375,25.020264,26,134,0,0,255,2,0,1782505571.7276175,216
25.02417,25.016016,0.53448105,0.3497527,0.8070679,1,1,0,0.021362305,0.013977051,25.02417,60,134,0,0,255,2,0,1782505571.7276175,216
25.03174,25.027048,0.32385436,0.36055213,0.7602539,1,1,0,0.012939453,0.014404297,25.031738,60,134,0,0,255,2,0,1782505571.7276175,216
25.027098,25.023424,0.21993811,0.36812216,0.7680664,1,1,0,0.0087890625,0.014709473,25.0271,60,134,0,0,255,2,0,1782505571.7276175,216
25.035154,25.02432,0.47201124,0.565321,1.0712585,1,1,0,0.018859863,0.022583008,25.035156,61,134,1,0,255,2,0,1782505571.7276175,216
25.029541,25.019566,0.41998455,0.56824887,0.7744446,1,1,0,0.016784668,0.022705078,25.029541,61,134,1,0,255,2,0,1782505571.7276175,216
25.034182,25.024721,0.42923808,0.53780234,0.82354736,1,1,0,0.017150879,0.021484375,25.03418,26,135,0,0,255,2,0,1782505571.8271797,217
25.033447,25.028715,0.37888154,0.30557647,0.9145813,1,1,0,0.015136719,0.012207031,25.033447,28,135,0,0,255,2,0,1782505571.8271797,217
25.035646,25.02767,0.42164856,0.4706131,0.67645264,1,1,0,0.016845703,0.018798828,25.035645,29,135,1,0,255,2,0,1782505571.8271797,217
25.034668,25.02888,0.2642918,0.46906695,0.868927,1,1,0,0.010559082,0.018737793,25.034668,29,135,1,0,255,2,0,1782505571.8271797,217
25.02954,25.021795,0.57891554,0.2291491,0.78060913,1,1,0,0.023132324,0.009155273,25.029541,31,135,1,0,255,2,0,1782505571.8271797,217
25.034424,25.026247,0.5346996,0.35142386,0.7958069,1,1,0,0.021362305,0.014038086,25.034424,60,135,0,0,255,2,0,1782505571.8271797,217
25.032959,25.026833,0.4292743,0.34987554,0.7489929,1,1,0,0.017150879,0.013977051,25.032959,60,135,0,0,255,2,0,1782505571.8271797,217
25.032469,25.027136,0.3773298,0.35292414,0.71084595,1,1,0,0.015075684,0.014099121,25.03247,60,135,0,0,255,2,0,1782505571.8271797,217
25.03174,25.027071,0.32538247,0.3574968,1.0272522,1,1,0,0.013000488,0.014282227,25.031738,60,135,0,0,255,2,0,1782505571.8271797,217
25.032717,25.02862,0.27192807,0.3620939,0.70477295,1,1,0,0.010864258,0.014465332,25.032715,60,135,0,0,255,2,0,1782505571.8271797,217
25.035646,25.023916,0.5254817,0.5576938,0.6538391,1,1,0,0.020996094,0.022277832,25.035645,61,135,1,0,255,2,0,1782505571.8271797,217
25.026367,25.015604,0.47184682,0.5620684,0.87509155,1,1,0,0.018859863,0.022460938,25.026367,61,135,1,0,255,2,0,1782505571.8271797,217
25.025146,25.015242,0.41991195,0.565095,0.7251282,1,1,0,0.016784668,0.022583008,25.025146,61,135,1,0,255,2,0,1782505571.8271797,217
25.031494,25.022873,0.3772655,0.53774464,1.1919861,1,1,0,0.015075684,0.021484375,25.031494,26,136,0,0,255,2,0,1782505571.927474,218
25.032227,25.025005,0.27188882,0.5362329,0.7845459,1,1,0,0.010864258,0.02142334,25.032227,26,136,0,0,255,2,0,1782505571.927474,218
25.032959,25.025415,0.5331537,0.3055705,0.83828735,1,1,0,0.02130127,0.012207031,25.032959,28,136,0,0,255,2,0,1782505571.927474,218
25.031738,25.024652,0.36507058,0.47053966,0.7991028,1,1,0,0.014587402,0.018798828,25.031738,29,136,1,0,255,2,0,1782505571.927474,218
25.031738,25.025969,0.25967818,0.47053966,0.8956299,1,1,0,0.010375977,0.018798828,25.031738,29,136,1,0,255,2,0,1782505571.927474,218
25.03076,25.024147,0.5270146,0.23068796,0.8833008,1,1,0,0.021057129,0.009216309,25.030762,31,136,1,0,255,2,0,1782505571.927474,218
25.019531,25.01399,0.47334367,0.23058446,0.67993164,1,1,0,0.018920898,0.009216309,25.019531,31,136,1,0,255,2,0,1782505571.927474,218
25.031496,25.022234,0.58503795,0.34832743,0.8070679,1,1,0,0.023376465,0.013916016,25.031494,60,136,0,0,255,2,0,1782505571.927474,218
25.030031,25.02301,0.4796257,0.34830704,0.7793274,1,1,0,0.019165039,0.013916016,25.03003,60,136,0,0,255,2,0,1782505571.927474,218
25.033203,25.02706,0.42775014,0.35293445,1.1599121,1,1,0,0.017089844,0.014099121,25.033203,60,136,0,0,255,2,0,1782505571.927474,218
25.027344,25.017395,0.4184207,0.568199,0.80319214,1,1,0,0.016723633,0.022705078,25.027344,61,136,1,0,255,2,0,1782505571.927474,218
25.034668,25.025448,0.36508217,0.57294804,0.8668823,1,1,0,0.014587402,0.022888184,25.034668,61,136,1,0,255,2,0,1782505571.927474,218
25.031494,25.023602,0.32533738,0.53774464,0.7680664,1,1,0,0.013000488,0.021484375,25.031494,26,137,0,0,255,2,0,1782505572.0270216,219
25.03418,25.027435,0.21997337,0.53780234,0.81399536,1,1,0,0.0087890625,0.021484375,25.03418,26,137,0,0,255,2,0,1782505572.0270216,219
25.032957,25.025232,0.57746685,0.23070821,0.8196411,1,1,0,0.023071289,0.009216309,25.032959,31,137,1,0,255,2,0,1782505572.0270216,219
25.035887,25.029306,0.5255949,0.23073521,0.9182434,1,1,0,0.020996094,0.009216309,25.035889,31,137,1,0,255,2,0,1782505572.0270216,219
25.032225,25.024155,0.534655,0.34375453,0.7793274,1,1,0,0.021362305,0.01373291,25.032227,60,137,0,0,255,2,0,1782505572.0270216,219
25.031742,25.024683,0.48271364,0.34680316,0.8027344,1,1,0,0.01928711,0.0138549805,25.031738,60,137,0,0,255,2,0,1782505572.0270216,219
25.033205,25.029108,0.27193338,0.36210096,0.7420654,1,1,0,0.010864258,0.014465332,25.033203,60,137,0,0,255,2,0,1782505572.0270216,219
25.038818,25.027054,0.5255476,0.5592923,0.84713745,1,1,0,0.020996094,0.022338867,25.038818,61,137,1,0,255,2,0,1782505572.0270216,219
25.035646,25.025702,0.42008755,0.5668598,0.7586975,1,1,0,0.016784668,0.022644043,25.035645,61,137,1,0,255,2,0,1782505572.0270216,219
25.037842,25.028633,0.3666566,0.5714929,0.7515259,1,1,0,0.0146484375,0.022827148,25.037842,61,137,1,0,255,2,0,1782505572.0270216,219
25.03418,25.024748,0.42771065,0.53780234,0.7680664,1,1,0,0.017089844,0.021484375,25.03418,26,138,0,0,255,2,0,1782505572.127414,220
25.03003,25.022177,0.32226387,0.53771317,0.7914734,1,1,0,0.012878418,0.021484375,25.03003,26,138,0,0,255,2,0,1782505572.127414,220
25.028076,25.020872,0.27031657,0.53614396,0.71691895,1,1,0,0.010803223,0.02142334,25.028076,26,138,0,0,255,2,0,1782505572.127414,220
25.027344,25.020266,0.36653402,0.46892974,0.9038696,1,1,0,0.0146484375,0.018737793,25.027344,29,138,1,0,255,2,0,1782505572.127414,220
25.027342,25.020794,0.52388835,0.23065646,0.77853394,1,1,0,0.020935059,0.009216309,25.027344,31,138,1,0,255,2,0,1782505572.127414,220
25.036379,25.030905,0.47060713,0.22921169,1.003479,1,1,0,0.018798828,0.009155273,25.036377,31,138,1,0,255,2,0,1782505572.127414,220
25.03003,25.027021,0.3131596,0.22915357,0.6795349,1,1,0,0.012512207,0.009155273,25.03003,31,138,1,0,255,2,0,1782505572.127414,220
25.031006,25.021673,0.58808094,0.34832063,0.82528687,1,1,0,0.023498535,0.013916016,25.031006,60,138,0,0,255,2,0,1782505572.127414,220
25.032715,25.026524,0.429269,0.35445532,1.1572876,1,1,0,0.017150879,0.014160156,25.032715,60,138,0,0,255,2,0,1782505572.127414,220
25.031982,25.026585,0.37732148,0.35750028,0.83306885,1,1,0,0.015075684,0.014282227,25.031982,60,138,0,0,255,2,0,1782505572.127414,220
25.031738,25.027004,0.3253816,0.36207977,0.85910034,1,1,0,0.013000488,0.014465332,25.031738,60,138,0,0,255,2,0,1782505572.127414,220
25.028078,25.023937,0.2718772,0.36508167,1.1035461,1,1,0,0.010864258,0.014587402,25.028076,60,138,0,0,255,2,0,1782505572.127414,220
25.03003,25.017124,0.57727975,0.55909604,0.75253296,1,1,0,0.023071289,0.022338867,25.03003,61,138,1,0,255,2,0,1782505572.127414,220
25.028564,25.018553,0.41996756,0.5697539,0.6860962,1,1,0,0.016784668,0.022766113,25.028564,61,138,1,0,255,2,0,1782505572.127414,220
25.040037,25.030737,0.3682155,0.5745989,0.7073059,1,1,0,0.014709473,0.022949219,25.04004,61,138,1,0,255,2,0,1782505572.127414,220
25.032957,25.022614,0.4780903,0.5377761,0.7602539,1,1,0,0.019104004,0.021484375,25.032959,26,139,0,0,255,2,0,1782505572.2275784,221
25.026123,25.01672,0.4260461,0.53762925,0.70999146,1,1,0,0.017028809,0.021484375,25.026123,26,139,0,0,255,2,0,1782505572.2275784,221
25.032957,25.025126,0.32077417,0.5377761,0.9249573,1,1,0,0.012817383,0.021484375,25.032959,26,139,0,0,255,2,0,1782505572.2275784,221
25.027342,25.019548,0.58039147,0.23065646,0.75390625,1,1,0,0.02319336,0.009216309,25.027344,31,139,1,0,255,2,0,1782505572.2275784,221
25.02954,25.022942,0.5269893,0.2291491,0.90179443,1,1,0,0.021057129,0.009155273,25.029541,31,139,1,0,255,2,0,1782505572.2275784,221
25.028564,25.023006,0.4750421,0.22914016,0.7364502,1,1,0,0.018981934,0.009155273,25.028564,31,139,1,0,255,2,0,1782505572.2275784,221
25.01831,25.013685,0.42294016,0.22904629,0.6737976,1,1,0,0.016906738,0.009155273,25.01831,31,139,1,0,255,2,0,1782505572.2275784,221
25.023926,25.020147,0.36958715,0.2290977,0.79086304,1,1,0,0.014770508,0.009155273,25.023926,31,139,1,0,255,2,0,1782505572.2275784,221
25.03076,25.027695,0.3177515,0.22916028,0.8710022,1,1,0,0.0126953125,0.009155273,25.030762,31,139,1,0,255,2,0,1782505572.2275784,221
25.035158,25.032713,0.26433226,0.22920051,0.9295349,1,1,0,0.010559082,0.009155273,25.035156,31,139,1,0,255,2,0,1782505572.2275784,221
25.026123,25.016876,0.58338493,0.34978,0.8703613,1,1,0,0.02331543,0.013977051,25.026123,60,139,0,0,255,2,0,1782505572.2275784,221
25.033205,25.025156,0.53162014,0.34682345,0.8122864,1,1,0,0.021240234,0.0138549805,25.033203,60,139,0,0,255,2,0,1782505572.2275784,221
25.031004,25.023993,0.47811663,0.34984824,0.71084595,1,1,0,0.019104004,0.013977051,25.031006,60,139,0,0,255,2,0,1782505572.2275784,221
25.032225,25.026087,0.42620564,0.3544484,0.7342529,1,1,0,0.017028809,0.014160156,25.032227,60,139,0,0,255,2,0,1782505572.2275784,221
25.03174,25.026388,0.37426284,0.3574968,0.7975464,1,1,0,0.014953613,0.014282227,25.031738,60,139,0,0,255,2,0,1782505572.2275784,221
25.029541,25.01674,0.57421553,0.5575578,0.7107544,1,1,0,0.022949219,0.022277832,25.029541,61,139,1,0,255,2,0,1782505572.2275784,221
25.035645,25.023909,0.5208975,0.5622768,0.8142395,1,1,0,0.020812988,0.022460938,25.035645,61,139,1,0,255,2,0,1782505572.2275784,221
25.036621,25.025843,0.46898395,0.5653541,0.68777466,1,1,0,0.018737793,0.022583008,25.036621,61,139,1,0,255,2,0,1782505572.2275784,221
25.029541,25.01958,0.41692978,0.5697761,0.8442688,1,1,0,0.016662598,0.022766113,25.029541,61,139,1,0,255,2,0,1782505572.2275784,221
25.028563,25.019367,0.36346605,0.5728084,0.9038696,1,1,0,0.014526367,0.022888184,25.028564,61,139,1,0,255,2,0,1782505572.2275784,221
25.027346,25.018745,0.3115288,0.5773618,0.8216858,1,1,0,0.012451172,0.023071289,25.027344,61,139,1,0,255,2,0,1782505572.2275784,221
25.028809,25.023308,0.47199216,0.2291424,0.6034851,1,1,0,0.018859863,0.009155273,25.028809,31,140,1,0,255,2,0,1782505572.3270571,222
25.031008,25.026432,0.4200998,0.22916251,0.63739014,1,1,0,0.016784668,0.009155273,25.031006,31,140,1,0,255,2,0,1782505572.3270571,222
25.0271,25.020039,0.47956872,0.35132104,0.70825195,1,1,0,0.019165039,0.014038086,25.0271,60,140,0,0,255,2,0,1782505572.3270571,222
25.03296,25.026794,0.4277456,0.35445878,0.72299194,1,1,0,0.017089844,0.014160156,25.032959,60,140,0,0,255,2,0,1782505572.3270571,222
25.031738,25.026365,0.37426248,0.35902447,0.84695435,1,1,0,0.014953613,0.014343262,25.031738,60,140,0,0,255,2,0,1782505572.3270571,222
25.031494,25.027348,0.27038652,0.36665916,0.7975464,1,1,0,0.010803223,0.0146484375,25.031494,60,140,0,0,255,2,0,1782505572.3270571,222
25.038818,25.02598,0.57442755,0.5592923,0.836853,1,1,0,0.022949219,0.022338867,25.038818,61,140,1,0,255,2,0,1782505572.3270571,222
25.036865,25.025063,0.5224496,0.5638319,1.1072083,1,1,0,0.020874023,0.022521973,25.036865,61,140,1,0,255,2,0,1782505572.3270571,222
25.041258,25.030416,0.47059795,0.5669869,0.85946655,1,1,0,0.018798828,0.022644043,25.04126,61,140,1,0,255,2,0,1782505572.3270571,222
25.028809,25.018814,0.41691703,0.57128674,0.6322632,1,1,0,0.016662598,0.022827148,25.028809,61,140,1,0,255,2,0,1782505572.3270571,222
25.031738,25.023083,0.31311032,0.57899064,0.91412354,1,1,0,0.012512207,0.023132324,25.031738,61,140,1,0,255,2,0,1782505572.3270571,222
25.027344,25.01923,0.25960827,0.5819433,0.79086304,1,1,0,0.010375977,0.023254395,25.027344,61,140,1,0,255,2,0,1782505572.3270571,222
25.035156,25.022432,0.58962685,0.5378233,0.86169434,1,1,0,0.02355957,0.021484375,25.035156,26,141,0,0,255,2,0,1782505572.4272282,223
25.033936,25.024424,0.43228862,0.5377971,0.84436035,1,1,0,0.01727295,0.021484375,25.033936,26,141,0,0,255,2,0,1782505572.4272282,223
25.031006,25.02428,0.22147311,0.5362067,0.70739746,1,1,0,0.008850098,0.02142334,25.031006,26,141,0,0,255,2,0,1782505572.4272282,223
25.02173,25.013813,0.41988796,0.4688245,0.77853394,1,1,0,0.016784668,0.018737793,25.021729,29,141,1,0,255,2,0,1782505572.4272282,223
25.033445,25.025791,0.57442325,0.23071271,0.67852783,1,1,0,0.022949219,0.009216309,25.033447,31,141,1,0,255,2,0,1782505572.4272282,223
25.032957,25.026442,0.5224784,0.23070821,0.85043335,1,1,0,0.020874023,0.009216309,25.032959,31,141,1,0,255,2,0,1782505572.4272282,223
25.028809,25.023367,0.46893752,0.2291424,0.473938,1,1,0,0.018737793,0.009155273,25.028809,31,141,1,0,255,2,0,1782505572.4272282,223
25.027344,25.022821,0.41698378,0.22912899,0.77853394,1,1,0,0.016662598,0.009155273,25.027344,31,141,1,0,255,2,0,1782505572.4272282,223
25.025145,25.014349,0.47182316,0.56356806,0.86483765,1,1,0,0.018859863,0.022521973,25.025146,61,141,1,0,255,2,0,1782505572.4272282,223
25.035156,25.02655,0.31468144,0.57601446,0.8792114,1,1,0,0.012573242,0.023010254,25.035156,61,141,1,0,255,2,0,1782505572.4272282,223
25.032227,25.021736,0.48571235,0.5377604,0.7828064,1,1,0,0.01940918,0.021484375,25.032227,26,142,0,0,255,2,0,1782505572.5275123,224
25.032713,25.023203,0.43226752,0.53777087,0.7602539,1,1,0,0.01727295,0.021484375,25.032715,26,142,0,0,255,2,0,1782505572.5275123,224
25.034422,25.025755,0.38036457,0.5378076,0.8044739,1,1,0,0.015197754,0.021484375,25.034424,26,142,0,0,255,2,0,1782505572.5275123,224
25.032959,25.02508,0.32688424,0.53624856,0.95010376,1,1,0,0.013061523,0.02142334,25.032959,26,142,0,0,255,2,0,1782505572.5275123,224
25.031984,25.024729,0.27494094,0.53622764,0.7472534,1,1,0,0.010986328,0.02142334,25.031982,26,142,0,0,255,2,0,1782505572.5275123,224
25.031494,25.024755,0.22300482,0.53621715,0.7663269,1,1,0,0.008911133,0.02142334,25.031494,26,142,0,0,255,2,0,1782505572.5275123,224
25.034178,25.02657,0.53623474,0.3055854,0.85302734,1,1,0,0.02142334,0.012207031,25.03418,28,142,0,0,255,2,0,1782505572.5275123,224
25.032959,25.02641,0.484275,0.3055705,0.7472534,1,1,0,0.019348145,0.012207031,25.032959,28,142,0,0,255,2,0,1782505572.5275123,224
25.033205,25.028471,0.37887785,0.3055735,1.0766907,1,1,0,0.015136719,0.012207031,25.033203,28,142,0,0,255,2,0,1782505572.5275123,224
25.031494,25.028648,0.22151177,0.30555263,0.82702637,1,1,0,0.008850098,0.012207031,25.031494,28,142,0,0,255,2,0,1782505572.5275123,224
25.031738,25.020618,0.5788883,0.47053966,0.76623535,1,1,0,0.023132324,0.018798828,25.031738,29,142,1,0,255,2,0,1782505572.5275123,224
25.034668,25.025764,0.47356647,0.47059473,0.9202881,1,1,0,0.018920898,0.018798828,25.034668,29,142,1,0,255,2,0,1782505572.5275123,224
25.035156,25.027182,0.42164034,0.4706039,0.9572754,1,1,0,0.016845703,0.018798828,25.035156,29,142,1,0,255,2,0,1782505572.5275123,224
25.023926,25.017536,0.31609532,0.4688657,0.7097168,1,1,0,0.012634277,0.018737793,25.023926,29,142,1,0,255,2,0,1782505572.5275123,224
25.032957,25.026377,0.5255334,0.23070821,0.96240234,1,1,0,0.020996094,0.009216309,25.032959,31,142,1,0,255,2,0,1782505572.5275123,224
25.03418,25.027079,0.48275986,0.3498926,0.7715454,1,1,0,0.01928711,0.013977051,25.03418,60,142,0,0,255,2,0,1782505572.5275123,224
25.031492,25.025297,0.43077582,0.35291037,0.667511,1,1,0,0.017211914,0.014099121,25.031494,60,142,0,0,255,2,0,1782505572.5275123,224
25.023926,25.013891,0.42141643,0.5696483,0.69021606,1,1,0,0.016845703,0.022766113,25.023926,61,142,1,0,255,2,0,1782505572.5275123,224
25.01831,25.009655,0.31599575,0.57715344,0.70150757,1,1,0,0.012634277,0.023071289,25.01831,61,142,1,0,255,2,0,1782505572.5275123,224
25.023191,25.01171,0.5343891,0.5375663,0.7715454,1,1,0,0.021362305,0.021484375,25.023193,26,143,0,0,255,2,0,1782505572.6271248,225
25.031982,25.024729,0.2718858,0.53775513,0.7879944,1,1,0,0.010864258,0.021484375,25.031982,26,143,0,0,255,2,0,1782505572.6271248,225
25.018312,25.011913,0.3144974,0.47028723,0.65734863,1,1,0,0.012573242,0.018798828,25.01831,29,143,1,0,255,2,0,1782505572.6271248,225
25.028809,25.023052,0.2611754,0.4689572,0.64663696,1,1,0,0.010437012,0.018737793,25.028809,29,143,1,0,255,2,0,1782505572.6271248,225
25.02954,25.02178,0.5789152,0.23067671,0.91207886,1,1,0,0.023132324,0.009216309,25.029541,31,143,1,0,255,2,0,1782505572.6271248,225
25.032959,25.029179,0.36972058,0.2291804,0.86276245,1,1,0,0.014770508,0.009155273,25.032959,31,143,1,0,255,2,0,1782505572.6271248,225
25.02124,25.014172,0.4809836,0.34971175,0.7550659,1,1,0,0.019226074,0.013977051,25.02124,60,143,0,0,255,2,0,1782505572.6271248,225
25.031738,25.018902,0.57579297,0.55760676,0.82373047,1,1,0,0.023010254,0.022277832,25.031738,61,143,1,0,255,2,0,1782505572.6271248,225
25.026365,25.01457,0.52375805,0.5620684,0.82785034,1,1,0,0.020935059,0.022460938,25.026367,61,143,1,0,255,2,0,1782505572.6271248,225
25.042236,25.032991,0.36672044,0.57312125,0.73095703,1,1,0,0.0146484375,0.022888184,25.042236,61,143,1,0,255,2,0,1782505572.6271248,225
25.025146,25.016527,0.3130283,0.57731116,0.7579956,1,1,0,0.012512207,0.023071289,25.025146,61,143,1,0,255,2,0,1782505572.6271248,225
25.032715,25.02599,0.22148824,0.5362433,1.1156921,1,1,0,0.008850098,0.02142334,25.032715,26,144,0,0,255,2,0,1782505572.7269342,226
25.02417,25.016544,0.5360199,0.30699047,0.7975464,1,1,0,0.02142334,0.012268066,25.02417,28,144,0,0,255,2,0,1782505572.7269342,226
25.026121,25.019573,0.48414275,0.30548707,0.83654785,1,1,0,0.019348145,0.012207031,25.026123,28,144,0,0,255,2,0,1782505572.7269342,226
25.027344,25.016228,0.57878673,0.47045705,0.76828,1,1,0,0.023132324,0.018798828,25.027344,29,144,1,0,255,2,0,1782505572.7269342,226
25.030766,25.02279,0.42156634,0.4705213,0.7816162,1,1,0,0.016845703,0.018798828,25.030762,29,144,1,0,255,2,0,1782505572.7269342,226
25.023926,25.016203,0.57725847,0.23062496,0.72821045,1,1,0,0.023071289,0.009216309,25.023926,31,144,1,0,255,2,0,1782505572.7269342,226
25.034424,25.027842,0.52556413,0.23072171,0.65283203,1,1,0,0.020996094,0.009216309,25.034424,31,144,1,0,255,2,0,1782505572.7269342,226
25.033201,25.02611,0.48121315,0.35140672,0.664917,1,1,0,0.019226074,0.014038086,25.033203,60,144,0,0,255,2,0,1782505572.7269342,226
25.032715,25.027319,0.37580463,0.35903847,1.0671387,1,1,0,0.015014648,0.014343262,25.032715,60,144,0,0,255,2,0,1782505572.7269342,226
25.034426,25.030262,0.27194592,0.36670208,0.9189148,1,1,0,0.010864258,0.0146484375,25.034424,60,144,0,0,255,2,0,1782505572.7269342,226
25.036623,25.026598,0.41857463,0.5714651,0.6929016,1,1,0,0.016723633,0.022827148,25.036621,61,144,1,0,255,2,0,1782505572.7269342,226
25.035643,25.027512,0.26122195,0.5821363,0.8923645,1,1,0,0.010437012,0.023254395,25.035645,61,144,1,0,255,2,0,1782505572.7269342,226
25.033937,25.025337,0.37577486,0.5377971,0.85302734,1,1,0,0.015014648,0.021484375,25.033936,26,145,0,0,255,2,0,1782505572.8274002,227
25.022217,25.018238,0.32526764,0.30543938,0.7307739,1,1,0,0.013000488,0.012207031,25.022217,28,145,0,0,255,2,0,1782505572.8274002,227
25.033445,25.023474,0.5270005,0.4705718,0.7340393,1,1,0,0.021057129,0.018798828,25.033447,29,145,1,0,255,2,0,1782505572.8274002,227
25.034668,25.027536,0.3681684,0.47059473,1.1637268,1,1,0,0.014709473,0.018798828,25.034668,29,145,1,0,255,2,0,1782505572.8274002,227
25.038818,25.033346,0.47065303,0.22923404,0.8553467,1,1,0,0.018798828,0.009155273,25.038818,31,145,1,0,255,2,0,1782505572.8274002,227
25.036623,25.033613,0.31324208,0.22921392,0.68981934,1,1,0,0.012512207,0.009155273,25.036621,31,145,1,0,255,2,0,1782505572.8274002,227
25.034182,25.02608,0.5331679,0.3483648,0.8070679,1,1,0,0.02130127,0.013916016,25.03418,60,145,0,0,255,2,0,1782505572.8274002,227
25.034182,25.028015,0.42776647,0.35447606,0.7585144,1,1,0,0.017089844,0.014160156,25.03418,60,145,0,0,255,2,0,1782505572.8274002,227
25.032715,25.027998,0.32233885,0.36362162,0.95443726,1,1,0,0.012878418,0.014526367,25.032715,60,145,0,0,255,2,0,1782505572.8274002,227
25.032959,25.028812,0.27040234,0.36668062,0.72473145,1,1,0,0.010803223,0.0146484375,25.032959,60,145,0,0,255,2,0,1782505572.8274002,227
25.033447,25.020575,0.5758314,0.5591724,0.6805725,1,1,0,0.023010254,0.022338867,25.033447,61,145,1,0,255,2,0,1782505572.8274002,227
25.037842,25.026007,0.5239975,0.5638539,0.87179565,1,1,0,0.020935059,0.022521973,25.037842,61,145,1,0,255,2,0,1782505572.8274002,227
25.035646,25.024805,0.47049242,0.5668598,0.6713257,1,1,0,0.018798828,0.022644043,25.035645,61,145,1,0,255,2,0,1782505572.8274002,227
25.041262,25.032003,0.3651778,0.5746269,0.73095703,1,1,0,0.014587402,0.022949219,25.04126,61,145,1,0,255,2,0,1782505572.8274002,227
25.025145,25.01649,0.31302786,0.57883817,0.7600708,1,1,0,0.012512207,0.023132324,25.025146,61,145,1,0,255,2,0,1782505572.8274002,227
25.028807,25.020678,0.2611506,0.58197737,0.7227173,1,1,0,0.010437012,0.023254395,25.028809,61,145,1,0,255,2,0,1782505572.8274002,227
25.03125,25.024012,0.27340555,0.53621197,0.71432495,1,1,0,0.010925293,0.02142334,25.03125,26,146,0,0,255,2,0,1782505572.9276254,228
25.034668,25.028267,0.31470302,0.47059473,0.88742065,1,1,0,0.012573242,0.018798828,25.034668,29,146,1,0,255,2,0,1782505572.9276254,228
25.034426,25.030712,0.36515898,0.2291938,0.68981934,1,1,0,0.014587402,0.009155273,25.034424,31,146,1,0,255,2,0,1782505572.9276254,228
25.031498,25.024439,0.48270893,0.34679976,0.84695435,1,1,0,0.01928711,0.0138549805,25.031494,60,146,0,0,255,2,0,1782505572.9276254,228
25.034668,25.029312,0.3773626,0.35448298,0.70391846,1,1,0,0.015075684,0.014160156,25.034668,60,146,0,0,255,2,0,1782505572.9276254,228
25.03003,25.02534,0.32535997,0.35899997,0.69525146,1,1,0,0.013000488,0.014343262,25.03003,60,146,0,0,255,2,0,1782505572.9276254,228
25.043459,25.030615,0.577591,0.5563396,0.7875061,1,1,0,0.023071289,0.022216797,25.043457,61,146,1,0,255,2,0,1782505572.9276254,228
25.028809,25.018867,0.41997284,0.566705,0.6404724,1,1,0,0.016784668,0.022644043,25.028809,61,146,1,0,255,2,0,1782505572.9276254,228
25.041262,25.032028,0.3682345,0.57157093,1.0136719,1,1,0,0.014709473,0.022827148,25.04126,61,146,1,0,255,2,0,1782505572.9276254,228
25.03003,25.02146,0.31461746,0.5743692,0.7586975,1,1,0,0.012573242,0.022949219,25.03003,61,146,1,0,255,2,0,1782505572.9276254,228
25.035643,25.027567,0.2627502,0.579081,0.7114258,1,1,0,0.010498047,0.023132324,25.035645,61,146,1,0,255,2,0,1782505572.9276254,228
25.034422,25.0258,0.37730968,0.5378076,1.0766907,1,1,0,0.015075684,0.021484375,25.034424,26,147,0,0,255,2,0,1782505573.0275567,229
25.030027,25.022518,0.5315641,0.30553475,0.6718445,1,1,0,0.021240234,0.012207031,25.03003,28,147,0,0,255,2,0,1782505573.0275567,229
25.032959,25.026497,0.47969252,0.3055705,0.73599243,1,1,0,0.019165039,0.012207031,25.032959,28,147,0,0,255,2,0,1782505573.0275567,229
25.034182,25.025335,0.4705024,0.47058555,0.85043335,1,1,0,0.018798828,0.018798828,25.03418,29,147,1,0,255,2,0,1782505573.0275567,229
25.030031,25.022945,0.36504567,0.47050753,0.7247925,1,1,0,0.014587402,0.018798828,25.03003,29,147,1,0,255,2,0,1782505573.0275567,229
25.023926,25.018187,0.25959742,0.4688657,0.71795654,1,1,0,0.010375977,0.018737793,25.023926,29,147,1,0,255,2,0,1782505573.0275567,229
25.032957,25.026487,0.5209512,0.2291804,0.807312,1,1,0,0.020812988,0.009155273,25.032959,31,147,1,0,255,2,0,1782505573.0275567,229
25.023926,25.019403,0.41692683,0.2290977,0.7189636,1,1,0,0.016662598,0.009155273,25.023926,31,147,1,0,255,2,0,1782505573.0275567,229
25.018312,25.015324,0.31148618,0.22904629,0.70458984,1,1,0,0.012451172,0.009155273,25.01831,31,147,1,0,255,2,0,1782505573.0275567,229
25.032715,25.024675,0.533138,0.34376124,0.81573486,1,1,0,0.02130127,0.01373291,25.032715,60,147,0,0,255,2,0,1782505573.0275567,229
25.03125,25.02513,0.42771718,0.3513793,0.86776733,1,1,0,0.017089844,0.014038086,25.03125,60,147,0,0,255,2,0,1782505573.0275567,229
25.032469,25.028368,0.27039754,0.36361808,0.84002686,1,1,0,0.010803223,0.014526367,25.03247,60,147,0,0,255,2,0,1782505573.0275567,229
25.038818,25.026012,0.5759566,0.55623657,0.72579956,1,1,0,0.023010254,0.022216797,25.038818,61,147,1,0,255,2,0,1782505573.0275567,229
25.028074,25.02251,0.42920017,0.3070384,0.7810669,1,1,0,0.017150879,0.012268066,25.028076,28,148,0,0,255,2,0,1782505573.1273303,230
25.032228,25.024279,0.42006364,0.47054884,0.71655273,1,1,0,0.016784668,0.018798828,25.032227,29,148,1,0,255,2,0,1782505573.1273303,230
25.034424,25.028622,0.2627613,0.47059014,0.88619995,1,1,0,0.010498047,0.018798828,25.034424,29,148,1,0,255,2,0,1782505573.1273303,230
25.032225,25.0245,0.5774499,0.23070146,0.65283203,1,1,0,0.023071289,0.009216309,25.032227,31,148,1,0,255,2,0,1782505573.1273303,230
25.032957,25.027414,0.47359768,0.23070821,0.980896,1,1,0,0.018920898,0.009216309,25.032959,31,148,1,0,255,2,0,1782505573.1273303,230
25.032227,25.022886,0.5865813,0.351393,0.8764343,1,1,0,0.0234375,0.014038086,25.032227,60,148,0,0,255,2,0,1782505573.1273303,230
25.033934,25.028582,0.3758236,0.3560004,0.7767334,1,1,0,0.015014648,0.014221191,25.033936,60,148,0,0,255,2,0,1782505573.1273303,230
25.036863,25.025099,0.5239785,0.5607764,1.0959167,1,1,0,0.020935059,0.022399902,25.036865,61,148,1,0,255,2,0,1782505573.1273303,230
25.041258,25.032015,0.36670613,0.5730989,0.90057373,1,1,0,0.0146484375,0.022888184,25.04126,61,148,1,0,255,2,0,1782505573.1273303,230
25.028076,25.015356,0.58946013,0.5376712,0.8044739,1,1,0,0.02355957,0.021484375,25.028076,26,149,0,0,255,2,0,1782505573.2269402,231
25.033937,25.023474,0.4842182,0.5377971,0.7879944,1,1,0,0.019348145,0.021484375,25.033936,26,149,0,0,255,2,0,1782505573.2269402,231
25.032957,25.023447,0.43227175,0.5377761,0.70739746,1,1,0,0.01727295,0.021484375,25.032959,26,149,0,0,255,2,0,1782505573.2269402,231
25.031738,25.024467,0.27341053,0.5377499,0.7732544,1,1,0,0.010925293,0.021484375,25.031738,26,149,0,0,255,2,0,1782505573.2269402,231
25.033201,25.025593,0.5362138,0.3055735,0.7507324,1,1,0,0.02142334,0.012207031,25.033203,28,149,0,0,255,2,0,1782505573.2269402,231
25.031492,25.025894,0.432314,0.30555263,0.8070679,1,1,0,0.01727295,0.012207031,25.031494,28,149,0,0,255,2,0,1782505573.2269402,231
25.034668,25.030668,0.32695723,0.30559137,0.69869995,1,1,0,0.013061523,0.012207031,25.034668,28,149,0,0,255,2,0,1782505573.2269402,231
25.032227,25.02885,0.27498624,0.30556157,0.73599243,1,1,0,0.010986328,0.012207031,25.032227,28,149,0,0,255,2,0,1782505573.2269402,231
25.031738,25.028893,0.22151393,0.3055556,0.82354736,1,1,0,0.008850098,0.012207031,25.031738,28,149,0,0,255,2,0,1782505573.2269402,231
25.033447,25.022327,0.5789279,0.4705718,0.8018799,1,1,0,0.023132324,0.018798828,25.033447,29,149,1,0,255,2,0,1782505573.2269402,231
25.029541,25.019571,0.52691823,0.47049835,0.91412354,1,1,0,0.021057129,0.018798828,25.029541,29,149,1,0,255,2,0,1782505573.2269402,231
25.035156,25.028715,0.31776446,0.4706039,0.88742065,1,1,0,0.0126953125,0.018798828,25.035156,29,149,1,0,255,2,0,1782505573.2269402,231
25.037842,25.030115,0.5775795,0.23075321,0.69189453,1,1,0,0.023071289,0.009216309,25.037842,31,149,1,0,255,2,0,1782505573.2269402,231
25.032227,25.026062,0.4277331,0.3544484,0.72299194,1,1,0,0.017089844,0.014160156,25.032227,60,149,0,0,255,2,0,1782505573.2269402,231
25.037842,25.026073,0.5224707,0.56232613,0.78234863,1,1,0,0.020874023,0.022460938,25.037842,61,149,1,0,255,2,0,1782505573.2269402,231
25.026367,25.015566,0.4703187,0.5651226,0.90179443,1,1,0,0.018798828,0.022583008,25.026367,61,149,1,0,255,2,0,1782505573.2269402,231
25.025146,25.015163,0.4183834,0.5696761,0.846344,1,1,0,0.016723633,0.022766113,25.025146,61,149,1,0,255,2,0,1782505573.2269402,231
25.034424,25.02517,0.36507812,0.57447004,0.67749023,1,1,0,0.014587402,0.022949219,25.034424,61,149,1,0,255,2,0,1782505573.2269402,231
25.043459,25.035358,0.26130384,0.58078986,0.80804443,1,1,0,0.010437012,0.02319336,25.043457,61,149,1,0,255,2,0,1782505573.2269402,231
25.027098,25.01438,0.5894371,0.5376502,0.7897339,1,1,0,0.02355957,0.021484375,25.0271,26,150,0,0,255,2,0,1782505573.3271449,232
25.032957,25.024315,0.37881494,0.5377761,0.99346924,1,1,0,0.015136719,0.021484375,25.032959,26,150,0,0,255,2,0,1782505573.3271449,232
25.02905,25.021141,0.3268328,0.5376922,0.7420654,1,1,0,0.013061523,0.021484375,25.029053,26,150,0,0,255,2,0,1782505573.3271449,232
25.03003,25.022434,0.5346182,0.30706236,0.9206238,1,1,0,0.021362305,0.012268066,25.03003,28,150,0,0,255,2,0,1782505573.3271449,232
25.03418,25.02764,0.48277068,0.3071133,1.0653992,1,1,0,0.01928711,0.012268066,25.03418,28,150,0,0,255,2,0,1782505573.3271449,232
25.034422,25.024483,0.5254936,0.47059014,0.69189453,1,1,0,0.020996094,0.018798828,25.034424,29,150,1,0,255,2,0,1782505573.3271449,232
25.028568,25.019665,0.47345102,0.47048,0.8915405,1,1,0,0.018920898,0.018798828,25.028564,29,150,1,0,255,2,0,1782505573.3271449,232
25.03662,25.028858,0.579079,0.23074196,0.6949768,1,1,0,0.023132324,0.009216309,25.036621,31,150,1,0,255,2,0,1782505573.3271449,232
25.019531,25.013975,0.47487065,0.22905746,0.67684937,1,1,0,0.018981934,0.009155273,25.019531,31,150,1,0,255,2,0,1782505573.3271449,232
25.03125,25.022024,0.58350503,0.34832403,0.85302734,1,1,0,0.02331543,0.013916016,25.03125,60,150,0,0,255,2,0,1782505573.3271449,232
25.031006,25.023964,0.47964397,0.34984824,0.7862549,1,1,0,0.019165039,0.013977051,25.031006,60,150,0,0,255,2,0,1782505573.3271449,232
25.032469,25.02633,0.4262098,0.35445186,1.0419922,1,1,0,0.017028809,0.014160156,25.03247,60,150,0,0,255,2,0,1782505573.3271449,232
25.031006,25.0269,0.268854,0.3651244,0.70217896,1,1,0,0.0107421875,0.014587402,25.031006,60,150,0,0,255,2,0,1782505573.3271449,232
25.041258,25.02842,0.5744835,0.55934685,0.7186279,1,1,0,0.022949219,0.022338867,25.04126,61,150,1,0,255,2,0,1782505573.3271449,232
25.033445,25.021679,0.522379,0.5622274,0.7227173,1,1,0,0.020874023,0.022460938,25.033447,61,150,1,0,255,2,0,1782505573.3271449,232
25.028564,25.017756,0.46883237,0.56669945,0.77752686,1,1,0,0.018737793,0.022644043,25.028564,61,150,1,0,255,2,0,1782505573.3271449,232
25.035643,25.02568,0.41703144,0.56991506,0.75253296,1,1,0,0.016662598,0.022766113,25.035645,61,150,1,0,255,2,0,1782505573.3271449,232
25.025145,25.015894,0.36494282,0.5742572,0.7251282,1,1,0,0.014587402,0.022949219,25.025146,61,150,1,0,255,2,0,1782505573.3271449,232
25.032227,25.023624,0.31158957,0.5774745,0.67645264,1,1,0,0.012451172,0.023071289,25.032227,61,150,1,0,255,2,0,1782505573.3271449,232
25.03174,25.023624,0.25965387,0.58204544,0.8586731,1,1,0,0.010375977,0.023254395,25.031738,61,150,1,0,255,2,0,1782505573.3271449,232
25.030027,25.018509,0.53606206,0.53771317,0.82702637,1,1,0,0.02142334,0.021484375,25.03003,26,151,0,0,255,2,0,1782505573.4274628,233
25.034424,25.026512,0.32690296,0.5378076,0.8044739,1,1,0,0.013061523,0.021484375,25.034424,26,151,0,0,255,2,0,1782505573.4274628,233
25.032473,25.025185,0.27494594,0.5377656,0.6484375,1,1,0,0.010986328,0.021484375,25.03247,26,151,0,0,255,2,0,1782505573.4274628,233
25.028076,25.021353,0.2214472,0.53614396,0.82702637,1,1,0,0.008850098,0.02142334,25.028076,26,151,0,0,255,2,0,1782505573.4274628,233
25.032957,25.02533,0.5362082,0.3070983,0.95706177,1,1,0,0.02142334,0.012268066,25.032959,28,151,0,0,255,2,0,1782505573.4274628,233
25.03125,25.024681,0.48424158,0.30707735,0.83306885,1,1,0,0.019348145,0.012268066,25.03125,28,151,0,0,255,2,0,1782505573.4274628,233
25.042236,25.032259,0.5271855,0.47073698,0.7186279,1,1,0,0.021057129,0.018798828,25.042236,29,151,1,0,255,2,0,1782505573.4274628,233
25.02295,25.014978,0.42143476,0.47037444,0.87713623,1,1,0,0.016845703,0.018798828,25.02295,29,151,1,0,255,2,0,1782505573.4274628,233
25.023926,25.017508,0.31609493,0.4703928,0.71383667,1,1,0,0.012634277,0.018798828,25.023926,29,151,1,0,255,2,0,1782505573.4274628,233
25.041258,25.03346,0.5807142,0.23078471,0.8512268,1,1,0,0.02319336,0.009216309,25.04126,31,151,1,0,255,2,0,1782505573.4274628,233
25.034668,25.028036,0.5286248,0.22919604,0.94802856,1,1,0,0.021118164,0.009155273,25.034668,31,151,1,0,255,2,0,1782505573.4274628,233
25.036865,25.032238,0.42325383,0.22921616,0.9315796,1,1,0,0.016906738,0.009155273,25.036865,31,151,1,0,255,2,0,1782505573.4274628,233
25.031738,25.027937,0.37123013,0.22916922,0.7713623,1,1,0,0.014831543,0.009155273,25.031738,31,151,1,0,255,2,0,1782505573.4274628,233
25.031738,25.029278,0.26582387,0.22916922,0.92233276,1,1,0,0.010620117,0.009155273,25.031738,31,151,1,0,255,2,0,1782505573.4274628,233
25.032473,25.024391,0.5331319,0.3468133,0.7749939,1,1,0,0.02130127,0.0138549805,25.03247,60,151,0,0,255,2,0,1782505573.4274628,233
25.032225,25.026035,0.4292606,0.3544484,0.82354736,1,1,0,0.017150879,0.014160156,25.032227,60,151,0,0,255,2,0,1782505573.4274628,233
25.03076,25.021484,0.3665519,0.574386,1.0230103,1,1,0,0.0146484375,0.022949219,25.030762,61,151,1,0,255,2,0,1782505573.4274628,233
25.028563,25.020433,0.26114807,0.58197165,0.8710022,1,1,0,0.010437012,0.023254395,25.028564,61,151,1,0,255,2,0,1782505573.4274628,233
25.032957,25.020344,0.5849937,0.5377761,0.7897339,1,1,0,0.023376465,0.021484375,25.032959,26,152,0,0,255,2,0,1782505573.5271218,234
25.033447,25.021992,0.5330808,0.5377866,0.7715454,1,1,0,0.02130127,0.021484375,25.033447,26,152,0,0,255,2,0,1782505573.5271218,234
25.034912,25.027674,0.27039003,0.5378181,0.7828064,1,1,0,0.010803223,0.021484375,25.034912,26,152,0,0,255,2,0,1782505573.5271218,234
25.032715,25.025185,0.53162074,0.30709532,0.7507324,1,1,0,0.021240234,0.012268066,25.032715,28,152,0,0,255,2,0,1782505573.5271218,234
25.032225,25.025745,0.47967812,0.30708933,0.7862549,1,1,0,0.019165039,0.012268066,25.032227,28,152,0,0,255,2,0,1782505573.5271218,234
25.032469,25.026957,0.42622045,0.3070923,0.8088074,1,1,0,0.017028809,0.012268066,25.03247,28,152,0,0,255,2,0,1782505573.5271218,234
25.031982,25.02806,0.3208118,0.3055586,0.6154785,1,1,0,0.012817383,0.012207031,25.031982,28,152,0,0,255,2,0,1782505573.5271218,234
25.031982,25.028673,0.26887304,0.3055586,0.8105469,1,1,0,0.0107421875,0.012207031,25.031982,28,152,0,0,255,2,0,1782505573.5271218,234
25.028566,25.01975,0.46886978,0.47048,0.8565979,1,1,0,0.018737793,0.018798828,25.028564,29,152,1,0,255,2,0,1782505573.5271218,234
25.030764,25.0237,0.36352903,0.4705213,0.7097168,1,1,0,0.014526367,0.018798828,25.030762,29,152,1,0,255,2,0,1782505573.5271218,234
25.031738,25.025375,0.31161135,0.47053966,0.93569946,1,1,0,0.012451172,0.018798828,25.031738,29,152,1,0,255,2,0,1782505573.5271218,234
25.034424,25.028654,0.25970605,0.47059014,0.70114136,1,1,0,0.010375977,0.018798828,25.034424,29,152,1,0,255,2,0,1782505573.5271218,234
25.01831,25.011747,0.5252262,0.22904629,0.6624756,1,1,0,0.020996094,0.009155273,25.01831,31,152,1,0,255,2,0,1782505573.5271218,234
25.028564,25.023035,0.47351483,0.22914016,0.7425842,1,1,0,0.018920898,0.009155273,25.028564,31,152,1,0,255,2,0,1782505573.5271218,234
25.035645,25.032597,0.3162856,0.22920498,0.763855,1,1,0,0.012634277,0.009155273,25.035645,31,152,1,0,255,2,0,1782505573.5271218,234
25.031008,25.021603,0.5911353,0.34832063,0.7793274,1,1,0,0.023620605,0.013916016,25.031006,60,152,0,0,255,2,0,1782505573.5271218,234
25.031738,25.02356,0.5376983,0.34680316,0.47851562,1,1,0,0.021484375,0.0138549805,25.031738,60,152,0,0,255,2,0,1782505573.5271218,234
25.03247,25.02529,0.48578137,0.35139644,0.71865845,1,1,0,0.01940918,0.014038086,25.03247,60,152,0,0,255,2,0,1782505573.5271218,234
25.028076,25.021833,0.43224385,0.35438964,0.9310303,1,1,0,0.01727295,0.014160156,25.028076,60,152,0,0,255,2,0,1782505573.5271218,234
25.031248,25.025784,0.380365,0.35901746,0.71258545,1,1,0,0.015197754,0.014343262,25.03125,60,152,0,0,255,2,0,1782505573.5271218,234
25.03198,25.027185,0.32843956,0.36361098,0.69177246,1,1,0,0.013122559,0.014526367,25.031982,60,152,0,0,255,2,0,1782505573.5271218,234
25.031494,25.027298,0.2749692,0.36665916,0.70651245,1,1,0,0.010986328,0.0146484375,25.031494,60,152,0,0,255,2,0,1782505573.5271218,234
25.032715,25.02899,0.22304255,0.36973247,0.73773193,1,1,0,0.008911133,0.014770508,25.032715,60,152,0,0,255,2,0,1782505573.5271218,234
25.045656,25.032671,0.58069587,0.559445,0.85739136,1,1,0,0.02319336,0.022338867,25.045654,61,152,1,0,255,2,0,1782505573.5271218,234
25.037844,25.025911,0.52857983,0.5638539,0.68777466,1,1,0,0.021118164,0.022521973,25.037842,61,152,1,0,255,2,0,1782505573.5271218,234
25.030762,25.019836,0.47498193,0.5667492,0.87713623,1,1,0,0.018981934,0.022644043,25.030762,61,152,1,0,255,2,0,1782505573.5271218,234
25.029541,25.019444,0.4230375,0.5713034,0.78778076,1,1,0,0.016906738,0.022827148,25.029541,61,152,1,0,255,2,0,1782505573.5271218,234
25.02856,25.01922,0.37110084,0.57433563,0.86276245,1,1,0,0.014831543,0.022949219,25.028564,61,152,1,0,255,2,0,1782505573.5271218,234
25.029541,25.020828,0.3176643,0.5789398,0.68917847,1,1,0,0.0126953125,0.023132324,25.029541,61,152,1,0,255,2,0,1782505573.5271218,234
25.032959,25.02478,0.2657761,0.58207387,0.80114746,1,1,0,0.010620117,0.023254395,25.032959,61,152,1,0,255,2,0,1782505573.5271218,234
25.031738,25.024517,0.2688284,0.5377499,0.71951294,1,1,0,0.0107421875,0.021484375,25.031738,26,153,0,0,255,2,0,1782505573.627979,235
25.051268,25.042522,0.5870416,0.30579403,0.46655273,1,1,0,0.0234375,0.012207031,25.05127,28,153,0,0,255,2,0,1782505573.627979,235
25.033445,25.026955,0.4812294,0.30557647,1.0194702,1,1,0,0.019226074,0.012207031,25.033447,28,153,0,0,255,2,0,1782505573.627979,235
25.019531,25.011614,0.41832402,0.47031018,0.71383667,1,1,0,0.016723633,0.018798828,25.019531,29,153,1,0,255,2,0,1782505573.627979,235
25.023682,25.017302,0.313038,0.4703882,0.8968506,1,1,0,0.012512207,0.018798828,25.023682,29,153,1,0,255,2,0,1782505573.627979,235
25.036621,25.031134,0.47061142,0.23074196,0.7905884,1,1,0,0.018798828,0.009216309,25.036621,31,153,1,0,255,2,0,1782505573.627979,235
25.028076,25.02097,0.48416975,0.34827986,0.85562134,1,1,0,0.019348145,0.013916016,25.028076,60,153,0,0,255,2,0,1782505573.627979,235
25.032228,25.026829,0.378853,0.35597607,0.67529297,1,1,0,0.015136719,0.014221191,25.032227,60,153,0,0,255,2,0,1782505573.627979,235
25.029055,25.02492,0.27341548,0.36356843,0.72906494,1,1,0,0.010925293,0.014526367,25.029053,60,153,0,0,255,2,0,1782505573.627979,235
25.030031,25.017124,0.5788075,0.55756867,0.72579956,1,1,0,0.023132324,0.022277832,25.03003,61,153,1,0,255,2,0,1782505573.627979,235
25.027342,25.015516,0.5268329,0.56056315,0.7220459,1,1,0,0.021057129,0.022399902,25.027344,61,153,1,0,255,2,0,1782505573.627979,235
25.025146,25.015146,0.4214376,0.5681491,0.7107544,1,1,0,0.016845703,0.022705078,25.025146,61,153,1,0,255,2,0,1782505573.627979,235
25.023926,25.014664,0.36797905,0.57270217,0.868927,1,1,0,0.014709473,0.022888184,25.023926,61,153,1,0,255,2,0,1782505573.627979,235
25.04248,25.029789,0.5882717,0.5379807,0.6524658,1,1,0,0.023498535,0.021484375,25.04248,26,154,0,0,255,2,0,1782505573.7278302,236
25.031982,25.025238,0.21995406,0.53775513,0.7958069,1,1,0,0.0087890625,0.021484375,25.031982,26,154,0,0,255,2,0,1782505573.7278302,236
25.03247,25.024908,0.5331429,0.3070923,0.86776733,1,1,0,0.02130127,0.012268066,25.03247,28,154,0,0,255,2,0,1782505573.7278302,236
25.031982,25.02257,0.5896301,0.3513896,0.7507324,1,1,0,0.02355957,0.014038086,25.031982,60,154,0,0,255,2,0,1782505573.7278302,236
25.028076,25.020947,0.4841693,0.3498073,0.7619934,1,1,0,0.019348145,0.013977051,25.028076,60,154,0,0,255,2,0,1782505573.7278302,236
25.03198,25.025759,0.43231168,0.35291725,0.5071411,1,1,0,0.01727295,0.014099121,25.031982,60,154,0,0,255,2,0,1782505573.7278302,236
25.034182,25.02945,0.3269413,0.36058727,0.81573486,1,1,0,0.013061523,0.014404297,25.03418,60,154,0,0,255,2,0,1782505573.7278302,236
25.031494,25.02732,0.27496943,0.36513153,0.8070679,1,1,0,0.010986328,0.014587402,25.031494,60,154,0,0,255,2,0,1782505573.7278302,236
25.028074,25.024387,0.22147405,0.36813653,0.72299194,1,1,0,0.008850098,0.014709473,25.028076,60,154,0,0,255,2,0,1782505573.7278302,236
25.037842,25.025976,0.5270532,0.56232613,0.869751,1,1,0,0.021057129,0.022460938,25.037842,61,154,1,0,255,2,0,1782505573.7278302,236
25.043457,25.03256,0.47522348,0.5655085,0.9067383,1,1,0,0.018981934,0.022583008,25.043457,61,154,1,0,255,2,0,1782505573.7278302,236
25.026367,25.01769,0.31762448,0.57733935,0.93878174,1,1,0,0.0126953125,0.023071289,25.026367,61,154,1,0,255,2,0,1782505573.7278302,236
25.035154,25.029608,0.42932191,0.30559734,0.8868408,1,1,0,0.017150879,0.012207031,25.035156,28,155,0,0,255,2,0,1782505573.8275528,237
25.042236,25.03646,0.26284358,0.46920878,0.7854309,1,1,0,0.010498047,0.018737793,25.042236,29,155,1,0,255,2,0,1782505573.8275528,237
25.037842,25.03126,0.5256359,0.23075321,0.6713257,1,1,0,0.020996094,0.009216309,25.037842,31,155,1,0,255,2,0,1782505573.8275528,237
25.02295,25.019903,0.3161252,0.22908875,0.77545166,1,1,0,0.012634277,0.009155273,25.02295,31,155,1,0,255,2,0,1782505573.8275528,237
25.030025,25.020594,0.5895836,0.35288972,0.7568054,1,1,0,0.02355957,0.014099121,25.03003,60,155,0,0,255,2,0,1782505573.8275528,237
25.050293,25.042109,0.53809685,0.3470602,0.69329834,1,1,0,0.021484375,0.0138549805,25.050293,60,155,0,0,255,2,0,1782505573.8275528,237
25.02417,25.01699,0.48562026,0.3512799,0.6692505,1,1,0,0.01940918,0.014038086,25.02417,60,155,0,0,255,2,0,1782505573.8275528,237
25.032713,25.02647,0.43232396,0.35445532,0.71865845,1,1,0,0.01727295,0.014160156,25.032715,60,155,0,0,255,2,0,1782505573.8275528,237
25.032715,25.027248,0.38038728,0.35903847,0.7940674,1,1,0,0.015197754,0.014343262,25.032715,60,155,0,0,255,2,0,1782505573.8275528,237
25.031738,25.026964,0.32843667,0.36207977,0.83828735,1,1,0,0.013122559,0.014465332,25.031738,60,155,0,0,255,2,0,1782505573.8275528,237
25.03125,25.027054,0.2749665,0.3666556,0.72299194,1,1,0,0.010986328,0.0146484375,25.03125,60,155,0,0,255,2,0,1782505573.8275528,237
25.03247,25.028746,0.22304037,0.36972886,0.83306885,1,1,0,0.008911133,0.014770508,25.03247,60,155,0,0,255,2,0,1782505573.8275528,237
25.037844,25.024864,0.5805147,0.5592705,0.6702881,1,1,0,0.02319336,0.022338867,25.037842,61,155,1,0,255,2,0,1782505573.8275528,237
25.037844,25.025946,0.5285806,0.56232613,0.7247925,1,1,0,0.021118164,0.022460938,25.037842,61,155,1,0,255,2,0,1782505573.8275528,237
25.040037,25.029108,0.47515795,0.56695926,0.7586975,1,1,0,0.018981934,0.022644043,25.04004,61,155,1,0,255,2,0,1782505573.8275528,237
25.035643,25.025578,0.42314124,0.56991506,0.70526123,1,1,0,0.016906738,0.022766113,25.035645,61,155,1,0,255,2,0,1782505573.8275528,237
25.04004,25.030693,0.371271,0.5745989,0.7998352,1,1,0,0.014831543,0.022949219,25.04004,61,155,1,0,255,2,0,1782505573.8275528,237
25.033447,25.024769,0.31771433,0.57750267,0.72888184,1,1,0,0.0126953125,0.023071289,25.033447,61,155,1,0,255,2,0,1782505573.8275528,237
25.036623,25.02844,0.26581496,0.582159,0.78134155,1,1,0,0.010620117,0.023254395,25.036621,61,155,1,0,255,2,0,1782505573.8275528,237
25.03418,25.025536,0.3788334,0.53780234,0.83828735,1,1,0,0.015136719,0.021484375,25.03418,26,156,0,0,255,2,0,1782505573.9271033,238
25.033203,25.026445,0.22149228,0.53778136,0.7472534,1,1,0,0.008850098,0.021484375,25.033203,26,156,0,0,255,2,0,1782505573.9271033,238
25.027098,25.01776,0.5864611,0.35132104,0.7698059,1,1,0,0.0234375,0.014038086,25.0271,60,156,0,0,255,2,0,1782505573.9271033,238
25.031494,25.023338,0.5346375,0.34985507,0.8998413,1,1,0,0.021362305,0.013977051,25.031494,60,156,0,0,255,2,0,1782505573.9271033,238
25.032713,25.025599,0.48120332,0.35292757,0.97177124,1,1,0,0.019226074,0.014099121,25.032715,60,156,0,0,255,2,0,1782505573.9271033,238
25.035154,25.02894,0.42931047,0.35601774,0.8781738,1,1,0,0.017150879,0.014221191,25.035156,60,156,0,0,255,2,0,1782505573.9271033,238
25.031006,25.026249,0.32384402,0.3651244,0.73599243,1,1,0,0.012939453,0.014587402,25.031006,60,156,0,0,255,2,0,1782505573.9271033,238
25.032715,25.02853,0.27192712,0.36820474,0.673584,1,1,0,0.010864258,0.014709473,25.032715,60,156,0,0,255,2,0,1782505573.9271033,238
25.03662,25.023678,0.57743096,0.5607709,0.66104126,1,1,0,0.023071289,0.022399902,25.036621,61,156,1,0,255,2,0,1782505573.9271033,238
25.035643,25.023775,0.52395076,0.56533206,0.7319946,1,1,0,0.020935059,0.022583008,25.035645,61,156,1,0,255,2,0,1782505573.9271033,238
25.042234,25.031328,0.47214344,0.5685371,0.8286133,1,1,0,0.018859863,0.022705078,25.042236,61,156,1,0,255,2,0,1782505573.9271033,238
25.033447,25.02339,0.418521,0.5729201,0.64871216,1,1,0,0.016723633,0.022888184,25.033447,61,156,1,0,255,2,0,1782505573.9271033,238
25.029541,25.02023,0.36653352,0.5758853,0.82785034,1,1,0,0.0146484375,0.023010254,25.029541,61,156,1,0,255,2,0,1782505573.9271033,238
25.030764,25.022053,0.3146249,0.5804954,0.86276245,1,1,0,0.012573242,0.02319336,25.030762,61,156,1,0,255,2,0,1782505573.9271033,238
25.034424,25.026257,0.26120883,0.58363545,0.6271057,1,1,0,0.010437012,0.02331543,25.034424,61,156,1,0,255,2,0,1782505573.9271033,238
25.030762,25.023678,0.36505637,0.4705213,0.92233276,1,1,0,0.014587402,0.018798828,25.030762,29,157,1,0,255,2,0,1782505574.0271122,239
25.036623,25.033594,0.31477,0.22921392,0.8039551,1,1,0,0.012573242,0.009155273,25.036621,31,157,1,0,255,2,0,1782505574.0271122,239
25.03296,25.023619,0.58659846,0.3514033,0.70217896,1,1,0,0.0234375,0.014038086,25.032959,60,157,0,0,255,2,0,1782505574.0271122,239
25.022215,25.015125,0.48100194,0.3512525,0.99780273,1,1,0,0.019226074,0.014038086,25.022217,60,157,0,0,255,2,0,1782505574.0271122,239
25.027098,25.021704,0.37572032,0.35895795,0.84436035,1,1,0,0.015014648,0.014343262,25.0271,60,157,0,0,255,2,0,1782505574.0271122,239
25.032715,25.028568,0.27039972,0.36667705,0.85910034,1,1,0,0.010803223,0.0146484375,25.032715,60,157,0,0,255,2,0,1782505574.0271122,239
25.030027,25.017159,0.57575285,0.55909604,0.6271057,1,1,0,0.023010254,0.022338867,25.03003,61,157,1,0,255,2,0,1782505574.0271122,239
25.033447,25.023426,0.41852158,0.5713926,0.71450806,1,1,0,0.016723633,0.022827148,25.033447,61,157,1,0,255,2,0,1782505574.0271122,239
25.031006,25.02235,0.31310114,0.5789737,0.6959839,1,1,0,0.012512207,0.023132324,25.031006,61,157,1,0,255,2,0,1782505574.0271122,239
25.04248,25.029825,0.58674395,0.5379807,0.5137634,1,1,0,0.0234375,0.021484375,25.04248,26,158,0,0,255,2,0,1782505574.1270697,240
25.032469,25.02461,0.3253505,0.5362381,1.1035461,1,1,0,0.013000488,0.02142334,25.03247,26,158,0,0,255,2,0,1782505574.1270697,240
25.032225,25.025515,0.21995649,0.5362329,0.85910034,1,1,0,0.0087890625,0.02142334,25.032227,26,158,0,0,255,2,0,1782505574.1270697,240
25.033203,25.025608,0.534686,0.3071013,0.7732544,1,1,0,0.021362305,0.012268066,25.033203,28,158,0,0,255,2,0,1782505574.1270697,240
25.031008,25.024467,0.48270947,0.30707434,0.6596985,1,1,0,0.01928711,0.012268066,25.031006,28,158,0,0,255,2,0,1782505574.1270697,240
25.026367,25.018421,0.41996533,0.4704387,0.90179443,1,1,0,0.016784668,0.018798828,25.026367,29,158,1,0,255,2,0,1782505574.1270697,240
25.02295,25.015844,0.36646923,0.47037444,0.8915405,1,1,0,0.0146484375,0.018798828,25.02295,29,158,1,0,255,2,0,1782505574.1270697,240
25.030762,25.025246,0.4720287,0.23068796,0.8586731,1,1,0,0.018859863,0.009216309,25.030762,31,158,1,0,255,2,0,1782505574.1270697,240
25.04004,25.035488,0.41872334,0.22924522,0.70526123,1,1,0,0.016723633,0.009155273,25.04004,31,158,1,0,255,2,0,1782505574.1270697,240
25.033447,25.02407,0.58813727,0.35141015,0.86343384,1,1,0,0.023498535,0.014038086,25.033447,60,158,0,0,255,2,0,1782505574.1270697,240
25.031494,25.024395,0.48270807,0.34985507,0.9162903,1,1,0,0.01928711,0.013977051,25.031494,60,158,0,0,255,2,0,1782505574.1270697,240
25.017576,25.01344,0.27176315,0.36492854,0.71258545,1,1,0,0.010864258,0.014587402,25.017578,60,158,0,0,255,2,0,1782505574.1270697,240
25.023928,25.013918,0.41988972,0.5696483,0.7312927,1,1,0,0.016784668,0.022766113,25.023926,61,158,1,0,255,2,0,1782505574.1270697,240
25.030031,25.020092,0.5254014,0.47050753,0.70114136,1,1,0,0.020996094,0.018798828,25.03003,29,159,1,0,255,2,0,1782505574.2272222,241
25.023924,25.016167,0.5787853,0.23062496,0.69021606,1,1,0,0.023132324,0.009216309,25.023926,31,159,1,0,255,2,0,1782505574.2272222,241
25.030762,25.024181,0.52548724,0.23068796,0.8833008,1,1,0,0.020996094,0.009216309,25.030762,31,159,1,0,255,2,0,1782505574.2272222,241
25.020752,25.016996,0.36801335,0.22906864,0.67684937,1,1,0,0.014709473,0.009155273,25.020752,31,159,1,0,255,2,0,1782505574.2272222,241
25.02417,25.014847,0.5848652,0.3528071,0.6744385,1,1,0,0.023376465,0.014099121,25.02417,60,159,0,0,255,2,0,1782505574.2272222,241
25.03003,25.022966,0.47962487,0.35136217,0.71343994,1,1,0,0.019165039,0.014038086,25.03003,60,159,0,0,255,2,0,1782505574.2272222,241
25.021242,25.017097,0.27027577,0.366509,0.73773193,1,1,0,0.010803223,0.0146484375,25.02124,60,159,0,0,255,2,0,1782505574.2272222,241
25.03662,25.023783,0.5743771,0.55924326,0.6929016,1,1,0,0.022949219,0.022338867,25.036621,61,159,1,0,255,2,0,1782505574.2272222,241
25.03662,25.024818,0.52244455,0.56382644,0.7998352,1,1,0,0.020874023,0.022521973,25.036621,61,159,1,0,255,2,0,1782505574.2272222,241
25.042236,25.031393,0.4706163,0.56700903,0.9602051,1,1,0,0.018798828,0.022644043,25.042236,61,159,1,0,255,2,0,1782505574.2272222,241
25.036621,25.026623,0.41704714,0.5714651,0.6846924,1,1,0,0.016662598,0.022827148,25.036621,61,159,1,0,255,2,0,1782505574.2272222,241
25.028564,25.019909,0.3130706,0.5789172,0.8483887,1,1,0,0.012512207,0.023132324,25.028564,61,159,1,0,255,2,0,1782505574.2272222,241
25.030764,25.022648,0.25964373,0.5820228,0.7600708,1,1,0,0.010375977,0.023254395,25.030762,61,159,1,0,255,2,0,1782505574.2272222,241
25.025143,25.01569,0.4290832,0.53760827,0.72299194,1,1,0,0.017150879,0.021484375,25.025146,26,160,0,0,255,2,0,1782505574.3279152,242
25.022215,25.015474,0.21986824,0.5375453,0.82006836,1,1,0,0.0087890625,0.021484375,25.022217,26,160,0,0,255,2,0,1782505574.3279152,242
25.032227,25.024729,0.530083,0.30708933,0.6926575,1,1,0,0.0211792,0.012268066,25.032227,28,160,0,0,255,2,0,1782505574.3279152,242
25.034668,25.030746,0.32084623,0.30559137,0.84262085,1,1,0,0.012817383,0.012207031,25.034668,28,160,0,0,255,2,0,1782505574.3279152,242
25.041258,25.030277,0.5729977,0.47071862,0.93655396,1,1,0,0.022888184,0.018798828,25.04126,29,160,1,0,255,2,0,1782505574.3279152,242
25.037842,25.029024,0.46904355,0.47065437,0.7350769,1,1,0,0.018737793,0.018798828,25.037842,29,160,1,0,255,2,0,1782505574.3279152,242
25.030031,25.02216,0.41544512,0.47050753,0.6816101,1,1,0,0.016601562,0.018798828,25.03003,29,160,1,0,255,2,0,1782505574.3279152,242
25.028566,25.022203,0.31157187,0.47048,0.82785034,1,1,0,0.012451172,0.018798828,25.028564,29,160,1,0,255,2,0,1782505574.3279152,242
25.019531,25.013807,0.2580251,0.46878335,0.66763306,1,1,0,0.010314941,0.018737793,25.019531,29,160,1,0,255,2,0,1782505574.3279152,242
25.029541,25.021816,0.577388,0.23067671,0.7579956,1,1,0,0.023071289,0.009216309,25.029541,31,160,1,0,255,2,0,1782505574.3279152,242
25.028563,25.02203,0.5239142,0.22914016,0.7867737,1,1,0,0.020935059,0.009155273,25.028564,31,160,1,0,255,2,0,1782505574.3279152,242
25.03589,25.030388,0.47212568,0.22920722,1.0127258,1,1,0,0.018859863,0.009155273,25.035889,31,160,1,0,255,2,0,1782505574.3279152,242
25.032473,25.02438,0.53465974,0.34528556,0.7619934,1,1,0,0.021362305,0.013793945,25.03247,60,160,0,0,255,2,0,1782505574.3279152,242
25.033936,25.026886,0.48122808,0.3483614,0.7403259,1,1,0,0.019226074,0.013916016,25.033936,60,160,0,0,255,2,0,1782505574.3279152,242
25.034178,25.028008,0.42929447,0.35294822,0.85736084,1,1,0,0.017150879,0.014099121,25.03418,60,160,0,0,255,2,0,1782505574.3279152,242
25.031004,25.025629,0.3773071,0.35595873,1.0012512,1,1,0,0.015075684,0.014221191,25.031006,60,160,0,0,255,2,0,1782505574.3279152,242
25.035156,25.025179,0.42007875,0.56837636,0.8319702,1,1,0,0.016784668,0.022705078,25.035156,61,160,1,0,255,2,0,1782505574.3279152,242
25.017332,25.008734,0.31445742,0.57560444,0.633728,1,1,0,0.012573242,0.023010254,25.017334,61,160,1,0,255,2,0,1782505574.3279152,242
25.033203,25.024427,0.5881456,0.3055735,0.72732544,1,1,0,0.023498535,0.012207031,25.033203,28,161,0,0,255,2,0,1782505574.427571,243
25.031496,25.024975,0.48271924,0.30555263,0.8781738,1,1,0,0.01928711,0.012207031,25.031494,28,161,0,0,255,2,0,1782505574.427571,243
25.035643,25.027918,0.5775288,0.23073296,0.6959839,1,1,0,0.023071289,0.009216309,25.035645,31,161,1,0,255,2,0,1782505574.427571,243
25.01953,25.012985,0.52372485,0.23058446,0.6840515,1,1,0,0.020935059,0.009216309,25.019531,31,161,1,0,255,2,0,1782505574.427571,243
25.022459,25.016947,0.47187215,0.23061146,0.97280884,1,1,0,0.018859863,0.009216309,25.02246,31,161,1,0,255,2,0,1782505574.427571,243
25.0271,25.02175,0.37419346,0.35743058,0.7749939,1,1,0,0.014953613,0.014282227,25.0271,60,161,0,0,255,2,0,1782505574.427571,243
25.027102,25.022993,0.26881203,0.36506742,0.83306885,1,1,0,0.0107421875,0.014587402,25.0271,60,161,0,0,255,2,0,1782505574.427571,243
25.03662,25.023817,0.57437795,0.55771554,0.6425476,1,1,0,0.022949219,0.022277832,25.036621,61,161,1,0,255,2,0,1782505574.427571,243
25.03442,25.02446,0.4170111,0.5698873,0.7247925,1,1,0,0.016662598,0.022766113,25.034424,61,161,1,0,255,2,0,1782505574.427571,243
25.026365,25.017149,0.36496112,0.5727581,0.7127991,1,1,0,0.014587402,0.022888184,25.026367,61,161,1,0,255,2,0,1782505574.427571,243
25.02173,25.013132,0.3114589,0.5772323,0.71383667,1,1,0,0.012451172,0.023071289,25.021729,61,161,1,0,255,2,0,1782505574.427571,243
25.01831,25.010235,0.25951493,0.58020663,0.6398926,1,1,0,0.010375977,0.02319336,25.01831,61,161,1,0,255,2,0,1782505574.427571,243
25.02905,25.020466,0.3772292,0.5361649,0.7325134,1,1,0,0.015075684,0.02142334,25.029053,26,162,0,0,255,2,0,1782505574.527958,244
25.032225,25.024366,0.32534733,0.5362329,0.69869995,1,1,0,0.013000488,0.02142334,25.032227,26,162,0,0,255,2,0,1782505574.527958,244
25.025145,25.017927,0.2718119,0.5360812,0.7533264,1,1,0,0.010864258,0.02142334,25.025146,26,162,0,0,255,2,0,1782505574.527958,244
25.031738,25.024143,0.53465474,0.30708334,1.0376587,1,1,0,0.021362305,0.012268066,25.031738,28,162,0,0,255,2,0,1782505574.527958,244
25.035643,25.027952,0.5760012,0.23073296,0.7371216,1,1,0,0.023010254,0.009216309,25.035645,31,162,1,0,255,2,0,1782505574.527958,244
25.04126,25.03474,0.5226517,0.23078471,0.90057373,1,1,0,0.020874023,0.009216309,25.04126,31,162,1,0,255,2,0,1782505574.527958,244
25.042236,25.036764,0.47071728,0.22926533,0.853302,1,1,0,0.018798828,0.009155273,25.042236,31,162,1,0,255,2,0,1782505574.527958,244
25.028809,25.025097,0.36507705,0.2291424,0.64767456,1,1,0,0.014587402,0.009155273,25.028809,31,162,1,0,255,2,0,1782505574.527958,244
25.033205,25.023884,0.58660465,0.34987894,0.7879944,1,1,0,0.0234375,0.013977051,25.033203,60,162,0,0,255,2,0,1782505574.527958,244
25.031494,25.025303,0.42924803,0.35443804,0.8027344,1,1,0,0.017150879,0.014160156,25.031494,60,162,0,0,255,2,0,1782505574.527958,244
25.026123,25.020727,0.37570566,0.35894394,0.7940674,1,1,0,0.015014648,0.014343262,25.026123,60,162,0,0,255,2,0,1782505574.527958,244
25.042234,25.02936,0.5760336,0.55936867,0.7515259,1,1,0,0.023010254,0.022338867,25.042236,61,162,1,0,255,2,0,1782505574.527958,244
25.027344,25.015512,0.5237778,0.5636175,0.7446594,1,1,0,0.020935059,0.022521973,25.027344,61,162,1,0,255,2,0,1782505574.527958,244
25.04004,25.029167,0.47210264,0.56695926,0.9026489,1,1,0,0.018859863,0.022644043,25.04004,61,162,1,0,255,2,0,1782505574.527958,244
25.037842,25.028563,0.36665556,0.5745485,0.9170227,1,1,0,0.0146484375,0.022949219,25.037842,61,162,1,0,255,2,0,1782505574.527958,244
25.028809,25.020134,0.31460077,0.57892287,0.59628296,1,1,0,0.012573242,0.023132324,25.028809,61,162,1,0,255,2,0,1782505574.527958,244
25.031736,25.01905,0.5880193,0.5377499,0.7715454,1,1,0,0.023498535,0.021484375,25.031738,26,163,0,0,255,2,0,1782505574.6276581,245
25.022215,25.010733,0.5343682,0.5375453,0.6657715,1,1,0,0.021362305,0.021484375,25.022217,26,163,0,0,255,2,0,1782505574.6276581,245
25.032715,25.026003,0.21996078,0.5362433,0.7619934,1,1,0,0.0087890625,0.02142334,25.032715,26,163,0,0,255,2,0,1782505574.6276581,245
25.031982,25.024355,0.5361873,0.30708632,0.68743896,1,1,0,0.02142334,0.012268066,25.031982,28,163,0,0,255,2,0,1782505574.6276581,245
25.02417,25.018599,0.43066052,0.30546322,0.7828064,1,1,0,0.017211914,0.012207031,25.02417,28,163,0,0,255,2,0,1782505574.6276581,245
25.032959,25.02896,0.3269349,0.3055705,0.82180786,1,1,0,0.013061523,0.012207031,25.032959,28,163,0,0,255,2,0,1782505574.6276581,245
25.034424,25.027271,0.36969236,0.47059014,0.719635,1,1,0,0.014770508,0.018798828,25.034424,29,163,1,0,255,2,0,1782505574.6276581,245
25.042236,25.035685,0.5242001,0.23079371,0.89852905,1,1,0,0.020935059,0.009216309,25.042236,31,163,1,0,255,2,0,1782505574.6276581,245
25.03247,25.023115,0.5881148,0.3498687,0.81399536,1,1,0,0.023498535,0.013977051,25.03247,60,163,0,0,255,2,0,1782505574.6276581,245
25.031252,25.023117,0.5346328,0.34832403,0.70391846,1,1,0,0.021362305,0.013916016,25.03125,60,163,0,0,255,2,0,1782505574.6276581,245
25.032473,25.02535,0.4827265,0.35139644,0.81747437,1,1,0,0.01928711,0.014038086,25.03247,60,163,0,0,255,2,0,1782505574.6276581,245
25.031982,25.026562,0.37732112,0.35902795,0.9232483,1,1,0,0.015075684,0.014343262,25.031982,60,163,0,0,255,2,0,1782505574.6276581,245
25.033936,25.029179,0.3254099,0.36363935,0.8105469,1,1,0,0.013000488,0.014526367,25.033936,60,163,0,0,255,2,0,1782505574.6276581,245
25.03345,25.029285,0.2719353,0.36668777,0.83480835,1,1,0,0.010864258,0.0146484375,25.033447,60,163,0,0,255,2,0,1782505574.6276581,245
25.043459,25.030512,0.5775886,0.56092405,0.9797363,1,1,0,0.023071289,0.022399902,25.043457,61,163,1,0,255,2,0,1782505574.6276581,245
25.035643,25.02474,0.47201917,0.56838745,0.82244873,1,1,0,0.018859863,0.022705078,25.035645,61,163,1,0,255,2,0,1782505574.6276581,245
25.031738,25.021692,0.42002025,0.5713536,0.9685669,1,1,0,0.016784668,0.022827148,25.031738,61,163,1,0,255,2,0,1782505574.6276581,245
25.030762,25.021427,0.36807853,0.57591337,0.76623535,1,1,0,0.014709473,0.023010254,25.030762,61,163,1,0,255,2,0,1782505574.6276581,245
25.035889,25.027212,0.31468976,0.5790866,1.1596069,1,1,0,0.012573242,0.023132324,25.035889,61,163,1,0,255,2,0,1782505574.6276581,245
25.034182,25.025997,0.26273376,0.5836298,0.85250854,1,1,0,0.010498047,0.02331543,25.03418,61,163,1,0,255,2,0,1782505574.6276581,245
25.031738,25.024485,0.27188316,0.5377499,0.8027344,1,1,0,0.010864258,0.021484375,25.031738,26,164,0,0,255,2,0,1782505574.7278252,246
25.032227,25.024618,0.5361929,0.30556157,0.73773193,1,1,0,0.02142334,0.012207031,25.032227,28,164,0,0,255,2,0,1782505574.7278252,246
25.033447,25.026316,0.36815047,0.4705718,0.7083435,1,1,0,0.014709473,0.018798828,25.033447,29,164,1,0,255,2,0,1782505574.7278252,246
25.03125,25.021873,0.58808565,0.3513793,0.7420654,1,1,0,0.023498535,0.014038086,25.03125,60,164,0,0,255,2,0,1782505574.7278252,246
25.031738,25.024544,0.48423892,0.3544415,0.9266968,1,1,0,0.019348145,0.014160156,25.031738,60,164,0,0,255,2,0,1782505574.7278252,246
25.03125,25.02499,0.43077055,0.35748982,1.0029907,1,1,0,0.017211914,0.014282227,25.03125,60,164,0,0,255,2,0,1782505574.7278252,246
25.028076,25.02259,0.37878883,0.3620268,0.82354736,1,1,0,0.015136719,0.014465332,25.028076,60,164,0,0,255,2,0,1782505574.7278252,246
25.032717,25.027937,0.32539374,0.36514935,0.82873535,1,1,0,0.013000488,0.014587402,25.032715,60,164,0,0,255,2,0,1782505574.7278252,246
25.031006,25.026783,0.27343583,0.36970723,0.84436035,1,1,0,0.010925293,0.014770508,25.031006,60,164,0,0,255,2,0,1782505574.7278252,246
25.025146,25.02139,0.22144754,0.37267518,0.7828064,1,1,0,0.008850098,0.014892578,25.025146,60,164,0,0,255,2,0,1782505574.7278252,246
25.034422,25.021412,0.57890666,0.56224936,0.7905884,1,1,0,0.023132324,0.022460938,25.034424,61,164,1,0,255,2,0,1782505574.7278252,246
25.035643,25.02371,0.52700543,0.56533206,0.7515259,1,1,0,0.021057129,0.022583008,25.035645,61,164,1,0,255,2,0,1782505574.7278252,246
25.022947,25.011986,0.47330573,0.5696261,0.8360596,1,1,0,0.018920898,0.022766113,25.02295,61,164,1,0,255,2,0,1782505574.7278252,246
25.025146,25.015041,0.4214358,0.5727301,0.65530396,1,1,0,0.016845703,0.022888184,25.025146,61,164,1,0,255,2,0,1782505574.7278252,246
25.026611,25.017244,0.368017,0.57734495,0.65179443,1,1,0,0.014709473,0.023071289,25.026611,61,164,1,0,255,2,0,1782505574.7278252,246
25.030031,25.021301,0.3161429,0.5804784,0.66619873,1,1,0,0.012634277,0.02319336,25.03003,61,164,1,0,255,2,0,1782505574.7278252,246
25.032959,25.024725,0.26424792,0.5851288,1.1020813,1,1,0,0.010559082,0.023376465,25.032959,61,164,1,0,255,2,0,1782505574.7278252,246
25.025145,25.012463,0.58786446,0.53760827,0.7862549,1,1,0,0.023498535,0.021484375,25.025146,26,165,0,0,255,2,0,1782505574.8276942,247
25.030027,25.019567,0.48414263,0.53771317,0.95443726,1,1,0,0.019348145,0.021484375,25.03003,26,165,0,0,255,2,0,1782505574.8276942,247
25.031006,25.02816,0.22150744,0.30554667,0.7550659,1,1,0,0.008850098,0.012207031,25.031006,28,165,0,0,255,2,0,1782505574.8276942,247
25.026367,25.019217,0.3695734,0.4704387,0.7364502,1,1,0,0.014770508,0.018798828,25.026367,29,165,1,0,255,2,0,1782505574.8276942,247
25.037842,25.034061,0.3697927,0.2292251,0.66619873,1,1,0,0.014770508,0.009155273,25.037842,31,165,1,0,255,2,0,1782505574.8276942,247
25.03125,25.021887,0.58655787,0.3529069,0.68743896,1,1,0,0.0234375,0.014099121,25.03125,60,165,0,0,255,2,0,1782505574.8276942,247
25.0271,25.021727,0.37572065,0.35743058,0.83047485,1,1,0,0.015014648,0.014282227,25.0271,60,165,0,0,255,2,0,1782505574.8276942,247
25.046143,25.035269,0.47221777,0.5670975,1.2511597,1,1,0,0.018859863,0.022644043,25.046143,61,165,1,0,255,2,0,1782505574.8276942,247
25.034422,25.024435,0.41853845,0.5698873,0.75253296,1,1,0,0.016723633,0.022766113,25.034424,61,165,1,0,255,2,0,1782505574.8276942,247
25.032227,25.02295,0.36657333,0.5744196,0.63430786,1,1,0,0.0146484375,0.022949219,25.032227,61,165,1,0,255,2,0,1782505574.8276942,247
25.030762,25.02263,0.26117098,0.5820228,0.99938965,1,1,0,0.010437012,0.023254395,25.030762,61,165,1,0,255,2,0,1782505574.8276942,247
25.031006,25.023167,0.32380414,0.5362067,0.7550659,1,1,0,0.012939453,0.02142334,25.031006,26,166,0,0,255,2,0,1782505574.92781,248
25.033936,25.02673,0.27037984,0.5362695,0.8070679,1,1,0,0.010803223,0.02142334,25.033936,26,166,0,0,255,2,0,1782505574.92781,248
25.036377,25.025326,0.5759408,0.47062686,0.8935852,1,1,0,0.023010254,0.018798828,25.036377,29,166,1,0,255,2,0,1782505574.92781,248
25.046877,25.036995,0.5226987,0.47082418,0.89852905,1,1,0,0.020874023,0.018798828,25.046875,29,166,1,0,255,2,0,1782505574.92781,248
25.034424,25.027338,0.36510974,0.47059014,0.68777466,1,1,0,0.014587402,0.018798828,25.034424,29,166,1,0,255,2,0,1782505574.92781,248
25.036623,25.032072,0.41866618,0.22921392,0.7073059,1,1,0,0.016723633,0.009155273,25.036621,31,166,1,0,255,2,0,1782505574.92781,248
25.034668,25.026575,0.53470665,0.34531587,1.0376587,1,1,0,0.021362305,0.013793945,25.034668,60,166,0,0,255,2,0,1782505574.92781,248
25.031984,25.024883,0.48271748,0.3498619,0.67529297,1,1,0,0.01928711,0.013977051,25.031982,60,166,0,0,255,2,0,1782505574.92781,248
25.031494,25.026096,0.37731412,0.3574933,0.86602783,1,1,0,0.015075684,0.014282227,25.031494,60,166,0,0,255,2,0,1782505574.92781,248
25.03662,25.024788,0.52550006,0.5622987,0.68777466,1,1,0,0.020996094,0.022460938,25.036621,61,166,1,0,255,2,0,1782505574.92781,248
25.036623,25.02798,0.31469944,0.57757586,0.763855,1,1,0,0.012573242,0.023071289,25.036621,61,166,1,0,255,2,0,1782505574.92781,248
25.035889,25.027777,0.2627524,0.5806143,0.9880676,1,1,0,0.010498047,0.02319336,25.035889,61,166,1,0,255,2,0,1782505574.92781,248
25.020264,25.007547,0.58927613,0.53750336,0.6596985,1,1,0,0.02355957,0.021484375,25.020264,26,167,0,0,255,2,0,1782505575.0273702,249
25.03125,25.020788,0.48416626,0.5377394,0.85128784,1,1,0,0.019348145,0.021484375,25.03125,26,167,0,0,255,2,0,1782505575.0273702,249
25.032225,25.022715,0.43225908,0.5377604,0.87210083,1,1,0,0.01727295,0.021484375,25.032227,26,167,0,0,255,2,0,1782505575.0273702,249
25.031006,25.022362,0.37878537,0.53773415,0.71343994,1,1,0,0.015136719,0.021484375,25.031006,26,167,0,0,255,2,0,1782505575.0273702,249
25.033447,25.025536,0.3268902,0.5377866,1.0602112,1,1,0,0.013061523,0.021484375,25.033447,26,167,0,0,255,2,0,1782505575.0273702,249
25.027098,25.019505,0.5345556,0.30702642,0.658844,1,1,0,0.021362305,0.012268066,25.0271,28,167,0,0,255,2,0,1782505575.0273702,249
25.032469,25.025959,0.48121026,0.3070923,0.82873535,1,1,0,0.019226074,0.012268066,25.03247,28,167,0,0,255,2,0,1782505575.0273702,249
25.031248,25.02652,0.3773205,0.30707735,0.73599243,1,1,0,0.015075684,0.012268066,25.03125,28,167,0,0,255,2,0,1782505575.0273702,249
25.042236,25.033358,0.4721817,0.47073698,0.763855,1,1,0,0.018859863,0.018798828,25.042236,29,167,1,0,255,2,0,1782505575.0273702,249
25.034668,25.028866,0.26276386,0.47059473,1.1513977,1,1,0,0.010498047,0.018798828,25.034668,29,167,1,0,255,2,0,1782505575.0273702,249
25.027344,25.021858,0.47043705,0.23065646,0.7210388,1,1,0,0.018798828,0.009216309,25.027344,31,167,1,0,255,2,0,1782505575.0273702,249
25.03076,25.026197,0.41856793,0.23068796,0.78778076,1,1,0,0.016723633,0.009216309,25.030762,31,167,1,0,255,2,0,1782505575.0273702,249
25.028074,25.01875,0.58495647,0.35286218,0.8122864,1,1,0,0.023376465,0.014099121,25.028076,60,167,0,0,255,2,0,1782505575.0273702,249
25.029053,25.02199,0.47960615,0.35134846,0.7455139,1,1,0,0.019165039,0.014038086,25.029053,60,167,0,0,255,2,0,1782505575.0273702,249
25.03418,25.028784,0.37582663,0.35905948,0.7862549,1,1,0,0.015014648,0.014343262,25.03418,60,167,0,0,255,2,0,1782505575.0273702,249
25.029053,25.024359,0.32229197,0.36204094,0.69177246,1,1,0,0.012878418,0.014465332,25.029053,60,167,0,0,255,2,0,1782505575.0273702,249
25.03247,25.028324,0.27039707,0.36667347,0.83047485,1,1,0,0.010803223,0.0146484375,25.03247,60,167,0,0,255,2,0,1782505575.0273702,249
25.035645,25.023842,0.52242416,0.56380445,0.70217896,1,1,0,0.020874023,0.022521973,25.035645,61,167,1,0,255,2,0,1782505575.0273702,249
25.042234,25.032978,0.36519206,0.57464933,0.9026489,1,1,0,0.014587402,0.022949219,25.042236,61,167,1,0,255,2,0,1782505575.0273702,249
25.042236,25.033577,0.31324163,0.57923347,0.9273071,1,1,0,0.012512207,0.023132324,25.042236,61,167,1,0,255,2,0,1782505575.0273702,249
25.02905,25.01633,0.5894831,0.5376922,1.0255432,1,1,0,0.02355957,0.021484375,25.029053,26,168,0,0,255,2,0,1782505575.126848,250
25.026125,25.015665,0.4840671,0.53762925,1.0402832,1,1,0,0.019348145,0.021484375,25.026123,26,168,0,0,255,2,0,1782505575.126848,250
25.03125,25.02174,0.4322422,0.5377394,0.8009949,1,1,0,0.01727295,0.021484375,25.03125,26,168,0,0,255,2,0,1782505575.126848,250
25.032227,25.024315,0.32687426,0.5377604,0.652771,1,1,0,0.013061523,0.021484375,25.032227,26,168,0,0,255,2,0,1782505575.126848,250
25.02124,25.014006,0.27329624,0.5359975,0.6657715,1,1,0,0.010925293,0.02142334,25.02124,26,168,0,0,255,2,0,1782505575.126848,250
25.032957,25.026234,0.2214904,0.53624856,0.73599243,1,1,0,0.008850098,0.02142334,25.032959,26,168,0,0,255,2,0,1782505575.126848,250
25.02417,25.020828,0.27184343,0.30546322,0.7325134,1,1,0,0.010864258,0.012207031,25.02417,28,168,0,0,255,2,0,1782505575.126848,250
25.036863,25.029139,0.57755697,0.23074421,0.9182434,1,1,0,0.023071289,0.009216309,25.036865,31,168,1,0,255,2,0,1782505575.126848,250
25.033447,25.027903,0.4736069,0.23071271,0.66000366,1,1,0,0.018920898,0.009216309,25.033447,31,168,1,0,255,2,0,1782505575.126848,250
25.03296,25.02488,0.5331423,0.34682006,0.7879944,1,1,0,0.02130127,0.0138549805,25.032959,60,168,0,0,255,2,0,1782505575.126848,250
25.025145,25.018076,0.48105866,0.34976634,0.7663269,1,1,0,0.019226074,0.013977051,25.025146,60,168,0,0,255,2,0,1782505575.126848,250
25.028809,25.017012,0.52380913,0.56212324,0.6795349,1,1,0,0.020935059,0.022460938,25.028809,61,168,1,0,255,2,0,1782505575.126848,250
25.032957,25.022972,0.41851398,0.56985396,0.8175659,1,1,0,0.016723633,0.022766113,25.032959,61,168,1,0,255,2,0,1782505575.126848,250
25.02417,25.016918,0.27180097,0.5375873,0.6536255,1,1,0,0.010864258,0.021484375,25.02417,26,169,0,0,255,2,0,1782505575.227113,251
25.031982,25.026382,0.43232244,0.3055586,0.7342529,1,1,0,0.01727295,0.012207031,25.031982,28,169,0,0,255,2,0,1782505575.227113,251
25.03247,25.029095,0.27498892,0.30556455,0.82180786,1,1,0,0.010986328,0.012207031,25.03247,28,169,0,0,255,2,0,1782505575.227113,251
25.037842,25.02672,0.5790295,0.47065437,0.7494507,1,1,0,0.023132324,0.018798828,25.037842,29,169,1,0,255,2,0,1782505575.227113,251
25.04004,25.032885,0.3697753,0.47069567,0.7720642,1,1,0,0.014770508,0.018798828,25.04004,29,169,1,0,255,2,0,1782505575.227113,251
25.028812,25.022371,0.31768388,0.47048458,0.64974976,1,1,0,0.0126953125,0.018798828,25.028809,29,169,1,0,255,2,0,1782505575.227113,251
25.023926,25.01811,0.2641781,0.4703928,0.7312927,1,1,0,0.010559082,0.018798828,25.023926,29,169,1,0,255,2,0,1782505575.227113,251
25.02905,25.019697,0.5880345,0.34982094,0.7403259,1,1,0,0.023498535,0.013977051,25.029053,60,169,0,0,255,2,0,1782505575.227113,251
25.02417,25.018751,0.37720338,0.35891593,0.8764343,1,1,0,0.015075684,0.014343262,25.02417,60,169,0,0,255,2,0,1782505575.227113,251
25.033445,25.02054,0.57735854,0.5591724,0.76693726,1,1,0,0.023071289,0.022338867,25.033447,61,169,1,0,255,2,0,1782505575.227113,251
25.03662,25.024754,0.52549934,0.56382644,0.7648926,1,1,0,0.020996094,0.022521973,25.036621,61,169,1,0,255,2,0,1782505575.227113,251
25.034424,25.024376,0.42006528,0.5714149,0.7340393,1,1,0,0.016784668,0.022827148,25.034424,61,169,1,0,255,2,0,1782505575.227113,251
25.033447,25.025885,0.5331637,0.3071043,0.8928833,1,1,0,0.02130127,0.012268066,25.033447,28,170,0,0,255,2,0,1782505575.3272913,252
25.028076,25.022537,0.42767286,0.3070384,0.74380493,1,1,0,0.017089844,0.012268066,25.028076,28,170,0,0,255,2,0,1782505575.3272913,252
25.035158,25.026312,0.47052076,0.4706039,1.1195374,1,1,0,0.018798828,0.018798828,25.035156,29,170,1,0,255,2,0,1782505575.3272913,252
25.023926,25.016006,0.4183975,0.4703928,0.6850891,1,1,0,0.016723633,0.018798828,25.023926,29,170,1,0,255,2,0,1782505575.3272913,252
25.021236,25.011902,0.58632386,0.3512388,0.71606445,1,1,0,0.0234375,0.014038086,25.02124,60,170,0,0,255,2,0,1782505575.3272913,252
25.031492,25.02337,0.5331102,0.34985507,0.85562134,1,1,0,0.02130127,0.013977051,25.031494,60,170,0,0,255,2,0,1782505575.3272913,252
25.031004,25.023891,0.48117048,0.3529035,0.71865845,1,1,0,0.019226074,0.014099121,25.031006,60,170,0,0,255,2,0,1782505575.3272913,252
25.02905,25.02282,0.42920545,0.35745844,0.7342529,1,1,0,0.017150879,0.014282227,25.029053,60,170,0,0,255,2,0,1782505575.3272913,252
25.0271,25.021683,0.37572,0.36048532,0.84262085,1,1,0,0.015014648,0.014404297,25.0271,60,170,0,0,255,2,0,1782505575.3272913,252
25.031494,25.026737,0.32385033,0.36513153,0.8070679,1,1,0,0.012939453,0.014587402,25.031494,60,170,0,0,255,2,0,1782505575.3272913,252
25.03247,25.028286,0.27192447,0.36820117,0.8088074,1,1,0,0.010864258,0.014709473,25.03247,60,170,0,0,255,2,0,1782505575.3272913,252
25.040037,25.027094,0.5759815,0.5623755,0.836853,1,1,0,0.023010254,0.022460938,25.04004,61,170,1,0,255,2,0,1782505575.3272913,252
25.038818,25.027878,0.47207832,0.5699873,0.8265686,1,1,0,0.018859863,0.022766113,25.038818,61,170,1,0,255,2,0,1782505575.3272913,252
25.035645,25.025587,0.41855773,0.5729704,0.7761841,1,1,0,0.016723633,0.022888184,25.035645,61,170,1,0,255,2,0,1782505575.3272913,252
25.034424,25.025076,0.3666045,0.5775252,0.7073059,1,1,0,0.0146484375,0.023071289,25.034424,61,170,1,0,255,2,0,1782505575.3272913,252
25.023926,25.015219,0.314539,0.58033687,0.91412354,1,1,0,0.012573242,0.02319336,25.023926,61,170,1,0,255,2,0,1782505575.3272913,252
25.03418,25.025976,0.2612059,0.58515733,1.097992,1,1,0,0.010437012,0.023376465,25.03418,61,170,1,0,255,2,0,1782505575.3272913,252
25.034912,25.02839,0.48278517,0.30559435,1.0125427,1,1,0,0.01928711,0.012207031,25.034912,28,171,0,0,255,2,0,1782505575.427393,253
25.02173,25.013784,0.41988748,0.4703515,0.7477417,1,1,0,0.016784668,0.018798828,25.021729,29,171,1,0,255,2,0,1782505575.427393,253
25.03125,25.021923,0.5850307,0.3529069,0.7325134,1,1,0,0.023376465,0.014099121,25.03125,60,171,0,0,255,2,0,1782505575.427393,253
25.032228,25.02418,0.5315994,0.34680992,0.8009949,1,1,0,0.021240234,0.0138549805,25.032227,60,171,0,0,255,2,0,1782505575.427393,253
25.031006,25.023943,0.47964358,0.35137588,1.0636597,1,1,0,0.019165039,0.014038086,25.031006,60,171,0,0,255,2,0,1782505575.427393,253
25.031006,25.025633,0.37425154,0.35901394,0.71343994,1,1,0,0.014953613,0.014343262,25.031006,60,171,0,0,255,2,0,1782505575.427393,253
25.03247,25.028341,0.26886946,0.36667347,0.7663269,1,1,0,0.0107421875,0.0146484375,25.03247,60,171,0,0,255,2,0,1782505575.427393,253
25.022951,25.011154,0.5221592,0.5635185,0.6614685,1,1,0,0.020874023,0.022521973,25.02295,61,171,1,0,255,2,0,1782505575.427393,253
25.03174,25.0209,0.47041905,0.5667713,1.0692139,1,1,0,0.018798828,0.022644043,25.031738,61,171,1,0,255,2,0,1782505575.427393,253
25.04004,25.03004,0.4171041,0.57154304,0.7648926,1,1,0,0.016662598,0.022827148,25.04004,61,171,1,0,255,2,0,1782505575.427393,253
25.04004,25.031399,0.31168637,0.5791826,0.8800354,1,1,0,0.012451172,0.023132324,25.04004,61,171,1,0,255,2,0,1782505575.427393,253
25.042236,25.034119,0.25976273,0.5822896,0.8656311,1,1,0,0.010375977,0.023254395,25.042236,61,171,1,0,255,2,0,1782505575.427393,253
25.02124,25.014006,0.27024236,0.53752434,0.74380493,1,1,0,0.010803223,0.021484375,25.02124,26,172,0,0,255,2,0,1782505575.5271144,254
25.03662,25.030102,0.5225548,0.23074196,0.7586975,1,1,0,0.020874023,0.009216309,25.036621,31,172,1,0,255,2,0,1782505575.5271144,254
25.034422,25.028936,0.47057012,0.23072171,0.6682434,1,1,0,0.018798828,0.009216309,25.034424,31,172,1,0,255,2,0,1782505575.5271144,254
25.030031,25.021864,0.5361339,0.34830704,0.7507324,1,1,0,0.02142334,0.013916016,25.03003,60,172,0,0,255,2,0,1782505575.5271144,254
25.032715,25.025564,0.48425865,0.35139987,0.73773193,1,1,0,0.019348145,0.014038086,25.032715,60,172,0,0,255,2,0,1782505575.5271144,254
25.031982,25.025743,0.4307835,0.35597262,0.70999146,1,1,0,0.017211914,0.014221191,25.031982,60,172,0,0,255,2,0,1782505575.5271144,254
25.03296,25.027517,0.3788634,0.35904196,0.94143677,1,1,0,0.015136719,0.014343262,25.032959,60,172,0,0,255,2,0,1782505575.5271144,254
25.032957,25.028202,0.3253972,0.36362517,0.7940674,1,1,0,0.013000488,0.014526367,25.032959,60,172,0,0,255,2,0,1782505575.5271144,254
25.032227,25.028494,0.2215104,0.37125292,0.7749939,1,1,0,0.008850098,0.014831543,25.032227,60,172,0,0,255,2,0,1782505575.5271144,254
25.033445,25.02047,0.5788849,0.5606999,0.70526123,1,1,0,0.023132324,0.022399902,25.033447,61,172,1,0,255,2,0,1782505575.5271144,254
25.032225,25.020329,0.5269342,0.5637275,0.70422363,1,1,0,0.021057129,0.022521973,25.032227,61,172,1,0,255,2,0,1782505575.5271144,254
25.035645,25.024712,0.47354653,0.56838745,0.7576904,1,1,0,0.018920898,0.022705078,25.035645,61,172,1,0,255,2,0,1782505575.5271144,254
25.029541,25.01947,0.42151043,0.5713034,0.87713623,1,1,0,0.016845703,0.022827148,25.029541,61,172,1,0,255,2,0,1782505575.5271144,254
25.028809,25.019476,0.36804983,0.5758684,0.62197876,1,1,0,0.014709473,0.023010254,25.028809,61,172,1,0,255,2,0,1782505575.5271144,254
25.03882,25.030123,0.31625432,0.5791544,0.8142395,1,1,0,0.012634277,0.023132324,25.038818,61,172,1,0,255,2,0,1782505575.5271144,254
25.041262,25.03306,0.26433593,0.58379483,0.77001953,1,1,0,0.010559082,0.02331543,25.04126,61,172,1,0,255,2,0,1782505575.5271144,254
25.050293,25.037668,0.58539885,0.5381485,0.50216675,1,1,0,0.023376465,0.021484375,25.050293,26,173,0,0,255,2,0,1782505575.627208,255
25.024172,25.012753,0.53135663,0.5375873,1.1538391,1,1,0,0.021240234,0.021484375,25.02417,26,173,0,0,255,2,0,1782505575.627208,255
25.031494,25.022919,0.37421095,0.53774464,0.7897339,1,1,0,0.014953613,0.021484375,25.031494,26,173,0,0,255,2,0,1782505575.627208,255
25.031006,25.023817,0.26882088,0.5362067,0.41696167,1,1,0,0.0107421875,0.02142334,25.031006,26,173,0,0,255,2,0,1782505575.627208,255
25.025145,25.016443,0.5849026,0.30547515,0.8105469,1,1,0,0.023376465,0.012207031,25.025146,28,173,0,0,255,2,0,1782505575.627208,255
25.033203,25.02854,0.374295,0.3055735,0.7307739,1,1,0,0.014953613,0.012207031,25.033203,28,173,0,0,255,2,0,1782505575.627208,255
25.035646,25.02463,0.57439655,0.4706131,0.7227173,1,1,0,0.022949219,0.018798828,25.035645,29,173,1,0,255,2,0,1782505575.627208,255
25.034424,25.026525,0.41704553,0.47059014,0.78134155,1,1,0,0.016662598,0.018798828,25.034424,29,173,1,0,255,2,0,1782505575.627208,255
25.030027,25.020573,0.58958304,0.3544173,0.72732544,1,1,0,0.02355957,0.014160156,25.03003,60,173,0,0,255,2,0,1782505575.627208,255
25.029055,25.020887,0.53611296,0.34829345,0.70477295,1,1,0,0.02142334,0.013916016,25.029053,60,173,0,0,255,2,0,1782505575.627208,255
25.031252,25.0241,0.4842303,0.3513793,0.70477295,1,1,0,0.019348145,0.014038086,25.03125,60,173,0,0,255,2,0,1782505575.627208,255
25.0271,25.020863,0.43069947,0.35590318,0.7455139,1,1,0,0.017211914,0.014221191,25.0271,60,173,0,0,255,2,0,1782505575.627208,255
25.033936,25.02916,0.32693753,0.36363935,0.84695435,1,1,0,0.013061523,0.014526367,25.033936,60,173,0,0,255,2,0,1782505575.627208,255
25.031982,25.027803,0.27344698,0.36666632,0.7489929,1,1,0,0.010925293,0.0146484375,25.031982,60,173,0,0,255,2,0,1782505575.627208,255
25.041258,25.028278,0.57906556,0.5608749,0.82040405,1,1,0,0.023132324,0.022399902,25.04126,61,173,1,0,255,2,0,1782505575.627208,255
25.028807,25.016912,0.52686226,0.5636505,0.68981934,1,1,0,0.021057129,0.022521973,25.028809,61,173,1,0,255,2,0,1782505575.627208,255
25.042236,25.031301,0.47367123,0.5685371,0.869751,1,1,0,0.018920898,0.022705078,25.042236,61,173,1,0,255,2,0,1782505575.627208,255
25.040037,25.030678,0.36974272,0.5761268,0.75460815,1,1,0,0.014770508,0.023010254,25.04004,61,173,1,0,255,2,0,1782505575.627208,255
25.04004,25.03184,0.26432306,0.5837664,0.76693726,1,1,0,0.010559082,0.02331543,25.04004,61,173,1,0,255,2,0,1782505575.627208,255
25.032469,25.025759,0.21995863,0.5362381,0.71606445,1,1,0,0.0087890625,0.02142334,25.03247,26,174,0,0,255,2,0,1782505575.727232,256
25.031738,25.021862,0.5223828,0.47053966,0.86483765,1,1,0,0.020874023,0.018798828,25.031738,29,174,1,0,255,2,0,1782505575.727232,256
25.0271,25.017746,0.5879886,0.34979364,0.8807678,1,1,0,0.023498535,0.013977051,25.0271,60,174,0,0,255,2,0,1782505575.727232,256
25.0271,25.018934,0.5360711,0.34826627,0.8998413,1,1,0,0.02142334,0.013916016,25.0271,60,174,0,0,255,2,0,1782505575.727232,256
25.02905,25.02191,0.48266014,0.35287595,0.70825195,1,1,0,0.01928711,0.014099121,25.029053,60,174,0,0,255,2,0,1782505575.727232,256
25.031248,25.025011,0.4307709,0.3559622,0.71084595,1,1,0,0.017211914,0.014221191,25.03125,60,174,0,0,255,2,0,1782505575.727232,256
25.027102,25.021637,0.3787744,0.36048532,0.68917847,1,1,0,0.015136719,0.014404297,25.0271,60,174,0,0,255,2,0,1782505575.727232,256
25.031494,25.026737,0.32537815,0.3636039,0.7403259,1,1,0,0.013000488,0.014526367,25.031494,60,174,0,0,255,2,0,1782505575.727232,256
25.031494,25.027292,0.27344137,0.3681868,0.9162903,1,1,0,0.010925293,0.014709473,25.031494,60,174,0,0,255,2,0,1782505575.727232,256
25.033447,25.029728,0.21999352,0.37127104,1.2604675,1,1,0,0.0087890625,0.014831543,25.033447,60,174,0,0,255,2,0,1782505575.727232,256
25.031738,25.018763,0.5788454,0.5606616,0.8586731,1,1,0,0.023132324,0.022399902,25.031738,61,174,1,0,255,2,0,1782505575.727232,256
25.033445,25.021547,0.525432,0.56528246,0.6445923,1,1,0,0.020996094,0.022583008,25.033447,61,174,1,0,255,2,0,1782505575.727232,256
25.027344,25.016415,0.47338954,0.568199,0.79086304,1,1,0,0.018920898,0.022705078,25.027344,61,174,1,0,255,2,0,1782505575.727232,256
25.031738,25.021631,0.42154682,0.572881,0.8483887,1,1,0,0.016845703,0.022888184,25.031738,61,174,1,0,255,2,0,1782505575.727232,256
25.031006,25.021671,0.3680821,0.575919,0.64974976,1,1,0,0.014709473,0.023010254,25.031006,61,174,1,0,255,2,0,1782505575.727232,256
25.03174,25.02301,0.31616446,0.58051807,0.93569946,1,1,0,0.012634277,0.02319336,25.031738,61,174,1,0,255,2,0,1782505575.727232,256
25.032959,25.024776,0.26272094,0.5836013,0.9449463,1,1,0,0.010498047,0.02331543,25.032959,61,174,1,0,255,2,0,1782505575.727232,256
25.02417,25.01695,0.2718013,0.5360603,0.7550659,1,1,0,0.010864258,0.02142334,25.02417,26,175,0,0,255,2,0,1782505575.826737,257
25.0271,25.019539,0.53302854,0.30702642,0.60943604,1,1,0,0.02130127,0.012268066,25.0271,28,175,0,0,255,2,0,1782505575.826737,257
25.034424,25.028637,0.2612337,0.47059014,0.7371216,1,1,0,0.010437012,0.018798828,25.034424,29,175,1,0,255,2,0,1782505575.826737,257
25.028807,25.021118,0.57584393,0.23066996,0.45645142,1,1,0,0.023010254,0.009216309,25.028809,31,175,1,0,255,2,0,1782505575.826737,257
25.032717,25.02457,0.5361919,0.3468167,0.7568054,1,1,0,0.02142334,0.0138549805,25.032715,60,175,0,0,255,2,0,1782505575.826737,257
25.031984,25.024862,0.4827171,0.3513896,0.70391846,1,1,0,0.01928711,0.014038086,25.031982,60,175,0,0,255,2,0,1782505575.826737,257
25.041258,25.02939,0.5255967,0.56393087,0.853302,1,1,0,0.020996094,0.022521973,25.04126,61,175,1,0,255,2,0,1782505575.826737,257
25.027832,25.016937,0.47339943,0.5666829,0.6034851,1,1,0,0.018920898,0.022644043,25.027832,61,175,1,0,255,2,0,1782505575.826737,257
25.026367,25.016298,0.421457,0.571231,0.829895,1,1,0,0.016845703,0.022827148,25.026367,61,175,1,0,255,2,0,1782505575.826737,257
25.03003,25.020731,0.36806828,0.5743692,0.64151,1,1,0,0.014709473,0.022949219,25.03003,61,175,1,0,255,2,0,1782505575.826737,257
25.027342,25.01865,0.3161094,0.57888895,0.91000366,1,1,0,0.012634277,0.023132324,25.027344,61,175,1,0,255,2,0,1782505575.826737,257
25.022951,25.014807,0.26261625,0.5818411,0.68200684,1,1,0,0.010498047,0.023254395,25.02295,61,175,1,0,255,2,0,1782505575.826737,257
25.030031,25.022192,0.32379153,0.5361858,0.7585144,1,1,0,0.012939453,0.02142334,25.03003,26,176,0,0,255,2,0,1782505575.9277313,258
25.025143,25.01958,0.42914993,0.30700245,0.82180786,1,1,0,0.017150879,0.012268066,25.025146,28,176,0,0,255,2,0,1782505575.9277313,258
25.028074,25.02337,0.37574536,0.3070384,0.71084595,1,1,0,0.015014648,0.012268066,25.028076,28,176,0,0,255,2,0,1782505575.9277313,258
25.035646,25.029243,0.3147153,0.4706131,0.78234863,1,1,0,0.012573242,0.018798828,25.035645,29,176,1,0,255,2,0,1782505575.9277313,258
25.02881,25.023024,0.2611751,0.47048458,0.61169434,1,1,0,0.010437012,0.018798828,25.028809,29,176,1,0,255,2,0,1782505575.9277313,258
25.037842,25.031275,0.52563626,0.2292251,0.7617798,1,1,0,0.020996094,0.009155273,25.037842,31,176,1,0,255,2,0,1782505575.9277313,258
25.038818,25.034243,0.42023093,0.22923404,0.7617798,1,1,0,0.016784668,0.009155273,25.038818,31,176,1,0,255,2,0,1782505575.9277313,258
25.04004,25.03701,0.314813,0.22924522,0.8142395,1,1,0,0.012573242,0.009155273,25.04004,31,176,1,0,255,2,0,1782505575.9277313,258
25.032715,25.027979,0.32386643,0.36362162,0.7715454,1,1,0,0.012939453,0.014526367,25.032715,60,176,0,0,255,2,0,1782505575.9277313,258
25.033936,25.029789,0.2704129,0.36669493,0.8764343,1,1,0,0.010803223,0.0146484375,25.033936,60,176,0,0,255,2,0,1782505575.9277313,258
25.031738,25.018867,0.57579213,0.5591342,0.9449463,1,1,0,0.023010254,0.022338867,25.031738,61,176,1,0,255,2,0,1782505575.9277313,258
25.023926,25.013908,0.4183624,0.5711753,0.7456665,1,1,0,0.016723633,0.022827148,25.023926,61,176,1,0,255,2,0,1782505575.9277313,258
25.033447,25.025316,0.26119903,0.5820852,0.613739,1,1,0,0.010437012,0.023254395,25.033447,61,176,1,0,255,2,0,1782505575.9277313,258
25.032713,25.024855,0.32535368,0.5362433,0.59729004,1,1,0,0.013000488,0.02142334,25.032715,26,177,0,0,255,2,0,1782505576.0272765,259
25.02295,25.01655,0.3145557,0.47037444,0.7569885,1,1,0,0.012573242,0.018798828,25.02295,29,177,1,0,255,2,0,1782505576.0272765,259
25.026365,25.018677,0.5757878,0.23064746,0.75491333,1,1,0,0.023010254,0.009216309,25.026367,31,177,1,0,255,2,0,1782505576.0272765,259
25.018309,25.011765,0.5236993,0.2305732,0.68200684,1,1,0,0.020935059,0.009216309,25.01831,31,177,1,0,255,2,0,1782505576.0272765,259
25.028809,25.0258,0.31314433,0.2291424,0.6929016,1,1,0,0.012512207,0.009155273,25.028809,31,177,1,0,255,2,0,1782505576.0272765,259
25.0376,25.028292,0.58517957,0.3514684,0.7107544,1,1,0,0.023376465,0.014038086,25.037598,60,177,0,0,255,2,0,1782505576.0272765,259
25.025146,25.020475,0.32224196,0.36045718,0.7715454,1,1,0,0.012878418,0.014404297,25.025146,60,177,0,0,255,2,0,1782505576.0272765,259
25.029541,25.017778,0.52382517,0.5606124,0.79086304,1,1,0,0.020935059,0.022399902,25.029541,61,177,1,0,255,2,0,1782505576.0272765,259
25.031006,25.024294,0.21994576,0.5362067,0.82873535,1,1,0,0.0087890625,0.02142334,25.031006,26,178,0,0,255,2,0,1782505576.1272993,260
25.029053,25.022543,0.48114455,0.30705038,0.82702637,1,1,0,0.019226074,0.012268066,25.029053,28,178,0,0,255,2,0,1782505576.1272993,260
25.034666,25.029146,0.42778584,0.30559137,1.1373596,1,1,0,0.017089844,0.012207031,25.034668,28,178,0,0,255,2,0,1782505576.1272993,260
25.035646,25.028536,0.36665517,0.4706131,0.83273315,1,1,0,0.0146484375,0.018798828,25.035645,29,178,1,0,255,2,0,1782505576.1272993,260
25.036621,25.032057,0.41866592,0.23074196,0.70217896,1,1,0,0.016723633,0.009216309,25.036621,31,178,1,0,255,2,0,1782505576.1272993,260
25.026121,25.016819,0.58491135,0.35130733,0.70825195,1,1,0,0.023376465,0.014038086,25.026123,60,178,0,0,255,2,0,1782505576.1272993,260
25.027102,25.019043,0.533018,0.34521148,0.70999146,1,1,0,0.02130127,0.013793945,25.0271,60,178,0,0,255,2,0,1782505576.1272993,260
25.026123,25.019981,0.4276292,0.35283464,0.71691895,1,1,0,0.017089844,0.014099121,25.026123,60,178,0,0,255,2,0,1782505576.1272993,260
25.036621,25.024887,0.522446,0.5607709,0.719635,1,1,0,0.020874023,0.022399902,25.036621,61,178,1,0,255,2,0,1782505576.1272993,260
25.032228,25.021423,0.47042885,0.56525487,0.62094116,1,1,0,0.018798828,0.022583008,25.032227,61,178,1,0,255,2,0,1782505576.1272993,260
25.035156,25.025204,0.41855133,0.56837636,1.0322571,1,1,0,0.016723633,0.022705078,25.035156,61,178,1,0,255,2,0,1782505576.1272993,260
25.03076,25.021542,0.3650252,0.57285863,0.79086304,1,1,0,0.014587402,0.022888184,25.030762,61,178,1,0,255,2,0,1782505576.1272993,260
25.036623,25.028034,0.31317228,0.5760482,0.8491821,1,1,0,0.012512207,0.023010254,25.036621,61,178,1,0,255,2,0,1782505576.1272993,260
25.031008,25.022928,0.25964662,0.5805011,0.6589966,1,1,0,0.010375977,0.02319336,25.031006,61,178,1,0,255,2,0,1782505576.1272993,260
25.031982,25.023224,0.5865892,0.30708632,0.81399536,1,1,0,0.0234375,0.012268066,25.031982,28,179,0,0,255,2,0,1782505576.2271376,261
25.041258,25.033531,0.57765836,0.23078471,0.8491821,1,1,0,0.023071289,0.009216309,25.04126,31,179,1,0,255,2,0,1782505576.2271376,261
25.032959,25.027458,0.47207043,0.2291804,0.94802856,1,1,0,0.018859863,0.009155273,25.032959,31,179,1,0,255,2,0,1782505576.2271376,261
25.035156,25.03213,0.3147516,0.22920051,1.0897522,1,1,0,0.012573242,0.009155273,25.035156,31,179,1,0,255,2,0,1782505576.2271376,261
25.01831,25.015898,0.2611007,0.22904629,0.67276,1,1,0,0.010437012,0.009155273,25.01831,31,179,1,0,255,2,0,1782505576.2271376,261
25.047363,25.038109,0.58388007,0.35007685,0.67593384,1,1,0,0.02331543,0.013977051,25.047363,60,179,0,0,255,2,0,1782505576.2271376,261
25.027102,25.019096,0.5314914,0.3436841,0.8027344,1,1,0,0.021240234,0.01373291,25.0271,60,179,0,0,255,2,0,1782505576.2271376,261
25.025146,25.018158,0.47800514,0.3482391,0.71606445,1,1,0,0.019104004,0.013916016,25.025146,60,179,0,0,255,2,0,1782505576.2271376,261
25.031982,25.026653,0.3742668,0.35597262,1.0844727,1,1,0,0.014953613,0.014221191,25.031982,60,179,0,0,255,2,0,1782505576.2271376,261
25.031982,25.027351,0.32080272,0.35902795,0.9232483,1,1,0,0.012817383,0.014343262,25.031982,60,179,0,0,255,2,0,1782505576.2271376,261
25.031248,25.027164,0.26885682,0.36360034,0.7489929,1,1,0,0.0107421875,0.014526367,25.03125,60,179,0,0,255,2,0,1782505576.2271376,261
25.03003,25.01833,0.5207814,0.5606233,0.7073059,1,1,0,0.020812988,0.022399902,25.03003,61,179,1,0,255,2,0,1782505576.2271376,261
25.041258,25.030514,0.46907148,0.56393087,0.8018799,1,1,0,0.018737793,0.022521973,25.04126,61,179,1,0,255,2,0,1782505576.2271376,261
25.023926,25.014004,0.41683686,0.5681214,0.6881714,1,1,0,0.016662598,0.022705078,25.023926,61,179,1,0,255,2,0,1782505576.2271376,261
25.027832,25.018671,0.36345595,0.57126445,0.63739014,1,1,0,0.014526367,0.022827148,25.027832,61,179,1,0,255,2,0,1782505576.2271376,261
25.031738,25.02317,0.3115839,0.57593584,1.0517578,1,1,0,0.012451172,0.023010254,25.031738,61,179,1,0,255,2,0,1782505576.2271376,261
25.031738,25.023695,0.25965458,0.57899064,1.003479,1,1,0,0.010375977,0.023132324,25.031738,61,179,1,0,255,2,0,1782505576.2271376,261
25.03003,25.022793,0.27339223,0.5361858,0.6449585,1,1,0,0.010925293,0.02142334,25.03003,26,180,0,0,255,2,0,1782505576.3272357,262
25.031494,25.024769,0.22147743,0.53621715,0.70043945,1,1,0,0.008850098,0.02142334,25.031494,26,180,0,0,255,2,0,1782505576.3272357,262
25.026123,25.017313,0.5895062,0.30548707,0.7489929,1,1,0,0.02355957,0.012207031,25.026123,28,180,0,0,255,2,0,1782505576.3272357,262
25.03003,25.022402,0.53614545,0.30706236,0.7897339,1,1,0,0.02142334,0.012268066,25.03003,28,180,0,0,255,2,0,1782505576.3272357,262
25.031248,25.02563,0.43230948,0.30707735,0.7585144,1,1,0,0.01727295,0.012268066,25.03125,28,180,0,0,255,2,0,1782505576.3272357,262
25.032227,25.027475,0.37886277,0.30708933,0.85736084,1,1,0,0.015136719,0.012268066,25.032227,28,180,0,0,255,2,0,1782505576.3272357,262
25.032715,25.028715,0.32693172,0.30556753,0.72732544,1,1,0,0.013061523,0.012207031,25.032715,28,180,0,0,255,2,0,1782505576.3272357,262
25.027344,25.018414,0.47495493,0.47045705,0.87509155,1,1,0,0.018981934,0.018798828,25.027344,29,180,1,0,255,2,0,1782505576.3272357,262
25.02075,25.012781,0.42139775,0.47033313,0.6850891,1,1,0,0.016845703,0.018798828,25.020752,29,180,1,0,255,2,0,1782505576.3272357,262
25.028566,25.021414,0.36960587,0.47048,1.0106812,1,1,0,0.014770508,0.018798828,25.028564,29,180,1,0,255,2,0,1782505576.3272357,262
25.027344,25.020906,0.31766528,0.47045705,0.75390625,1,1,0,0.0126953125,0.018798828,25.027344,29,180,1,0,255,2,0,1782505576.3272357,262
25.035154,25.02743,0.5775175,0.23072846,1.081543,1,1,0,0.023071289,0.009216309,25.035156,31,180,1,0,255,2,0,1782505576.3272357,262
25.04126,25.034708,0.52417964,0.23078471,0.9088135,1,1,0,0.020935059,0.009216309,25.04126,31,180,1,0,255,2,0,1782505576.3272357,262
25.032959,25.023582,0.58812577,0.3514033,0.7680664,1,1,0,0.023498535,0.014038086,25.032959,60,180,0,0,255,2,0,1782505576.3272357,262
25.035156,25.03148,0.22000892,0.36824065,1.1356201,1,1,0,0.0087890625,0.014709473,25.035156,60,180,0,0,255,2,0,1782505576.3272357,262
25.031006,25.018099,0.57883006,0.5575904,0.63638306,1,1,0,0.023132324,0.022277832,25.031006,61,180,1,0,255,2,0,1782505576.3272357,262
25.035643,25.02478,0.47354785,0.56533206,0.719635,1,1,0,0.018920898,0.022583008,25.035645,61,180,1,0,255,2,0,1782505576.3272357,262
25.031006,25.018427,0.5834211,0.53773415,0.9189148,1,1,0,0.02331543,0.021484375,25.031006,26,181,0,0,255,2,0,1782505576.4273353,263
25.02905,25.017662,0.52993333,0.5376922,0.9059143,1,1,0,0.0211792,0.021484375,25.029053,26,181,0,0,255,2,0,1782505576.4273353,263
25.033201,25.023823,0.4246393,0.53778136,0.9076233,1,1,0,0.016967773,0.021484375,25.033203,26,181,0,0,255,2,0,1782505576.4273353,263
25.028078,25.019527,0.3726328,0.5376712,0.8851013,1,1,0,0.014892578,0.021484375,25.028076,26,181,0,0,255,2,0,1782505576.4273353,263
25.031982,25.024149,0.32076165,0.53775513,0.72473145,1,1,0,0.012817383,0.021484375,25.031982,26,181,0,0,255,2,0,1782505576.4273353,263
25.031252,25.024046,0.2672958,0.5377394,0.6805115,1,1,0,0.010681152,0.021484375,25.03125,26,181,0,0,255,2,0,1782505576.4273353,263
25.03784,25.03129,0.5241081,0.23075321,0.7607727,1,1,0,0.020935059,0.009216309,25.037842,31,181,1,0,255,2,0,1782505576.4273353,263
25.0271,25.02168,0.37724754,0.35895795,0.6839905,1,1,0,0.015075684,0.014343262,25.0271,60,181,0,0,255,2,0,1782505576.4273353,263
25.032715,25.029016,0.21998727,0.36973247,0.72299194,1,1,0,0.0087890625,0.014770508,25.032715,60,181,0,0,255,2,0,1782505576.4273353,263
25.03662,25.027319,0.36816522,0.57452047,0.8142395,1,1,0,0.014709473,0.022949219,25.036621,61,181,1,0,255,2,0,1782505576.4273353,263
25.043457,25.034779,0.3147849,0.57926166,0.87384033,1,1,0,0.012573242,0.023132324,25.043457,61,181,1,0,255,2,0,1782505576.4273353,263
25.025145,25.014746,0.48099464,0.53760827,0.7975464,1,1,0,0.019226074,0.021484375,25.025146,26,182,0,0,255,2,0,1782505576.5270822,264
25.031738,25.0245,0.27035576,0.5377499,0.71432495,1,1,0,0.010803223,0.021484375,25.031738,26,182,0,0,255,2,0,1782505576.5270822,264
25.042236,25.033329,0.4737096,0.47073698,0.85739136,1,1,0,0.018920898,0.018798828,25.042236,29,182,1,0,255,2,0,1782505576.5270822,264
25.021729,25.01531,0.3160672,0.4703515,0.6871338,1,1,0,0.012634277,0.018798828,25.021729,29,182,1,0,255,2,0,1782505576.5270822,264
25.038818,25.034267,0.41870293,0.22923404,0.7463684,1,1,0,0.016723633,0.009155273,25.038818,31,182,1,0,255,2,0,1782505576.5270822,264
25.02295,25.010117,0.5755908,0.55741096,0.6974182,1,1,0,0.023010254,0.022277832,25.02295,61,182,1,0,255,2,0,1782505576.5270822,264
25.034424,25.023993,0.48270032,0.5378076,0.82873535,1,1,0,0.01928711,0.021484375,25.034424,26,183,0,0,255,2,0,1782505576.627291,265
25.025146,25.015665,0.43061,0.53760827,0.6839905,1,1,0,0.017211914,0.021484375,25.025146,26,183,0,0,255,2,0,1782505576.627291,265
25.033934,25.025194,0.5866354,0.30558243,0.7533264,1,1,0,0.0234375,0.012207031,25.033936,28,183,0,0,255,2,0,1782505576.627291,265
25.032227,25.024632,0.53466517,0.30708933,0.7550659,1,1,0,0.021362305,0.012268066,25.032227,28,183,0,0,255,2,0,1782505576.627291,265
25.034178,25.027668,0.4812431,0.3071133,0.7420654,1,1,0,0.019226074,0.012268066,25.03418,28,183,0,0,255,2,0,1782505576.627291,265
25.043457,25.03553,0.41872403,0.47075993,0.6929016,1,1,0,0.016723633,0.018798828,25.043457,29,183,1,0,255,2,0,1782505576.627291,265
25.026363,25.020851,0.47194582,0.23064746,0.7241211,1,1,0,0.018859863,0.009216309,25.026367,31,183,1,0,255,2,0,1782505576.627291,265
25.03198,25.025764,0.43078387,0.35444495,0.7507324,1,1,0,0.017211914,0.014160156,25.031982,60,183,0,0,255,2,0,1782505576.627291,265
25.025146,25.020414,0.32529595,0.36198443,0.70132446,1,1,0,0.013000488,0.014465332,25.025146,60,183,0,0,255,2,0,1782505576.627291,265
25.043457,25.03051,0.5791172,0.55939597,0.72888184,1,1,0,0.023132324,0.022338867,25.043457,61,183,1,0,255,2,0,1782505576.627291,265
25.04126,25.03036,0.4736534,0.5669869,0.7319946,1,1,0,0.018920898,0.022644043,25.04126,61,183,1,0,255,2,0,1782505576.627291,265
25.032227,25.023582,0.37880385,0.5377604,0.84695435,1,1,0,0.015136719,0.021484375,25.032227,26,184,0,0,255,2,0,1782505576.7274656,266
25.037842,25.0279,0.5255654,0.47065437,0.719635,1,1,0,0.020996094,0.018798828,25.037842,29,184,1,0,255,2,0,1782505576.7274656,266
25.032473,25.024338,0.53465885,0.34834102,0.96484375,1,1,0,0.021362305,0.013916016,25.03247,60,184,0,0,255,2,0,1782505576.7274656,266
25.033934,25.02679,0.48275432,0.3529448,1.0801392,1,1,0,0.01928711,0.014099121,25.033936,60,184,0,0,255,2,0,1782505576.7274656,266
25.032713,25.0265,0.4292686,0.35598302,0.81573486,1,1,0,0.017150879,0.014221191,25.032715,60,184,0,0,255,2,0,1782505576.7274656,266
25.032959,25.027517,0.37733555,0.3605697,0.83654785,1,1,0,0.015075684,0.014404297,25.032959,60,184,0,0,255,2,0,1782505576.7274656,266
25.029053,25.024298,0.32534644,0.36356843,0.7307739,1,1,0,0.013000488,0.014526367,25.029053,60,184,0,0,255,2,0,1782505576.7274656,266
25.03003,25.02631,0.21996348,0.37122035,0.7472534,1,1,0,0.0087890625,0.014831543,25.03003,60,184,0,0,255,2,0,1782505576.7274656,266
25.045656,25.033749,0.52568823,0.56555814,0.83273315,1,1,0,0.020996094,0.022583008,25.045654,61,184,1,0,255,2,0,1782505576.7274656,266
25.025146,25.014217,0.47334796,0.5681491,0.7867737,1,1,0,0.018920898,0.022705078,25.025146,61,184,1,0,255,2,0,1782505576.7274656,266
25.023926,25.013847,0.41988856,0.57270217,0.6645508,1,1,0,0.016784668,0.022888184,25.023926,61,184,1,0,255,2,0,1782505576.7274656,266
25.032957,25.023624,0.36811084,0.5759639,0.8935852,1,1,0,0.014709473,0.023010254,25.032959,61,184,1,0,255,2,0,1782505576.7274656,266
25.032959,25.024248,0.3146525,0.5805464,0.85250854,1,1,0,0.012573242,0.02319336,25.032959,61,184,1,0,255,2,0,1782505576.7274656,266
25.028563,25.020382,0.2626748,0.5834989,0.8935852,1,1,0,0.010498047,0.02331543,25.028564,61,184,1,0,255,2,0,1782505576.7274656,266
25.03125,25.019829,0.53150696,0.5377394,0.72473145,1,1,0,0.021240234,0.021484375,25.03125,26,185,0,0,255,2,0,1782505576.8275406,267
25.03198,25.022575,0.42614585,0.53775513,0.673584,1,1,0,0.017028809,0.021484375,25.031982,26,185,0,0,255,2,0,1782505576.8275406,267
25.032227,25.023674,0.37269458,0.5377604,0.82702637,1,1,0,0.014892578,0.021484375,25.032227,26,185,0,0,255,2,0,1782505576.8275406,267
25.032227,25.024393,0.32076478,0.5377604,0.86343384,1,1,0,0.012817383,0.021484375,25.032227,26,185,0,0,255,2,0,1782505576.8275406,267
25.019533,25.013762,0.26260528,0.46878335,0.69226074,1,1,0,0.010498047,0.018737793,25.019531,29,185,1,0,255,2,0,1782505576.8275406,267
25.032715,25.023302,0.58964735,0.35139987,0.7325134,1,1,0,0.02355957,0.014038086,25.032715,60,185,0,0,255,2,0,1782505576.8275406,267
25.031984,25.027252,0.3269126,0.36055562,0.71691895,1,1,0,0.013061523,0.014404297,25.031982,60,185,0,0,255,2,0,1782505576.8275406,267
25.026365,25.015507,0.47337237,0.5651226,0.70666504,1,1,0,0.018920898,0.022583008,25.026367,61,185,1,0,255,2,0,1782505576.8275406,267
25.02881,25.018808,0.42149925,0.56823224,0.66412354,1,1,0,0.016845703,0.022705078,25.028809,61,185,1,0,255,2,0,1782505576.8275406,267
25.017334,25.008053,0.3694085,0.5725513,0.7631531,1,1,0,0.014770508,0.022888184,25.017334,61,185,1,0,255,2,0,1782505576.8275406,267
25.05127,25.039774,0.5349887,0.5381695,0.68115234,1,1,0,0.021362305,0.021484375,25.05127,26,186,0,0,255,2,0,1782505576.9270036,268
25.032959,25.02422,0.5866125,0.3055705,0.8027344,1,1,0,0.0234375,0.012207031,25.032959,28,186,0,0,255,2,0,1782505576.9270036,268
25.033936,25.026373,0.53317416,0.30711028,0.7403259,1,1,0,0.02130127,0.012268066,25.033936,28,186,0,0,255,2,0,1782505576.9270036,268
25.032713,25.026203,0.48121494,0.30709532,0.70651245,1,1,0,0.019226074,0.012268066,25.032715,28,186,0,0,255,2,0,1782505576.9270036,268
25.033445,25.025755,0.5759507,0.23071271,0.62609863,1,1,0,0.023010254,0.009216309,25.033447,31,186,1,0,255,2,0,1782505576.9270036,268
25.02246,25.01875,0.36498448,0.22908428,0.90301514,1,1,0,0.014587402,0.009155273,25.02246,31,186,1,0,255,2,0,1782505576.9270036,268
25.029053,25.02093,0.53611386,0.34523842,0.8027344,1,1,0,0.02142334,0.013793945,25.029053,60,186,0,0,255,2,0,1782505576.9270036,268
25.028076,25.023365,0.3253343,0.36049938,0.71432495,1,1,0,0.013000488,0.014404297,25.028076,60,186,0,0,255,2,0,1782505576.9270036,268
25.026365,25.013462,0.5787227,0.55748713,0.8545532,1,1,0,0.023132324,0.022277832,25.026367,61,186,1,0,255,2,0,1782505576.9270036,268
25.033445,25.022583,0.47350627,0.56528246,0.6702881,1,1,0,0.018920898,0.022583008,25.033447,61,186,1,0,255,2,0,1782505576.9270036,268
25.04126,25.031992,0.36823395,0.5730989,0.77926636,1,1,0,0.014709473,0.022888184,25.04126,61,186,1,0,255,2,0,1782505576.9270036,268
25.041262,25.033146,0.2628088,0.5807389,0.96536255,1,1,0,0.010498047,0.02319336,25.04126,61,186,1,0,255,2,0,1782505576.9270036,268
25.032959,25.021538,0.53154325,0.5377761,0.71691895,1,1,0,0.021240234,0.021484375,25.032959,26,187,0,0,255,2,0,1782505577.0272396,269
25.027098,25.02062,0.47957987,0.30702642,0.7455139,1,1,0,0.019165039,0.012268066,25.0271,28,187,0,0,255,2,0,1782505577.0272396,269
25.023926,25.016842,0.36495665,0.4703928,0.7251282,1,1,0,0.014587402,0.018798828,25.023926,29,187,1,0,255,2,0,1782505577.0272396,269
25.030764,25.024994,0.25966805,0.4705213,0.8545532,1,1,0,0.010375977,0.018798828,25.030762,29,187,1,0,255,2,0,1782505577.0272396,269
25.027344,25.024948,0.25966758,0.22912899,0.7364502,1,1,0,0.010375977,0.009155273,25.027344,31,187,1,0,255,2,0,1782505577.0272396,269
25.031738,25.022398,0.58656985,0.35138616,0.7533264,1,1,0,0.0234375,0.014038086,25.031738,60,187,0,0,255,2,0,1782505577.0272396,269
25.03174,25.023659,0.53311634,0.34680316,0.69525146,1,1,0,0.02130127,0.0138549805,25.031738,60,187,0,0,255,2,0,1782505577.0272396,269
25.031738,25.0276,0.271917,0.3651351,0.73773193,1,1,0,0.010864258,0.014587402,25.031738,60,187,0,0,255,2,0,1782505577.0272396,269
25.04785,25.034971,0.57616276,0.55949414,0.9838562,1,1,0,0.023010254,0.022338867,25.047852,61,187,1,0,255,2,0,1782505577.0272396,269
25.033445,25.021646,0.52390623,0.5622274,0.70217896,1,1,0,0.020935059,0.022460938,25.033447,61,187,1,0,255,2,0,1782505577.0272396,269
25.033203,25.0228,0.4811495,0.53778136,0.7715454,1,1,0,0.019226074,0.021484375,25.033203,26,188,0,0,255,2,0,1782505577.1274836,270
25.023195,25.019215,0.32528034,0.3054513,0.71865845,1,1,0,0.013000488,0.012207031,25.023193,28,188,0,0,255,2,0,1782505577.1274836,270
25.02417,25.01527,0.47336787,0.47039738,0.5890808,1,1,0,0.018920898,0.018798828,25.02417,29,188,1,0,255,2,0,1782505577.1274836,270
25.02075,25.013624,0.36796376,0.47033313,0.70358276,1,1,0,0.014709473,0.018798828,25.020752,29,188,1,0,255,2,0,1782505577.1274836,270
25.030027,25.022339,0.575872,0.23068121,0.6672058,1,1,0,0.023010254,0.009216309,25.03003,31,188,1,0,255,2,0,1782505577.1274836,270
25.032473,25.023159,0.5881158,0.3468133,0.97177124,1,1,0,0.023498535,0.0138549805,25.03247,60,188,0,0,255,2,0,1782505577.1274836,270
25.034422,25.029045,0.3773586,0.35600734,0.81573486,1,1,0,0.015075684,0.014221191,25.034424,60,188,0,0,255,2,0,1782505577.1274836,270
25.031494,25.026783,0.32537875,0.36054862,0.71258545,1,1,0,0.013000488,0.014404297,25.031494,60,188,0,0,255,2,0,1782505577.1274836,270
25.029541,25.01667,0.57726926,0.5575578,0.7744446,1,1,0,0.023071289,0.022277832,25.029541,61,188,1,0,255,2,0,1782505577.1274836,270
25.02295,25.014347,0.31452802,0.5757336,0.76416016,1,1,0,0.012573242,0.023010254,25.02295,61,188,1,0,255,2,0,1782505577.1274836,270
