calculated_range,x,y,z,reflectance,return_index,last_return_index,sensor_id,azimuth,elevation,depth,line_index,frame_index,detector_site_id,scan_checkpoint,existence_probability_percent,data_qualifier,blockage_level,timestamp,cloud_index
25.020508,25.01329,0.27176154,0.53598183,0.80966187,1,1,0,0.010864258,0.02142334,25.020508,26,88,0,0,255,2,0,1782509432.7032793,0
25.019773,25.013067,0.2198471,0.53596616,0.6996765,1,1,0,0.0087890625,0.02142334,25.019775,26,88,0,0,255,2,0,1782509432.7032793,0
25.015625,25.009321,0.16791178,0.5358772,0.7758789,1,1,0,0.006713867,0.02142334,25.015625,26,88,0,0,255,2,0,1782509432.7032793,0
25.019773,25.013771,0.11450477,0.53596616,0.7161255,1,1,0,0.0045776367,0.02142334,25.019775,26,88,0,0,255,2,0,1782509432.7032793,0
25.015623,25.009806,0.062585704,0.5358772,0.81658936,1,1,0,0.0025024414,0.02142334,25.015625,26,88,0,0,255,2,0,1782509432.7032793,0
25.012695,25.006987,0.009157833,0.53428817,0.7871399,1,1,0,0.00036621094,0.021362305,25.012695,26,88,0,0,255,2,0,1782509432.7032793,0
25.012695,25.006952,-0.042736534,0.53428817,0.7334595,1,1,0,-0.0017089844,0.021362305,25.012695,26,88,0,0,255,2,0,1782509432.7032793,0
25.014648,25.008762,-0.0946381,0.5343299,0.7784729,1,1,0,-0.0037841797,0.021362305,25.014648,26,88,0,0,255,2,0,1782509432.7032793,0
25.000977,24.991156,0.051861607,0.6987888,0.6940613,1,1,0,0.0020751953,0.027954102,25.000977,27,88,1,0,255,2,0,1782509432.7032793,0
24.998777,24.989012,-0.0,0.69872737,0.6684265,1,1,0,-0.0,0.027954102,24.99878,27,88,1,0,255,2,0,1782509432.7032793,0
25.003174,24.993351,-0.051866163,0.6988502,0.7678833,1,1,0,-0.0020751953,0.027954102,25.003174,27,88,1,0,255,2,0,1782509432.7032793,0
25.019533,25.01616,0.2748468,0.3054066,0.8581543,1,1,0,0.010986328,0.012207031,25.019531,28,88,0,0,255,2,0,1782509432.7032793,0
25.019775,25.016932,0.22140807,0.30540958,0.82263184,1,1,0,0.008850098,0.012207031,25.019775,28,88,0,0,255,2,0,1782509432.7032793,0
25.019531,25.017094,0.16949096,0.3054066,0.6996765,1,1,0,0.0067749023,0.012207031,25.019531,28,88,0,0,255,2,0,1782509432.7032793,0
25.011717,25.009596,0.117538646,0.30378476,0.66244507,1,1,0,0.004699707,0.012145996,25.011719,28,88,0,0,255,2,0,1782509432.7032793,0
25.017332,25.015406,0.06412654,0.30385298,0.75250244,1,1,0,0.0025634766,0.012145996,25.017334,28,88,0,0,255,2,0,1782509432.7032793,0
25.021482,25.019634,0.012216619,0.30390337,0.8520813,1,1,0,0.00048828125,0.012145996,25.021484,28,88,0,0,255,2,0,1782509432.7032793,0
25.01831,25.01643,-0.041225847,0.30386484,0.8650818,1,1,0,-0.0016479492,0.012145996,25.01831,28,88,0,0,255,2,0,1782509432.7032793,0
25.021238,25.01922,-0.0931506,0.30390042,0.7655029,1,1,0,-0.0037231445,0.012145996,25.02124,28,88,0,0,255,2,0,1782509432.7032793,0
25.015871,25.010084,0.26409334,0.46871474,0.8270874,1,1,0,0.010559082,0.018737793,25.01587,29,88,1,0,255,2,0,1782509432.7032793,0
25.011229,25.00594,0.21215266,0.4686278,0.8045044,1,1,0,0.008483887,0.018737793,25.01123,29,88,1,0,255,2,0,1782509432.7032793,0
25.008057,25.003162,0.15871361,0.46856835,0.69369507,1,1,0,0.0063476562,0.018737793,25.008057,29,88,1,0,255,2,0,1782509432.7032793,0
24.99756,24.992943,0.10678202,0.46837166,0.6889343,1,1,0,0.004272461,0.018737793,24.997559,29,88,1,0,255,2,0,1782509432.7032793,0
25.00415,24.999702,0.05493107,0.46849516,0.7381592,1,1,0,0.0021972656,0.018737793,25.00415,29,88,1,0,255,2,0,1782509432.7032793,0
25.003176,24.998785,0.0015258047,0.46847686,0.769928,1,1,0,6.1035156e-05,0.018737793,25.003174,29,88,1,0,255,2,0,1782509432.7032793,0
24.997557,24.993118,-0.050340213,0.46837166,0.77401733,1,1,0,-0.0020141602,0.018737793,24.997559,29,88,1,0,255,2,0,1782509432.7032793,0
25.018555,25.014462,0.27177426,0.36188906,0.69610596,1,1,0,0.010864258,0.014465332,25.018555,60,88,0,0,255,2,0,1782509432.7032793,0
25.015627,25.01199,0.21831086,0.36642674,0.7784729,1,1,0,0.008728027,0.0146484375,25.015625,60,88,0,0,255,2,0,1782509432.7032793,0
25.019531,25.016249,0.16643135,0.36953774,0.7888794,1,1,0,0.006652832,0.014770508,25.019531,60,88,0,0,255,2,0,1782509432.7032793,0
25.01953,25.016478,0.11299023,0.37411845,0.8001404,1,1,0,0.0045166016,0.014953613,25.019531,60,88,0,0,255,2,0,1782509432.7032793,0
25.02124,25.018322,0.061080012,0.377198,0.81658936,1,1,0,0.0024414062,0.015075684,25.02124,60,88,0,0,255,2,0,1782509432.7032793,0
25.019531,25.016617,0.00916136,0.38175294,0.81484985,1,1,0,0.00036621094,0.015258789,25.019531,60,88,0,0,255,2,0,1782509432.7032793,0
25.017336,25.014338,-0.04427591,0.38477293,0.7784729,1,1,0,-0.0017700195,0.015380859,25.017334,60,88,0,0,255,2,0,1782509432.7032793,0
25.019531,25.016315,-0.09619358,0.38938737,0.82611084,1,1,0,-0.0038452148,0.015563965,25.019531,60,88,0,0,255,2,0,1782509432.7032793,0
25.01367,25.005617,0.2609934,0.57857275,0.6690674,1,1,0,0.010437012,0.023132324,25.013672,61,88,1,0,255,2,0,1782509432.7032793,0
25.00537,24.997734,0.20903134,0.58143234,0.7668457,1,1,0,0.008361816,0.023254395,25.005371,61,88,1,0,255,2,0,1782509432.7032793,0
25.009766,25.002413,0.15565668,0.58611274,0.90423584,1,1,0,0.006225586,0.0234375,25.009766,61,88,1,0,255,2,0,1782509432.7032793,0
25.001955,24.9948,0.10373877,0.5889808,0.69714355,1,1,0,0.0041503906,0.02355957,25.001953,61,88,1,0,255,2,0,1782509432.7032793,0
25.001951,24.994852,0.051869277,0.5935575,0.69918823,1,1,0,0.0020751953,0.023742676,25.001953,61,88,1,0,255,2,0,1782509432.7032793,0
25.007566,25.000446,-0.0015259061,0.59674263,0.7893982,1,1,0,-6.1035156e-05,0.023864746,25.007568,61,88,1,0,255,2,0,1782509432.7032793,0
24.999756,24.99247,-0.053389758,0.6011325,0.6807251,1,1,0,-0.0021362305,0.024047852,24.999756,61,88,1,0,255,2,0,1782509432.7032793,0
25.01831,25.011093,0.27173766,0.53593475,0.8417053,1,1,0,0.010864258,0.02142334,25.01831,26,89,0,0,255,2,0,1782509432.8020694,1
25.016602,25.009909,0.2182927,0.53589815,0.8624878,1,1,0,0.008728027,0.02142334,25.016602,26,89,0,0,255,2,0,1782509432.8020694,1
25.017336,25.01104,0.1663967,0.5359138,0.7836609,1,1,0,0.006652832,0.02142334,25.017334,26,89,0,0,255,2,0,1782509432.8020694,1
25.016602,25.01063,0.11449038,0.5343716,0.80792236,1,1,0,0.0045776367,0.021362305,25.016602,26,89,0,0,255,2,0,1782509432.8020694,1
25.020996,25.015213,0.06107242,0.5344655,0.76116943,1,1,0,0.0024414062,0.021362305,25.020996,26,89,0,0,255,2,0,1782509432.8020694,1
25.019531,25.01382,0.009160335,0.5344342,0.95947266,1,1,0,0.00036621094,0.021362305,25.019531,26,89,0,0,255,2,0,1782509432.8020694,1
25.006838,25.001093,-0.044252466,0.53416306,0.68582153,1,1,0,-0.0017700195,0.021362305,25.006836,26,89,0,0,255,2,0,1782509432.8020694,1
25.019531,25.013638,-0.096183285,0.5344342,0.8607483,1,1,0,-0.0038452148,0.021362305,25.019531,26,89,0,0,255,2,0,1782509432.8020694,1
25.01587,25.004734,0.26098418,0.69920504,0.703949,1,1,0,0.010437012,0.027954102,25.01587,27,89,1,0,255,2,0,1782509432.8020694,1
25.009031,24.998386,0.2090368,0.699014,0.64852905,1,1,0,0.008361816,0.027954102,25.009033,27,89,1,0,255,2,0,1782509432.8020694,1
25.015871,25.005602,0.15720281,0.69920504,0.7706299,1,1,0,0.006286621,0.027954102,25.01587,27,89,1,0,255,2,0,1782509432.8020694,1
24.993896,24.983917,0.1036936,0.69859093,0.77944946,1,1,0,0.0041503906,0.027954102,24.993896,27,89,1,0,255,2,0,1782509432.8020694,1
24.997557,24.987738,0.051854514,0.6986933,0.6520386,1,1,0,0.0020751953,0.027954102,24.997559,27,89,1,0,255,2,0,1782509432.8020694,1
24.996094,24.986328,-0.0015250444,0.6986523,0.80096436,1,1,0,-6.1035156e-05,0.027954102,24.996094,27,89,1,0,255,2,0,1782509432.8020694,1
25.001955,24.992128,-0.053389028,0.6988161,0.71969604,1,1,0,-0.0021362305,0.027954102,25.001953,27,89,1,0,255,2,0,1782509432.8020694,1
25.02124,25.0179,0.27181163,0.30542746,0.82785034,1,1,0,0.010864258,0.012207031,25.02124,28,89,0,0,255,2,0,1782509432.8020694,1
25.019531,25.0167,0.21987903,0.3054066,0.7984009,1,1,0,0.0087890625,0.012207031,25.019531,28,89,0,0,255,2,0,1782509432.8020694,1
25.015627,25.013208,0.16641113,0.30535892,0.72998047,1,1,0,0.006652832,0.012207031,25.015625,28,89,0,0,255,2,0,1782509432.8020694,1
25.02197,25.019863,0.11453265,0.3039093,0.706604,1,1,0,0.0045776367,0.012145996,25.021973,28,89,0,0,255,2,0,1782509432.8020694,1
25.03125,25.02933,0.061106883,0.30402198,0.74380493,1,1,0,0.0024414062,0.012145996,25.03125,28,89,0,0,255,2,0,1782509432.8020694,1
25.015623,25.013777,0.009160319,0.3038322,0.7031555,1,1,0,0.00036621094,0.012145996,25.015625,28,89,0,0,255,2,0,1782509432.8020694,1
25.019287,25.017405,-0.042754397,0.3038767,0.8001404,1,1,0,-0.0017089844,0.012145996,25.019287,28,89,0,0,255,2,0,1782509432.8020694,1
25.017334,25.015303,-0.096189685,0.30385298,0.8001404,1,1,0,-0.0038452148,0.012145996,25.017334,28,89,0,0,255,2,0,1782509432.8020694,1
25.012451,25.006683,0.26253098,0.4686507,0.7367859,1,1,0,0.010498047,0.018737793,25.012451,29,89,1,0,255,2,0,1782509432.8020694,1
25.003174,24.99791,0.2090328,0.46847686,0.69714355,1,1,0,0.008361816,0.018737793,25.003174,29,89,1,0,255,2,0,1782509432.8020694,1
25.009033,25.004148,0.15719368,0.46858665,0.6567383,1,1,0,0.006286621,0.018737793,25.009033,29,89,1,0,255,2,0,1782509432.8020694,1
24.998781,24.994177,0.103736185,0.46839452,0.6878967,1,1,0,0.0041503906,0.018737793,24.99878,29,89,1,0,255,2,0,1782509432.8020694,1
25.00879,25.004345,0.051888976,0.46858206,0.9411316,1,1,0,0.0020751953,0.018737793,25.00879,29,89,1,0,255,2,0,1782509432.8020694,1
25.013674,25.009281,-0.0,0.46867356,0.65057373,1,1,0,-0.0,0.018737793,25.013672,29,89,1,0,255,2,0,1782509432.8020694,1
25.0022,24.997751,-0.053401038,0.46845856,1.0570374,1,1,0,-0.0021362305,0.018737793,25.002197,29,89,1,0,255,2,0,1782509432.8020694,1
25.015627,25.011555,0.27174267,0.36032003,0.8001404,1,1,0,0.010864258,0.014404297,25.015625,60,89,0,0,255,2,0,1782509432.8020694,1
25.016602,25.012974,0.21984626,0.3649143,0.8434143,1,1,0,0.0087890625,0.014587402,25.016602,60,89,0,0,255,2,0,1782509432.8020694,1
25.02124,25.01797,0.16796985,0.36803597,0.7871399,1,1,0,0.006713867,0.014709473,25.02124,60,89,0,0,255,2,0,1782509432.8020694,1
25.026123,25.023085,0.1145474,0.37268972,0.7619934,1,1,0,0.0045776367,0.014892578,25.026123,60,89,0,0,255,2,0,1782509432.8020694,1
25.01831,25.015413,0.06259974,0.375627,0.80966187,1,1,0,0.0025024414,0.015014648,25.01831,60,89,0,0,255,2,0,1782509432.8020694,1
25.0166,25.013708,0.01068701,0.38018152,0.8417053,1,1,0,0.0004272461,0.015197754,25.016602,60,89,0,0,255,2,0,1782509432.8020694,1
25.017334,25.014362,-0.042749196,0.38324618,0.7984009,1,1,0,-0.0017089844,0.015319824,25.017334,60,89,0,0,255,2,0,1782509432.8020694,1
25.011719,25.008533,-0.09463724,0.3877394,0.9984131,1,1,0,-0.0037841797,0.01550293,25.011719,60,89,0,0,255,2,0,1782509432.8020694,1
25.009766,25.001732,0.26247898,0.57695633,0.90423584,1,1,0,0.010498047,0.023071289,25.009766,61,89,1,0,255,2,0,1782509432.8020694,1
24.994873,24.987265,0.21046901,0.5796631,0.7374573,1,1,0,0.008422852,0.02319336,24.994873,61,89,1,0,255,2,0,1782509432.8020694,1
25.000488,24.993164,0.15712462,0.58436984,0.9566345,1,1,0,0.006286621,0.023376465,25.000488,61,89,1,0,255,2,0,1782509432.8020694,1
24.994873,24.987751,0.105234675,0.58728886,0.7671509,1,1,0,0.004211426,0.023498535,24.994873,61,89,1,0,255,2,0,1782509432.8020694,1
24.993896,24.986832,0.053377714,0.59184116,0.7077637,1,1,0,0.0021362305,0.02368164,24.993896,61,89,1,0,255,2,0,1782509432.8020694,1
25.00757,25.000484,-0.0,0.5952167,0.7678833,1,1,0,-0.0,0.023803711,25.007568,61,89,1,0,255,2,0,1782509432.8020694,1
25.0,24.992754,-0.051864922,0.5996129,0.9402466,1,1,0,-0.0020751953,0.023986816,25.0,61,89,1,0,255,2,0,1782509432.8020694,1
25.017336,25.010101,0.27325356,0.5359138,0.8434143,1,1,0,0.010925293,0.02142334,25.017334,26,90,0,0,255,2,0,1782509432.8999794,2
25.006838,25.000153,0.22125956,0.53416306,1.026123,1,1,0,0.008850098,0.021362305,25.006836,26,90,0,0,255,2,0,1782509432.8999794,2
25.02051,25.014236,0.16794477,0.53445506,0.7187195,1,1,0,0.006713867,0.021362305,25.020508,26,90,0,0,255,2,0,1782509432.8999794,2
25.019531,25.013554,0.1160305,0.5344342,0.700531,1,1,0,0.004638672,0.021362305,25.019531,26,90,0,0,255,2,0,1782509432.8999794,2
25.019775,25.013985,0.0641229,0.53443944,0.82437134,1,1,0,0.0025634766,0.021362305,25.019775,26,90,0,0,255,2,0,1782509432.8999794,2
25.0166,25.01089,0.010685806,0.5343716,1.0148926,1,1,0,0.0004272461,0.021362305,25.016602,26,90,0,0,255,2,0,1782509432.8999794,2
25.01074,25.005001,-0.04120701,0.53424644,0.711792,1,1,0,-0.0016479492,0.021362305,25.010742,26,90,0,0,255,2,0,1782509432.8999794,2
25.019775,25.013887,-0.094657496,0.53443944,0.96640015,1,1,0,-0.0037841797,0.021362305,25.019775,26,90,0,0,255,2,0,1782509432.8999794,2
25.014648,25.003944,0.2106095,0.7006971,0.7685852,1,1,0,0.008422852,0.028015137,25.014648,27,90,1,0,255,2,0,1782509432.8999794,2
25.009033,24.999033,0.106808044,0.699014,0.62286377,1,1,0,0.004272461,0.027954102,25.009033,27,90,1,0,255,2,0,1782509432.8999794,2
25.020264,25.010431,0.05342813,0.6993279,0.8270874,1,1,0,0.0021362305,0.027954102,25.020264,27,90,1,0,255,2,0,1782509432.8999794,2
25.010254,25.000483,0.0015259084,0.6990481,0.6998291,1,1,0,6.1035156e-05,0.027954102,25.010254,27,90,1,0,255,2,0,1782509432.8999794,2
25.009033,24.999208,-0.051878314,0.699014,0.68341064,1,1,0,-0.0020751953,0.027954102,25.009033,27,90,1,0,255,2,0,1782509432.8999794,2
25.020508,25.017168,0.27180368,0.30541852,0.9707031,1,1,0,0.010864258,0.012207031,25.020508,28,90,0,0,255,2,0,1782509432.8999794,2
25.020752,25.017921,0.21988976,0.3054215,0.7655029,1,1,0,0.0087890625,0.012207031,25.020752,28,90,0,0,255,2,0,1782509432.8999794,2
25.016603,25.014175,0.16794437,0.30537084,0.66677856,1,1,0,0.006713867,0.012207031,25.016602,28,90,0,0,255,2,0,1782509432.8999794,2
25.019775,25.017649,0.11452252,0.30540958,0.80184937,1,1,0,0.0045776367,0.012207031,25.019775,28,90,0,0,255,2,0,1782509432.8999794,2
25.019775,25.017834,0.0626058,0.30540958,0.75424194,1,1,0,0.0025024414,0.012207031,25.019775,28,90,0,0,255,2,0,1782509432.8999794,2
25.021482,25.019634,0.010689543,0.30390337,0.715271,1,1,0,0.0004272461,0.012145996,25.021484,28,90,0,0,255,2,0,1782509432.8999794,2
25.01831,25.016428,-0.042752728,0.30386484,0.80358887,1,1,0,-0.0017089844,0.012145996,25.01831,28,90,0,0,255,2,0,1782509432.8999794,2
25.017332,25.015308,-0.094662875,0.30385298,0.80358887,1,1,0,-0.0037841797,0.012145996,25.017334,28,90,0,0,255,2,0,1782509432.8999794,2
25.020264,25.014465,0.26261267,0.47032395,0.62802124,1,1,0,0.010498047,0.018798828,25.020264,29,90,1,0,255,2,0,1782509432.8999794,2
25.003174,24.997898,0.21055856,0.46847686,0.76275635,1,1,0,0.008422852,0.018737793,25.003174,29,90,1,0,255,2,0,1782509432.8999794,2
25.006594,25.001709,0.15717834,0.4685409,0.7565918,1,1,0,0.006286621,0.018737793,25.006592,29,90,1,0,255,2,0,1782509432.8999794,2
25.009033,25.004421,0.10530488,0.46858665,0.6064453,1,1,0,0.004211426,0.018737793,25.009033,29,90,1,0,255,2,0,1782509432.8999794,2
25.005371,25.000925,0.053407818,0.46851802,0.7586365,1,1,0,0.0021362305,0.018737793,25.005371,29,90,1,0,255,2,0,1782509432.8999794,2
25.009766,25.005375,-0.0,0.46860036,0.9165344,1,1,0,-0.0,0.018737793,25.009766,29,90,1,0,255,2,0,1782509432.8999794,2
25.00415,24.999708,-0.051879354,0.46849516,0.71765137,1,1,0,-0.0020751953,0.018737793,25.00415,29,90,1,0,255,2,0,1782509432.8999794,2
25.017334,25.013235,0.27023405,0.3633982,0.80966187,1,1,0,0.010803223,0.014526367,25.017334,60,90,0,0,255,2,0,1782509432.8999794,2
25.016603,25.01298,0.2167927,0.36644104,0.75424194,1,1,0,0.008666992,0.0146484375,25.016602,60,90,0,0,255,2,0,1782509432.8999794,2
25.018309,25.015038,0.16489643,0.3695197,0.73516846,1,1,0,0.006591797,0.014770508,25.01831,60,90,0,0,255,2,0,1782509432.8999794,2
25.018309,25.015257,0.11298472,0.3741002,0.726532,1,1,0,0.0045166016,0.014953613,25.01831,60,90,0,0,255,2,0,1782509432.8999794,2
25.01953,25.016592,0.05954889,0.37869912,0.8373718,1,1,0,0.002380371,0.015136719,25.019531,60,90,0,0,255,2,0,1782509432.8999794,2
25.020752,25.017838,0.0076348386,0.38177156,0.8338928,1,1,0,0.00030517578,0.015258789,25.020752,60,90,0,0,255,2,0,1782509432.8999794,2
25.016603,25.013605,-0.044274613,0.38476166,0.7802124,1,1,0,-0.0017700195,0.015380859,25.016602,60,90,0,0,255,2,0,1782509432.8999794,2
24.994873,24.986841,0.2592722,0.57813793,0.8296509,1,1,0,0.010375977,0.023132324,24.994873,61,90,1,0,255,2,0,1782509432.8999794,2
24.999756,24.992136,0.20745902,0.5813018,0.6181946,1,1,0,0.008300781,0.023254395,24.999756,61,90,1,0,255,2,0,1782509432.8999794,2
25.005371,24.998018,0.15562932,0.58600974,0.81399536,1,1,0,0.006225586,0.0234375,25.005371,61,90,1,0,255,2,0,1782509432.8999794,2
25.003176,24.996027,0.10221821,0.5890095,0.7463379,1,1,0,0.0040893555,0.02355957,25.003174,61,90,1,0,255,2,0,1782509432.8999794,2
25.007566,25.000467,0.050355013,0.5936908,0.7319946,1,1,0,0.0020141602,0.023742676,25.007568,61,90,1,0,255,2,0,1782509432.8999794,2
24.997559,24.99044,-0.0015252954,0.5965038,0.70840454,1,1,0,-6.1035156e-05,0.023864746,24.997559,61,90,1,0,255,2,0,1782509432.8999794,2
24.99756,24.99049,-0.054910827,0.5919279,0.651001,1,1,0,-0.0021972656,0.02368164,24.997559,61,90,1,0,255,2,0,1782509432.8999794,2
25.02051,25.013275,0.27328822,0.53598183,1.1482239,1,1,0,0.010925293,0.02142334,25.020508,26,91,0,0,255,2,0,1782509433.0003517,3
25.02124,25.014532,0.21985997,0.5359975,0.8417053,1,1,0,0.0087890625,0.02142334,25.02124,26,91,0,0,255,2,0,1782509433.0003517,3
25.017336,25.01103,0.16792326,0.5359138,0.6174011,1,1,0,0.006713867,0.02142334,25.017334,26,91,0,0,255,2,0,1782509433.0003517,3
25.012695,25.006725,0.114472516,0.53428817,0.72824097,1,1,0,0.0045776367,0.021362305,25.012695,26,91,0,0,255,2,0,1782509433.0003517,3
25.015627,25.00984,0.06258579,0.53435075,1.1300354,1,1,0,0.0025024414,0.021362305,25.015625,26,91,0,0,255,2,0,1782509433.0003517,3
25.021729,25.016016,0.010687997,0.53448117,0.80966187,1,1,0,0.0004272461,0.021362305,25.021729,26,91,0,0,255,2,0,1782509433.0003517,3
25.015627,25.009882,-0.04274154,0.53435075,0.8667908,1,1,0,-0.0017089844,0.021362305,25.015625,26,91,0,0,255,2,0,1782509433.0003517,3
25.020508,25.01462,-0.09466027,0.53445506,0.9819641,1,1,0,-0.0037841797,0.021362305,25.020508,26,91,0,0,255,2,0,1782509433.0003517,3
25.003172,24.99291,0.15712303,0.6988502,0.80581665,1,1,0,0.006286621,0.027954102,25.003174,27,91,1,0,255,2,0,1782509433.0003517,3
24.996094,24.986107,0.10522775,0.6986523,0.69033813,1,1,0,0.004211426,0.027954102,24.996094,27,91,1,0,255,2,0,1782509433.0003517,3
24.992674,24.982853,0.053369213,0.6985568,0.7948303,1,1,0,0.0021362305,0.027954102,24.992676,27,91,1,0,255,2,0,1782509433.0003517,3
25.010254,25.000483,-0.0,0.6990481,0.6423645,1,1,0,-0.0,0.027954102,25.010254,27,91,1,0,255,2,0,1782509433.0003517,3
24.997557,24.987738,-0.051854514,0.6986933,0.70840454,1,1,0,-0.0020751953,0.027954102,24.997559,27,91,1,0,255,2,0,1782509433.0003517,3
25.019531,25.016209,0.27026618,0.3054066,0.75250244,1,1,0,0.010803223,0.012207031,25.019531,28,91,0,0,255,2,0,1782509433.0003517,3
25.017336,25.014532,0.21680616,0.30537978,0.7559509,1,1,0,0.008666992,0.012207031,25.017334,28,91,0,0,255,2,0,1782509433.0003517,3
25.017334,25.014927,0.1648957,0.30537978,1.0148926,1,1,0,0.006591797,0.012207031,25.017334,28,91,0,0,255,2,0,1782509433.0003517,3
25.01831,25.016197,0.11146207,0.3053917,0.8520813,1,1,0,0.0044555664,0.012207031,25.01831,28,91,0,0,255,2,0,1782509433.0003517,3
25.0166,25.014683,0.059544344,0.30384406,0.74990845,1,1,0,0.002380371,0.012145996,25.016602,28,91,0,0,255,2,0,1782509433.0003517,3
25.020262,25.018415,0.007635015,0.30388856,0.711792,1,1,0,0.00030517578,0.012145996,25.020264,28,91,0,0,255,2,0,1782509433.0003517,3
25.020506,25.01862,-0.04581051,0.3038915,0.81918335,1,1,0,-0.0018310547,0.012145996,25.020508,28,91,0,0,255,2,0,1782509433.0003517,3
25.003176,24.99744,0.25938216,0.46847686,0.6704712,1,1,0,0.010375977,0.018737793,25.003174,29,91,1,0,255,2,0,1782509433.0003517,3
25.008787,25.003923,0.1541399,0.46858206,0.7709656,1,1,0,0.006164551,0.018737793,25.00879,29,91,1,0,255,2,0,1782509433.0003517,3
25.0022,24.9976,0.10222465,0.46845856,1.1696777,1,1,0,0.0040893555,0.018737793,25.002197,29,91,1,0,255,2,0,1782509433.0003517,3
25.010986,25.006544,0.050367255,0.46862325,0.9934082,1,1,0,0.0020141602,0.018737793,25.010986,29,91,1,0,255,2,0,1782509433.0003517,3
25.009766,25.005375,-0.003052414,0.46860036,0.85092163,1,1,0,-0.00012207031,0.018737793,25.009766,29,91,1,0,255,2,0,1782509433.0003517,3
25.015871,25.01142,-0.054956816,0.46871474,0.76242065,1,1,0,-0.0021972656,0.018737793,25.01587,29,91,1,0,255,2,0,1782509433.0003517,3
25.020752,25.016691,0.26874432,0.36192086,0.7802124,1,1,0,0.0107421875,0.014465332,25.020752,60,91,0,0,255,2,0,1782509433.0003517,3
25.020506,25.016918,0.21529984,0.36497128,0.723938,1,1,0,0.008605957,0.014587402,25.020508,60,91,0,0,255,2,0,1782509433.0003517,3
25.022705,25.019464,0.16339849,0.36805752,0.7706909,1,1,0,0.0065307617,0.014709473,25.022705,60,91,0,0,255,2,0,1782509433.0003517,3
25.031494,25.028477,0.10998914,0.3727697,0.83047485,1,1,0,0.0043945312,0.014892578,25.031494,60,91,0,0,255,2,0,1782509433.0003517,3
25.032227,25.029339,0.05805155,0.37583596,0.74380493,1,1,0,0.002319336,0.015014648,25.032227,60,91,0,0,255,2,0,1782509433.0003517,3
25.02124,25.01835,0.0061079958,0.380252,0.8546753,1,1,0,0.00024414062,0.015197754,25.02124,60,91,0,0,255,2,0,1782509433.0003517,3
25.020508,25.017527,-0.04733546,0.3832948,0.80792236,1,1,0,-0.0018920898,0.015319824,25.020508,60,91,0,0,255,2,0,1782509433.0003517,3
25.00659,24.998606,0.25786832,0.57688314,0.82424927,1,1,0,0.010314941,0.023071289,25.006592,61,91,1,0,255,2,0,1782509433.0003517,3
24.99878,24.991207,0.20592587,0.5797537,0.66534424,1,1,0,0.008239746,0.02319336,24.99878,61,91,1,0,255,2,0,1782509433.0003517,3
25.0,24.992704,0.15254526,0.5843584,0.8746948,1,1,0,0.0061035156,0.023376465,25.0,61,91,1,0,255,2,0,1782509433.0003517,3
24.994873,24.98777,0.10065929,0.58728886,0.819397,1,1,0,0.0040283203,0.023498535,24.994873,61,91,1,0,255,2,0,1782509433.0003517,3
25.00879,25.00173,0.048831563,0.59219384,0.7432556,1,1,0,0.001953125,0.02368164,25.00879,61,91,1,0,255,2,0,1782509433.0003517,3
24.999756,24.992674,-0.004576295,0.5950308,0.6387024,1,1,0,-0.00018310547,0.023803711,24.999756,61,91,1,0,255,2,0,1782509433.0003517,3
25.004148,24.997002,-0.056450848,0.59513533,0.8119507,1,1,0,-0.0022583008,0.023803711,25.00415,61,91,1,0,255,2,0,1782509433.0003517,3
25.020264,25.013046,0.27175888,0.5359766,0.8650818,1,1,0,0.010864258,0.02142334,25.020264,26,92,0,0,255,2,0,1782509433.1009994,4
25.02124,25.014545,0.21833318,0.5359975,0.8694153,1,1,0,0.008728027,0.02142334,25.02124,26,92,0,0,255,2,0,1782509433.1009994,4
25.020266,25.01397,0.1664162,0.5359766,0.715271,1,1,0,0.006652832,0.02142334,25.020264,26,92,0,0,255,2,0,1782509433.1009994,4
25.019531,25.013567,0.11297709,0.5344342,0.7135315,1,1,0,0.0045166016,0.021362305,25.019531,26,92,0,0,255,2,0,1782509433.1009994,4
25.02124,25.015457,0.061073016,0.53447074,0.7784729,1,1,0,0.0024414062,0.021362305,25.02124,26,92,0,0,255,2,0,1782509433.1009994,4
25.017332,25.011623,0.0091595305,0.5343873,0.80618286,1,1,0,0.00036621094,0.021362305,25.017334,26,92,0,0,255,2,0,1782509433.1009994,4
25.017334,25.011587,-0.04427104,0.5343873,0.7655029,1,1,0,-0.0017700195,0.021362305,25.017334,26,92,0,0,255,2,0,1782509433.1009994,4
25.020508,25.014614,-0.09618704,0.53445506,1.0391235,1,1,0,-0.0038452148,0.021362305,25.020508,26,92,0,0,255,2,0,1782509433.1009994,4
25.012451,25.002193,0.15565532,0.6991095,0.6793213,1,1,0,0.006225586,0.027954102,25.012451,27,92,1,0,255,2,0,1782509433.1009994,4
25.003176,24.99319,0.10373209,0.6988502,0.651001,1,1,0,0.0041503906,0.027954102,25.003174,27,92,1,0,255,2,0,1782509433.1009994,4
25.00415,24.994328,0.05186819,0.6988775,0.74121094,1,1,0,0.0020751953,0.027954102,25.00415,27,92,1,0,255,2,0,1782509433.1009994,4
25.003174,24.993404,-0.0015254763,0.6988502,0.7268677,1,1,0,-6.1035156e-05,0.027954102,25.003174,27,92,1,0,255,2,0,1782509433.1009994,4
25.008055,24.998228,-0.05340206,0.6989867,0.64749146,1,1,0,-0.0021362305,0.027954102,25.008057,27,92,1,0,255,2,0,1782509433.1009994,4
25.016602,25.013294,0.26870784,0.30537084,0.74298096,1,1,0,0.0107421875,0.012207031,25.016602,28,92,0,0,255,2,0,1782509433.1009994,4
25.019775,25.016972,0.21682732,0.30540958,1.085022,1,1,0,0.008666992,0.012207031,25.019775,28,92,0,0,255,2,0,1782509433.1009994,4
25.01831,25.015913,0.16337529,0.3053917,0.82437134,1,1,0,0.0065307617,0.012207031,25.01831,28,92,0,0,255,2,0,1782509433.1009994,4
25.028074,25.02598,0.11150566,0.30398342,0.6926575,1,1,0,0.0044555664,0.012145996,25.028076,28,92,0,0,255,2,0,1782509433.1009994,4
25.019772,25.017857,0.0595519,0.30388263,1.0114136,1,1,0,0.002380371,0.012145996,25.019775,28,92,0,0,255,2,0,1782509433.1009994,4
25.019531,25.017685,0.0061078332,0.30387965,0.74990845,1,1,0,0.00024414062,0.012145996,25.019531,28,92,0,0,255,2,0,1782509433.1009994,4
25.020264,25.018375,-0.045810062,0.30388856,0.73172,1,1,0,-0.0018310547,0.012145996,25.020264,28,92,0,0,255,2,0,1782509433.1009994,4
25.008787,25.003052,0.2594404,0.46858206,0.6387024,1,1,0,0.010375977,0.018737793,25.00879,29,92,1,0,255,2,0,1782509433.1009994,4
25.007568,25.00233,0.20601752,0.4685592,0.803772,1,1,0,0.008239746,0.018737793,25.007568,29,92,1,0,255,2,0,1782509433.1009994,4
25.006594,25.001728,0.15412638,0.4685409,0.7586365,1,1,0,0.006164551,0.018737793,25.006592,29,92,1,0,255,2,0,1782509433.1009994,4
25.019287,25.014687,0.10229452,0.46877876,0.89276123,1,1,0,0.0040893555,0.018737793,25.019287,29,92,1,0,255,2,0,1782509433.1009994,4
24.993896,24.989462,0.048807602,0.46830302,0.8542175,1,1,0,0.001953125,0.018737793,24.993896,29,92,1,0,255,2,0,1782509433.1009994,4
25.006594,25.002203,-0.0030520267,0.4685409,0.769928,1,1,0,-0.00012207031,0.018737793,25.006592,29,92,1,0,255,2,0,1782509433.1009994,4
25.003176,24.998726,-0.054928925,0.46847686,0.7770996,1,1,0,-0.0021972656,0.018737793,25.003174,29,92,1,0,255,2,0,1782509433.1009994,4
25.028076,25.023981,0.27187768,0.3620268,0.70739746,1,1,0,0.010864258,0.014465332,25.028076,60,92,0,0,255,2,0,1782509433.1009994,4
25.02124,25.017624,0.21836005,0.36498198,0.9906311,1,1,0,0.008728027,0.014587402,25.02124,60,92,0,0,255,2,0,1782509433.1009994,4
25.012697,25.009415,0.16638589,0.36943677,0.81918335,1,1,0,0.006652832,0.014770508,25.012695,60,92,0,0,255,2,0,1782509433.1009994,4
25.017334,25.014297,0.114507176,0.37255883,0.8338928,1,1,0,0.0045776367,0.014892578,25.017334,60,92,0,0,255,2,0,1782509433.1009994,4
25.022705,25.019787,0.06108359,0.3772201,0.87286377,1,1,0,0.0024414062,0.015075684,25.022705,60,92,0,0,255,2,0,1782509433.1009994,4
25.018309,25.015419,0.009160921,0.3802075,0.82785034,1,1,0,0.00036621094,0.015197754,25.01831,60,92,0,0,255,2,0,1782509433.1009994,4
25.015627,25.012629,-0.044272885,0.38474664,0.8295593,1,1,0,-0.0017700195,0.015380859,25.015625,60,92,0,0,255,2,0,1782509433.1009994,4
25.02246,25.01927,-0.096204944,0.3879059,1.2235718,1,1,0,-0.0038452148,0.01550293,25.02246,60,92,0,0,255,2,0,1782509433.1009994,4
25.004148,24.996134,0.26089442,0.5768268,0.7227783,1,1,0,0.010437012,0.023071289,25.00415,61,92,1,0,255,2,0,1782509433.1009994,4
24.997559,24.989927,0.20896605,0.5812507,0.6817627,1,1,0,0.008361816,0.023254395,24.997559,61,92,1,0,255,2,0,1782509433.1009994,4
24.999512,24.992188,0.15711848,0.584347,0.9310303,1,1,0,0.006286621,0.023376465,24.999512,61,92,1,0,255,2,0,1782509433.1009994,4
25.003176,24.996021,0.10374384,0.5890095,0.7330322,1,1,0,0.0041503906,0.02355957,25.003174,61,92,1,0,255,2,0,1782509433.1009994,4
25.009768,25.0027,0.051885564,0.59221697,0.7678833,1,1,0,0.0020751953,0.02368164,25.009766,61,92,1,0,255,2,0,1782509433.1009994,4
25.00415,24.99703,-0.0015256976,0.5966611,0.68688965,1,1,0,-6.1035156e-05,0.023864746,25.00415,61,92,1,0,255,2,0,1782509433.1009994,4
24.996094,24.989029,-0.053382408,0.5918932,0.92181396,1,1,0,-0.0021362305,0.02368164,24.996094,61,92,1,0,255,2,0,1782509433.1009994,4
25.015625,25.008408,0.2717085,0.5358772,0.81658936,1,1,0,0.010864258,0.02142334,25.015625,26,93,0,0,255,2,0,1782509433.2005513,5
25.007812,25.001108,0.21974197,0.53570986,0.7672119,1,1,0,0.0087890625,0.02142334,25.007812,26,93,0,0,255,2,0,1782509433.2005513,5
25.00879,25.00253,0.16634008,0.5342048,0.87719727,1,1,0,0.006652832,0.021362305,25.00879,26,93,0,0,255,2,0,1782509433.2005513,5
25.015625,25.009655,0.11448593,0.53435075,1.0096741,1,1,0,0.0045776367,0.021362305,25.015625,26,93,0,0,255,2,0,1782509433.2005513,5
25.019531,25.013744,0.06259556,0.5344342,0.7559509,1,1,0,0.0025024414,0.021362305,25.019531,26,93,0,0,255,2,0,1782509433.2005513,5
25.02124,25.015495,-0.042751133,0.53447074,0.701416,1,1,0,-0.0017089844,0.021362305,25.02124,26,93,0,0,255,2,0,1782509433.2005513,5
25.017334,25.011446,-0.09464826,0.5343873,0.81311035,1,1,0,-0.0037841797,0.021362305,25.017334,26,93,0,0,255,2,0,1782509433.2005513,5
25.01587,25.004675,0.26250988,0.70073134,0.7121582,1,1,0,0.010498047,0.028015137,25.01587,27,93,1,0,255,2,0,1782509433.2005513,5
25.01245,25.00176,0.209065,0.7006356,0.6516113,1,1,0,0.008361816,0.028015137,25.012451,27,93,1,0,255,2,0,1782509433.2005513,5
25.012451,25.002184,0.15718132,0.6991095,0.7008667,1,1,0,0.006286621,0.027954102,25.012451,27,93,1,0,255,2,0,1782509433.2005513,5
25.000977,24.990988,0.10524831,0.6987888,0.803772,1,1,0,0.004211426,0.027954102,25.000977,27,93,1,0,255,2,0,1782509433.2005513,5
25.008057,24.998232,0.051876288,0.6989867,0.68444824,1,1,0,0.0020751953,0.027954102,25.008057,27,93,1,0,255,2,0,1782509433.2005513,5
25.014648,25.004875,-0.0,0.69917095,0.68136597,1,1,0,-0.0,0.027954102,25.014648,27,93,1,0,255,2,0,1782509433.2005513,5
25.00415,24.994328,-0.05186819,0.6988775,0.80581665,1,1,0,-0.0020751953,0.027954102,25.00415,27,93,1,0,255,2,0,1782509433.2005513,5
25.019775,25.016436,0.27179572,0.30540958,0.74298096,1,1,0,0.010864258,0.012207031,25.019775,28,93,0,0,255,2,0,1782509433.2005513,5
25.019775,25.016958,0.21835424,0.30540958,1.0867615,1,1,0,0.008728027,0.012207031,25.019775,28,93,0,0,255,2,0,1782509433.2005513,5
25.016602,25.014202,0.16641775,0.30384406,0.7758789,1,1,0,0.006652832,0.012145996,25.016602,28,93,0,0,255,2,0,1782509433.2005513,5
25.019773,25.017673,0.11299563,0.30388263,0.8624878,1,1,0,0.0045166016,0.012145996,25.019775,28,93,0,0,255,2,0,1782509433.2005513,5
25.019531,25.01761,0.061078273,0.30387965,0.7655029,1,1,0,0.0024414062,0.012145996,25.019531,28,93,0,0,255,2,0,1782509433.2005513,5
25.027098,25.025251,0.0091645215,0.30397156,0.72125244,1,1,0,0.00036621094,0.012145996,25.0271,28,93,0,0,255,2,0,1782509433.2005513,5
25.017334,25.01545,-0.044277877,0.30385298,0.80358887,1,1,0,-0.0017700195,0.012145996,25.017334,28,93,0,0,255,2,0,1782509433.2005513,5
25.015623,25.013594,-0.096183114,0.3038322,0.8295593,1,1,0,-0.0038452148,0.012145996,25.015625,28,93,0,0,255,2,0,1782509433.2005513,5
25.019531,25.013777,0.26107857,0.46878335,0.6511841,1,1,0,0.010437012,0.018737793,25.019531,29,93,1,0,255,2,0,1782509433.2005513,5
25.009764,25.0045,0.20908791,0.46860036,0.8857727,1,1,0,0.008361816,0.018737793,25.009766,29,93,1,0,255,2,0,1782509433.2005513,5
25.009033,25.004158,0.15566754,0.46858665,0.68240356,1,1,0,0.006225586,0.018737793,25.009033,29,93,1,0,255,2,0,1782509433.2005513,5
25.012451,25.007845,0.10379291,0.4686507,0.7121582,1,1,0,0.0041503906,0.018737793,25.012451,29,93,1,0,255,2,0,1782509433.2005513,5
25.008055,25.003666,-0.0015261027,0.46856835,0.6690674,1,1,0,-6.1035156e-05,0.018737793,25.008057,29,93,1,0,255,2,0,1782509433.2005513,5
25.008057,25.003637,-0.053413615,0.46704227,0.6864929,1,1,0,-0.0021362305,0.018676758,25.008057,29,93,1,0,255,2,0,1782509433.2005513,5
25.019775,25.015665,0.27331436,0.36190674,0.88153076,1,1,0,0.010925293,0.014465332,25.019775,60,93,0,0,255,2,0,1782509433.2005513,5
25.01831,25.015018,0.16795003,0.3695197,0.81137085,1,1,0,0.006713867,0.014770508,25.01831,60,93,0,0,255,2,0,1782509433.2005513,5
25.02051,25.017471,0.114521705,0.3726061,0.73950195,1,1,0,0.0045776367,0.014892578,25.020508,60,93,0,0,255,2,0,1782509433.2005513,5
25.020506,25.017586,0.06260517,0.37718698,0.7932129,1,1,0,0.0025024414,0.015075684,25.020508,60,93,0,0,255,2,0,1782509433.2005513,5
25.01953,25.016638,0.010688262,0.38022605,0.7819519,1,1,0,0.0004272461,0.015197754,25.019531,60,93,0,0,255,2,0,1782509433.2005513,5
25.019531,25.016537,-0.04275291,0.38480672,0.9923706,1,1,0,-0.0017089844,0.015380859,25.019531,60,93,0,0,255,2,0,1782509433.2005513,5
25.017334,25.014149,-0.09465849,0.38782644,0.9031677,1,1,0,-0.0037841797,0.01550293,25.017334,60,93,0,0,255,2,0,1782509433.2005513,5
25.00415,24.996119,0.26242006,0.5768268,0.7350769,1,1,0,0.010498047,0.023071289,25.00415,61,93,1,0,255,2,0,1782509433.2005513,5
25.010988,25.003338,0.21060438,0.58156294,0.91448975,1,1,0,0.008422852,0.023254395,25.010986,61,93,1,0,255,2,0,1782509433.2005513,5
25.001953,24.994627,0.15713382,0.58440405,0.7114868,1,1,0,0.006286621,0.023376465,25.001953,61,93,1,0,255,2,0,1782509433.2005513,5
25.008057,25.000895,0.10529003,0.58912456,0.73062134,1,1,0,0.004211426,0.02355957,25.008057,61,93,1,0,255,2,0,1782509433.2005513,5
25.006592,24.999523,0.053404823,0.5921418,0.78530884,1,1,0,0.0021362305,0.02368164,25.006592,61,93,1,0,255,2,0,1782509433.2005513,5
25.00537,24.99825,-0.0,0.5966902,0.7145691,1,1,0,-0.0,0.023864746,25.005371,61,93,1,0,255,2,0,1782509433.2005513,5
25.000002,24.992865,-0.051865153,0.59503657,0.83987427,1,1,0,-0.0020751953,0.023803711,25.0,61,93,1,0,255,2,0,1782509433.2005513,5
25.015625,25.008392,0.27323487,0.5358772,0.697937,1,1,0,0.010925293,0.02142334,25.015625,26,94,0,0,255,2,0,1782509433.3002903,6
25.013674,25.006987,0.22132005,0.534309,0.80966187,1,1,0,0.008850098,0.021362305,25.013672,26,94,0,0,255,2,0,1782509433.3002903,6
25.024168,25.017895,0.16796936,0.5345333,0.6475525,1,1,0,0.006713867,0.021362305,25.02417,26,94,0,0,255,2,0,1782509433.3002903,6
25.012695,25.006985,0.010684138,0.53428817,0.8001404,1,1,0,0.0004272461,0.021362305,25.012695,26,94,0,0,255,2,0,1782509433.3002903,6
25.020508,25.014765,-0.0412231,0.53445506,0.711792,1,1,0,-0.0016479492,0.021362305,25.020508,26,94,0,0,255,2,0,1782509433.3002903,6
25.020264,25.014376,-0.09465934,0.5344499,0.80184937,1,1,0,-0.0037841797,0.021362305,25.020264,26,94,0,0,255,2,0,1782509433.3002903,6
25.001955,24.990793,0.26388964,0.6988161,0.6940613,1,1,0,0.010559082,0.027954102,25.001953,27,94,1,0,255,2,0,1782509433.3002903,6
25.006836,24.99618,0.2105441,0.69895256,0.6403198,1,1,0,0.008422852,0.027954102,25.006836,27,94,1,0,255,2,0,1782509433.3002903,6
25.013672,25.003395,0.15871508,0.69914365,0.66085815,1,1,0,0.0063476562,0.027954102,25.013672,27,94,1,0,255,2,0,1782509433.3002903,6
25.00415,24.99416,0.10526167,0.6988775,0.67559814,1,1,0,0.004211426,0.027954102,25.00415,27,94,1,0,255,2,0,1782509433.3002903,6
25.014648,25.004818,0.053416137,0.69917095,0.79629517,1,1,0,0.0021362305,0.027954102,25.014648,27,94,1,0,255,2,0,1782509433.3002903,6
25.008055,24.998285,0.0015257742,0.6989867,0.6649475,1,1,0,6.1035156e-05,0.027954102,25.008057,27,94,1,0,255,2,0,1782509433.3002903,6
25.00586,24.996037,-0.051871736,0.69892526,0.67007446,1,1,0,-0.0020751953,0.027954102,25.00586,27,94,1,0,255,2,0,1782509433.3002903,6
25.017334,25.013994,0.2717692,0.30537978,0.7802124,1,1,0,0.010864258,0.012207031,25.017334,28,94,0,0,255,2,0,1782509433.3002903,6
25.01953,25.016731,0.21835226,0.30387965,0.73172,1,1,0,0.008728027,0.012145996,25.019531,28,94,0,0,255,2,0,1782509433.3002903,6
25.019531,25.017132,0.16643724,0.30387965,1.0244141,1,1,0,0.006652832,0.012145996,25.019531,28,94,0,0,255,2,0,1782509433.3002903,6
25.021727,25.019619,0.11453153,0.30390635,0.7984009,1,1,0,0.0045776367,0.012145996,25.021729,28,94,0,0,255,2,0,1782509433.3002903,6
25.016602,25.01468,0.06107112,0.30384406,0.94906616,1,1,0,0.0024414062,0.012145996,25.016602,28,94,0,0,255,2,0,1782509433.3002903,6
25.031006,25.029158,0.009165952,0.304019,0.6865845,1,1,0,0.00036621094,0.012145996,25.031006,28,94,0,0,255,2,0,1782509433.3002903,6
25.016602,25.014717,-0.04427658,0.30384406,0.9888916,1,1,0,-0.0017700195,0.012145996,25.016602,28,94,0,0,255,2,0,1782509433.3002903,6
25.0271,25.025068,-0.096227236,0.30397156,0.68917847,1,1,0,-0.0038452148,0.012145996,25.0271,28,94,0,0,255,2,0,1782509433.3002903,6
25.014648,25.008896,0.26102763,0.46869186,0.732666,1,1,0,0.010437012,0.018737793,25.014648,29,94,1,0,255,2,0,1782509433.3002903,6
25.011473,25.006208,0.2091022,0.4686324,0.85092163,1,1,0,0.008361816,0.018737793,25.011475,29,94,1,0,255,2,0,1782509433.3002903,6
25.013674,25.008787,0.15722284,0.46867356,0.861969,1,1,0,0.006286621,0.018737793,25.013672,29,94,1,0,255,2,0,1782509433.3002903,6
24.992678,24.988075,0.10371086,0.46828017,0.78253174,1,1,0,0.0041503906,0.018737793,24.992676,29,94,1,0,255,2,0,1782509433.3002903,6
25.0,24.995558,0.05187074,0.4684174,1.0600891,1,1,0,0.0020751953,0.018737793,25.0,29,94,1,0,255,2,0,1782509433.3002903,6
24.997559,24.993198,-0.0015254638,0.4668462,0.76275635,1,1,0,-6.1035156e-05,0.018676758,24.997559,29,94,1,0,255,2,0,1782509433.3002903,6
25.00415,24.999704,-0.05340521,0.46849516,0.7319946,1,1,0,-0.0021362305,0.018737793,25.00415,29,94,1,0,255,2,0,1782509433.3002903,6
25.019775,25.016138,0.21834709,0.36648753,0.712677,1,1,0,0.008728027,0.0146484375,25.019775,60,94,0,0,255,2,0,1782509433.3002903,6
25.026125,25.022827,0.16494778,0.3711624,0.6839905,1,1,0,0.006591797,0.014831543,25.026123,60,94,0,0,255,2,0,1782509433.3002903,6
25.02197,25.018919,0.11300126,0.37415496,0.7031555,1,1,0,0.0045166016,0.014953613,25.021973,60,94,0,0,255,2,0,1782509433.3002903,6
25.02124,25.0183,0.061079957,0.378725,0.7706909,1,1,0,0.0024414062,0.015136719,25.02124,60,94,0,0,255,2,0,1782509433.3002903,6
25.020508,25.017593,0.007634764,0.38176784,0.7628784,1,1,0,0.00030517578,0.015258789,25.020508,60,94,0,0,255,2,0,1782509433.3002903,6
25.02051,25.017487,-0.044281483,0.3863487,0.8295593,1,1,0,-0.0017700195,0.0154418945,25.020508,60,94,0,0,255,2,0,1782509433.3002903,6
25.015627,25.012411,-0.09617857,0.38932657,0.7655029,1,1,0,-0.0038452148,0.015563965,25.015625,60,94,0,0,255,2,0,1782509433.3002903,6
25.000488,24.992437,0.26085585,0.5782678,0.92181396,1,1,0,0.010437012,0.023132324,25.000488,61,94,1,0,255,2,0,1782509433.3002903,6
25.003174,24.995518,0.20748709,0.5829069,0.72891235,1,1,0,0.008300781,0.02331543,25.003174,61,94,1,0,255,2,0,1782509433.3002903,6
24.998781,24.991592,0.103725456,0.5904314,0.70840454,1,1,0,0.0041503906,0.023620605,24.99878,61,94,1,0,255,2,0,1782509433.3002903,6
24.99878,24.991682,0.05033732,0.59348214,0.617157,1,1,0,0.0020141602,0.023742676,24.99878,61,94,1,0,255,2,0,1782509433.3002903,6
25.00415,24.996994,-0.0015256954,0.59818673,0.6489563,1,1,0,-6.1035156e-05,0.023925781,25.00415,61,94,1,0,255,2,0,1782509433.3002903,6
24.994873,24.987808,-0.0533798,0.5918643,0.7876587,1,1,0,-0.0021362305,0.02368164,24.994873,61,94,1,0,255,2,0,1782509433.3002903,6
25.01831,25.011078,0.27326423,0.53593475,0.75424194,1,1,0,0.010925293,0.02142334,25.01831,26,95,0,0,255,2,0,1782509433.4000208,7
25.016602,25.009928,0.21981949,0.5343716,0.67456055,1,1,0,0.0087890625,0.021362305,25.016602,26,95,0,0,255,2,0,1782509433.4000208,7
25.02124,25.014969,0.16794969,0.53447074,0.8607483,1,1,0,0.006713867,0.021362305,25.02124,26,95,0,0,255,2,0,1782509433.4000208,7
25.019775,25.013988,0.06259617,0.53443944,0.68496704,1,1,0,0.0025024414,0.021362305,25.019775,26,95,0,0,255,2,0,1782509433.4000208,7
25.008055,25.002346,0.010682156,0.5341891,1.0391235,1,1,0,0.0004272461,0.021362305,25.008057,26,95,0,0,255,2,0,1782509433.4000208,7
25.026123,25.020378,-0.04123235,0.53457505,0.638031,1,1,0,-0.0016479492,0.021362305,25.026123,26,95,0,0,255,2,0,1782509433.4000208,7
25.016602,25.010714,-0.094645485,0.5343716,0.6944885,1,1,0,-0.0037841797,0.021362305,25.016602,26,95,0,0,255,2,0,1782509433.4000208,7
25.003416,24.993145,0.15865003,0.698857,0.65878296,1,1,0,0.0063476562,0.027954102,25.003418,27,95,1,0,255,2,0,1782509433.4000208,7
25.008057,24.998064,0.10527811,0.6989867,0.72036743,1,1,0,0.004211426,0.027954102,25.008057,27,95,1,0,255,2,0,1782509433.4000208,7
25.003174,24.993347,0.05339163,0.6988502,0.6715088,1,1,0,0.0021362305,0.027954102,25.003174,27,95,1,0,255,2,0,1782509433.4000208,7
24.997557,24.987791,0.0015251337,0.6986933,0.7032776,1,1,0,6.1035156e-05,0.027954102,24.997559,27,95,1,0,255,2,0,1782509433.4000208,7
25.010254,25.00043,-0.051880848,0.6990481,0.5951843,1,1,0,-0.0020751953,0.027954102,25.010254,27,95,1,0,255,2,0,1782509433.4000208,7
25.015625,25.012794,0.2198447,0.30535892,0.74990845,1,1,0,0.0087890625,0.012207031,25.015625,28,95,0,0,255,2,0,1782509433.4000208,7
25.021727,25.019318,0.16797891,0.30390635,0.8607483,1,1,0,0.006713867,0.012145996,25.021729,28,95,0,0,255,2,0,1782509433.4000208,7
25.01953,25.017422,0.11452147,0.30387965,0.720459,1,1,0,0.0045776367,0.012145996,25.019531,28,95,0,0,255,2,0,1782509433.4000208,7
25.020264,25.01834,0.06260706,0.30388856,1.0183411,1,1,0,0.0025024414,0.012145996,25.020264,28,95,0,0,255,2,0,1782509433.4000208,7
25.020994,25.019148,0.009162286,0.30389744,0.7559509,1,1,0,0.00036621094,0.012145996,25.020996,28,95,0,0,255,2,0,1782509433.4000208,7
25.017334,25.015451,-0.04275106,0.30385298,0.7836609,1,1,0,-0.0017089844,0.012145996,25.017334,28,95,0,0,255,2,0,1782509433.4000208,7
25.012693,25.01067,-0.09464532,0.30379662,0.7135315,1,1,0,-0.0037841797,0.012145996,25.012695,28,95,0,0,255,2,0,1782509433.4000208,7
25.006594,25.000826,0.26246947,0.4685409,0.8980713,1,1,0,0.010498047,0.018737793,25.006592,29,95,1,0,255,2,0,1782509433.4000208,7
25.022947,25.017681,0.20919813,0.4688474,0.6491394,1,1,0,0.008361816,0.018737793,25.02295,29,95,1,0,255,2,0,1782509433.4000208,7
25.014648,25.009764,0.15722898,0.46869186,0.884552,1,1,0,0.006286621,0.018737793,25.014648,29,95,1,0,255,2,0,1782509433.4000208,7
25.008057,25.003445,0.10530077,0.46856835,0.6864929,1,1,0,0.004211426,0.018737793,25.008057,29,95,1,0,255,2,0,1782509433.4000208,7
25.020264,25.015818,0.051912785,0.46879706,0.81066895,1,1,0,0.0020751953,0.018737793,25.020264,29,95,1,0,255,2,0,1782509433.4000208,7
24.992676,24.988289,-0.0,0.46828017,0.69854736,1,1,0,-0.0,0.018737793,24.992676,29,95,1,0,255,2,0,1782509433.4000208,7
25.00757,25.003126,-0.051886447,0.4685592,0.8304138,1,1,0,-0.0020751953,0.018737793,25.007568,29,95,1,0,255,2,0,1782509433.4000208,7
25.017336,25.013264,0.27176124,0.36034465,0.7135315,1,1,0,0.010864258,0.014404297,25.017334,60,95,0,0,255,2,0,1782509433.4000208,7
25.017334,25.013706,0.2198527,0.364925,0.711792,1,1,0,0.0087890625,0.014587402,25.017334,60,95,0,0,255,2,0,1782509433.4000208,7
25.031738,25.028465,0.16804032,0.36819038,0.7619934,1,1,0,0.006713867,0.014709473,25.031738,60,95,0,0,255,2,0,1782509433.4000208,7
25.019531,25.016495,0.114517234,0.37259156,0.7819519,1,1,0,0.0045776367,0.014892578,25.019531,60,95,0,0,255,2,0,1782509433.4000208,7
25.017336,25.014437,0.0625973,0.37561235,0.80184937,1,1,0,0.0025024414,0.015014648,25.017334,60,95,0,0,255,2,0,1782509433.4000208,7
25.020506,25.017534,-0.042754617,0.3832948,0.7966614,1,1,0,-0.0017089844,0.015319824,25.020508,60,95,0,0,255,2,0,1782509433.4000208,7
25.019531,25.016346,-0.0946668,0.38786048,0.68237305,1,1,0,-0.0037841797,0.01550293,25.019531,60,95,0,0,255,2,0,1782509433.4000208,7
25.015871,25.007835,0.26254305,0.5770971,0.7234497,1,1,0,0.010498047,0.023071289,25.01587,61,95,1,0,255,2,0,1782509433.4000208,7
25.0,24.992676,0.15712155,0.5843584,0.9781494,1,1,0,0.006286621,0.023376465,25.0,61,95,1,0,255,2,0,1782509433.4000208,7
24.98926,24.982195,0.05336781,0.5917313,0.68011475,1,1,0,0.0021362305,0.02368164,24.989258,61,95,1,0,255,2,0,1782509433.4000208,7
25.00415,24.997066,-0.0,0.59513533,0.7442932,1,1,0,-0.0,0.023803711,25.00415,61,95,1,0,255,2,0,1782509433.4000208,7
25.001955,24.99489,-0.051869355,0.59203196,0.70944214,1,1,0,-0.0020751953,0.02368164,25.001953,61,95,1,0,255,2,0,1782509433.4000208,7
25.019775,25.012575,0.27022693,0.53596616,0.7888794,1,1,0,0.010803223,0.02142334,25.019775,26,96,0,0,255,2,0,1782509433.5002875,8
25.019531,25.01287,0.21831855,0.5344342,0.8373718,1,1,0,0.008728027,0.021362305,25.019531,26,96,0,0,255,2,0,1782509433.5002875,8
25.012695,25.006435,0.16636607,0.53428817,0.8417053,1,1,0,0.006652832,0.021362305,25.012695,26,96,0,0,255,2,0,1782509433.5002875,8
25.017332,25.01137,0.11296716,0.5343873,0.75942993,1,1,0,0.0045166016,0.021362305,25.017334,26,96,0,0,255,2,0,1782509433.5002875,8
25.016602,25.010818,0.06106169,0.5343716,0.70401,1,1,0,0.0024414062,0.021362305,25.016602,26,96,0,0,255,2,0,1782509433.5002875,8
25.021484,25.015774,0.00916105,0.5344759,0.6555176,1,1,0,0.00036621094,0.021362305,25.021484,26,96,0,0,255,2,0,1782509433.5002875,8
25.021729,25.015982,-0.04427882,0.53448117,0.87286377,1,1,0,-0.0017700195,0.021362305,25.021729,26,96,0,0,255,2,0,1782509433.5002875,8
25.019775,25.013882,-0.096184224,0.53443944,0.7672119,1,1,0,-0.0038452148,0.021362305,25.019775,26,96,0,0,255,2,0,1782509433.5002875,8
25.017334,25.006155,0.26099902,0.70077235,0.6275635,1,1,0,0.010437012,0.028015137,25.017334,27,96,1,0,255,2,0,1782509433.5002875,8
25.006592,24.995947,0.2090164,0.69894576,0.7145691,1,1,0,0.008361816,0.027954102,25.006592,27,96,1,0,255,2,0,1782509433.5002875,8
25.019287,25.009027,0.15569787,0.6993006,0.82092285,1,1,0,0.006225586,0.027954102,25.019287,27,96,1,0,255,2,0,1782509433.5002875,8
25.005371,24.995388,0.103741206,0.6989116,0.78326416,1,1,0,0.0041503906,0.027954102,25.005371,27,96,1,0,255,2,0,1782509433.5002875,8
25.00586,24.996037,0.051871736,0.69892526,0.68240356,1,1,0,0.0020751953,0.027954102,25.00586,27,96,1,0,255,2,0,1782509433.5002875,8
25.0,24.990232,-0.0015252827,0.6987615,1.0365295,1,1,0,-6.1035156e-05,0.027954102,25.0,27,96,1,0,255,2,0,1782509433.5002875,8
25.0,24.990175,-0.053384855,0.6987615,0.8583069,1,1,0,-0.0021362305,0.027954102,25.0,27,96,1,0,255,2,0,1782509433.5002875,8
25.021729,25.018372,0.27334392,0.30543342,0.87112427,1,1,0,0.010925293,0.012207031,25.021729,28,96,0,0,255,2,0,1782509433.5002875,8
25.017334,25.014503,0.21985972,0.30537978,0.87112427,1,1,0,0.0087890625,0.012207031,25.017334,28,96,0,0,255,2,0,1782509433.5002875,8
25.022703,25.020294,0.16798547,0.30391818,0.7784729,1,1,0,0.006713867,0.012145996,25.022705,28,96,0,0,255,2,0,1782509433.5002875,8
25.022459,25.020351,0.114534885,0.30391523,0.72998047,1,1,0,0.0045776367,0.012145996,25.02246,28,96,0,0,255,2,0,1782509433.5002875,8
25.03247,25.030546,0.062637605,0.3040368,0.6622925,1,1,0,0.0025024414,0.012145996,25.03247,28,96,0,0,255,2,0,1782509433.5002875,8
25.021727,25.019878,0.010689647,0.30390635,0.80358887,1,1,0,0.0004272461,0.012145996,25.021729,28,96,0,0,255,2,0,1782509433.5002875,8
25.020996,25.019114,-0.042757317,0.30389744,0.7836609,1,1,0,-0.0017089844,0.012145996,25.020996,28,96,0,0,255,2,0,1782509433.5002875,8
25.015623,25.0136,-0.09465641,0.3038322,0.80184937,1,1,0,-0.0037841797,0.012145996,25.015625,28,96,0,0,255,2,0,1782509433.5002875,8
25.014648,25.00888,0.26255405,0.46869186,0.732666,1,1,0,0.010498047,0.018737793,25.014648,29,96,1,0,255,2,0,1782509433.5002875,8
25.012451,25.007174,0.21063669,0.4686507,0.7367859,1,1,0,0.008422852,0.018737793,25.012451,29,96,1,0,255,2,0,1782509433.5002875,8
25.005371,25.000761,0.10528947,0.46851802,0.70944214,1,1,0,0.004211426,0.018737793,25.005371,29,96,1,0,255,2,0,1782509433.5002875,8
25.001953,24.997507,0.053400517,0.468454,0.80581665,1,1,0,0.0021362305,0.018737793,25.001953,29,96,1,0,255,2,0,1782509433.5002875,8
25.001953,24.99751,-0.051874794,0.468454,0.7555847,1,1,0,-0.0020751953,0.018737793,25.001953,29,96,1,0,255,2,0,1782509433.5002875,8
25.012695,25.00858,0.27171037,0.3633308,0.8001404,1,1,0,0.010864258,0.014526367,25.012695,60,96,0,0,255,2,0,1782509433.5002875,8
25.021973,25.018667,0.16644745,0.37110084,0.81658936,1,1,0,0.006652832,0.014831543,25.021973,60,96,0,0,255,2,0,1782509433.5002875,8
25.017332,25.014273,0.114507064,0.3740856,0.7932129,1,1,0,0.0045776367,0.014953613,25.017334,60,96,0,0,255,2,0,1782509433.5002875,8
25.011719,25.00878,0.061056715,0.3785809,0.80358887,1,1,0,0.0024414062,0.015136719,25.011719,60,96,0,0,255,2,0,1782509433.5002875,8
25.019287,25.01123,0.26105198,0.5787026,0.72753906,1,1,0,0.010437012,0.023132324,25.019287,61,96,1,0,255,2,0,1782509433.5002875,8
25.011229,25.003557,0.20908003,0.5830948,0.6557007,1,1,0,0.008361816,0.02331543,25.01123,61,96,1,0,255,2,0,1782509433.5002875,8
24.997557,24.990198,0.15710598,0.58582664,0.67559814,1,1,0,0.006286621,0.0234375,24.997559,61,96,1,0,255,2,0,1782509433.5002875,8
25.002932,24.99574,0.103742674,0.59052944,1.0600891,1,1,0,0.0041503906,0.023620605,25.00293,61,96,1,0,255,2,0,1782509433.5002875,8
25.003174,24.996073,0.05187181,0.59358644,0.7381592,1,1,0,0.0020751953,0.023742676,25.003174,61,96,1,0,255,2,0,1782509433.5002875,8
25.005371,24.998215,-0.0,0.59821594,0.7319946,1,1,0,-0.0,0.023925781,25.005371,61,96,1,0,255,2,0,1782509433.5002875,8
25.00879,25.00172,-0.053409517,0.59219384,0.7914429,1,1,0,-0.0021362305,0.02368164,25.00879,61,96,1,0,255,2,0,1782509433.5002875,8
25.010254,25.003582,0.21976371,0.534236,0.8417053,1,1,0,0.0087890625,0.021362305,25.010254,26,97,0,0,255,2,0,1782509433.5987313,9
25.019775,25.013514,0.16641316,0.53443944,1.2001953,1,1,0,0.006652832,0.021362305,25.019775,26,97,0,0,255,2,0,1782509433.5987313,9
25.02124,25.015453,0.06259984,0.53447074,0.7905884,1,1,0,0.0025024414,0.021362305,25.02124,26,97,0,0,255,2,0,1782509433.5987313,9
25.015625,25.009916,0.009158906,0.53435075,0.7784729,1,1,0,0.00036621094,0.021362305,25.015625,26,97,0,0,255,2,0,1782509433.5987313,9
25.019775,25.01403,-0.04274863,0.53443944,0.7672119,1,1,0,-0.0017089844,0.021362305,25.019775,26,97,0,0,255,2,0,1782509433.5987313,9
25.005371,24.995108,0.15713684,0.6989116,0.7678833,1,1,0,0.006286621,0.027954102,25.005371,27,97,1,0,255,2,0,1782509433.5987313,9
25.001955,24.991964,0.10525242,0.6988161,0.70635986,1,1,0,0.004211426,0.027954102,25.001953,27,97,1,0,255,2,0,1782509433.5987313,9
25.012451,25.002625,0.051885404,0.6991095,0.6967468,1,1,0,0.0020751953,0.027954102,25.012451,27,97,1,0,255,2,0,1782509433.5987313,9
25.010986,25.001215,-0.0,0.69906855,0.82836914,1,1,0,-0.0,0.027954102,25.010986,27,97,1,0,255,2,0,1782509433.5987313,9
24.997557,24.987734,-0.05337964,0.6986933,0.7268677,1,1,0,-0.0021362305,0.027954102,24.997559,27,97,1,0,255,2,0,1782509433.5987313,9
25.018312,25.014988,0.27025297,0.3053917,0.8417053,1,1,0,0.010803223,0.012207031,25.01831,28,97,0,0,255,2,0,1782509433.5987313,9
25.01831,25.015894,0.166429,0.3053917,1.1742249,1,1,0,0.006652832,0.012207031,25.01831,28,97,0,0,255,2,0,1782509433.5987313,9
25.020506,25.018406,0.11299894,0.3038915,1.0806885,1,1,0,0.0045166016,0.012145996,25.020508,28,97,0,0,255,2,0,1782509433.5987313,9
25.015623,25.013704,0.061068736,0.3038322,0.67715454,1,1,0,0.0024414062,0.012145996,25.015625,28,97,0,0,255,2,0,1782509433.5987313,9
25.021727,25.01988,0.0091625545,0.30390635,0.80618286,1,1,0,0.00036621094,0.012145996,25.021729,28,97,0,0,255,2,0,1782509433.5987313,9
25.019775,25.01789,-0.044282198,0.30388263,0.7655029,1,1,0,-0.0017700195,0.012145996,25.019775,28,97,0,0,255,2,0,1782509433.5987313,9
25.020508,25.018476,-0.09620189,0.3038915,0.9802551,1,1,0,-0.0038452148,0.012145996,25.020508,28,97,0,0,255,2,0,1782509433.5987313,9
25.026365,25.02061,0.2611499,0.46891144,0.69125366,1,1,0,0.010437012,0.018737793,25.026367,29,97,1,0,255,2,0,1782509433.5987313,9
25.016846,25.01158,0.20914711,0.46873304,0.87838745,1,1,0,0.008361816,0.018737793,25.016846,29,97,1,0,255,2,0,1782509433.5987313,9
25.020264,25.015387,0.15573746,0.46879706,0.78912354,1,1,0,0.006225586,0.018737793,25.020264,29,97,1,0,255,2,0,1782509433.5987313,9
25.006594,25.00215,0.05188442,0.4685409,0.7125244,1,1,0,0.0020751953,0.018737793,25.006592,29,97,1,0,255,2,0,1782509433.5987313,9
25.006838,25.002447,-0.0015260283,0.46854547,0.6916199,1,1,0,-6.1035156e-05,0.018737793,25.006836,29,97,1,0,255,2,0,1782509433.5987313,9
25.012451,25.008003,-0.05342294,0.4686507,0.67419434,1,1,0,-0.0021362305,0.018737793,25.012451,29,97,1,0,255,2,0,1782509433.5987313,9
25.015627,25.011488,0.27174196,0.36490005,0.7135315,1,1,0,0.010864258,0.014587402,25.015625,60,97,0,0,255,2,0,1782509433.5987313,9
25.019773,25.016092,0.21834669,0.36954135,0.8520813,1,1,0,0.008728027,0.014770508,25.019775,60,97,0,0,255,2,0,1782509433.5987313,9
25.019777,25.016449,0.1664327,0.3725952,0.69189453,1,1,0,0.006652832,0.014892578,25.019775,60,97,0,0,255,2,0,1782509433.5987313,9
25.017332,25.014227,0.114506856,0.37713912,0.73172,1,1,0,0.0045776367,0.015075684,25.017334,60,97,0,0,255,2,0,1782509433.5987313,9
25.02124,25.018276,0.0610799,0.380252,0.88412476,1,1,0,0.0024414062,0.015197754,25.02124,60,97,0,0,255,2,0,1782509433.5987313,9
25.015625,25.012665,0.009159912,0.38474664,0.67022705,1,1,0,0.00036621094,0.015380859,25.015625,60,97,0,0,255,2,0,1782509433.5987313,9
25.020266,25.017221,-0.042754084,0.38787183,0.7871399,1,1,0,-0.0017089844,0.01550293,25.020264,60,97,0,0,255,2,0,1782509433.5987313,9
25.020506,25.017244,-0.09619715,0.39245647,0.87979126,1,1,0,-0.0038452148,0.015686035,25.020508,60,97,0,0,255,2,0,1782509433.5987313,9
25.013182,25.005058,0.26098758,0.581614,1.0282898,1,1,0,0.010437012,0.023254395,25.013184,61,97,1,0,255,2,0,1782509433.5987313,9
25.003172,24.995466,0.20901237,0.5844326,0.6561279,1,1,0,0.008361816,0.023376465,25.003174,61,97,1,0,255,2,0,1782509433.5987313,9
24.996094,24.988663,0.15709633,0.58884275,0.7948303,1,1,0,0.006286621,0.02355957,24.996094,61,97,1,0,255,2,0,1782509433.5987313,9
25.000002,24.992777,0.10373037,0.5919857,0.9361572,1,1,0,0.0041503906,0.02368164,25.0,61,97,1,0,255,2,0,1782509433.5987313,9
25.00537,24.998196,0.051876213,0.5966902,0.71661377,1,1,0,0.0020751953,0.023864746,25.005371,61,97,1,0,255,2,0,1782509433.5987313,9
24.997557,24.990366,-0.0,0.59955436,0.65304565,1,1,0,-0.0,0.023986816,24.997559,61,97,1,0,255,2,0,1782509433.5987313,9
25.00415,24.997046,-0.053399533,0.59360963,0.736084,1,1,0,-0.0021362305,0.023742676,25.00415,61,97,1,0,255,2,0,1782509433.5987313,9
25.015627,25.008427,0.27323526,0.53435075,0.7966614,1,1,0,0.010925293,0.021362305,25.015625,26,98,0,0,255,2,0,1782509433.6983998,10
25.015627,25.00894,0.22133733,0.53435075,0.74990845,1,1,0,0.008850098,0.021362305,25.015625,26,98,0,0,255,2,0,1782509433.6983998,10
25.01465,25.008379,0.16790545,0.5343299,0.7628784,1,1,0,0.006713867,0.021362305,25.014648,26,98,0,0,255,2,0,1782509433.6983998,10
25.016602,25.010624,0.11601691,0.5343716,0.67456055,1,1,0,0.004638672,0.021362305,25.016602,26,98,0,0,255,2,0,1782509433.6983998,10
25.01831,25.01252,0.064119145,0.53440815,0.701416,1,1,0,0.0025634766,0.021362305,25.01831,26,98,0,0,255,2,0,1782509433.6983998,10
25.01953,25.013819,0.010687058,0.5344342,0.8356323,1,1,0,0.0004272461,0.021362305,25.019531,26,98,0,0,255,2,0,1782509433.6983998,10
25.017334,25.011591,-0.04121787,0.5343873,0.6234741,1,1,0,-0.0016479492,0.021362305,25.017334,26,98,0,0,255,2,0,1782509433.6983998,10
25.005861,24.994698,0.26393086,0.69892526,0.65982056,1,1,0,0.010559082,0.027954102,25.00586,27,98,1,0,255,2,0,1782509433.6983998,10
25.008787,24.99813,0.21056053,0.69900715,0.82632446,1,1,0,0.008422852,0.027954102,25.00879,27,98,1,0,255,2,0,1782509433.6983998,10
25.014648,25.004372,0.15872128,0.69917095,0.73883057,1,1,0,0.0063476562,0.027954102,25.014648,27,98,1,0,255,2,0,1782509433.6983998,10
24.997557,24.98757,0.105233915,0.6986933,0.65408325,1,1,0,0.004211426,0.027954102,24.997559,27,98,1,0,255,2,0,1782509433.6983998,10
25.01587,25.006039,0.053418744,0.69920504,0.76242065,1,1,0,0.0021362305,0.027954102,25.01587,27,98,1,0,255,2,0,1782509433.6983998,10
25.013672,25.003899,0.0015261169,0.69914365,0.7244568,1,1,0,6.1035156e-05,0.027954102,25.013672,27,98,1,0,255,2,0,1782509433.6983998,10
25.016603,25.013264,0.2732881,0.30384406,0.9239502,1,1,0,0.010925293,0.012145996,25.016602,28,98,0,0,255,2,0,1782509433.6983998,10
25.017332,25.01452,0.21985987,0.30385298,0.81658936,1,1,0,0.0087890625,0.012145996,25.017334,28,98,0,0,255,2,0,1782509433.6983998,10
25.019285,25.016876,0.16796252,0.3038767,0.720459,1,1,0,0.006713867,0.012145996,25.019287,28,98,0,0,255,2,0,1782509433.6983998,10
25.021729,25.019613,0.1160586,0.30390635,1.2460938,1,1,0,0.004638672,0.012145996,25.021729,28,98,0,0,255,2,0,1782509433.6983998,10
25.015623,25.0137,0.06259545,0.3038322,1.0642395,1,1,0,0.0025024414,0.012145996,25.015625,28,98,0,0,255,2,0,1782509433.6983998,10
25.009762,25.007915,0.010684536,0.30376104,0.9109802,1,1,0,0.0004272461,0.012145996,25.009766,28,98,0,0,255,2,0,1782509433.6983998,10
25.020506,25.018627,-0.041229468,0.3038915,0.7819519,1,1,0,-0.0016479492,0.012145996,25.020508,28,98,0,0,255,2,0,1782509433.6983998,10
25.0271,25.025074,-0.09469983,0.30397156,0.68310547,1,1,0,-0.0037841797,0.012145996,25.0271,28,98,0,0,255,2,0,1782509433.6983998,10
24.99634,24.990574,0.26236185,0.46834877,0.6469116,1,1,0,0.010498047,0.018737793,24.996338,29,98,1,0,255,2,0,1782509433.6983998,10
25.014648,25.00937,0.2106552,0.46869186,0.6690674,1,1,0,0.008422852,0.018737793,25.014648,29,98,1,0,255,2,0,1782509433.6983998,10
24.994873,24.989983,0.15862994,0.46832132,0.8234863,1,1,0,0.0063476562,0.018737793,24.994873,29,98,1,0,255,2,0,1782509433.6983998,10
24.996338,24.99173,0.10525143,0.46834877,0.6479187,1,1,0,0.004211426,0.018737793,24.996338,29,98,1,0,255,2,0,1782509433.6983998,10
24.991457,24.98704,0.053378157,0.4667322,0.7077637,1,1,0,0.0021362305,0.018676758,24.991455,29,98,1,0,255,2,0,1782509433.6983998,10
25.00879,25.004427,0.0015261491,0.46705595,0.8878174,1,1,0,6.1035156e-05,0.018676758,25.00879,29,98,1,0,255,2,0,1782509433.6983998,10
25.011475,25.00703,-0.05189455,0.4686324,0.88168335,1,1,0,-0.0020751953,0.018737793,25.011475,29,98,1,0,255,2,0,1782509433.6983998,10
25.022705,25.018633,0.2718196,0.36042202,0.8001404,1,1,0,0.010864258,0.014404297,25.022705,60,98,0,0,255,2,0,1782509433.6983998,10
25.017334,25.01372,0.21832597,0.364925,0.6537781,1,1,0,0.008728027,0.014587402,25.017334,60,98,0,0,255,2,0,1782509433.6983998,10
25.015625,25.012365,0.16640553,0.36795336,0.8546753,1,1,0,0.006652832,0.014709473,25.015625,60,98,0,0,255,2,0,1782509433.6983998,10
25.019775,25.016747,0.112991445,0.3725952,0.8581543,1,1,0,0.0045166016,0.014892578,25.019775,60,98,0,0,255,2,0,1782509433.6983998,10
25.017336,25.01444,0.061070535,0.37561235,1.1144714,1,1,0,0.0024414062,0.015014648,25.017334,60,98,0,0,255,2,0,1782509433.6983998,10
25.015623,25.012733,0.0091599375,0.38016668,0.7135315,1,1,0,0.00036621094,0.015197754,25.015625,60,98,0,0,255,2,0,1782509433.6983998,10
25.02124,25.018265,-0.04428286,0.38330603,1.1083984,1,1,0,-0.0017700195,0.015319824,25.02124,60,98,0,0,255,2,0,1782509433.6983998,10
25.008059,25.00004,0.2609352,0.57691693,0.66085815,1,1,0,0.010437012,0.023071289,25.008057,61,98,1,0,255,2,0,1782509433.6983998,10
25.005371,24.99777,0.20903164,0.5799066,0.8078613,1,1,0,0.008361816,0.02319336,25.005371,61,98,1,0,255,2,0,1782509433.6983998,10
25.015867,25.008549,0.15569489,0.5847293,0.8024597,1,1,0,0.006225586,0.023376465,25.01587,61,98,1,0,255,2,0,1782509433.6983998,10
25.01587,25.008747,0.10379666,0.5877822,0.75320435,1,1,0,0.0041503906,0.023498535,25.01587,61,98,1,0,255,2,0,1782509433.6983998,10
25.015871,25.008802,0.051898226,0.59236145,0.7213745,1,1,0,0.0020751953,0.02368164,25.01587,61,98,1,0,255,2,0,1782509433.6983998,10
25.005371,24.998287,-0.0015257744,0.5951644,0.8304138,1,1,0,-6.1035156e-05,0.023803711,25.005371,61,98,1,0,255,2,0,1782509433.6983998,10
25.008055,25.00095,-0.053407874,0.5937024,0.7029114,1,1,0,-0.0021362305,0.023742676,25.008057,61,98,1,0,255,2,0,1782509433.6983998,10
25.016602,25.009449,0.26866654,0.5343716,0.74472046,1,1,0,0.0107421875,0.021362305,25.016602,26,99,0,0,255,2,0,1782509433.8007677,11
25.019777,25.013128,0.216794,0.53443944,0.8546753,1,1,0,0.008666992,0.021362305,25.019775,26,99,0,0,255,2,0,1782509433.8007677,11
25.012697,25.006447,0.16483979,0.53428817,0.6563721,1,1,0,0.006591797,0.021362305,25.012695,26,99,0,0,255,2,0,1782509433.8007677,11
25.01074,25.004787,0.11141122,0.53424644,0.6581116,1,1,0,0.0044555664,0.021362305,25.010742,26,99,0,0,255,2,0,1782509433.8007677,11
25.0166,25.01082,0.05953515,0.5343716,0.80966187,1,1,0,0.002380371,0.021362305,25.016602,26,99,0,0,255,2,0,1782509433.8007677,11
25.012697,25.006989,0.006105222,0.53428817,0.7819519,1,1,0,0.00024414062,0.021362305,25.012695,26,99,0,0,255,2,0,1782509433.8007677,11
25.016602,25.01085,-0.045796286,0.5343716,0.706604,1,1,0,-0.0018310547,0.021362305,25.016602,26,99,0,0,255,2,0,1782509433.8007677,11
25.005371,24.994257,0.2593491,0.6989116,0.70840454,1,1,0,0.010375977,0.027954102,25.005371,27,99,1,0,255,2,0,1782509433.8007677,11
25.005371,24.994741,0.20748065,0.6989116,0.75250244,1,1,0,0.008300781,0.027954102,25.005371,27,99,1,0,255,2,0,1782509433.8007677,11
25.004148,24.993906,0.15407816,0.6988775,0.7555847,1,1,0,0.006164551,0.027954102,25.00415,27,99,1,0,255,2,0,1782509433.8007677,11
24.993896,24.983923,0.10216872,0.69859093,0.6749878,1,1,0,0.0040893555,0.027954102,24.993896,27,99,1,0,255,2,0,1782509433.8007677,11
25.009033,24.999214,0.04882665,0.699014,0.6906128,1,1,0,0.001953125,0.027954102,25.009033,27,99,1,0,255,2,0,1782509433.8007677,11
25.009033,24.999262,-0.0030516677,0.699014,0.68341064,1,1,0,-0.00012207031,0.027954102,25.009033,27,99,1,0,255,2,0,1782509433.8007677,11
24.999758,24.98993,-0.054909594,0.69875467,0.6684265,1,1,0,-0.0021972656,0.027954102,24.999756,27,99,1,0,255,2,0,1782509433.8007677,11
25.017334,25.014027,0.2687157,0.30537978,0.686676,1,1,0,0.0107421875,0.012207031,25.017334,28,99,0,0,255,2,0,1782509433.8007677,11
25.016603,25.0138,0.21679981,0.30537084,0.67715454,1,1,0,0.008666992,0.012207031,25.016602,28,99,0,0,255,2,0,1782509433.8007677,11
25.009766,25.007378,0.16484593,0.30376104,0.7888794,1,1,0,0.006591797,0.012145996,25.009766,28,99,0,0,255,2,0,1782509433.8007677,11
25.019285,25.01719,0.1114665,0.3038767,0.8694153,1,1,0,0.0044555664,0.012145996,25.019287,28,99,0,0,255,2,0,1782509433.8007677,11
25.020506,25.018589,0.05955364,0.3038915,0.7741394,1,1,0,0.002380371,0.012145996,25.020508,28,99,0,0,255,2,0,1782509433.8007677,11
25.019773,25.017927,0.007634866,0.30388263,0.74472046,1,1,0,0.00030517578,0.012145996,25.019775,28,99,0,0,255,2,0,1782509433.8007677,11
25.019773,25.017887,-0.04580917,0.30388263,0.76116943,1,1,0,-0.0018310547,0.012145996,25.019775,28,99,0,0,255,2,0,1782509433.8007677,11
25.014648,25.008911,0.2595012,0.46869186,0.6875305,1,1,0,0.010375977,0.018737793,25.014648,29,99,1,0,255,2,0,1782509433.8007677,11
25.012451,25.007198,0.20758407,0.4686507,0.65982056,1,1,0,0.008300781,0.018737793,25.012451,29,99,1,0,255,2,0,1782509433.8007677,11
25.003176,24.99831,0.1541053,0.46847686,0.7678833,1,1,0,0.006164551,0.018737793,25.003174,29,99,1,0,255,2,0,1782509433.8007677,11
25.003176,24.998577,0.10222864,0.46847686,0.71765137,1,1,0,0.0040893555,0.018737793,25.003174,29,99,1,0,255,2,0,1782509433.8007677,11
25.005371,25.00093,0.05035595,0.46851802,0.7709656,1,1,0,0.0020141602,0.018737793,25.005371,29,99,1,0,255,2,0,1782509433.8007677,11
25.00415,24.999762,-0.0030517287,0.46849516,0.769928,1,1,0,-0.00012207031,0.018737793,25.00415,29,99,1,0,255,2,0,1782509433.8007677,11
24.999514,24.995064,-0.05492088,0.46840826,0.93307495,1,1,0,-0.0021972656,0.018737793,24.999512,29,99,1,0,255,2,0,1782509433.8007677,11
25.017336,25.013258,0.2702343,0.36187142,0.8417053,1,1,0,0.010803223,0.014465332,25.017334,60,99,0,0,255,2,0,1782509433.8007677,11
25.020262,25.01666,0.21682462,0.36496773,0.7888794,1,1,0,0.008666992,0.014587402,25.020264,60,99,0,0,255,2,0,1782509433.8007677,11
25.031496,25.028221,0.16498333,0.36971444,0.71606445,1,1,0,0.006591797,0.014770508,25.031494,60,99,0,0,255,2,0,1782509433.8007677,11
25.017334,25.01431,0.11145367,0.37255883,1.1101379,1,1,0,0.0044555664,0.014892578,25.017334,60,99,0,0,255,2,0,1782509433.8007677,11
25.031002,25.028088,0.05957625,0.37734523,0.6631775,1,1,0,0.002380371,0.015075684,25.031006,60,99,0,0,255,2,0,1782509433.8007677,11
25.014648,25.011757,0.007632983,0.38015184,0.73950195,1,1,0,0.00030517578,0.015197754,25.014648,60,99,0,0,255,2,0,1782509433.8007677,11
25.020264,25.017263,-0.04580803,0.384818,0.7074585,1,1,0,-0.0018310547,0.015380859,25.020264,60,99,0,0,255,2,0,1782509433.8007677,11
25.012451,25.004448,0.25945488,0.57701826,0.69470215,1,1,0,0.010375977,0.023071289,25.012451,61,99,1,0,255,2,0,1782509433.8007677,11
24.99756,24.98994,0.2074408,0.5812507,0.6889343,1,1,0,0.008300781,0.023254395,24.997559,61,99,1,0,255,2,0,1782509433.8007677,11
24.995361,24.988056,0.1540421,0.58425,0.7114868,1,1,0,0.006164551,0.023376465,24.995361,61,99,1,0,255,2,0,1782509433.8007677,11
25.001955,24.994806,0.10221322,0.5889808,0.7565918,1,1,0,0.0040893555,0.02355957,25.001953,61,99,1,0,255,2,0,1782509433.8007677,11
25.000977,24.993916,0.05034182,0.5920088,0.81811523,1,1,0,0.0020141602,0.02368164,25.000977,61,99,1,0,255,2,0,1782509433.8007677,11
24.992674,24.985558,-0.0030499948,0.59638727,0.8603821,1,1,0,-0.00012207031,0.023864746,24.992676,61,99,1,0,255,2,0,1782509433.8007677,11
25.00415,24.997044,-0.05492523,0.59360963,0.83657837,1,1,0,-0.0021972656,0.023742676,25.00415,61,99,1,0,255,2,0,1782509433.8007677,11
25.029055,25.021833,0.27185434,0.5361649,0.68136597,1,1,0,0.010864258,0.02142334,25.029053,26,100,0,0,255,2,0,1782509433.9006333,12
25.017336,25.010628,0.21982564,0.5359138,0.8356323,1,1,0,0.0087890625,0.02142334,25.017334,26,100,0,0,255,2,0,1782509433.9006333,12
25.017336,25.011063,0.16792347,0.5343873,0.7628784,1,1,0,0.006713867,0.021362305,25.017334,26,100,0,0,255,2,0,1782509433.9006333,12
25.024168,25.018196,0.11452502,0.5345333,0.71084595,1,1,0,0.0045776367,0.021362305,25.02417,26,100,0,0,255,2,0,1782509433.9006333,12
25.01001,25.004267,-0.042731944,0.5342308,0.88845825,1,1,0,-0.0017089844,0.021362305,25.01001,26,100,0,0,255,2,0,1782509433.9006333,12
25.008057,24.997791,0.15715371,0.6989867,0.6639099,1,1,0,0.006286621,0.027954102,25.008057,27,100,1,0,255,2,0,1782509433.9006333,12
25.011232,25.001238,0.10529148,0.6990754,0.7809143,1,1,0,0.004211426,0.027954102,25.01123,27,100,1,0,255,2,0,1782509433.9006333,12
25.009033,24.999208,0.051878314,0.699014,0.6577759,1,1,0,0.0020751953,0.027954102,25.009033,27,100,1,0,255,2,0,1782509433.9006333,12
25.008055,24.998285,-0.0,0.6989867,0.6772766,1,1,0,-0.0,0.027954102,25.008057,27,100,1,0,255,2,0,1782509433.9006333,12
25.016846,25.007017,-0.05189452,0.69923234,0.7675781,1,1,0,-0.0020751953,0.027954102,25.016846,27,100,1,0,255,2,0,1782509433.9006333,12
25.021486,25.018162,0.27028728,0.30543044,0.7655029,1,1,0,0.010803223,0.012207031,25.021484,28,100,0,0,255,2,0,1782509433.9006333,12
25.028074,25.025257,0.21842667,0.3055109,0.7862549,1,1,0,0.008728027,0.012207031,25.028076,28,100,0,0,255,2,0,1782509433.9006333,12
25.021484,25.019085,0.16645023,0.30390337,0.88153076,1,1,0,0.006652832,0.012145996,25.021484,28,100,0,0,255,2,0,1782509433.9006333,12
25.018309,25.016209,0.112989016,0.30386484,0.7932129,1,1,0,0.0045166016,0.012145996,25.01831,28,100,0,0,255,2,0,1782509433.9006333,12
25.027098,25.025251,0.007637101,0.30397156,0.6839905,1,1,0,0.00030517578,0.012145996,25.0271,28,100,0,0,255,2,0,1782509433.9006333,12
25.028076,25.026192,-0.04429689,0.30398342,0.84002686,1,1,0,-0.0017700195,0.012145996,25.028076,28,100,0,0,255,2,0,1782509433.9006333,12
25.011475,25.005722,0.2609945,0.4686324,0.9647217,1,1,0,0.010437012,0.018737793,25.011475,29,100,1,0,255,2,0,1782509433.9006333,12
25.009031,25.003767,0.20908178,0.46858665,0.73883057,1,1,0,0.008361816,0.018737793,25.009033,29,100,1,0,255,2,0,1782509433.9006333,12
25.00415,24.999277,0.15563716,0.46849516,0.7678833,1,1,0,0.006225586,0.018737793,25.00415,29,100,1,0,255,2,0,1782509433.9006333,12
25.004152,24.999548,0.10375848,0.46849516,0.7381592,1,1,0,0.0041503906,0.018737793,25.00415,29,100,1,0,255,2,0,1782509433.9006333,12
24.992676,24.988237,0.05033038,0.46828017,0.88290405,1,1,0,0.0020141602,0.018737793,24.992676,29,100,1,0,255,2,0,1782509433.9006333,12
25.001953,24.997564,-0.0015257302,0.468454,0.67663574,1,1,0,-6.1035156e-05,0.018737793,25.001953,29,100,1,0,255,2,0,1782509433.9006333,12
25.006594,25.002146,-0.053410426,0.4685409,0.6878967,1,1,0,-0.0021362305,0.018737793,25.006592,29,100,1,0,255,2,0,1782509433.9006333,12
25.017336,25.013214,0.2702338,0.364925,0.8520813,1,1,0,0.010803223,0.014587402,25.017334,60,100,0,0,255,2,0,1782509433.9006333,12
25.009766,25.006107,0.21825953,0.3678672,0.7706909,1,1,0,0.008728027,0.014709473,25.009766,60,100,0,0,255,2,0,1782509433.9006333,12
25.027102,25.02378,0.16495407,0.37270427,0.70217896,1,1,0,0.006591797,0.014892578,25.0271,60,100,0,0,255,2,0,1782509433.9006333,12
25.020264,25.017187,0.112993434,0.37565634,1.1438904,1,1,0,0.0045166016,0.015014648,25.020264,60,100,0,0,255,2,0,1782509433.9006333,12
25.027098,25.024134,0.0610942,0.38034105,0.6926575,1,1,0,0.0024414062,0.015197754,25.0271,60,100,0,0,255,2,0,1782509433.9006333,12
25.021482,25.018545,0.0076350546,0.38330975,0.7672119,1,1,0,0.00030517578,0.015319824,25.021484,60,100,0,0,255,2,0,1782509433.9006333,12
25.010742,25.007698,-0.044264156,0.38772425,0.709198,1,1,0,-0.0017700195,0.01550293,25.010742,60,100,0,0,255,2,0,1782509433.9006333,12
25.001953,24.993868,0.26087078,0.5798273,0.7535095,1,1,0,0.010437012,0.02319336,25.001953,61,100,1,0,255,2,0,1782509433.9006333,12
25.003174,24.995481,0.2074868,0.5844326,0.69610596,1,1,0,0.008300781,0.023376465,25.003174,61,100,1,0,255,2,0,1782509433.9006333,12
25.014648,25.007257,0.15568684,0.5877535,0.6639099,1,1,0,0.006225586,0.023498535,25.014648,61,100,1,0,255,2,0,1782509433.9006333,12
24.997072,24.989847,0.103718214,0.5919163,0.86242676,1,1,0,0.0041503906,0.02368164,24.99707,61,100,1,0,255,2,0,1782509433.9006333,12
24.993896,24.986765,0.050327417,0.5948913,0.825531,1,1,0,0.0020141602,0.023803711,24.993896,61,100,1,0,255,2,0,1782509433.9006333,12
24.99829,24.991098,-0.0015253356,0.5995719,0.8234863,1,1,0,-6.1035156e-05,0.023986816,24.998291,61,100,1,0,255,2,0,1782509433.9006333,12
25.011475,25.00433,-0.054941237,0.5953097,0.8345032,1,1,0,-0.0021972656,0.023803711,25.011475,61,100,1,0,255,2,0,1782509433.9006333,12
25.015625,25.008425,0.27018207,0.5358772,0.8503418,1,1,0,0.010803223,0.02142334,25.015625,26,101,0,0,255,2,0,1782509433.9989402,13
25.015627,25.008966,0.21828447,0.53435075,0.8624878,1,1,0,0.008728027,0.021362305,25.015625,26,101,0,0,255,2,0,1782509433.9989402,13
25.019531,25.013279,0.16488484,0.5344342,0.74816895,1,1,0,0.006591797,0.021362305,25.019531,26,101,0,0,255,2,0,1782509433.9989402,13
25.019287,25.013323,0.112975985,0.534429,0.7187195,1,1,0,0.0045166016,0.021362305,25.019287,26,101,0,0,255,2,0,1782509433.9989402,13
25.00586,25.000153,0.0076294416,0.5341422,0.87979126,1,1,0,0.00030517578,0.021362305,25.00586,26,101,0,0,255,2,0,1782509433.9989402,13
25.019775,25.014029,-0.044275362,0.53443944,0.7074585,1,1,0,-0.0017700195,0.021362305,25.019775,26,101,0,0,255,2,0,1782509433.9989402,13
25.01587,25.00469,0.26098374,0.70073134,0.7675781,1,1,0,0.010437012,0.028015137,25.01587,27,101,1,0,255,2,0,1782509433.9989402,13
25.013672,25.003036,0.20754951,0.69914365,0.72753906,1,1,0,0.008300781,0.027954102,25.013672,27,101,1,0,255,2,0,1782509433.9989402,13
25.016846,25.006586,0.15568267,0.69923234,0.732666,1,1,0,0.006225586,0.027954102,25.016846,27,101,1,0,255,2,0,1782509433.9989402,13
25.01123,25.001244,0.10376552,0.6990754,0.4586792,1,1,0,0.0041503906,0.027954102,25.01123,27,101,1,0,255,2,0,1782509433.9989402,13
25.004148,24.99433,0.050342653,0.6988775,0.6889343,1,1,0,0.0020141602,0.027954102,25.00415,27,101,1,0,255,2,0,1782509433.9989402,13
25.009033,24.999262,-0.0015258339,0.699014,0.6649475,1,1,0,-6.1035156e-05,0.027954102,25.009033,27,101,1,0,255,2,0,1782509433.9989402,13
25.009033,24.999203,-0.05492997,0.699014,0.6967468,1,1,0,-0.0021972656,0.027954102,25.009033,27,101,1,0,255,2,0,1782509433.9989402,13
25.019777,25.016453,0.2702688,0.30540958,1.0590515,1,1,0,0.010803223,0.012207031,25.019775,28,101,0,0,255,2,0,1782509433.9989402,13
25.03003,25.02723,0.21844389,0.30400714,0.69869995,1,1,0,0.008728027,0.012145996,25.03003,28,101,0,0,255,2,0,1782509433.9989402,13
25.0166,25.014212,0.16489099,0.30384406,0.6996765,1,1,0,0.006591797,0.012145996,25.016602,28,101,0,0,255,2,0,1782509433.9989402,13
25.021238,25.019138,0.11300225,0.30390042,0.75424194,1,1,0,0.0045166016,0.012145996,25.02124,28,101,0,0,255,2,0,1782509433.9989402,13
25.003174,24.997923,0.20750707,0.46847686,0.679718,1,1,0,0.008300781,0.018737793,25.003174,29,101,1,0,255,2,0,1782509433.9989402,13
25.010986,25.006111,0.1556797,0.46862325,0.6725464,1,1,0,0.006225586,0.018737793,25.010986,29,101,1,0,255,2,0,1782509433.9989402,13
25.004639,25.000034,0.1037605,0.4685043,0.6105652,1,1,0,0.0041503906,0.018737793,25.004639,29,101,1,0,255,2,0,1782509433.9989402,13
24.994873,24.990435,0.050334807,0.46832132,0.7548828,1,1,0,0.0020141602,0.018737793,24.994873,29,101,1,0,255,2,0,1782509433.9989402,13
25.011475,25.007113,-0.001526313,0.4671061,0.96676636,1,1,0,-6.1035156e-05,0.018676758,25.011475,29,101,1,0,255,2,0,1782509433.9989402,13
24.999758,24.995308,-0.054921415,0.46841282,0.6940613,1,1,0,-0.0021972656,0.018737793,24.999756,29,101,1,0,255,2,0,1782509433.9989402,13
25.027102,25.022984,0.27186686,0.36354005,0.65625,1,1,0,0.010864258,0.014526367,25.0271,60,101,0,0,255,2,0,1782509433.9989402,13
25.028076,25.024437,0.21841952,0.3666091,0.618103,1,1,0,0.008728027,0.0146484375,25.028076,60,101,0,0,255,2,0,1782509433.9989402,13
25.016603,25.013298,0.16641173,0.37102118,0.7161255,1,1,0,0.006652832,0.014831543,25.016602,60,101,0,0,255,2,0,1782509433.9989402,13
25.009764,25.006706,0.11447243,0.37397245,0.72824097,1,1,0,0.0045776367,0.014953613,25.009766,60,101,0,0,255,2,0,1782509433.9989402,13
25.031252,25.028309,0.061104394,0.3788765,0.7472534,1,1,0,0.0024414062,0.015136719,25.03125,60,101,0,0,255,2,0,1782509433.9989402,13
25.012693,25.00978,0.009158856,0.38164863,0.73950195,1,1,0,0.00036621094,0.015258789,25.012695,60,101,0,0,255,2,0,1782509433.9989402,13
25.010744,25.007725,-0.042737853,0.3861979,0.81484985,1,1,0,-0.0017089844,0.0154418945,25.010742,60,101,0,0,255,2,0,1782509433.9989402,13
25.016602,25.013386,-0.09618232,0.38934177,0.87112427,1,1,0,-0.0038452148,0.015563965,25.016602,60,101,0,0,255,2,0,1782509433.9989402,13
25.008055,25.000383,0.20905349,0.58302075,0.64956665,1,1,0,0.008361816,0.02331543,25.008057,61,101,1,0,255,2,0,1782509433.9989402,13
25.008059,25.000694,0.15717196,0.5860727,0.66290283,1,1,0,0.006286621,0.0234375,25.008057,61,101,1,0,255,2,0,1782509433.9989402,13
25.00415,24.996962,0.10374774,0.5905583,0.7555847,1,1,0,0.0041503906,0.023620605,25.00415,61,101,1,0,255,2,0,1782509433.9989402,13
24.997559,24.99046,0.05186016,0.59345317,0.63357544,1,1,0,0.0020751953,0.023742676,24.997559,61,101,1,0,255,2,0,1782509433.9989402,13
25.003174,24.996017,-0.0,0.59816337,0.684845,1,1,0,-0.0,0.023925781,25.003174,61,101,1,0,255,2,0,1782509433.9989402,13
24.993896,24.986832,-0.053377714,0.59184116,0.796875,1,1,0,-0.0021362305,0.02368164,24.993896,61,101,1,0,255,2,0,1782509433.9989402,13
25.026125,25.018904,0.2718225,0.5361021,0.6865845,1,1,0,0.010864258,0.02142334,25.026123,26,102,0,0,255,2,0,1782509434.0989873,14
25.02124,25.014578,0.21833347,0.53447074,0.8607483,1,1,0,0.008728027,0.021362305,25.02124,26,102,0,0,255,2,0,1782509434.0989873,14
25.016602,25.01034,0.16639204,0.5343716,0.7966614,1,1,0,0.006652832,0.021362305,25.016602,26,102,0,0,255,2,0,1782509434.0989873,14
25.019531,25.013748,0.061068844,0.5344342,0.70401,1,1,0,0.0024414062,0.021362305,25.019531,26,102,0,0,255,2,0,1782509434.0989873,14
25.016602,25.010891,0.009159262,0.5343716,0.7802124,1,1,0,0.00036621094,0.021362305,25.016602,26,102,0,0,255,2,0,1782509434.0989873,14
25.016602,25.010855,-0.044269744,0.5343716,0.7161255,1,1,0,-0.0017700195,0.021362305,25.016602,26,102,0,0,255,2,0,1782509434.0989873,14
25.01465,25.008757,-0.09616452,0.5343299,0.7334595,1,1,0,-0.0038452148,0.021362305,25.014648,26,102,0,0,255,2,0,1782509434.0989873,14
25.013672,25.003405,0.157189,0.69914365,0.78704834,1,1,0,0.006286621,0.027954102,25.013672,27,102,1,0,255,2,0,1782509434.0989873,14
24.992676,24.982697,0.10368853,0.6985568,0.76919556,1,1,0,0.0041503906,0.027954102,24.992676,27,102,1,0,255,2,0,1782509434.0989873,14
25.003174,24.993404,-0.0,0.6988502,0.66433716,1,1,0,-0.0,0.027954102,25.003174,27,102,1,0,255,2,0,1782509434.0989873,14
24.998291,24.988466,-0.053381205,0.6987137,0.82144165,1,1,0,-0.0021362305,0.027954102,24.998291,27,102,1,0,255,2,0,1782509434.0989873,14
25.021975,25.01865,0.27029255,0.3054364,0.82092285,1,1,0,0.010803223,0.012207031,25.021973,28,102,0,0,255,2,0,1782509434.0989873,14
25.019773,25.016975,0.21835439,0.30388263,0.75424194,1,1,0,0.008728027,0.012145996,25.019775,28,102,0,0,255,2,0,1782509434.0989873,14
25.019287,25.016888,0.16643561,0.3038767,0.7161255,1,1,0,0.006652832,0.012145996,25.019287,28,102,0,0,255,2,0,1782509434.0989873,14
25.020994,25.018894,0.113001145,0.30389744,0.7758789,1,1,0,0.0045166016,0.012145996,25.020996,28,102,0,0,255,2,0,1782509434.0989873,14
25.01831,25.016426,-0.044279605,0.30386484,0.8607483,1,1,0,-0.0017700195,0.012145996,25.01831,28,102,0,0,255,2,0,1782509434.0989873,14
25.021484,25.019453,-0.096205644,0.30390337,0.8581543,1,1,0,-0.0038452148,0.012145996,25.021484,28,102,0,0,255,2,0,1782509434.0989873,14
25.009766,25.004013,0.26097667,0.46860036,0.8406677,1,1,0,0.010437012,0.018737793,25.009766,29,102,1,0,255,2,0,1782509434.0989873,14
25.01367,25.008406,0.20912057,0.46867356,0.67211914,1,1,0,0.008361816,0.018737793,25.013672,29,102,1,0,255,2,0,1782509434.0989873,14
25.014648,25.009773,0.1557025,0.46869186,0.73986816,1,1,0,0.006225586,0.018737793,25.014648,29,102,1,0,255,2,0,1782509434.0989873,14
25.008055,25.003614,0.050361354,0.46856835,0.6690674,1,1,0,0.0020141602,0.018737793,25.008057,29,102,1,0,255,2,0,1782509434.0989873,14
25.013674,25.009281,-0.0015264454,0.46867356,0.62594604,1,1,0,-6.1035156e-05,0.018737793,25.013672,29,102,1,0,255,2,0,1782509434.0989873,14
25.000977,24.99653,-0.05339843,0.4684357,0.7473755,1,1,0,-0.0021362305,0.018737793,25.000977,29,102,1,0,255,2,0,1782509434.0989873,14
25.019775,25.015682,0.27178752,0.36190674,0.8417053,1,1,0,0.010864258,0.014465332,25.019775,60,102,0,0,255,2,0,1782509434.0989873,14
25.01953,25.015915,0.21834514,0.36495703,0.74990845,1,1,0,0.008728027,0.014587402,25.019531,60,102,0,0,255,2,0,1782509434.0989873,14
25.02124,25.017958,0.16644272,0.36956298,0.88153076,1,1,0,0.006652832,0.014770508,25.02124,60,102,0,0,255,2,0,1782509434.0989873,14
25.020754,25.017723,0.112995856,0.37260973,1.0218201,1,1,0,0.0045166016,0.014892578,25.020752,60,102,0,0,255,2,0,1782509434.0989873,14
25.019775,25.016857,0.061076436,0.37717593,0.87545776,1,1,0,0.0024414062,0.015075684,25.019775,60,102,0,0,255,2,0,1782509434.0989873,14
25.027098,25.024206,0.009164139,0.38034105,0.7602539,1,1,0,0.00036621094,0.015197754,25.0271,60,102,0,0,255,2,0,1782509434.0989873,14
25.0271,25.023907,-0.09622277,0.3879778,0.70043945,1,1,0,-0.0038452148,0.01550293,25.0271,60,102,0,0,255,2,0,1782509434.0989873,14
25.015871,25.00785,0.26101673,0.5770971,0.7470398,1,1,0,0.010437012,0.023071289,25.01587,61,102,1,0,255,2,0,1782509434.0989873,14
25.01245,25.004812,0.20909053,0.581597,0.6906128,1,1,0,0.008361816,0.023254395,25.012451,61,102,1,0,255,2,0,1782509434.0989873,14
25.005371,24.998055,0.15562955,0.5844839,0.8529663,1,1,0,0.006225586,0.023376465,25.005371,61,102,1,0,255,2,0,1782509434.0989873,14
25.005373,24.998219,0.103752956,0.5890613,0.72891235,1,1,0,0.0041503906,0.02355957,25.005371,61,102,1,0,255,2,0,1782509434.0989873,14
24.999758,24.992693,0.051864795,0.5919799,0.66329956,1,1,0,0.0020751953,0.02368164,24.999756,61,102,1,0,255,2,0,1782509434.0989873,14
25.009033,25.001911,-0.0015259956,0.59677756,0.68548584,1,1,0,-6.1035156e-05,0.023864746,25.009033,61,102,1,0,255,2,0,1782509434.0989873,14
25.001951,24.994848,-0.05339484,0.5935575,0.6694641,1,1,0,-0.0021362305,0.023742676,25.001953,61,102,1,0,255,2,0,1782509434.0989873,14
25.019531,25.012346,0.27175128,0.5344342,0.7836609,1,1,0,0.010864258,0.021362305,25.019531,26,103,0,0,255,2,0,1782509434.1984103,15
25.019775,25.0131,0.21984738,0.53443944,0.7672119,1,1,0,0.0087890625,0.021362305,25.019775,26,103,0,0,255,2,0,1782509434.1984103,15
25.031006,25.02473,0.16801526,0.5346793,0.71258545,1,1,0,0.006713867,0.021362305,25.031006,26,103,0,0,255,2,0,1782509434.1984103,15
25.018309,25.0126,0.009159888,0.53440815,0.7758789,1,1,0,0.00036621094,0.021362305,25.01831,26,103,0,0,255,2,0,1782509434.1984103,15
25.017334,25.01159,-0.042744458,0.5343873,0.8520813,1,1,0,-0.0017089844,0.021362305,25.017334,26,103,0,0,255,2,0,1782509434.1984103,15
25.00586,24.994713,0.2624053,0.69892526,0.5961914,1,1,0,0.010498047,0.027954102,25.00586,27,103,1,0,255,2,0,1782509434.1984103,15
25.00586,24.995203,0.21053587,0.69892526,0.4607544,1,1,0,0.008422852,0.027954102,25.00586,27,103,1,0,255,2,0,1782509434.1984103,15
24.997557,24.987297,0.15708774,0.6986933,0.71765137,1,1,0,0.006286621,0.027954102,24.997559,27,103,1,0,255,2,0,1782509434.1984103,15
25.005371,24.99538,0.10526681,0.6989116,0.8447571,1,1,0,0.004211426,0.027954102,25.005371,27,103,1,0,255,2,0,1782509434.1984103,15
25.009766,24.99994,0.051879834,0.69903445,0.80581665,1,1,0,0.0020751953,0.027954102,25.009766,27,103,1,0,255,2,0,1782509434.1984103,15
24.997557,24.987791,-0.0,0.6986933,0.70944214,1,1,0,-0.0,0.027954102,24.997559,27,103,1,0,255,2,0,1782509434.1984103,15
25.003418,24.993595,-0.05186667,0.698857,0.62493896,1,1,0,-0.0020751953,0.027954102,25.003418,27,103,1,0,255,2,0,1782509434.1984103,15
25.03125,25.02843,0.21845438,0.30554965,0.667511,1,1,0,0.008728027,0.012207031,25.03125,28,103,0,0,255,2,0,1782509434.1984103,15
25.010742,25.008343,0.16637877,0.3037729,0.8694153,1,1,0,0.006652832,0.012145996,25.010742,28,103,0,0,255,2,0,1782509434.1984103,15
25.014647,25.012547,0.112972476,0.30382034,0.8295593,1,1,0,0.0045166016,0.012145996,25.014648,28,103,0,0,255,2,0,1782509434.1984103,15
25.007812,25.005783,-0.09615308,0.3037373,0.72998047,1,1,0,-0.0038452148,0.012145996,25.007812,28,103,0,0,255,2,0,1782509434.1984103,15
25.005371,24.99962,0.2609308,0.46851802,0.78222656,1,1,0,0.010437012,0.018737793,25.005371,29,103,1,0,255,2,0,1782509434.1984103,15
25.005371,25.000767,0.10376354,0.46851802,0.7678833,1,1,0,0.0041503906,0.018737793,25.005371,29,103,1,0,255,2,0,1782509434.1984103,15
25.005371,25.000929,0.051881887,0.46851802,0.7330322,1,1,0,0.0020751953,0.018737793,25.005371,29,103,1,0,255,2,0,1782509434.1984103,15
25.009766,25.005375,-0.001526207,0.46860036,0.8673096,1,1,0,-6.1035156e-05,0.018737793,25.009766,29,103,1,0,255,2,0,1782509434.1984103,15
25.014648,25.0102,-0.053427633,0.46869186,0.76345825,1,1,0,-0.0021362305,0.018737793,25.014648,29,103,1,0,255,2,0,1782509434.1984103,15
25.020752,25.016636,0.2717979,0.36344784,0.9179077,1,1,0,0.010864258,0.014526367,25.020752,60,103,0,0,255,2,0,1782509434.1984103,15
25.021484,25.017834,0.21988899,0.36651257,0.76116943,1,1,0,0.0087890625,0.0146484375,25.021484,60,103,0,0,255,2,0,1782509434.1984103,15
25.019773,25.016459,0.1679597,0.37106827,0.80184937,1,1,0,0.006713867,0.014831543,25.019775,60,103,0,0,255,2,0,1782509434.1984103,15
25.01001,25.00695,0.114473544,0.37397608,1.1941223,1,1,0,0.0045776367,0.014953613,25.01001,60,103,0,0,255,2,0,1782509434.1984103,15
25.019775,25.01683,0.06260329,0.37870282,0.80358887,1,1,0,0.0025024414,0.015136719,25.019775,60,103,0,0,255,2,0,1782509434.1984103,15
25.01953,25.016615,0.010688253,0.38175294,0.7655029,1,1,0,0.0004272461,0.015258789,25.019531,60,103,0,0,255,2,0,1782509434.1984103,15
25.016602,25.013391,-0.09465562,0.38934177,0.8650818,1,1,0,-0.0037841797,0.015563965,25.016602,60,103,0,0,255,2,0,1782509434.1984103,15
25.001953,24.993887,0.26239663,0.57830167,0.72994995,1,1,0,0.010498047,0.023132324,25.001953,61,103,1,0,255,2,0,1782509434.1984103,15
25.009033,25.001385,0.21058793,0.5815175,0.6392822,1,1,0,0.008422852,0.023254395,25.009033,61,103,1,0,255,2,0,1782509434.1984103,15
25.012451,25.005087,0.15719958,0.5861757,0.7839966,1,1,0,0.006286621,0.0234375,25.012451,61,103,1,0,255,2,0,1782509434.1984103,15
25.006594,24.999432,0.10528387,0.58909005,0.8652649,1,1,0,0.004211426,0.02355957,25.006592,61,103,1,0,255,2,0,1782509434.1984103,15
25.012451,25.005344,0.05341726,0.5938067,0.72958374,1,1,0,0.0021362305,0.023742676,25.012451,61,103,1,0,255,2,0,1782509434.1984103,15
24.993896,24.986797,-0.05185256,0.5933662,0.84399414,1,1,0,-0.0020751953,0.023742676,24.993896,61,103,1,0,255,2,0,1782509434.1984103,15
25.020996,25.013811,0.2717672,0.5344655,1.068573,1,1,0,0.010864258,0.021362305,25.020996,26,104,0,0,255,2,0,1782509434.298746,16
25.019287,25.012611,0.21984309,0.534429,0.73172,1,1,0,0.0087890625,0.021362305,25.019287,26,104,0,0,255,2,0,1782509434.298746,16
25.019775,25.013504,0.16793986,0.53443944,0.89450073,1,1,0,0.006713867,0.021362305,25.019775,26,104,0,0,255,2,0,1782509434.298746,16
25.01074,25.004772,0.114463575,0.53424644,1.0036316,1,1,0,0.0045776367,0.021362305,25.010742,26,104,0,0,255,2,0,1782509434.298746,16
25.019531,25.013643,-0.09465657,0.5344342,0.9967041,1,1,0,-0.0037841797,0.021362305,25.019531,26,104,0,0,255,2,0,1782509434.298746,16
25.009033,24.997885,0.2624386,0.699014,0.6331482,1,1,0,0.010498047,0.027954102,25.009033,27,104,1,0,255,2,0,1782509434.298746,16
24.998777,24.988125,0.21047625,0.69872737,0.6294861,1,1,0,0.008422852,0.027954102,24.99878,27,104,1,0,255,2,0,1782509434.298746,16
24.995361,24.985102,0.15707394,0.6986318,0.645874,1,1,0,0.006286621,0.027954102,24.995361,27,104,1,0,255,2,0,1782509434.298746,16
25.013672,25.003845,-0.051887937,0.69914365,0.72958374,1,1,0,-0.0020751953,0.027954102,25.013672,27,104,1,0,255,2,0,1782509434.298746,16
25.021484,25.018145,0.2718143,0.30543044,0.7802124,1,1,0,0.010864258,0.012207031,25.021484,28,104,0,0,255,2,0,1782509434.298746,16
25.024168,25.02135,0.21839258,0.30546322,0.7715454,1,1,0,0.008728027,0.012207031,25.02417,28,104,0,0,255,2,0,1782509434.298746,16
25.019289,25.01687,0.1664355,0.30540362,0.75424194,1,1,0,0.006652832,0.012207031,25.019287,28,104,0,0,255,2,0,1782509434.298746,16
25.01953,25.01743,0.11299453,0.30387965,1.040863,1,1,0,0.0045166016,0.012145996,25.019531,28,104,0,0,255,2,0,1782509434.298746,16
25.03003,25.028109,0.061103903,0.30400714,0.7810669,1,1,0,0.0024414062,0.012145996,25.03003,28,104,0,0,255,2,0,1782509434.298746,16
25.018309,25.016462,0.009161303,0.30386484,0.73172,1,1,0,0.00036621094,0.012145996,25.01831,28,104,0,0,255,2,0,1782509434.298746,16
25.009766,25.007881,-0.04426448,0.30376104,0.74990845,1,1,0,-0.0017700195,0.012145996,25.009766,28,104,0,0,255,2,0,1782509434.298746,16
25.01074,25.00871,-0.09616434,0.3037729,0.74816895,1,1,0,-0.0038452148,0.012145996,25.010742,28,104,0,0,255,2,0,1782509434.298746,16
24.997557,24.991808,0.26084927,0.46837166,0.809906,1,1,0,0.010437012,0.018737793,24.997559,29,104,1,0,255,2,0,1782509434.298746,16
24.999998,24.994736,0.20900626,0.4684174,0.84191895,1,1,0,0.008361816,0.018737793,25.0,29,104,1,0,255,2,0,1782509434.298746,16
25.001953,24.99708,0.15562348,0.468454,0.64178467,1,1,0,0.006225586,0.018737793,25.001953,29,104,1,0,255,2,0,1782509434.298746,16
25.001955,24.99735,0.10374936,0.468454,0.67459106,1,1,0,0.0041503906,0.018737793,25.001953,29,104,1,0,255,2,0,1782509434.298746,16
25.003176,24.998732,0.051877327,0.46847686,0.769928,1,1,0,0.0020751953,0.018737793,25.003174,29,104,1,0,255,2,0,1782509434.298746,16
25.00415,24.999762,-0.0015258644,0.46849516,0.69610596,1,1,0,-6.1035156e-05,0.018737793,25.00415,29,104,1,0,255,2,0,1782509434.298746,16
24.993896,24.989452,-0.05338331,0.46830302,0.7579346,1,1,0,-0.0021362305,0.018737793,24.993896,29,104,1,0,255,2,0,1782509434.298746,16
25.016602,25.012503,0.27022612,0.36338755,0.6615906,1,1,0,0.010803223,0.014526367,25.016602,60,104,0,0,255,2,0,1782509434.298746,16
25.02124,25.017603,0.21835987,0.366509,0.8460083,1,1,0,0.008728027,0.0146484375,25.02124,60,104,0,0,255,2,0,1782509434.298746,16
25.019531,25.016235,0.16490433,0.37106463,0.7966614,1,1,0,0.006591797,0.014831543,25.019531,60,104,0,0,255,2,0,1782509434.298746,16
25.019773,25.016722,0.11299133,0.3741221,0.87979126,1,1,0,0.0045166016,0.014953613,25.019775,60,104,0,0,255,2,0,1782509434.298746,16
25.019775,25.016834,0.06107638,0.37870282,0.6996765,1,1,0,0.0024414062,0.015136719,25.019775,60,104,0,0,255,2,0,1782509434.298746,16
25.016602,25.013687,0.007633572,0.38170823,0.80792236,1,1,0,0.00030517578,0.015258789,25.016602,60,104,0,0,255,2,0,1782509434.298746,16
25.016602,25.01358,-0.04427457,0.38628837,0.9707031,1,1,0,-0.0017700195,0.0154418945,25.016602,60,104,0,0,255,2,0,1782509434.298746,16
25.014648,25.006594,0.26100358,0.57859534,0.7470398,1,1,0,0.010437012,0.023132324,25.014648,61,104,1,0,255,2,0,1782509434.298746,16
24.996094,24.98844,0.20742834,0.58274186,0.8234863,1,1,0,0.008300781,0.02331543,24.996094,61,104,1,0,255,2,0,1782509434.298746,16
25.003174,24.995823,0.15561566,0.58595824,0.72891235,1,1,0,0.006225586,0.0234375,25.003174,61,104,1,0,255,2,0,1782509434.298746,16
24.99756,24.990372,0.10372039,0.59040254,0.6294861,1,1,0,0.0041503906,0.023620605,24.997559,61,104,1,0,255,2,0,1782509434.298746,16
25.00415,24.997051,0.050348133,0.59360963,0.9103699,1,1,0,0.0020141602,0.023742676,25.00415,61,104,1,0,255,2,0,1782509434.298746,16
25.005371,24.998215,-0.0015257699,0.59821594,0.81607056,1,1,0,-6.1035156e-05,0.023925781,25.005371,61,104,1,0,255,2,0,1782509434.298746,16
24.996096,24.989027,-0.054907613,0.5918932,0.7640991,1,1,0,-0.0021972656,0.02368164,24.996094,61,104,1,0,255,2,0,1782509434.298746,16
25.032469,25.025745,0.22148608,0.5362381,0.8027344,1,1,0,0.008850098,0.02142334,25.03247,26,105,0,0,255,2,0,1782509434.3983881,17
25.021486,25.01518,0.16795112,0.53600276,0.8477478,1,1,0,0.006713867,0.02142334,25.021484,26,105,0,0,255,2,0,1782509434.3983881,17
25.019287,25.013277,0.11602921,0.53595567,0.7031555,1,1,0,0.004638672,0.02142334,25.019287,26,105,0,0,255,2,0,1782509434.3983881,17
25.017332,25.011621,0.010686119,0.5343873,0.94039917,1,1,0,0.0004272461,0.021362305,25.017334,26,105,0,0,255,2,0,1782509434.3983881,17
25.012451,25.002132,0.15870707,0.7006356,0.6752014,1,1,0,0.0063476562,0.028015137,25.012451,27,105,1,0,255,2,0,1782509434.3983881,17
25.015871,25.005875,0.105311,0.69920504,0.6782837,1,1,0,0.004211426,0.027954102,25.01587,27,105,1,0,255,2,0,1782509434.3983881,17
25.008787,24.99896,0.053403623,0.69900715,0.68688965,1,1,0,0.0021362305,0.027954102,25.00879,27,105,1,0,255,2,0,1782509434.3983881,17
25.003174,24.993404,0.0015254763,0.6988502,0.6489563,1,1,0,6.1035156e-05,0.027954102,25.003174,27,105,1,0,255,2,0,1782509434.3983881,17
25.008057,24.998232,-0.051876288,0.6989867,0.64956665,1,1,0,-0.0020751953,0.027954102,25.008057,27,105,1,0,255,2,0,1782509434.3983881,17
25.019775,25.016418,0.27332258,0.30540958,0.7741394,1,1,0,0.010925293,0.012207031,25.019775,28,105,0,0,255,2,0,1782509434.3983881,17
25.019775,25.016945,0.21988118,0.30540958,0.8295593,1,1,0,0.0087890625,0.012207031,25.019775,28,105,0,0,255,2,0,1782509434.3983881,17
25.018309,25.0159,0.16795596,0.30386484,0.8356323,1,1,0,0.006713867,0.012145996,25.01831,28,105,0,0,255,2,0,1782509434.3983881,17
25.021484,25.01956,0.06261011,0.30390337,0.7949219,1,1,0,0.0025024414,0.012145996,25.021484,28,105,0,0,255,2,0,1782509434.3983881,17
25.012691,25.010845,0.010685788,0.30379662,0.81311035,1,1,0,0.0004272461,0.012145996,25.012695,28,105,0,0,255,2,0,1782509434.3983881,17
25.019531,25.017649,-0.042754814,0.30387965,0.7221985,1,1,0,-0.0017089844,0.012145996,25.019531,28,105,0,0,255,2,0,1782509434.3983881,17
25.020264,25.018238,-0.09467396,0.30388856,0.87719727,1,1,0,-0.0037841797,0.012145996,25.020264,28,105,0,0,255,2,0,1782509434.3983881,17
25.010986,25.005709,0.21062435,0.46862325,0.7678833,1,1,0,0.008422852,0.018737793,25.010986,29,105,1,0,255,2,0,1782509434.3983881,17
25.00415,24.99954,0.105284326,0.46849516,0.7268677,1,1,0,0.004211426,0.018737793,25.00415,29,105,1,0,255,2,0,1782509434.3983881,17
25.014648,25.0102,0.053427633,0.46869186,0.726532,1,1,0,0.0021362305,0.018737793,25.014648,29,105,1,0,255,2,0,1782509434.3983881,17
25.006594,25.002203,-0.0,0.4685409,0.75045776,1,1,0,-0.0,0.018737793,25.006592,29,105,1,0,255,2,0,1782509434.3983881,17
25.005371,25.000929,-0.051881887,0.46851802,0.7207031,1,1,0,-0.0020751953,0.018737793,25.005371,29,105,1,0,255,2,0,1782509434.3983881,17
25.020752,25.01668,0.27179837,0.36039388,0.66503906,1,1,0,0.010864258,0.014404297,25.020752,60,105,0,0,255,2,0,1782509434.3983881,17
25.016603,25.012989,0.21831958,0.3649143,0.8581543,1,1,0,0.008728027,0.014587402,25.016602,60,105,0,0,255,2,0,1782509434.3983881,17
25.016602,25.013342,0.16641203,0.36796772,0.81918335,1,1,0,0.006652832,0.014709473,25.016602,60,105,0,0,255,2,0,1782509434.3983881,17
25.020754,25.017715,0.11452282,0.37260973,0.7031555,1,1,0,0.0045776367,0.014892578,25.020752,60,105,0,0,255,2,0,1782509434.3983881,17
25.019531,25.016638,0.0610759,0.37564534,0.7741394,1,1,0,0.0024414062,0.015014648,25.019531,60,105,0,0,255,2,0,1782509434.3983881,17
25.014648,25.011757,0.00915958,0.38015184,0.68930054,1,1,0,0.00036621094,0.015197754,25.014648,60,105,0,0,255,2,0,1782509434.3983881,17
25.019775,25.016584,-0.09619462,0.38786426,0.73516846,1,1,0,-0.0038452148,0.01550293,25.019775,60,105,0,0,255,2,0,1782509434.3983881,17
25.016846,25.008825,0.2610269,0.57711965,0.93585205,1,1,0,0.010437012,0.023071289,25.016846,61,105,1,0,255,2,0,1782509434.3983881,17
24.999758,24.992159,0.2089847,0.57977635,0.8016968,1,1,0,0.008361816,0.02319336,24.999756,61,105,1,0,255,2,0,1782509434.3983881,17
25.006592,24.999266,0.15716298,0.5845125,0.82424927,1,1,0,0.006286621,0.023376465,25.006592,61,105,1,0,255,2,0,1782509434.3983881,17
25.014648,25.007526,0.103791595,0.5877535,0.85375977,1,1,0,0.0041503906,0.023498535,25.014648,61,105,1,0,255,2,0,1782509434.3983881,17
25.013672,25.006641,0.05189374,0.5907831,0.69470215,1,1,0,0.0020751953,0.023620605,25.013672,61,105,1,0,255,2,0,1782509434.3983881,17
25.003174,24.99609,-0.0015256403,0.5951121,0.7586365,1,1,0,-6.1035156e-05,0.023803711,25.003174,61,105,1,0,255,2,0,1782509434.3983881,17
25.00415,24.996937,-0.0533993,0.59818673,0.7463379,1,1,0,-0.0021362305,0.023925781,25.00415,61,105,1,0,255,2,0,1782509434.3983881,17
25.01074,25.00478,0.1129374,0.53424644,0.65896606,1,1,0,0.0045166016,0.021362305,25.010742,26,106,0,0,255,2,0,1782509434.498657,18
25.016602,25.010891,0.007632719,0.5343716,0.81658936,1,1,0,0.00030517578,0.021362305,25.016602,26,106,0,0,255,2,0,1782509434.498657,18
25.02124,25.015347,-0.09618986,0.53447074,0.7802124,1,1,0,-0.0038452148,0.021362305,25.02124,26,106,0,0,255,2,0,1782509434.498657,18
25.025145,25.01445,0.20917112,0.7009912,0.70358276,1,1,0,0.008361816,0.028015137,25.025146,27,106,1,0,255,2,0,1782509434.498657,18
25.005371,24.995117,0.15561126,0.6989116,0.7914429,1,1,0,0.006225586,0.027954102,25.005371,27,106,1,0,255,2,0,1782509434.498657,18
25.019287,25.009296,0.10379894,0.6993006,0.67315674,1,1,0,0.0041503906,0.027954102,25.019287,27,106,1,0,255,2,0,1782509434.498657,18
25.018064,25.00824,0.050370667,0.6992665,0.7357483,1,1,0,0.0020141602,0.027954102,25.018066,27,106,1,0,255,2,0,1782509434.498657,18
25.013672,25.003899,-0.0015261169,0.69914365,0.66085815,1,1,0,-6.1035156e-05,0.027954102,25.013672,27,106,1,0,255,2,0,1782509434.498657,18
25.012451,25.00262,-0.053411443,0.6991095,0.7008667,1,1,0,-0.0021362305,0.027954102,25.012451,27,106,1,0,255,2,0,1782509434.498657,18
25.031006,25.028606,0.16651358,0.304019,0.6805115,1,1,0,0.006652832,0.012145996,25.031006,28,106,0,0,255,2,0,1782509434.498657,18
25.017332,25.015486,0.009160945,0.30385298,0.7655029,1,1,0,0.00036621094,0.012145996,25.017334,28,106,0,0,255,2,0,1782509434.498657,18
25.014648,25.012617,-0.09617936,0.30382034,0.7576904,1,1,0,-0.0038452148,0.012145996,25.014648,28,106,0,0,255,2,0,1782509434.498657,18
25.015871,25.011263,0.1038071,0.46871474,0.7439575,1,1,0,0.0041503906,0.018737793,25.01587,29,106,1,0,255,2,0,1782509434.498657,18
24.997559,24.993116,0.051865675,0.46837166,0.66433716,1,1,0,0.0020751953,0.018737793,24.997559,29,106,1,0,255,2,0,1782509434.498657,18
25.006594,25.002203,-0.0015260134,0.4685409,0.7381592,1,1,0,-6.1035156e-05,0.018737793,25.006592,29,106,1,0,255,2,0,1782509434.498657,18
25.01074,25.006649,0.2716894,0.36177605,0.9906311,1,1,0,0.010864258,0.014465332,25.010742,60,106,0,0,255,2,0,1782509434.498657,18
25.015625,25.011997,0.21983768,0.36490005,0.8295593,1,1,0,0.0087890625,0.014587402,25.015625,60,106,0,0,255,2,0,1782509434.498657,18
25.01953,25.016237,0.16795823,0.36953774,0.82092285,1,1,0,0.006713867,0.014770508,25.019531,60,106,0,0,255,2,0,1782509434.498657,18
25.019775,25.016739,0.11451835,0.3725952,0.81484985,1,1,0,0.0045776367,0.014892578,25.019775,60,106,0,0,255,2,0,1782509434.498657,18
25.02124,25.018318,0.062607005,0.377198,0.67630005,1,1,0,0.0025024414,0.015075684,25.02124,60,106,0,0,255,2,0,1782509434.498657,18
25.019775,25.016884,0.009161457,0.38022974,0.726532,1,1,0,0.00036621094,0.015197754,25.019775,60,106,0,0,255,2,0,1782509434.498657,18
25.02051,25.017513,-0.04275458,0.38482174,0.7888794,1,1,0,-0.0017089844,0.015380859,25.020508,60,106,0,0,255,2,0,1782509434.498657,18
25.013674,25.005638,0.26252,0.57704645,0.68136597,1,1,0,0.010498047,0.023071289,25.013672,61,106,1,0,255,2,0,1782509434.498657,18
24.99878,24.991169,0.21050188,0.5797537,0.7709656,1,1,0,0.008422852,0.02319336,24.99878,61,106,1,0,255,2,0,1782509434.498657,18
25.009033,25.001705,0.15717831,0.5845695,0.67211914,1,1,0,0.006286621,0.023376465,25.009033,61,106,1,0,255,2,0,1782509434.498657,18
25.014648,25.007484,0.10531778,0.58927983,0.67211914,1,1,0,0.004211426,0.02355957,25.014648,61,106,1,0,255,2,0,1782509434.498657,18
25.005371,24.998306,0.051876444,0.5921129,0.75250244,1,1,0,0.0020751953,0.02368164,25.005371,61,106,1,0,255,2,0,1782509434.498657,18
25.009764,25.002516,-0.05188518,0.59984714,0.8119507,1,1,0,-0.0020751953,0.023986816,25.009766,61,106,1,0,255,2,0,1782509434.498657,18
25.01953,25.01281,0.22137159,0.5359609,0.8460083,1,1,0,0.008850098,0.02142334,25.019531,26,107,0,0,255,2,0,1782509434.5988173,19
25.011477,25.005205,0.16788414,0.5342621,1.3292236,1,1,0,0.006713867,0.021362305,25.011475,26,107,0,0,255,2,0,1782509434.5988173,19
25.017334,25.011356,0.11602031,0.5343873,0.7949219,1,1,0,0.004638672,0.021362305,25.017334,26,107,0,0,255,2,0,1782509434.5988173,19
25.016602,25.010859,-0.041216664,0.5343716,0.7221985,1,1,0,-0.0016479492,0.021362305,25.016602,26,107,0,0,255,2,0,1782509434.5988173,19
25.020752,25.01487,-0.0931344,0.5344603,0.7966614,1,1,0,-0.0037231445,0.021362305,25.020752,26,107,0,0,255,2,0,1782509434.5988173,19
25.012451,25.001284,0.26400042,0.6991095,0.6977844,1,1,0,0.010559082,0.027954102,25.012451,27,107,1,0,255,2,0,1782509434.5988173,19
25.010254,25.000254,0.10681326,0.6990481,0.66290283,1,1,0,0.004272461,0.027954102,25.010254,27,107,1,0,255,2,0,1782509434.5988173,19
25.009033,24.999205,0.053404145,0.699014,0.7029114,1,1,0,0.0021362305,0.027954102,25.009033,27,107,1,0,255,2,0,1782509434.5988173,19
24.996094,24.986328,0.0015250444,0.6986523,0.8501282,1,1,0,6.1035156e-05,0.027954102,24.996094,27,107,1,0,255,2,0,1782509434.5988173,19
25.01123,25.001408,-0.05035691,0.6990754,0.66186523,1,1,0,-0.0020141602,0.027954102,25.01123,27,107,1,0,255,2,0,1782509434.5988173,19
25.019777,25.016403,0.27484947,0.30540958,0.8373718,1,1,0,0.010986328,0.012207031,25.019775,28,107,0,0,255,2,0,1782509434.5988173,19
25.027098,25.024254,0.22147287,0.305499,0.7585144,1,1,0,0.008850098,0.012207031,25.0271,28,107,0,0,255,2,0,1782509434.5988173,19
25.019775,25.017338,0.16949262,0.30540958,0.82263184,1,1,0,0.0067749023,0.012207031,25.019775,28,107,0,0,255,2,0,1782509434.5988173,19
25.021484,25.019361,0.11758454,0.30390337,1.0625,1,1,0,0.004699707,0.012145996,25.021484,28,107,0,0,255,2,0,1782509434.5988173,19
25.023436,25.02151,0.06414219,0.3039271,0.81658936,1,1,0,0.0025634766,0.012145996,25.023438,28,107,0,0,255,2,0,1782509434.5988173,19
25.019773,25.017925,0.012215785,0.30388263,0.75424194,1,1,0,0.00048828125,0.012145996,25.019775,28,107,0,0,255,2,0,1782509434.5988173,19
25.019531,25.017654,-0.0397009,0.30387965,0.67370605,1,1,0,-0.0015869141,0.012145996,25.019531,28,107,0,0,255,2,0,1782509434.5988173,19
25.01831,25.01629,-0.09313969,0.30386484,0.8546753,1,1,0,-0.0037231445,0.012145996,25.01831,28,107,0,0,255,2,0,1782509434.5988173,19
25.014648,25.008863,0.26408044,0.46869186,0.732666,1,1,0,0.010559082,0.018737793,25.014648,29,107,1,0,255,2,0,1782509434.5988173,19
25.005371,25.000082,0.21210296,0.46851802,0.89193726,1,1,0,0.008483887,0.018737793,25.005371,29,107,1,0,255,2,0,1782509434.5988173,19
25.00415,24.999247,0.16021466,0.46849516,0.7709656,1,1,0,0.0064086914,0.018737793,25.00415,29,107,1,0,255,2,0,1782509434.5988173,19
24.99878,24.994162,0.106787235,0.46839452,0.5946045,1,1,0,0.004272461,0.018737793,24.99878,29,107,1,0,255,2,0,1782509434.5988173,19
25.005371,25.000923,0.054933753,0.46851802,0.776062,1,1,0,0.0021972656,0.018737793,25.005371,29,107,1,0,255,2,0,1782509434.5988173,19
24.991455,24.987068,0.0030501792,0.4682573,0.79071045,1,1,0,0.00012207031,0.018737793,24.991455,29,107,1,0,255,2,0,1782509434.5988173,19
25.009031,25.004591,-0.05036332,0.46858665,0.6177368,1,1,0,-0.0020141602,0.018737793,25.009033,29,107,1,0,255,2,0,1782509434.5988173,19
25.015625,25.011532,0.27174243,0.3618467,0.9888916,1,1,0,0.010864258,0.014465332,25.015625,60,107,0,0,255,2,0,1782509434.5988173,19
25.03125,25.027597,0.2199748,0.3666556,0.7975464,1,1,0,0.0087890625,0.0146484375,25.03125,60,107,0,0,255,2,0,1782509434.5988173,19
25.03125,25.027956,0.16803691,0.36971083,0.8070679,1,1,0,0.006713867,0.014770508,25.03125,60,107,0,0,255,2,0,1782509434.5988173,19
25.015623,25.012564,0.11449924,0.37406006,1.1465149,1,1,0,0.0045776367,0.014953613,25.015625,60,107,0,0,255,2,0,1782509434.5988173,19
25.01367,25.01075,0.062588066,0.37708393,0.720459,1,1,0,0.0025024414,0.015075684,25.013672,60,107,0,0,255,2,0,1782509434.5988173,19
25.01367,25.010757,0.009159214,0.38166353,0.7932129,1,1,0,0.00036621094,0.015258789,25.013672,60,107,0,0,255,2,0,1782509434.5988173,19
25.031982,25.028986,-0.04277419,0.38499823,0.73599243,1,1,0,-0.0017089844,0.015380859,25.031982,60,107,0,0,255,2,0,1782509434.5988173,19
25.015625,25.012417,-0.09465193,0.38932657,0.96206665,1,1,0,-0.0037841797,0.015563965,25.015625,60,107,0,0,255,2,0,1782509434.5988173,19
25.008059,24.999989,0.26246068,0.5784429,0.6321106,1,1,0,0.010498047,0.023132324,25.008057,61,107,1,0,255,2,0,1782509434.5988173,19
24.998777,24.991133,0.21050158,0.5812791,0.64279175,1,1,0,0.008422852,0.023254395,24.99878,61,107,1,0,255,2,0,1782509434.5988173,19
25.00879,25.001427,0.15717657,0.58608985,0.7996521,1,1,0,0.006286621,0.0234375,25.00879,61,107,1,0,255,2,0,1782509434.5988173,19
25.0,24.99284,0.10525611,0.5889348,0.8050537,1,1,0,0.004211426,0.02355957,25.0,61,107,1,0,255,2,0,1782509434.5988173,19
24.99707,24.989971,0.051859148,0.59344155,0.8357849,1,1,0,0.0020751953,0.023742676,24.99707,61,107,1,0,255,2,0,1782509434.5988173,19
25.007566,25.000446,-0.0,0.59674263,0.7791443,1,1,0,-0.0,0.023864746,25.007568,61,107,1,0,255,2,0,1782509434.5988173,19
25.004152,24.996868,-0.05187346,0.60123813,0.67459106,1,1,0,-0.0020751953,0.024047852,25.00415,61,107,1,0,255,2,0,1782509434.5988173,19
25.019531,25.012299,0.27327755,0.5359609,0.8434143,1,1,0,0.010925293,0.02142334,25.019531,26,108,0,0,255,2,0,1782509434.6986284,20
25.02295,25.016273,0.21987528,0.5345072,0.68582153,1,1,0,0.0087890625,0.021362305,25.02295,26,108,0,0,255,2,0,1782509434.6986284,20
25.02246,25.016188,0.16795789,0.5344968,1.1880798,1,1,0,0.006713867,0.021362305,25.02246,26,108,0,0,255,2,0,1782509434.6986284,20
25.02124,25.015268,0.11451162,0.53447074,1.0018921,1,1,0,0.0045776367,0.021362305,25.02124,26,108,0,0,255,2,0,1782509434.6986284,20
25.020752,25.014965,0.062598616,0.5344603,0.73690796,1,1,0,0.0025024414,0.021362305,25.020752,26,108,0,0,255,2,0,1782509434.6986284,20
25.019531,25.013786,-0.042748213,0.5344342,0.8607483,1,1,0,-0.0017089844,0.021362305,25.019531,26,108,0,0,255,2,0,1782509434.6986284,20
25.005371,24.994225,0.26240018,0.6989116,0.7555847,1,1,0,0.010498047,0.027954102,25.005371,27,108,1,0,255,2,0,1782509434.6986284,20
25.005371,24.994715,0.21053176,0.6989116,0.7032776,1,1,0,0.008422852,0.027954102,25.005371,27,108,1,0,255,2,0,1782509434.6986284,20
25.010988,25.000721,0.15717213,0.69906855,0.8016968,1,1,0,0.006286621,0.027954102,25.010986,27,108,1,0,255,2,0,1782509434.6986284,20
24.998291,24.988466,0.053381205,0.6987137,0.83169556,1,1,0,0.0021362305,0.027954102,24.998291,27,108,1,0,255,2,0,1782509434.6986284,20
24.996094,24.986275,-0.051851477,0.6986523,0.7763672,1,1,0,-0.0020751953,0.027954102,24.996094,27,108,1,0,255,2,0,1782509434.6986284,20
25.017334,25.013977,0.2732959,0.30537978,0.8477478,1,1,0,0.010925293,0.012207031,25.017334,28,108,0,0,255,2,0,1782509434.6986284,20
25.022705,25.019875,0.21990693,0.30544534,0.81484985,1,1,0,0.0087890625,0.012207031,25.022705,28,108,0,0,255,2,0,1782509434.6986284,20
25.027098,25.02467,0.16801484,0.305499,0.6536255,1,1,0,0.006713867,0.012207031,25.0271,28,108,0,0,255,2,0,1782509434.6986284,20
25.019775,25.01766,0.11604954,0.30388263,0.74472046,1,1,0,0.004638672,0.012145996,25.019775,28,108,0,0,255,2,0,1782509434.6986284,20
25.01831,25.016386,0.06260217,0.30386484,0.89624023,1,1,0,0.0025024414,0.012145996,25.01831,28,108,0,0,255,2,0,1782509434.6986284,20
25.014645,25.012798,0.010686622,0.30382034,0.7576904,1,1,0,0.0004272461,0.012145996,25.014648,28,108,0,0,255,2,0,1782509434.6986284,20
25.019775,25.017893,-0.04275523,0.30388263,0.87286377,1,1,0,-0.0017089844,0.012145996,25.019775,28,108,0,0,255,2,0,1782509434.6986284,20
25.019775,25.01775,-0.09467211,0.30388263,0.94732666,1,1,0,-0.0037841797,0.012145996,25.019775,28,108,0,0,255,2,0,1782509434.6986284,20
25.001953,24.996187,0.26242077,0.468454,0.7237854,1,1,0,0.010498047,0.018737793,25.001953,29,108,1,0,255,2,0,1782509434.6986284,20
24.997557,24.992283,0.21051127,0.46837166,0.64279175,1,1,0,0.008422852,0.018737793,24.997559,29,108,1,0,255,2,0,1782509434.6986284,20
25.005371,25.000479,0.15869658,0.46851802,0.86117554,1,1,0,0.0063476562,0.018737793,25.005371,29,108,1,0,255,2,0,1782509434.6986284,20
24.993896,24.989288,0.10524115,0.46830302,0.7026367,1,1,0,0.004211426,0.018737793,24.993896,29,108,1,0,255,2,0,1782509434.6986284,20
24.99414,24.989697,0.05338383,0.4683076,0.6079407,1,1,0,0.0021362305,0.018737793,24.99414,29,108,1,0,255,2,0,1782509434.6986284,20
25.00415,24.999762,-0.0,0.46849516,0.7330322,1,1,0,-0.0,0.018737793,25.00415,29,108,1,0,255,2,0,1782509434.6986284,20
25.000977,24.996534,-0.051872768,0.4684357,0.79351807,1,1,0,-0.0020751953,0.018737793,25.000977,29,108,1,0,255,2,0,1782509434.6986284,20
25.017336,25.013308,0.26565424,0.36187142,0.81311035,1,1,0,0.010620117,0.014465332,25.017334,60,108,0,0,255,2,0,1782509434.6986284,20
25.015627,25.01203,0.21373102,0.36642674,0.74990845,1,1,0,0.008544922,0.0146484375,25.015625,60,108,0,0,255,2,0,1782509434.6986284,20
25.01831,25.015059,0.16184284,0.3695197,0.710083,1,1,0,0.0064697266,0.014770508,25.01831,60,108,0,0,255,2,0,1782509434.6986284,20
25.016602,25.013592,0.10839699,0.37254792,0.74990845,1,1,0,0.004333496,0.014892578,25.016602,60,108,0,0,255,2,0,1782509434.6986284,20
25.019773,25.016867,0.05649571,0.37717593,0.7221985,1,1,0,0.0022583008,0.015075684,25.019775,60,108,0,0,255,2,0,1782509434.6986284,20
25.008547,25.005634,0.0030524456,0.3815853,0.8564148,1,1,0,0.00012207031,0.015258789,25.008545,60,108,0,0,255,2,0,1782509434.6986284,20
25.01831,25.015305,-0.048858076,0.38478795,0.74298096,1,1,0,-0.001953125,0.015380859,25.01831,60,108,0,0,255,2,0,1782509434.6986284,20
25.011477,25.003504,0.25639257,0.5769958,0.96881104,1,1,0,0.010253906,0.023071289,25.011475,61,108,1,0,255,2,0,1782509434.6986284,20
25.016848,25.009247,0.20454796,0.5816992,0.6916199,1,1,0,0.008178711,0.023254395,25.016846,61,108,1,0,255,2,0,1782509434.6986284,20
25.013186,25.005894,0.15109946,0.58466655,1.0559692,1,1,0,0.0060424805,0.023376465,25.013184,61,108,1,0,255,2,0,1782509434.6986284,20
25.009766,25.002628,0.09919308,0.58916485,0.8857727,1,1,0,0.003967285,0.02355957,25.009766,61,108,1,0,255,2,0,1782509434.6986284,20
25.014648,25.007593,0.045790322,0.59233254,0.7367859,1,1,0,0.0018310547,0.02368164,25.014648,61,108,1,0,255,2,0,1782509434.6986284,20
25.00415,24.99703,-0.0061027906,0.5966611,0.78326416,1,1,0,-0.00024414062,0.023864746,25.00415,61,108,1,0,255,2,0,1782509434.6986284,20
25.013672,25.006628,-0.057998873,0.5907831,0.77474976,1,1,0,-0.002319336,0.023620605,25.013672,61,108,1,0,255,2,0,1782509434.6986284,20
25.012695,25.00548,0.2716767,0.53581446,0.720459,1,1,0,0.010864258,0.02142334,25.012695,26,109,0,0,255,2,0,1782509434.7987378,21
25.02124,25.014565,0.21986026,0.53447074,0.7221985,1,1,0,0.0087890625,0.021362305,25.02124,26,109,0,0,255,2,0,1782509434.7987378,21
25.019531,25.01327,0.16641153,0.5344342,0.66851807,1,1,0,0.006652832,0.021362305,25.019531,26,109,0,0,255,2,0,1782509434.7987378,21
25.019775,25.013803,0.11450491,0.53443944,0.81311035,1,1,0,0.0045776367,0.021362305,25.019775,26,109,0,0,255,2,0,1782509434.7987378,21
25.017334,25.011547,0.06259006,0.5343873,1.1923828,1,1,0,0.0025024414,0.021362305,25.017334,26,109,0,0,255,2,0,1782509434.7987378,21
25.01465,25.008905,-0.042739872,0.5343299,0.712677,1,1,0,-0.0017089844,0.021362305,25.014648,26,109,0,0,255,2,0,1782509434.7987378,21
25.020996,25.015102,-0.09618892,0.5344655,0.9386902,1,1,0,-0.0038452148,0.021362305,25.020996,26,109,0,0,255,2,0,1782509434.7987378,21
25.006836,24.99569,0.26241556,0.69895256,0.59106445,1,1,0,0.010498047,0.027954102,25.006836,27,109,1,0,255,2,0,1782509434.7987378,21
25.012693,25.002047,0.2090674,0.69911635,0.46939087,1,1,0,0.008361816,0.027954102,25.012695,27,109,1,0,255,2,0,1782509434.7987378,21
25.009033,24.999048,0.1037564,0.699014,0.59210205,1,1,0,0.0041503906,0.027954102,25.009033,27,109,1,0,255,2,0,1782509434.7987378,21
25.004148,24.99438,-0.0,0.6988775,0.81811523,1,2,0,-0.0,0.027954102,25.00415,27,109,1,0,255,2,0,1782509434.7987378,21
25.006592,24.996765,-0.053398933,0.69894576,0.690979,1,1,0,-0.0021362305,0.027954102,25.006592,27,109,1,0,255,2,0,1782509434.7987378,21
25.016602,25.013771,0.21985328,0.30537084,0.7628784,1,1,0,0.0087890625,0.012207031,25.016602,28,109,0,0,255,2,0,1782509434.7987378,21
25.0105,25.008072,0.1679034,0.30529633,1.0313416,1,1,0,0.006713867,0.012207031,25.010498,28,109,0,0,255,2,0,1782509434.7987378,21
25.019531,25.017607,0.062605225,0.30387965,0.7135315,1,1,0,0.0025024414,0.012145996,25.019531,28,109,0,0,255,2,0,1782509434.7987378,21
25.009766,25.003998,0.2625028,0.46860036,0.9647217,1,1,0,0.010498047,0.018737793,25.009766,29,109,1,0,255,2,0,1782509434.7987378,21
25.01587,25.010592,0.21066548,0.46871474,0.6967468,1,1,0,0.008422852,0.018737793,25.01587,29,109,1,0,255,2,0,1782509434.7987378,21
25.004639,25.000193,0.053406253,0.4685043,0.6187744,1,1,0,0.0021362305,0.018737793,25.004639,29,109,1,0,255,2,0,1782509434.7987378,21
25.010986,25.006596,-0.0,0.46862325,0.78326416,1,1,0,-0.0,0.018737793,25.010986,29,109,1,0,255,2,0,1782509434.7987378,21
25.010986,25.006542,-0.051893536,0.46862325,0.83657837,1,1,0,-0.0020751953,0.018737793,25.010986,29,109,1,0,255,2,0,1782509434.7987378,21
25.014648,25.01061,0.268679,0.36030596,0.695343,1,1,0,0.0107421875,0.014404297,25.014648,60,109,0,0,255,2,0,1782509434.7987378,21
25.021484,25.017881,0.2168352,0.36498553,0.7836609,1,1,0,0.008666992,0.014587402,25.021484,60,109,0,0,255,2,0,1782509434.7987378,21
25.015623,25.012375,0.16487888,0.36795336,0.81137085,1,1,0,0.006591797,0.014709473,25.015625,60,109,0,0,255,2,0,1782509434.7987378,21
25.021236,25.018347,0.059553064,0.375671,0.97592163,1,1,0,0.002380371,0.015014648,25.02124,60,109,0,0,255,2,0,1782509434.7987378,21
25.016602,25.013624,-0.045801364,0.38323495,0.82092285,1,1,0,-0.0018310547,0.015319824,25.016602,60,109,0,0,255,2,0,1782509434.7987378,21
25.003174,24.995174,0.25935864,0.5768043,0.6694641,1,1,0,0.010375977,0.023071289,25.003174,61,109,1,0,255,2,0,1782509434.7987378,21
25.02246,25.01487,0.20764774,0.5803029,0.7244568,1,1,0,0.008300781,0.02319336,25.02246,61,109,1,0,255,2,0,1782509434.7987378,21
24.994871,24.987568,0.15403908,0.5842385,0.9289856,1,1,0,0.006164551,0.023376465,24.994873,61,109,1,0,255,2,0,1782509434.7987378,21
25.013672,25.006557,0.102261275,0.5877305,0.7244568,1,1,0,0.0040893555,0.023498535,25.013672,61,109,1,0,255,2,0,1782509434.7987378,21
25.017334,25.010271,0.048848245,0.59239614,0.6491394,1,1,0,0.001953125,0.02368164,25.017334,61,109,1,0,255,2,0,1782509434.7987378,21
25.005371,24.998287,-0.0030515487,0.5951644,0.8406677,1,1,0,-0.00012207031,0.023803711,25.005371,61,109,1,0,255,2,0,1782509434.7987378,21
25.00757,25.000498,-0.054932818,0.59216493,0.85913086,1,1,0,-0.0021972656,0.02368164,25.007568,61,109,1,0,255,2,0,1782509434.7987378,21
25.021242,25.01404,0.27024275,0.5359975,0.8667908,1,1,0,0.010803223,0.02142334,25.02124,26,110,0,0,255,2,0,1782509434.8984723,22
25.021729,25.015066,0.21833773,0.53448117,0.8434143,1,1,0,0.008728027,0.021362305,25.021729,26,110,0,0,255,2,0,1782509434.8984723,22
25.021484,25.015232,0.16489771,0.5344759,0.8373718,1,1,0,0.006591797,0.021362305,25.021484,26,110,0,0,255,2,0,1782509434.8984723,22
25.016602,25.010637,0.112963855,0.5343716,0.697937,1,1,0,0.0045166016,0.021362305,25.016602,26,110,0,0,255,2,0,1782509434.8984723,22
25.013672,25.00789,0.061054543,0.534309,0.80792236,1,1,0,0.0024414062,0.021362305,25.013672,26,110,0,0,255,2,0,1782509434.8984723,22
25.017332,25.011623,0.0076329424,0.5343873,0.8607483,1,1,0,0.00030517578,0.021362305,25.017334,26,110,0,0,255,2,0,1782509434.8984723,22
25.008055,24.996923,0.26090267,0.6989867,0.6413574,1,1,0,0.010437012,0.027954102,25.008057,27,110,1,0,255,2,0,1782509434.8984723,22
25.010254,24.99962,0.20752116,0.6990481,0.6690674,1,1,0,0.008300781,0.027954102,25.010254,27,110,1,0,255,2,0,1782509434.8984723,22
25.013672,25.003414,0.15566292,0.69914365,0.79833984,1,1,0,0.006225586,0.027954102,25.013672,27,110,1,0,255,2,0,1782509434.8984723,22
25.009766,24.99978,0.10375944,0.69903445,0.92266846,1,1,0,0.0041503906,0.027954102,25.009766,27,110,1,0,255,2,0,1782509434.8984723,22
24.999756,24.989937,0.050333805,0.69875467,0.690979,1,1,0,0.0020141602,0.027954102,24.999756,27,110,1,0,255,2,0,1782509434.8984723,22
24.998777,24.989012,-0.0015252082,0.69872737,0.69714355,1,1,0,-6.1035156e-05,0.027954102,24.99878,27,110,1,0,255,2,0,1782509434.8984723,22
25.00415,24.994322,-0.054919247,0.6988775,0.9411316,1,1,0,-0.0021972656,0.027954102,25.00415,27,110,1,0,255,2,0,1782509434.8984723,22
25.022463,25.019138,0.27029783,0.30544236,1.3136292,1,1,0,0.010803223,0.012207031,25.02246,28,110,0,0,255,2,0,1782509434.8984723,22
25.019287,25.01647,0.21834998,0.30540362,0.75250244,1,1,0,0.008728027,0.012207031,25.019287,28,110,0,0,255,2,0,1782509434.8984723,22
25.017334,25.014935,0.16642262,0.30385298,0.7724304,1,1,0,0.006652832,0.012145996,25.017334,28,110,0,0,255,2,0,1782509434.8984723,22
25.016602,25.0145,0.1129813,0.30384406,0.7741394,1,1,0,0.0045166016,0.012145996,25.016602,28,110,0,0,255,2,0,1782509434.8984723,22
25.019775,25.017855,0.06107887,0.30388263,0.68930054,1,1,0,0.0024414062,0.012145996,25.019775,28,110,0,0,255,2,0,1782509434.8984723,22
25.017332,25.015486,0.007634121,0.30385298,0.8001404,1,1,0,0.00030517578,0.012145996,25.017334,28,110,0,0,255,2,0,1782509434.8984723,22
25.010742,25.008858,-0.04426621,0.3037729,0.66851807,1,1,0,-0.0017700195,0.012145996,25.010742,28,110,0,0,255,2,0,1782509434.8984723,22
25.016602,25.01457,-0.09618687,0.30384406,0.7161255,1,1,0,-0.0038452148,0.012145996,25.016602,28,110,0,0,255,2,0,1782509434.8984723,22
25.013674,25.00792,0.26101744,0.46867356,0.6967468,1,1,0,0.010437012,0.018737793,25.013672,29,110,1,0,255,2,0,1782509434.8984723,22
25.008055,25.00279,0.20907362,0.46856835,0.63827515,1,1,0,0.008361816,0.018737793,25.008057,29,110,1,0,255,2,0,1782509434.8984723,22
25.014648,25.010206,0.05037463,0.46869186,0.79629517,1,1,0,0.0020141602,0.018737793,25.014648,29,110,1,0,255,2,0,1782509434.8984723,22
25.014648,25.010258,-0.001526505,0.46869186,0.91326904,1,1,0,-6.1035156e-05,0.018737793,25.014648,29,110,1,0,255,2,0,1782509434.8984723,22
25.013674,25.009224,-0.053425547,0.46867356,0.6906128,1,1,0,-0.0021362305,0.018737793,25.013672,29,110,1,0,255,2,0,1782509434.8984723,22
25.019531,25.015438,0.27178487,0.3619032,0.7655029,1,1,0,0.010864258,0.014465332,25.019531,60,110,0,0,255,2,0,1782509434.8984723,22
25.019775,25.016493,0.16643298,0.36954135,0.74472046,1,1,0,0.006652832,0.014770508,25.019775,60,110,0,0,255,2,0,1782509434.8984723,22
25.019531,25.016613,0.06107584,0.37717226,0.7559509,1,1,0,0.0024414062,0.015075684,25.019531,60,110,0,0,255,2,0,1782509434.8984723,22
25.020264,25.01735,0.009161628,0.3817641,0.82092285,1,1,0,0.00036621094,0.015258789,25.020264,60,110,0,0,255,2,0,1782509434.8984723,22
25.019533,25.016535,-0.0442798,0.38480672,0.8321533,1,1,0,-0.0017700195,0.015380859,25.019531,60,110,0,0,255,2,0,1782509434.8984723,22
25.01831,25.015095,-0.09618889,0.38936839,0.9837036,1,1,0,-0.0038452148,0.015563965,25.01831,60,110,0,0,255,2,0,1782509434.8984723,22
24.99829,24.99024,0.2608329,0.57821697,0.8890381,1,1,0,0.010437012,0.023132324,24.998291,61,110,1,0,255,2,0,1782509434.8984723,22
25.019287,25.011648,0.20914769,0.58175594,0.90301514,1,1,0,0.008361816,0.023254395,25.019287,61,110,1,0,255,2,0,1782509434.8984723,22
25.00879,25.001436,0.1556506,0.58608985,0.86938477,1,1,0,0.006225586,0.0234375,25.00879,61,110,1,0,255,2,0,1782509434.8984723,22
25.013672,25.006516,0.1037874,0.5892568,0.726532,1,1,0,0.0041503906,0.02355957,25.013672,61,110,1,0,255,2,0,1782509434.8984723,22
25.008055,25.000954,0.05188194,0.5937024,0.63623047,1,1,0,0.0020751953,0.023742676,25.008057,61,110,1,0,255,2,0,1782509434.8984723,22
25.015867,25.008745,-0.0015264127,0.5969407,0.760376,1,1,0,-6.1035156e-05,0.023864746,25.01587,61,110,1,0,255,2,0,1782509434.8984723,22
25.010986,25.003916,-0.053414207,0.5922458,0.9831543,1,1,0,-0.0021362305,0.02368164,25.010986,61,110,1,0,255,2,0,1782509434.8984723,22
25.016602,25.009417,0.27171946,0.5343716,0.695343,1,1,0,0.010864258,0.021362305,25.016602,26,111,0,0,255,2,0,1782509434.9983397,23
25.020506,25.013832,0.21985382,0.53445506,1.1923828,1,1,0,0.0087890625,0.021362305,25.020508,26,111,0,0,255,2,0,1782509434.9983397,23
25.021484,25.015213,0.16795133,0.5344759,0.80966187,1,1,0,0.006713867,0.021362305,25.021484,26,111,0,0,255,2,0,1782509434.9983397,23
25.017332,25.011362,0.114493735,0.5343873,0.7672119,1,1,0,0.0045776367,0.021362305,25.017334,26,111,0,0,255,2,0,1782509434.9983397,23
25.020508,25.01472,0.062598005,0.53445506,0.73172,1,1,0,0.0025024414,0.021362305,25.020508,26,111,0,0,255,2,0,1782509434.9983397,23
25.02124,25.01553,0.009160961,0.53447074,0.8520813,1,1,0,0.00036621094,0.021362305,25.02124,26,111,0,0,255,2,0,1782509434.9983397,23
25.01831,25.012566,-0.042746127,0.53440815,0.8338928,1,1,0,-0.0017089844,0.021362305,25.01831,26,111,0,0,255,2,0,1782509434.9983397,23
25.004148,24.993494,0.21052147,0.6988775,0.7863159,1,1,0,0.008422852,0.027954102,25.00415,27,111,1,0,255,2,0,1782509434.9983397,23
25.012451,25.002457,0.105296604,0.6991095,0.6782837,1,1,0,0.004211426,0.027954102,25.012451,27,111,1,0,255,2,0,1782509434.9983397,23
25.009766,24.999994,-0.0,0.69903445,0.80581665,1,1,0,-0.0,0.027954102,25.009766,27,111,1,0,255,2,0,1782509434.9983397,23
25.00171,24.991888,-0.051863126,0.69880927,1.0007019,1,1,0,-0.0020751953,0.027954102,25.001709,27,111,1,0,255,2,0,1782509434.9983397,23
25.03003,25.026703,0.27037957,0.30553475,0.70477295,1,1,0,0.010803223,0.012207031,25.03003,28,111,0,0,255,2,0,1782509434.9983397,23
25.023191,25.021273,0.061087213,0.3039241,0.68569946,1,1,0,0.0024414062,0.012145996,25.023193,28,111,0,0,255,2,0,1782509434.9983397,23
25.015623,25.01374,-0.04427485,0.3038322,0.6581116,1,1,0,-0.0017700195,0.012145996,25.015625,28,111,0,0,255,2,0,1782509434.9983397,23
25.008787,25.003523,0.20907974,0.46858206,0.8980713,1,1,0,0.008361816,0.018737793,25.00879,29,111,1,0,255,2,0,1782509434.9983397,23
25.000977,24.996103,0.1556174,0.4684357,0.7555847,1,1,0,0.006225586,0.018737793,25.000977,29,111,1,0,255,2,0,1782509434.9983397,23
25.010984,25.00638,0.10378683,0.46862325,0.98828125,1,1,0,0.0041503906,0.018737793,25.010986,29,111,1,0,255,2,0,1782509434.9983397,23
25.00757,25.003122,-0.053412512,0.4685592,0.82424927,1,1,0,-0.0021362305,0.018737793,25.007568,29,111,1,0,255,2,0,1782509434.9983397,23
25.019531,25.015398,0.27331144,0.3634301,0.9066467,1,1,0,0.010925293,0.014526367,25.019531,60,111,0,0,255,2,0,1782509434.9983397,23
25.016602,25.012938,0.22137272,0.36644104,0.7655029,1,1,0,0.008850098,0.0146484375,25.016602,60,111,0,0,255,2,0,1782509434.9983397,23
25.017336,25.01402,0.16794333,0.37103206,0.7057495,1,1,0,0.006713867,0.014831543,25.017334,60,111,0,0,255,2,0,1782509434.9983397,23
25.016602,25.013535,0.11603041,0.37407467,1.1023254,1,1,0,0.004638672,0.014953613,25.016602,60,111,0,0,255,2,0,1782509434.9983397,23
25.014648,25.011705,0.06259046,0.37862524,0.68582153,1,1,0,0.0025024414,0.015136719,25.014648,60,111,0,0,255,2,0,1782509434.9983397,23
25.019775,25.01686,0.010688357,0.38175666,0.80184937,1,1,0,0.0004272461,0.015258789,25.019775,60,111,0,0,255,2,0,1782509434.9983397,23
25.006836,25.00382,-0.041205067,0.38613757,0.692749,1,1,0,-0.0016479492,0.0154418945,25.006836,60,111,0,0,255,2,0,1782509434.9983397,23
25.019531,25.016321,-0.094666705,0.38938737,0.73950195,1,1,0,-0.0037841797,0.015563965,25.019531,60,111,0,0,255,2,0,1782509434.9983397,23
25.004148,24.996067,0.2639453,0.5783525,0.7330322,1,1,0,0.010559082,0.023132324,25.00415,61,111,1,0,255,2,0,1782509434.9983397,23
24.99878,24.991098,0.2105013,0.5828045,0.6817627,1,1,0,0.008422852,0.02331543,24.99878,61,111,1,0,255,2,0,1782509434.9983397,23
25.012451,25.005077,0.15872575,0.5861757,0.6885376,1,1,0,0.0063476562,0.0234375,25.012451,61,111,1,0,255,2,0,1782509434.9983397,23
25.003176,24.995977,0.10526932,0.5905352,0.84680176,1,1,0,0.004211426,0.023620605,25.003174,61,111,1,0,255,2,0,1782509434.9983397,23
25.003174,24.996069,0.053397447,0.59358644,0.8078613,1,1,0,0.0021362305,0.023742676,25.003174,61,111,1,0,255,2,0,1782509434.9983397,23
25.00415,24.996994,0.0015256954,0.59818673,0.77401733,1,1,0,6.1035156e-05,0.023925781,25.00415,61,111,1,0,255,2,0,1782509434.9983397,23
25.012451,25.005384,-0.051891133,0.5922805,0.77371216,1,1,0,-0.0020751953,0.02368164,25.012451,61,111,1,0,255,2,0,1782509434.9983397,23
25.026125,25.01892,0.27029547,0.5361021,0.6545105,1,1,0,0.010803223,0.02142334,25.026123,26,112,0,0,255,2,0,1782509435.0980716,24
25.02124,25.014946,0.1664227,0.5359975,0.9707031,1,1,0,0.006652832,0.02142334,25.02124,26,112,0,0,255,2,0,1782509435.0980716,24
25.020264,25.0143,0.112980396,0.5344499,0.74472046,1,1,0,0.0045166016,0.021362305,25.020264,26,112,0,0,255,2,0,1782509435.0980716,24
25.019775,25.013992,0.06106944,0.53443944,0.87545776,1,1,0,0.0024414062,0.021362305,25.019775,26,112,0,0,255,2,0,1782509435.0980716,24
25.016602,25.010708,-0.09617202,0.5343716,0.72824097,1,1,0,-0.0038452148,0.021362305,25.016602,26,112,0,0,255,2,0,1782509435.0980716,24
25.008055,24.99741,0.20902863,0.6989867,0.5992737,1,1,0,0.008361816,0.027954102,25.008057,27,112,1,0,255,2,0,1782509435.0980716,24
25.011475,25.001219,0.15564924,0.6990822,0.4663086,1,1,0,0.006225586,0.027954102,25.011475,27,112,1,0,255,2,0,1782509435.0980716,24
24.993896,24.984077,0.051846918,0.69859093,0.796875,1,1,0,0.0020751953,0.027954102,24.993896,27,112,1,0,255,2,0,1782509435.0980716,24
24.997557,24.987791,-0.0015251337,0.6986933,0.67355347,1,1,0,-6.1035156e-05,0.027954102,24.997559,27,112,1,0,255,2,0,1782509435.0980716,24
25.014648,25.011341,0.26868686,0.305347,1.078949,1,1,0,0.0107421875,0.012207031,25.014648,28,112,0,0,255,2,0,1782509435.0980716,24
25.019287,25.016483,0.21682309,0.30540362,0.81484985,1,1,0,0.008666992,0.012207031,25.019287,28,112,0,0,255,2,0,1782509435.0980716,24
25.021484,25.019077,0.16492306,0.30543044,0.75424194,1,1,0,0.006591797,0.012207031,25.021484,28,112,0,0,255,2,0,1782509435.0980716,24
25.0166,25.014505,0.11145453,0.30384406,0.82263184,1,1,0,0.0044555664,0.012145996,25.016602,28,112,0,0,255,2,0,1782509435.0980716,24
25.02075,25.018904,0.007635164,0.3038945,0.711792,1,1,0,0.00030517578,0.012145996,25.020752,28,112,0,0,255,2,0,1782509435.0980716,24
25.025146,25.023258,-0.045819003,0.30394784,0.73599243,1,1,0,-0.0018310547,0.012145996,25.025146,28,112,0,0,255,2,0,1782509435.0980716,24
25.00757,25.001833,0.25942776,0.4685592,0.764801,1,1,0,0.010375977,0.018737793,25.007568,29,112,1,0,255,2,0,1782509435.0980716,24
25.001951,24.996702,0.20749694,0.468454,0.7125244,1,1,0,0.008300781,0.018737793,25.001953,29,112,1,0,255,2,0,1782509435.0980716,24
25.005371,25.000507,0.15411885,0.46851802,0.78222656,1,1,0,0.006164551,0.018737793,25.005371,29,112,1,0,255,2,0,1782509435.0980716,24
25.00049,24.995892,0.10221766,0.46842656,0.96585083,1,1,0,0.0040893555,0.018737793,25.000488,29,112,1,0,255,2,0,1782509435.0980716,24
24.996096,24.991648,-0.05491337,0.4683442,0.81121826,1,1,0,-0.0021972656,0.018737793,24.996094,29,112,1,0,255,2,0,1782509435.0980716,24
25.016602,25.012508,0.27175304,0.3618608,0.73950195,1,1,0,0.010864258,0.014465332,25.016602,60,112,0,0,255,2,0,1782509435.0980716,24
25.018309,25.014694,0.21833448,0.36493924,0.87112427,1,1,0,0.008728027,0.014587402,25.01831,60,112,0,0,255,2,0,1782509435.0980716,24
25.01172,25.008438,0.16637939,0.36942235,0.66244507,1,1,0,0.006652832,0.014770508,25.011719,60,112,0,0,255,2,0,1782509435.0980716,24
25.017332,25.014416,0.061070476,0.37713912,0.9369507,1,1,0,0.0024414062,0.015075684,25.017334,60,112,0,0,255,2,0,1782509435.0980716,24
25.010742,25.007748,-0.04273789,0.38467154,0.7576904,1,1,0,-0.0017089844,0.015380859,25.010742,60,112,0,0,255,2,0,1782509435.0980716,24
25.021484,25.018293,-0.09620119,0.38789076,0.67630005,1,1,0,-0.0038452148,0.01550293,25.021484,60,112,0,0,255,2,0,1782509435.0980716,24
25.021486,25.013464,0.2610753,0.5772267,0.9748535,1,1,0,0.010437012,0.023071289,25.021484,61,112,1,0,255,2,0,1782509435.0980716,24
25.005371,24.998045,0.1571553,0.5844839,0.74121094,1,1,0,0.006286621,0.023376465,25.005371,61,112,1,0,255,2,0,1782509435.0980716,24
25.01587,25.00871,0.10379651,0.5893086,0.732666,1,1,0,0.0041503906,0.02355957,25.01587,61,112,1,0,255,2,0,1782509435.0980716,24
25.01123,25.004164,0.0518886,0.5922516,0.68444824,1,1,0,0.0020751953,0.02368164,25.01123,61,112,1,0,255,2,0,1782509435.0980716,24
25.006592,24.99947,-0.0,0.5967193,0.7586365,1,1,0,-0.0,0.023864746,25.006592,61,112,1,0,255,2,0,1782509435.0980716,24
25.001951,24.994812,-0.05339476,0.59508306,0.6827698,1,1,0,-0.0021362305,0.023803711,25.001953,61,112,1,0,255,2,0,1782509435.0980716,24
25.017334,25.010134,0.27020055,0.5359138,0.692749,1,1,0,0.010803223,0.02142334,25.017334,26,113,0,0,255,2,0,1782509435.1983023,25
25.021484,25.01479,0.21833532,0.53600276,0.81137085,1,1,0,0.008728027,0.02142334,25.021484,26,113,0,0,255,2,0,1782509435.1983023,25
25.019531,25.013237,0.16641133,0.5359609,0.74816895,1,1,0,0.006652832,0.02142334,25.019531,26,113,0,0,255,2,0,1782509435.1983023,25
25.020996,25.015032,0.1129837,0.5344655,0.6944885,1,1,0,0.0045166016,0.021362305,25.020996,26,113,0,0,255,2,0,1782509435.1983023,25
25.020508,25.014725,0.06107123,0.53445506,0.75250244,1,1,0,0.0024414062,0.021362305,25.020508,26,113,0,0,255,2,0,1782509435.1983023,25
25.029055,25.023304,-0.04429178,0.5346376,0.47592163,1,1,0,-0.0017700195,0.021362305,25.029053,26,113,0,0,255,2,0,1782509435.1983023,25
25.019289,25.013393,-0.09618235,0.534429,0.7221985,1,1,0,-0.0038452148,0.021362305,25.019287,26,113,0,0,255,2,0,1782509435.1983023,25
25.014645,25.003956,0.20908336,0.7006971,0.75320435,1,1,0,0.008361816,0.028015137,25.014648,27,113,1,0,255,2,0,1782509435.1983023,25
25.01367,25.00337,0.15566264,0.70066977,0.6916199,1,1,0,0.006225586,0.028015137,25.013672,27,113,1,0,255,2,0,1782509435.1983023,25
25.016844,25.006855,0.10378881,0.69923234,0.7942505,1,1,0,0.0041503906,0.027954102,25.016846,27,113,1,0,255,2,0,1782509435.1983023,25
25.008055,24.998234,0.050350517,0.6989867,0.6577759,1,1,0,0.0020141602,0.027954102,25.008057,27,113,1,0,255,2,0,1782509435.1983023,25
25.01587,25.006096,-0.001526251,0.69920504,0.68341064,1,1,0,-6.1035156e-05,0.027954102,25.01587,27,113,1,0,255,2,0,1782509435.1983023,25
25.016846,25.007013,-0.053420827,0.69923234,0.83529663,1,1,0,-0.0021362305,0.027954102,25.016846,27,113,1,0,255,2,0,1782509435.1983023,25
25.019775,25.017385,0.16491191,0.30388263,0.74472046,1,1,0,0.006591797,0.012145996,25.019775,28,113,0,0,255,2,0,1782509435.1983023,25
25.017332,25.015413,0.06107291,0.30385298,0.8607483,1,1,0,0.0024414062,0.012145996,25.017334,28,113,0,0,255,2,0,1782509435.1983023,25
25.021482,25.019636,0.0076353876,0.30390337,0.7854004,1,1,0,0.00030517578,0.012145996,25.021484,28,113,0,0,255,2,0,1782509435.1983023,25
25.03125,25.029366,-0.04430251,0.30402198,0.71343994,1,1,0,-0.0017700195,0.012145996,25.03125,28,113,0,0,255,2,0,1782509435.1983023,25
25.020264,25.014507,0.2610862,0.46879706,0.80041504,1,1,0,0.010437012,0.018737793,25.020264,29,113,1,0,255,2,0,1782509435.1983023,25
25.020264,25.015009,0.2076489,0.46879706,0.7685852,1,1,0,0.008300781,0.018737793,25.020264,29,113,1,0,255,2,0,1782509435.1983023,25
25.013674,25.008797,0.15569642,0.46867356,0.65982056,1,1,0,0.006225586,0.018737793,25.013672,29,113,1,0,255,2,0,1782509435.1983023,25
25.009033,25.004435,0.102252595,0.46858665,0.63827515,1,1,0,0.0040893555,0.018737793,25.009033,29,113,1,0,255,2,0,1782509435.1983023,25
25.01587,25.011427,0.05037709,0.46871474,0.7244568,1,1,0,0.0020141602,0.018737793,25.01587,29,113,1,0,255,2,0,1782509435.1983023,25
25.00757,25.00318,-0.001526073,0.4685592,0.85092163,1,1,0,-6.1035156e-05,0.018737793,25.007568,29,113,1,0,255,2,0,1782509435.1983023,25
25.000002,24.995552,-0.05492195,0.4684174,0.7435913,1,1,0,-0.0021972656,0.018737793,25.0,29,113,1,0,255,2,0,1782509435.1983023,25
25.019777,25.0157,0.27026066,0.36190674,0.73516846,1,1,0,0.010803223,0.014465332,25.019775,60,113,0,0,255,2,0,1782509435.1983023,25
25.015627,25.012026,0.21678445,0.36490005,0.81137085,1,1,0,0.008666992,0.014587402,25.015625,60,113,0,0,255,2,0,1782509435.1983023,25
25.017332,25.014061,0.16488999,0.3695053,0.7655029,1,1,0,0.006591797,0.014770508,25.017334,60,113,0,0,255,2,0,1782509435.1983023,25
25.011717,25.008696,0.11142865,0.3724752,0.8460083,1,1,0,0.0044555664,0.014892578,25.011719,60,113,0,0,255,2,0,1782509435.1983023,25
25.020262,25.017347,0.059550684,0.3771833,1.1759338,1,1,0,0.002380371,0.015075684,25.020264,60,113,0,0,255,2,0,1782509435.1983023,25
25.020506,25.017616,0.007634771,0.3802409,0.8607483,1,1,0,0.00030517578,0.015197754,25.020508,60,113,0,0,255,2,0,1782509435.1983023,25
25.021484,25.018484,-0.045810264,0.38483676,0.80618286,1,1,0,-0.0018310547,0.015380859,25.021484,60,113,0,0,255,2,0,1782509435.1983023,25
24.998293,24.990294,0.259308,0.5766916,0.82144165,1,1,0,0.010375977,0.023071289,24.998291,61,113,1,0,255,2,0,1782509435.1983023,25
25.003176,24.995554,0.20748739,0.58138126,0.6684265,1,1,0,0.008300781,0.023254395,25.003174,61,113,1,0,255,2,0,1782509435.1983023,25
25.003172,24.995867,0.15409024,0.5844326,0.7114868,1,1,0,0.006164551,0.023376465,25.003174,61,113,1,0,255,2,0,1782509435.1983023,25
25.007568,25.000505,0.05035509,0.59216493,0.769928,1,1,0,0.0020141602,0.02368164,25.007568,61,113,1,0,255,2,0,1782509435.1983023,25
25.009766,25.002644,-0.0030520805,0.5967951,0.75045776,1,1,0,-0.00012207031,0.023864746,25.009766,61,113,1,0,255,2,0,1782509435.1983023,25
25.008057,25.000948,-0.054933805,0.5937024,0.62802124,1,1,0,-0.0021972656,0.023742676,25.008057,61,113,1,0,255,2,0,1782509435.1983023,25
25.019531,25.012331,0.27022427,0.5359609,0.74642944,1,1,0,0.010803223,0.02142334,25.019531,26,114,0,0,255,2,0,1782509435.2984731,26
25.015625,25.008932,0.21828417,0.5358772,0.7628784,1,1,0,0.008728027,0.02142334,25.015625,26,114,0,0,255,2,0,1782509435.2984731,26
25.016602,25.010319,0.16486531,0.53589815,0.73690796,1,1,0,0.006591797,0.02142334,25.016602,26,114,0,0,255,2,0,1782509435.2984731,26
25.00781,25.002033,0.059514232,0.5341839,0.67282104,1,1,0,0.002380371,0.021362305,25.007812,26,114,0,0,255,2,0,1782509435.2984731,26
25.003174,24.99292,0.15559758,0.6988502,0.6899719,1,1,0,0.006225586,0.027954102,25.003174,27,114,1,0,255,2,0,1782509435.2984731,26
25.00415,24.994173,0.102210626,0.6988775,0.7432556,1,1,0,0.0040893555,0.027954102,25.00415,27,114,1,0,255,2,0,1782509435.2984731,26
25.002195,24.992376,0.05033872,0.6988229,1.0662537,1,1,0,0.0020141602,0.027954102,25.002197,27,114,1,0,255,2,0,1782509435.2984731,26
25.003174,24.993345,-0.0549171,0.6988502,0.776062,1,1,0,-0.0021972656,0.027954102,25.003174,27,114,1,0,255,2,0,1782509435.2984731,26
25.02173,25.018389,0.27181694,0.30543342,0.74472046,1,1,0,0.010864258,0.012207031,25.021729,28,114,0,0,255,2,0,1782509435.2984731,26
25.02246,25.020061,0.16645673,0.30391523,0.94039917,1,1,0,0.006652832,0.012145996,25.02246,28,114,0,0,255,2,0,1782509435.2984731,26
25.021238,25.01913,0.1145293,0.30390042,0.8321533,1,1,0,0.0045776367,0.012145996,25.02124,28,114,0,0,255,2,0,1782509435.2984731,26
25.022705,25.020784,0.06108602,0.30391818,0.9888916,1,1,0,0.0024414062,0.012145996,25.022705,28,114,0,0,255,2,0,1782509435.2984731,26
25.021482,25.019636,0.009162465,0.30390337,0.66763306,1,1,0,0.00036621094,0.012145996,25.021484,28,114,0,0,255,2,0,1782509435.2984731,26
25.02246,25.020578,-0.04275982,0.30391523,1.1118774,1,1,0,-0.0017089844,0.012145996,25.02246,28,114,0,0,255,2,0,1782509435.2984731,26
25.020264,25.018232,-0.09620095,0.30388856,0.7724304,1,1,0,-0.0038452148,0.012145996,25.020264,28,114,0,0,255,2,0,1782509435.2984731,26
25.01685,25.011078,0.26257712,0.46873304,0.75320435,1,1,0,0.010498047,0.018737793,25.016846,29,114,1,0,255,2,0,1782509435.2984731,26
25.000977,24.996094,0.15714304,0.4684357,0.6489563,1,1,0,0.006286621,0.018737793,25.000977,29,114,1,0,255,2,0,1782509435.2984731,26
25.012451,25.00784,0.10531928,0.4686507,0.64956665,1,1,0,0.004211426,0.018737793,25.012451,29,114,1,0,255,2,0,1782509435.2984731,26
25.015871,25.011425,0.05190367,0.46871474,0.69369507,1,1,0,0.0020751953,0.018737793,25.01587,29,114,1,0,255,2,0,1782509435.2984731,26
24.994873,24.990486,-0.0,0.46832132,0.7763672,1,1,0,-0.0,0.018737793,24.994873,29,114,1,0,255,2,0,1782509435.2984731,26
25.005371,25.000925,-0.053407818,0.46851802,0.8324585,1,1,0,-0.0021362305,0.018737793,25.005371,29,114,1,0,255,2,0,1782509435.2984731,26
25.019775,25.016102,0.21987376,0.36801443,0.7672119,1,1,0,0.0087890625,0.014709473,25.019775,60,114,0,0,255,2,0,1782509435.2984731,26
25.021482,25.018167,0.16797118,0.3710936,0.9135742,1,1,0,0.006713867,0.014831543,25.021484,60,114,0,0,255,2,0,1782509435.2984731,26
25.020994,25.017912,0.11452372,0.37566733,0.82437134,1,1,0,0.0045776367,0.015014648,25.020996,60,114,0,0,255,2,0,1782509435.2984731,26
25.019775,25.016808,0.06260323,0.38022974,0.8460083,1,1,0,0.0025024414,0.015197754,25.019775,60,114,0,0,255,2,0,1782509435.2984731,26
25.01074,25.007803,0.010684487,0.38314518,0.74816895,1,1,0,0.0004272461,0.015319824,25.010742,60,114,0,0,255,2,0,1782509435.2984731,26
25.013674,25.010654,-0.04274286,0.38624313,0.7576904,1,1,0,-0.0017089844,0.0154418945,25.013672,60,114,0,0,255,2,0,1782509435.2984731,26
25.01831,25.015078,-0.094662,0.3908952,0.7655029,1,1,0,-0.0037841797,0.015625,25.01831,60,114,0,0,255,2,0,1782509435.2984731,26
25.013672,25.005568,0.26251927,0.5800991,0.63827515,1,1,0,0.010498047,0.02319336,25.013672,61,114,1,0,255,2,0,1782509435.2984731,26
24.997557,24.989878,0.21049102,0.582776,0.6376648,1,1,0,0.008422852,0.02331543,24.997559,61,114,1,0,255,2,0,1782509435.2984731,26
24.996094,24.988699,0.15709655,0.5873175,0.7579346,1,1,0,0.006286621,0.023498535,24.996094,61,114,1,0,255,2,0,1782509435.2984731,26
25.008059,25.00086,0.105289884,0.5906505,0.6577759,1,1,0,0.004211426,0.023620605,25.008057,61,114,1,0,255,2,0,1782509435.2984731,26
25.008787,25.001646,0.05340936,0.5952458,0.86938477,1,1,0,0.0021362305,0.023803711,25.00879,61,114,1,0,255,2,0,1782509435.2984731,26
25.001953,24.994797,-0.0,0.59813416,0.809906,1,1,0,-0.0,0.023925781,25.001953,61,114,1,0,255,2,0,1782509435.2984731,26
24.994873,24.987738,-0.051854514,0.59491456,0.94332886,1,1,0,-0.0020751953,0.023803711,24.994873,61,114,1,0,255,2,0,1782509435.2984731,26
25.02173,25.014528,0.27024803,0.536008,0.8417053,1,1,0,0.010803223,0.02142334,25.021729,26,115,0,0,255,2,0,1782509435.398181,27
25.020266,25.014517,-0.044276226,0.5344499,0.7905884,1,1,0,-0.0017700195,0.021362305,25.020264,26,115,0,0,255,2,0,1782509435.398181,27
25.023926,25.012743,0.26106778,0.700957,0.6830139,1,1,0,0.010437012,0.028015137,25.023926,27,115,1,0,255,2,0,1782509435.398181,27
25.018309,25.00763,0.20758764,0.7007997,0.60598755,1,1,0,0.008300781,0.028015137,25.01831,27,115,1,0,255,2,0,1782509435.398181,27
25.00122,24.991402,0.050336756,0.6987956,0.46896362,1,1,0,0.0020141602,0.027954102,25.00122,27,115,1,0,255,2,0,1782509435.398181,27
25.005371,24.995602,-0.0015256105,0.6989116,0.7319946,1,1,0,-6.1035156e-05,0.027954102,25.005371,27,115,1,0,255,2,0,1782509435.398181,27
25.00879,25.00545,0.27167636,0.30527547,0.76116943,1,1,0,0.010864258,0.012207031,25.00879,28,115,0,0,255,2,0,1782509435.398181,27
25.016602,25.013784,0.21832654,0.30537084,0.723938,1,1,0,0.008728027,0.012207031,25.016602,28,115,0,0,255,2,0,1782509435.398181,27
25.026125,25.024239,-0.044293433,0.3039597,0.679657,1,1,0,-0.0017700195,0.012145996,25.026123,28,115,0,0,255,2,0,1782509435.398181,27
25.019775,25.017744,-0.09619907,0.30388263,0.8581543,1,1,0,-0.0038452148,0.012145996,25.019775,28,115,0,0,255,2,0,1782509435.398181,27
25.005371,25.000107,0.20905118,0.46851802,0.855011,1,1,0,0.008361816,0.018737793,25.005371,29,115,1,0,255,2,0,1782509435.398181,27
25.005371,25.000498,0.15564476,0.46851802,0.8960266,1,1,0,0.006225586,0.018737793,25.005371,29,115,1,0,255,2,0,1782509435.398181,27
25.013674,25.009066,0.10379798,0.46867356,0.67007446,1,1,0,0.0041503906,0.018737793,25.013672,29,115,1,0,255,2,0,1782509435.398181,27
24.999512,24.99507,0.051869728,0.46840826,0.825531,1,1,0,0.0020751953,0.018737793,24.999512,29,115,1,0,255,2,0,1782509435.398181,27
25.00122,24.996775,-0.053398952,0.46844026,0.5879822,1,1,0,-0.0021362305,0.018737793,25.00122,29,115,1,0,255,2,0,1782509435.398181,27
25.010744,25.006613,0.27321544,0.36330244,0.7074585,1,1,0,0.010925293,0.014526367,25.010742,60,115,0,0,255,2,0,1782509435.398181,27
25.006836,25.003748,0.11598501,0.37545472,0.9741821,1,1,0,0.004638672,0.015014648,25.006836,60,115,0,0,255,2,0,1782509435.398181,27
25.019287,25.016342,0.062602066,0.37869543,0.68237305,1,1,0,0.0025024414,0.015136719,25.019287,60,115,0,0,255,2,0,1782509435.398181,27
25.017332,25.014395,0.010687304,0.38324618,0.7689514,1,1,0,0.0004272461,0.015319824,25.017334,60,115,0,0,255,2,0,1782509435.398181,27
25.020752,25.017735,-0.041227996,0.38635245,0.82785034,1,1,0,-0.0016479492,0.0154418945,25.020752,60,115,0,0,255,2,0,1782509435.398181,27
25.015625,25.012392,-0.09465184,0.39085323,0.7905884,1,1,0,-0.0037841797,0.015625,25.015625,60,115,0,0,255,2,0,1782509435.398181,27
25.004148,24.996082,0.26241967,0.5783525,0.69918823,1,1,0,0.010498047,0.023132324,25.00415,61,115,1,0,255,2,0,1782509435.398181,27
25.005371,24.997688,0.21055679,0.58295816,0.90219116,1,1,0,0.008422852,0.02331543,25.005371,61,115,1,0,255,2,0,1782509435.398181,27
24.994873,24.987505,0.15861422,0.5857637,0.7661438,1,1,0,0.0063476562,0.0234375,24.994873,61,115,1,0,255,2,0,1782509435.398181,27
24.997559,24.990364,0.10524568,0.59040254,0.6284485,1,1,0,0.004211426,0.023620605,24.997559,61,115,1,0,255,2,0,1782509435.398181,27
24.998293,24.991188,0.05338702,0.5934705,0.77227783,1,1,0,0.0021362305,0.023742676,24.998291,61,115,1,0,255,2,0,1782509435.398181,27
24.999512,24.992357,0.0015254124,0.59807575,0.9115906,1,1,0,6.1035156e-05,0.023925781,24.999512,61,115,1,0,255,2,0,1782509435.398181,27
25.019533,25.012331,0.2732779,0.5344342,0.82785034,1,1,0,0.010925293,0.021362305,25.019531,26,116,0,0,255,2,0,1782509435.498329,28
25.016602,25.009912,0.22134596,0.5343716,0.80618286,1,1,0,0.008850098,0.021362305,25.016602,26,116,0,0,255,2,0,1782509435.498329,28
25.020266,25.013992,0.16794313,0.5344499,0.81137085,1,1,0,0.006713867,0.021362305,25.020264,26,116,0,0,255,2,0,1782509435.498329,28
25.009766,25.00379,0.11598521,0.5342256,0.706604,1,1,0,0.004638672,0.021362305,25.009766,26,116,0,0,255,2,0,1782509435.498329,28
25.015625,25.009836,0.06411227,0.53435075,0.697937,1,1,0,0.0025634766,0.021362305,25.015625,26,116,0,0,255,2,0,1782509435.498329,28
25.008299,25.00259,0.010682261,0.53419435,1.0919495,1,1,0,0.0004272461,0.021362305,25.0083,26,116,0,0,255,2,0,1782509435.498329,28
25.019531,25.013788,-0.041221492,0.5344342,0.62002563,1,1,0,-0.0016479492,0.021362305,25.019531,26,116,0,0,255,2,0,1782509435.498329,28
25.010742,25.004856,-0.09462332,0.53424644,0.8373718,1,1,0,-0.0037841797,0.021362305,25.010742,26,116,0,0,255,2,0,1782509435.498329,28
25.00415,24.992989,0.2639128,0.6988775,0.7914429,1,1,0,0.010559082,0.027954102,25.00415,27,116,1,0,255,2,0,1782509435.498329,28
25.015871,25.005592,0.15872903,0.69920504,0.726532,1,1,0,0.0063476562,0.027954102,25.01587,27,116,1,0,255,2,0,1782509435.498329,28
25.025146,25.015148,0.105350055,0.6994644,0.6501465,1,1,0,0.004211426,0.027954102,25.025146,27,116,1,0,255,2,0,1782509435.498329,28
25.004148,24.99438,0.001525536,0.6988775,0.7596741,1,1,0,6.1035156e-05,0.027954102,25.00415,27,116,1,0,255,2,0,1782509435.498329,28
25.017336,25.014917,0.1664225,0.30537978,0.7559509,1,1,0,0.006652832,0.012207031,25.017334,28,116,0,0,255,2,0,1782509435.498329,28
25.0166,25.014492,0.11450806,0.30384406,0.7784729,1,1,0,0.0045776367,0.012145996,25.016602,28,116,0,0,255,2,0,1782509435.498329,28
25.019775,25.01785,0.062605835,0.30388263,0.89019775,1,1,0,0.0025024414,0.012145996,25.019775,28,116,0,0,255,2,0,1782509435.498329,28
25.019773,25.017927,0.009161839,0.30388263,0.7187195,1,1,0,0.00036621094,0.012145996,25.019775,28,116,0,0,255,2,0,1782509435.498329,28
25.020506,25.018625,-0.042756483,0.3038915,0.81918335,1,1,0,-0.0017089844,0.012145996,25.020508,28,116,0,0,255,2,0,1782509435.498329,28
25.011477,25.005707,0.26252073,0.4686324,1.0046997,1,1,0,0.010498047,0.018737793,25.011475,29,116,1,0,255,2,0,1782509435.498329,28
25.02075,25.015484,0.20917976,0.4688062,0.6255188,1,1,0,0.008361816,0.018737793,25.020752,29,116,1,0,255,2,0,1782509435.498329,28
25.00757,25.002686,0.15718448,0.4685592,0.8878174,1,1,0,0.006286621,0.018737793,25.007568,29,116,1,0,255,2,0,1782509435.498329,28
25.013674,25.00906,0.10532442,0.46867356,0.6875305,1,1,0,0.004211426,0.018737793,25.013672,29,116,1,0,255,2,0,1782509435.498329,28
25.019285,25.014841,0.051910758,0.46877876,0.78704834,1,1,0,0.0020751953,0.018737793,25.019287,29,116,1,0,255,2,0,1782509435.498329,28
24.996096,24.991653,-0.05186264,0.4683442,0.77227783,1,1,0,-0.0020751953,0.018737793,24.996094,29,116,1,0,255,2,0,1782509435.498329,28
25.031006,25.026867,0.27190903,0.3651244,0.7307739,1,1,0,0.010864258,0.014587402,25.031006,60,116,0,0,255,2,0,1782509435.498329,28
25.031006,25.02731,0.21997227,0.36970723,0.7585144,1,1,0,0.0087890625,0.014770508,25.031006,60,116,0,0,255,2,0,1782509435.498329,28
25.028076,25.024748,0.1664879,0.3727188,0.70217896,1,1,0,0.006652832,0.014892578,25.028076,60,116,0,0,255,2,0,1782509435.498329,28
25.019285,25.01618,0.1145158,0.37716857,0.7628784,1,1,0,0.0045776367,0.015075684,25.019287,60,116,0,0,255,2,0,1782509435.498329,28
25.020752,25.017792,0.00916179,0.3848255,0.7741394,1,1,0,0.00036621094,0.015380859,25.020752,60,116,0,0,255,2,0,1782509435.498329,28
25.01831,25.015268,-0.042750746,0.38784158,1.0001526,1,1,0,-0.0017089844,0.01550293,25.01831,60,116,0,0,255,2,0,1782509435.498329,28
25.01831,25.015053,-0.09466191,0.39242202,0.88586426,1,1,0,-0.0037841797,0.015686035,25.01831,60,116,0,0,255,2,0,1782509435.498329,28
24.999998,24.991863,0.26237538,0.5813075,1.059082,1,1,0,0.010498047,0.023254395,25.0,61,116,1,0,255,2,0,1782509435.498329,28
24.997559,24.989855,0.20896544,0.58430135,0.6571655,1,1,0,0.008361816,0.023376465,24.997559,61,116,1,0,255,2,0,1782509435.498329,28
25.001953,24.99452,0.15713315,0.5889808,0.6592102,1,1,0,0.006286621,0.02355957,25.001953,61,116,1,0,255,2,0,1782509435.498329,28
24.999758,24.992525,0.105254784,0.5919799,0.6622925,1,1,0,0.004211426,0.02368164,24.999756,61,116,1,0,255,2,0,1782509435.498329,28
24.993896,24.986725,0.05185241,0.59641635,0.71902466,1,1,0,0.0020751953,0.023864746,24.993896,61,116,1,0,255,2,0,1782509435.498329,28
25.001951,24.994852,-0.051869277,0.5935575,0.6827698,1,1,0,-0.0020751953,0.023742676,25.001953,61,116,1,0,255,2,0,1782509435.498329,28
25.01831,25.011143,0.27021143,0.53440815,0.68322754,1,1,0,0.010803223,0.021362305,25.01831,26,117,0,0,255,2,0,1782509435.5984192,29
25.016602,25.009941,0.21829298,0.5343716,0.692749,1,1,0,0.008728027,0.021362305,25.016602,26,117,0,0,255,2,0,1782509435.5984192,29
25.020752,25.014969,0.061071824,0.5344603,0.7706909,1,1,0,0.0024414062,0.021362305,25.020752,26,117,0,0,255,2,0,1782509435.5984192,29
25.019287,25.013577,0.0076335385,0.534429,0.8546753,1,1,0,0.00030517578,0.021362305,25.019287,26,117,0,0,255,2,0,1782509435.5984192,29
25.003174,24.99253,0.20898782,0.6988502,0.7432556,1,1,0,0.008361816,0.027954102,25.003174,27,117,1,0,255,2,0,1782509435.5984192,29
25.010986,25.00073,0.1556462,0.69906855,0.76171875,1,1,0,0.006225586,0.027954102,25.010986,27,117,1,0,255,2,0,1782509435.5984192,29
25.005371,24.99555,0.05034511,0.6989116,0.7032776,1,1,0,0.0020141602,0.027954102,25.005371,27,117,1,0,255,2,0,1782509435.5984192,29
24.992674,24.982853,-0.053369213,0.6985568,0.78253174,1,1,0,-0.0021362305,0.027954102,24.992676,27,117,1,0,255,2,0,1782509435.5984192,29
25.019531,25.016191,0.27179307,0.3054066,0.74642944,1,1,0,0.010864258,0.012207031,25.019531,28,117,0,0,255,2,0,1782509435.5984192,29
25.021484,25.018654,0.2198962,0.30543044,0.8434143,1,1,0,0.0087890625,0.012207031,25.021484,28,117,0,0,255,2,0,1782509435.5984192,29
25.020754,25.018335,0.16644524,0.3054215,0.7784729,1,1,0,0.006652832,0.012207031,25.020752,28,117,0,0,255,2,0,1782509435.5984192,29
25.023438,25.02131,0.11453928,0.30545428,1.026123,1,1,0,0.0045776367,0.012207031,25.023438,28,117,0,0,255,2,0,1782509435.5984192,29
25.020264,25.018343,0.06108006,0.30388856,0.82437134,1,1,0,0.0024414062,0.012145996,25.020264,28,117,0,0,255,2,0,1782509435.5984192,29
25.028074,25.026228,0.009164879,0.30398342,0.7568054,1,1,0,0.00036621094,0.012145996,25.028076,28,117,0,0,255,2,0,1782509435.5984192,29
25.031006,25.029123,-0.042774424,0.304019,0.72299194,1,1,0,-0.0017089844,0.012145996,25.031006,28,117,0,0,255,2,0,1782509435.5984192,29
25.02124,25.019209,-0.096204706,0.30390042,0.7724304,1,1,0,-0.0038452148,0.012145996,25.02124,28,117,0,0,255,2,0,1782509435.5984192,29
25.015871,25.010101,0.26256686,0.46871474,0.6875305,1,1,0,0.010498047,0.018737793,25.01587,29,117,1,0,255,2,0,1782509435.5984192,29
25.007568,25.002304,0.20906955,0.4685592,0.8652649,1,1,0,0.008361816,0.018737793,25.007568,29,117,1,0,255,2,0,1782509435.5984192,29
25.00122,24.996338,0.15714458,0.46844026,0.5951843,1,1,0,0.006286621,0.018737793,25.00122,29,117,1,0,255,2,0,1782509435.5984192,29
25.000002,24.995398,0.10374125,0.4684174,0.82144165,1,1,0,0.0041503906,0.018737793,25.0,29,117,1,0,255,2,0,1782509435.5984192,29
25.010254,25.00581,0.051892016,0.4686095,0.6526489,1,1,0,0.0020751953,0.018737793,25.010254,29,117,1,0,255,2,0,1782509435.5984192,29
24.997557,24.99317,-0.0,0.46837166,0.684845,1,1,0,-0.0,0.018737793,24.997559,29,117,1,0,255,2,0,1782509435.5984192,29
24.992678,24.988232,-0.0533807,0.46828017,0.734375,1,1,0,-0.0021362305,0.018737793,24.992676,29,117,1,0,255,2,0,1782509435.5984192,29
25.016603,25.01247,0.27327943,0.36338755,0.80358887,1,1,0,0.010925293,0.014526367,25.016602,60,117,0,0,255,2,0,1782509435.5984192,29
25.01465,25.011,0.2198289,0.36641243,0.9923706,1,1,0,0.0087890625,0.0146484375,25.014648,60,117,0,0,255,2,0,1782509435.5984192,29
25.016603,25.013288,0.16793841,0.37102118,1.2937012,1,1,0,0.006713867,0.014831543,25.016602,60,117,0,0,255,2,0,1782509435.5984192,29
25.021484,25.018417,0.11605306,0.37414765,0.8546753,1,1,0,0.004638672,0.014953613,25.021484,60,117,0,0,255,2,0,1782509435.5984192,29
25.017332,25.014389,0.06259718,0.3786659,0.7655029,1,1,0,0.0025024414,0.015136719,25.017334,60,117,0,0,255,2,0,1782509435.5984192,29
25.019775,25.016758,-0.041226387,0.38633737,0.695343,1,1,0,-0.0016479492,0.0154418945,25.019775,60,117,0,0,255,2,0,1782509435.5984192,29
25.02075,25.017542,-0.094671324,0.38940638,0.8338928,1,1,0,-0.0037841797,0.015563965,25.020752,60,117,0,0,255,2,0,1782509435.5984192,29
25.000488,24.992422,0.26238126,0.5782678,0.87060547,1,1,0,0.010498047,0.023132324,25.000488,61,117,1,0,255,2,0,1782509435.5984192,29
25.016846,25.00916,0.21065341,0.58322567,0.6977844,1,1,0,0.008422852,0.02331543,25.016846,61,117,1,0,255,2,0,1782509435.5984192,29
25.009033,25.001661,0.15870407,0.5860956,0.62594604,1,1,0,0.0063476562,0.0234375,25.009033,61,117,1,0,255,2,0,1782509435.5984192,29
25.01587,25.008669,0.10532277,0.59083503,0.78912354,1,1,0,0.004211426,0.023620605,25.01587,61,117,1,0,255,2,0,1782509435.5984192,29
25.009766,25.002659,0.053411525,0.59374297,0.7863159,1,1,0,0.0021362305,0.023742676,25.009766,61,117,1,0,255,2,0,1782509435.5984192,29
25.008055,25.000898,0.0015259337,0.5982802,0.6177368,1,1,0,6.1035156e-05,0.023925781,25.008057,61,117,1,0,255,2,0,1782509435.5984192,29
25.009768,25.0027,-0.051885564,0.59221697,1.0282898,1,1,0,-0.0020751953,0.02368164,25.009766,61,117,1,0,255,2,0,1782509435.5984192,29
25.02124,25.014055,0.268716,0.5359975,0.8390808,1,1,0,0.0107421875,0.02142334,25.02124,26,118,0,0,255,2,0,1782509435.6984847,30
25.019287,25.013035,0.16488323,0.534429,0.9031677,1,1,0,0.006591797,0.021362305,25.019287,26,118,0,0,255,2,0,1782509435.6984847,30
25.019775,25.013817,0.11145146,0.53443944,0.7802124,1,1,0,0.0044555664,0.021362305,25.019775,26,118,0,0,255,2,0,1782509435.6984847,30
25.019773,25.013994,0.059542704,0.53443944,0.81311035,1,1,0,0.002380371,0.021362305,25.019775,26,118,0,0,255,2,0,1782509435.6984847,30
25.019775,25.014065,0.0076336875,0.53443944,0.8460083,1,1,0,0.00030517578,0.021362305,25.019775,26,118,0,0,255,2,0,1782509435.6984847,30
25.012451,25.001331,0.25942254,0.6991095,0.8127136,1,1,0,0.010375977,0.027954102,25.012451,27,118,1,0,255,2,0,1782509435.6984847,30
25.014648,25.004013,0.20755762,0.69917095,0.760376,1,1,0,0.008300781,0.027954102,25.014648,27,118,1,0,255,2,0,1782509435.6984847,30
25.000977,24.991158,0.050336264,0.6987888,0.7463379,1,1,0,0.0020141602,0.027954102,25.000977,27,118,1,0,255,2,0,1782509435.6984847,30
25.005371,24.995602,-0.003051221,0.6989116,0.68688965,1,1,0,-0.00012207031,0.027954102,25.005371,27,118,1,0,255,2,0,1782509435.6984847,30
25.00879,24.998959,-0.054929435,0.69900715,0.7565918,1,1,0,-0.0021972656,0.027954102,25.00879,27,118,1,0,255,2,0,1782509435.6984847,30
25.028074,25.025244,0.2199541,0.3055109,0.49240112,1,1,0,0.0087890625,0.012207031,25.028076,28,118,0,0,255,2,0,1782509435.6984847,30
25.014648,25.01224,0.16793138,0.30382034,0.7802124,1,1,0,0.006713867,0.012145996,25.014648,28,118,0,0,255,2,0,1782509435.6984847,30
25.019773,25.017666,0.11452259,0.30388263,0.8356323,1,1,0,0.0045776367,0.012145996,25.019775,28,118,0,0,255,2,0,1782509435.6984847,30
25.018309,25.01646,0.010688187,0.30386484,0.7672119,1,1,0,0.0004272461,0.012145996,25.01831,28,118,0,0,255,2,0,1782509435.6984847,30
25.016602,25.014719,-0.042749807,0.30384406,0.7689514,1,1,0,-0.0017089844,0.012145996,25.016602,28,118,0,0,255,2,0,1782509435.6984847,30
25.016602,25.014576,-0.0946601,0.30384406,0.7758789,1,1,0,-0.0037841797,0.012145996,25.016602,28,118,0,0,255,2,0,1782509435.6984847,30
25.01123,25.005463,0.26251817,0.4686278,0.6782837,1,1,0,0.010498047,0.018737793,25.01123,29,118,1,0,255,2,0,1782509435.6984847,30
25.009033,25.003756,0.2106079,0.46858665,0.66186523,1,1,0,0.008422852,0.018737793,25.009033,29,118,1,0,255,2,0,1782509435.6984847,30
25.001953,24.99707,0.15714918,0.468454,0.7319946,1,1,0,0.006286621,0.018737793,25.001953,29,118,1,0,255,2,0,1782509435.6984847,30
25.00415,24.999704,0.05340521,0.46849516,0.6602173,1,1,0,0.0021362305,0.018737793,25.00415,29,118,1,0,255,2,0,1782509435.6984847,30
25.02539,25.020998,-0.0,0.46889314,1.1452026,1,1,0,-0.0,0.018737793,25.02539,29,118,1,0,255,2,0,1782509435.6984847,30
25.019285,25.014841,-0.051910758,0.46877876,0.85787964,1,1,0,-0.0020751953,0.018737793,25.019287,29,118,1,0,255,2,0,1782509435.6984847,30
25.019289,25.015116,0.27483532,0.3649535,0.7905884,1,1,0,0.010986328,0.014587402,25.019287,60,118,0,0,255,2,0,1782509435.6984847,30
25.031006,25.027283,0.22302733,0.36970723,0.7749939,1,1,0,0.008911133,0.014770508,25.031006,60,118,0,0,255,2,0,1782509435.6984847,30
25.01831,25.014963,0.16947652,0.37257338,0.88412476,1,1,0,0.0067749023,0.014892578,25.01831,60,118,0,0,255,2,0,1782509435.6984847,30
25.019285,25.016167,0.11756952,0.37716857,0.9984131,1,1,0,0.004699707,0.015075684,25.019287,60,118,0,0,255,2,0,1782509435.6984847,30
25.021484,25.018509,0.06566152,0.38025573,0.8001404,1,1,0,0.0026245117,0.015197754,25.021484,60,118,0,0,255,2,0,1782509435.6984847,30
25.011719,25.008757,0.012211308,0.38468656,0.74298096,1,1,0,0.00048828125,0.015380859,25.011719,60,118,0,0,255,2,0,1782509435.6984847,30
25.020266,25.017227,-0.03970022,0.38787183,0.9300232,1,1,0,-0.0015869141,0.01550293,25.020264,60,118,0,0,255,2,0,1782509435.6984847,30
25.014648,25.011404,-0.091594905,0.3923646,0.6970825,1,1,0,-0.0036621094,0.015686035,25.014648,60,118,0,0,255,2,0,1782509435.6984847,30
25.003176,24.995005,0.26545987,0.58138126,0.76171875,1,1,0,0.010620117,0.023254395,25.003174,61,118,1,0,255,2,0,1782509435.6984847,30
25.00415,24.996418,0.21207188,0.58445543,0.86938477,1,1,0,0.008483887,0.023376465,25.00415,61,118,1,0,255,2,0,1782509435.6984847,30
25.003174,24.995722,0.16019206,0.5890095,0.77401733,1,1,0,0.0064086914,0.02355957,25.003174,61,118,1,0,255,2,0,1782509435.6984847,30
25.013672,25.006424,0.10836592,0.5923094,0.7152405,1,1,0,0.004333496,0.02368164,25.013672,61,118,1,0,255,2,0,1782509435.6984847,30
24.999756,24.992577,0.054915413,0.5965562,0.63049316,1,1,0,0.0021972656,0.023864746,24.999756,61,118,1,0,255,2,0,1782509435.6984847,30
25.00879,25.001595,0.0030519525,0.5998237,0.9062805,1,1,0,0.00012207031,0.023986816,25.00879,61,118,1,0,255,2,0,1782509435.6984847,30
25.003174,24.996038,-0.050346095,0.5951121,0.7125244,1,1,0,-0.0020141602,0.023803711,25.003174,61,118,1,0,255,2,0,1782509435.6984847,30
25.01074,25.003527,0.27165547,0.5357726,0.66763306,1,1,0,0.010864258,0.02142334,25.010742,26,119,0,0,255,2,0,1782509435.7984636,31
25.019775,25.013083,0.2183204,0.53596616,0.7784729,1,1,0,0.008728027,0.02142334,25.019775,26,119,0,0,255,2,0,1782509435.7984636,31
25.015627,25.009365,0.16638556,0.53435075,0.82092285,1,1,0,0.006652832,0.021362305,25.015625,26,119,0,0,255,2,0,1782509435.7984636,31
25.020508,25.014544,0.1129815,0.53445506,0.73950195,1,1,0,0.0045166016,0.021362305,25.020508,26,119,0,0,255,2,0,1782509435.7984636,31
25.004883,24.99914,-0.04424901,0.53412133,0.9776306,1,1,0,-0.0017700195,0.021362305,25.004883,26,119,0,0,255,2,0,1782509435.7984636,31
25.01831,25.012417,-0.09617859,0.53440815,0.7187195,1,1,0,-0.0038452148,0.021362305,25.01831,26,119,0,0,255,2,0,1782509435.7984636,31
25.009033,24.998777,0.15563405,0.699014,0.619812,1,1,0,0.006225586,0.027954102,25.009033,27,119,1,0,255,2,0,1782509435.7984636,31
25.011477,25.00165,0.05188338,0.6990822,0.8652649,1,1,0,0.0020751953,0.027954102,25.011475,27,119,1,0,255,2,0,1782509435.7984636,31
25.013672,25.003841,-0.05341405,0.69914365,0.65057373,1,1,0,-0.0021362305,0.027954102,25.013672,27,119,1,0,255,2,0,1782509435.7984636,31
25.01953,25.017683,0.00916175,0.30387965,0.6944885,1,1,0,0.00036621094,0.012145996,25.019531,28,119,0,0,255,2,0,1782509435.7984636,31
25.003174,24.997423,0.2609079,0.46847686,0.736084,1,1,0,0.010437012,0.018737793,25.003174,29,119,1,0,255,2,0,1782509435.7984636,31
25.014648,25.009382,0.20912874,0.46869186,0.6864929,1,1,0,0.008361816,0.018737793,25.014648,29,119,1,0,255,2,0,1782509435.7984636,31
25.012451,25.007576,0.15568882,0.4686507,0.6885376,1,1,0,0.006225586,0.018737793,25.012451,29,119,1,0,255,2,0,1782509435.7984636,31
25.008787,25.004183,0.103777714,0.46858206,0.8529663,1,1,0,0.0041503906,0.018737793,25.00879,29,119,1,0,255,2,0,1782509435.7984636,31
25.003176,24.998785,-0.0015258047,0.46847686,0.7996521,1,1,0,-6.1035156e-05,0.018737793,25.003174,29,119,1,0,255,2,0,1782509435.7984636,31
25.020996,25.016903,0.2718008,0.36192438,0.74472046,1,1,0,0.010864258,0.014465332,25.020996,60,119,0,0,255,2,0,1782509435.7984636,31
25.020752,25.017101,0.21988255,0.36650184,0.75424194,1,1,0,0.0087890625,0.0146484375,25.020752,60,119,0,0,255,2,0,1782509435.7984636,31
25.032715,25.02943,0.16651905,0.36973247,0.69525146,1,1,0,0.006652832,0.014770508,25.032715,60,119,0,0,255,2,0,1782509435.7984636,31
25.020264,25.017227,0.11452059,0.37260246,1.0832825,1,1,0,0.0045776367,0.014892578,25.020264,60,119,0,0,255,2,0,1782509435.7984636,31
25.01001,25.007093,0.061052598,0.3770287,1.0867615,1,1,0,0.0024414062,0.015075684,25.01001,60,119,0,0,255,2,0,1782509435.7984636,31
25.015623,25.01271,0.009159929,0.38169333,0.7706909,1,1,0,0.00036621094,0.015258789,25.015625,60,119,0,0,255,2,0,1782509435.7984636,31
25.015625,25.01263,-0.042746235,0.38474664,0.8477478,1,1,0,-0.0017089844,0.015380859,25.015625,60,119,0,0,255,2,0,1782509435.7984636,31
25.011477,25.00344,0.26249692,0.5769958,0.91448975,1,1,0,0.010498047,0.023071289,25.011475,61,119,1,0,255,2,0,1782509435.7984636,31
25.007566,24.999931,0.20904972,0.5814835,0.82836914,1,1,0,0.008361816,0.023254395,25.007568,61,119,1,0,255,2,0,1782509435.7984636,31
25.020262,25.012932,0.1572489,0.5848321,0.6998291,1,1,0,0.006286621,0.023376465,25.020264,61,119,1,0,255,2,0,1782509435.7984636,31
25.009033,25.001871,0.105294146,0.58914757,0.6557007,1,1,0,0.004211426,0.02355957,25.009033,61,119,1,0,255,2,0,1782509435.7984636,31
25.003172,24.996054,-0.0,0.5966378,0.72994995,1,1,0,-0.0,0.023864746,25.003174,61,119,1,0,255,2,0,1782509435.7984636,31
24.993896,24.98676,-0.053377558,0.5948913,0.71698,1,1,0,-0.0021362305,0.023803711,24.993896,61,119,1,0,255,2,0,1782509435.7984636,31
25.015623,25.00844,0.2686557,0.5358772,0.6434021,1,1,0,0.0107421875,0.02142334,25.015625,26,120,0,0,255,2,0,1782509435.8985393,32
25.016602,25.009922,0.21676621,0.53589815,0.80618286,1,1,0,0.008666992,0.02142334,25.016602,26,120,0,0,255,2,0,1782509435.8985393,32
25.019775,25.013523,0.16488644,0.53443944,0.6970825,1,1,0,0.006591797,0.021362305,25.019775,26,120,0,0,255,2,0,1782509435.8985393,32
25.021484,25.015526,0.11145908,0.5344759,0.8321533,1,1,0,0.0044555664,0.021362305,25.021484,26,120,0,0,255,2,0,1782509435.8985393,32
25.020996,25.015285,0.00763406,0.5344655,0.96377563,1,1,0,0.00030517578,0.021362305,25.020996,26,120,0,0,255,2,0,1782509435.8985393,32
25.017332,25.011583,-0.045797627,0.5343873,0.9135742,1,1,0,-0.0018310547,0.021362305,25.017334,26,120,0,0,255,2,0,1782509435.8985393,32
25.006838,24.995722,0.2593643,0.69895256,0.46484375,1,1,0,0.010375977,0.027954102,25.006836,27,120,1,0,255,2,0,1782509435.8985393,32
25.017332,25.006697,0.2075799,0.699246,0.60702515,1,1,0,0.008300781,0.027954102,25.017334,27,120,1,0,255,2,0,1782509435.8985393,32
25.012451,25.002203,0.1541293,0.6991095,0.7480774,1,1,0,0.006164551,0.027954102,25.012451,27,120,1,0,255,2,0,1782509435.8985393,32
25.009033,24.999054,0.102230586,0.699014,0.6454468,1,1,0,0.0040893555,0.027954102,25.009033,27,120,1,0,255,2,0,1782509435.8985393,32
25.003172,24.993353,0.050340686,0.6988502,0.71661377,1,1,0,0.0020141602,0.027954102,25.003174,27,120,1,0,255,2,0,1782509435.8985393,32
24.997072,24.987305,-0.003050208,0.6986796,0.8357849,1,1,0,-0.00012207031,0.027954102,24.99707,27,120,1,0,255,2,0,1782509435.8985393,32
25.012451,25.002619,-0.05493748,0.6991095,0.6752014,1,1,0,-0.0021972656,0.027954102,25.012451,27,120,1,0,255,2,0,1782509435.8985393,32
25.016603,25.013247,0.27328792,0.30537084,0.711792,1,1,0,0.010925293,0.012207031,25.016602,28,120,0,0,255,2,0,1782509435.8985393,32
25.019773,25.017365,0.1679658,0.30388263,0.8460083,1,1,0,0.006713867,0.012145996,25.019775,28,120,0,0,255,2,0,1782509435.8985393,32
25.016602,25.014486,0.11603482,0.30384406,0.7074585,1,1,0,0.004638672,0.012145996,25.016602,28,120,0,0,255,2,0,1782509435.8985393,32
25.016602,25.014677,0.06259789,0.30384406,0.7854004,1,1,0,0.0025024414,0.012145996,25.016602,28,120,0,0,255,2,0,1782509435.8985393,32
25.019285,25.017437,0.010688604,0.3038767,0.82263184,1,1,0,0.0004272461,0.012145996,25.019287,28,120,0,0,255,2,0,1782509435.8985393,32
25.016602,25.01472,-0.04122303,0.30384406,0.87979126,1,1,0,-0.0016479492,0.012145996,25.016602,28,120,0,0,255,2,0,1782509435.8985393,32
25.009033,25.004139,0.15871981,0.46858665,0.6392822,1,1,0,0.0063476562,0.018737793,25.009033,29,120,1,0,255,2,0,1782509435.8985393,32
25.010986,25.006596,0.0015262815,0.46862325,0.8652649,1,1,0,6.1035156e-05,0.018737793,25.010986,29,120,1,0,255,2,0,1782509435.8985393,32
25.01831,25.014227,0.26871786,0.36341238,0.7559509,1,1,0,0.0107421875,0.014526367,25.01831,60,120,0,0,255,2,0,1782509435.8985393,32
25.019531,25.015884,0.2168179,0.36801082,0.76116943,1,1,0,0.008666992,0.014709473,25.019531,60,120,0,0,255,2,0,1782509435.8985393,32
25.019775,25.01648,0.16490594,0.37106827,0.81311035,1,1,0,0.006591797,0.014831543,25.019775,60,120,0,0,255,2,0,1782509435.8985393,32
25.015623,25.012556,0.111445844,0.3755867,0.81658936,1,1,0,0.0044555664,0.015014648,25.015625,60,120,0,0,255,2,0,1782509435.8985393,32
25.019777,25.01684,0.006107627,0.3832836,0.7628784,1,1,0,0.00024414062,0.015319824,25.019775,60,120,0,0,255,2,0,1782509435.8985393,32
25.017332,25.014309,-0.04580262,0.38629967,0.74990845,1,1,0,-0.0018310547,0.0154418945,25.017334,60,120,0,0,255,2,0,1782509435.8985393,32
25.01367,25.005598,0.25946683,0.5800991,0.72036743,1,1,0,0.010375977,0.02319336,25.013672,61,120,1,0,255,2,0,1782509435.8985393,32
25.009766,25.002106,0.2075418,0.5830606,0.78326416,1,1,0,0.008300781,0.02331543,25.009766,61,120,1,0,255,2,0,1782509435.8985393,32
25.00415,24.996773,0.15409583,0.58750683,0.764801,1,1,0,0.006164551,0.023498535,25.00415,61,120,1,0,255,2,0,1782509435.8985393,32
25.00879,25.001604,0.10224102,0.59066784,0.76275635,1,1,0,0.0040893555,0.023620605,25.00879,61,120,1,0,255,2,0,1782509435.8985393,32
25.000978,24.993847,0.048816167,0.5950598,0.6684265,1,1,0,0.001953125,0.023803711,25.000977,61,120,1,0,255,2,0,1782509435.8985393,32
25.006592,24.999434,-0.0030516887,0.59824514,0.81607056,1,1,0,-0.00012207031,0.023925781,25.006592,61,120,1,0,255,2,0,1782509435.8985393,32
24.992678,24.985537,-0.054899946,0.5948622,0.819397,1,1,0,-0.0021972656,0.023803711,24.992676,61,120,1,0,255,2,0,1782509435.8985393,32
25.021973,25.01531,0.21833986,0.53448635,0.75942993,1,1,0,0.008728027,0.021362305,25.021973,26,121,0,0,255,2,0,1782509435.9985301,33
25.02124,25.014978,0.1664229,0.53447074,0.8295593,1,1,0,0.006652832,0.021362305,25.02124,26,121,0,0,255,2,0,1782509435.9985301,33
25.020506,25.014536,0.114508264,0.53445506,0.8477478,1,1,0,0.0045776367,0.021362305,25.020508,26,121,0,0,255,2,0,1782509435.9985301,33
25.019775,25.014065,0.009160425,0.53443944,0.87286377,1,1,0,0.00036621094,0.021362305,25.019775,26,121,0,0,255,2,0,1782509435.9985301,33
25.0271,25.021204,-0.09621238,0.5345959,0.69784546,1,1,0,-0.0038452148,0.021362305,25.0271,26,121,0,0,255,2,0,1782509435.9985301,33
25.006592,24.99546,0.2608874,0.69894576,0.776062,1,1,0,0.010437012,0.027954102,25.006592,27,121,1,0,255,2,0,1782509435.9985301,33
25.00537,24.994726,0.20900619,0.6989116,0.7381592,1,1,0,0.008361816,0.027954102,25.005371,27,121,1,0,255,2,0,1782509435.9985301,33
24.993896,24.983637,0.15706474,0.69859093,0.9361572,1,1,0,0.006286621,0.027954102,24.993896,27,121,1,0,255,2,0,1782509435.9985301,33
25.020264,25.010273,0.103802994,0.6993279,0.6885376,1,1,0,0.0041503906,0.027954102,25.020264,27,121,1,0,255,2,0,1782509435.9985301,33
24.99878,24.988958,0.051857047,0.69872737,0.6294861,1,1,0,0.0020751953,0.027954102,24.99878,27,121,1,0,255,2,0,1782509435.9985301,33
25.014648,25.004818,-0.053416137,0.69917095,0.7439575,1,1,0,-0.0021362305,0.027954102,25.014648,27,121,1,0,255,2,0,1782509435.9985301,33
25.031738,25.02838,0.27345327,0.3055556,0.7619934,1,1,0,0.010925293,0.012207031,25.031738,28,121,0,0,255,2,0,1782509435.9985301,33
25.026121,25.023712,0.16800842,0.3039597,0.664917,1,1,0,0.006713867,0.012145996,25.026123,28,121,0,0,255,2,0,1782509435.9985301,33
25.017334,25.015219,0.11603822,0.30385298,0.8694153,1,1,0,0.004638672,0.012145996,25.017334,28,121,0,0,255,2,0,1782509435.9985301,33
25.019773,25.017925,0.0106888125,0.30388263,0.80358887,1,1,0,0.0004272461,0.012145996,25.019775,28,121,0,0,255,2,0,1782509435.9985301,33
25.01831,25.016285,-0.09466657,0.30386484,0.69189453,1,1,0,-0.0037841797,0.012145996,25.01831,28,121,0,0,255,2,0,1782509435.9985301,33
25.013674,25.008394,0.21064697,0.46867356,0.72753906,1,1,0,0.008422852,0.018737793,25.013672,29,121,1,0,255,2,0,1782509435.9985301,33
25.000975,24.996084,0.15866868,0.4684357,0.78326416,1,1,0,0.0063476562,0.018737793,25.000977,29,121,1,0,255,2,0,1782509435.9985301,33
25.006594,25.001982,0.10529461,0.4685409,0.93704224,1,1,0,0.004211426,0.018737793,25.006592,29,121,1,0,255,2,0,1782509435.9985301,33
25.00757,25.00318,-0.0,0.4685592,0.764801,1,1,0,-0.0,0.018737793,25.007568,29,121,1,0,255,2,0,1782509435.9985301,33
25.0,24.995558,-0.05187074,0.4684174,0.76919556,1,1,0,-0.0020751953,0.018737793,25.0,29,121,1,0,255,2,0,1782509435.9985301,33
25.015625,25.011549,0.27021584,0.3618467,0.8338928,1,1,0,0.010803223,0.014465332,25.015625,60,121,0,0,255,2,0,1782509435.9985301,33
25.017332,25.013697,0.21832578,0.36645177,0.7187195,1,1,0,0.008728027,0.0146484375,25.017334,60,121,0,0,255,2,0,1782509435.9985301,33
25.010744,25.007462,0.1663729,0.36940792,1.07724,1,1,0,0.006652832,0.014770508,25.010742,60,121,0,0,255,2,0,1782509435.9985301,33
25.015623,25.012571,0.11297259,0.37406006,0.72998047,1,1,0,0.0045166016,0.014953613,25.015625,60,121,0,0,255,2,0,1782509435.9985301,33
25.010742,25.00783,0.0076317843,0.38161883,0.6884155,1,1,0,0.00030517578,0.015258789,25.010742,60,121,0,0,255,2,0,1782509435.9985301,33
25.01465,25.011652,-0.044271156,0.38473162,0.80358887,1,1,0,-0.0017700195,0.015380859,25.014648,60,121,0,0,255,2,0,1782509435.9985301,33
25.020996,25.01778,-0.096199214,0.38941017,0.88586426,1,1,0,-0.0038452148,0.015563965,25.020996,60,121,0,0,255,2,0,1782509435.9985301,33
25.01367,25.006033,0.20910074,0.5816254,0.73062134,1,1,0,0.008361816,0.023254395,25.013672,61,121,1,0,255,2,0,1782509435.9985301,33
25.013672,25.006353,0.15568122,0.584678,0.7655029,1,1,0,0.006225586,0.023376465,25.013672,61,121,1,0,255,2,0,1782509435.9985301,33
24.99756,24.990408,0.10372054,0.58887726,0.7555847,1,1,0,0.0041503906,0.02355957,24.997559,61,121,1,0,255,2,0,1782509435.9985301,33
25.019531,25.012465,0.05037918,0.5924482,0.61935425,1,1,0,0.0020141602,0.02368164,25.019531,61,121,1,0,255,2,0,1782509435.9985301,33
25.021484,25.014359,-0.0015267553,0.5970747,0.72036743,1,1,0,-6.1035156e-05,0.023864746,25.021484,61,121,1,0,255,2,0,1782509435.9985301,33
25.013672,25.006529,-0.05341979,0.595362,0.68136597,1,1,0,-0.0021362305,0.023803711,25.013672,61,121,1,0,255,2,0,1782509435.9985301,33
25.01831,25.011126,0.27173802,0.53440815,0.7966614,1,1,0,0.010864258,0.021362305,25.01831,26,122,0,0,255,2,0,1782509436.0987604,34
25.017336,25.010674,0.21829937,0.5343873,0.81137085,1,1,0,0.008728027,0.021362305,25.017334,26,122,0,0,255,2,0,1782509436.0987604,34
25.020266,25.014002,0.1664164,0.5344499,1.0001526,1,1,0,0.006652832,0.021362305,25.020264,26,122,0,0,255,2,0,1782509436.0987604,34
25.014648,25.008686,0.11295504,0.5343299,0.68582153,1,1,0,0.0045166016,0.021362305,25.014648,26,122,0,0,255,2,0,1782509436.0987604,34
25.015627,25.00988,-0.04426802,0.53435075,0.7932129,1,1,0,-0.0017700195,0.021362305,25.015625,26,122,0,0,255,2,0,1782509436.0987604,34
25.01367,25.003023,0.20907557,0.69914365,0.68444824,1,1,0,0.008361816,0.027954102,25.013672,27,122,1,0,255,2,0,1782509436.0987604,34
25.010986,25.001,0.103764504,0.69906855,0.79556274,1,1,0,0.0041503906,0.027954102,25.010986,27,122,1,0,255,2,0,1782509436.0987604,34
25.014648,25.004822,0.051889963,0.69917095,0.80041504,1,1,0,0.0020751953,0.027954102,25.014648,27,122,1,0,255,2,0,1782509436.0987604,34
25.021486,25.011652,-0.053430736,0.699362,0.7901306,1,1,0,-0.0021362305,0.027954102,25.021484,27,122,1,0,255,2,0,1782509436.0987604,34
25.02124,25.01841,0.21989405,0.30542746,0.8295593,1,1,0,0.0087890625,0.012207031,25.02124,28,122,0,0,255,2,0,1782509436.0987604,34
25.021484,25.019056,0.16797715,0.30543044,0.88586426,1,1,0,0.006713867,0.012207031,25.021484,28,122,0,0,255,2,0,1782509436.0987604,34
25.01367,25.011562,0.11449465,0.30380848,0.7905884,1,1,0,0.0045776367,0.012145996,25.013672,28,122,0,0,255,2,0,1782509436.0987604,34
25.016602,25.014753,0.009160677,0.30384406,0.80792236,1,1,0,0.00036621094,0.012145996,25.016602,28,122,0,0,255,2,0,1782509436.0987604,34
25.013674,25.007904,0.2625438,0.46867356,0.726532,1,1,0,0.010498047,0.018737793,25.013672,29,122,1,0,255,2,0,1782509436.0987604,34
25.008057,25.002779,0.21059968,0.46856835,0.61364746,1,1,0,0.008422852,0.018737793,25.008057,29,122,1,0,255,2,0,1782509436.0987604,34
25.010254,25.00537,0.15720135,0.4686095,0.61465454,1,1,0,0.006286621,0.018737793,25.010254,29,122,1,0,255,2,0,1782509436.0987604,34
25.003176,24.998564,0.10528021,0.46847686,0.6376648,1,1,0,0.004211426,0.018737793,25.003174,29,122,1,0,255,2,0,1782509436.0987604,34
25.014648,25.010204,0.051901136,0.46869186,0.6434021,1,1,0,0.0020751953,0.018737793,25.014648,29,122,1,0,255,2,0,1782509436.0987604,34
25.016848,25.012455,-0.0,0.46873304,0.6998291,1,1,0,-0.0,0.018737793,25.016846,29,122,1,0,255,2,0,1782509436.0987604,34
25.014648,25.010204,-0.051901136,0.46869186,0.7685852,1,1,0,-0.0020751953,0.018737793,25.014648,29,122,1,0,255,2,0,1782509436.0987604,34
25.016602,25.012531,0.27175328,0.3603341,1.0244141,1,1,0,0.010864258,0.014404297,25.016602,60,122,0,0,255,2,0,1782509436.0987604,34
25.021484,25.017855,0.21988916,0.36498553,0.80792236,1,1,0,0.0087890625,0.014587402,25.021484,60,122,0,0,255,2,0,1782509436.0987604,34
25.020994,25.017725,0.16796821,0.36803237,0.9109802,1,1,0,0.006713867,0.014709473,25.020996,60,122,0,0,255,2,0,1782509436.0987604,34
25.03125,25.028212,0.11457087,0.37276608,0.7845459,1,1,0,0.0045776367,0.014892578,25.03125,60,122,0,0,255,2,0,1782509436.0987604,34
25.028076,25.025177,0.06262417,0.37577364,0.7619934,1,1,0,0.0025024414,0.015014648,25.028076,60,122,0,0,255,2,0,1782509436.0987604,34
25.016602,25.01363,-0.042747945,0.38323495,0.96640015,1,1,0,-0.0017089844,0.015319824,25.016602,60,122,0,0,255,2,0,1782509436.0987604,34
25.020264,25.017078,-0.09466957,0.38787183,0.87545776,1,1,0,-0.0037841797,0.01550293,25.020264,60,122,0,0,255,2,0,1782509436.0987604,34
25.00415,24.996153,0.26242042,0.5753011,0.7996521,1,1,0,0.010498047,0.023010254,25.00415,61,122,1,0,255,2,0,1782509436.0987604,34
25.006592,24.99898,0.21056767,0.5799349,0.9083252,1,1,0,0.008422852,0.02319336,25.006592,61,122,1,0,255,2,0,1782509436.0987604,34
25.012451,25.00516,0.15720004,0.5831232,0.760376,1,1,0,0.006286621,0.02331543,25.012451,61,122,1,0,255,2,0,1782509436.0987604,34
24.998777,24.991655,0.10525112,0.58738065,0.764801,1,1,0,0.004211426,0.023498535,24.99878,61,122,1,0,255,2,0,1782509436.0987604,34
25.009766,25.002735,0.051885635,0.5906909,0.82424927,1,1,0,0.0020751953,0.023620605,25.009766,61,122,1,0,255,2,0,1782509436.0987604,34
25.005371,24.998287,-0.0,0.5951644,0.764801,1,1,0,-0.0,0.023803711,25.005371,61,122,1,0,255,2,0,1782509436.0987604,34
24.994873,24.987812,-0.051854666,0.5918643,0.76101685,1,1,0,-0.0020751953,0.02368164,24.994873,61,122,1,0,255,2,0,1782509436.0987604,34
25.016602,25.009384,0.2717191,0.53589815,0.76116943,1,1,0,0.010864258,0.02142334,25.016602,26,123,0,0,255,2,0,1782509436.1992888,35
25.020264,25.013601,0.21832494,0.5344499,0.76116943,1,1,0,0.008728027,0.021362305,25.020264,26,123,0,0,255,2,0,1782509436.1992888,35
25.020752,25.014788,0.1129826,0.5344603,0.8460083,1,1,0,0.0045166016,0.021362305,25.020752,26,123,0,0,255,2,0,1782509436.1992888,35
25.01367,25.007963,0.00915819,0.534309,0.76116943,1,1,0,0.00036621094,0.021362305,25.013672,26,123,0,0,255,2,0,1782509436.1992888,35
25.01367,25.003683,0.10377564,0.69914365,0.653656,1,1,0,0.0041503906,0.027954102,25.013672,27,123,1,0,255,2,0,1782509436.1992888,35
24.990723,24.980906,0.051840335,0.6985022,0.6161499,1,1,0,0.0020751953,0.027954102,24.990723,27,123,1,0,255,2,0,1782509436.1992888,35
25.00415,24.994324,-0.053393718,0.6988775,0.7914429,1,1,0,-0.0021362305,0.027954102,25.00415,27,123,1,0,255,2,0,1782509436.1992888,35
25.032715,25.029408,0.27040878,0.30403978,0.7663269,1,1,0,0.010803223,0.012145996,25.032715,28,123,0,0,255,2,0,1782509436.1992888,35
25.0271,25.0243,0.21841832,0.30397156,0.7550659,1,1,0,0.008728027,0.012145996,25.0271,28,123,0,0,255,2,0,1782509436.1992888,35
25.019775,25.017376,0.16643886,0.30388263,0.715271,1,1,0,0.006652832,0.012145996,25.019775,28,123,0,0,255,2,0,1782509436.1992888,35
25.019285,25.017185,0.11299343,0.3038767,0.74642944,1,1,0,0.0045166016,0.012145996,25.019287,28,123,0,0,255,2,0,1782509436.1992888,35
25.020506,25.01866,0.0076350896,0.3038915,0.7836609,1,1,0,0.00030517578,0.012145996,25.020508,28,123,0,0,255,2,0,1782509436.1992888,35
25.019531,25.0175,-0.096198134,0.30387965,0.695343,1,1,0,-0.0038452148,0.012145996,25.019531,28,123,0,0,255,2,0,1782509436.1992888,35
25.00415,24.99971,0.05035349,0.46849516,0.7893982,1,1,0,0.0020141602,0.018737793,25.00415,29,123,1,0,255,2,0,1782509436.1992888,35
24.99878,24.99442,-0.0015255383,0.466869,0.7350769,1,1,0,-6.1035156e-05,0.018676758,24.99878,29,123,1,0,255,2,0,1782509436.1992888,35
25.026121,25.022043,0.2703292,0.36199856,0.7637329,1,1,0,0.010803223,0.014465332,25.026123,60,123,0,0,255,2,0,1782509436.1992888,35
25.02905,25.025414,0.21842805,0.3666234,0.70825195,1,1,0,0.008728027,0.0146484375,25.029053,60,123,0,0,255,2,0,1782509436.1992888,35
25.02051,25.017235,0.16491091,0.36955217,0.80618286,1,1,0,0.006591797,0.014770508,25.020508,60,123,0,0,255,2,0,1782509436.1992888,35
25.031248,25.028196,0.11304316,0.37429368,0.74380493,1,1,0,0.0045166016,0.014953613,25.03125,60,123,0,0,255,2,0,1782509436.1992888,35
25.01172,25.008722,-0.04426597,0.38468656,0.81658936,1,1,0,-0.0017700195,0.015380859,25.011719,60,123,0,0,255,2,0,1782509436.1992888,35
25.00537,24.997318,0.2609068,0.57838076,0.8427124,1,1,0,0.010437012,0.023132324,25.005371,61,123,1,0,255,2,0,1782509436.1992888,35
25.010986,25.003363,0.20755222,0.58156294,0.7227783,1,1,0,0.008300781,0.023254395,25.010986,61,123,1,0,255,2,0,1782509436.1992888,35
25.006836,24.999735,0.05035354,0.5936734,0.6095276,1,1,0,0.0020141602,0.023742676,25.006836,61,123,1,0,255,2,0,1782509436.1992888,35
24.992674,24.985558,-0.0015249974,0.59638727,0.74871826,1,1,0,-6.1035156e-05,0.023864746,24.992676,61,123,1,0,255,2,0,1782509436.1992888,35
25.015627,25.00846,0.27018246,0.53435075,0.695343,1,1,0,0.010803223,0.021362305,25.015625,26,124,0,0,255,2,0,1782509436.2989962,36
25.015627,25.009844,0.06105931,0.53435075,0.75942993,1,1,0,0.0024414062,0.021362305,25.015625,26,124,0,0,255,2,0,1782509436.2989962,36
25.013672,25.002537,0.26096126,0.69914365,0.7901306,1,1,0,0.010437012,0.027954102,25.013672,27,124,1,0,255,2,0,1782509436.2989962,36
25.001955,24.991701,0.15559,0.6988161,0.7022705,1,1,0,0.006225586,0.027954102,25.001953,27,124,1,0,255,2,0,1782509436.2989962,36
25.005371,24.995544,-0.053396326,0.6989116,0.74121094,1,1,0,-0.0021362305,0.027954102,25.005371,27,124,1,0,255,2,0,1782509436.2989962,36
25.02124,25.018423,0.21836703,0.30542746,0.82785034,1,1,0,0.008728027,0.012207031,25.02124,28,124,0,0,255,2,0,1782509436.2989962,36
25.02124,25.01885,0.16492157,0.30390042,0.7966614,1,1,0,0.006591797,0.012145996,25.02124,28,124,0,0,255,2,0,1782509436.2989962,36
25.022703,25.020603,0.113008864,0.30391818,0.8390808,1,1,0,0.0045166016,0.012145996,25.022705,28,124,0,0,255,2,0,1782509436.2989962,36
25.00879,25.003036,0.26096648,0.46858206,0.7801819,1,1,0,0.010437012,0.018737793,25.00879,29,124,1,0,255,2,0,1782509436.2989962,36
25.006592,25.00134,0.20753545,0.4685409,0.809906,1,1,0,0.008300781,0.018737793,25.006592,29,124,1,0,255,2,0,1782509436.2989962,36
25.007568,25.002964,0.10377266,0.4685592,0.84680176,1,1,0,0.0041503906,0.018737793,25.007568,29,124,1,0,255,2,0,1782509436.2989962,36
25.001953,24.997513,0.050349064,0.468454,0.67559814,1,1,0,0.0020141602,0.018737793,25.001953,29,124,1,0,255,2,0,1782509436.2989962,36
25.00757,25.00312,-0.05493858,0.4685592,0.68585205,1,1,0,-0.0021972656,0.018737793,25.007568,29,124,1,0,255,2,0,1782509436.2989962,36
25.017334,25.01323,0.26870713,0.364925,0.7161255,1,1,0,0.0107421875,0.014587402,25.017334,60,124,0,0,255,2,0,1782509436.2989962,36
25.031006,25.027357,0.21691734,0.36817962,0.83654785,1,1,0,0.008666992,0.014709473,25.031006,60,124,0,0,255,2,0,1782509436.2989962,36
25.019775,25.016468,0.16337891,0.3725952,0.7334595,1,1,0,0.0065307617,0.014892578,25.019775,60,124,0,0,255,2,0,1782509436.2989962,36
25.022705,25.019634,0.11147738,0.375693,0.87112427,1,1,0,0.0044555664,0.015014648,25.022705,60,124,0,0,255,2,0,1782509436.2989962,36
25.019285,25.016325,0.05954825,0.38022232,1.1646729,1,1,0,0.002380371,0.015197754,25.019287,60,124,0,0,255,2,0,1782509436.2989962,36
25.021484,25.018547,0.0061080437,0.38330975,0.8581543,1,1,0,0.00024414062,0.015319824,25.021484,60,124,0,0,255,2,0,1782509436.2989962,36
25.019531,25.016483,-0.045806598,0.38786048,0.7706909,1,1,0,-0.0018310547,0.01550293,25.019531,60,124,0,0,255,2,0,1782509436.2989962,36
25.000002,24.991932,0.259325,0.579782,0.80096436,1,1,0,0.010375977,0.02319336,25.0,61,124,1,0,255,2,0,1782509436.2989962,36
24.99878,24.9911,0.20592499,0.58432984,0.6684265,1,1,0,0.008239746,0.023376465,24.99878,61,124,1,0,255,2,0,1782509436.2989962,36
25.011477,25.004253,0.10225185,0.5922574,0.9319153,1,1,0,0.0040893555,0.02368164,25.011475,61,124,1,0,255,2,0,1782509436.2989962,36
25.006836,24.999704,0.048827607,0.5951993,0.6403198,1,1,0,0.001953125,0.023803711,25.006836,61,124,1,0,255,2,0,1782509436.2989962,36
25.019531,25.012333,-0.0030532633,0.6000813,0.6347656,1,1,0,-0.00012207031,0.023986816,25.019531,61,124,1,0,255,2,0,1782509436.2989962,36
25.016602,25.009401,0.27019262,0.53589815,0.74124146,1,1,0,0.010803223,0.02142334,25.016602,26,125,0,0,255,2,0,1782509436.3992987,37
25.020996,25.014301,0.21833105,0.53599226,0.7221985,1,1,0,0.008728027,0.02142334,25.020996,26,125,0,0,255,2,0,1782509436.3992987,37
24.996336,24.98521,0.26078042,0.6986591,0.6725464,1,1,0,0.010437012,0.027954102,24.996338,27,125,1,0,255,2,0,1782509436.3992987,37
25.005861,24.99523,0.2074847,0.69892526,0.6095276,1,1,0,0.008300781,0.027954102,25.00586,27,125,1,0,255,2,0,1782509436.3992987,37
25.01587,25.005611,0.1556766,0.69920504,0.6967468,1,1,0,0.006225586,0.027954102,25.01587,27,125,1,0,255,2,0,1782509436.3992987,37
25.00415,24.994167,0.10373614,0.6988775,0.85913086,1,1,0,0.0041503906,0.027954102,25.00415,27,125,1,0,255,2,0,1782509436.3992987,37
24.993895,24.98408,0.050322007,0.69859093,0.8562622,1,1,0,0.0020141602,0.027954102,24.993896,27,125,1,0,255,2,0,1782509436.3992987,37
25.000977,24.991209,-0.0015253423,0.6987888,0.73916626,1,1,0,-6.1035156e-05,0.027954102,25.000977,27,125,1,0,255,2,0,1782509436.3992987,37
25.005861,24.99603,-0.054923,0.69892526,0.6392822,1,1,0,-0.0021972656,0.027954102,25.00586,27,125,1,0,255,2,0,1782509436.3992987,37
25.015625,25.012781,0.22137134,0.30535892,0.726532,1,1,0,0.008850098,0.012207031,25.015625,28,125,0,0,255,2,0,1782509436.3992987,37
25.015623,25.013205,0.16946462,0.3038322,0.6970825,1,1,0,0.0067749023,0.012145996,25.015625,28,125,0,0,255,2,0,1782509436.3992987,37
25.020752,25.018637,0.11605407,0.3038945,0.7802124,1,1,0,0.004638672,0.012145996,25.020752,28,125,0,0,255,2,0,1782509436.3992987,37
25.016602,25.014673,0.064124666,0.30384406,0.76116943,1,1,0,0.0025634766,0.012145996,25.016602,28,125,0,0,255,2,0,1782509436.3992987,37
25.021238,25.01939,0.0122165,0.30390042,0.7655029,1,1,0,0.00048828125,0.012145996,25.02124,28,125,0,0,255,2,0,1782509436.3992987,37
25.015623,25.013744,-0.04122142,0.3038322,0.73516846,1,1,0,-0.0016479492,0.012145996,25.015625,28,125,0,0,255,2,0,1782509436.3992987,37
25.019773,25.017756,-0.09314515,0.30388263,0.715271,1,1,0,-0.0037231445,0.012145996,25.019775,28,125,0,0,255,2,0,1782509436.3992987,37
25.004152,24.99837,0.26396963,0.46849516,0.7463379,1,1,0,0.010559082,0.018737793,25.00415,29,125,1,0,255,2,0,1782509436.3992987,37
25.003174,24.997885,0.21208432,0.46847686,0.8324585,1,1,0,0.008483887,0.018737793,25.003174,29,125,1,0,255,2,0,1782509436.3992987,37
25.00879,25.003895,0.15871826,0.46858206,0.72994995,1,1,0,0.0063476562,0.018737793,25.00879,29,125,1,0,255,2,0,1782509436.3992987,37
25.008787,25.00417,0.106829986,0.46858206,0.8345032,1,1,0,0.004272461,0.018737793,25.00879,29,125,1,0,255,2,0,1782509436.3992987,37
25.010986,25.006536,0.054946087,0.46862325,0.7893982,1,1,0,0.0021972656,0.018737793,25.010986,29,125,1,0,255,2,0,1782509436.3992987,37
25.013672,25.00923,-0.050372664,0.46867356,0.7131653,1,1,0,-0.0020141602,0.018737793,25.013672,29,125,1,0,255,2,0,1782509436.3992987,37
25.019531,25.01542,0.2733117,0.3619032,0.8105469,1,1,0,0.010925293,0.014465332,25.019531,60,125,0,0,255,2,0,1782509436.3992987,37
25.019531,25.015867,0.22139865,0.36648396,0.7949219,1,1,0,0.008850098,0.0146484375,25.019531,60,125,0,0,255,2,0,1782509436.3992987,37
25.016602,25.013298,0.16946524,0.36949447,0.7057495,1,1,0,0.0067749023,0.014770508,25.016602,60,125,0,0,255,2,0,1782509436.3992987,37
25.009766,25.006842,0.064104594,0.37702504,0.74642944,1,1,0,0.0025634766,0.015075684,25.009766,60,125,0,0,255,2,0,1782509436.3992987,37
25.012693,25.009779,0.010685332,0.38164863,0.717865,1,1,0,0.0004272461,0.015258789,25.012695,60,125,0,0,255,2,0,1782509436.3992987,37
25.016602,25.013609,-0.041221198,0.38476166,0.692749,1,1,0,-0.0016479492,0.015380859,25.016602,60,125,0,0,255,2,0,1782509436.3992987,37
25.020994,25.017792,-0.09314529,0.38941017,0.82785034,1,1,0,-0.0037231445,0.015563965,25.020996,60,125,0,0,255,2,0,1782509436.3992987,37
25.019287,25.011234,0.26410547,0.577176,0.8517151,1,1,0,0.010559082,0.023071289,25.019287,61,125,1,0,255,2,0,1782509436.3992987,37
25.019289,25.011637,0.21067429,0.58175594,0.73986816,1,1,0,0.008422852,0.023254395,25.019287,61,125,1,0,255,2,0,1782509436.3992987,37
25.018066,25.01069,0.1587614,0.5863072,0.72958374,1,1,0,0.0063476562,0.0234375,25.018066,61,125,1,0,255,2,0,1782509436.3992987,37
25.011475,25.004305,0.10683057,0.5892051,1.0210876,1,1,0,0.004272461,0.02355957,25.011475,61,125,1,0,255,2,0,1782509436.3992987,37
25.015871,25.008799,0.053424638,0.59236145,0.7655029,1,1,0,0.0021362305,0.02368164,25.01587,61,125,1,0,255,2,0,1782509436.3992987,37
25.01367,25.006548,0.0015262786,0.59688824,0.6464844,1,1,0,6.1035156e-05,0.023864746,25.013672,61,125,1,0,255,2,0,1782509436.3992987,37
25.00757,25.000431,-0.05188085,0.5952167,0.8447571,1,1,0,-0.0020751953,0.023803711,25.007568,61,125,1,0,255,2,0,1782509436.3992987,37
25.010744,25.003511,0.27318156,0.5357726,0.9984131,1,1,0,0.010925293,0.02142334,25.010742,26,126,0,0,255,2,0,1782509436.4982934,38
25.01831,25.01159,0.22136079,0.53593475,0.8581543,1,1,0,0.008850098,0.02142334,25.01831,26,126,0,0,255,2,0,1782509436.4982934,38
25.013672,25.007391,0.16942523,0.534309,0.6537781,1,1,0,0.0067749023,0.021362305,25.013672,26,126,0,0,255,2,0,1782509436.4982934,38
25.030031,25.02405,0.11607918,0.53465843,0.6926575,1,1,0,0.004638672,0.021362305,25.03003,26,126,0,0,255,2,0,1782509436.4982934,38
25.017332,25.011543,0.06411664,0.5343873,0.9967041,1,1,0,0.0025634766,0.021362305,25.017334,26,126,0,0,255,2,0,1782509436.4982934,38
25.019775,25.014063,0.010687162,0.53443944,0.75250244,1,1,0,0.0004272461,0.021362305,25.019775,26,126,0,0,255,2,0,1782509436.4982934,38
25.013672,25.007792,-0.09310805,0.534309,0.73690796,1,1,0,-0.0037231445,0.021362305,25.013672,26,126,0,0,255,2,0,1782509436.4982934,38
25.01831,25.007591,0.21216667,0.7007997,0.59573364,1,1,0,0.008483887,0.028015137,25.01831,27,126,1,0,255,2,0,1782509436.4982934,38
25.003176,24.993177,0.10678302,0.6988502,0.7555847,1,1,0,0.004272461,0.027954102,25.003174,27,126,1,0,255,2,0,1782509436.4982934,38
25.005371,24.995602,0.0015256105,0.6989116,0.7319946,1,1,0,6.1035156e-05,0.027954102,25.005371,27,126,1,0,255,2,0,1782509436.4982934,38
25.003172,24.993353,-0.050340686,0.6988502,0.72891235,1,1,0,-0.0020141602,0.027954102,25.003174,27,126,1,0,255,2,0,1782509436.4982934,38
25.020266,25.016941,0.27027407,0.30541554,0.87979126,1,1,0,0.010803223,0.012207031,25.020264,28,126,0,0,255,2,0,1782509436.4982934,38
25.00586,25.003044,0.2182328,0.3052397,0.8434143,1,1,0,0.008728027,0.012207031,25.00586,28,126,0,0,255,2,0,1782509436.4982934,38
25.019531,25.017115,0.16643712,0.3054066,0.66244507,1,1,0,0.006652832,0.012207031,25.019531,28,126,0,0,255,2,0,1782509436.4982934,38
25.031006,25.028885,0.11304627,0.30554667,0.8105469,1,1,0,0.0045166016,0.012207031,25.031006,28,126,0,0,255,2,0,1782509436.4982934,38
25.020508,25.01857,0.061080616,0.30541852,0.9707031,1,1,0,0.0024414062,0.012207031,25.020508,28,126,0,0,255,2,0,1782509436.4982934,38
25.01953,25.017683,0.0076347915,0.30387965,0.67282104,1,1,0,0.00030517578,0.012145996,25.019531,28,126,0,0,255,2,0,1782509436.4982934,38
25.021729,25.019697,-0.09620658,0.30390635,0.82785034,1,1,0,-0.0038452148,0.012145996,25.021729,28,126,0,0,255,2,0,1782509436.4982934,38
25.015871,25.010088,0.26104006,0.47024134,0.78704834,1,1,0,0.010437012,0.018798828,25.01587,29,126,1,0,255,2,0,1782509436.4982934,38
25.006836,25.001572,0.20906343,0.46854547,0.6177368,1,1,0,0.008361816,0.018737793,25.006836,29,126,1,0,255,2,0,1782509436.4982934,38
25.016848,25.01197,0.15571618,0.46873304,0.7101135,1,1,0,0.006225586,0.018737793,25.016846,29,126,1,0,255,2,0,1782509436.4982934,38
24.994875,24.990273,0.10371998,0.46832132,0.7753601,1,1,0,0.0041503906,0.018737793,24.994873,29,126,1,0,255,2,0,1782509436.4982934,38
25.001709,24.997269,0.050348572,0.4684494,0.9986267,1,1,0,0.0020141602,0.018737793,25.001709,29,126,1,0,255,2,0,1782509436.4982934,38
25.003176,24.998728,-0.053403124,0.46847686,0.8119507,1,1,0,-0.0021362305,0.018737793,25.003174,29,126,1,0,255,2,0,1782509436.4982934,38
25.010742,25.00707,0.21979438,0.36788154,1.1846008,1,1,0,0.0087890625,0.014709473,25.010742,60,126,0,0,255,2,0,1782509436.4982934,38
25.016602,25.013514,0.11603031,0.37560135,0.95947266,1,1,0,0.004638672,0.015014648,25.016602,60,126,0,0,255,2,0,1782509436.4982934,38
25.009766,25.006823,0.06257824,0.37855133,0.74298096,1,1,0,0.0025024414,0.015136719,25.009766,60,126,0,0,255,2,0,1782509436.4982934,38
25.020508,25.01749,-0.041227594,0.3863487,0.67022705,1,1,0,-0.0016479492,0.0154418945,25.020508,60,126,0,0,255,2,0,1782509436.4982934,38
25.019775,25.016542,-0.09466755,0.39091808,0.7031555,1,1,0,-0.0037841797,0.015625,25.019775,60,126,0,0,255,2,0,1782509436.4982934,38
25.00977,25.001663,0.26247826,0.5800085,0.88168335,1,1,0,0.010498047,0.02319336,25.009766,61,126,1,0,255,2,0,1782509436.4982934,38
25.004148,24.996468,0.21054651,0.5829297,0.764801,1,1,0,0.008422852,0.02331543,25.00415,61,126,1,0,255,2,0,1782509436.4982934,38
25.005371,24.997963,0.1586806,0.5875355,0.83657837,1,1,0,0.0063476562,0.023498535,25.005371,61,126,1,0,255,2,0,1782509436.4982934,38
24.993896,24.986704,0.105230264,0.59031606,0.8460388,1,1,0,0.004211426,0.023620605,24.993896,61,126,1,0,255,2,0,1782509436.4982934,38
24.994873,24.987734,0.05337964,0.59491456,0.78149414,1,1,0,0.0021362305,0.023803711,24.994873,61,126,1,0,255,2,0,1782509436.4982934,38
25.007566,25.00041,0.0015259039,0.5982685,0.82836914,1,1,0,6.1035156e-05,0.023925781,25.007568,61,126,1,0,255,2,0,1782509436.4982934,38
25.008059,25.00092,-0.051881865,0.5952283,0.653656,1,1,0,-0.0020751953,0.023803711,25.008057,61,126,1,0,255,2,0,1782509436.4982934,38
25.015625,25.008375,0.27476126,0.5358772,0.80966187,1,1,0,0.010986328,0.02142334,25.015625,26,127,0,0,255,2,0,1782509436.59868,39
25.014648,25.007929,0.22132838,0.5358563,0.7819519,1,1,0,0.008850098,0.02142334,25.014648,26,127,0,0,255,2,0,1782509436.59868,39
25.01074,25.004461,0.16940539,0.53424644,0.715271,1,1,0,0.0067749023,0.021362305,25.010742,26,127,0,0,255,2,0,1782509436.59868,39
25.019775,25.01379,0.11755835,0.53443944,0.73172,1,1,0,0.004699707,0.021362305,25.019775,26,127,0,0,255,2,0,1782509436.59868,39
25.023438,25.017647,0.06413229,0.53451765,0.9031677,1,1,0,0.0025634766,0.021362305,25.023438,26,127,0,0,255,2,0,1782509436.59868,39
25.019775,25.014063,0.012213899,0.53443944,0.720459,1,1,0,0.00048828125,0.021362305,25.019775,26,127,0,0,255,2,0,1782509436.59868,39
25.016602,25.01072,-0.09311895,0.5343716,0.87719727,1,1,0,-0.0037231445,0.021362305,25.016602,26,127,0,0,255,2,0,1782509436.59868,39
25.013914,25.003242,0.21212977,0.69915044,0.465271,1,1,0,0.008483887,0.027954102,25.013916,27,127,1,0,255,2,0,1782509436.59868,39
25.004148,24.993868,0.16018018,0.6988775,0.76275635,1,1,0,0.0064086914,0.027954102,25.00415,27,127,1,0,255,2,0,1782509436.59868,39
25.008055,24.998056,0.10680387,0.6989867,0.65982056,1,1,0,0.004272461,0.027954102,25.008057,27,127,1,0,255,2,0,1782509436.59868,39
25.003174,24.993345,0.0549171,0.6988502,0.7381592,1,1,0,0.0021972656,0.027954102,25.003174,27,127,1,0,255,2,0,1782509436.59868,39
25.01587,25.006096,0.001526251,0.69920504,0.726532,1,1,0,6.1035156e-05,0.027954102,25.01587,27,127,1,0,255,2,0,1782509436.59868,39
25.013672,25.003847,-0.05036182,0.69914365,0.66085815,1,1,0,-0.0020141602,0.027954102,25.013672,27,127,1,0,255,2,0,1782509436.59868,39
25.018309,25.015524,0.21681477,0.30386484,0.8373718,1,1,0,0.008666992,0.012145996,25.01831,28,127,0,0,255,2,0,1782509436.59868,39
25.021236,25.019321,0.059555385,0.30390042,0.73950195,1,1,0,0.002380371,0.012145996,25.02124,28,127,0,0,255,2,0,1782509436.59868,39
25.015623,25.013777,0.0076335995,0.3038322,0.711792,1,1,0,0.00030517578,0.012145996,25.015625,28,127,0,0,255,2,0,1782509436.59868,39
25.013184,25.007446,0.259486,0.4686644,1.1759033,1,1,0,0.010375977,0.018737793,25.013184,29,127,1,0,255,2,0,1782509436.59868,39
25.009766,25.004513,0.20756178,0.46860036,0.8652649,1,1,0,0.008300781,0.018737793,25.009766,29,127,1,0,255,2,0,1782509436.59868,39
25.01587,25.010994,0.1557101,0.46871474,0.7562866,1,1,0,0.006225586,0.018737793,25.01587,29,127,1,0,255,2,0,1782509436.59868,39
25.005371,25.000774,0.10223763,0.46851802,0.7268677,1,1,0,0.0040893555,0.018737793,25.005371,29,127,1,0,255,2,0,1782509436.59868,39
25.00415,24.99979,-0.0015258661,0.4669693,0.7207031,1,1,0,-6.1035156e-05,0.018676758,25.00415,29,127,1,0,255,2,0,1782509436.59868,39
25.013674,25.009222,-0.05495199,0.46867356,0.7593689,1,1,0,-0.0021972656,0.018737793,25.013672,29,127,1,0,255,2,0,1782509436.59868,39
25.017334,25.013218,0.27176076,0.3633982,0.7576904,1,1,0,0.010864258,0.014526367,25.017334,60,127,0,0,255,2,0,1782509436.59868,39
25.031006,25.027344,0.21844488,0.36817962,0.7845459,1,1,0,0.008728027,0.014709473,25.031006,60,127,0,0,255,2,0,1782509436.59868,39
25.020508,25.017202,0.1664377,0.37107912,0.82263184,1,1,0,0.006652832,0.014831543,25.020508,60,127,0,0,255,2,0,1782509436.59868,39
25.015625,25.012543,0.114499144,0.3755867,0.8434143,1,1,0,0.0045776367,0.015014648,25.015625,60,127,0,0,255,2,0,1782509436.59868,39
25.02246,25.01952,0.061082937,0.37874347,0.9386902,1,1,0,0.0024414062,0.015136719,25.02246,60,127,0,0,255,2,0,1782509436.59868,39
25.02075,25.017813,0.009161797,0.38329855,0.82785034,1,1,0,0.00036621094,0.015319824,25.020752,60,127,0,0,255,2,0,1782509436.59868,39
25.019531,25.016512,-0.04275287,0.3863336,0.710083,1,1,0,-0.0017089844,0.0154418945,25.019531,60,127,0,0,255,2,0,1782509436.59868,39
25.019289,25.016048,-0.09619255,0.39091045,0.7932129,1,1,0,-0.0038452148,0.015625,25.019287,60,127,0,0,255,2,0,1782509436.59868,39
25.001951,24.993902,0.26087114,0.57830167,0.75250244,1,1,0,0.010437012,0.023132324,25.001953,61,127,1,0,255,2,0,1782509436.59868,39
24.994871,24.987206,0.20894329,0.5827134,0.7579346,1,1,0,0.008361816,0.02331543,24.994873,61,127,1,0,255,2,0,1782509436.59868,39
25.000977,24.993616,0.15712747,0.58590674,0.7586365,1,1,0,0.006286621,0.0234375,25.000977,61,127,1,0,255,2,0,1782509436.59868,39
25.005373,24.998182,0.10375281,0.5905871,0.7463379,1,1,0,0.0041503906,0.023620605,25.005371,61,127,1,0,255,2,0,1782509436.59868,39
24.993896,24.986797,0.05185256,0.5933662,0.71698,1,1,0,0.0020751953,0.023742676,24.993896,61,127,1,0,255,2,0,1782509436.59868,39
24.99878,24.991625,-0.0,0.5980582,0.68688965,1,1,0,-0.0,0.023925781,24.99878,61,127,1,0,255,2,0,1782509436.59868,39
24.993896,24.986721,-0.053377476,0.59641635,0.72003174,1,1,0,-0.0021362305,0.023864746,24.993896,61,127,1,0,255,2,0,1782509436.59868,39
25.0271,25.019897,0.27030602,0.53612304,0.72125244,1,1,0,0.010803223,0.02142334,25.0271,26,128,0,0,255,2,0,1782509436.6984808,40
25.019289,25.012594,0.21831614,0.53595567,0.8694153,1,1,0,0.008728027,0.02142334,25.019287,26,128,0,0,255,2,0,1782509436.6984808,40
25.02124,25.015276,0.11298481,0.53447074,1.1118774,1,1,0,0.0045166016,0.021362305,25.02124,26,128,0,0,255,2,0,1782509436.6984808,40
25.01074,25.004963,0.059521206,0.53424644,0.7074585,1,1,0,0.002380371,0.021362305,25.010742,26,128,0,0,255,2,0,1782509436.6984808,40
25.021484,25.015774,0.007634209,0.5344759,0.88845825,1,1,0,0.00030517578,0.021362305,25.021484,26,128,0,0,255,2,0,1782509436.6984808,40
25.020996,25.01525,-0.044277523,0.5344655,0.8434143,1,1,0,-0.0017700195,0.021362305,25.020996,26,128,0,0,255,2,0,1782509436.6984808,40
24.999512,24.989536,0.102191664,0.6987479,0.8685608,1,1,0,0.0040893555,0.027954102,24.999512,27,128,1,0,255,2,0,1782509436.6984808,40
25.001953,24.992134,0.05033823,0.6988161,0.64178467,1,1,0,0.0020141602,0.027954102,25.001953,27,128,1,0,255,2,0,1782509436.6984808,40
25.001955,24.992126,-0.054914422,0.6988161,0.6612549,1,1,0,-0.0021972656,0.027954102,25.001953,27,128,1,0,255,2,0,1782509436.6984808,40
25.0271,25.02374,0.27340257,0.305499,0.7455139,1,1,0,0.010925293,0.012207031,25.0271,28,128,0,0,255,2,0,1782509436.6984808,40
25.019287,25.016443,0.22140375,0.30540362,1.0200806,1,1,0,0.008850098,0.012207031,25.019287,28,128,0,0,255,2,0,1782509436.6984808,40
25.01831,25.016195,0.11604275,0.30386484,0.8581543,1,1,0,0.004638672,0.012145996,25.01831,28,128,0,0,255,2,0,1782509436.6984808,40
25.031248,25.029322,0.06416222,0.30402198,0.83654785,1,1,0,0.0025634766,0.012145996,25.03125,28,128,0,0,255,2,0,1782509436.6984808,40
25.031248,25.0294,0.010693715,0.30402198,0.71606445,1,1,0,0.0004272461,0.012145996,25.03125,28,128,0,0,255,2,0,1782509436.6984808,40
25.018312,25.012526,0.26411912,0.4687605,0.7076721,1,1,0,0.010559082,0.018737793,25.01831,29,128,1,0,255,2,0,1782509436.6984808,40
25.01123,25.005953,0.21062641,0.4686278,0.7213745,1,1,0,0.008422852,0.018737793,25.01123,29,128,1,0,255,2,0,1782509436.6984808,40
25.000975,24.996359,0.10679662,0.4684357,0.83657837,1,1,0,0.004272461,0.018737793,25.000977,29,128,1,0,255,2,0,1782509436.6984808,40
25.001953,24.997564,0.0015257302,0.468454,0.66741943,1,1,0,6.1035156e-05,0.018737793,25.001953,29,128,1,0,255,2,0,1782509436.6984808,40
24.992676,24.988237,-0.05033038,0.46828017,0.74871826,1,1,0,-0.0020141602,0.018737793,24.992676,29,128,1,0,255,2,0,1782509436.6984808,40
25.014648,25.01055,0.27020502,0.36335918,0.6503296,1,1,0,0.010803223,0.014526367,25.014648,60,128,0,0,255,2,0,1782509436.6984808,40
25.019531,25.015907,0.2168181,0.36648396,0.48147583,1,1,0,0.008666992,0.0146484375,25.019531,60,128,0,0,255,2,0,1782509436.6984808,40
25.010744,25.00745,0.1648464,0.3709343,0.7819519,1,1,0,0.006591797,0.014831543,25.010742,60,128,0,0,255,2,0,1782509436.6984808,40
25.0166,25.013548,0.112977,0.37407467,0.80184937,1,1,0,0.0045166016,0.014953613,25.016602,60,128,0,0,255,2,0,1782509436.6984808,40
25.006834,25.003899,0.059518673,0.378507,0.80618286,1,1,0,0.002380371,0.015136719,25.006836,60,128,0,0,255,2,0,1782509436.6984808,40
25.009766,25.006853,0.0076314863,0.38160393,0.72824097,1,1,0,0.00030517578,0.015258789,25.009766,60,128,0,0,255,2,0,1782509436.6984808,40
25.010744,25.007723,-0.0442642,0.3861979,0.701416,1,1,0,-0.0017700195,0.0154418945,25.010742,60,128,0,0,255,2,0,1782509436.6984808,40
25.01245,25.004412,0.25945452,0.5785445,0.7470398,1,1,0,0.010375977,0.023132324,25.012451,61,128,1,0,255,2,0,1782509436.6984808,40
24.998777,24.991428,0.1555883,0.58585525,0.69610596,1,1,0,0.006225586,0.0234375,24.99878,61,128,1,0,255,2,0,1782509436.6984808,40
25.01465,25.007463,0.10226498,0.5908062,0.653656,1,1,0,0.0040893555,0.023620605,25.014648,61,128,1,0,255,2,0,1782509436.6984808,40
25.01367,25.006569,0.050367303,0.5938357,0.7357483,1,1,0,0.0020141602,0.023742676,25.013672,61,128,1,0,255,2,0,1782509436.6984808,40
25.006592,24.999434,-0.0015258443,0.59824514,0.7791443,1,1,0,-6.1035156e-05,0.023925781,25.006592,61,128,1,0,255,2,0,1782509436.6984808,40
25.00537,24.99819,-0.054927748,0.5966902,0.7463379,1,1,0,-0.0021972656,0.023864746,25.005371,61,128,1,0,255,2,0,1782509436.6984808,40
25.02124,25.014023,0.2717695,0.5359975,0.72824097,1,1,0,0.010864258,0.02142334,25.02124,26,129,0,0,255,2,0,1782509436.7986376,41
25.017334,25.011072,0.16639692,0.5343873,0.8546753,1,1,0,0.006652832,0.021362305,25.017334,26,129,0,0,255,2,0,1782509436.7986376,41
25.02246,25.016489,0.114517204,0.5344968,0.66763306,1,1,0,0.0045776367,0.021362305,25.02246,26,129,0,0,255,2,0,1782509436.7986376,41
25.01831,25.012527,0.061065864,0.53440815,0.7672119,1,1,0,0.0024414062,0.021362305,25.01831,26,129,0,0,255,2,0,1782509436.7986376,41
25.020506,25.014797,0.009160693,0.53445506,0.7758789,1,1,0,0.00036621094,0.021362305,25.020508,26,129,0,0,255,2,0,1782509436.7986376,41
25.011477,25.00573,-0.044260673,0.5342621,0.88845825,1,1,0,-0.0017700195,0.021362305,25.011475,26,129,0,0,255,2,0,1782509436.7986376,41
25.021729,25.015835,-0.096191734,0.53448117,0.89190674,1,1,0,-0.0038452148,0.021362305,25.021729,26,129,0,0,255,2,0,1782509436.7986376,41
25.014648,25.004381,0.15719514,0.69917095,0.73062134,1,1,0,0.006286621,0.027954102,25.014648,27,129,1,0,255,2,0,1782509436.7986376,41
25.013672,25.003845,0.051887937,0.69914365,0.6680298,1,1,0,0.0020751953,0.027954102,25.013672,27,129,1,0,255,2,0,1782509436.7986376,41
25.033205,25.029861,0.27194157,0.3055735,0.8703613,1,1,0,0.010864258,0.012207031,25.033203,28,129,0,0,255,2,0,1782509436.7986376,41
25.03003,25.027197,0.21997127,0.30553475,0.83480835,1,1,0,0.0087890625,0.012207031,25.03003,28,129,0,0,255,2,0,1782509436.7986376,41
25.022459,25.02005,0.16798383,0.30391523,0.9967041,1,1,0,0.006713867,0.012145996,25.02246,28,129,0,0,255,2,0,1782509436.7986376,41
25.032715,25.030605,0.11458182,0.30403978,0.7420654,1,1,0,0.0045776367,0.012145996,25.032715,28,129,0,0,255,2,0,1782509436.7986376,41
25.019285,25.017439,0.00916166,0.3038767,0.8373718,1,1,0,0.00036621094,0.012145996,25.019287,28,129,0,0,255,2,0,1782509436.7986376,41
25.02124,25.019215,-0.09467766,0.30390042,0.82263184,1,1,0,-0.0037841797,0.012145996,25.02124,28,129,0,0,255,2,0,1782509436.7986376,41
25.00415,24.998384,0.26244384,0.46849516,0.7114868,1,1,0,0.010498047,0.018737793,25.00415,29,129,1,0,255,2,0,1782509436.7986376,41
25.001951,24.996677,0.21054828,0.468454,0.69918823,1,1,0,0.008422852,0.018737793,25.001953,29,129,1,0,255,2,0,1782509436.7986376,41
25.000978,24.996367,0.10527096,0.4684357,0.690979,1,1,0,0.004211426,0.018737793,25.000977,29,129,1,0,255,2,0,1782509436.7986376,41
25.00415,24.999708,0.051879354,0.46849516,0.7032776,1,1,0,0.0020751953,0.018737793,25.00415,29,129,1,0,255,2,0,1782509436.7986376,41
24.993896,24.98951,-0.0,0.46830302,0.8296509,1,1,0,-0.0,0.018737793,24.993896,29,129,1,0,255,2,0,1782509436.7986376,41
25.010744,25.007406,0.16789892,0.37246066,0.81311035,1,1,0,0.006713867,0.014892578,25.010742,60,129,0,0,255,2,0,1782509436.7986376,41
25.022459,25.019377,0.11453043,0.37568933,0.8650818,1,1,0,0.0045776367,0.015014648,25.02246,60,129,0,0,255,2,0,1782509436.7986376,41
25.020508,25.01754,0.06260506,0.3802409,1.0148926,1,1,0,0.0025024414,0.015197754,25.020508,60,129,0,0,255,2,0,1782509436.7986376,41
25.01074,25.007805,0.009158133,0.38314518,0.7559509,1,1,0,0.00036621094,0.015319824,25.010742,60,129,0,0,255,2,0,1782509436.7986376,41
25.015625,25.012583,-0.042746156,0.38779995,0.7819519,1,1,0,-0.0017089844,0.01550293,25.015625,60,129,0,0,255,2,0,1782509436.7986376,41
25.021729,25.018496,-0.09467494,0.3909486,0.9819641,1,1,0,-0.0037841797,0.015625,25.021729,60,129,0,0,255,2,0,1782509436.7986376,41
25.011475,25.00337,0.2624962,0.58004814,0.8632202,1,1,0,0.010498047,0.02319336,25.011475,61,129,1,0,255,2,0,1782509436.7986376,41
25.001951,24.994234,0.2105277,0.58440405,0.7237854,1,1,0,0.008422852,0.023376465,25.001953,61,129,1,0,255,2,0,1782509436.7986376,41
25.000977,24.99358,0.15712723,0.58743227,0.81811523,1,1,0,0.006286621,0.023498535,25.000977,61,129,1,0,255,2,0,1782509436.7986376,41
25.000978,24.993746,0.105259925,0.5920088,0.7801819,1,1,0,0.004211426,0.02368164,25.000977,61,129,1,0,255,2,0,1782509436.7986376,41
25.006836,24.999699,0.051879335,0.5951993,0.6116028,1,1,0,0.0020751953,0.023803711,25.006836,61,129,1,0,255,2,0,1782509436.7986376,41
25.01367,25.006475,-0.0,0.59994084,0.676239,1,1,0,-0.0,0.023986816,25.013672,61,129,1,0,255,2,0,1782509436.7986376,41
25.01587,25.008764,-0.051898148,0.59388787,0.71832275,1,1,0,-0.0020751953,0.023742676,25.01587,61,129,1,0,255,2,0,1782509436.7986376,41
25.019777,25.012543,0.27328023,0.53596616,1.0365295,1,1,0,0.010925293,0.02142334,25.019775,26,130,0,0,255,2,0,1782509436.898807,42
25.019531,25.012856,0.21984524,0.5344342,0.8338928,1,1,0,0.0087890625,0.021362305,25.019531,26,130,0,0,255,2,0,1782509436.898807,42
25.015627,25.00965,0.11601239,0.53435075,0.8503418,1,1,0,0.004638672,0.021362305,25.015625,26,130,0,0,255,2,0,1782509436.898807,42
25.021975,25.016186,0.06260167,0.53448635,0.9949646,1,1,0,0.0025024414,0.021362305,25.021973,26,130,0,0,255,2,0,1782509436.898807,42
25.02075,25.01504,0.010687579,0.5344603,1.029602,1,1,0,0.0004272461,0.021362305,25.020752,26,130,0,0,255,2,0,1782509436.898807,42
25.02124,25.015352,-0.09466304,0.53447074,0.67282104,1,1,0,-0.0037841797,0.021362305,25.02124,26,130,0,0,255,2,0,1782509436.898807,42
25.006592,24.995445,0.262413,0.69894576,0.7432556,1,1,0,0.010498047,0.027954102,25.006592,27,130,1,0,255,2,0,1782509436.898807,42
25.003172,24.992517,0.21051325,0.6988502,0.7207031,1,1,0,0.008422852,0.027954102,25.003174,27,130,1,0,255,2,0,1782509436.898807,42
25.013182,25.002907,0.15871198,0.69913,1.1133728,1,1,0,0.0063476562,0.027954102,25.013184,27,130,1,0,255,2,0,1782509436.898807,42
25.00415,24.994324,0.053393718,0.6988775,0.6776428,1,1,0,0.0021362305,0.027954102,25.00415,27,130,1,0,255,2,0,1782509436.898807,42
24.994873,24.985054,-0.051848944,0.6986182,0.7845764,1,1,0,-0.0020751953,0.027954102,24.994873,27,130,1,0,255,2,0,1782509436.898807,42
25.019531,25.016727,0.2168252,0.3054066,0.7854004,1,1,0,0.008666992,0.012207031,25.019531,28,130,0,0,255,2,0,1782509436.898807,42
25.021729,25.019321,0.16492467,0.30543342,0.68496704,1,1,0,0.006591797,0.012207031,25.021729,28,130,0,0,255,2,0,1782509436.898807,42
25.020996,25.018877,0.11300107,0.30542448,0.8564148,1,1,0,0.0045166016,0.012207031,25.020996,28,130,0,0,255,2,0,1782509436.898807,42
25.021727,25.01981,0.059556548,0.30390635,1.1438904,1,1,0,0.002380371,0.012145996,25.021729,28,130,0,0,255,2,0,1782509436.898807,42
25.02124,25.019356,-0.04428479,0.30390042,0.74990845,1,1,0,-0.0017700195,0.012145996,25.02124,28,130,0,0,255,2,0,1782509436.898807,42
25.013672,25.007935,0.25949106,0.46867356,0.80862427,1,1,0,0.010375977,0.018737793,25.013672,29,130,1,0,255,2,0,1782509436.898807,42
25.010254,25.005379,0.15567514,0.4686095,0.79629517,1,1,0,0.006225586,0.018737793,25.010254,29,130,1,0,255,2,0,1782509436.898807,42
25.003176,24.998734,0.050351523,0.46847686,0.7709656,1,1,0,0.0020141602,0.018737793,25.003174,29,130,1,0,255,2,0,1782509436.898807,42
25.006594,25.002144,-0.054936435,0.4685409,0.8447571,1,1,0,-0.0021972656,0.018737793,25.006592,29,130,1,0,255,2,0,1782509436.898807,42
25.031006,25.026888,0.27190927,0.3635968,0.7810669,1,1,0,0.010864258,0.014526367,25.031006,60,130,0,0,255,2,0,1782509436.898807,42
25.019531,25.01588,0.21987182,0.36648396,0.7655029,1,1,0,0.0087890625,0.0146484375,25.019531,60,130,0,0,255,2,0,1782509436.898807,42
25.006838,25.003523,0.16787285,0.37087637,0.73690796,1,1,0,0.006713867,0.014831543,25.006836,60,130,0,0,255,2,0,1782509436.898807,42
25.0271,25.024038,0.11455177,0.37423164,0.7715454,1,1,0,0.0045776367,0.014953613,25.0271,60,130,0,0,255,2,0,1782509436.898807,42
25.016602,25.013657,0.062595345,0.3786548,0.8417053,1,1,0,0.0025024414,0.015136719,25.016602,60,130,0,0,255,2,0,1782509436.898807,42
25.019775,25.016861,0.009161449,0.38175666,0.6970825,1,1,0,0.00036621094,0.015258789,25.019775,60,130,0,0,255,2,0,1782509436.898807,42
25.009768,25.001698,0.26247862,0.5784824,0.82632446,1,1,0,0.010498047,0.023132324,25.009766,61,130,1,0,255,2,0,1782509436.898807,42
25.000977,24.993307,0.2089943,0.5828557,0.64279175,1,1,0,0.008361816,0.02331543,25.000977,61,130,1,0,255,2,0,1782509436.898807,42
24.992674,24.985317,0.15707529,0.5857122,0.83374023,1,1,0,0.006286621,0.0234375,24.992676,61,130,1,0,255,2,0,1782509436.898807,42
24.991455,24.984262,0.10521998,0.5902584,0.7138977,1,1,0,0.004211426,0.023620605,24.991455,61,130,1,0,255,2,0,1782509436.898807,42
24.999512,24.992357,-0.0,0.59807575,0.9566345,1,1,0,-0.0,0.023925781,24.999512,61,130,1,0,255,2,0,1782509436.898807,42
24.999512,24.992413,-0.051864214,0.59349954,0.88494873,1,1,0,-0.0020751953,0.023742676,24.999512,61,130,1,0,255,2,0,1782509436.898807,42
25.01831,25.011631,0.21678102,0.53593475,0.7905884,1,1,0,0.008666992,0.02142334,25.01831,26,131,0,0,255,2,0,1782509436.9988182,43
25.021975,25.01572,0.16490093,0.53448635,0.711792,1,1,0,0.006591797,0.021362305,25.021973,26,131,0,0,255,2,0,1782509436.9988182,43
25.019531,25.01382,0.007633613,0.5344342,0.8321533,1,1,0,0.00030517578,0.021362305,25.019531,26,131,0,0,255,2,0,1782509436.9988182,43
25.014647,25.00397,0.20755726,0.7006971,0.6916199,1,1,0,0.008300781,0.028015137,25.014648,27,131,1,0,255,2,0,1782509436.9988182,43
25.004148,24.99438,-0.003051072,0.6988775,0.7463379,1,1,0,-0.00012207031,0.027954102,25.00415,27,131,1,0,255,2,0,1782509436.9988182,43
25.008057,24.998226,-0.054927826,0.6989867,0.6095276,1,1,0,-0.0021972656,0.027954102,25.008057,27,131,1,0,255,2,0,1782509436.9988182,43
25.017336,25.014545,0.21527942,0.30537978,0.74642944,1,1,0,0.008605957,0.012207031,25.017334,28,131,0,0,255,2,0,1782509436.9988182,43
25.020506,25.018127,0.16338976,0.3038915,0.82263184,1,1,0,0.0065307617,0.012145996,25.020508,28,131,0,0,255,2,0,1782509436.9988182,43
25.018309,25.016214,0.111462146,0.30386484,0.7628784,1,1,0,0.0044555664,0.012145996,25.01831,28,131,0,0,255,2,0,1782509436.9988182,43
25.02124,25.019327,0.058028325,0.30390042,0.7984009,1,1,0,0.002319336,0.012145996,25.02124,28,131,0,0,255,2,0,1782509436.9988182,43
25.021238,25.019352,-0.04581185,0.30390042,0.8546753,1,1,0,-0.0018310547,0.012145996,25.02124,28,131,0,0,255,2,0,1782509436.9988182,43
25.001953,24.99622,0.2593695,0.468454,0.6899719,1,1,0,0.010375977,0.018737793,25.001953,29,131,1,0,255,2,0,1782509436.9988182,43
25.005371,25.000134,0.20599942,0.46851802,0.7586365,1,1,0,0.008239746,0.018737793,25.005371,29,131,1,0,255,2,0,1782509436.9988182,43
25.000977,24.996386,0.10069399,0.4684357,0.69714355,1,1,0,0.0040283203,0.018737793,25.000977,29,131,1,0,255,2,0,1782509436.9988182,43
25.006838,25.0024,0.04883287,0.46854547,0.62286377,1,1,0,0.001953125,0.018737793,25.006836,29,131,1,0,255,2,0,1782509436.9988182,43
25.011229,25.006775,-0.05647292,0.4686278,0.6659851,1,1,0,-0.0022583008,0.018737793,25.01123,29,131,1,0,255,2,0,1782509436.9988182,43
25.01831,25.014177,0.2732981,0.36341238,0.8546753,1,1,0,0.010925293,0.014526367,25.01831,60,131,0,0,255,2,0,1782509436.9988182,43
25.019775,25.016125,0.21987396,0.36648753,0.7966614,1,1,0,0.0087890625,0.0146484375,25.019775,60,131,0,0,255,2,0,1782509436.9988182,43
25.020994,25.01768,0.1679679,0.37108636,0.7221985,1,1,0,0.006713867,0.014831543,25.020996,60,131,0,0,255,2,0,1782509436.9988182,43
25.022705,25.019638,0.11605872,0.37416592,1.0278625,1,1,0,0.004638672,0.014953613,25.022705,60,131,0,0,255,2,0,1782509436.9988182,43
25.021238,25.018324,0.010688983,0.38177902,0.8295593,1,1,0,0.0004272461,0.015258789,25.02124,60,131,0,0,255,2,0,1782509436.9988182,43
25.015627,25.01261,-0.04121955,0.3862733,0.75942993,1,1,0,-0.0016479492,0.0154418945,25.015625,60,131,0,0,255,2,0,1782509436.9988182,43
25.027102,25.02389,-0.094695345,0.38950518,0.6718445,1,1,0,-0.0037841797,0.015563965,25.0271,60,131,0,0,255,2,0,1782509436.9988182,43
25.010984,25.002916,0.26249143,0.57851064,0.8016968,1,1,0,0.010498047,0.023132324,25.010986,61,131,1,0,255,2,0,1782509436.9988182,43
25.003174,24.995491,0.21053828,0.5829069,0.8755188,1,1,0,0.008422852,0.02331543,25.003174,61,131,1,0,255,2,0,1782509436.9988182,43
25.005371,24.998,0.15868083,0.58600974,0.7535095,1,1,0,0.0063476562,0.0234375,25.005371,61,131,1,0,255,2,0,1782509436.9988182,43
25.009033,25.001926,0.05340996,0.59372556,0.67419434,1,1,0,0.0021362305,0.023742676,25.009033,61,131,1,0,255,2,0,1782509436.9988182,43
24.996096,24.989033,-0.0518572,0.5918932,0.66781616,1,1,0,-0.0020751953,0.02368164,24.996094,61,131,1,0,255,2,0,1782509436.9988182,43
25.021973,25.014755,0.27177745,0.5360132,1.0200806,1,1,0,0.010864258,0.02142334,25.021973,26,132,0,0,255,2,0,1782509437.0982969,44
25.021484,25.014822,0.2183356,0.5344759,0.9196167,1,1,0,0.008728027,0.021362305,25.021484,26,132,0,0,255,2,0,1782509437.0982969,44
25.0271,25.020836,0.16646187,0.5345959,0.86343384,1,1,0,0.006652832,0.021362305,25.0271,26,132,0,0,255,2,0,1782509437.0982969,44
25.022219,25.016434,0.0610754,0.5344916,1.1906738,1,1,0,0.0024414062,0.021362305,25.022217,26,132,0,0,255,2,0,1782509437.0982969,44
25.020264,25.014553,0.009160603,0.5344499,0.7161255,1,1,0,0.00036621094,0.021362305,25.020264,26,132,0,0,255,2,0,1782509437.0982969,44
25.01074,25.00485,-0.0961495,0.53424644,0.7966614,1,1,0,-0.0038452148,0.021362305,25.010742,26,132,0,0,255,2,0,1782509437.0982969,44
25.014648,25.00439,0.155669,0.69917095,0.65878296,1,1,0,0.006225586,0.027954102,25.014648,27,132,1,0,255,2,0,1782509437.0982969,44
24.994873,24.984894,0.10369765,0.6986182,0.80096436,1,1,0,0.0041503906,0.027954102,24.994873,27,132,1,0,255,2,0,1782509437.0982969,44
25.007568,24.99774,-0.053401016,0.69897306,0.6838074,1,1,0,-0.0021362305,0.027954102,25.007568,27,132,1,0,255,2,0,1782509437.0982969,44
25.02124,25.017918,0.27028462,0.30542746,1.1326599,1,1,0,0.010803223,0.012207031,25.02124,28,132,0,0,255,2,0,1782509437.0982969,44
25.025146,25.022757,0.16494732,0.30394784,0.667511,1,1,0,0.006591797,0.012145996,25.025146,28,132,0,0,255,2,0,1782509437.0982969,44
25.005371,24.999638,0.25940496,0.46851802,0.7678833,1,1,0,0.010375977,0.018737793,25.005371,29,132,1,0,255,2,0,1782509437.0982969,44
25.013672,25.008419,0.2075942,0.46867356,0.7901306,1,1,0,0.008300781,0.018737793,25.013672,29,132,1,0,255,2,0,1782509437.0982969,44
25.018066,25.013191,0.15572378,0.4687559,0.73883057,1,1,0,0.006225586,0.018737793,25.018066,29,132,1,0,255,2,0,1782509437.0982969,44
25.002932,24.998333,0.10222764,0.4684723,0.8890381,1,1,0,0.0040893555,0.018737793,25.00293,29,132,1,0,255,2,0,1782509437.0982969,44
25.017334,25.013647,0.22137901,0.3679785,0.8988342,1,1,0,0.008850098,0.014709473,25.017334,60,132,0,0,255,2,0,1782509437.0982969,44
25.013672,25.010347,0.16944526,0.37097776,0.82785034,1,1,0,0.0067749023,0.014831543,25.013672,60,132,0,0,255,2,0,1782509437.0982969,44
25.021484,25.018387,0.11757996,0.37567466,0.7576904,1,1,0,0.004699707,0.015014648,25.021484,60,132,0,0,255,2,0,1782509437.0982969,44
25.01074,25.00777,0.06410697,0.38009247,0.82437134,1,1,0,0.0025634766,0.015197754,25.010742,60,132,0,0,255,2,0,1782509437.0982969,44
25.0166,25.013662,0.012213703,0.38323495,0.96640015,1,1,0,0.00048828125,0.015319824,25.016602,60,132,0,0,255,2,0,1782509437.0982969,44
25.02124,25.018223,-0.0412288,0.38636,0.81311035,1,1,0,-0.0016479492,0.0154418945,25.02124,60,132,0,0,255,2,0,1782509437.0982969,44
25.015625,25.012398,-0.0931252,0.39085323,0.8624878,1,1,0,-0.0037231445,0.015625,25.015625,60,132,0,0,255,2,0,1782509437.0982969,44
25.000002,24.991884,0.26390114,0.579782,0.8480835,1,1,0,0.010559082,0.02319336,25.0,61,132,1,0,255,2,0,1782509437.0982969,44
25.005371,24.997675,0.21208255,0.58295816,0.7883911,1,1,0,0.008483887,0.02331543,25.005371,61,132,1,0,255,2,0,1782509437.0982969,44
24.999998,24.992584,0.16017196,0.5874093,1.0662537,1,1,0,0.0064086914,0.023498535,25.0,61,132,1,0,255,2,0,1782509437.0982969,44
25.00415,24.996946,0.106799126,0.5905583,0.7268677,1,1,0,0.004272461,0.023620605,25.00415,61,132,1,0,255,2,0,1782509437.0982969,44
25.01465,25.007504,0.05494821,0.5953852,0.67111206,1,1,0,0.0021972656,0.023803711,25.014648,61,132,1,0,255,2,0,1782509437.0982969,44
25.006592,24.999529,-0.050353125,0.5921418,0.90011597,1,1,0,-0.0020141602,0.02368164,25.006592,61,132,1,0,255,2,0,1782509437.0982969,44
25.019287,25.012087,0.27022165,0.53595567,0.8581543,1,1,0,0.010803223,0.02142334,25.019287,26,133,0,0,255,2,0,1782509437.1982977,45
25.01831,25.012346,0.112971574,0.53440815,0.80184937,1,1,0,0.0045166016,0.021362305,25.01831,26,133,0,0,255,2,0,1782509437.1982977,45
25.014648,25.008867,0.061056927,0.5343299,0.700531,1,1,0,0.0024414062,0.021362305,25.014648,26,133,0,0,255,2,0,1782509437.1982977,45
25.02051,25.014761,-0.04427666,0.53445506,0.7758789,1,1,0,-0.0017700195,0.021362305,25.020508,26,133,0,0,255,2,0,1782509437.1982977,45
24.998777,24.988138,0.20895109,0.69872737,0.59872437,1,1,0,0.008361816,0.027954102,24.99878,27,133,1,0,255,2,0,1782509437.1982977,45
25.00415,24.993896,0.15560366,0.6988775,0.80581665,1,1,0,0.006225586,0.027954102,25.00415,27,133,1,0,255,2,0,1782509437.1982977,45
25.019287,25.009512,-0.0015264595,0.6993006,0.79833984,1,1,0,-6.1035156e-05,0.027954102,25.019287,27,133,1,0,255,2,0,1782509437.1982977,45
25.0271,25.025179,0.06109675,0.30397156,0.70477295,1,1,0,0.0024414062,0.012145996,25.0271,28,133,0,0,255,2,0,1782509437.1982977,45
25.006592,25.001328,0.20906138,0.4685409,0.7914429,1,1,0,0.008361816,0.018737793,25.006592,29,133,1,0,255,2,0,1782509437.1982977,45
25.005371,25.000488,0.15717067,0.46851802,0.74942017,1,1,0,0.006286621,0.018737793,25.005371,29,133,1,0,255,2,0,1782509437.1982977,45
24.99878,24.994337,0.051868208,0.46839452,0.66534424,1,1,0,0.0020751953,0.018737793,24.99878,29,133,1,0,255,2,0,1782509437.1982977,45
25.008055,25.003609,-0.05341355,0.46856835,0.653656,1,1,0,-0.0021362305,0.018737793,25.008057,29,133,1,0,255,2,0,1782509437.1982977,45
25.019775,25.015738,0.26873407,0.36037982,0.7984009,1,1,0,0.0107421875,0.014404297,25.019775,60,133,0,0,255,2,0,1782509437.1982977,45
25.03003,25.026426,0.21690926,0.36511016,0.71258545,1,1,0,0.008666992,0.014587402,25.03003,60,133,0,0,255,2,0,1782509437.1982977,45
25.0166,25.013351,0.16488531,0.36796772,0.8607483,1,1,0,0.006591797,0.014709473,25.016602,60,133,0,0,255,2,0,1782509437.1982977,45
25.020996,25.017973,0.11146998,0.37261337,0.87545776,1,1,0,0.0044555664,0.014892578,25.020996,60,133,0,0,255,2,0,1782509437.1982977,45
25.02075,25.017859,0.059551902,0.37566367,0.8581543,1,1,0,0.002380371,0.015014648,25.020752,60,133,0,0,255,2,0,1782509437.1982977,45
25.019287,25.01631,-0.04580628,0.3832761,0.94299316,1,1,0,-0.0018310547,0.015319824,25.019287,60,133,0,0,255,2,0,1782509437.1982977,45
25.003172,24.995209,0.259359,0.57527864,0.70022583,1,1,0,0.010375977,0.023010254,25.003174,61,133,1,0,255,2,0,1782509437.1982977,45
25.00049,24.992905,0.2074654,0.57979333,1.0221863,1,1,0,0.008300781,0.02319336,25.000488,61,133,1,0,255,2,0,1782509437.1982977,45
24.999512,24.992243,0.1540679,0.58282155,0.9873657,1,1,0,0.006164551,0.02331543,24.999512,61,133,1,0,255,2,0,1782509437.1982977,45
25.001953,24.994843,0.10221337,0.5874552,0.70022583,1,1,0,0.0040893555,0.023498535,25.001953,61,133,1,0,255,2,0,1782509437.1982977,45
24.999512,24.99249,0.048813518,0.5904487,0.8050537,1,1,0,0.001953125,0.023620605,24.999512,61,133,1,0,255,2,0,1782509437.1982977,45
25.009766,25.00268,-0.003052085,0.595269,0.80581665,1,1,0,-0.00012207031,0.023803711,25.009766,61,133,1,0,255,2,0,1782509437.1982977,45
25.00879,25.00168,-0.054935414,0.5937198,0.73916626,1,1,0,-0.0021972656,0.023742676,25.00879,61,133,1,0,255,2,0,1782509437.1982977,45
25.022459,25.015242,0.27178273,0.5360237,0.8434143,1,1,0,0.010864258,0.02142334,25.02246,26,134,0,0,255,2,0,1782509437.2984204,46
25.02051,25.014214,0.16641782,0.53598183,0.6970825,1,1,0,0.006652832,0.02142334,25.020508,26,134,0,0,255,2,0,1782509437.2984204,46
25.006836,24.996191,0.20901844,0.69895256,0.62802124,1,1,0,0.008361816,0.027954102,25.006836,27,134,1,0,255,2,0,1782509437.2984204,46
24.99951,24.98969,0.051858567,0.6987479,0.7425842,1,1,0,0.0020751953,0.027954102,24.999512,27,134,1,0,255,2,0,1782509437.2984204,46
24.994873,24.98505,-0.053373907,0.6986182,0.8685608,1,1,0,-0.0021362305,0.027954102,24.994873,27,134,1,0,255,2,0,1782509437.2984204,46
25.015623,25.013226,0.16641125,0.3038322,0.80184937,1,1,0,0.006652832,0.012145996,25.015625,28,134,0,0,255,2,0,1782509437.2984204,46
25.017332,25.015224,0.114511415,0.30385298,0.686676,1,1,0,0.0045776367,0.012145996,25.017334,28,134,0,0,255,2,0,1782509437.2984204,46
25.02124,25.01932,0.061082445,0.30390042,0.8520813,1,1,0,0.0024414062,0.012145996,25.02124,28,134,0,0,255,2,0,1782509437.2984204,46
25.028076,25.026045,-0.09623099,0.30398342,0.71606445,1,1,0,-0.0038452148,0.012145996,25.028076,28,134,0,0,255,2,0,1782509437.2984204,46
25.01123,25.005478,0.26099196,0.4686278,0.7562866,1,1,0,0.010437012,0.018737793,25.01123,29,134,1,0,255,2,0,1782509437.2984204,46
25.021484,25.016216,0.20918588,0.46881995,0.8127136,1,1,0,0.008361816,0.018737793,25.021484,29,134,1,0,255,2,0,1782509437.2984204,46
25.003176,24.998571,0.10375442,0.46847686,0.6889343,1,1,0,0.0041503906,0.018737793,25.003174,29,134,1,0,255,2,0,1782509437.2984204,46
25.009766,25.005322,0.051891003,0.46860036,0.87960815,1,1,0,0.0020751953,0.018737793,25.009766,29,134,1,0,255,2,0,1782509437.2984204,46
25.006838,25.002447,-0.0,0.46854547,0.676239,1,1,0,-0.0,0.018737793,25.006836,29,134,1,0,255,2,0,1782509437.2984204,46
25.019533,25.015406,0.2748385,0.3619032,0.75424194,1,1,0,0.010986328,0.014465332,25.019531,60,134,0,0,255,2,0,1782509437.2984204,46
25.014648,25.010971,0.22288199,0.36641243,0.47973633,1,1,0,0.008911133,0.0146484375,25.014648,60,134,0,0,255,2,0,1782509437.2984204,46
25.026125,25.02282,0.16952975,0.3696351,0.69525146,1,1,0,0.0067749023,0.014770508,25.026123,60,134,0,0,255,2,0,1782509437.2984204,46
25.0166,25.013527,0.117557116,0.37407467,0.67630005,1,1,0,0.004699707,0.014953613,25.016602,60,134,0,0,255,2,0,1782509437.2984204,46
25.019531,25.016602,0.06565651,0.37717226,0.74642944,1,1,0,0.0026245117,0.015075684,25.019531,60,134,0,0,255,2,0,1782509437.2984204,46
25.02075,25.017836,0.012215741,0.38177156,0.7628784,1,1,0,0.00048828125,0.015258789,25.020752,60,134,0,0,255,2,0,1782509437.2984204,46
25.017336,25.014345,-0.039695647,0.38477293,0.8373718,1,1,0,-0.0015869141,0.015380859,25.017334,60,134,0,0,255,2,0,1782509437.2984204,46
25.019531,25.016333,-0.09161296,0.38938737,0.8390808,1,1,0,-0.0036621094,0.015563965,25.019531,60,134,0,0,255,2,0,1782509437.2984204,46
25.018066,25.009962,0.2656187,0.5786744,0.78704834,1,1,0,0.010620117,0.023132324,25.018066,61,134,1,0,255,2,0,1782509437.2984204,46
25.01245,25.004787,0.21214288,0.581597,0.68548584,1,1,0,0.008483887,0.023254395,25.012451,61,134,1,0,255,2,0,1782509437.2984204,46
25.01953,25.012144,0.16029732,0.58634156,0.66967773,1,1,0,0.0064086914,0.0234375,25.019531,61,134,1,0,255,2,0,1782509437.2984204,46
25.014647,25.007471,0.10837046,0.58927983,0.782959,1,1,0,0.004333496,0.02355957,25.014648,61,134,1,0,255,2,0,1782509437.2984204,46
24.995361,24.988256,0.05490592,0.59340096,0.7319946,1,1,0,0.0021972656,0.023742676,24.995361,61,134,1,0,255,2,0,1782509437.2984204,46
25.00415,24.99703,0.0030513953,0.5966611,0.7463379,1,1,0,0.00012207031,0.023864746,25.00415,61,134,1,0,255,2,0,1782509437.2984204,46
25.008787,25.001692,-0.04883149,0.5937198,0.94625854,1,1,0,-0.001953125,0.023742676,25.00879,61,134,1,0,255,2,0,1782509437.2984204,46
25.019775,25.012558,0.27175358,0.53596616,0.7949219,1,1,0,0.010864258,0.02142334,25.019775,26,135,0,0,255,2,0,1782509437.398636,47
25.017336,25.010641,0.21829909,0.5359138,0.7724304,1,1,0,0.008728027,0.02142334,25.017334,26,135,0,0,255,2,0,1782509437.398636,47
25.015625,25.009663,0.11295945,0.53435075,0.6555176,1,1,0,0.0045166016,0.021362305,25.015625,26,135,0,0,255,2,0,1782509437.398636,47
25.010742,25.004997,-0.044259377,0.53424644,0.7559509,1,1,0,-0.0017700195,0.021362305,25.010742,26,135,0,0,255,2,0,1782509437.398636,47
25.006592,24.996338,0.15561886,0.69894576,0.7976074,1,1,0,0.006225586,0.027954102,25.006592,27,135,1,0,255,2,0,1782509437.398636,47
24.996094,24.98627,-0.053376514,0.6986523,0.81121826,1,1,0,-0.0021362305,0.027954102,24.996094,27,135,1,0,255,2,0,1782509437.398636,47
25.020996,25.01764,0.27333593,0.30542448,0.8373718,1,1,0,0.010925293,0.012207031,25.020996,28,135,0,0,255,2,0,1782509437.398636,47
25.03125,25.02884,0.16804284,0.30402198,0.69869995,1,1,0,0.006713867,0.012145996,25.03125,28,135,0,0,255,2,0,1782509437.398636,47
25.0271,25.024984,0.11608352,0.30397156,0.7767334,1,1,0,0.004638672,0.012145996,25.0271,28,135,0,0,255,2,0,1782509437.398636,47
25.014647,25.012724,0.062593006,0.30382034,1.0114136,1,1,0,0.0025024414,0.012145996,25.014648,28,135,0,0,255,2,0,1782509437.398636,47
25.00415,24.999258,0.15868883,0.46849516,0.7473755,1,1,0,0.0063476562,0.018737793,25.00415,29,135,1,0,255,2,0,1782509437.398636,47
25.005861,25.001413,0.05340886,0.46852717,0.62493896,1,1,0,0.0021362305,0.018737793,25.00586,29,135,1,0,255,2,0,1782509437.398636,47
25.012451,25.008007,-0.051896576,0.4686507,0.7593689,1,1,0,-0.0020751953,0.018737793,25.012451,29,135,1,0,255,2,0,1782509437.398636,47
25.019531,25.015444,0.27331194,0.3603763,0.80618286,1,1,0,0.010925293,0.014404297,25.019531,60,135,0,0,255,2,0,1782509437.398636,47
25.021238,25.017633,0.21988723,0.36345494,0.8477478,1,1,0,0.0087890625,0.014526367,25.02124,60,135,0,0,255,2,0,1782509437.398636,47
25.03125,25.027977,0.16803704,0.3681832,0.68310547,1,1,0,0.006713867,0.014709473,25.03125,60,135,0,0,255,2,0,1782509437.398636,47
25.019775,25.016754,0.11604534,0.37106827,0.9967041,1,1,0,0.004638672,0.014831543,25.019775,60,135,0,0,255,2,0,1782509437.398636,47
25.020506,25.017609,0.06260523,0.37566,1.0919495,1,1,0,0.0025024414,0.015014648,25.020508,60,135,0,0,255,2,0,1782509437.398636,47
25.019773,25.016905,0.010688377,0.37870282,0.80618286,1,1,0,0.0004272461,0.015136719,25.019775,60,135,0,0,255,2,0,1782509437.398636,47
25.014648,25.011677,-0.042744607,0.38320503,0.8338928,1,1,0,-0.0017089844,0.015319824,25.014648,60,135,0,0,255,2,0,1782509437.398636,47
25.01831,25.015148,-0.094662264,0.38631475,0.7559509,1,1,0,-0.0037841797,0.0154418945,25.01831,60,135,0,0,255,2,0,1782509437.398636,47
25.013672,25.005672,0.26252034,0.57552016,0.7357483,1,1,0,0.010498047,0.023010254,25.013672,61,135,1,0,255,2,0,1782509437.398636,47
25.009033,25.001421,0.21058823,0.5799915,0.6423645,1,1,0,0.008422852,0.02319336,25.009033,61,135,1,0,255,2,0,1782509437.398636,47
25.003174,24.995874,0.15866734,0.5829069,0.7863159,1,1,0,0.0063476562,0.02331543,25.003174,61,135,1,0,255,2,0,1782509437.398636,47
25.009768,25.00264,0.10529738,0.5876388,1.0672302,1,1,0,0.004211426,0.023498535,25.009766,61,135,1,0,255,2,0,1782509437.398636,47
25.005371,24.998339,0.053402293,0.5905871,0.7678833,1,1,0,0.0021362305,0.023620605,25.005371,61,135,1,0,255,2,0,1782509437.398636,47
25.003174,24.996073,-0.05187181,0.59358644,0.63049316,1,1,0,-0.0020751953,0.023742676,25.003174,61,135,1,0,255,2,0,1782509437.398636,47
25.019775,25.01259,0.26870027,0.53596616,0.9066467,1,1,0,0.0107421875,0.02142334,25.019775,26,136,0,0,255,2,0,1782509437.4985797,48
25.015627,25.009377,0.1648591,0.53435075,0.75250244,1,1,0,0.006591797,0.021362305,25.015625,26,136,0,0,255,2,0,1782509437.4985797,48
25.0166,25.010643,0.11143732,0.5343716,0.68930054,1,1,0,0.0044555664,0.021362305,25.016602,26,136,0,0,255,2,0,1782509437.4985797,48
25.015623,25.009846,0.05953283,0.53435075,0.8581543,1,1,0,0.002380371,0.021362305,25.015625,26,136,0,0,255,2,0,1782509437.4985797,48
25.019287,25.013536,-0.045801204,0.534429,0.82611084,1,1,0,-0.0018310547,0.021362305,25.019287,26,136,0,0,255,2,0,1782509437.4985797,48
25.001223,24.990108,0.25930607,0.6987956,0.61364746,1,1,0,0.010375977,0.027954102,25.00122,27,136,1,0,255,2,0,1782509437.4985797,48
25.001223,24.990593,0.20744622,0.6987956,0.4340515,1,1,0,0.008300781,0.027954102,25.00122,27,136,1,0,255,2,0,1782509437.4985797,48
25.006836,24.996592,0.15409471,0.69895256,0.6331482,1,1,0,0.006164551,0.027954102,25.006836,27,136,1,0,255,2,0,1782509437.4985797,48
24.99878,24.988804,0.10218867,0.69872737,0.6561279,1,1,0,0.0040893555,0.027954102,24.99878,27,136,1,0,255,2,0,1782509437.4985797,48
24.99316,24.983347,0.050320532,0.69857043,0.6161499,1,1,0,0.0020141602,0.027954102,24.993164,27,136,1,0,255,2,0,1782509437.4985797,48
25.020754,25.01738,0.2748602,0.3054215,1.3067017,1,1,0,0.010986328,0.012207031,25.020752,28,136,0,0,255,2,0,1782509437.4985797,48
25.020506,25.01765,0.2229415,0.30541852,0.8295593,1,1,0,0.008911133,0.012207031,25.020508,28,136,0,0,255,2,0,1782509437.4985797,48
25.0166,25.014479,0.11756159,0.30384406,0.7576904,1,1,0,0.004699707,0.012145996,25.016602,28,136,0,0,255,2,0,1782509437.4985797,48
25.020264,25.018335,0.064134054,0.30388856,0.81484985,1,1,0,0.0025634766,0.012145996,25.020264,28,136,0,0,255,2,0,1782509437.4985797,48
25.016602,25.014725,-0.03969625,0.30384406,0.7984009,1,1,0,-0.0015869141,0.012145996,25.016602,28,136,0,0,255,2,0,1782509437.4985797,48
25.01953,25.017511,-0.09314424,0.30387965,0.7802124,1,1,0,-0.0037231445,0.012145996,25.019531,28,136,0,0,255,2,0,1782509437.4985797,48
25.013674,25.007872,0.2655965,0.46867356,0.7244568,1,1,0,0.010620117,0.018737793,25.013672,29,136,1,0,255,2,0,1782509437.4985797,48
24.997557,24.99227,0.21203668,0.46837166,0.7032776,1,1,0,0.008483887,0.018737793,24.997559,29,136,1,0,255,2,0,1782509437.4985797,48
25.013672,25.008766,0.16027567,0.46867356,0.6649475,1,1,0,0.0064086914,0.018737793,25.013672,29,136,1,0,255,2,0,1782509437.4985797,48
25.005371,25.000982,0.0030518777,0.46851802,0.70022583,1,1,0,0.00012207031,0.018737793,25.005371,29,136,1,0,255,2,0,1782509437.4985797,48
25.00415,24.99971,-0.05035349,0.46849516,0.7586365,1,1,0,-0.0020141602,0.018737793,25.00415,29,136,1,0,255,2,0,1782509437.4985797,48
25.019777,25.015705,0.27178776,0.36037982,0.82263184,1,1,0,0.010864258,0.014404297,25.019775,60,136,0,0,255,2,0,1782509437.4985797,48
25.031006,25.027376,0.21997285,0.3651244,0.7828064,1,1,0,0.0087890625,0.014587402,25.031006,60,136,0,0,255,2,0,1782509437.4985797,48
25.010742,25.007483,0.16637304,0.36788154,0.8667908,1,1,0,0.006652832,0.014709473,25.010742,60,136,0,0,255,2,0,1782509437.4985797,48
25.015625,25.012728,0.06259302,0.3755867,1.078949,1,1,0,0.0025024414,0.015014648,25.015625,60,136,0,0,255,2,0,1782509437.4985797,48
25.017332,25.014442,0.009160563,0.38019267,0.700531,1,1,0,0.00036621094,0.015197754,25.017334,60,136,0,0,255,2,0,1782509437.4985797,48
25.02124,25.018267,-0.04275587,0.38330603,0.8373718,1,1,0,-0.0017089844,0.015319824,25.02124,60,136,0,0,255,2,0,1782509437.4985797,48
25.003174,24.995848,0.15714149,0.5844326,0.7596741,1,1,0,0.006286621,0.023376465,25.003174,61,136,1,0,255,2,0,1782509437.4985797,48
25.000978,24.993914,0.05186733,0.5920088,0.65408325,1,1,0,0.0020751953,0.02368164,25.000977,61,136,1,0,255,2,0,1782509437.4985797,48
24.993896,24.986652,-0.05185226,0.5994665,0.7046814,1,1,0,-0.0020751953,0.023986816,24.993896,61,136,1,0,255,2,0,1782509437.4985797,48
25.020508,25.0138,0.21985354,0.53598183,0.8624878,1,1,0,0.0087890625,0.02142334,25.020508,26,137,0,0,255,2,0,1782509437.5984108,49
25.00879,25.00308,0.009156402,0.5342048,0.67111206,1,1,0,0.00036621094,0.021362305,25.00879,26,137,0,0,255,2,0,1782509437.5984108,49
25.012451,25.002678,-0.0,0.6991095,0.73062134,1,1,0,-0.0,0.027954102,25.012451,27,137,1,0,255,2,0,1782509437.5984108,49
25.001955,24.992132,-0.051863633,0.6988161,0.690979,1,1,0,-0.0020751953,0.027954102,25.001953,27,137,1,0,255,2,0,1782509437.5984108,49
25.02124,25.017883,0.2733386,0.30542746,0.686676,1,1,0,0.010925293,0.012207031,25.02124,28,137,0,0,255,2,0,1782509437.5984108,49
25.020506,25.017677,0.21988761,0.30541852,0.80618286,1,1,0,0.0087890625,0.012207031,25.020508,28,137,0,0,255,2,0,1782509437.5984108,49
25.02124,25.019316,0.0626095,0.30390042,0.81918335,1,1,0,0.0025024414,0.012145996,25.02124,28,137,0,0,255,2,0,1782509437.5984108,49
25.020264,25.018381,-0.042756066,0.30388856,0.7689514,1,1,0,-0.0017089844,0.012145996,25.020264,28,137,0,0,255,2,0,1782509437.5984108,49
25.019531,25.017506,-0.09467119,0.30387965,0.8581543,1,1,0,-0.0037841797,0.012145996,25.019531,28,137,0,0,255,2,0,1782509437.5984108,49
25.005373,24.999605,0.26245666,0.46851802,0.684845,1,1,0,0.010498047,0.018737793,25.005371,29,137,1,0,255,2,0,1782509437.5984108,49
24.993896,24.98951,0.0015252386,0.46830302,0.7784424,1,1,0,6.1035156e-05,0.018737793,24.993896,29,137,1,0,255,2,0,1782509437.5984108,49
25.016602,25.012526,0.2702264,0.3618608,0.94473267,1,1,0,0.010803223,0.014465332,25.016602,60,137,0,0,255,2,0,1782509437.5984108,49
25.019775,25.016151,0.21682021,0.36648753,0.8434143,1,1,0,0.008666992,0.0146484375,25.019775,60,137,0,0,255,2,0,1782509437.5984108,49
25.010742,25.00769,0.11295054,0.37398705,0.8373718,1,1,0,0.0045166016,0.014953613,25.010742,60,137,0,0,255,2,0,1782509437.5984108,49
25.021236,25.018324,0.05955301,0.377198,0.70401,1,1,0,0.002380371,0.015075684,25.02124,60,137,0,0,255,2,0,1782509437.5984108,49
25.015623,25.01271,0.007633274,0.38169333,1.0070801,1,1,0,0.00030517578,0.015258789,25.015625,60,137,0,0,255,2,0,1782509437.5984108,49
25.010742,25.007746,-0.044264242,0.38467154,0.67456055,1,1,0,-0.0017700195,0.015380859,25.010742,60,137,0,0,255,2,0,1782509437.5984108,49
25.007568,24.999945,0.20752385,0.5814835,0.8016968,1,1,0,0.008300781,0.023254395,25.007568,61,137,1,0,255,2,0,1782509437.5984108,49
25.00415,24.996798,0.15562172,0.58598113,0.7145691,1,1,0,0.006225586,0.0234375,25.00415,61,137,1,0,255,2,0,1782509437.5984108,49
25.00415,24.997004,0.102222204,0.58903253,0.7791443,1,1,0,0.0040893555,0.02355957,25.00415,61,137,1,0,255,2,0,1782509437.5984108,49
25.016846,25.009743,0.050373696,0.59391105,0.84555054,1,1,0,0.0020141602,0.023742676,25.016846,61,137,1,0,255,2,0,1782509437.5984108,49
25.003172,24.996054,-0.001525638,0.5966378,0.7319946,1,1,0,-6.1035156e-05,0.023864746,25.003174,61,137,1,0,255,2,0,1782509437.5984108,49
25.00879,25.0015,-0.05493502,0.6013497,0.8632202,1,1,0,-0.0021972656,0.024047852,25.00879,61,137,1,0,255,2,0,1782509437.5984108,49
25.019285,25.012579,0.2198428,0.53595567,0.7655029,1,1,0,0.0087890625,0.02142334,25.019287,26,138,0,0,255,2,0,1782509437.698683,50
25.026121,25.019848,0.16798247,0.53457505,0.7533264,1,1,0,0.006713867,0.021362305,25.026123,26,138,0,0,255,2,0,1782509437.698683,50
25.014648,25.008678,0.11448146,0.5343299,1.0555725,1,1,0,0.0045776367,0.021362305,25.014648,26,138,0,0,255,2,0,1782509437.698683,50
25.016602,25.010857,-0.042743206,0.5343716,0.7655029,1,1,0,-0.0017089844,0.021362305,25.016602,26,138,0,0,255,2,0,1782509437.698683,50
25.006592,24.996769,0.051873256,0.69894576,0.769928,1,1,0,0.0020751953,0.027954102,25.006592,27,138,1,0,255,2,0,1782509437.698683,50
24.996338,24.986572,-0.0,0.6986591,0.6838074,1,1,0,-0.0,0.027954102,24.996338,27,138,1,0,255,2,0,1782509437.698683,50
25.011232,25.001406,-0.051882874,0.6990754,0.73986816,1,1,0,-0.0020751953,0.027954102,25.01123,27,138,1,0,255,2,0,1782509437.698683,50
25.015627,25.013199,0.16793782,0.30535892,0.7672119,1,1,0,0.006713867,0.012207031,25.015625,28,138,0,0,255,2,0,1782509437.698683,50
25.01074,25.008615,0.114481166,0.3052993,0.7161255,1,1,0,0.0045776367,0.012207031,25.010742,28,138,0,0,255,2,0,1782509437.698683,50
25.015621,25.013775,0.010687039,0.3038322,0.67889404,1,1,0,0.0004272461,0.012145996,25.015625,28,138,0,0,255,2,0,1782509437.698683,50
25.01367,25.011646,-0.09464902,0.30380848,0.6944885,1,1,0,-0.0037841797,0.012145996,25.013672,28,138,0,0,255,2,0,1782509437.698683,50
25.011475,25.006197,0.21062846,0.4686324,1.0559692,1,1,0,0.008422852,0.018737793,25.011475,29,138,1,0,255,2,0,1782509437.698683,50
25.021482,25.016596,0.15727194,0.46881995,0.9050598,1,1,0,0.006286621,0.018737793,25.021484,29,138,1,0,255,2,0,1782509437.698683,50
25.016848,25.012234,0.10533778,0.46873304,0.7593689,1,1,0,0.004211426,0.018737793,25.016846,29,138,1,0,255,2,0,1782509437.698683,50
25.0,24.995554,0.053396344,0.4684174,0.9095459,1,1,0,0.0021362305,0.018737793,25.0,29,138,1,0,255,2,0,1782509437.698683,50
24.99878,24.994337,-0.051868208,0.46839452,0.72891235,1,1,0,-0.0020751953,0.018737793,24.99878,29,138,1,0,255,2,0,1782509437.698683,50
25.018312,25.01424,0.27177185,0.36035872,0.73950195,1,1,0,0.010864258,0.014404297,25.01831,60,138,0,0,255,2,0,1782509437.698683,50
25.012697,25.009083,0.2182855,0.36485732,0.9066467,1,1,0,0.008728027,0.014587402,25.012695,60,138,0,0,255,2,0,1782509437.698683,50
25.019775,25.016516,0.16643314,0.36801443,0.8650818,1,1,0,0.006652832,0.014709473,25.019775,60,138,0,0,255,2,0,1782509437.698683,50
25.016602,25.013565,0.11450382,0.37254792,0.7854004,1,1,0,0.0045776367,0.014892578,25.016602,60,138,0,0,255,2,0,1782509437.698683,50
25.02124,25.018345,0.06108007,0.375671,0.8520813,1,1,0,0.0024414062,0.015014648,25.02124,60,138,0,0,255,2,0,1782509437.698683,50
25.02075,25.01786,0.009161815,0.38024458,0.7031555,1,1,0,0.00036621094,0.015197754,25.020752,60,138,0,0,255,2,0,1782509437.698683,50
25.019775,25.016804,-0.04275337,0.3832836,0.7949219,1,1,0,-0.0017089844,0.015319824,25.019775,60,138,0,0,255,2,0,1782509437.698683,50
25.016602,25.01341,-0.09618241,0.3878151,0.695343,1,1,0,-0.0038452148,0.01550293,25.016602,60,138,0,0,255,2,0,1782509437.698683,50
25.009031,25.001432,0.20906226,0.5799915,0.65057373,1,1,0,0.008361816,0.02319336,25.009033,61,138,1,0,255,2,0,1782509437.698683,50
25.00415,24.996824,0.15714763,0.58445543,0.7258301,1,1,0,0.006286621,0.023376465,25.00415,61,138,1,0,255,2,0,1782509437.698683,50
24.993898,24.986782,0.10370549,0.5872659,0.7640991,1,1,0,0.0041503906,0.023498535,24.993896,61,138,1,0,255,2,0,1782509437.698683,50
25.008791,25.001724,0.051883537,0.59219384,0.9277954,1,1,0,0.0020751953,0.02368164,25.00879,61,138,1,0,255,2,0,1782509437.698683,50
24.997559,24.990477,-0.0,0.59497845,0.6561279,1,1,0,-0.0,0.023803711,24.997559,61,138,1,0,255,2,0,1782509437.698683,50
24.998781,24.991749,-0.053388216,0.5904314,0.66638184,1,1,0,-0.0021362305,0.023620605,24.99878,61,138,1,0,255,2,0,1782509437.698683,50
25.00586,24.999899,0.11291535,0.5341422,0.73516846,1,1,0,0.0045166016,0.021362305,25.00586,26,139,0,0,255,2,0,1782509437.7983294,51
25.02124,25.01553,0.0076341345,0.53447074,0.7888794,1,1,0,0.00030517578,0.021362305,25.02124,26,139,0,0,255,2,0,1782509437.7983294,51
25.009033,24.9979,0.26091287,0.699014,0.60235596,1,1,0,0.010437012,0.027954102,25.009033,27,139,1,0,255,2,0,1782509437.7983294,51
24.998291,24.987663,0.2074219,0.6987137,0.7579346,1,1,0,0.008300781,0.027954102,24.998291,27,139,1,0,255,2,0,1782509437.7983294,51
25.018309,25.00805,0.15569179,0.6992733,0.4673462,1,1,0,0.006225586,0.027954102,25.01831,27,139,1,0,255,2,0,1782509437.7983294,51
25.008057,24.998072,0.103752345,0.6989867,0.60235596,1,1,0,0.0041503906,0.027954102,25.008057,27,139,1,0,255,2,0,1782509437.7983294,51
24.998777,24.98896,0.05033184,0.69872737,0.7535095,1,1,0,0.0020141602,0.027954102,24.99878,27,139,1,0,255,2,0,1782509437.7983294,51
25.016846,25.00707,-0.0015263105,0.69923234,0.7121582,1,1,0,-6.1035156e-05,0.027954102,25.016846,27,139,1,0,255,2,0,1782509437.7983294,51
24.998291,24.988464,-0.054906376,0.6987137,1.0078735,1,1,0,-0.0021972656,0.027954102,24.998291,27,139,1,0,255,2,0,1782509437.7983294,51
25.01831,25.01497,0.2717798,0.3053917,0.7966614,1,1,0,0.010864258,0.012207031,25.01831,28,139,0,0,255,2,0,1782509437.7983294,51
25.01831,25.01639,0.061075293,0.30386484,0.8321533,1,1,0,0.0024414062,0.012145996,25.01831,28,139,0,0,255,2,0,1782509437.7983294,51
25.03003,25.028145,-0.044300348,0.30400714,0.69003296,1,1,0,-0.0017700195,0.012145996,25.03003,28,139,0,0,255,2,0,1782509437.7983294,51
25.019287,25.017256,-0.096197195,0.3038767,0.74642944,1,1,0,-0.0038452148,0.012145996,25.019287,28,139,0,0,255,2,0,1782509437.7983294,51
25.009033,25.00328,0.260969,0.46858665,0.6413574,1,1,0,0.010437012,0.018737793,25.009033,29,139,1,0,255,2,0,1782509437.7983294,51
25.019285,25.014019,0.20916751,0.46877876,0.68444824,1,1,0,0.008361816,0.018737793,25.019287,29,139,1,0,255,2,0,1782509437.7983294,51
24.99707,24.992682,-0.0015254322,0.4683625,0.8603821,1,1,0,-6.1035156e-05,0.018737793,24.99707,29,139,1,0,255,2,0,1782509437.7983294,51
24.999756,24.99531,-0.053395823,0.46841282,0.80581665,1,1,0,-0.0021362305,0.018737793,24.999756,29,139,1,0,255,2,0,1782509437.7983294,51
25.01831,25.014673,0.2183343,0.36646608,0.7871399,1,1,0,0.008728027,0.0146484375,25.01831,60,139,0,0,255,2,0,1782509437.7983294,51
25.013674,25.010391,0.16639239,0.3694512,0.9906311,1,1,0,0.006652832,0.014770508,25.013672,60,139,0,0,255,2,0,1782509437.7983294,51
25.019773,25.016714,0.11451824,0.3741221,0.95166016,1,1,0,0.0045776367,0.014953613,25.019775,60,139,0,0,255,2,0,1782509437.7983294,51
25.016602,25.013687,0.009160287,0.38170823,0.68582153,1,1,0,0.00036621094,0.015258789,25.016602,60,139,0,0,255,2,0,1782509437.7983294,51
25.003174,24.995123,0.26088387,0.5783299,0.7330322,1,1,0,0.010437012,0.023132324,25.003174,61,139,1,0,255,2,0,1782509437.7983294,51
25.001951,24.994318,0.20900278,0.5813529,0.7350769,1,1,0,0.008361816,0.023254395,25.001953,61,139,1,0,255,2,0,1782509437.7983294,51
24.994871,24.987755,-0.0,0.59643966,0.7876587,1,1,0,-0.0,0.023864746,24.994873,61,139,1,0,255,2,0,1782509437.7983294,51
24.997559,24.990274,-0.053385068,0.60107964,0.6622925,1,1,0,-0.0021362305,0.024047852,24.997559,61,139,1,0,255,2,0,1782509437.7983294,51
25.020996,25.014288,0.21985783,0.53599226,0.8417053,1,1,0,0.0087890625,0.02142334,25.020996,26,140,0,0,255,2,0,1782509437.898758,52
25.01831,25.012049,0.16640341,0.53440815,0.80792236,1,1,0,0.006652832,0.021362305,25.01831,26,140,0,0,255,2,0,1782509437.898758,52
25.020996,25.015024,0.1145105,0.5344655,0.73172,1,1,0,0.0045776367,0.021362305,25.020996,26,140,0,0,255,2,0,1782509437.898758,52
25.020996,25.01521,0.06259923,0.5344655,0.74990845,1,1,0,0.0025024414,0.021362305,25.020996,26,140,0,0,255,2,0,1782509437.898758,52
25.020508,25.014763,-0.04274988,0.53445506,0.8624878,1,1,0,-0.0017089844,0.021362305,25.020508,26,140,0,0,255,2,0,1782509437.898758,52
25.016846,25.007017,0.05189452,0.69923234,0.73883057,1,1,0,0.0020751953,0.027954102,25.016846,27,140,1,0,255,2,0,1782509437.898758,52
25.005371,24.995548,-0.051870722,0.6989116,0.7237854,1,1,0,-0.0020751953,0.027954102,25.005371,27,140,1,0,255,2,0,1782509437.898758,52
25.019287,25.01593,0.27331725,0.30540362,0.7031555,1,1,0,0.010925293,0.012207031,25.019287,28,140,0,0,255,2,0,1782509437.898758,52
25.028076,25.025263,0.21995428,0.30398342,0.70477295,1,1,0,0.0087890625,0.012145996,25.028076,28,140,0,0,255,2,0,1782509437.898758,52
25.019531,25.017416,0.11604841,0.30387965,0.715271,1,1,0,0.004638672,0.012145996,25.019531,28,140,0,0,255,2,0,1782509437.898758,52
25.031004,25.029156,0.010693611,0.304019,0.664917,1,1,0,0.0004272461,0.012145996,25.031006,28,140,0,0,255,2,0,1782509437.898758,52
25.01074,25.008717,-0.09463793,0.3037729,0.82263184,1,1,0,-0.0037841797,0.012145996,25.010742,28,140,0,0,255,2,0,1782509437.898758,52
24.997557,24.992666,0.15864699,0.46837166,0.6715088,1,1,0,0.0063476562,0.018737793,24.997559,29,140,1,0,255,2,0,1782509437.898758,52
24.997559,24.992949,0.105256565,0.46837166,0.6284485,1,1,0,0.004211426,0.018737793,24.997559,29,140,1,0,255,2,0,1782509437.898758,52
25.000977,24.99653,0.05339843,0.4684357,0.7801819,1,1,0,0.0021362305,0.018737793,25.000977,29,140,1,0,255,2,0,1782509437.898758,52
25.0022,24.997755,-0.0518753,0.46845856,1.1287231,1,1,0,-0.0020751953,0.018737793,25.002197,29,140,1,0,255,2,0,1782509437.898758,52
25.020996,25.016973,0.26722026,0.3603974,0.88586426,1,1,0,0.010681152,0.014404297,25.020996,60,140,0,0,255,2,0,1782509437.898758,52
25.019775,25.01621,0.21529374,0.36343366,0.74816895,1,1,0,0.008605957,0.014526367,25.019775,60,140,0,0,255,2,0,1782509437.898758,52
25.01831,25.015081,0.16184299,0.36799288,0.8321533,1,1,0,0.0064697266,0.014709473,25.01831,60,140,0,0,255,2,0,1782509437.898758,52
25.01953,25.016537,0.10993667,0.37106463,0.712677,1,1,0,0.0043945312,0.014831543,25.019531,60,140,0,0,255,2,0,1782509437.898758,52
25.017336,25.014448,0.05801701,0.37561235,0.7802124,1,1,0,0.002319336,0.015014648,25.017334,60,140,0,0,255,2,0,1782509437.898758,52
25.019775,25.016909,0.004580733,0.37870282,0.74472046,1,1,0,0.00018310547,0.015136719,25.019775,60,140,0,0,255,2,0,1782509437.898758,52
25.021484,25.018503,-0.04733731,0.38330975,0.9802551,1,1,0,-0.0018920898,0.015319824,25.021484,60,140,0,0,255,2,0,1782509437.898758,52
25.01245,25.004498,0.2579291,0.5754921,0.7234497,1,1,0,0.010314941,0.023010254,25.012451,61,140,1,0,255,2,0,1782509437.898758,52
25.00757,25.000008,0.2044724,0.57995754,0.91448975,1,1,0,0.008178711,0.02319336,25.007568,61,140,1,0,255,2,0,1782509437.898758,52
25.003174,24.995913,0.15256484,0.5829069,0.7258301,1,1,0,0.0061035156,0.02331543,25.003174,61,140,1,0,255,2,0,1782509437.898758,52
25.000977,24.993872,0.10068387,0.58743227,0.776062,1,1,0,0.0040283203,0.023498535,25.000977,61,140,1,0,255,2,0,1782509437.898758,52
25.010256,25.003233,0.047308415,0.5907024,0.732666,1,1,0,0.0018920898,0.023620605,25.010254,61,140,1,0,255,2,0,1782509437.898758,52
25.00415,24.997066,-0.0045770993,0.59513533,0.74121094,1,1,0,-0.00018310547,0.023803711,25.00415,61,140,1,0,255,2,0,1782509437.898758,52
24.993896,24.98686,-0.056427944,0.59031606,0.8357849,1,1,0,-0.0022583008,0.023620605,24.993896,61,140,1,0,255,2,0,1782509437.898758,52
25.019289,25.012054,0.2732749,0.53595567,0.7836609,1,1,0,0.010925293,0.02142334,25.019287,26,141,0,0,255,2,0,1782509437.9987373,53
25.017336,25.01066,0.21982592,0.5343873,0.7559509,1,1,0,0.0087890625,0.021362305,25.017334,26,141,0,0,255,2,0,1782509437.9987373,53
25.016602,25.01033,0.16791855,0.5343716,0.7559509,1,1,0,0.006713867,0.021362305,25.016602,26,141,0,0,255,2,0,1782509437.9987373,53
25.019285,25.013575,0.010686954,0.534429,0.7802124,1,1,0,0.0004272461,0.021362305,25.019287,26,141,0,0,255,2,0,1782509437.9987373,53
25.020996,25.015251,-0.042750716,0.5344655,0.75424194,1,1,0,-0.0017089844,0.021362305,25.020996,26,141,0,0,255,2,0,1782509437.9987373,53
25.011232,25.000082,0.26246166,0.6990754,0.67315674,1,1,0,0.010498047,0.027954102,25.01123,27,141,1,0,255,2,0,1782509437.9987373,53
24.994871,24.984604,0.1585958,0.6986182,0.9382019,1,1,0,0.0063476562,0.027954102,24.994873,27,141,1,0,255,2,0,1782509437.9987373,53
24.997557,24.987734,0.05337964,0.6986933,0.7268677,1,1,0,0.0021362305,0.027954102,24.997559,27,141,1,0,255,2,0,1782509437.9987373,53
25.005371,24.995602,-0.0,0.6989116,0.75250244,1,1,0,-0.0,0.027954102,25.005371,27,141,1,0,255,2,0,1782509437.9987373,53
25.009766,24.99994,-0.051879834,0.69903445,0.8324585,1,1,0,-0.0020751953,0.027954102,25.009766,27,141,1,0,255,2,0,1782509437.9987373,53
25.016602,25.014193,0.16794449,0.30384406,0.70401,1,1,0,0.006713867,0.012145996,25.016602,28,141,0,0,255,2,0,1782509437.9987373,53
25.02905,25.026943,0.11456506,0.30399528,0.7749939,1,1,0,0.0045776367,0.012145996,25.029053,28,141,0,0,255,2,0,1782509437.9987373,53
25.020262,25.018414,0.010689021,0.30388856,0.96640015,1,1,0,0.0004272461,0.012145996,25.020264,28,141,0,0,255,2,0,1782509437.9987373,53
25.028076,25.02605,-0.094703525,0.30398342,0.7680664,1,1,0,-0.0037841797,0.012145996,25.028076,28,141,0,0,255,2,0,1782509437.9987373,53
25.005371,25.000095,0.21057707,0.46851802,0.776062,1,1,0,0.008422852,0.018737793,25.005371,29,141,1,0,255,2,0,1782509437.9987373,53
24.99707,24.992682,-0.0,0.4683625,0.8583069,1,1,0,-0.0,0.018737793,24.99707,29,141,1,0,255,2,0,1782509437.9987373,53
25.019775,25.01566,0.2717873,0.36343366,0.7724304,1,1,0,0.010864258,0.014526367,25.019775,60,141,0,0,255,2,0,1782509437.9987373,53
25.032227,25.028574,0.21998338,0.3666699,0.7637329,1,1,0,0.0087890625,0.0146484375,25.032227,60,141,0,0,255,2,0,1782509437.9987373,53
25.017336,25.01403,0.1664166,0.37103206,0.7057495,1,1,0,0.006652832,0.014831543,25.017334,60,141,0,0,255,2,0,1782509437.9987373,53
25.012695,25.009636,0.11448584,0.37401626,0.720459,1,1,0,0.0045776367,0.014953613,25.012695,60,141,0,0,255,2,0,1782509437.9987373,53
25.03003,25.027113,0.009165203,0.38191313,0.640625,1,1,0,0.00036621094,0.015258789,25.03003,60,141,0,0,255,2,0,1782509437.9987373,53
25.021484,25.018465,-0.042756207,0.38636377,0.7672119,1,1,0,-0.0017089844,0.0154418945,25.021484,60,141,0,0,255,2,0,1782509437.9987373,53
25.019775,25.016565,-0.09466763,0.38939118,0.7724304,1,1,0,-0.0037841797,0.015563965,25.019775,60,141,0,0,255,2,0,1782509437.9987373,53
25.005371,24.997303,0.2624325,0.57838076,0.7893982,1,1,0,0.010498047,0.023132324,25.005371,61,141,1,0,255,2,0,1782509437.9987373,53
25.009031,25.001396,0.20906197,0.5815175,0.59210205,1,1,0,0.008361816,0.023254395,25.009033,61,141,1,0,255,2,0,1782509437.9987373,53
25.013672,25.006308,0.15720725,0.5862043,0.676239,1,1,0,0.006286621,0.0234375,25.013672,61,141,1,0,255,2,0,1782509437.9987373,53
25.006838,24.999676,0.1052849,0.58909583,0.64852905,1,1,0,0.004211426,0.02355957,25.006836,61,141,1,0,255,2,0,1782509437.9987373,53
25.01367,25.006567,0.05189359,0.5938357,0.70599365,1,1,0,0.0020751953,0.023742676,25.013672,61,141,1,0,255,2,0,1782509437.9987373,53
25.014648,25.007524,-0.0,0.59691155,0.8024597,1,1,0,-0.0,0.023864746,25.014648,61,141,1,0,255,2,0,1782509437.9987373,53
25.008055,25.000954,-0.05188194,0.5937024,0.68240356,1,1,0,-0.0020751953,0.023742676,25.008057,61,141,1,0,255,2,0,1782509437.9987373,53
25.022705,25.015486,0.27178538,0.5360289,1.040863,1,1,0,0.010864258,0.02142334,25.022705,26,142,0,0,255,2,0,1782509438.0990345,54
25.031248,25.02494,0.16801666,0.53621197,0.7897339,1,1,0,0.006713867,0.02142334,25.03125,26,142,0,0,255,2,0,1782509438.0990345,54
25.020264,25.014292,0.114507146,0.5344499,0.66677856,1,1,0,0.0045776367,0.021362305,25.020264,26,142,0,0,255,2,0,1782509438.0990345,54
25.021484,25.015596,-0.09466396,0.5344759,0.6494446,1,1,0,-0.0037841797,0.021362305,25.021484,26,142,0,0,255,2,0,1782509438.0990345,54
25.01367,25.002968,0.21060127,0.70066977,0.69369507,1,1,0,0.008422852,0.028015137,25.013672,27,142,1,0,255,2,0,1782509438.0990345,54
25.014647,25.004337,0.15719487,0.7006971,0.7572937,1,1,0,0.006286621,0.028015137,25.014648,27,142,1,0,255,2,0,1782509438.0990345,54
25.010254,25.000217,0.10528718,0.70057404,0.69369507,1,1,0,0.004211426,0.028015137,25.010254,27,142,1,0,255,2,0,1782509438.0990345,54
25.019287,25.009459,0.051899586,0.6993006,0.9327698,1,1,0,0.0020751953,0.027954102,25.019287,27,142,1,0,255,2,0,1782509438.0990345,54
25.01123,25.00146,-0.0,0.6990754,0.6649475,1,1,0,-0.0,0.027954102,25.01123,27,142,1,0,255,2,0,1782509438.0990345,54
25.00879,24.998964,-0.051877808,0.69900715,0.84887695,1,1,0,-0.0020751953,0.027954102,25.00879,27,142,1,0,255,2,0,1782509438.0990345,54
25.019775,25.016468,0.26874194,0.30540958,0.8321533,1,1,0,0.0107421875,0.012207031,25.019775,28,142,0,0,255,2,0,1782509438.0990345,54
25.010744,25.00794,0.21674903,0.3052993,0.74642944,1,1,0,0.008666992,0.012207031,25.010742,28,142,0,0,255,2,0,1782509438.0990345,54
25.01953,25.017435,0.111467585,0.30387965,0.89624023,1,1,0,0.0044555664,0.012145996,25.019531,28,142,0,0,255,2,0,1782509438.0990345,54
25.014645,25.01273,0.059539694,0.30382034,0.8417053,1,1,0,0.002380371,0.012145996,25.014648,28,142,0,0,255,2,0,1782509438.0990345,54
25.019775,25.01793,0.006107893,0.30388263,0.76116943,1,1,0,0.00024414062,0.012145996,25.019775,28,142,0,0,255,2,0,1782509438.0990345,54
25.016602,25.014713,-0.045803357,0.30384406,0.67630005,1,1,0,-0.0018310547,0.012145996,25.016602,28,142,0,0,255,2,0,1782509438.0990345,54
25.00415,24.9989,0.20751518,0.46849516,0.85705566,1,1,0,0.008300781,0.018737793,25.00415,29,142,1,0,255,2,0,1782509438.0990345,54
25.00415,24.999287,0.15411133,0.46849516,0.7053528,1,1,0,0.006164551,0.018737793,25.00415,29,142,1,0,255,2,0,1782509438.0990345,54
25.013674,25.009073,0.102271564,0.46867356,0.6208191,1,1,0,0.0040893555,0.018737793,25.013672,29,142,1,0,255,2,0,1782509438.0990345,54
25.001953,24.997517,0.048823334,0.468454,0.776062,1,1,0,0.001953125,0.018737793,25.001953,29,142,1,0,255,2,0,1782509438.0990345,54
24.997559,24.99311,-0.054916587,0.46837166,0.67663574,1,1,0,-0.0021972656,0.018737793,24.997559,29,142,1,0,255,2,0,1782509438.0990345,54
25.031008,25.026917,0.2734373,0.36054158,0.69003296,1,1,0,0.010925293,0.014404297,25.031006,60,142,0,0,255,2,0,1782509438.0990345,54
25.019773,25.016146,0.21987414,0.3649606,0.7724304,1,1,0,0.0087890625,0.014587402,25.019775,60,142,0,0,255,2,0,1782509438.0990345,54
25.016602,25.013332,0.16793871,0.36796772,0.80966187,1,1,0,0.006713867,0.014709473,25.016602,60,142,0,0,255,2,0,1782509438.0990345,54
25.021242,25.018198,0.11605204,0.372617,1.0131531,1,1,0,0.004638672,0.014892578,25.02124,60,142,0,0,255,2,0,1782509438.0990345,54
25.016602,25.013704,0.062595464,0.37560135,0.695343,1,1,0,0.0025024414,0.015014648,25.016602,60,142,0,0,255,2,0,1782509438.0990345,54
25.020994,25.018103,0.010688888,0.3802483,0.76116943,1,1,0,0.0004272461,0.015197754,25.020996,60,142,0,0,255,2,0,1782509438.0990345,54
25.016602,25.013632,-0.041221235,0.38323495,0.7672119,1,1,0,-0.0016479492,0.015319824,25.016602,60,142,0,0,255,2,0,1782509438.0990345,54
25.015625,25.01244,-0.09465202,0.38779995,0.74472046,1,1,0,-0.0037841797,0.01550293,25.015625,60,142,0,0,255,2,0,1782509438.0990345,54
25.005371,24.99734,0.26243287,0.57685494,0.82424927,1,1,0,0.010498047,0.023071289,25.005371,61,142,1,0,255,2,0,1782509438.0990345,54
25.012451,25.004837,0.210617,0.5800708,0.71728516,1,1,0,0.008422852,0.02319336,25.012451,61,142,1,0,255,2,0,1782509438.0990345,54
25.00415,24.996815,0.15867332,0.58445543,0.7268677,1,1,0,0.0063476562,0.023376465,25.00415,61,142,1,0,255,2,0,1782509438.0990345,54
25.023926,25.016796,0.105357,0.5879715,0.7220459,1,1,0,0.004211426,0.023498535,25.023926,61,142,1,0,255,2,0,1782509438.0990345,54
25.014648,25.007578,0.05342203,0.59233254,0.7090759,1,1,0,0.0021362305,0.02368164,25.014648,61,142,1,0,255,2,0,1782509438.0990345,54
25.008787,25.001703,0.0015259829,0.5952458,0.89398193,1,1,0,6.1035156e-05,0.023803711,25.00879,61,142,1,0,255,2,0,1782509438.0990345,54
25.01367,25.006567,-0.05189359,0.5938357,0.70599365,1,1,0,-0.0020751953,0.023742676,25.013672,61,142,1,0,255,2,0,1782509438.0990345,54
25.031982,25.02527,0.21995434,0.53622764,0.7325134,1,1,0,0.0087890625,0.02142334,25.031982,26,143,0,0,255,2,0,1782509438.1983805,55
25.019287,25.013315,0.114502676,0.534429,0.8338928,1,1,0,0.0045776367,0.021362305,25.019287,26,143,0,0,255,2,0,1782509438.1983805,55
25.020752,25.014864,-0.09466119,0.5344603,0.7057495,1,1,0,-0.0037841797,0.021362305,25.020752,26,143,0,0,255,2,0,1782509438.1983805,55
25.001953,24.991299,0.21050298,0.6988161,0.74942017,1,1,0,0.008422852,0.027954102,25.001953,27,143,1,0,255,2,0,1782509438.1983805,55
25.003174,24.993183,0.105257556,0.6988502,0.69610596,1,1,0,0.004211426,0.027954102,25.003174,27,143,1,0,255,2,0,1782509438.1983805,55
25.001223,24.9914,0.051862113,0.6987956,1.0805664,1,1,0,0.0020751953,0.027954102,25.00122,27,143,1,0,255,2,0,1782509438.1983805,55
25.019531,25.016714,0.21835211,0.3054066,0.82611084,1,1,0,0.008728027,0.012207031,25.019531,28,143,0,0,255,2,0,1782509438.1983805,55
25.020996,25.019075,0.06108185,0.30389744,0.7724304,1,1,0,0.0024414062,0.012145996,25.020996,28,143,0,0,255,2,0,1782509438.1983805,55
25.027344,25.021587,0.2611601,0.46892974,0.67276,1,1,0,0.010437012,0.018737793,25.027344,29,143,1,0,255,2,0,1782509438.1983805,55
25.021484,25.016607,0.15574506,0.46881995,0.7470398,1,1,0,0.006225586,0.018737793,25.021484,29,143,1,0,255,2,0,1782509438.1983805,55
25.014648,25.010042,0.10380203,0.46869186,0.77783203,1,1,0,0.0041503906,0.018737793,25.014648,29,143,1,0,255,2,0,1782509438.1983805,55
25.011475,25.007084,-0.0015263113,0.4686324,0.90011597,1,1,0,-6.1035156e-05,0.018737793,25.011475,29,143,1,0,255,2,0,1782509438.1983805,55
25.009033,25.004585,-0.053415637,0.46858665,0.66085815,1,1,0,-0.0021362305,0.018737793,25.009033,29,143,1,0,255,2,0,1782509438.1983805,55
25.025145,25.021507,0.21839395,0.36656618,0.6718445,1,1,0,0.008728027,0.0146484375,25.025146,60,143,0,0,255,2,0,1782509438.1983805,55
25.015625,25.012331,0.16487859,0.3710067,0.9282837,1,1,0,0.006591797,0.014831543,25.015625,60,143,0,0,255,2,0,1782509438.1983805,55
25.014648,25.011597,0.112968184,0.37404546,0.7784729,1,1,0,0.0045166016,0.014953613,25.014648,60,143,0,0,255,2,0,1782509438.1983805,55
25.015623,25.012684,0.061066248,0.37864003,0.710083,1,1,0,0.0024414062,0.015136719,25.015625,60,143,0,0,255,2,0,1782509438.1983805,55
25.015627,25.012606,-0.044272844,0.3862733,0.82263184,1,1,0,-0.0017700195,0.0154418945,25.015625,60,143,0,0,255,2,0,1782509438.1983805,55
25.019287,25.016071,-0.09619264,0.38938358,0.7932129,1,1,0,-0.0038452148,0.015563965,25.019287,60,143,0,0,255,2,0,1782509438.1983805,55
25.00537,24.997747,0.20750561,0.58143234,0.7893982,1,1,0,0.008300781,0.023254395,25.005371,61,143,1,0,255,2,0,1782509438.1983805,55
25.009766,25.002665,0.05035944,0.59374297,0.82836914,1,1,0,0.0020141602,0.023742676,25.009766,61,143,1,0,255,2,0,1782509438.1983805,55
25.019285,25.012161,-0.0015266212,0.5970223,0.78604126,1,1,0,-6.1035156e-05,0.023864746,25.019287,61,143,1,0,255,2,0,1782509438.1983805,55
25.012451,25.00538,-0.053417336,0.5922805,0.72036743,1,1,0,-0.0021362305,0.02368164,25.012451,61,143,1,0,255,2,0,1782509438.1983805,55
25.021238,25.01546,0.05954619,0.53447074,0.70401,1,1,0,0.002380371,0.021362305,25.02124,26,144,0,0,255,2,0,1782509438.2981584,56
25.01831,25.012564,-0.04427277,0.53440815,0.68930054,1,1,0,-0.0017700195,0.021362305,25.01831,26,144,0,0,255,2,0,1782509438.2981584,56
25.003174,24.99206,0.2593263,0.6988502,0.69714355,1,1,0,0.010375977,0.027954102,25.003174,27,144,1,0,255,2,0,1782509438.2981584,56
25.008057,24.9978,0.15562797,0.6989867,0.62802124,1,1,0,0.006225586,0.027954102,25.008057,27,144,1,0,255,2,0,1782509438.2981584,56
25.006838,24.996859,0.10222161,0.69895256,0.49667358,1,1,0,0.0040893555,0.027954102,25.006836,27,144,1,0,255,2,0,1782509438.2981584,56
25.019285,25.00946,0.050373126,0.6993006,0.83325195,1,1,0,0.0020141602,0.027954102,25.019287,27,144,1,0,255,2,0,1782509438.2981584,56
25.018064,25.008291,-0.001526385,0.6992665,0.73986816,1,1,0,-6.1035156e-05,0.027954102,25.018066,27,144,1,0,255,2,0,1782509438.2981584,56
25.018066,25.008232,-0.054949813,0.6992665,0.7716675,1,1,0,-0.0021972656,0.027954102,25.018066,27,144,1,0,255,2,0,1782509438.2981584,56
25.015623,25.012812,0.21984485,0.3038322,1.1525574,1,1,0,0.0087890625,0.012145996,25.015625,28,144,0,0,255,2,0,1782509438.2981584,56
25.020994,25.018887,0.11452818,0.30389744,0.67282104,1,1,0,0.0045776367,0.012145996,25.020996,28,144,0,0,255,2,0,1782509438.2981584,56
25.0166,25.014751,0.0106874565,0.30384406,0.75424194,1,1,0,0.0004272461,0.012145996,25.016602,28,144,0,0,255,2,0,1782509438.2981584,56
25.015623,25.013742,-0.04274814,0.3038322,0.7161255,1,1,0,-0.0017089844,0.012145996,25.015625,28,144,0,0,255,2,0,1782509438.2981584,56
25.031982,25.029957,-0.09471831,0.30403087,0.71606445,1,1,0,-0.0037841797,0.012145996,25.031982,28,144,0,0,255,2,0,1782509438.2981584,56
25.018068,25.012299,0.26258993,0.4687559,0.7572937,1,1,0,0.010498047,0.018737793,25.018066,29,144,1,0,255,2,0,1782509438.2981584,56
25.006838,25.00156,0.21058941,0.46854547,0.67315674,1,1,0,0.008422852,0.018737793,25.006836,29,144,1,0,255,2,0,1782509438.2981584,56
25.006594,25.002146,0.053410426,0.4685409,0.74942017,1,1,0,0.0021362305,0.018737793,25.006592,29,144,1,0,255,2,0,1782509438.2981584,56
25.006836,25.002474,-0.0,0.46701947,0.62802124,1,1,0,-0.0,0.018676758,25.006836,29,144,1,0,255,2,0,1782509438.2981584,56
25.020998,25.01692,0.27027386,0.36192438,0.6970825,1,1,0,0.010803223,0.014465332,25.020996,60,144,0,0,255,2,0,1782509438.2981584,56
25.021238,25.018187,0.11299795,0.37414402,0.73516846,1,1,0,0.0045166016,0.014953613,25.02124,60,144,0,0,255,2,0,1782509438.2981584,56
25.01953,25.016615,0.05954894,0.37717226,0.7655029,1,1,0,0.002380371,0.015075684,25.019531,60,144,0,0,255,2,0,1782509438.2981584,56
25.021484,25.01857,0.007635062,0.38178274,0.7031555,1,1,0,0.00030517578,0.015258789,25.021484,60,144,0,0,255,2,0,1782509438.2981584,56
25.019777,25.016779,-0.04428023,0.38481048,0.7932129,1,1,0,-0.0017700195,0.015380859,25.019775,60,144,0,0,255,2,0,1782509438.2981584,56
25.014648,25.006609,0.25947732,0.57859534,0.68136597,1,1,0,0.010375977,0.023132324,25.014648,61,144,1,0,255,2,0,1782509438.2981584,56
25.00879,25.001165,0.20753399,0.58151186,0.8427124,1,1,0,0.008300781,0.023254395,25.00879,61,144,1,0,255,2,0,1782509438.2981584,56
25.013672,25.006317,0.15568098,0.5862043,0.726532,1,1,0,0.006225586,0.0234375,25.013672,61,144,1,0,255,2,0,1782509438.2981584,56
25.014648,25.007498,0.10226512,0.58927983,0.7008667,1,1,0,0.0040893555,0.02355957,25.014648,61,144,1,0,255,2,0,1782509438.2981584,56
25.014648,25.007524,-0.0015263382,0.59691155,0.7839966,1,1,0,-6.1035156e-05,0.023864746,25.014648,61,144,1,0,255,2,0,1782509438.2981584,56
25.009766,25.002657,-0.05493756,0.59374297,0.8632202,1,1,0,-0.0021972656,0.023742676,25.009766,61,144,1,0,255,2,0,1782509438.2981584,56
25.020266,25.013031,0.27328557,0.5359766,0.7672119,1,1,0,0.010925293,0.02142334,25.020264,26,145,0,0,255,2,0,1782509438.3985386,57
25.022707,25.016727,0.11604522,0.534502,1.3015137,1,1,0,0.004638672,0.021362305,25.022705,26,145,0,0,255,2,0,1782509438.3985386,57
25.016846,25.005693,0.26252058,0.69923234,0.68548584,1,1,0,0.010498047,0.027954102,25.016846,27,145,1,0,255,2,0,1782509438.3985386,57
25.009033,24.998375,0.21056259,0.699014,0.6413574,1,1,0,0.008422852,0.027954102,25.009033,27,145,1,0,255,2,0,1782509438.3985386,57
25.005371,24.995544,0.053396326,0.6989116,0.8201599,1,1,0,0.0021362305,0.027954102,25.005371,27,145,1,0,255,2,0,1782509438.3985386,57
25.010988,25.001162,-0.051882368,0.69906855,0.8857727,1,1,0,-0.0020751953,0.027954102,25.010986,27,145,1,0,255,2,0,1782509438.3985386,57
25.02124,25.017933,0.26875767,0.30542746,0.640625,1,1,0,0.0107421875,0.012207031,25.02124,28,145,0,0,255,2,0,1782509438.3985386,57
25.015627,25.012823,0.21679135,0.30535892,0.81311035,1,1,0,0.008666992,0.012207031,25.015625,28,145,0,0,255,2,0,1782509438.3985386,57
25.019531,25.017124,0.16491018,0.3054066,0.89624023,1,1,0,0.006591797,0.012207031,25.019531,28,145,0,0,255,2,0,1782509438.3985386,57
25.016602,25.014488,0.11145446,0.30537084,0.67111206,1,1,0,0.0044555664,0.012207031,25.016602,28,145,0,0,255,2,0,1782509438.3985386,57
24.996096,24.990847,0.20744832,0.4683442,0.94537354,1,1,0,0.008300781,0.018737793,24.996094,29,145,1,0,255,2,0,1782509438.3985386,57
25.014648,25.01005,0.10227556,0.46869186,0.8168335,1,1,0,0.0040893555,0.018737793,25.014648,29,145,1,0,255,2,0,1782509438.3985386,57
25.013674,25.009281,-0.0030528908,0.46867356,0.6875305,1,1,0,-0.00012207031,0.018737793,25.013672,29,145,1,0,255,2,0,1782509438.3985386,57
25.02246,25.01801,-0.054971296,0.46883824,0.9656067,1,1,0,-0.0021972656,0.018737793,25.02246,29,145,1,0,255,2,0,1782509438.3985386,57
25.016602,25.012465,0.27175257,0.3649143,0.6910095,1,1,0,0.010864258,0.014587402,25.016602,60,145,0,0,255,2,0,1782509438.3985386,57
25.019287,25.015614,0.21986946,0.36800724,0.6910095,1,1,0,0.0087890625,0.014709473,25.019287,60,145,0,0,255,2,0,1782509438.3985386,57
25.020508,25.01717,0.16796449,0.3726061,0.74124146,1,1,0,0.006713867,0.014892578,25.020508,60,145,0,0,255,2,0,1782509438.3985386,57
25.02075,25.017668,0.114522606,0.37566367,0.7871399,1,1,0,0.0045776367,0.015014648,25.020752,60,145,0,0,255,2,0,1782509438.3985386,57
25.01074,25.007774,0.06258062,0.38009247,0.686676,1,1,0,0.0025024414,0.015197754,25.010742,60,145,0,0,255,2,0,1782509438.3985386,57
25.015623,25.012688,0.009159921,0.38322,0.66677856,1,1,0,0.00036621094,0.015319824,25.015625,60,145,0,0,255,2,0,1782509438.3985386,57
25.021484,25.018251,-0.09467401,0.39094478,0.72824097,1,1,0,-0.0037841797,0.015625,25.021484,60,145,0,0,255,2,0,1782509438.3985386,57
25.005371,24.997269,0.26243213,0.5799066,0.7463379,1,1,0,0.010498047,0.02319336,25.005371,61,145,1,0,255,2,0,1782509438.3985386,57
24.993896,24.986181,0.21045987,0.5842157,0.6770325,1,1,0,0.008422852,0.023376465,24.993896,61,145,1,0,255,2,0,1782509438.3985386,57
25.00879,25.00139,0.15717633,0.58761585,0.736084,1,1,0,0.006286621,0.023498535,25.00879,61,145,1,0,255,2,0,1782509438.3985386,57
25.009035,25.0018,0.10529385,0.5921996,0.67315674,1,1,0,0.004211426,0.02368164,25.009033,61,145,1,0,255,2,0,1782509438.3985386,57
25.00757,25.000431,0.05188085,0.5952167,0.883728,1,1,0,0.0020751953,0.023803711,25.007568,61,145,1,0,255,2,0,1782509438.3985386,57
25.018064,25.010868,-0.0,0.6000462,0.78912354,1,1,0,-0.0,0.023986816,25.018066,61,145,1,0,255,2,0,1782509438.3985386,57
25.013674,25.006605,-0.051893666,0.5923094,0.66085815,1,1,0,-0.0020751953,0.02368164,25.013672,61,145,1,0,255,2,0,1782509438.3985386,57
25.028078,25.021812,0.16646837,0.5346167,0.72732544,1,1,0,0.006652832,0.021362305,25.028076,26,146,0,0,255,2,0,1782509438.4981737,58
25.021484,25.015512,0.114512734,0.5344759,0.700531,1,1,0,0.0045776367,0.021362305,25.021484,26,146,0,0,255,2,0,1782509438.4981737,58
25.008787,24.998142,0.20903476,0.69900715,0.83862305,1,1,0,0.008361816,0.027954102,25.00879,27,146,1,0,255,2,0,1782509438.4981737,58
25.008787,24.999018,-0.0,0.69900715,0.68688965,1,1,0,-0.0,0.027954102,25.00879,27,146,1,0,255,2,0,1782509438.4981737,58
25.003174,24.993347,-0.05339163,0.6988502,0.7381592,1,1,0,-0.0021362305,0.027954102,25.003174,27,146,1,0,255,2,0,1782509438.4981737,58
25.021484,25.018667,0.21836916,0.30543044,0.7802124,1,1,0,0.008728027,0.012207031,25.021484,28,146,0,0,255,2,0,1782509438.4981737,58
25.020262,25.015375,0.15726426,0.46879706,0.71728516,1,1,0,0.006286621,0.018737793,25.020264,29,146,1,0,255,2,0,1782509438.4981737,58
25.000978,24.996374,0.103745304,0.4684357,0.7791443,1,1,0,0.0041503906,0.018737793,25.000977,29,146,1,0,255,2,0,1782509438.4981737,58
25.011475,25.007084,-0.0,0.4686324,0.9206238,1,1,0,-0.0,0.018737793,25.011475,29,146,1,0,255,2,0,1782509438.4981737,58
25.021729,25.017656,0.27180898,0.36040795,0.8564148,1,1,0,0.010864258,0.014404297,25.021729,60,146,0,0,255,2,0,1782509438.4981737,58
25.02051,25.017248,0.16643801,0.36802518,0.6555176,1,1,0,0.006652832,0.014709473,25.020508,60,146,0,0,255,2,0,1782509438.4981737,58
25.020996,25.01796,0.11452394,0.37261337,0.88845825,1,1,0,0.0045776367,0.014892578,25.020996,60,146,0,0,255,2,0,1782509438.4981737,58
25.019531,25.016634,0.062602796,0.37564534,0.80966187,1,1,0,0.0025024414,0.015014648,25.019531,60,146,0,0,255,2,0,1782509438.4981737,58
25.0166,25.01371,0.009160295,0.38018152,0.82785034,1,1,0,0.00036621094,0.015197754,25.016602,60,146,0,0,255,2,0,1782509438.4981737,58
25.007566,24.999968,0.20905001,0.57995754,0.8201599,1,1,0,0.008361816,0.02319336,25.007568,61,146,1,0,255,2,0,1782509438.4981737,58
25.013674,25.006344,0.15720747,0.584678,0.6690674,1,1,0,0.006286621,0.023376465,25.013672,61,146,1,0,255,2,0,1782509438.4981737,58
25.006592,24.999466,0.10528401,0.5875642,0.80581665,1,1,0,0.004211426,0.023498535,25.006592,61,146,1,0,255,2,0,1782509438.4981737,58
25.013674,25.006605,0.051893666,0.5923094,0.6659851,1,1,0,0.0020751953,0.02368164,25.013672,61,146,1,0,255,2,0,1782509438.4981737,58
25.014648,25.007563,-0.0,0.5953852,0.68444824,1,1,0,-0.0,0.023803711,25.014648,61,146,1,0,255,2,0,1782509438.4981737,58
25.002195,24.995092,-0.05339536,0.59356326,1.1584167,1,1,0,-0.0021362305,0.023742676,25.002197,61,146,1,0,255,2,0,1782509438.4981737,58
25.019777,25.013115,0.21832068,0.53443944,0.75424194,1,1,0,0.008728027,0.021362305,25.019775,26,147,0,0,255,2,0,1782509438.5982978,59
25.020996,25.014734,0.16642128,0.5344655,0.8356323,1,1,0,0.006652832,0.021362305,25.020996,26,147,0,0,255,2,0,1782509438.5982978,59
25.019531,25.01356,0.11450379,0.5344342,0.8520813,1,1,0,0.0045776367,0.021362305,25.019531,26,147,0,0,255,2,0,1782509438.5982978,59
25.010496,25.00479,0.009157028,0.53424126,0.8295593,1,1,0,0.00036621094,0.021362305,25.010498,26,147,0,0,255,2,0,1782509438.5982978,59
25.02124,25.015493,-0.044277955,0.53447074,0.7057495,1,1,0,-0.0017700195,0.021362305,25.02124,26,147,0,0,255,2,0,1782509438.5982978,59
25.018307,25.007616,0.20911397,0.7007997,0.5762024,1,1,0,0.008361816,0.028015137,25.01831,27,147,1,0,255,2,0,1782509438.5982978,59
25.022945,25.012676,0.1572473,0.6994029,0.6840515,1,1,0,0.006286621,0.027954102,25.02295,27,147,1,0,255,2,0,1782509438.5982978,59
25.021729,25.011736,0.103809066,0.69936883,0.6758423,1,1,0,0.0041503906,0.027954102,25.021729,27,147,1,0,255,2,0,1782509438.5982978,59
25.013672,25.003899,-0.0,0.69914365,0.66290283,1,1,0,-0.0,0.027954102,25.013672,27,147,1,0,255,2,0,1782509438.5982978,59
25.020996,25.018179,0.2183649,0.30542448,0.6970825,1,1,0,0.008728027,0.012207031,25.020996,28,147,0,0,255,2,0,1782509438.5982978,59
25.026123,25.023705,0.16648096,0.30548707,0.6622925,1,1,0,0.006652832,0.012207031,25.026123,28,147,0,0,255,2,0,1782509438.5982978,59
25.019775,25.017656,0.11299556,0.30540958,0.8988342,1,1,0,0.0045166016,0.012207031,25.019775,28,147,0,0,255,2,0,1782509438.5982978,59
25.022459,25.02054,0.061085425,0.30391523,0.89450073,1,1,0,0.0024414062,0.012145996,25.02246,28,147,0,0,255,2,0,1782509438.5982978,59
25.020996,25.018965,-0.09620377,0.30389744,1.0148926,1,1,0,-0.0038452148,0.012145996,25.020996,28,147,0,0,255,2,0,1782509438.5982978,59
24.994873,24.989124,0.26082128,0.46832132,0.76101685,1,1,0,0.010437012,0.018737793,24.994873,29,147,1,0,255,2,0,1782509438.5982978,59
25.010986,25.006538,-0.05341981,0.46862325,0.87960815,1,1,0,-0.0021362305,0.018737793,25.010986,29,147,1,0,255,2,0,1782509438.5982978,59
25.020752,25.016619,0.2733248,0.36344784,0.8546753,1,1,0,0.010925293,0.014526367,25.020752,60,147,0,0,255,2,0,1782509438.5982978,59
25.03247,25.028818,0.21998553,0.36667347,0.6622925,1,1,0,0.0087890625,0.0146484375,25.03247,60,147,0,0,255,2,0,1782509438.5982978,59
25.032469,25.029408,0.11457634,0.37431195,0.68917847,1,1,0,0.0045776367,0.014953613,25.03247,60,147,0,0,255,2,0,1782509438.5982978,59
25.020996,25.018051,0.06260634,0.3787213,0.8373718,1,1,0,0.0025024414,0.015136719,25.020996,60,147,0,0,255,2,0,1782509438.5982978,59
25.031248,25.028332,0.010693259,0.38193175,0.72906494,1,1,0,0.0004272461,0.015258789,25.03125,60,147,0,0,255,2,0,1782509438.5982978,59
25.020996,25.017977,-0.042755373,0.38635623,1.1664124,1,1,0,-0.0017089844,0.0154418945,25.020996,60,147,0,0,255,2,0,1782509438.5982978,59
25.009033,25.000965,0.26247093,0.57846546,0.63623047,1,1,0,0.010498047,0.023132324,25.009033,61,147,1,0,255,2,0,1782509438.5982978,59
25.009766,25.00208,0.21059379,0.5830606,0.9206238,1,1,0,0.008422852,0.02331543,25.009766,61,147,1,0,255,2,0,1782509438.5982978,59
25.005371,24.998009,0.15715508,0.58600974,0.79556274,1,1,0,0.006286621,0.0234375,25.005371,61,147,1,0,255,2,0,1782509438.5982978,59
25.001953,24.994757,0.10526418,0.5905064,0.76275635,1,1,0,0.004211426,0.023620605,25.001953,61,147,1,0,255,2,0,1782509438.5982978,59
25.00293,24.995825,0.053396925,0.59358066,1.1563721,1,1,0,0.0021362305,0.023742676,25.00293,61,147,1,0,255,2,0,1782509438.5982978,59
25.006592,24.999416,-0.051878747,0.5967193,0.7442932,1,1,0,-0.0020751953,0.023864746,25.006592,61,147,1,0,255,2,0,1782509438.5982978,59
25.00879,25.002827,0.11292858,0.5342048,0.7932129,1,1,0,0.0045166016,0.021362305,25.00879,26,148,0,0,255,2,0,1782509438.6981566,60
25.019289,25.01354,-0.044274498,0.534429,0.7706909,1,1,0,-0.0017700195,0.021362305,25.019287,26,148,0,0,255,2,0,1782509438.6981566,60
25.00586,24.994728,0.26087976,0.69892526,0.6392822,1,1,0,0.010437012,0.027954102,25.00586,27,148,1,0,255,2,0,1782509438.6981566,60
25.014647,25.004,0.20908374,0.69917095,0.6752014,1,1,0,0.008361816,0.027954102,25.014648,27,148,1,0,255,2,0,1782509438.6981566,60
25.01831,25.00832,0.10379489,0.6992733,0.58132935,1,1,0,0.0041503906,0.027954102,25.01831,27,148,1,0,255,2,0,1782509438.6981566,60
25.014648,25.004875,-0.0015261765,0.69917095,0.67315674,1,1,0,-6.1035156e-05,0.027954102,25.014648,27,148,1,0,255,2,0,1782509438.6981566,60
25.011475,25.001646,-0.05340936,0.6990822,1.0067444,1,1,0,-0.0021362305,0.027954102,25.011475,27,148,1,0,255,2,0,1782509438.6981566,60
25.02075,25.018833,0.059554223,0.3038945,0.8650818,1,1,0,0.002380371,0.012145996,25.020752,28,148,0,0,255,2,0,1782509438.6981566,60
25.021729,25.019882,0.0061083697,0.30390635,1.1820068,1,1,0,0.00024414062,0.012145996,25.021729,28,148,0,0,255,2,0,1782509438.6981566,60
25.022459,25.020573,-0.045814086,0.30391523,0.67282104,1,1,0,-0.0018310547,0.012145996,25.02246,28,148,0,0,255,2,0,1782509438.6981566,60
25.004639,24.998905,0.25939736,0.4685043,0.6546936,1,1,0,0.010375977,0.018737793,25.004639,29,148,1,0,255,2,0,1782509438.6981566,60
25.014648,25.009783,0.15417603,0.46869186,0.68444824,1,1,0,0.006164551,0.018737793,25.014648,29,148,1,0,255,2,0,1782509438.6981566,60
25.009766,25.005167,0.10225559,0.46860036,0.78222656,1,1,0,0.0040893555,0.018737793,25.009766,29,148,1,0,255,2,0,1782509438.6981566,60
25.013672,25.009233,0.04884622,0.46867356,0.83325195,1,1,0,0.001953125,0.018737793,25.013672,29,148,1,0,255,2,0,1782509438.6981566,60
25.008787,25.004398,-0.0030522947,0.46858206,0.973938,1,1,0,-0.00012207031,0.018737793,25.00879,29,148,1,0,255,2,0,1782509438.6981566,60
25.010254,25.005804,-0.054944478,0.4686095,0.67419434,1,1,0,-0.0021972656,0.018737793,25.010254,29,148,1,0,255,2,0,1782509438.6981566,60
25.02051,25.016438,0.27179572,0.36039037,0.7905884,1,1,0,0.010864258,0.014404297,25.020508,60,148,0,0,255,2,0,1782509438.6981566,60
25.019773,25.01616,0.21834727,0.3649606,0.6910095,1,1,0,0.008728027,0.014587402,25.019775,60,148,0,0,255,2,0,1782509438.6981566,60
25.021729,25.018692,0.11452729,0.37262428,1.0391235,1,1,0,0.0045776367,0.014892578,25.021729,60,148,0,0,255,2,0,1782509438.6981566,60
25.021729,25.018837,0.009162173,0.38025942,0.723938,1,1,0,0.00036621094,0.015197754,25.021729,60,148,0,0,255,2,0,1782509438.6981566,60
25.021729,25.018755,-0.042756703,0.3833135,0.95166016,1,1,0,-0.0017089844,0.015319824,25.021729,60,148,0,0,255,2,0,1782509438.6981566,60
25.012451,25.004417,0.26250717,0.57701826,0.7337036,1,1,0,0.010498047,0.023071289,25.012451,61,148,1,0,255,2,0,1782509438.6981566,60
25.014648,25.007046,0.2091092,0.58012176,0.732666,1,1,0,0.008361816,0.02319336,25.014648,61,148,1,0,255,2,0,1782509438.6981566,60
25.00879,25.001461,0.15717678,0.58456385,0.80581665,1,1,0,0.006286621,0.023376465,25.00879,61,148,1,0,255,2,0,1782509438.6981566,60
25.00415,24.997034,0.10374804,0.58750683,0.78222656,1,1,0,0.0041503906,0.023498535,25.00415,61,148,1,0,255,2,0,1782509438.6981566,60
25.008059,25.000992,0.051882017,0.5921765,0.68444824,1,1,0,0.0020751953,0.02368164,25.008057,61,148,1,0,255,2,0,1782509438.6981566,60
25.008059,25.000916,-0.0534078,0.5952283,0.7593689,1,1,0,-0.0021362305,0.023803711,25.008057,61,148,1,0,255,2,0,1782509438.6981566,60
25.021484,25.015223,0.16642453,0.5344759,0.7559509,1,1,0,0.006652832,0.021362305,25.021484,26,149,0,0,255,2,0,1782509438.798555,61
25.021973,25.016262,0.009161229,0.53448635,1.2062378,1,1,0,0.00036621094,0.021362305,25.021973,26,149,0,0,255,2,0,1782509438.798555,61
25.012697,25.00695,-0.044262834,0.53428817,0.7689514,1,1,0,-0.0017700195,0.021362305,25.012695,26,149,0,0,255,2,0,1782509438.798555,61
25.015627,25.009733,-0.09616827,0.53435075,0.686676,1,1,0,-0.0038452148,0.021362305,25.015625,26,149,0,0,255,2,0,1782509438.798555,61
25.014648,25.00466,0.103779696,0.69917095,0.7449951,1,1,0,0.0041503906,0.027954102,25.014648,27,149,1,0,255,2,0,1782509438.798555,61
25.017332,25.007559,-0.0,0.699246,0.6029053,1,1,0,-0.0,0.027954102,25.017334,27,149,1,0,255,2,0,1782509438.798555,61
25.009766,24.999937,-0.05340571,0.69903445,0.88986206,1,1,0,-0.0021362305,0.027954102,25.009766,27,149,1,0,255,2,0,1782509438.798555,61
25.020996,25.01769,0.27028218,0.30389744,1.0053406,1,1,0,0.010803223,0.012145996,25.020996,28,149,0,0,255,2,0,1782509438.798555,61
25.0166,25.013802,0.2183267,0.30384406,0.8520813,1,1,0,0.008728027,0.012145996,25.016602,28,149,0,0,255,2,0,1782509438.798555,61
25.01367,25.011751,0.061063968,0.30380848,0.8581543,1,1,0,0.0024414062,0.012145996,25.013672,28,149,0,0,255,2,0,1782509438.798555,61
25.011719,25.009834,-0.044267938,0.30378476,0.6996765,1,1,0,-0.0017700195,0.012145996,25.011719,28,149,0,0,255,2,0,1782509438.798555,61
25.022947,25.017193,0.26111424,0.4688474,0.6758423,1,1,0,0.010437012,0.018737793,25.02295,29,149,1,0,255,2,0,1782509438.798555,61
25.009031,25.004427,0.10377873,0.46858665,0.6218567,1,1,0,0.0041503906,0.018737793,25.009033,29,149,1,0,255,2,0,1782509438.798555,61
25.009766,25.005323,0.050364796,0.46860036,0.77401733,1,1,0,0.0020141602,0.018737793,25.009766,29,149,1,0,255,2,0,1782509438.798555,61
25.020506,25.016865,0.22140749,0.36497128,0.710083,1,1,0,0.008850098,0.014587402,25.020508,60,149,0,0,255,2,0,1782509438.798555,61
25.020506,25.017214,0.16796479,0.36955217,0.80618286,1,1,0,0.006713867,0.014770508,25.020508,60,149,0,0,255,2,0,1782509438.798555,61
25.020998,25.017954,0.11605091,0.37261337,0.68930054,1,1,0,0.004638672,0.014892578,25.020996,60,149,0,0,255,2,0,1782509438.798555,61
25.021484,25.018562,0.062607616,0.3772017,1.1742249,1,1,0,0.0025024414,0.015075684,25.021484,60,149,0,0,255,2,0,1782509438.798555,61
25.026121,25.023228,0.010691078,0.3803262,0.72125244,1,1,0,0.0004272461,0.015197754,25.026123,60,149,0,0,255,2,0,1782509438.798555,61
25.020264,25.017271,-0.041227233,0.384818,0.8460083,1,1,0,-0.0016479492,0.015380859,25.020264,60,149,0,0,255,2,0,1782509438.798555,61
25.03125,25.028063,-0.09471114,0.38804215,0.7403259,1,1,0,-0.0037841797,0.01550293,25.03125,60,149,0,0,255,2,0,1782509438.798555,61
25.018066,25.010014,0.2640926,0.57714784,0.70599365,1,1,0,0.010559082,0.023071289,25.018066,61,149,1,0,255,2,0,1782509438.798555,61
25.014648,25.006998,0.21063522,0.5816481,0.6772766,1,1,0,0.008422852,0.023254395,25.014648,61,149,1,0,255,2,0,1782509438.798555,61
25.001955,24.994793,0.105264336,0.5889808,0.77401733,1,1,0,0.004211426,0.02355957,25.001953,61,149,1,0,255,2,0,1782509438.798555,61
25.003176,24.996107,0.05339753,0.59206086,0.7709656,1,1,0,0.0021362305,0.02368164,25.003174,61,149,1,0,255,2,0,1782509438.798555,61
25.008057,25.000935,0.001525936,0.59675425,0.6680298,1,1,0,6.1035156e-05,0.023864746,25.008057,61,149,1,0,255,2,0,1782509438.798555,61
25.00415,24.997013,-0.051873762,0.59513533,0.7668457,1,1,0,-0.0020751953,0.023803711,25.00415,61,149,1,0,255,2,0,1782509438.798555,61
25.019531,25.012346,0.26869765,0.5359609,0.720459,1,1,0,0.0107421875,0.02142334,25.019531,26,150,0,0,255,2,0,1782509438.8983374,62
25.016602,25.009954,0.21676649,0.5343716,0.73172,1,1,0,0.008666992,0.021362305,25.016602,26,150,0,0,255,2,0,1782509438.8983374,62
25.01074,25.004501,0.16330077,0.53424644,0.706604,1,1,0,0.0065307617,0.021362305,25.010742,26,150,0,0,255,2,0,1782509438.8983374,62
25.019533,25.013823,0.0061068903,0.5344342,0.7655029,1,1,0,0.00024414062,0.021362305,25.019531,26,150,0,0,255,2,0,1782509438.8983374,62
25.019531,25.01378,-0.04580165,0.5344342,0.8694153,1,1,0,-0.0018310547,0.021362305,25.019531,26,150,0,0,255,2,0,1782509438.8983374,62
25.01123,25.000113,0.2594099,0.6990754,0.6669922,1,1,0,0.010375977,0.027954102,25.01123,27,150,1,0,255,2,0,1782509438.8983374,62
24.998777,24.988163,0.20590079,0.69872737,0.7976074,1,1,0,0.008239746,0.027954102,24.99878,27,150,1,0,255,2,0,1782509438.8983374,62
25.008055,24.99781,0.15410222,0.6989867,0.6885376,1,1,0,0.006164551,0.027954102,25.008057,27,150,1,0,255,2,0,1782509438.8983374,62
25.013674,25.00369,0.10224955,0.69914365,0.79833984,1,1,0,0.0040893555,0.027954102,25.013672,27,150,1,0,255,2,0,1782509438.8983374,62
25.005371,24.995554,0.0488195,0.6989116,0.6889343,1,1,0,0.001953125,0.027954102,25.005371,27,150,1,0,255,2,0,1782509438.8983374,62
25.022947,25.013172,-0.0030533657,0.6994029,0.6286011,1,1,0,-0.00012207031,0.027954102,25.02295,27,150,1,0,255,2,0,1782509438.8983374,62
25.01367,25.003834,-0.056466278,0.69914365,0.63723755,1,1,0,-0.0022583008,0.027954102,25.013672,27,150,1,0,255,2,0,1782509438.8983374,62
25.032715,25.029896,0.21846716,0.30556753,0.7940674,1,1,0,0.008728027,0.012207031,25.032715,28,150,0,0,255,2,0,1782509438.8983374,62
25.032715,25.030315,0.16652495,0.30403978,0.84869385,1,1,0,0.006652832,0.012145996,25.032715,28,150,0,0,255,2,0,1782509438.8983374,62
25.019287,25.017366,0.061077677,0.3038767,1.0945435,1,1,0,0.0024414062,0.012145996,25.019287,28,150,0,0,255,2,0,1782509438.8983374,62
25.031248,25.029402,0.009166041,0.30402198,0.6622925,1,1,0,0.00036621094,0.012145996,25.03125,28,150,0,0,255,2,0,1782509438.8983374,62
25.032715,25.030684,-0.09624883,0.30403978,0.73599243,1,1,0,-0.0038452148,0.012145996,25.032715,28,150,0,0,255,2,0,1782509438.8983374,62
25.022459,25.016705,0.26110914,0.46883824,0.8475952,1,1,0,0.010437012,0.018737793,25.02246,29,150,1,0,255,2,0,1782509438.8983374,62
25.000486,24.995224,0.20901035,0.46842656,1.0969543,1,1,0,0.008361816,0.018737793,25.000488,29,150,1,0,255,2,0,1782509438.8983374,62
25.010986,25.006102,0.15720595,0.46862325,0.87142944,1,1,0,0.006286621,0.018737793,25.010986,29,150,1,0,255,2,0,1782509438.8983374,62
25.00342,24.998976,0.051877834,0.46848145,0.98223877,1,1,0,0.0020751953,0.018737793,25.003418,29,150,1,0,255,2,0,1782509438.8983374,62
24.996096,24.99165,-0.053388003,0.4683442,0.8050537,1,1,0,-0.0021362305,0.018737793,24.996094,29,150,1,0,255,2,0,1782509438.8983374,62
25.019287,25.015154,0.27330878,0.36342657,0.8295593,1,1,0,0.010925293,0.014526367,25.019287,60,150,0,0,255,2,0,1782509438.8983374,62
25.013672,25.010008,0.2213468,0.36639813,0.710083,1,1,0,0.008850098,0.0146484375,25.013672,60,150,0,0,255,2,0,1782509438.8983374,62
25.018314,25.014997,0.16794989,0.37104654,0.7724304,1,1,0,0.006713867,0.014831543,25.01831,60,150,0,0,255,2,0,1782509438.8983374,62
25.013674,25.010607,0.11601683,0.37403086,0.73950195,1,1,0,0.004638672,0.014953613,25.013672,60,150,0,0,255,2,0,1782509438.8983374,62
25.017332,25.014385,0.06412393,0.3786659,0.7905884,1,1,0,0.0025634766,0.015136719,25.017334,60,150,0,0,255,2,0,1782509438.8983374,62
25.014648,25.011633,-0.04121794,0.3862582,0.8373718,1,1,0,-0.0016479492,0.0154418945,25.014648,60,150,0,0,255,2,0,1782509438.8983374,62
25.031006,25.027802,-0.09318256,0.38956597,0.6683655,1,1,0,-0.0037231445,0.015563965,25.031006,60,150,0,0,255,2,0,1782509438.8983374,62
25.009033,25.001348,0.21058762,0.5830435,0.60131836,1,1,0,0.008422852,0.02331543,25.009033,61,150,1,0,255,2,0,1782509438.8983374,62
24.997557,24.990189,0.15863125,0.58582664,0.66741943,1,1,0,0.0063476562,0.0234375,24.997559,61,150,1,0,255,2,0,1782509438.8983374,62
24.994873,24.98777,0.05337972,0.5933894,0.77023315,1,1,0,0.0021362305,0.023742676,24.994873,61,150,1,0,255,2,0,1782509438.8983374,62
25.001953,24.994797,0.0015255613,0.59813416,0.6838074,1,1,0,6.1035156e-05,0.023925781,25.001953,61,150,1,0,255,2,0,1782509438.8983374,62
24.993896,24.986835,-0.05185264,0.59184116,0.8890381,1,1,0,-0.0020751953,0.02368164,24.993896,61,150,1,0,255,2,0,1782509438.8983374,62
25.017336,25.010654,0.21677256,0.5359138,0.7187195,1,1,0,0.008666992,0.02142334,25.017334,26,151,0,0,255,2,0,1782509438.9984884,63
25.021484,25.01552,0.11298591,0.5344759,0.87545776,1,1,0,0.0045166016,0.021362305,25.021484,26,151,0,0,255,2,0,1782509438.9984884,63
24.99487,24.985056,0.050323974,0.6986182,0.7466736,1,1,0,0.0020141602,0.027954102,24.994873,27,151,1,0,255,2,0,1782509438.9984884,63
25.005371,24.995543,-0.05492193,0.6989116,0.6715088,1,1,0,-0.0021972656,0.027954102,25.005371,27,151,1,0,255,2,0,1782509438.9984884,63
25.016602,25.013279,0.27023453,0.30537084,0.710083,1,1,0,0.010803223,0.012207031,25.016602,28,151,0,0,255,2,0,1782509438.9984884,63
25.026123,25.023304,0.21840963,0.30548707,0.6423645,1,1,0,0.008728027,0.012207031,25.026123,28,151,0,0,255,2,0,1782509438.9984884,63
25.020752,25.018353,0.16644536,0.3038945,0.715271,1,1,0,0.006652832,0.012145996,25.020752,28,151,0,0,255,2,0,1782509438.9984884,63
25.01074,25.00864,0.11295483,0.3037729,0.95773315,1,1,0,0.0045166016,0.012145996,25.010742,28,151,0,0,255,2,0,1782509438.9984884,63
25.014647,25.012728,0.06106635,0.30382034,0.81484985,1,1,0,0.0024414062,0.012145996,25.014648,28,151,0,0,255,2,0,1782509438.9984884,63
25.019531,25.017647,-0.044281766,0.30387965,0.75424194,1,1,0,-0.0017700195,0.012145996,25.019531,28,151,0,0,255,2,0,1782509438.9984884,63
25.025146,25.01939,0.26113716,0.46888855,0.7456665,1,1,0,0.010437012,0.018737793,25.025146,29,151,1,0,255,2,0,1782509438.9984884,63
25.011229,25.005964,0.20910016,0.4686278,0.75115967,1,1,0,0.008361816,0.018737793,25.01123,29,151,1,0,255,2,0,1782509438.9984884,63
25.016848,25.01224,0.10381115,0.46873304,0.84350586,1,1,0,0.0041503906,0.018737793,25.016846,29,151,1,0,255,2,0,1782509438.9984884,63
25.009766,25.005318,-0.053417202,0.46860036,0.94317627,1,1,0,-0.0021362305,0.018737793,25.009766,29,151,1,0,255,2,0,1782509438.9984884,63
25.031252,25.027193,0.27038485,0.3605451,0.68310547,1,1,0,0.010803223,0.014404297,25.03125,60,151,0,0,255,2,0,1782509438.9984884,63
25.027098,25.023848,0.1649545,0.36812216,0.46725464,1,1,0,0.006591797,0.014709473,25.0271,60,151,0,0,255,2,0,1782509438.9984884,63
25.021484,25.018456,0.11299916,0.37262064,0.7655029,1,1,0,0.0045166016,0.014892578,25.021484,60,151,0,0,255,2,0,1782509438.9984884,63
25.015625,25.012732,0.061066363,0.3755867,0.81137085,1,1,0,0.0024414062,0.015014648,25.015625,60,151,0,0,255,2,0,1782509438.9984884,63
25.019775,25.016884,0.0076345475,0.38022974,0.74816895,1,1,0,0.00030517578,0.015197754,25.019775,60,151,0,0,255,2,0,1782509438.9984884,63
25.014648,25.011675,-0.044271197,0.38320503,0.67022705,1,1,0,-0.0017700195,0.015319824,25.014648,60,151,0,0,255,2,0,1782509438.9984884,63
25.005371,24.997355,0.26090717,0.57685494,0.7022705,1,1,0,0.010437012,0.023071289,25.005371,61,151,1,0,255,2,0,1782509438.9984884,63
25.001955,24.99437,0.20747755,0.5798273,0.65408325,1,1,0,0.008300781,0.02319336,25.001953,61,151,1,0,255,2,0,1782509438.9984884,63
25.021484,25.014164,0.15572985,0.58486056,0.77783203,1,1,0,0.006225586,0.023376465,25.021484,61,151,1,0,255,2,0,1782509438.9984884,63
25.016846,25.009731,0.102274254,0.58780515,0.7562866,1,1,0,0.0040893555,0.023498535,25.016846,61,151,1,0,255,2,0,1782509438.9984884,63
25.010986,25.003922,0.050361972,0.5922458,0.7668457,1,1,0,0.0020141602,0.02368164,25.010986,61,151,1,0,255,2,0,1782509438.9984884,63
25.006836,24.999752,-0.0015258638,0.5951993,0.6300659,1,1,0,-6.1035156e-05,0.023803711,25.006836,61,151,1,0,255,2,0,1782509438.9984884,63
25.00415,24.99708,-0.054925308,0.592084,0.94421387,1,1,0,-0.0021972656,0.02368164,25.00415,61,151,1,0,255,2,0,1782509438.9984884,63
25.010742,25.00407,0.219768,0.53424644,0.7628784,1,1,0,0.0087890625,0.021362305,25.010742,26,152,0,0,255,2,0,1782509439.098269,64
25.020264,25.014519,-0.042749465,0.5344499,0.74298096,1,1,0,-0.0017089844,0.021362305,25.020264,26,152,0,0,255,2,0,1782509439.098269,64
25.010252,24.999607,0.209047,0.6990481,0.62698364,1,1,0,0.008361816,0.027954102,25.010254,27,152,1,0,255,2,0,1782509439.098269,64
24.994871,24.984886,0.10522261,0.6986182,0.825531,1,1,0,0.004211426,0.027954102,24.994873,27,152,1,0,255,2,0,1782509439.098269,64
25.03003,25.026737,0.26732454,0.30553475,0.69177246,1,1,0,0.010681152,0.012207031,25.03003,28,152,0,0,255,2,0,1782509439.098269,64
25.017336,25.014576,0.21375278,0.30385298,0.7758789,1,1,0,0.008544922,0.012145996,25.017334,28,152,0,0,255,2,0,1782509439.098269,64
25.016602,25.014233,0.1618375,0.30384406,0.96640015,1,1,0,0.0064697266,0.012145996,25.016602,28,152,0,0,255,2,0,1782509439.098269,64
25.016602,25.014513,0.10992777,0.30384406,0.74642944,1,1,0,0.0043945312,0.012145996,25.016602,28,152,0,0,255,2,0,1782509439.098269,64
25.021482,25.019573,0.05650182,0.30390337,0.87112427,1,1,0,0.0022583008,0.012145996,25.021484,28,152,0,0,255,2,0,1782509439.098269,64
25.0271,25.025253,0.0045822607,0.30397156,0.70132446,1,1,0,0.00018310547,0.012145996,25.0271,28,152,0,0,255,2,0,1782509439.098269,64
25.020752,25.018862,-0.047337987,0.3038945,1.073761,1,1,0,-0.0018920898,0.012145996,25.020752,28,152,0,0,255,2,0,1782509439.098269,64
25.013674,25.007967,0.25643831,0.46867356,0.8168335,1,1,0,0.010253906,0.018737793,25.013672,29,152,1,0,255,2,0,1782509439.098269,64
25.005371,25.000147,0.20447353,0.46851802,0.83657837,1,1,0,0.008178711,0.018737793,25.005371,29,152,1,0,255,2,0,1782509439.098269,64
25.003174,24.99832,0.15257953,0.46847686,0.84887695,1,1,0,0.0061035156,0.018737793,25.003174,29,152,1,0,255,2,0,1782509439.098269,64
25.001953,24.997368,0.09917221,0.468454,0.764801,1,1,0,0.003967285,0.018737793,25.001953,29,152,1,0,255,2,0,1782509439.098269,64
25.004152,24.999718,0.047301766,0.46849516,0.8304138,1,1,0,0.0018920898,0.018737793,25.00415,29,152,1,0,255,2,0,1782509439.098269,64
25.00757,25.00318,-0.004578219,0.4685592,0.89193726,1,1,0,-0.00018310547,0.018737793,25.007568,29,152,1,0,255,2,0,1782509439.098269,64
25.000977,24.996521,-0.057975434,0.4684357,0.71765137,1,1,0,-0.002319336,0.018737793,25.000977,29,152,1,0,255,2,0,1782509439.098269,64
25.031006,25.026926,0.27038196,0.3620692,0.667511,1,1,0,0.010803223,0.014465332,25.031006,60,152,0,0,255,2,0,1782509439.098269,64
25.033936,25.03031,0.21694292,0.36669493,0.6926575,1,1,0,0.008666992,0.0146484375,25.033936,60,152,0,0,255,2,0,1782509439.098269,64
25.010744,25.007473,0.16484655,0.36940792,0.7559509,1,1,0,0.006591797,0.014770508,25.010742,60,152,0,0,255,2,0,1782509439.098269,64
25.018309,25.015263,0.11145791,0.3741002,0.6329956,1,1,0,0.0044555664,0.014953613,25.01831,60,152,0,0,255,2,0,1782509439.098269,64
25.018307,25.015371,0.059545983,0.37868065,1.07724,1,1,0,0.002380371,0.015136719,25.01831,60,152,0,0,255,2,0,1782509439.098269,64
25.019531,25.016531,-0.045806687,0.38480672,0.87979126,1,1,0,-0.0018310547,0.015380859,25.019531,60,152,0,0,255,2,0,1782509439.098269,64
25.016846,25.008806,0.2595001,0.5786462,0.6649475,1,1,0,0.010375977,0.023132324,25.016846,61,152,1,0,255,2,0,1782509439.098269,64
25.019287,25.011662,0.20762111,0.58175594,0.7839966,1,1,0,0.008300781,0.023254395,25.019287,61,152,1,0,255,2,0,1782509439.098269,64
25.01587,25.008524,0.15416826,0.5862557,0.72753906,1,1,0,0.006164551,0.0234375,25.01587,61,152,1,0,255,2,0,1782509439.098269,64
25.01587,25.008718,0.10227011,0.5893086,0.7655029,1,1,0,0.0040893555,0.02355957,25.01587,61,152,1,0,255,2,0,1782509439.098269,64
25.01123,25.00413,0.05036239,0.5937777,0.68240356,1,1,0,0.0020141602,0.023742676,25.01123,61,152,1,0,255,2,0,1782509439.098269,64
25.016846,25.009722,-0.0030529446,0.596964,0.8024597,1,1,0,-0.00012207031,0.023864746,25.016846,61,152,1,0,255,2,0,1782509439.098269,64
25.013674,25.0066,-0.054946225,0.5923094,0.75320435,1,1,0,-0.0021972656,0.02368164,25.013672,61,152,1,0,255,2,0,1782509439.098269,64
25.021486,25.014284,0.27024537,0.53600276,0.8694153,1,1,0,0.010803223,0.02142334,25.021484,26,153,0,0,255,2,0,1782509439.1984758,65
25.02124,25.014988,0.1648961,0.53447074,0.80792236,1,1,0,0.006591797,0.021362305,25.02124,26,153,0,0,255,2,0,1782509439.1984758,65
25.019775,25.013811,0.11297819,0.53443944,0.7672119,1,1,0,0.0045166016,0.021362305,25.019775,26,153,0,0,255,2,0,1782509439.1984758,65
25.01367,25.002993,0.20754915,0.70066977,0.67315674,1,1,0,0.008300781,0.028015137,25.013672,27,153,1,0,255,2,0,1782509439.1984758,65
25.015871,25.005888,0.10225853,0.69920504,0.7213745,1,1,0,0.0040893555,0.027954102,25.01587,27,153,1,0,255,2,0,1782509439.1984758,65
25.007566,24.997797,-0.0015257444,0.69897306,0.87960815,1,1,0,-6.1035156e-05,0.027954102,25.007568,27,153,1,0,255,2,0,1782509439.1984758,65
25.020264,25.016924,0.27180102,0.30541554,0.80618286,1,1,0,0.010864258,0.012207031,25.020264,28,153,0,0,255,2,0,1782509439.1984758,65
25.023684,25.021265,0.16646473,0.30545726,0.81658936,1,1,0,0.006652832,0.012207031,25.023682,28,153,0,0,255,2,0,1782509439.1984758,65
25.021729,25.019808,0.061083637,0.30390635,0.8460083,1,1,0,0.0024414062,0.012145996,25.021729,28,153,0,0,255,2,0,1782509439.1984758,65
25.020262,25.018415,0.009162018,0.30388856,0.717865,1,1,0,0.00036621094,0.012145996,25.020264,28,153,0,0,255,2,0,1782509439.1984758,65
25.021729,25.019846,-0.04275857,0.30390635,0.6641846,1,1,0,-0.0017089844,0.012145996,25.021729,28,153,0,0,255,2,0,1782509439.1984758,65
25.01831,25.01628,-0.09619344,0.30386484,0.7888794,1,1,0,-0.0038452148,0.012145996,25.01831,28,153,0,0,255,2,0,1782509439.1984758,65
25.005371,25.000982,-0.0,0.46851802,0.7678833,1,1,0,-0.0,0.018737793,25.005371,29,153,1,0,255,2,0,1782509439.1984758,65
25.019775,25.015676,0.27026042,0.36343366,0.686676,1,1,0,0.010803223,0.014526367,25.019775,60,153,0,0,255,2,0,1782509439.1984758,65
25.02124,25.01758,0.21835968,0.36803597,0.7628784,1,1,0,0.008728027,0.014709473,25.02124,60,153,0,0,255,2,0,1782509439.1984758,65
25.031008,25.02771,0.16497996,0.37123483,0.7914734,1,1,0,0.006591797,0.014831543,25.031006,60,153,0,0,255,2,0,1782509439.1984758,65
25.027098,25.024023,0.11302431,0.37575898,0.71084595,1,1,0,0.0045166016,0.015014648,25.0271,60,153,0,0,255,2,0,1782509439.1984758,65
25.019531,25.01659,0.061075784,0.37869912,0.712677,1,1,0,0.0024414062,0.015136719,25.019531,60,153,0,0,255,2,0,1782509439.1984758,65
25.016602,25.013664,0.007633565,0.38323495,0.68063354,1,1,0,0.00030517578,0.015319824,25.016602,60,153,0,0,255,2,0,1782509439.1984758,65
25.019775,25.016754,-0.044280186,0.38633737,0.7724304,1,1,0,-0.0017700195,0.0154418945,25.019775,60,153,0,0,255,2,0,1782509439.1984758,65
25.017334,25.014095,-0.09618504,0.39087993,0.8477478,1,1,0,-0.0038452148,0.015625,25.017334,60,153,0,0,255,2,0,1782509439.1984758,65
25.014648,25.00656,0.26100323,0.58012176,0.66290283,1,1,0,0.010437012,0.02319336,25.014648,61,153,1,0,255,2,0,1782509439.1984758,65
25.014647,25.006987,0.20758231,0.58317447,0.7029114,1,1,0,0.008300781,0.02331543,25.014648,61,153,1,0,255,2,0,1782509439.1984758,65
25.003176,24.995787,0.15561543,0.5874839,0.7145691,1,1,0,0.006225586,0.023498535,25.003174,61,153,1,0,255,2,0,1782509439.1984758,65
25.014648,25.007456,0.103791304,0.5908062,0.6516113,1,1,0,0.0041503906,0.023620605,25.014648,61,153,1,0,255,2,0,1782509439.1984758,65
25.003174,24.996038,0.050346095,0.5951121,0.83657837,1,1,0,0.0020141602,0.023803711,25.003174,61,153,1,0,255,2,0,1782509439.1984758,65
24.99878,24.991457,-0.053387593,0.6026344,0.6878967,1,1,0,-0.0021362305,0.024108887,24.99878,61,153,1,0,255,2,0,1782509439.1984758,65
25.021484,25.014776,0.21986212,0.53600276,0.8477478,1,1,0,0.0087890625,0.02142334,25.021484,26,154,0,0,255,2,0,1782509439.298555,66
25.021484,25.01548,0.114512585,0.53600276,1.0018921,1,1,0,0.0045776367,0.02142334,25.021484,26,154,0,0,255,2,0,1782509439.298555,66
25.02124,25.01542,0.062599756,0.5359975,0.7836609,1,1,0,0.0025024414,0.02142334,25.02124,26,154,0,0,255,2,0,1782509439.298555,66
25.01367,25.007961,0.010684555,0.534309,1.1101379,1,1,0,0.0004272461,0.021362305,25.013672,26,154,0,0,255,2,0,1782509439.298555,66
25.026123,25.020376,-0.042759474,0.53457505,0.7403259,1,1,0,-0.0017089844,0.021362305,25.026123,26,154,0,0,255,2,0,1782509439.298555,66
25.021486,25.011488,0.10533464,0.699362,0.8475952,1,1,0,0.004211426,0.027954102,25.021484,27,154,1,0,255,2,0,1782509439.298555,66
25.015627,25.012302,0.27022398,0.30535892,0.6477356,1,1,0,0.010803223,0.012207031,25.015625,28,154,0,0,255,2,0,1782509439.298555,66
25.026121,25.023317,0.21688232,0.30548707,0.7585144,1,1,0,0.008666992,0.012207031,25.026123,28,154,0,0,255,2,0,1782509439.298555,66
25.00415,24.998417,0.2593923,0.46849516,0.7207031,1,1,0,0.010375977,0.018737793,25.00415,29,154,1,0,255,2,0,1782509439.298555,66
25.011475,25.006609,0.15415646,0.4686324,0.70635986,1,1,0,0.006164551,0.018737793,25.011475,29,154,1,0,255,2,0,1782509439.298555,66
25.015871,25.01127,0.10228055,0.46871474,0.7593689,1,1,0,0.0040893555,0.018737793,25.01587,29,154,1,0,255,2,0,1782509439.298555,66
25.006594,25.002151,0.050358407,0.4685409,0.7268677,1,1,0,0.0020141602,0.018737793,25.006592,29,154,1,0,255,2,0,1782509439.298555,66
25.008057,25.003607,-0.05493965,0.46856835,0.69470215,1,1,0,-0.0021972656,0.018737793,25.008057,29,154,1,0,255,2,0,1782509439.298555,66
25.02124,25.017168,0.27180368,0.36040092,0.8650818,1,1,0,0.010864258,0.014404297,25.02124,60,154,0,0,255,2,0,1782509439.298555,66
25.031982,25.028387,0.218454,0.36361098,0.72906494,1,1,0,0.008728027,0.014526367,25.031982,60,154,0,0,255,2,0,1782509439.298555,66
25.023684,25.020422,0.16645913,0.36807188,0.82263184,1,1,0,0.006652832,0.014709473,25.023682,60,154,0,0,255,2,0,1782509439.298555,66
25.017336,25.014328,0.11298052,0.37103206,0.68930054,1,1,0,0.0045166016,0.014831543,25.017334,60,154,0,0,255,2,0,1782509439.298555,66
25.019289,25.016394,0.061075304,0.37564167,0.88153076,1,1,0,0.0024414062,0.015014648,25.019287,60,154,0,0,255,2,0,1782509439.298555,66
25.0166,25.013733,0.0091603035,0.3786548,0.7836609,1,1,0,0.00036621094,0.015136719,25.016602,60,154,0,0,255,2,0,1782509439.298555,66
25.021729,25.018753,-0.044283725,0.3833135,0.9906311,1,1,0,-0.0017700195,0.015319824,25.021729,60,154,0,0,255,2,0,1782509439.298555,66
25.021973,25.018805,-0.09620315,0.3863713,0.712677,1,1,0,-0.0038452148,0.0154418945,25.021973,60,154,0,0,255,2,0,1782509439.298555,66
24.998777,24.990799,0.26083875,0.5751775,0.69610596,1,1,0,0.010437012,0.023010254,24.99878,61,154,1,0,255,2,0,1782509439.298555,66
25.01245,25.004848,0.20909083,0.5800708,0.6218567,1,1,0,0.008361816,0.02319336,25.012451,61,154,1,0,255,2,0,1782509439.298555,66
25.008055,25.000774,0.15564649,0.58302075,0.6413574,1,1,0,0.006225586,0.02331543,25.008057,61,154,1,0,255,2,0,1782509439.298555,66
24.992676,24.985561,0.10370042,0.58723724,0.7435913,1,1,0,0.0041503906,0.023498535,24.992676,61,154,1,0,255,2,0,1782509439.298555,66
24.998291,24.991264,0.05186183,0.5904199,0.87677,1,1,0,0.0020751953,0.023620605,24.998291,61,154,1,0,255,2,0,1782509439.298555,66
24.99878,24.991697,-0.0015253722,0.59500754,0.60998535,1,1,0,-6.1035156e-05,0.023803711,24.99878,61,154,1,0,255,2,0,1782509439.298555,66
25.021729,25.014511,0.2717748,0.536008,0.8001404,1,1,0,0.010864258,0.02142334,25.021729,26,155,0,0,255,2,0,1782509439.3986278,67
25.019531,25.01326,0.16793822,0.5344342,0.8564148,1,1,0,0.006713867,0.021362305,25.019531,26,155,0,0,255,2,0,1782509439.3986278,67
25.01831,25.012524,0.06259251,0.53440815,0.8503418,1,1,0,0.0025024414,0.021362305,25.01831,26,155,0,0,255,2,0,1782509439.3986278,67
25.022705,25.016994,0.0091614975,0.534502,0.8650818,1,1,0,0.00036621094,0.021362305,25.022705,26,155,0,0,255,2,0,1782509439.3986278,67
25.021484,25.01574,-0.04275155,0.5344759,0.74642944,1,1,0,-0.0017089844,0.021362305,25.021484,26,155,0,0,255,2,0,1782509439.3986278,67
25.010254,24.999989,0.15716752,0.6990481,0.63827515,1,1,0,0.006286621,0.027954102,25.010254,27,155,1,0,255,2,0,1782509439.3986278,67
25.013674,25.003677,0.105301745,0.69914365,0.7101135,1,1,0,0.004211426,0.027954102,25.013672,27,155,1,0,255,2,0,1782509439.3986278,67
25.015871,25.006042,-0.051892497,0.69920504,0.72036743,1,1,0,-0.0020751953,0.027954102,25.01587,27,155,1,0,255,2,0,1782509439.3986278,67
25.021238,25.01844,0.21836717,0.30390042,0.8001404,1,1,0,0.008728027,0.012145996,25.02124,28,155,0,0,255,2,0,1782509439.3986278,67
25.031248,25.029148,0.11304746,0.30402198,0.68569946,1,1,0,0.0045166016,0.012145996,25.03125,28,155,0,0,255,2,0,1782509439.3986278,67
25.020508,25.018623,-0.044283494,0.3038915,0.7689514,1,1,0,-0.0017700195,0.012145996,25.020508,28,155,0,0,255,2,0,1782509439.3986278,67
25.01587,25.010117,0.26104036,0.46871474,0.839386,1,1,0,0.010437012,0.018737793,25.01587,29,155,1,0,255,2,0,1782509439.3986278,67
25.020264,25.014996,0.20917568,0.46879706,0.78912354,1,1,0,0.008361816,0.018737793,25.020264,29,155,1,0,255,2,0,1782509439.3986278,67
25.006838,25.002394,0.051884927,0.46854547,0.46484375,1,1,0,0.0020751953,0.018737793,25.006836,29,155,1,0,255,2,0,1782509439.3986278,67
25.011475,25.007027,-0.053420853,0.4686324,0.84887695,1,1,0,-0.0021362305,0.018737793,25.011475,29,155,1,0,255,2,0,1782509439.3986278,67
25.02124,25.01715,0.2733306,0.36040092,0.76116943,1,1,0,0.010925293,0.014404297,25.02124,60,155,0,0,255,2,0,1782509439.3986278,67
25.019531,25.01626,0.16795838,0.36801082,0.82263184,1,1,0,0.006713867,0.014709473,25.019531,60,155,0,0,255,2,0,1782509439.3986278,67
25.019289,25.01639,0.062602185,0.37564167,0.7724304,1,1,0,0.0025024414,0.015014648,25.019287,60,155,0,0,255,2,0,1782509439.3986278,67
25.017332,25.01444,0.010687323,0.38019267,0.723938,1,1,0,0.0004272461,0.015197754,25.017334,60,155,0,0,255,2,0,1782509439.3986278,67
25.019531,25.01656,-0.04275295,0.38327983,0.82437134,1,1,0,-0.0017089844,0.015319824,25.019531,60,155,0,0,255,2,0,1782509439.3986278,67
25.019775,25.01659,-0.094667725,0.38786426,0.66677856,1,1,0,-0.0037841797,0.01550293,25.019775,60,155,0,0,255,2,0,1782509439.3986278,67
24.997068,24.98946,0.21048748,0.57971406,0.8603821,1,1,0,0.008422852,0.02319336,24.99707,61,155,1,0,255,2,0,1782509439.3986278,67
25.014648,25.00732,0.15721361,0.5847008,0.74191284,1,1,0,0.006286621,0.023376465,25.014648,61,155,1,0,255,2,0,1782509439.3986278,67
25.008059,25.00093,0.10529018,0.5875986,0.67419434,1,1,0,0.004211426,0.023498535,25.008057,61,155,1,0,255,2,0,1782509439.3986278,67
24.996338,24.989273,0.05338293,0.591899,0.6161499,1,1,0,0.0021362305,0.02368164,24.996338,61,155,1,0,255,2,0,1782509439.3986278,67
25.01587,25.00862,-0.051897846,0.5999935,0.6906128,1,1,0,-0.0020751953,0.023986816,25.01587,61,155,1,0,255,2,0,1782509439.3986278,67
25.031004,25.0238,0.2703482,0.5362067,0.6596985,1,1,0,0.010803223,0.02142334,25.031006,26,156,0,0,255,2,0,1782509439.4991024,68
25.019775,25.013096,0.21679372,0.53596616,0.8581543,1,1,0,0.008666992,0.02142334,25.019775,26,156,0,0,255,2,0,1782509439.4991024,68
25.027098,25.021387,0.007635922,0.5345959,0.7568054,1,1,0,0.00030517578,0.021362305,25.0271,26,156,0,0,255,2,0,1782509439.4991024,68
25.019775,25.014025,-0.045802098,0.53443944,0.7854004,1,1,0,-0.0018310547,0.021362305,25.019775,26,156,0,0,255,2,0,1782509439.4991024,68
25.008057,24.998077,0.10222659,0.6989867,0.6208191,1,1,0,0.0040893555,0.027954102,25.008057,27,156,1,0,255,2,0,1782509439.4991024,68
25.001953,24.992186,-0.003050804,0.6988161,0.65509033,1,1,0,-0.00012207031,0.027954102,25.001953,27,156,1,0,255,2,0,1782509439.4991024,68
25.000488,24.990662,-0.054911204,0.6987752,1.0529175,1,1,0,-0.0021972656,0.027954102,25.000488,27,156,1,0,255,2,0,1782509439.4991024,68
25.022217,25.019373,0.22142968,0.30543938,0.8650818,1,1,0,0.008850098,0.012207031,25.022217,28,156,0,0,255,2,0,1782509439.4991024,68
25.017334,25.014925,0.16794941,0.30385298,0.8417053,1,1,0,0.006713867,0.012145996,25.017334,28,156,0,0,255,2,0,1782509439.4991024,68
25.020994,25.019146,0.010689334,0.30389744,0.7334595,1,1,0,0.0004272461,0.012145996,25.020996,28,156,0,0,255,2,0,1782509439.4991024,68
25.021484,25.019604,-0.041231077,0.30390337,0.7888794,1,1,0,-0.0016479492,0.012145996,25.021484,28,156,0,0,255,2,0,1782509439.4991024,68
24.996094,24.991203,0.15863769,0.4683442,0.84399414,1,1,0,0.0063476562,0.018737793,24.996094,29,156,1,0,255,2,0,1782509439.4991024,68
25.003176,24.998728,0.053403124,0.46847686,0.7863159,1,1,0,0.0021362305,0.018737793,25.003174,29,156,1,0,255,2,0,1782509439.4991024,68
25.009766,25.005375,0.001526207,0.46860036,0.7463379,1,1,0,6.1035156e-05,0.018737793,25.009766,29,156,1,0,255,2,0,1782509439.4991024,68
25.009033,25.004618,-0.051889542,0.4670605,0.67007446,1,1,0,-0.0020751953,0.018676758,25.009033,29,156,1,0,255,2,0,1782509439.4991024,68
25.021242,25.017115,0.27485728,0.36192793,0.68063354,1,1,0,0.010986328,0.014465332,25.02124,60,156,0,0,255,2,0,1782509439.4991024,68
25.015623,25.012321,0.16945863,0.36948004,0.726532,1,1,0,0.0067749023,0.014770508,25.015625,60,156,0,0,255,2,0,1782509439.4991024,68
25.015627,25.012583,0.11602599,0.37253338,0.82437134,1,1,0,0.004638672,0.014892578,25.015625,60,156,0,0,255,2,0,1782509439.4991024,68
25.020506,25.017582,0.064132124,0.37718698,0.6494446,1,1,0,0.0025634766,0.015075684,25.020508,60,156,0,0,255,2,0,1782509439.4991024,68
25.020506,25.017614,0.012215633,0.3802409,0.7724304,1,1,0,0.00048828125,0.015197754,25.020508,60,156,0,0,255,2,0,1782509439.4991024,68
25.019775,25.016783,-0.041226428,0.38481048,0.81137085,1,1,0,-0.0016479492,0.015380859,25.019775,60,156,0,0,255,2,0,1782509439.4991024,68
25.017334,25.014154,-0.09313174,0.38782644,0.81658936,1,1,0,-0.0037231445,0.01550293,25.017334,60,156,0,0,255,2,0,1782509439.4991024,68
25.009766,25.001715,0.26400498,0.57695633,1.0303345,1,1,0,0.010559082,0.023071289,25.009766,61,156,1,0,255,2,0,1782509439.4991024,68
25.009031,25.001371,0.2121139,0.5815175,0.70599365,1,1,0,0.008483887,0.023254395,25.009033,61,156,1,0,255,2,0,1782509439.4991024,68
25.006594,24.999256,0.15868881,0.5845125,0.8775635,1,1,0,0.0063476562,0.023376465,25.006592,61,156,1,0,255,2,0,1782509439.4991024,68
25.013672,25.006502,0.106839955,0.5892568,0.78912354,1,1,0,0.004272461,0.02355957,25.013672,61,156,1,0,255,2,0,1782509439.4991024,68
25.006594,24.999521,0.054930672,0.5921418,0.7350769,1,1,0,0.0021972656,0.02368164,25.006592,61,156,1,0,255,2,0,1782509439.4991024,68
25.014648,25.007524,0.0015263382,0.59691155,0.68341064,1,1,0,6.1035156e-05,0.023864746,25.014648,61,156,1,0,255,2,0,1782509439.4991024,68
25.004148,24.996904,-0.05034784,0.59971243,0.70944214,1,1,0,-0.0020141602,0.023986816,25.00415,61,156,1,0,255,2,0,1782509439.4991024,68
25.03003,25.023346,0.21688257,0.5361858,0.7715454,1,1,0,0.008666992,0.02142334,25.03003,26,157,0,0,255,2,0,1782509439.5988896,69
25.019285,25.013002,0.16488302,0.53595567,0.68496704,1,1,0,0.006591797,0.02142334,25.019287,26,157,0,0,255,2,0,1782509439.5988896,69
25.019531,25.013573,0.111450374,0.5344342,0.692749,1,1,0,0.0044555664,0.021362305,25.019531,26,157,0,0,255,2,0,1782509439.5988896,69
25.020262,25.014482,0.059543867,0.5344499,0.74642944,1,1,0,0.002380371,0.021362305,25.020264,26,157,0,0,255,2,0,1782509439.5988896,69
25.016111,25.00495,0.2594601,0.7007382,0.49505615,1,1,0,0.010375977,0.028015137,25.016113,27,157,1,0,255,2,0,1782509439.5988896,69
25.012451,25.00247,0.102244556,0.6991095,0.60235596,1,1,0,0.0040893555,0.027954102,25.012451,27,157,1,0,255,2,0,1782509439.5988896,69
25.0,24.990181,0.050334297,0.6987615,0.9894104,1,1,0,0.0020141602,0.027954102,25.0,27,157,1,0,255,2,0,1782509439.5988896,69
24.997557,24.987791,-0.0030502675,0.6986933,0.69610596,1,1,0,-0.00012207031,0.027954102,24.997559,27,157,1,0,255,2,0,1782509439.5988896,69
25.021975,25.018633,0.2718196,0.3054364,0.96810913,1,1,0,0.010864258,0.012207031,25.021973,28,157,0,0,255,2,0,1782509439.5988896,69
25.020264,25.017447,0.2183585,0.30541554,0.726532,1,1,0,0.008728027,0.012207031,25.020264,28,157,0,0,255,2,0,1782509439.5988896,69
25.019775,25.017359,0.16643874,0.30540958,0.88586426,1,1,0,0.006652832,0.012207031,25.019775,28,157,0,0,255,2,0,1782509439.5988896,69
25.02197,25.020052,0.061084233,0.3039093,0.9066467,1,1,0,0.0024414062,0.012145996,25.021973,28,157,0,0,255,2,0,1782509439.5988896,69
25.023436,25.02159,0.00916318,0.3039271,0.8338928,1,1,0,0.00036621094,0.012145996,25.023438,28,157,0,0,255,2,0,1782509439.5988896,69
25.021484,25.019602,-0.042758152,0.30390337,0.7819519,1,1,0,-0.0017089844,0.012145996,25.021484,28,157,0,0,255,2,0,1782509439.5988896,69
25.031494,25.029463,-0.096244134,0.30402493,0.7810669,1,1,0,-0.0038452148,0.012145996,25.031494,28,157,0,0,255,2,0,1782509439.5988896,69
25.003176,24.998785,-0.0,0.46847686,0.769928,1,1,0,-0.0,0.018737793,25.003174,29,157,1,0,255,2,0,1782509439.5988896,69
25.02197,25.018356,0.21836644,0.36499265,0.7966614,1,1,0,0.008728027,0.014587402,25.021973,60,157,0,0,255,2,0,1782509439.5988896,69
25.022705,25.019423,0.16645247,0.36958462,1.0391235,1,1,0,0.006652832,0.014770508,25.022705,60,157,0,0,255,2,0,1782509439.5988896,69
25.01831,25.015392,0.06107286,0.37715384,1.078949,1,1,0,0.0024414062,0.015075684,25.01831,60,157,0,0,255,2,0,1782509439.5988896,69
25.009033,25.006037,-0.044261217,0.38464525,0.81918335,1,1,0,-0.0017700195,0.015380859,25.009033,60,157,0,0,255,2,0,1782509439.5988896,69
25.000977,24.992962,0.26086134,0.57675356,0.6581726,1,1,0,0.010437012,0.023071289,25.000977,61,157,1,0,255,2,0,1782509439.5988896,69
24.996338,24.988707,0.20895584,0.5812223,0.6694641,1,1,0,0.008361816,0.023254395,24.996338,61,157,1,0,255,2,0,1782509439.5988896,69
25.004152,24.996998,0.10374789,0.58903253,0.7432556,1,1,0,0.0041503906,0.02355957,25.00415,61,157,1,0,255,2,0,1782509439.5988896,69
25.009766,25.002644,-0.0015260403,0.5967951,0.776062,1,1,0,-6.1035156e-05,0.023864746,25.009766,61,157,1,0,255,2,0,1782509439.5988896,69
25.008059,25.001024,-0.05340803,0.5906505,0.69470215,1,1,0,-0.0021362305,0.023620605,25.008057,61,157,1,0,255,2,0,1782509439.5988896,69
25.019775,25.012608,0.27022725,0.53443944,0.7135315,1,1,0,0.010803223,0.021362305,25.019775,26,158,0,0,255,2,0,1782509439.6991498,70
25.012695,25.006037,0.2182589,0.53428817,0.726532,1,1,0,0.008728027,0.021362305,25.012695,26,158,0,0,255,2,0,1782509439.6991498,70
25.012695,25.006733,0.11294622,0.53428817,0.7984009,1,1,0,0.0045166016,0.021362305,25.012695,26,158,0,0,255,2,0,1782509439.6991498,70
25.020264,25.014553,0.0076338365,0.5344499,0.9949646,1,1,0,0.00030517578,0.021362305,25.020264,26,158,0,0,255,2,0,1782509439.6991498,70
25.019531,25.013784,-0.04427493,0.5344342,0.8581543,1,1,0,-0.0017700195,0.021362305,25.019531,26,158,0,0,255,2,0,1782509439.6991498,70
25.017334,25.01144,-0.096174836,0.5343873,0.80184937,1,1,0,-0.0038452148,0.021362305,25.017334,26,158,0,0,255,2,0,1782509439.6991498,70
25.002195,24.991066,0.26084155,0.6988229,0.5838928,1,1,0,0.010437012,0.027954102,25.002197,27,158,1,0,255,2,0,1782509439.6991498,70
25.012451,25.002626,0.05035936,0.6991095,0.6690674,1,1,0,0.0020141602,0.027954102,25.012451,27,158,1,0,255,2,0,1782509439.6991498,70
25.012451,25.002678,-0.0015260424,0.6991095,0.66290283,1,1,0,-6.1035156e-05,0.027954102,25.012451,27,158,1,0,255,2,0,1782509439.6991498,70
25.012695,25.002865,-0.053411964,0.69911635,1.1092529,1,1,0,-0.0021362305,0.027954102,25.012695,27,158,1,0,255,2,0,1782509439.6991498,70
25.0271,25.023758,0.27187526,0.305499,0.6683655,1,1,0,0.010864258,0.012207031,25.0271,28,158,0,0,255,2,0,1782509439.6991498,70
25.020262,25.018154,0.11452483,0.30388856,0.7628784,1,1,0,0.0045776367,0.012145996,25.020264,28,158,0,0,255,2,0,1782509439.6991498,70
25.01245,25.007185,0.20911036,0.4686507,0.653656,1,1,0,0.008361816,0.018737793,25.012451,29,158,1,0,255,2,0,1782509439.6991498,70
25.008057,25.003172,0.15718754,0.46856835,0.6875305,1,1,0,0.006286621,0.018737793,25.008057,29,158,1,0,255,2,0,1782509439.6991498,70
25.001953,24.99751,0.051874794,0.468454,0.6622925,1,1,0,0.0020751953,0.018737793,25.001953,29,158,1,0,255,2,0,1782509439.6991498,70
25.019289,25.015194,0.27178222,0.36189967,1.0166016,1,1,0,0.010864258,0.014465332,25.019287,60,158,0,0,255,2,0,1782509439.6991498,70
25.019287,25.01565,0.21834283,0.36648038,0.8434143,1,1,0,0.008728027,0.0146484375,25.019287,60,158,0,0,255,2,0,1782509439.6991498,70
25.020264,25.016981,0.16643623,0.36954856,0.9949646,1,1,0,0.006652832,0.014770508,25.020264,60,158,0,0,255,2,0,1782509439.6991498,70
25.00586,25.002943,0.061042465,0.37696615,1.096283,1,1,0,0.0024414062,0.015075684,25.00586,60,158,0,0,255,2,0,1782509439.6991498,70
25.019287,25.016373,0.00916127,0.3817492,0.74472046,1,1,0,0.00036621094,0.015258789,25.019287,60,158,0,0,255,2,0,1782509439.6991498,70
25.014648,25.011435,-0.096174814,0.38931137,0.697937,1,1,0,-0.0038452148,0.015563965,25.014648,60,158,0,0,255,2,0,1782509439.6991498,70
24.997557,24.989508,0.26082528,0.57820004,0.59872437,1,1,0,0.010437012,0.023132324,24.997559,61,158,1,0,255,2,0,1782509439.6991498,70
25.0,24.99265,0.1555959,0.58588386,0.7886658,1,1,0,0.006225586,0.0234375,25.0,61,158,1,0,255,2,0,1782509439.6991498,70
25.018066,25.010908,0.10380563,0.58936036,0.65878296,1,1,0,0.0041503906,0.02355957,25.018066,61,158,1,0,255,2,0,1782509439.6991498,70
25.00659,24.999489,0.0518789,0.5936676,0.71661377,1,1,0,0.0020751953,0.023742676,25.006592,61,158,1,0,255,2,0,1782509439.6991498,70
24.989258,24.982141,-0.0015247889,0.59630567,0.7077637,1,1,0,-6.1035156e-05,0.023864746,24.989258,61,158,1,0,255,2,0,1782509439.6991498,70
25.013674,25.006601,-0.053419944,0.5923094,0.6895752,1,1,0,-0.0021362305,0.02368164,25.013672,61,158,1,0,255,2,0,1782509439.6991498,70
25.029053,25.021866,0.2718547,0.5346376,0.7940674,1,1,0,0.010864258,0.021362305,25.029053,26,159,0,0,255,2,0,1782509439.7988298,71
25.019287,25.013577,0.009160246,0.534429,0.7819519,1,1,0,0.00036621094,0.021362305,25.019287,26,159,0,0,255,2,0,1782509439.7988298,71
25.011719,25.005976,-0.042734865,0.5342673,0.7888794,1,1,0,-0.0017089844,0.021362305,25.011719,26,159,0,0,255,2,0,1782509439.7988298,71
25.019289,25.0134,-0.09465565,0.534429,0.7966614,1,1,0,-0.0037841797,0.021362305,25.019287,26,159,0,0,255,2,0,1782509439.7988298,71
25.00415,24.993887,0.15712917,0.6988775,0.69610596,1,1,0,0.006286621,0.027954102,25.00415,27,159,1,0,255,2,0,1782509439.7988298,71
24.998777,24.98879,0.105239056,0.69872737,0.66433716,1,1,0,0.004211426,0.027954102,24.99878,27,159,1,0,255,2,0,1782509439.7988298,71
25.005371,24.995548,0.051870722,0.6989116,0.81399536,1,1,0,0.0020751953,0.027954102,25.005371,27,159,1,0,255,2,0,1782509439.7988298,71
24.999756,24.989988,-0.0,0.69875467,0.65408325,1,1,0,-0.0,0.027954102,24.999756,27,159,1,0,255,2,0,1782509439.7988298,71
24.999756,24.989935,-0.051859073,0.69875467,0.68688965,1,1,0,-0.0020751953,0.027954102,24.999756,27,159,1,0,255,2,0,1782509439.7988298,71
25.016602,25.01323,0.2748146,0.30537084,0.9724426,1,1,0,0.010986328,0.012207031,25.016602,28,159,0,0,255,2,0,1782509439.7988298,71
25.020264,25.01742,0.22141239,0.30541554,0.695343,1,1,0,0.008850098,0.012207031,25.020264,28,159,0,0,255,2,0,1782509439.7988298,71
25.01831,25.015873,0.1694827,0.3053917,0.8321533,1,1,0,0.0067749023,0.012207031,25.01831,28,159,0,0,255,2,0,1782509439.7988298,71
25.02124,25.019117,0.117583394,0.30390042,0.7706909,1,1,0,0.004699707,0.012145996,25.02124,28,159,0,0,255,2,0,1782509439.7988298,71
25.021238,25.019312,0.06413656,0.30390042,0.7706909,1,1,0,0.0025634766,0.012145996,25.02124,28,159,0,0,255,2,0,1782509439.7988298,71
25.019285,25.017437,0.012215546,0.3038767,0.7819519,1,1,0,0.00048828125,0.012145996,25.019287,28,159,0,0,255,2,0,1782509439.7988298,71
25.017332,25.015314,-0.09313606,0.30385298,0.711792,1,1,0,-0.0037231445,0.012145996,25.017334,28,159,0,0,255,2,0,1782509439.7988298,71
25.010984,25.005201,0.26404178,0.46862325,0.8119507,1,1,0,0.010559082,0.018737793,25.010986,29,159,1,0,255,2,0,1782509439.7988298,71
25.01587,25.010578,0.21219201,0.46871474,0.81066895,1,1,0,0.008483887,0.018737793,25.01587,29,159,1,0,255,2,0,1782509439.7988298,71
25.01245,25.007545,0.16026784,0.4686507,0.7213745,1,1,0,0.0064086914,0.018737793,25.012451,29,159,1,0,255,2,0,1782509439.7988298,71
25.020754,25.0163,0.05496754,0.4688062,0.65734863,1,1,0,0.0021972656,0.018737793,25.020752,29,159,1,0,255,2,0,1782509439.7988298,71
25.014648,25.010258,0.001526505,0.46869186,0.74191284,1,1,0,6.1035156e-05,0.018737793,25.014648,29,159,1,0,255,2,0,1782509439.7988298,71
25.01587,25.011427,-0.05037709,0.46871474,0.732666,1,1,0,-0.0020141602,0.018737793,25.01587,29,159,1,0,255,2,0,1782509439.7988298,71
25.016605,25.012516,0.27327994,0.3603341,0.70401,1,1,0,0.010925293,0.014404297,25.016602,60,159,0,0,255,2,0,1782509439.7988298,71
25.01953,25.015924,0.2198722,0.3634301,0.81484985,1,1,0,0.0087890625,0.014526367,25.019531,60,159,0,0,255,2,0,1782509439.7988298,71
25.021484,25.018213,0.16797149,0.36803955,0.80966187,1,1,0,0.006713867,0.014709473,25.021484,60,159,0,0,255,2,0,1782509439.7988298,71
25.010742,25.007723,0.11600345,0.3709343,0.8321533,1,1,0,0.004638672,0.014831543,25.010742,60,159,0,0,255,2,0,1782509439.7988298,71
25.021484,25.018585,0.062607676,0.37567466,0.89190674,1,1,0,0.0025024414,0.015014648,25.021484,60,159,0,0,255,2,0,1782509439.7988298,71
25.01953,25.01666,0.010688272,0.37869912,0.8694153,1,1,0,0.0004272461,0.015136719,25.019531,60,159,0,0,255,2,0,1782509439.7988298,71
25.019289,25.016317,-0.04122566,0.3832761,0.7854004,1,1,0,-0.0016479492,0.015319824,25.019287,60,159,0,0,255,2,0,1782509439.7988298,71
25.015627,25.012465,-0.09465211,0.3862733,0.82092285,1,1,0,-0.0037841797,0.0154418945,25.015625,60,159,0,0,255,2,0,1782509439.7988298,71
25.01831,25.01031,0.26256904,0.5756269,0.64297485,1,1,0,0.010498047,0.023010254,25.01831,61,159,1,0,255,2,0,1782509439.7988298,71
25.016846,25.009542,0.15875411,0.58322567,0.7655029,1,1,0,0.0063476562,0.02331543,25.016846,61,159,1,0,255,2,0,1782509439.7988298,71
25.001955,24.99483,0.105264485,0.5874552,0.7791443,1,1,0,0.004211426,0.023498535,25.001953,61,159,1,0,255,2,0,1782509439.7988298,71
25.0,24.99297,0.053390823,0.59046024,0.88494873,1,1,0,0.0021362305,0.023620605,25.0,61,159,1,0,255,2,0,1782509439.7988298,71
25.013184,25.006098,0.0015262511,0.5953504,0.98828125,1,1,0,6.1035156e-05,0.023803711,25.013184,61,159,1,0,255,2,0,1782509439.7988298,71
25.014648,25.007435,-0.051895387,0.5984379,0.80041504,1,1,0,-0.0020751953,0.023925781,25.014648,61,159,1,0,255,2,0,1782509439.7988298,71
25.016602,25.009434,0.27019298,0.5343716,0.8460083,1,1,0,0.010803223,0.021362305,25.016602,26,160,0,0,255,2,0,1782509439.8984783,72
25.015625,25.009916,0.0076324213,0.53435075,0.8390808,1,1,0,0.00030517578,0.021362305,25.015625,26,160,0,0,255,2,0,1782509439.8984783,72
24.997557,24.986917,0.20894088,0.6986933,0.7319946,1,1,0,0.008361816,0.027954102,24.997559,27,160,1,0,255,2,0,1782509439.8984783,72
25.01245,25.002462,0.10377058,0.6991095,0.7449951,1,1,0,0.0041503906,0.027954102,25.012451,27,160,1,0,255,2,0,1782509439.8984783,72
25.013672,25.003847,0.05036182,0.69914365,0.6977844,1,1,0,0.0020141602,0.027954102,25.013672,27,160,1,0,255,2,0,1782509439.8984783,72
24.999756,24.989988,-0.0015252678,0.69875467,0.7791443,1,1,0,-6.1035156e-05,0.027954102,24.999756,27,160,1,0,255,2,0,1782509439.8984783,72
24.99878,24.994333,0.053393736,0.46839452,0.6602173,1,1,0,0.0021362305,0.018737793,24.99878,29,160,1,0,255,2,0,1782509439.8984783,72
24.999512,24.99507,-0.051869728,0.46840826,1.0846863,1,1,0,-0.0020751953,0.018737793,24.999512,29,160,1,0,255,2,0,1782509439.8984783,72
25.031982,25.02787,0.2734477,0.36208332,0.679657,1,1,0,0.010925293,0.014465332,25.031982,60,160,0,0,255,2,0,1782509439.8984783,72
25.01953,25.015902,0.219872,0.36495703,0.81918335,1,1,0,0.0087890625,0.014587402,25.019531,60,160,0,0,255,2,0,1782509439.8984783,72
25.020506,25.017237,0.16796494,0.36802518,0.7819519,1,1,0,0.006713867,0.014709473,25.020508,60,160,0,0,255,2,0,1782509439.8984783,72
25.02075,25.017853,0.06260584,0.37566367,0.710083,1,1,0,0.0025024414,0.015014648,25.020752,60,160,0,0,255,2,0,1782509439.8984783,72
25.018309,25.015417,0.0106877405,0.3802075,0.7966614,1,1,0,0.0004272461,0.015197754,25.01831,60,160,0,0,255,2,0,1782509439.8984783,72
25.01001,25.007038,-0.04273668,0.38313398,0.7628784,1,1,0,-0.0017089844,0.015319824,25.01001,60,160,0,0,255,2,0,1782509439.8984783,72
25.020996,25.01781,-0.094672345,0.3878832,0.80358887,1,1,0,-0.0037841797,0.01550293,25.020996,60,160,0,0,255,2,0,1782509439.8984783,72
25.019289,25.011251,0.26257893,0.577176,0.93585205,1,1,0,0.010498047,0.023071289,25.019287,61,160,1,0,255,2,0,1782509439.8984783,72
25.015871,25.008255,0.2106458,0.58015007,0.676239,1,1,0,0.008422852,0.02319336,25.01587,61,160,1,0,255,2,0,1782509439.8984783,72
25.016846,25.009516,0.15722741,0.58475214,0.8599243,1,1,0,0.006286621,0.023376465,25.016846,61,160,1,0,255,2,0,1782509439.8984783,72
24.99707,24.990004,0.05338449,0.5919163,0.8869934,1,1,0,0.0021362305,0.02368164,24.99707,61,160,1,0,255,2,0,1782509439.8984783,72
25.003174,24.99609,-0.0,0.5951121,0.81607056,1,1,0,-0.0,0.023803711,25.003174,61,160,1,0,255,2,0,1782509439.8984783,72
25.00415,24.996902,-0.05187353,0.59971243,0.8673096,1,1,0,-0.0020751953,0.023986816,25.00415,61,160,1,0,255,2,0,1782509439.8984783,72
25.014648,25.007416,0.2732242,0.5358563,0.73950195,1,1,0,0.010925293,0.02142334,25.014648,26,161,0,0,255,2,0,1782509439.9983718,73
25.012697,25.006393,0.16789213,0.53581446,0.7854004,1,1,0,0.006713867,0.02142334,25.012695,26,161,0,0,255,2,0,1782509439.9983718,73
25.01367,25.003351,0.1587148,0.70066977,0.6977844,1,1,0,0.0063476562,0.028015137,25.013672,27,161,1,0,255,2,0,1782509439.9983718,73
25.016846,25.00685,0.105315104,0.69923234,0.66290283,1,1,0,0.004211426,0.027954102,25.016846,27,161,1,0,255,2,0,1782509439.9983718,73
25.016846,25.007013,0.053420827,0.69923234,0.7942505,1,1,0,0.0021362305,0.027954102,25.016846,27,161,1,0,255,2,0,1782509439.9983718,73
25.02051,25.017185,0.27027673,0.30541852,0.74990845,1,1,0,0.010803223,0.012207031,25.020508,28,161,0,0,255,2,0,1782509439.9983718,73
25.017334,25.014517,0.21833293,0.30537978,0.8581543,1,1,0,0.008728027,0.012207031,25.017334,28,161,0,0,255,2,0,1782509439.9983718,73
25.01831,25.015911,0.16642912,0.30386484,0.7784729,1,1,0,0.006652832,0.012145996,25.01831,28,161,0,0,255,2,0,1782509439.9983718,73
25.00415,24.9984,0.26091808,0.46849516,0.6602173,1,1,0,0.010437012,0.018737793,25.00415,29,161,1,0,255,2,0,1782509439.9983718,73
25.0,24.995127,0.15561132,0.4684174,0.93411255,1,1,0,0.006225586,0.018737793,25.0,29,161,1,0,255,2,0,1782509439.9983718,73
24.999512,24.995071,0.050344147,0.46840826,0.8050537,1,1,0,0.0020141602,0.018737793,24.999512,29,161,1,0,255,2,0,1782509439.9983718,73
24.99829,24.993902,-0.0015255067,0.46838537,1.1062012,1,1,0,-6.1035156e-05,0.018737793,24.998291,29,161,1,0,255,2,0,1782509439.9983718,73
24.994873,24.990429,-0.053385396,0.46832132,0.69854736,1,1,0,-0.0021362305,0.018737793,24.994873,29,161,1,0,255,2,0,1782509439.9983718,73
25.020264,25.01613,0.27331945,0.36344075,0.8321533,1,1,0,0.010925293,0.014526367,25.020264,60,161,0,0,255,2,0,1782509439.9983718,73
25.020264,25.016947,0.16796298,0.3710755,0.711792,1,1,0,0.006713867,0.014831543,25.020264,60,161,0,0,255,2,0,1782509439.9983718,73
25.028078,25.02501,0.11608364,0.37424624,0.6779175,1,1,0,0.004638672,0.014953613,25.028076,60,161,0,0,255,2,0,1782509439.9983718,73
25.02246,25.019444,-0.041230813,0.38637885,0.9152832,1,1,0,-0.0016479492,0.0154418945,25.02246,60,161,0,0,255,2,0,1782509439.9983718,73
25.031006,25.027796,-0.09471013,0.38956597,0.72732544,1,1,0,-0.0037841797,0.015563965,25.031006,60,161,0,0,255,2,0,1782509439.9983718,73
24.992676,24.985483,0.10522512,0.59028727,0.8153076,1,1,0,0.004211426,0.023620605,24.992676,61,161,1,0,255,2,0,1782509439.9983718,73
24.995361,24.988207,0.0015251591,0.59797645,0.6704712,1,1,0,6.1035156e-05,0.023925781,24.995361,61,161,1,0,255,2,0,1782509439.9983718,73
25.00879,25.001505,-0.051883083,0.6013497,0.8345032,1,1,0,-0.0020751953,0.024047852,25.00879,61,161,1,0,255,2,0,1782509439.9983718,73
25.019531,25.012314,0.27175093,0.5359609,0.7836609,1,1,0,0.010864258,0.02142334,25.019531,26,162,0,0,255,2,0,1782509440.0984282,74
25.021729,25.01502,0.21986426,0.536008,0.82611084,1,1,0,0.0087890625,0.02142334,25.021729,26,162,0,0,255,2,0,1782509440.0984282,74
25.018309,25.012339,0.114498205,0.53440815,0.7057495,1,1,0,0.0045776367,0.021362305,25.01831,26,162,0,0,255,2,0,1782509440.0984282,74
25.017334,25.00614,0.26252526,0.70077235,0.6501465,1,1,0,0.010498047,0.028015137,25.017334,27,162,1,0,255,2,0,1782509440.0984282,74
25.006836,24.996572,0.15714605,0.69895256,0.56643677,1,1,0,0.006286621,0.027954102,25.006836,27,162,1,0,255,2,0,1782509440.0984282,74
25.016846,25.00707,-0.0,0.69923234,0.7922058,1,1,0,-0.0,0.027954102,25.016846,27,162,1,0,255,2,0,1782509440.0984282,74
24.998291,24.98847,-0.051856034,0.6987137,0.88494873,1,1,0,-0.0020751953,0.027954102,24.998291,27,162,1,0,255,2,0,1782509440.0984282,74
25.03125,25.028831,0.16651507,0.30554965,0.7403259,1,1,0,0.006652832,0.012207031,25.03125,28,162,0,0,255,2,0,1782509440.0984282,74
25.019287,25.01716,0.11452028,0.30540362,0.80618286,1,1,0,0.0045776367,0.012207031,25.019287,28,162,0,0,255,2,0,1782509440.0984282,74
25.02417,25.022144,-0.09468874,0.30393597,0.6709595,1,1,0,-0.0037841797,0.012145996,25.02417,28,162,0,0,255,2,0,1782509440.0984282,74
25.00757,25.001802,0.26247972,0.4685592,0.7914429,1,1,0,0.010498047,0.018737793,25.007568,29,162,1,0,255,2,0,1782509440.0984282,74
25.001951,24.996689,0.2090226,0.468454,0.809906,1,1,0,0.008361816,0.018737793,25.001953,29,162,1,0,255,2,0,1782509440.0984282,74
24.997557,24.992676,0.15712155,0.46837166,0.65509033,1,1,0,0.006286621,0.018737793,24.997559,29,162,1,0,255,2,0,1782509440.0984282,74
24.994873,24.990265,0.10524526,0.46832132,0.71698,1,1,0,0.004211426,0.018737793,24.994873,29,162,1,0,255,2,0,1782509440.0984282,74
25.000977,24.996588,-0.0,0.4684357,0.86938477,1,1,0,-0.0,0.018737793,25.000977,29,162,1,0,255,2,0,1782509440.0984282,74
25.009033,25.00459,-0.051889483,0.46858665,0.71832275,1,1,0,-0.0020751953,0.018737793,25.009033,29,162,1,0,255,2,0,1782509440.0984282,74
25.01465,25.010563,0.2732586,0.36030596,0.6355896,1,1,0,0.010925293,0.014404297,25.014648,60,162,0,0,255,2,0,1782509440.0984282,74
25.019775,25.016169,0.21987435,0.36343366,0.8295593,1,1,0,0.0087890625,0.014526367,25.019775,60,162,0,0,255,2,0,1782509440.0984282,74
25.015625,25.012356,0.16793215,0.36795336,0.8001404,1,1,0,0.006713867,0.014709473,25.015625,60,162,0,0,255,2,0,1782509440.0984282,74
25.021973,25.018951,0.11605553,0.37110084,0.82437134,1,1,0,0.004638672,0.014831543,25.021973,60,162,0,0,255,2,0,1782509440.0984282,74
25.019775,25.016876,0.0626034,0.375649,0.8624878,1,1,0,0.0025024414,0.015014648,25.019775,60,162,0,0,255,2,0,1782509440.0984282,74
25.021238,25.01837,0.010689002,0.378725,0.717865,1,1,0,0.0004272461,0.015136719,25.02124,60,162,0,0,255,2,0,1782509440.0984282,74
25.015867,25.007868,0.2625434,0.5755707,0.7337036,1,1,0,0.010498047,0.023010254,25.01587,61,162,1,0,255,2,0,1782509440.0984282,74
25.001953,24.994343,0.21052861,0.5798273,0.6838074,1,1,0,0.008422852,0.02319336,25.001953,61,162,1,0,255,2,0,1782509440.0984282,74
25.00415,24.996851,0.15867354,0.5829297,0.7801819,1,1,0,0.0063476562,0.02331543,25.00415,61,162,1,0,255,2,0,1782509440.0984282,74
25.003176,24.99605,0.105269626,0.5874839,0.67459106,1,1,0,0.004211426,0.023498535,25.003174,61,162,1,0,255,2,0,1782509440.0984282,74
24.999514,24.992481,0.05338978,0.5904487,1.1164246,1,1,0,0.0021362305,0.023620605,24.999512,61,162,1,0,255,2,0,1782509440.0984282,74
25.006592,24.999508,-0.0,0.59519345,0.9277954,1,1,0,-0.0,0.023803711,25.006592,61,162,1,0,255,2,0,1782509440.0984282,74
25.005371,24.998161,-0.051876143,0.59821594,0.85913086,1,1,0,-0.0020751953,0.023925781,25.005371,61,162,1,0,255,2,0,1782509440.0984282,74
25.019775,25.013481,0.16641295,0.53596616,0.74124146,1,1,0,0.006652832,0.02142334,25.019775,26,163,0,0,255,2,0,1782509440.198937,75
25.026123,25.020338,0.061084934,0.53457505,0.48025513,1,1,0,0.0024414062,0.021362305,25.026123,26,163,0,0,255,2,0,1782509440.198937,75
25.01245,25.001802,0.20906536,0.6991095,0.73062134,1,1,0,0.008361816,0.027954102,25.012451,27,163,1,0,255,2,0,1782509440.198937,75
25.001955,24.991972,0.10372703,0.6988161,0.7207031,1,1,0,0.0041503906,0.027954102,25.001953,27,163,1,0,255,2,0,1782509440.198937,75
25.01587,25.006039,-0.053418744,0.69920504,0.70599365,1,1,0,-0.0021362305,0.027954102,25.01587,27,163,1,0,255,2,0,1782509440.198937,75
25.0166,25.013788,0.21985343,0.30384406,0.7689514,1,1,0,0.0087890625,0.012145996,25.016602,28,163,0,0,255,2,0,1782509440.198937,75
25.03125,25.029367,-0.04277484,0.30402198,0.68569946,1,1,0,-0.0017089844,0.012145996,25.03125,28,163,0,0,255,2,0,1782509440.198937,75
25.023438,25.019382,0.27030045,0.36043257,0.7187195,1,1,0,0.010803223,0.014404297,25.023438,60,163,0,0,255,2,0,1782509440.198937,75
25.021482,25.01789,0.21836239,0.36345848,0.8581543,1,1,0,0.008728027,0.014526367,25.021484,60,163,0,0,255,2,0,1782509440.198937,75
25.020996,25.017746,0.16491428,0.36803237,0.8694153,1,1,0,0.006591797,0.014709473,25.020996,60,163,0,0,255,2,0,1782509440.198937,75
25.01831,25.015305,0.11298493,0.37104654,0.74124146,1,1,0,0.0045166016,0.014831543,25.01831,60,163,0,0,255,2,0,1782509440.198937,75
25.020506,25.01764,0.007634778,0.3787139,1.0391235,1,1,0,0.00030517578,0.015136719,25.020508,60,163,0,0,255,2,0,1782509440.198937,75
25.019777,25.016802,-0.044280272,0.3832836,0.7334595,1,1,0,-0.0017700195,0.015319824,25.019775,60,163,0,0,255,2,0,1782509440.198937,75
25.02246,25.019293,-0.096205026,0.38637885,0.81484985,1,1,0,-0.0038452148,0.0154418945,25.02246,60,163,0,0,255,2,0,1782509440.198937,75
25.007566,24.999586,0.26093045,0.5753797,0.86117554,1,1,0,0.010437012,0.023010254,25.007568,61,163,1,0,255,2,0,1782509440.198937,75
25.005371,24.99809,0.15562978,0.58295816,0.78326416,1,1,0,0.006225586,0.02331543,25.005371,61,163,1,0,255,2,0,1782509440.198937,75
24.994873,24.987759,0.10370954,0.58728886,0.80096436,1,1,0,0.0041503906,0.023498535,24.994873,61,163,1,0,255,2,0,1782509440.198937,75
25.013672,25.006643,0.050367452,0.5907831,0.7439575,1,1,0,0.0020141602,0.023620605,25.013672,61,163,1,0,255,2,0,1782509440.198937,75
25.00415,24.997103,-0.0015257021,0.59360963,0.82424927,1,1,0,-6.1035156e-05,0.023742676,25.00415,61,163,1,0,255,2,0,1782509440.198937,75
25.020264,25.013044,-0.05343371,0.5985722,0.7809143,1,1,0,-0.0021362305,0.023925781,25.020264,61,163,1,0,255,2,0,1782509440.198937,75
25.022217,25.015,0.2717801,0.53601843,0.9369507,1,1,0,0.010864258,0.02142334,25.022217,26,164,0,0,255,2,0,1782509440.299136,76
24.999512,24.988367,0.2623387,0.6987479,0.78149414,1,1,0,0.010498047,0.027954102,24.999512,27,164,1,0,255,2,0,1782509440.299136,76
24.99707,24.986431,0.20893681,0.6986796,0.9382019,1,1,0,0.008361816,0.027954102,24.99707,27,164,1,0,255,2,0,1782509440.299136,76
25.009033,24.999262,-0.0,0.699014,0.6444397,1,1,0,-0.0,0.027954102,25.009033,27,164,1,0,255,2,0,1782509440.299136,76
24.99878,24.988955,-0.053382248,0.69872737,0.75250244,1,1,0,-0.0021362305,0.027954102,24.99878,27,164,1,0,255,2,0,1782509440.299136,76
25.019531,25.016174,0.27331993,0.3054066,0.701416,1,1,0,0.010925293,0.012207031,25.019531,28,164,0,0,255,2,0,1782509440.299136,76
25.020264,25.017433,0.21988547,0.30541554,0.8581543,1,1,0,0.0087890625,0.012207031,25.020264,28,164,0,0,255,2,0,1782509440.299136,76
25.017336,25.014908,0.16794929,0.30537978,1.09021,1,1,0,0.006713867,0.012207031,25.017334,28,164,0,0,255,2,0,1782509440.299136,76
25.015627,25.013493,0.116030216,0.30535892,0.7628784,1,1,0,0.004638672,0.012207031,25.015625,28,164,0,0,255,2,0,1782509440.299136,76
25.020994,25.019072,0.06260889,0.30389744,1.0642395,1,1,0,0.0025024414,0.012145996,25.020996,28,164,0,0,255,2,0,1782509440.299136,76
24.994873,24.989109,0.26234648,0.46832132,0.78253174,1,1,0,0.010498047,0.018737793,24.994873,29,164,1,0,255,2,0,1782509440.299136,76
25.01831,25.013033,0.21068604,0.4687605,0.63064575,1,1,0,0.008422852,0.018737793,25.01831,29,164,1,0,255,2,0,1782509440.299136,76
24.994873,24.990429,0.053385396,0.46832132,0.8357849,1,1,0,0.0021362305,0.018737793,24.994873,29,164,1,0,255,2,0,1782509440.299136,76
25.003176,24.998732,-0.051877327,0.46847686,0.7258301,1,1,0,-0.0020751953,0.018737793,25.003174,29,164,1,0,255,2,0,1782509440.299136,76
25.020266,25.016188,0.27026594,0.3619138,0.7619934,1,1,0,0.010803223,0.014465332,25.020264,60,164,0,0,255,2,0,1782509440.299136,76
25.027102,25.023827,0.16495436,0.36964953,0.68310547,1,1,0,0.006591797,0.014770508,25.0271,60,164,0,0,255,2,0,1782509440.299136,76
25.031006,25.027975,0.11304216,0.37276244,0.68743896,1,1,0,0.0045166016,0.014892578,25.031006,60,164,0,0,255,2,0,1782509440.299136,76
25.019531,25.01664,0.007634473,0.38022605,0.8434143,1,1,0,0.00030517578,0.015197754,25.019531,60,164,0,0,255,2,0,1782509440.299136,76
25.000488,24.992474,0.26085624,0.5767423,0.9269409,1,1,0,0.010437012,0.023071289,25.000488,61,164,1,0,255,2,0,1782509440.299136,76
25.01123,25.003607,0.20755425,0.5815686,0.7131653,1,1,0,0.008300781,0.023254395,25.01123,61,164,1,0,255,2,0,1782509440.299136,76
24.996338,24.989279,0.05033248,0.591899,0.6407471,1,1,0,0.0020141602,0.02368164,24.996338,61,164,1,0,255,2,0,1782509440.299136,76
24.993896,24.986647,-0.054902382,0.5994665,0.7876587,1,1,0,-0.0021972656,0.023986816,24.993896,61,164,1,0,255,2,0,1782509440.299136,76
25.016602,25.009352,0.274772,0.53589815,0.68063354,1,1,0,0.010986328,0.02142334,25.016602,26,165,0,0,255,2,0,1782509440.3981595,77
25.021484,25.014763,0.22138888,0.53600276,0.8390808,1,1,0,0.008850098,0.02142334,25.021484,26,165,0,0,255,2,0,1782509440.3981595,77
25.02124,25.014925,0.16947627,0.5359975,0.697937,1,1,0,0.0067749023,0.02142334,25.02124,26,165,0,0,255,2,0,1782509440.3981595,77
25.019773,25.013758,0.1175582,0.53596616,0.82785034,1,1,0,0.004699707,0.02142334,25.019775,26,165,0,0,255,2,0,1782509440.3981595,77
25.020996,25.015173,0.06412595,0.53599226,0.8460083,1,1,0,0.0025634766,0.02142334,25.020996,26,165,0,0,255,2,0,1782509440.3981595,77
25.023438,25.017694,-0.04122793,0.53451765,0.8607483,1,1,0,-0.0016479492,0.021362305,25.023438,26,165,0,0,255,2,0,1782509440.3981595,77
25.020508,25.014626,-0.093133494,0.53445506,0.82785034,1,1,0,-0.0037231445,0.021362305,25.020508,26,165,0,0,255,2,0,1782509440.3981595,77
25.021484,25.011436,0.10686104,0.70088863,0.84350586,1,1,0,0.004272461,0.028015137,25.021484,27,165,1,0,255,2,0,1782509440.3981595,77
25.012451,25.002619,0.05493748,0.6991095,0.7029114,1,1,0,0.0021972656,0.027954102,25.012451,27,165,1,0,255,2,0,1782509440.3981595,77
25.014648,25.004875,0.0015261765,0.69917095,0.71728516,1,1,0,6.1035156e-05,0.027954102,25.014648,27,165,1,0,255,2,0,1782509440.3981595,77
25.011475,25.001652,-0.0503574,0.6990822,1.1420593,1,1,0,-0.0020141602,0.027954102,25.011475,27,165,1,0,255,2,0,1782509440.3981595,77
25.017336,25.014011,0.27024242,0.30537978,0.6459961,1,1,0,0.010803223,0.012207031,25.017334,28,165,0,0,255,2,0,1782509440.3981595,77
25.016602,25.013817,0.21679996,0.30384406,0.80358887,1,1,0,0.008666992,0.012145996,25.016602,28,165,0,0,255,2,0,1782509440.3981595,77
25.019531,25.017141,0.1649103,0.30387965,0.75424194,1,1,0,0.006591797,0.012145996,25.019531,28,165,0,0,255,2,0,1782509440.3981595,77
25.02197,25.01987,0.113005556,0.3039093,0.81311035,1,1,0,0.0045166016,0.012145996,25.021973,28,165,0,0,255,2,0,1782509440.3981595,77
25.01953,25.017612,0.059551317,0.30387965,0.7932129,1,1,0,0.002380371,0.012145996,25.019531,28,165,0,0,255,2,0,1782509440.3981595,77
25.02246,25.016722,0.25958222,0.46883824,0.73062134,1,1,0,0.010375977,0.018737793,25.02246,29,165,1,0,255,2,0,1782509440.3981595,77
25.008055,25.002804,0.20754759,0.46856835,0.68444824,1,1,0,0.008300781,0.018737793,25.008057,29,165,1,0,255,2,0,1782509440.3981595,77
25.008055,25.003181,0.15566146,0.46856835,0.653656,1,1,0,0.006225586,0.018737793,25.008057,29,165,1,0,255,2,0,1782509440.3981595,77
25.006594,25.001995,0.10224262,0.4685409,0.80581665,1,1,0,0.0040893555,0.018737793,25.006592,29,165,1,0,255,2,0,1782509440.3981595,77
24.997068,24.99263,0.05033923,0.4683625,0.89520264,1,1,0,0.0020141602,0.018737793,24.99707,29,165,1,0,255,2,0,1782509440.3981595,77
25.009766,25.005404,-0.0015262087,0.4670742,0.80581665,1,1,0,-6.1035156e-05,0.018676758,25.009766,29,165,1,0,255,2,0,1782509440.3981595,77
24.997072,24.992651,-0.054915577,0.46683708,0.9361572,1,1,0,-0.0021972656,0.018676758,24.99707,29,165,1,0,255,2,0,1782509440.3981595,77
25.016602,25.012548,0.27022663,0.3603341,0.6494446,1,1,0,0.010803223,0.014404297,25.016602,60,165,0,0,255,2,0,1782509440.3981595,77
25.016603,25.01301,0.21831977,0.36338755,0.8338928,1,1,0,0.008728027,0.014526367,25.016602,60,165,0,0,255,2,0,1782509440.3981595,77
25.019289,25.016027,0.16642989,0.36800724,0.7888794,1,1,0,0.006652832,0.014709473,25.019287,60,165,0,0,255,2,0,1782509440.3981595,77
25.022459,25.019453,0.11300367,0.37110808,0.82785034,1,1,0,0.0045166016,0.014831543,25.02246,60,165,0,0,255,2,0,1782509440.3981595,77
25.020264,25.017368,0.061077684,0.37565634,0.7161255,1,1,0,0.0024414062,0.015014648,25.020264,60,165,0,0,255,2,0,1782509440.3981595,77
25.017332,25.014465,0.0076338095,0.3786659,0.6615906,1,1,0,0.00030517578,0.015136719,25.017334,60,165,0,0,255,2,0,1782509440.3981595,77
25.020508,25.017532,-0.044281565,0.3832948,0.7784729,1,1,0,-0.0017700195,0.015319824,25.020508,60,165,0,0,255,2,0,1782509440.3981595,77
25.021484,25.018316,-0.09620127,0.38636377,0.7836609,1,1,0,-0.0038452148,0.0154418945,25.021484,60,165,0,0,255,2,0,1782509440.3981595,77
25.014648,25.006664,0.26100433,0.5755426,0.6916199,1,1,0,0.010437012,0.023010254,25.014648,61,165,1,0,255,2,0,1782509440.3981595,77
25.020264,25.01266,0.20915614,0.58025193,0.92355347,1,1,0,0.008361816,0.02319336,25.020264,61,165,1,0,255,2,0,1782509440.3981595,77
25.011232,25.003948,0.15566625,0.5830948,0.653656,1,1,0,0.006225586,0.02331543,25.01123,61,165,1,0,255,2,0,1782509440.3981595,77
25.008787,25.00176,0.050357617,0.59066784,0.8427124,1,1,0,0.0020141602,0.023620605,25.00879,61,165,1,0,255,2,0,1782509440.3981595,77
25.009766,25.00268,-0.0015260425,0.595269,0.7678833,1,1,0,-6.1035156e-05,0.023803711,25.009766,61,165,1,0,255,2,0,1782509440.3981595,77
25.006592,24.999376,-0.05340451,0.59824514,0.809906,1,1,0,-0.0021362305,0.023925781,25.006592,61,165,1,0,255,2,0,1782509440.3981595,77
25.013674,25.006968,0.21979347,0.5358354,0.7871399,1,1,0,0.0087890625,0.02142334,25.013672,26,166,0,0,255,2,0,1782509440.4987833,78
25.01831,25.007114,0.26253548,0.7007997,0.4663086,1,1,0,0.010498047,0.028015137,25.01831,27,166,1,0,255,2,0,1782509440.4987833,78
25.014647,25.004616,0.10377952,0.7006971,0.6208191,1,1,0,0.0041503906,0.028015137,25.014648,27,166,1,0,255,2,0,1782509440.4987833,78
25.001955,24.992132,0.051863633,0.6988161,0.9165344,1,1,0,0.0020751953,0.027954102,25.001953,27,166,1,0,255,2,0,1782509440.4987833,78
25.020996,25.017673,0.270282,0.30542448,1.0590515,1,1,0,0.010803223,0.012207031,25.020996,28,166,0,0,255,2,0,1782509440.4987833,78
25.016602,25.014194,0.16489087,0.30537084,0.7559509,1,1,0,0.006591797,0.012207031,25.016602,28,166,0,0,255,2,0,1782509440.4987833,78
25.016848,25.011108,0.259524,0.46873304,0.7029114,1,1,0,0.010375977,0.018737793,25.016846,29,166,1,0,255,2,0,1782509440.4987833,78
24.99829,24.993902,-0.0030510135,0.46838537,0.83987427,1,1,0,-0.00012207031,0.018737793,24.998291,29,166,1,0,255,2,0,1782509440.4987833,78
25.021484,25.017841,0.22141613,0.36498553,0.81137085,1,1,0,0.008850098,0.014587402,25.021484,60,166,0,0,255,2,0,1782509440.4987833,78
25.021729,25.018457,0.16797313,0.36804315,0.82092285,1,1,0,0.006713867,0.014709473,25.021729,60,166,0,0,255,2,0,1782509440.4987833,78
25.01465,25.011606,0.11602146,0.37251884,0.8295593,1,1,0,0.004638672,0.014892578,25.014648,60,166,0,0,255,2,0,1782509440.4987833,78
25.015625,25.012655,-0.041219626,0.38322,0.74816895,1,1,0,-0.0016479492,0.015319824,25.015625,60,166,0,0,255,2,0,1782509440.4987833,78
25.01831,25.015125,-0.09466218,0.38784158,0.80358887,1,1,0,-0.0037841797,0.01550293,25.01831,60,166,0,0,255,2,0,1782509440.4987833,78
25.001951,24.993906,0.26392248,0.5767761,0.7053528,1,1,0,0.010559082,0.023071289,25.001953,61,166,1,0,255,2,0,1782509440.4987833,78
25.014648,25.007034,0.21063551,0.58012176,0.6690674,1,1,0,0.008422852,0.02319336,25.014648,61,166,1,0,255,2,0,1782509440.4987833,78
25.014648,25.00731,0.15873994,0.5847008,0.6526489,1,1,0,0.0063476562,0.023376465,25.014648,61,166,1,0,255,2,0,1782509440.4987833,78
25.006834,24.999702,0.106810905,0.58756995,0.6116028,1,1,0,0.004272461,0.023498535,25.006836,61,166,1,0,255,2,0,1782509440.4987833,78
25.016846,25.009758,0.0015264745,0.5954375,0.8291321,1,1,0,6.1035156e-05,0.023803711,25.016846,61,166,1,0,255,2,0,1782509440.4987833,78
25.013672,25.006422,-0.051893286,0.59994084,0.72958374,1,1,0,-0.0020751953,0.023986816,25.013672,61,166,1,0,255,2,0,1782509440.4987833,78
25.016602,25.009369,0.27324554,0.53589815,0.81658936,1,1,0,0.010925293,0.02142334,25.016602,26,167,0,0,255,2,0,1782509440.6001902,79
25.019289,25.01331,0.11602937,0.534429,0.73950195,1,1,0,0.004638672,0.021362305,25.019287,26,167,0,0,255,2,0,1782509440.6001902,79
25.015623,25.009914,0.01068539,0.53435075,0.686676,1,1,0,0.0004272461,0.021362305,25.015625,26,167,0,0,255,2,0,1782509440.6001902,79
25.020264,25.01452,-0.0412227,0.5344499,0.9049072,1,1,0,-0.0016479492,0.021362305,25.020264,26,167,0,0,255,2,0,1782509440.6001902,79
24.997559,24.986399,0.26384324,0.6986933,0.6612549,1,1,0,0.010559082,0.027954102,24.997559,27,167,1,0,255,2,0,1782509440.6001902,79
25.009033,24.999262,0.0015258339,0.699014,0.61569214,1,1,0,6.1035156e-05,0.027954102,25.009033,27,167,1,0,255,2,0,1782509440.6001902,79
25.006592,24.996769,-0.051873256,0.69894576,0.88986206,1,1,0,-0.0020751953,0.027954102,25.006592,27,167,1,0,255,2,0,1782509440.6001902,79
25.03003,25.02721,0.21844372,0.30553475,0.82873535,1,1,0,0.008728027,0.012207031,25.03003,28,167,0,0,255,2,0,1782509440.6001902,79
25.031982,25.029593,0.16499238,0.30403087,0.6926575,1,1,0,0.006591797,0.012145996,25.031982,28,167,0,0,255,2,0,1782509440.6001902,79
25.015623,25.013523,0.11297689,0.3038322,0.82437134,1,1,0,0.0045166016,0.012145996,25.015625,28,167,0,0,255,2,0,1782509440.6001902,79
25.027102,25.025215,-0.044295162,0.30397156,0.84695435,1,1,0,-0.0017700195,0.012145996,25.0271,28,167,0,0,255,2,0,1782509440.6001902,79
25.000488,24.995615,0.15561436,0.46842656,0.9781494,1,1,0,0.006225586,0.018737793,25.000488,29,167,1,0,255,2,0,1782509440.6001902,79
24.99829,24.99385,0.050341688,0.46838537,0.905426,1,1,0,0.0020141602,0.018737793,24.998291,29,167,1,0,255,2,0,1782509440.6001902,79
24.999512,24.995123,-0.0015255812,0.46840826,0.8460388,1,1,0,-6.1035156e-05,0.018737793,24.999512,29,167,1,0,255,2,0,1782509440.6001902,79
25.005371,25.000923,-0.054933753,0.46851802,0.7022705,1,1,0,-0.0021972656,0.018737793,25.005371,29,167,1,0,255,2,0,1782509440.6001902,79
25.015625,25.011564,0.26868924,0.3618467,0.7187195,1,1,0,0.0107421875,0.014465332,25.015625,60,167,0,0,255,2,0,1782509440.6001902,79
25.01831,25.014723,0.21528094,0.36493924,0.89190674,1,1,0,0.008605957,0.014587402,25.01831,60,167,0,0,255,2,0,1782509440.6001902,79
25.013672,25.01041,0.16333935,0.3694512,0.8417053,1,1,0,0.0065307617,0.014770508,25.013672,60,167,0,0,255,2,0,1782509440.6001902,79
25.020754,25.017729,0.11146889,0.37260973,0.8338928,1,1,0,0.0044555664,0.014892578,25.020752,60,167,0,0,255,2,0,1782509440.6001902,79
25.017332,25.014423,0.058016952,0.37713912,1.1006165,1,1,0,0.002319336,0.015075684,25.017334,60,167,0,0,255,2,0,1782509440.6001902,79
25.017334,25.014444,0.006107042,0.38019267,0.94906616,1,1,0,0.00024414062,0.015197754,25.017334,60,167,0,0,255,2,0,1782509440.6001902,79
25.016602,25.013601,-0.045801323,0.38476166,0.76116943,1,1,0,-0.0018310547,0.015380859,25.016602,60,167,0,0,255,2,0,1782509440.6001902,79
25.014648,25.006645,0.25947767,0.577069,0.68032837,1,1,0,0.010375977,0.023071289,25.014648,61,167,1,0,255,2,0,1782509440.6001902,79
25.013674,25.00606,0.20604825,0.5816254,0.7234497,1,1,0,0.008239746,0.023254395,25.013672,61,167,1,0,255,2,0,1782509440.6001902,79
25.008057,25.00075,0.15412034,0.5845467,0.6577759,1,1,0,0.006164551,0.023376465,25.008057,61,167,1,0,255,2,0,1782509440.6001902,79
25.005371,24.99823,0.10070142,0.5890613,0.8016968,1,1,0,0.0040283203,0.02355957,25.005371,61,167,1,0,255,2,0,1782509440.6001902,79
25.009766,25.002707,0.04883347,0.59221697,0.99957275,1,1,0,0.001953125,0.02368164,25.009766,61,167,1,0,255,2,0,1782509440.6001902,79
25.010986,25.003864,-0.0030522295,0.59682417,0.83862305,1,1,0,-0.00012207031,0.023864746,25.010986,61,167,1,0,255,2,0,1782509440.6001902,79
25.01367,25.00641,-0.056472097,0.59994084,0.68240356,1,1,0,-0.0022583008,0.023986816,25.013672,61,167,1,0,255,2,0,1782509440.6001902,79
25.01074,25.004766,0.11598974,0.53424644,0.709198,1,1,0,0.004638672,0.021362305,25.010742,26,168,0,0,255,2,0,1782509440.6985424,80
25.014648,25.008938,0.010684973,0.5343299,0.7741394,1,1,0,0.0004272461,0.021362305,25.014648,26,168,0,0,255,2,0,1782509440.6985424,80
25.009033,24.998758,0.15868565,0.699014,0.68341064,1,1,0,0.0063476562,0.027954102,25.009033,27,168,1,0,255,2,0,1782509440.6985424,80
25.006594,24.996601,0.10527195,0.69894576,0.7893982,1,1,0,0.004211426,0.027954102,25.006592,27,168,1,0,255,2,0,1782509440.6985424,80
25.018064,25.008234,0.053423434,0.6992665,0.7562866,1,1,0,0.0021362305,0.027954102,25.018066,27,168,1,0,255,2,0,1782509440.6985424,80
25.01123,25.00146,0.001525968,0.6990754,0.619812,1,1,0,6.1035156e-05,0.027954102,25.01123,27,168,1,0,255,2,0,1782509440.6985424,80
25.021238,25.019392,0.007635313,0.30390042,0.8356323,1,1,0,0.00030517578,0.012145996,25.02124,28,168,0,0,255,2,0,1782509440.6985424,80
24.999512,24.994638,0.15560828,0.46840826,0.81326294,1,1,0,0.006225586,0.018737793,24.999512,29,168,1,0,255,2,0,1782509440.6985424,80
25.01123,25.006788,0.050367747,0.4686278,0.6895752,1,1,0,0.0020141602,0.018737793,25.01123,29,168,1,0,255,2,0,1782509440.6985424,80
25.008787,25.004398,-0.0015261474,0.46858206,0.7668457,1,1,0,-6.1035156e-05,0.018737793,25.00879,29,168,1,0,255,2,0,1782509440.6985424,80
24.997559,24.993141,-0.053391192,0.4668462,0.6838074,1,1,0,-0.0021362305,0.018676758,24.997559,29,168,1,0,255,2,0,1782509440.6985424,80
25.019289,25.0152,0.27330926,0.36037278,0.68930054,1,1,0,0.010925293,0.014404297,25.019287,60,168,0,0,255,2,0,1782509440.6985424,80
25.021729,25.018099,0.21989131,0.3649891,0.8417053,1,1,0,0.0087890625,0.014587402,25.021729,60,168,0,0,255,2,0,1782509440.6985424,80
25.016603,25.013582,0.116030626,0.37102118,0.80792236,1,1,0,0.004638672,0.014831543,25.016602,60,168,0,0,255,2,0,1782509440.6985424,80
25.02075,25.017859,0.010688784,0.38024458,0.7819519,1,1,0,0.0004272461,0.015197754,25.020752,60,168,0,0,255,2,0,1782509440.6985424,80
25.027098,25.023912,-0.094695434,0.3879778,0.6336975,1,1,0,-0.0037841797,0.01550293,25.0271,60,168,0,0,255,2,0,1782509440.6985424,80
25.009033,25.001034,0.26247168,0.5754134,0.6095276,1,1,0,0.010498047,0.023010254,25.009033,61,168,1,0,255,2,0,1782509440.6985424,80
25.010986,25.003649,0.1587167,0.5846152,0.7893982,1,1,0,0.0063476562,0.023376465,25.010986,61,168,1,0,255,2,0,1782509440.6985424,80
25.011232,25.004105,0.10530355,0.5876732,0.7101135,1,1,0,0.004211426,0.023498535,25.01123,61,168,1,0,255,2,0,1782509440.6985424,80
25.00415,24.997118,0.053399686,0.5905583,0.7709656,1,1,0,0.0021362305,0.023620605,25.00415,61,168,1,0,255,2,0,1782509440.6985424,80
25.001951,24.99487,0.0015255657,0.59508306,0.7319946,1,1,0,6.1035156e-05,0.023803711,25.001953,61,168,1,0,255,2,0,1782509440.6985424,80
24.99756,24.99035,-0.051859934,0.598029,0.7381592,1,1,0,-0.0020751953,0.023925781,24.997559,61,168,1,0,255,2,0,1782509440.6985424,80
25.009033,24.997917,0.2593871,0.699014,0.62493896,1,1,0,0.010375977,0.027954102,25.009033,27,169,1,0,255,2,0,1782509440.798316,81
25.009033,24.9984,0.20751102,0.699014,0.7234497,1,1,0,0.008300781,0.027954102,25.009033,27,169,1,0,255,2,0,1782509440.798316,81
25.000488,24.990236,0.15558088,0.6987752,1.0293579,1,1,0,0.006225586,0.027954102,25.000488,27,169,1,0,255,2,0,1782509440.798316,81
25.016846,25.006863,0.10226252,0.69923234,0.6434021,1,1,0,0.0040893555,0.027954102,25.016846,27,169,1,0,255,2,0,1782509440.798316,81
25.006594,24.996763,-0.05492461,0.69894576,0.81607056,1,1,0,-0.0021972656,0.027954102,25.006592,27,169,1,0,255,2,0,1782509440.798316,81
25.021242,25.017868,0.27486557,0.30542746,1.1343689,1,1,0,0.010986328,0.012207031,25.02124,28,169,0,0,255,2,0,1782509440.798316,81
25.01831,25.015467,0.2213951,0.3053917,0.74472046,1,1,0,0.008850098,0.012207031,25.01831,28,169,0,0,255,2,0,1782509440.798316,81
25.02124,25.018803,0.16950254,0.30542746,0.710083,1,1,0,0.0067749023,0.012207031,25.02124,28,169,0,0,255,2,0,1782509440.798316,81
25.020508,25.018393,0.11605294,0.3038915,0.7784729,1,1,0,0.004638672,0.012145996,25.020508,28,169,0,0,255,2,0,1782509440.798316,81
25.01953,25.017603,0.06413218,0.30387965,1.0278625,1,1,0,0.0025634766,0.012145996,25.019531,28,169,0,0,255,2,0,1782509440.798316,81
25.015621,25.013775,0.012213758,0.3038322,0.8434143,1,1,0,0.00048828125,0.012145996,25.015625,28,169,0,0,255,2,0,1782509440.798316,81
25.01953,25.01765,-0.04122786,0.30387965,0.8321533,1,1,0,-0.0016479492,0.012145996,25.019531,28,169,0,0,255,2,0,1782509440.798316,81
25.008787,25.003498,0.21213195,0.46858206,0.7883911,1,1,0,0.008483887,0.018737793,25.00879,29,169,1,0,255,2,0,1782509440.798316,81
25.010254,25.005634,0.106836244,0.4686095,0.7367859,1,1,0,0.004272461,0.018737793,25.010254,29,169,1,0,255,2,0,1782509440.798316,81
25.012451,25.008001,0.054949306,0.4686507,0.69369507,1,1,0,0.0021972656,0.018737793,25.012451,29,169,1,0,255,2,0,1782509440.798316,81
25.006594,25.002203,0.0015260134,0.4685409,0.7473755,1,1,0,6.1035156e-05,0.018737793,25.006592,29,169,1,0,255,2,0,1782509440.798316,81
25.016846,25.012403,-0.050379056,0.46873304,0.861969,1,1,0,-0.0020141602,0.018737793,25.016846,29,169,1,0,255,2,0,1782509440.798316,81
25.026121,25.022087,0.27032968,0.35894394,0.6631775,1,1,0,0.010803223,0.014343262,25.026123,60,169,0,0,255,2,0,1782509440.798316,81
25.01831,25.015083,0.16489673,0.36646608,0.686676,1,1,0,0.006591797,0.0146484375,25.01831,60,169,0,0,255,2,0,1782509440.798316,81
25.021484,25.018476,0.11299926,0.3710936,0.9906311,1,1,0,0.0045166016,0.014831543,25.021484,60,169,0,0,255,2,0,1782509440.798316,81
25.019775,25.016903,0.061076548,0.3741221,0.74124146,1,1,0,0.0024414062,0.014953613,25.019775,60,169,0,0,255,2,0,1782509440.798316,81
25.020994,25.018127,0.007634927,0.3787213,0.7135315,1,1,0,0.00030517578,0.015136719,25.020996,60,169,0,0,255,2,0,1782509440.798316,81
25.019775,25.016825,-0.044280313,0.38175666,0.720459,1,1,0,-0.0017700195,0.015258789,25.019775,60,169,0,0,255,2,0,1782509440.798316,81
25.016602,25.013433,-0.096182495,0.38628837,0.8546753,1,1,0,-0.0038452148,0.0154418945,25.016602,60,169,0,0,255,2,0,1782509440.798316,81
25.016844,25.00886,0.26102725,0.5755932,0.85580444,1,1,0,0.010437012,0.023010254,25.016846,61,169,1,0,255,2,0,1782509440.798316,81
25.018063,25.01051,0.20761155,0.5786744,0.78912354,1,1,0,0.008300781,0.023132324,25.018066,61,169,1,0,255,2,0,1782509440.798316,81
25.01587,25.008585,0.15569511,0.5832029,0.72958374,1,1,0,0.006225586,0.02331543,25.01587,61,169,1,0,255,2,0,1782509440.798316,81
25.00415,24.997068,0.10374818,0.58598113,0.7883911,1,1,0,0.0041503906,0.0234375,25.00415,61,169,1,0,255,2,0,1782509440.798316,81
25.014648,25.00762,0.05036942,0.5908062,0.8291321,1,1,0,0.0020141602,0.023620605,25.014648,61,169,1,0,255,2,0,1782509440.798316,81
24.996094,24.989048,-0.0015252104,0.59341836,0.8603821,1,1,0,-6.1035156e-05,0.023742676,24.996094,61,169,1,0,255,2,0,1782509440.798316,81
25.00293,24.995716,-0.05339669,0.5981575,1.1645813,1,1,0,-0.0021362305,0.023925781,25.00293,61,169,1,0,255,2,0,1782509440.798316,81
25.027098,25.020376,0.22143856,0.53612304,0.71432495,1,1,0,0.008850098,0.02142334,25.0271,26,170,0,0,255,2,0,1782509440.8985941,82
25.016602,25.010298,0.16791834,0.53589815,0.7836609,1,1,0,0.006713867,0.02142334,25.016602,26,170,0,0,255,2,0,1782509440.8985941,82
25.019531,25.01374,0.064122275,0.5344342,0.7767334,1,1,0,0.0025634766,0.021362305,25.019531,26,170,0,0,255,2,0,1782509440.8985941,82
25.026121,25.020409,0.010689873,0.53457505,0.70739746,1,1,0,0.0004272461,0.021362305,25.026123,26,170,0,0,255,2,0,1782509440.8985941,82
25.017332,25.006123,0.2640515,0.70077235,0.6470642,1,1,0,0.010559082,0.028015137,25.017334,27,170,1,0,255,2,0,1782509440.8985941,82
24.997072,24.987247,0.0533786,0.6986796,0.819397,1,1,0,0.0021362305,0.027954102,24.99707,27,170,1,0,255,2,0,1782509440.8985941,82
25.016602,25.013262,0.27176124,0.30537084,0.8546753,1,1,0,0.010864258,0.012207031,25.016602,28,170,0,0,255,2,0,1782509440.8985941,82
25.009764,25.007917,0.009158174,0.30376104,0.7888794,1,1,0,0.00036621094,0.012145996,25.009766,28,170,0,0,255,2,0,1782509440.8985941,82
25.02124,25.019358,-0.042757735,0.30390042,0.7871399,1,1,0,-0.0017089844,0.012145996,25.02124,28,170,0,0,255,2,0,1782509440.8985941,82
24.999756,24.994005,0.26087222,0.46841282,0.71661377,1,1,0,0.010437012,0.018737793,24.999756,29,170,1,0,255,2,0,1782509440.8985941,82
25.0,24.995611,-0.0,0.4684174,1.0263062,1,1,0,-0.0,0.018737793,25.0,29,170,1,0,255,2,0,1782509440.8985941,82
25.001953,24.997507,-0.053400517,0.468454,0.67459106,1,1,0,-0.0021362305,0.018737793,25.001953,29,170,1,0,255,2,0,1782509440.8985941,82
25.015627,25.011572,0.27021608,0.36032003,0.67715454,1,1,0,0.010803223,0.014404297,25.015625,60,170,0,0,255,2,0,1782509440.8985941,82
25.02075,25.017172,0.21682906,0.36344784,0.87979126,1,1,0,0.008666992,0.014526367,25.020752,60,170,0,0,255,2,0,1782509440.8985941,82
25.019289,25.016037,0.16490301,0.36800724,0.8373718,1,1,0,0.006591797,0.014709473,25.019287,60,170,0,0,255,2,0,1782509440.8985941,82
25.019773,25.016773,0.111464635,0.37106827,0.723938,1,1,0,0.0044555664,0.014831543,25.019775,60,170,0,0,255,2,0,1782509440.8985941,82
25.019772,25.016882,0.059549578,0.375649,0.706604,1,1,0,0.002380371,0.015014648,25.019775,60,170,0,0,255,2,0,1782509440.8985941,82
25.021484,25.018616,0.007635076,0.3787287,0.75424194,1,1,0,0.00030517578,0.015136719,25.021484,60,170,0,0,255,2,0,1782509440.8985941,82
25.021482,25.018505,-0.0458103,0.38330975,1.053833,1,1,0,-0.0018310547,0.015319824,25.021484,60,170,0,0,255,2,0,1782509440.8985941,82
25.008055,25.00009,0.25940967,0.57539093,0.65878296,1,1,0,0.010375977,0.023010254,25.008057,61,170,1,0,255,2,0,1782509440.8985941,82
25.01587,25.00828,0.20759304,0.58015007,0.7685852,1,1,0,0.008300781,0.02319336,25.01587,61,170,1,0,255,2,0,1782509440.8985941,82
25.014648,25.007374,0.15416117,0.58317447,0.7101135,1,1,0,0.006164551,0.02331543,25.014648,61,170,1,0,255,2,0,1782509440.8985941,82
25.007568,25.000456,0.10223632,0.5875871,0.82632446,1,1,0,0.0040893555,0.023498535,25.007568,61,170,1,0,255,2,0,1782509440.8985941,82
25.00757,25.000542,0.050355162,0.590639,0.8652649,1,1,0,0.0020141602,0.023620605,25.007568,61,170,1,0,255,2,0,1782509440.8985941,82
25.015867,25.008781,-0.0030528298,0.5954143,0.73883057,1,1,0,-0.00012207031,0.023803711,25.01587,61,170,1,0,255,2,0,1782509440.8985941,82
24.996094,24.98888,-0.054907292,0.59799397,0.8378296,1,1,0,-0.0021972656,0.023925781,24.996094,61,170,1,0,255,2,0,1782509440.8985941,82
25.014648,25.007956,0.21827565,0.5358563,0.723938,1,1,0,0.008728027,0.02142334,25.014648,26,171,0,0,255,2,0,1782509440.9991064,83
25.01953,25.00888,0.20912455,0.6993074,0.70458984,1,1,0,0.008361816,0.027954102,25.019531,27,171,1,0,255,2,0,1782509440.9991064,83
25.006838,24.996853,0.103747286,0.69895256,0.4607544,1,1,0,0.0041503906,0.027954102,25.006836,27,171,1,0,255,2,0,1782509440.9991064,83
25.01074,25.007435,0.2686449,0.3052993,0.7724304,1,1,0,0.0107421875,0.012207031,25.010742,28,171,0,0,255,2,0,1782509440.9991064,83
25.028074,25.02527,0.21689925,0.3055109,0.7749939,1,1,0,0.008666992,0.012207031,25.028076,28,171,0,0,255,2,0,1782509440.9991064,83
25.016602,25.014204,0.16336413,0.30537084,0.711792,1,1,0,0.0065307617,0.012207031,25.016602,28,171,0,0,255,2,0,1782509440.9991064,83
25.02075,25.018639,0.11147295,0.3054215,1.0607605,1,1,0,0.0044555664,0.012207031,25.020752,28,171,0,0,255,2,0,1782509440.9991064,83
25.021238,25.019304,0.059555344,0.30542746,1.0330505,1,1,0,0.002380371,0.012207031,25.02124,28,171,0,0,255,2,0,1782509440.9991064,83
25.021242,25.019377,0.0061082463,0.30542746,0.7932129,1,1,0,0.00024414062,0.012207031,25.02124,28,171,0,0,255,2,0,1782509440.9991064,83
25.000978,24.995214,0.25935906,0.4699614,0.71969604,1,1,0,0.010375977,0.018798828,25.000977,29,171,1,0,255,2,0,1782509440.9991064,83
25.00415,24.998884,0.20598912,0.47002107,0.7330322,1,1,0,0.008239746,0.018798828,25.00415,29,171,1,0,255,2,0,1782509440.9991064,83
25.009766,25.0049,0.15414593,0.46860036,1.0580139,1,1,0,0.006164551,0.018737793,25.009766,29,171,1,0,255,2,0,1782509440.9991064,83
25.005371,25.000935,0.04883001,0.46851802,0.76275635,1,1,0,0.001953125,0.018737793,25.005371,29,171,1,0,255,2,0,1782509440.9991064,83
25.01123,25.00684,-0.0030525927,0.4686278,0.6916199,1,1,0,-0.00012207031,0.018737793,25.01123,29,171,1,0,255,2,0,1782509440.9991064,83
25.026125,25.022083,0.26880226,0.36047125,0.6839905,1,1,0,0.0107421875,0.014404297,25.026123,60,171,0,0,255,2,0,1782509440.9991064,83
25.016603,25.013016,0.21526624,0.3649143,0.7057495,1,1,0,0.008605957,0.014587402,25.016602,60,171,0,0,255,2,0,1782509440.9991064,83
25.017334,25.014093,0.16336341,0.3679785,0.8520813,1,1,0,0.0065307617,0.014709473,25.017334,60,171,0,0,255,2,0,1782509440.9991064,83
25.02051,25.017492,0.109940864,0.3726061,0.67456055,1,1,0,0.0043945312,0.014892578,25.020508,60,171,0,0,255,2,0,1782509440.9991064,83
25.019775,25.016888,0.05802267,0.375649,0.81311035,1,1,0,0.002319336,0.015014648,25.019775,60,171,0,0,255,2,0,1782509440.9991064,83
25.026123,25.023232,0.0061091874,0.3803262,0.81573486,1,1,0,0.00024414062,0.015197754,25.026123,60,171,0,0,255,2,0,1782509440.9991064,83
25.010742,25.007763,-0.047316987,0.38314518,0.686676,1,1,0,-0.0018920898,0.015319824,25.010742,60,171,0,0,255,2,0,1782509440.9991064,83
25.013672,25.005684,0.25794134,0.57704645,0.66186523,1,1,0,0.010314941,0.023071289,25.013672,61,171,1,0,255,2,0,1782509440.9991064,83
25.009766,25.002192,0.20601638,0.5800085,0.74121094,1,1,0,0.008239746,0.02319336,25.009766,61,171,1,0,255,2,0,1782509440.9991064,83
25.005371,24.998074,0.15257803,0.5844839,0.7996521,1,1,0,0.0061035156,0.023376465,25.005371,61,171,1,0,255,2,0,1782509440.9991064,83
24.999756,24.992651,0.10067895,0.5874036,0.6520386,1,1,0,0.0040283203,0.023498535,24.999756,61,171,1,0,255,2,0,1782509440.9991064,83
25.007568,25.00051,0.04882918,0.59216493,0.7678833,1,1,0,0.001953125,0.02368164,25.007568,61,171,1,0,255,2,0,1782509440.9991064,83
25.01123,25.004145,-0.0045783957,0.5953039,0.6977844,1,1,0,-0.00018310547,0.023803711,25.01123,61,171,1,0,255,2,0,1782509440.9991064,83
25.009031,25.001774,-0.056461625,0.59982955,0.6351929,1,1,0,-0.0022583008,0.023986816,25.009033,61,171,1,0,255,2,0,1782509440.9991064,83
25.031006,25.023834,0.27034858,0.5346793,0.72473145,1,1,0,0.010803223,0.021362305,25.031006,26,172,0,0,255,2,0,1782509441.0992587,84
25.031738,25.025074,0.21842508,0.53469497,0.7810669,1,1,0,0.008728027,0.021362305,25.031738,26,172,0,0,255,2,0,1782509441.0992587,84
25.016603,25.010742,-0.09617215,0.5328451,0.7836609,1,1,0,-0.0038452148,0.02130127,25.016602,26,172,0,0,255,2,0,1782509441.0992587,84
25.001953,24.990824,0.26083902,0.6988161,0.6838074,1,1,0,0.010437012,0.027954102,25.001953,27,172,1,0,255,2,0,1782509441.0992587,84
24.996338,24.986572,-0.0015250593,0.6986591,0.62023926,1,1,0,-6.1035156e-05,0.027954102,24.996338,27,172,1,0,255,2,0,1782509441.0992587,84
25.015627,25.01227,0.27327725,0.30535892,0.701416,1,1,0,0.010925293,0.012207031,25.015625,28,172,0,0,255,2,0,1782509441.0992587,84
25.020506,25.018097,0.16797072,0.3038915,0.7741394,1,1,0,0.006713867,0.012145996,25.020508,28,172,0,0,255,2,0,1782509441.0992587,84
25.00415,24.998875,0.21056679,0.46849516,0.83657837,1,1,0,0.008422852,0.018737793,25.00415,29,172,1,0,255,2,0,1782509441.0992587,84
25.00757,25.003122,0.053412512,0.4685592,0.93704224,1,1,0,0.0021362305,0.018737793,25.007568,29,172,1,0,255,2,0,1782509441.0992587,84
25.005371,25.000982,0.0015259389,0.46851802,0.76275635,1,1,0,6.1035156e-05,0.018737793,25.005371,29,172,1,0,255,2,0,1782509441.0992587,84
25.010744,25.00713,0.21826845,0.36482882,0.81137085,1,1,0,0.008728027,0.014587402,25.010742,60,172,0,0,255,2,0,1782509441.0992587,84
25.009764,25.006506,0.16636655,0.3678672,0.7135315,1,1,0,0.006652832,0.014709473,25.009766,60,172,0,0,255,2,0,1782509441.0992587,84
25.015625,25.012589,0.11449935,0.37253338,0.726532,1,1,0,0.0045776367,0.014892578,25.015625,60,172,0,0,255,2,0,1782509441.0992587,84
25.00586,25.00267,-0.096141115,0.38764855,1.0166016,1,1,0,-0.0038452148,0.01550293,25.00586,60,172,0,0,255,2,0,1782509441.0992587,84
25.010984,25.002968,0.26096576,0.5769845,0.9524231,1,1,0,0.010437012,0.023071289,25.010986,61,172,1,0,255,2,0,1782509441.0992587,84
25.016846,25.009243,0.20912758,0.5801727,0.77783203,1,1,0,0.008361816,0.02319336,25.016846,61,172,1,0,255,2,0,1782509441.0992587,84
25.010984,25.003866,0.1037764,0.58766747,0.7976074,1,1,0,0.0041503906,0.023498535,25.010986,61,172,1,0,255,2,0,1782509441.0992587,84
25.012451,25.005365,-0.0,0.5953329,0.7244568,1,1,0,-0.0,0.023803711,25.012451,61,172,1,0,255,2,0,1782509441.0992587,84
25.01587,25.008615,-0.053424247,0.5999935,0.72036743,1,1,0,-0.0021362305,0.023986816,25.01587,61,172,1,0,255,2,0,1782509441.0992587,84
25.021729,25.015053,0.21986455,0.53448117,0.74990845,1,1,0,0.0087890625,0.021362305,25.021729,26,173,0,0,255,2,0,1782509441.1990187,85
25.019289,25.013016,0.16793658,0.534429,0.6312561,1,1,0,0.006713867,0.021362305,25.019287,26,173,0,0,255,2,0,1782509441.1990187,85
25.020264,25.014477,0.062597394,0.5344499,0.7905884,1,1,0,0.0025024414,0.021362305,25.020264,26,173,0,0,255,2,0,1782509441.1990187,85
25.018309,25.012598,0.010686536,0.53440815,0.74472046,1,1,0,0.0004272461,0.021362305,25.01831,26,173,0,0,255,2,0,1782509441.1990187,85
25.016113,25.004963,0.26251292,0.6992119,0.5104675,1,1,0,0.010498047,0.027954102,25.016113,27,173,1,0,255,2,0,1782509441.1990187,85
25.008055,24.997398,0.21055436,0.6989867,0.6208191,1,1,0,0.008422852,0.027954102,25.008057,27,173,1,0,255,2,0,1782509441.1990187,85
25.014648,25.004654,0.10530586,0.69917095,0.63827515,1,1,0,0.004211426,0.027954102,25.014648,27,173,1,0,255,2,0,1782509441.1990187,85
25.02295,25.013115,0.053433858,0.6994029,0.7127991,1,1,0,0.0021362305,0.027954102,25.02295,27,173,1,0,255,2,0,1782509441.1990187,85
25.021729,25.0193,0.1679788,0.30543342,0.81658936,1,1,0,0.006713867,0.012207031,25.021729,28,173,0,0,255,2,0,1782509441.1990187,85
25.020506,25.018381,0.11452587,0.30541852,0.73516846,1,1,0,0.0045776367,0.012207031,25.020508,28,173,0,0,255,2,0,1782509441.1990187,85
25.010254,25.004486,0.26250792,0.4686095,0.63827515,1,1,0,0.010498047,0.018737793,25.010254,29,173,1,0,255,2,0,1782509441.1990187,85
25.01123,25.006346,0.15720749,0.4686278,0.62802124,1,1,0,0.006286621,0.018737793,25.01123,29,173,1,0,255,2,0,1782509441.1990187,85
24.999758,24.995146,0.10526582,0.46841282,0.73916626,1,1,0,0.004211426,0.018737793,24.999756,29,173,1,0,255,2,0,1782509441.1990187,85
25.009768,25.00568,0.27320525,0.36023563,0.6329956,1,1,0,0.010925293,0.014404297,25.009766,60,173,0,0,255,2,0,1782509441.1990187,85
25.023436,25.019808,0.21990633,0.36501402,0.7784729,1,1,0,0.0087890625,0.014587402,25.023438,60,173,0,0,255,2,0,1782509441.1990187,85
25.019775,25.016806,-0.041226465,0.3832836,0.7741394,1,1,0,-0.0016479492,0.015319824,25.019775,60,173,0,0,255,2,0,1782509441.1990187,85
25.02124,25.018055,-0.09467327,0.38788697,0.7187195,1,1,0,-0.0037841797,0.01550293,25.02124,60,173,0,0,255,2,0,1782509441.1990187,85
25.010986,25.002953,0.2624918,0.5769845,0.87960815,1,1,0,0.010498047,0.023071289,25.010986,61,173,1,0,255,2,0,1782509441.1990187,85
25.005371,24.997759,0.21055739,0.5799066,0.803772,1,1,0,0.008422852,0.02319336,25.005371,61,173,1,0,255,2,0,1782509441.1990187,85
25.01587,25.008741,0.105323076,0.5877822,0.7152405,1,1,0,0.004211426,0.023498535,25.01587,61,173,1,0,255,2,0,1782509441.1990187,85
25.018066,25.010994,0.053429328,0.5924135,0.6977844,1,1,0,0.0021362305,0.02368164,25.018066,61,173,1,0,255,2,0,1782509441.1990187,85
25.006836,24.999752,0.0015258638,0.5951993,0.6639099,1,1,0,6.1035156e-05,0.023803711,25.006836,61,173,1,0,255,2,0,1782509441.1990187,85
25.005371,24.998123,-0.051876064,0.5997417,0.7022705,1,1,0,-0.0020751953,0.023986816,25.005371,61,173,1,0,255,2,0,1782509441.1990187,85
25.03125,25.024029,0.2718782,0.53621197,0.6709595,1,1,0,0.010864258,0.02142334,25.03125,26,174,0,0,255,2,0,1782509441.2993026,86
25.015627,25.008919,0.21981062,0.5358772,0.9135742,1,1,0,0.0087890625,0.02142334,25.015625,26,174,0,0,255,2,0,1782509441.2993026,86
25.01172,25.00545,0.16788578,0.5342673,0.8417053,1,1,0,0.006713867,0.021362305,25.011719,26,174,0,0,255,2,0,1782509441.2993026,86
25.016602,25.010815,0.06258823,0.5343716,0.74816895,1,1,0,0.0025024414,0.021362305,25.016602,26,174,0,0,255,2,0,1782509441.2993026,86
24.999756,24.989935,0.051859073,0.69875467,0.605896,1,1,0,0.0020751953,0.027954102,24.999756,27,174,1,0,255,2,0,1782509441.2993026,86
25.001953,24.992186,-0.0,0.6988161,0.69918823,1,1,0,-0.0,0.027954102,25.001953,27,174,1,0,255,2,0,1782509441.2993026,86
25.017332,25.012447,0.15724586,0.4687422,0.67071533,1,1,0,0.006286621,0.018737793,25.017334,29,174,1,0,255,2,0,1782509441.2993026,86
25.02246,25.017853,0.10383445,0.46883824,0.81066895,1,1,0,0.0041503906,0.018737793,25.02246,29,174,1,0,255,2,0,1782509441.2993026,86
25.015871,25.01145,-0.053430304,0.46718815,0.79629517,1,1,0,-0.0021362305,0.018676758,25.01587,29,174,1,0,255,2,0,1782509441.2993026,86
25.019531,25.01547,0.2687312,0.3619032,0.9152832,1,1,0,0.0107421875,0.014465332,25.019531,60,174,0,0,255,2,0,1782509441.2993026,86
25.02124,25.017616,0.2168329,0.366509,0.8390808,1,1,0,0.008666992,0.0146484375,25.02124,60,174,0,0,255,2,0,1782509441.2993026,86
25.019531,25.016258,0.16490448,0.36953774,0.73172,1,1,0,0.006591797,0.014770508,25.019531,60,174,0,0,255,2,0,1782509441.2993026,86
25.015621,25.012577,0.11144594,0.37406006,0.7672119,1,1,0,0.0044555664,0.014953613,25.015625,60,174,0,0,255,2,0,1782509441.2993026,86
25.022701,25.019789,0.059556495,0.3772201,0.7888794,1,1,0,0.002380371,0.015075684,25.022705,60,174,0,0,255,2,0,1782509441.2993026,86
25.020264,25.01735,0.0076346896,0.3817641,0.706604,1,1,0,0.00030517578,0.015258789,25.020264,60,174,0,0,255,2,0,1782509441.2993026,86
25.020752,25.017752,-0.045808922,0.3848255,0.8373718,1,1,0,-0.0018310547,0.015380859,25.020752,60,174,0,0,255,2,0,1782509441.2993026,86
25.018063,25.010025,0.25951275,0.5786744,0.75320435,1,1,0,0.010375977,0.023132324,25.018066,61,174,1,0,255,2,0,1782509441.2993026,86
25.006836,24.999212,0.20751777,0.58146644,0.62390137,1,1,0,0.008300781,0.023254395,25.006836,61,174,1,0,255,2,0,1782509441.2993026,86
25.005371,24.998272,0.05035059,0.5936386,0.803772,1,1,0,0.0020141602,0.023742676,25.005371,61,174,1,0,255,2,0,1782509441.2993026,86
25.019285,25.012161,-0.0030532423,0.5970223,0.76242065,1,1,0,-0.00012207031,0.023864746,25.019287,61,174,1,0,255,2,0,1782509441.2993026,86
25.013672,25.00638,-0.05494574,0.60146713,0.6557007,1,1,0,-0.0021972656,0.024047852,25.013672,61,174,1,0,255,2,0,1782509441.2993026,86
25.02246,25.015276,0.2717831,0.5344968,0.7706909,1,1,0,0.010864258,0.021362305,25.02246,26,175,0,0,255,2,0,1782509441.3990684,87
25.013672,25.007,0.21979375,0.534309,0.7932129,1,1,0,0.0087890625,0.021362305,25.013672,26,175,0,0,255,2,0,1782509441.3990684,87
25.020754,25.01449,0.16641966,0.5344603,0.8520813,1,1,0,0.006652832,0.021362305,25.020752,26,175,0,0,255,2,0,1782509441.3990684,87
25.019775,25.014063,-0.042748686,0.5329127,0.8607483,1,1,0,-0.0017089844,0.02130127,25.019775,26,175,0,0,255,2,0,1782509441.3990684,87
25.019775,25.01392,-0.09465762,0.5329127,0.8650818,1,1,0,-0.0037841797,0.02130127,25.019775,26,175,0,0,255,2,0,1782509441.3990684,87
25.009766,24.998617,0.26244628,0.69903445,0.9718933,1,1,0,0.010498047,0.027954102,25.009766,27,175,1,0,255,2,0,1782509441.3990684,87
25.022459,25.012188,0.15724424,0.6993893,0.9543152,1,1,0,0.006286621,0.027954102,25.02246,27,175,1,0,255,2,0,1782509441.3990684,87
25.014648,25.011309,0.27174002,0.305347,0.8434143,1,1,0,0.010864258,0.012207031,25.014648,28,175,0,0,255,2,0,1782509441.3990684,87
25.015627,25.01281,0.21831802,0.30535892,0.80358887,1,1,0,0.008728027,0.012207031,25.015625,28,175,0,0,255,2,0,1782509441.3990684,87
25.02124,25.019114,0.11452922,0.30542746,0.8356323,1,1,0,0.0045776367,0.012207031,25.02124,28,175,0,0,255,2,0,1782509441.3990684,87
25.014404,25.009138,0.2091267,0.4686873,1.1441345,1,1,0,0.008361816,0.018737793,25.014404,29,175,1,0,255,2,0,1782509441.3990684,87
25.018068,25.01346,0.10381622,0.4687559,0.9399719,1,1,0,0.0041503906,0.018737793,25.018066,29,175,1,0,255,2,0,1782509441.3990684,87
25.013674,25.009228,0.05189911,0.46867356,0.8229675,1,1,0,0.0020751953,0.018737793,25.013672,29,175,1,0,255,2,0,1782509441.3990684,87
25.018066,25.013618,-0.053434934,0.4687559,0.8250427,1,1,0,-0.0021362305,0.018737793,25.018066,29,175,1,0,255,2,0,1782509441.3990684,87
25.019531,25.015415,0.27178463,0.3634301,0.726532,1,1,0,0.010864258,0.014526367,25.019531,60,175,0,0,255,2,0,1782509441.3990684,87
25.0083,25.004665,0.21824694,0.36631945,0.87286377,1,1,0,0.008728027,0.0146484375,25.0083,60,175,0,0,255,2,0,1782509441.3990684,87
25.020264,25.016958,0.16643608,0.3710755,0.80966187,1,1,0,0.006652832,0.014831543,25.020264,60,175,0,0,255,2,0,1782509441.3990684,87
25.017332,25.014393,0.06107042,0.3786659,0.7784729,1,1,0,0.0024414062,0.015136719,25.017334,60,175,0,0,255,2,0,1782509441.3990684,87
25.02124,25.01822,-0.04275579,0.38636,1.1421814,1,1,0,-0.0017089844,0.0154418945,25.02124,60,175,0,0,255,2,0,1782509441.3990684,87
25.004148,24.996479,0.20902084,0.5829297,0.77301025,1,1,0,0.008361816,0.02331543,25.00415,61,175,1,0,255,2,0,1782509441.3990684,87
24.993898,24.986712,0.1037052,0.59031606,0.7579346,1,1,0,0.0041503906,0.023620605,24.993896,61,175,1,0,255,2,0,1782509441.3990684,87
25.001955,24.994667,-0.05339445,0.6011853,0.83657837,1,1,0,-0.0021362305,0.024047852,25.001953,61,175,1,0,255,2,0,1782509441.3990684,87
25.01953,25.012823,0.21984495,0.5359609,0.8434143,1,1,0,0.0087890625,0.02142334,25.019531,26,176,0,0,255,2,0,1782509441.4992712,88
25.010742,25.004473,0.16787922,0.53424644,0.7724304,1,1,0,0.006713867,0.021362305,25.010742,26,176,0,0,255,2,0,1782509441.4992712,88
25.021729,25.015942,0.06260106,0.53448117,0.8417053,1,1,0,0.0025024414,0.021362305,25.021729,26,176,0,0,255,2,0,1782509441.4992712,88
25.00122,24.990566,0.21049681,0.6987956,0.6064453,1,1,0,0.008422852,0.027954102,25.00122,27,176,1,0,255,2,0,1782509441.4992712,88
25.015871,25.006042,0.051892497,0.69920504,0.703949,1,1,0,0.0020751953,0.027954102,25.01587,27,176,1,0,255,2,0,1782509441.4992712,88
25.014648,25.004822,-0.051889963,0.69917095,0.85787964,1,1,0,-0.0020751953,0.027954102,25.014648,27,176,1,0,255,2,0,1782509441.4992712,88
25.020996,25.018589,0.16491984,0.30542448,0.87979126,1,1,0,0.006591797,0.012207031,25.020996,28,176,0,0,255,2,0,1782509441.4992712,88
25.01953,25.017643,-0.04580872,0.30387965,0.75250244,1,1,0,-0.0018310547,0.012145996,25.019531,28,176,0,0,255,2,0,1782509441.4992712,88
25.01587,25.010132,0.25951385,0.46871474,0.7213745,1,1,0,0.010375977,0.018737793,25.01587,29,176,1,0,255,2,0,1782509441.4992712,88
25.01587,25.010616,0.20761244,0.46871474,0.7480774,1,1,0,0.008300781,0.018737793,25.01587,29,176,1,0,255,2,0,1782509441.4992712,88
25.017336,25.012459,0.15571922,0.4687422,0.6398926,1,1,0,0.006225586,0.018737793,25.017334,29,176,1,0,255,2,0,1782509441.4992712,88
25.012451,25.007853,0.10226657,0.4686507,0.63723755,1,1,0,0.0040893555,0.018737793,25.012451,29,176,1,0,255,2,0,1782509441.4992712,88
25.021729,25.017673,0.270282,0.36040795,0.80792236,1,1,0,0.010803223,0.014404297,25.021729,60,176,0,0,255,2,0,1782509441.4992712,88
25.020506,25.016891,0.21835366,0.36497128,0.8295593,1,1,0,0.008728027,0.014587402,25.020508,60,176,0,0,255,2,0,1782509441.4992712,88
25.028074,25.024824,0.16496094,0.36813653,0.47592163,1,1,0,0.006591797,0.014709473,25.028076,60,176,0,0,255,2,0,1782509441.4992712,88
25.016602,25.013573,0.11297711,0.37254792,0.81137085,1,1,0,0.0045166016,0.014892578,25.016602,60,176,0,0,255,2,0,1782509441.4992712,88
25.017332,25.014442,0.0076338025,0.38019267,0.75424194,1,1,0,0.00030517578,0.015197754,25.017334,60,176,0,0,255,2,0,1782509441.4992712,88
25.010742,25.007769,-0.044264283,0.38314518,0.6520386,1,1,0,-0.0017700195,0.015319824,25.010742,60,176,0,0,255,2,0,1782509441.4992712,88
25.009766,25.002178,0.20754239,0.5800085,0.8324585,1,1,0,0.008300781,0.02319336,25.009766,61,176,1,0,255,2,0,1782509441.4992712,88
25.014648,25.00733,0.1556873,0.5847008,0.73062134,1,1,0,0.006225586,0.023376465,25.014648,61,176,1,0,255,2,0,1782509441.4992712,88
25.009031,25.001913,0.1037683,0.58762157,0.6690674,1,1,0,0.0041503906,0.023498535,25.009033,61,176,1,0,255,2,0,1782509441.4992712,88
25.00415,24.997087,0.050348207,0.592084,0.7586365,1,1,0,0.0020141602,0.02368164,25.00415,61,176,1,0,255,2,0,1782509441.4992712,88
25.00415,24.997066,-0.0015256999,0.59513533,0.6274109,1,1,0,-6.1035156e-05,0.023803711,25.00415,61,176,1,0,255,2,0,1782509441.4992712,88
25.005371,24.9983,-0.05492799,0.5921129,0.7883911,1,1,0,-0.0021972656,0.02368164,25.005371,61,176,1,0,255,2,0,1782509441.4992712,88
25.02051,25.014204,0.16794457,0.53598183,0.80358887,1,1,0,0.006713867,0.02142334,25.020508,26,177,0,0,255,2,0,1782509441.5990965,89
25.021729,25.015984,-0.042751968,0.53448117,0.73516846,1,1,0,-0.0017089844,0.021362305,25.021729,26,177,0,0,255,2,0,1782509441.5990965,89
25.012451,25.001749,0.210591,0.7006356,0.64956665,1,1,0,0.008422852,0.028015137,25.012451,27,177,1,0,255,2,0,1782509441.5990965,89
25.009033,24.998768,0.15715985,0.699014,0.59210205,1,1,0,0.006286621,0.027954102,25.009033,27,177,1,0,255,2,0,1782509441.5990965,89
25.010988,25.000994,0.10529045,0.69906855,1.1154175,1,1,0,0.004211426,0.027954102,25.010986,27,177,1,0,255,2,0,1782509441.5990965,89
25.019531,25.009703,-0.051900093,0.6993074,0.6213989,1,1,0,-0.0020751953,0.027954102,25.019531,27,177,1,0,255,2,0,1782509441.5990965,89
25.017332,25.013994,0.27329612,0.30385298,0.7576904,1,1,0,0.010925293,0.012145996,25.017334,28,177,0,0,255,2,0,1782509441.5990965,89
25.021238,25.018427,0.2198942,0.30390042,1.1300354,1,1,0,0.0087890625,0.012145996,25.02124,28,177,0,0,255,2,0,1782509441.5990965,89
25.031494,25.029083,0.16804448,0.30402493,0.7307739,1,1,0,0.006713867,0.012145996,25.031494,28,177,0,0,255,2,0,1782509441.5990965,89
25.029053,25.027027,-0.09470722,0.30399528,0.98480225,1,1,0,-0.0037841797,0.012145996,25.029053,28,177,0,0,255,2,0,1782509441.5990965,89
25.009766,25.005318,0.053417202,0.46860036,0.82424927,1,1,0,0.0021362305,0.018737793,25.009766,29,177,1,0,255,2,0,1782509441.5990965,89
25.003174,24.998814,-0.0,0.46695107,0.7678833,1,1,0,-0.0,0.018676758,25.003174,29,177,1,0,255,2,0,1782509441.5990965,89
25.007568,25.003153,-0.051886503,0.46703315,0.809906,1,1,0,-0.0020751953,0.018676758,25.007568,29,177,1,0,255,2,0,1782509441.5990965,89
25.016603,25.012493,0.2732797,0.3618608,0.7854004,1,1,0,0.010925293,0.014465332,25.016602,60,177,0,0,255,2,0,1782509441.5990965,89
25.015627,25.011984,0.22136429,0.36490005,0.87112427,1,1,0,0.008850098,0.014587402,25.015625,60,177,0,0,255,2,0,1782509441.5990965,89
25.017336,25.014292,0.11603392,0.37255883,1.07724,1,1,0,0.004638672,0.014892578,25.017334,60,177,0,0,255,2,0,1782509441.5990965,89
25.020506,25.017614,0.010688679,0.3802409,0.80966187,1,1,0,0.0004272461,0.015197754,25.020508,60,177,0,0,255,2,0,1782509441.5990965,89
25.022463,25.019468,-0.041230854,0.38485178,1.0096741,1,1,0,-0.0016479492,0.015380859,25.02246,60,177,0,0,255,2,0,1782509441.5990965,89
25.010742,25.007557,-0.09463354,0.38772425,0.6944885,1,1,0,-0.0037841797,0.01550293,25.010742,60,177,0,0,255,2,0,1782509441.5990965,89
24.994873,24.986828,0.26384777,0.5766128,0.8480835,1,1,0,0.010559082,0.023071289,24.994873,61,177,1,0,255,2,0,1782509441.5990965,89
25.004639,24.997303,0.15867642,0.5844668,0.6464844,1,1,0,0.0063476562,0.023376465,25.004639,61,177,1,0,255,2,0,1782509441.5990965,89
25.013672,25.006544,0.10531382,0.5877305,0.63623047,1,1,0,0.004211426,0.023498535,25.013672,61,177,1,0,255,2,0,1782509441.5990965,89
25.013674,25.006601,0.053419944,0.5923094,0.6967468,1,1,0,0.0021362305,0.02368164,25.013672,61,177,1,0,255,2,0,1782509441.5990965,89
25.012451,25.005365,0.0015262064,0.5953329,0.72036743,1,1,0,6.1035156e-05,0.023803711,25.012451,61,177,1,0,255,2,0,1782509441.5990965,89
25.014648,25.007544,-0.051895615,0.5938589,0.653656,1,1,0,-0.0020751953,0.023742676,25.014648,61,177,1,0,255,2,0,1782509441.5990965,89
25.032469,25.025265,0.27036402,0.5362381,0.83654785,1,1,0,0.010803223,0.02142334,25.03247,26,178,0,0,255,2,0,1782509441.6983404,90
25.019531,25.012838,0.21831827,0.5359609,1.1222534,1,1,0,0.008728027,0.02142334,25.019531,26,178,0,0,255,2,0,1782509441.6983404,90
25.017332,25.011553,0.059536893,0.5343873,0.8338928,1,1,0,0.002380371,0.021362305,25.017334,26,178,0,0,255,2,0,1782509441.6983404,90
25.018309,25.0126,0.0076332404,0.53440815,0.7784729,1,1,0,0.00030517578,0.021362305,25.01831,26,178,0,0,255,2,0,1782509441.6983404,90
25.01953,25.008366,0.25949553,0.7008339,0.6203613,1,1,0,0.010375977,0.028015137,25.019531,27,178,1,0,255,2,0,1782509441.6983404,90
25.004148,24.99438,-0.001525536,0.6988775,0.7791443,1,1,0,-6.1035156e-05,0.027954102,25.00415,27,178,1,0,255,2,0,1782509441.6983404,90
25.021729,25.018911,0.21837129,0.30543342,0.87979126,1,1,0,0.008728027,0.012207031,25.021729,28,178,0,0,255,2,0,1782509441.6983404,90
25.020996,25.019112,-0.04428436,0.30389744,0.68237305,1,1,0,-0.0017700195,0.012145996,25.020996,28,178,0,0,255,2,0,1782509441.6983404,90
25.000977,24.996534,0.051872768,0.4684357,0.6930237,1,1,0,0.0020751953,0.018737793,25.000977,29,178,1,0,255,2,0,1782509441.6983404,90
25.005371,25.000982,-0.0015259389,0.46851802,0.75045776,1,1,0,-6.1035156e-05,0.018737793,25.005371,29,178,1,0,255,2,0,1782509441.6983404,90
25.019777,25.015688,0.2733146,0.36037982,0.74990845,1,1,0,0.010925293,0.014404297,25.019775,60,178,0,0,255,2,0,1782509441.6983404,90
25.029053,25.025423,0.21995568,0.3650959,0.6744385,1,1,0,0.0087890625,0.014587402,25.029053,60,178,0,0,255,2,0,1782509441.6983404,90
25.02051,25.017466,0.11604864,0.3726061,0.89190674,1,1,0,0.004638672,0.014892578,25.020508,60,178,0,0,255,2,0,1782509441.6983404,90
25.015625,25.012653,-0.042746276,0.38322,0.73516846,1,1,0,-0.0017089844,0.015319824,25.015625,60,178,0,0,255,2,0,1782509441.6983404,90
25.000488,24.992878,0.21051627,0.57979333,0.8603821,1,1,0,0.008422852,0.02319336,25.000488,61,178,1,0,255,2,0,1782509441.6983404,90
24.998777,24.991446,0.15863924,0.58432984,0.6684265,1,1,0,0.0063476562,0.023376465,24.99878,61,178,1,0,255,2,0,1782509441.6983404,90
24.999758,24.99269,0.053390227,0.5919799,0.65408325,1,1,0,0.0021362305,0.02368164,24.999756,61,178,1,0,255,2,0,1782509441.6983404,90
24.999512,24.99243,-0.0,0.59502494,0.8234863,1,1,0,-0.0,0.023803711,24.999512,61,178,1,0,255,2,0,1782509441.6983404,90
24.99707,24.989862,-0.05185892,0.59801733,0.7784424,1,1,0,-0.0020751953,0.023925781,24.99707,61,178,1,0,255,2,0,1782509441.6983404,90
25.021975,25.014788,0.2717778,0.53448635,1.0477905,1,1,0,0.010864258,0.021362305,25.021973,26,179,0,0,255,2,0,1782509441.7983117,91
25.013674,25.007412,0.16637257,0.534309,1.0720215,1,1,0,0.006652832,0.021362305,25.013672,26,179,0,0,255,2,0,1782509441.7983117,91
25.011719,25.005938,0.061049774,0.5342673,0.75250244,1,1,0,0.0024414062,0.021362305,25.011719,26,179,0,0,255,2,0,1782509441.7983117,91
25.019289,25.013542,-0.042747796,0.534429,0.74124146,1,1,0,-0.0017089844,0.021362305,25.019287,26,179,0,0,255,2,0,1782509441.7983117,91
25.014648,25.003513,0.26097146,0.69917095,0.6680298,1,1,0,0.010437012,0.027954102,25.014648,27,179,1,0,255,2,0,1782509441.7983117,91
25.020264,25.009613,0.20913067,0.6993279,0.83529663,1,1,0,0.008361816,0.027954102,25.020264,27,179,1,0,255,2,0,1782509441.7983117,91
25.012695,25.009893,0.21676596,0.30532315,0.7905884,1,1,0,0.008666992,0.012207031,25.012695,28,179,0,0,255,2,0,1782509441.7983117,91
25.013668,25.011753,0.05953737,0.30380848,0.692749,1,1,0,0.002380371,0.012145996,25.013672,28,179,0,0,255,2,0,1782509441.7983117,91
25.016602,25.014753,0.0076338975,0.30384406,0.686676,1,1,0,0.00030517578,0.012145996,25.016602,28,179,0,0,255,2,0,1782509441.7983117,91
25.01831,25.016422,-0.045806486,0.30386484,1.073761,1,1,0,-0.0018310547,0.012145996,25.01831,28,179,0,0,255,2,0,1782509441.7983117,91
25.000975,24.995726,0.20748883,0.4684357,0.6786804,1,1,0,0.008300781,0.018737793,25.000977,29,179,1,0,255,2,0,1782509441.7983117,91
25.00415,24.999554,0.102232635,0.46849516,0.7114868,1,1,0,0.0040893555,0.018737793,25.00415,29,179,1,0,255,2,0,1782509441.7983117,91
25.01123,25.00678,-0.054946624,0.4686278,0.6567383,1,1,0,-0.0021972656,0.018737793,25.01123,29,179,1,0,255,2,0,1782509441.7983117,91
25.015625,25.011576,0.2717429,0.35879335,0.67715454,1,1,0,0.010864258,0.014343262,25.015625,60,179,0,0,255,2,0,1782509441.7983117,91
25.015623,25.012018,0.21983787,0.36337337,0.7161255,1,1,0,0.0087890625,0.014526367,25.015625,60,179,0,0,255,2,0,1782509441.7983117,91
25.019533,25.016294,0.16643167,0.36648396,0.8390808,1,1,0,0.006652832,0.0146484375,25.019531,60,179,0,0,255,2,0,1782509441.7983117,91
25.016602,25.013588,0.11450393,0.37102118,0.711792,1,1,0,0.0045776367,0.014831543,25.016602,60,179,0,0,255,2,0,1782509441.7983117,91
25.020506,25.017635,0.061078336,0.37413305,0.69189453,1,1,0,0.0024414062,0.014953613,25.020508,60,179,0,0,255,2,0,1782509441.7983117,91
25.017332,25.014465,0.009160572,0.3786659,0.6477356,1,1,0,0.00036621094,0.015136719,25.017334,60,179,0,0,255,2,0,1782509441.7983117,91
25.019775,25.016827,-0.042753406,0.38175666,0.75250244,1,1,0,-0.0017089844,0.015258789,25.019775,60,179,0,0,255,2,0,1782509441.7983117,91
25.011719,25.008553,-0.09616373,0.38621297,0.75942993,1,1,0,-0.0038452148,0.0154418945,25.011719,60,179,0,0,255,2,0,1782509441.7983117,91
25.023926,25.016356,0.20918705,0.5788099,0.633728,1,1,0,0.008361816,0.023132324,25.023926,61,179,1,0,255,2,0,1782509441.7983117,91
25.016846,25.009552,0.15722765,0.58322567,0.7542114,1,1,0,0.006286621,0.02331543,25.016846,61,179,1,0,255,2,0,1782509441.7983117,91
25.003176,24.996094,0.103744134,0.58595824,0.71661377,1,1,0,0.0041503906,0.0234375,25.003174,61,179,1,0,255,2,0,1782509441.7983117,91
25.006592,24.999563,0.051879052,0.5906159,0.81607056,1,1,0,0.0020751953,0.023620605,25.006592,61,179,1,0,255,2,0,1782509441.7983117,91
25.018066,25.011015,-0.0,0.59394,0.84350586,1,1,0,-0.0,0.023742676,25.018066,61,179,1,0,255,2,0,1782509441.7983117,91
25.016846,25.009628,-0.05342641,0.5984905,0.6516113,1,1,0,-0.0021362305,0.023925781,25.016846,61,179,1,0,255,2,0,1782509441.7983117,91
25.014648,25.007942,0.21980204,0.5358563,0.81137085,1,1,0,0.0087890625,0.02142334,25.014648,26,180,0,0,255,2,0,1782509441.8988392,92
25.008299,25.002592,0.009156223,0.53419435,1.1438904,1,1,0,0.00036621094,0.021362305,25.0083,26,180,0,0,255,2,0,1782509441.8988392,92
25.01831,25.007605,0.21064033,0.7007997,0.7127991,1,1,0,0.008422852,0.028015137,25.01831,27,180,1,0,255,2,0,1782509441.8988392,92
25.01587,25.005558,0.15720254,0.70073134,0.7675781,1,1,0,0.006286621,0.028015137,25.01587,27,180,1,0,255,2,0,1782509441.8988392,92
25.011477,25.001482,0.10529251,0.6990822,0.9206238,1,1,0,0.004211426,0.027954102,25.011475,27,180,1,0,255,2,0,1782509441.8988392,92
25.022459,25.01263,-0.05190617,0.6993893,0.85787964,1,1,0,-0.0020751953,0.027954102,25.02246,27,180,1,0,255,2,0,1782509441.8988392,92
25.010744,25.008316,0.16790503,0.3052993,0.82263184,1,1,0,0.006713867,0.012207031,25.010742,28,180,0,0,255,2,0,1782509441.8988392,92
25.03125,25.029135,0.11610277,0.30402198,0.7732544,1,1,0,0.004638672,0.012145996,25.03125,28,180,0,0,255,2,0,1782509441.8988392,92
25.02075,25.018902,0.01068923,0.3038945,0.9196167,1,1,0,0.0004272461,0.012145996,25.020752,28,180,0,0,255,2,0,1782509441.8988392,92
25.012693,25.010815,-0.041216593,0.30379662,0.80358887,1,1,0,-0.0016479492,0.012145996,25.012695,28,180,0,0,255,2,0,1782509441.8988392,92
25.0022,24.997587,0.1052761,0.46845856,0.92593384,1,1,0,0.004211426,0.018737793,25.002197,29,180,1,0,255,2,0,1782509441.8988392,92
24.996096,24.99165,0.053388003,0.4683442,0.7763672,1,1,0,0.0021362305,0.018737793,24.996094,29,180,1,0,255,2,0,1782509441.8988392,92
25.021484,25.017092,0.0015269221,0.46881995,0.70599365,1,1,0,6.1035156e-05,0.018737793,25.021484,29,180,1,0,255,2,0,1782509441.8988392,92
25.013674,25.009228,-0.05189911,0.46867356,0.72753906,1,1,0,-0.0020751953,0.018737793,25.013672,29,180,1,0,255,2,0,1782509441.8988392,92
25.025146,25.021069,0.2703187,0.36198443,0.69003296,1,1,0,0.010803223,0.014465332,25.025146,60,180,0,0,255,2,0,1782509441.8988392,92
25.021484,25.017847,0.218362,0.36651257,0.82611084,1,1,0,0.008728027,0.0146484375,25.021484,60,180,0,0,255,2,0,1782509441.8988392,92
25.031008,25.027723,0.16650769,0.36970723,0.6596985,1,1,0,0.006652832,0.014770508,25.031006,60,180,0,0,255,2,0,1782509441.8988392,92
25.017332,25.01428,0.112980306,0.3740856,0.82611084,1,1,0,0.0045166016,0.014953613,25.017334,60,180,0,0,255,2,0,1782509441.8988392,92
25.021242,25.018244,-0.044282824,0.384833,0.80358887,1,1,0,-0.0017700195,0.015380859,25.02124,60,180,0,0,255,2,0,1782509441.8988392,92
25.023193,25.019978,-0.09620766,0.38944438,0.47766113,1,1,0,-0.0038452148,0.015563965,25.023193,60,180,0,0,255,2,0,1782509441.8988392,92
25.014648,25.007294,0.15568706,0.5862271,0.7367859,1,1,0,0.006225586,0.0234375,25.014648,61,180,1,0,255,2,0,1782509441.8988392,92
24.999998,24.992899,0.051865224,0.5935111,0.97302246,1,1,0,0.0020751953,0.023742676,25.0,61,180,1,0,255,2,0,1782509441.8988392,92
25.011229,25.00394,-0.053414263,0.6014084,0.68548584,1,1,0,-0.0021362305,0.024047852,25.01123,61,180,1,0,255,2,0,1782509441.8988392,92
25.019775,25.013798,0.11603163,0.53443944,0.7758789,1,1,0,0.004638672,0.021362305,25.019775,26,181,0,0,255,2,0,1782509441.9986777,93
25.02124,25.015497,-0.04122431,0.53447074,0.695343,1,1,0,-0.0016479492,0.021362305,25.02124,26,181,0,0,255,2,0,1782509441.9986777,93
25.018066,25.006914,0.2625334,0.6992665,0.77474976,1,1,0,0.010498047,0.027954102,25.018066,27,181,1,0,255,2,0,1782509441.9986777,93
25.009766,24.999107,0.21056876,0.69903445,0.8632202,1,1,0,0.008422852,0.027954102,25.009766,27,181,1,0,255,2,0,1782509441.9986777,93
25.009766,24.99949,0.1586903,0.69903445,0.7791443,1,1,0,0.0063476562,0.027954102,25.009766,27,181,1,0,255,2,0,1782509441.9986777,93
25.008055,24.998228,0.05340206,0.6989867,0.6351929,1,1,0,0.0021362305,0.027954102,25.008057,27,181,1,0,255,2,0,1782509441.9986777,93
25.012451,25.002678,0.0015260424,0.6991095,0.6916199,1,1,0,6.1035156e-05,0.027954102,25.012451,27,181,1,0,255,2,0,1782509441.9986777,93
25.01465,25.011293,0.27326658,0.305347,0.8321533,1,1,0,0.010925293,0.012207031,25.014648,28,181,0,0,255,2,0,1782509441.9986777,93
25.014648,25.011805,0.2213627,0.305347,0.76116943,1,1,0,0.008850098,0.012207031,25.014648,28,181,0,0,255,2,0,1782509441.9986777,93
25.009031,25.007109,0.062578954,0.30375215,1.0183411,1,1,0,0.0025024414,0.012145996,25.009033,28,181,0,0,255,2,0,1782509441.9986777,93
25.01074,25.008892,0.010684953,0.3037729,0.81918335,1,1,0,0.0004272461,0.012145996,25.010742,28,181,0,0,255,2,0,1782509441.9986777,93
25.020994,25.019115,-0.041230273,0.30389744,0.8477478,1,1,0,-0.0016479492,0.012145996,25.020996,28,181,0,0,255,2,0,1782509441.9986777,93
25.005373,24.99959,0.2639825,0.46851802,0.8222046,1,1,0,0.010559082,0.018737793,25.005371,29,181,1,0,255,2,0,1782509441.9986777,93
25.015871,25.010975,0.1587632,0.46871474,0.73883057,1,1,0,0.0063476562,0.018737793,25.01587,29,181,1,0,255,2,0,1782509441.9986777,93
24.996338,24.991951,0.0015253876,0.46834877,0.6089783,1,1,0,6.1035156e-05,0.018737793,24.996338,29,181,1,0,255,2,0,1782509441.9986777,93
25.015871,25.011425,-0.05190367,0.46871474,0.76345825,1,1,0,-0.0020751953,0.018737793,25.01587,29,181,1,0,255,2,0,1782509441.9986777,93
25.019775,25.015642,0.27331412,0.36343366,0.74816895,1,1,0,0.010925293,0.014526367,25.019775,60,181,0,0,255,2,0,1782509441.9986777,93
25.015625,25.011961,0.22136408,0.36642674,0.7802124,1,1,0,0.008850098,0.0146484375,25.015625,60,181,0,0,255,2,0,1782509441.9986777,93
25.009766,25.006441,0.1694188,0.37091982,0.8460083,1,1,0,0.0067749023,0.014831543,25.009766,60,181,0,0,255,2,0,1782509441.9986777,93
25.019775,25.016708,0.11604513,0.3741221,0.7802124,1,1,0,0.004638672,0.014953613,25.019775,60,181,0,0,255,2,0,1782509441.9986777,93
25.02124,25.018291,0.06413394,0.378725,0.74298096,1,1,0,0.0025634766,0.015136719,25.02124,60,181,0,0,255,2,0,1782509441.9986777,93
25.019775,25.01686,0.012215264,0.38175666,1.057312,1,1,0,0.00048828125,0.015258789,25.019775,60,181,0,0,255,2,0,1782509441.9986777,93
25.018066,25.010366,0.21219021,0.5832541,0.79833984,1,1,0,0.008483887,0.02331543,25.018066,61,181,1,0,255,2,0,1782509441.9986777,93
25.015871,25.008495,0.15874745,0.5862557,0.84350586,1,1,0,0.0063476562,0.0234375,25.01587,61,181,1,0,255,2,0,1782509441.9986777,93
25.013672,25.006466,0.1068398,0.5907831,0.6208191,1,1,0,0.004272461,0.023620605,25.013672,61,181,1,0,255,2,0,1782509441.9986777,93
25.01367,25.006563,0.053419862,0.5938357,0.71832275,1,1,0,0.0021362305,0.023742676,25.013672,61,181,1,0,255,2,0,1782509441.9986777,93
25.003174,24.996017,0.0015256358,0.59816337,0.7258301,1,1,0,6.1035156e-05,0.023925781,25.003174,61,181,1,0,255,2,0,1782509441.9986777,93
25.016846,25.00978,-0.050373774,0.5923846,0.7501221,1,1,0,-0.0020141602,0.02368164,25.016846,61,181,1,0,255,2,0,1782509441.9986777,93
25.013674,25.007013,0.21826743,0.534309,0.7888794,1,1,0,0.008728027,0.021362305,25.013672,26,182,0,0,255,2,0,1782509442.0984812,94
25.020506,25.014727,0.059544448,0.53445506,0.8001404,1,1,0,0.002380371,0.021362305,25.020508,26,182,0,0,255,2,0,1782509442.0984812,94
25.003174,24.992544,0.20746242,0.6988502,0.82632446,1,1,0,0.008300781,0.027954102,25.003174,27,182,1,0,255,2,0,1782509442.0984812,94
25.020264,25.010004,0.15570395,0.6993279,0.7480774,1,1,0,0.006225586,0.027954102,25.020264,27,182,1,0,255,2,0,1782509442.0984812,94
24.997559,24.987583,0.10218368,0.6986933,0.6356201,1,1,0,0.0040893555,0.027954102,24.997559,27,182,1,0,255,2,0,1782509442.0984812,94
25.014647,25.011326,0.2717402,0.30382034,0.8546753,1,1,0,0.010864258,0.012145996,25.014648,28,182,0,0,255,2,0,1782509442.0984812,94
25.014647,25.011835,0.21983626,0.30382034,0.74642944,1,1,0,0.0087890625,0.012145996,25.014648,28,182,0,0,255,2,0,1782509442.0984812,94
25.031982,25.029572,0.16804776,0.30403087,0.84436035,1,1,0,0.006713867,0.012145996,25.031982,28,182,0,0,255,2,0,1782509442.0984812,94
25.027098,25.02499,0.11455612,0.30397156,0.70651245,1,1,0,0.0045776367,0.012145996,25.0271,28,182,0,0,255,2,0,1782509442.0984812,94
25.00586,25.003836,-0.09461946,0.3037136,0.6884155,1,1,0,-0.0037841797,0.012145996,25.00586,28,182,0,0,255,2,0,1782509442.0984812,94
25.00879,25.003021,0.26249254,0.46858206,0.92474365,1,1,0,0.010498047,0.018737793,25.00879,29,182,1,0,255,2,0,1782509442.0984812,94
25.005861,25.000584,0.21058118,0.46852717,0.67111206,1,1,0,0.008422852,0.018737793,25.00586,29,182,1,0,255,2,0,1782509442.0984812,94
25.00415,24.999268,0.157163,0.46849516,0.71969604,1,1,0,0.006286621,0.018737793,25.00415,29,182,1,0,255,2,0,1782509442.0984812,94
25.009766,25.005154,0.10530797,0.46860036,0.883728,1,1,0,0.004211426,0.018737793,25.009766,29,182,1,0,255,2,0,1782509442.0984812,94
24.999754,24.995396,-0.0,0.46688724,0.64178467,1,1,0,-0.0,0.018676758,24.999756,29,182,1,0,255,2,0,1782509442.0984812,94
24.991455,24.987015,-0.051853012,0.4682573,0.6965027,1,1,0,-0.0020751953,0.018737793,24.991455,29,182,1,0,255,2,0,1782509442.0984812,94
25.02124,25.017185,0.27027673,0.36040092,0.80184937,1,1,0,0.010803223,0.014404297,25.02124,60,182,0,0,255,2,0,1782509442.0984812,94
25.019285,25.015684,0.21681616,0.3649535,0.7758789,1,1,0,0.008666992,0.014587402,25.019287,60,182,0,0,255,2,0,1782509442.0984812,94
25.032715,25.029463,0.16499151,0.36820474,0.7897339,1,1,0,0.006591797,0.014709473,25.032715,60,182,0,0,255,2,0,1782509442.0984812,94
25.025146,25.022116,0.1130157,0.37267518,0.6926575,1,1,0,0.0045166016,0.014892578,25.025146,60,182,0,0,255,2,0,1782509442.0984812,94
25.012697,25.009722,-0.04426774,0.3831751,0.8417053,1,1,0,-0.0017700195,0.015319824,25.012695,60,182,0,0,255,2,0,1782509442.0984812,94
25.020264,25.012259,0.2595359,0.5771985,0.7572937,1,1,0,0.010375977,0.023071289,25.020264,61,182,1,0,255,2,0,1782509442.0984812,94
25.003176,24.99559,0.20748769,0.5798556,0.6878967,1,1,0,0.008300781,0.02319336,25.003174,61,182,1,0,255,2,0,1782509442.0984812,94
25.000002,24.992685,0.15559612,0.5843584,0.8378296,1,1,0,0.006225586,0.023376465,25.0,61,182,1,0,255,2,0,1782509442.0984812,94
25.00415,24.99704,0.10222235,0.58750683,0.67663574,1,1,0,0.0040893555,0.023498535,25.00415,61,182,1,0,255,2,0,1782509442.0984812,94
25.031738,25.025475,0.16649273,0.53469497,0.7507324,1,1,0,0.006652832,0.021362305,25.031738,26,183,0,0,255,2,0,1782509442.1987975,95
25.001953,24.991692,0.15711537,0.6988161,0.69918823,1,1,0,0.006286621,0.027954102,25.001953,27,183,1,0,255,2,0,1782509442.1987975,95
25.007568,24.997744,0.051875275,0.69897306,0.769928,1,1,0,0.0020751953,0.027954102,25.007568,27,183,1,0,255,2,0,1782509442.1987975,95
25.011475,25.001703,-0.0,0.6990822,0.48272705,1,1,0,-0.0,0.027954102,25.011475,27,183,1,0,255,2,0,1782509442.1987975,95
24.993896,24.984074,-0.05337182,0.69859093,0.7640991,1,1,0,-0.0021362305,0.027954102,24.993896,27,183,1,0,255,2,0,1782509442.1987975,95
25.02246,25.019138,0.27182508,0.30391523,0.81918335,1,1,0,0.010864258,0.012145996,25.02246,28,183,0,0,255,2,0,1782509442.1987975,95
25.029053,25.026253,0.21843536,0.30399528,0.6865845,1,1,0,0.008728027,0.012145996,25.029053,28,183,0,0,255,2,0,1782509442.1987975,95
25.03247,25.030622,0.009166488,0.3040368,0.8070679,1,1,0,0.00036621094,0.012145996,25.03247,28,183,0,0,255,2,0,1782509442.1987975,95
25.008055,25.00345,0.103774674,0.46856835,0.6444397,1,1,0,0.0041503906,0.018737793,25.008057,29,183,1,0,255,2,0,1782509442.1987975,95
25.00879,25.004374,0.051889036,0.46705595,0.7801819,1,1,0,0.0020751953,0.018676758,25.00879,29,183,1,0,255,2,0,1782509442.1987975,95
25.008057,25.003695,-0.0,0.46704227,0.6208191,1,1,0,-0.0,0.018676758,25.008057,29,183,1,0,255,2,0,1782509442.1987975,95
25.019285,25.014837,-0.05343754,0.46877876,0.8270874,1,1,0,-0.0021362305,0.018737793,25.019287,29,183,1,0,255,2,0,1782509442.1987975,95
25.019775,25.016502,0.16490608,0.36954135,0.8477478,1,1,0,0.006591797,0.014770508,25.019775,60,183,0,0,255,2,0,1782509442.1987975,95
25.020266,25.017235,0.11299365,0.37260246,0.87979126,1,1,0,0.0045166016,0.014892578,25.020264,60,183,0,0,255,2,0,1782509442.1987975,95
25.015625,25.012434,-0.09617866,0.38779995,0.80966187,1,1,0,-0.0038452148,0.01550293,25.015625,60,183,0,0,255,2,0,1782509442.1987975,95
25.013674,25.005653,0.26099378,0.57704645,0.726532,1,1,0,0.010437012,0.023071289,25.013672,61,183,1,0,255,2,0,1782509442.1987975,95
25.006592,24.998968,0.20751575,0.5814608,0.82632446,1,1,0,0.008300781,0.023254395,25.006592,61,183,1,0,255,2,0,1782509442.1987975,95
25.009766,25.002447,0.1556569,0.5845867,0.7596741,1,1,0,0.006225586,0.023376465,25.009766,61,183,1,0,255,2,0,1782509442.1987975,95
24.996094,24.988943,0.10371446,0.58884275,0.899292,1,1,0,0.0041503906,0.02355957,24.996094,61,183,1,0,255,2,0,1782509442.1987975,95
25.001955,24.994892,0.050343785,0.59203196,0.69714355,1,1,0,0.0020141602,0.02368164,25.001953,61,183,1,0,255,2,0,1782509442.1987975,95
25.009033,25.001965,-0.05341004,0.5921996,0.6875305,1,1,0,-0.0021362305,0.02368164,25.009033,61,183,1,0,255,2,0,1782509442.1987975,95
25.019287,25.012102,0.27174863,0.534429,0.75424194,1,1,0,0.010864258,0.021362305,25.019287,26,184,0,0,255,2,0,1782509442.2990735,96
25.01831,25.01204,0.16793002,0.53440815,0.7628784,1,1,0,0.006713867,0.021362305,25.01831,26,184,0,0,255,2,0,1782509442.2990735,96
25.015871,25.004719,0.26251036,0.69920504,0.83117676,1,1,0,0.010498047,0.027954102,25.01587,27,184,1,0,255,2,0,1782509442.2990735,96
25.006592,24.995935,0.21054204,0.69894576,0.86117554,1,1,0,0.008422852,0.027954102,25.006592,27,184,1,0,255,2,0,1782509442.2990735,96
25.006838,24.996845,0.10527298,0.69895256,0.67111206,1,1,0,0.004211426,0.027954102,25.006836,27,184,1,0,255,2,0,1782509442.2990735,96
25.003174,24.993351,0.051866163,0.6988502,0.684845,1,1,0,0.0020751953,0.027954102,25.003174,27,184,1,0,255,2,0,1782509442.2990735,96
25.021238,25.018414,0.2214212,0.30390042,0.72998047,1,1,0,0.008850098,0.012145996,25.02124,28,184,0,0,255,2,0,1782509442.2990735,96
25.020508,25.018087,0.1694977,0.3038915,0.8321533,1,1,0,0.0067749023,0.012145996,25.020508,28,184,0,0,255,2,0,1782509442.2990735,96
25.020994,25.019068,0.06413593,0.30389744,0.8650818,1,1,0,0.0025634766,0.012145996,25.020996,28,184,0,0,255,2,0,1782509442.2990735,96
25.021484,25.019464,-0.09315151,0.30390337,0.73516846,1,1,0,-0.0037231445,0.012145996,25.021484,28,184,0,0,255,2,0,1782509442.2990735,96
25.008787,25.003004,0.26401857,0.46858206,0.88168335,1,1,0,0.010559082,0.018737793,25.00879,29,184,1,0,255,2,0,1782509442.2990735,96
25.000488,24.995213,0.21053594,0.46842656,0.9617615,1,1,0,0.008422852,0.018737793,25.000488,29,184,1,0,255,2,0,1782509442.2990735,96
25.003176,24.998281,0.15868263,0.46847686,0.7237854,1,1,0,0.0063476562,0.018737793,25.003174,29,184,1,0,255,2,0,1782509442.2990735,96
25.00415,24.999533,0.10681018,0.46849516,0.77301025,1,1,0,0.004272461,0.018737793,25.00415,29,184,1,0,255,2,0,1782509442.2990735,96
25.016848,25.012398,0.053432327,0.46873304,0.782959,1,1,0,0.0021362305,0.018737793,25.016846,29,184,1,0,255,2,0,1782509442.2990735,96
24.997559,24.993116,-0.051865675,0.46837166,0.651001,1,1,0,-0.0020751953,0.018737793,24.997559,29,184,1,0,255,2,0,1782509442.2990735,96
25.027098,25.023043,0.27034003,0.36048532,0.7897339,1,1,0,0.010803223,0.014404297,25.0271,60,184,0,0,255,2,0,1782509442.2990735,96
25.020994,25.017393,0.21683097,0.3649784,0.8694153,1,1,0,0.008666992,0.014587402,25.020996,60,184,0,0,255,2,0,1782509442.2990735,96
25.02246,25.01921,0.16492394,0.3680539,0.80618286,1,1,0,0.006591797,0.014709473,25.02246,60,184,0,0,255,2,0,1782509442.2990735,96
25.02124,25.018211,0.11299806,0.372617,0.82785034,1,1,0,0.0045166016,0.014892578,25.02124,60,184,0,0,255,2,0,1782509442.2990735,96
25.01367,25.01078,0.059535053,0.37555736,0.67630005,1,1,0,0.002380371,0.015014648,25.013672,60,184,0,0,255,2,0,1782509442.2990735,96
25.019533,25.016558,-0.04427984,0.38327983,0.8390808,1,1,0,-0.0017700195,0.015319824,25.019531,60,184,0,0,255,2,0,1782509442.2990735,96
24.998293,24.990707,0.20744716,0.5797424,0.7733154,1,1,0,0.008300781,0.02319336,24.998291,61,184,1,0,255,2,0,1782509442.2990735,96
25.012451,25.005133,0.15567362,0.58464944,0.68136597,1,1,0,0.006225586,0.023376465,25.012451,61,184,1,0,255,2,0,1782509442.2990735,96
25.010988,25.003874,0.1022503,0.58766747,0.77401733,1,1,0,0.0040893555,0.023498535,25.010986,61,184,1,0,255,2,0,1782509442.2990735,96
25.005371,24.998308,0.050350666,0.5921129,0.7442932,1,1,0,0.0020141602,0.02368164,25.005371,61,184,1,0,255,2,0,1782509442.2990735,96
24.997559,24.990477,-0.0015252976,0.59497845,0.7463379,1,1,0,-6.1035156e-05,0.023803711,24.997559,61,184,1,0,255,2,0,1782509442.2990735,96
25.00415,24.997007,-0.054925147,0.59513533,0.6817627,1,1,0,-0.0021972656,0.023803711,25.00415,61,184,1,0,255,2,0,1782509442.2990735,96
25.020508,25.013323,0.26870814,0.53598183,0.6944885,1,1,0,0.0107421875,0.02142334,25.020508,26,185,0,0,255,2,0,1782509442.3988895,97
25.0271,25.020813,0.1649345,0.53612304,0.7810669,1,1,0,0.006591797,0.02142334,25.0271,26,185,0,0,255,2,0,1782509442.3988895,97
25.022705,25.016924,0.059549678,0.534502,1.0053406,1,1,0,0.002380371,0.021362305,25.022705,26,185,0,0,255,2,0,1782509442.3988895,97
25.015627,25.009918,0.006105937,0.53435075,0.72824097,1,1,0,0.00024414062,0.021362305,25.015625,26,185,0,0,255,2,0,1782509442.3988895,97
25.013914,25.003237,0.20755118,0.7006766,0.48068237,1,1,0,0.008300781,0.028015137,25.013916,27,185,1,0,255,2,0,1782509442.3988895,97
25.016846,25.00682,0.10226235,0.7007587,0.6341553,1,2,0,0.0040893555,0.028015137,25.016846,27,185,1,0,255,2,0,1782509442.3988895,97
25.006836,24.997019,0.048822362,0.69895256,0.63827515,1,1,0,0.001953125,0.027954102,25.006836,27,185,1,0,255,2,0,1782509442.3988895,97
25.019531,25.016224,0.2687393,0.3054066,0.7628784,1,1,0,0.0107421875,0.012207031,25.019531,28,185,0,0,255,2,0,1782509442.3988895,97
25.020506,25.017704,0.21683367,0.30541852,0.82611084,1,1,0,0.008666992,0.012207031,25.020508,28,185,0,0,255,2,0,1782509442.3988895,97
25.022217,25.01982,0.1634008,0.30543938,1.0070801,1,1,0,0.0065307617,0.012207031,25.022217,28,185,0,0,255,2,0,1782509442.3988895,97
25.020506,25.018412,0.111471936,0.3038915,0.72824097,1,1,0,0.0044555664,0.012145996,25.020508,28,185,0,0,255,2,0,1782509442.3988895,97
25.020996,25.01915,0.006108191,0.30389744,0.9369507,1,1,0,0.00024414062,0.012145996,25.020996,28,185,0,0,255,2,0,1782509442.3988895,97
25.003174,24.997936,0.20598131,0.46847686,0.81607056,1,1,0,0.008239746,0.018737793,25.003174,29,185,1,0,255,2,0,1782509442.3988895,97
25.017336,25.012468,0.15419258,0.4687422,0.67684937,1,1,0,0.006164551,0.018737793,25.017334,29,185,1,0,255,2,0,1782509442.3988895,97
25.020264,25.015663,0.10229851,0.46879706,0.8414612,1,1,0,0.0040893555,0.018737793,25.020264,29,185,1,0,255,2,0,1782509442.3988895,97
25.008787,25.00435,0.048836682,0.46858206,0.9083252,1,1,0,0.001953125,0.018737793,25.00879,29,185,1,0,255,2,0,1782509442.3988895,97
24.999756,24.995367,-0.0030511923,0.46841282,0.7996521,1,1,0,-0.00012207031,0.018737793,24.999756,29,185,1,0,255,2,0,1782509442.3988895,97
25.005861,25.001411,-0.054934826,0.46852717,0.676239,1,1,0,-0.0021972656,0.018737793,25.00586,29,185,1,0,255,2,0,1782509442.3988895,97
25.00781,25.004921,0.0091570765,0.38004795,0.7057495,1,1,0,0.00036621094,0.015197754,25.007812,60,185,0,0,255,2,0,1782509442.3988895,97
25.02246,25.019276,-0.09467789,0.3879059,0.7655029,1,1,0,-0.0037841797,0.01550293,25.02246,60,185,0,0,255,2,0,1782509442.3988895,97
25.021486,25.013449,0.262602,0.5772267,0.8496704,1,1,0,0.010498047,0.023071289,25.021484,61,185,1,0,255,2,0,1782509442.3988895,97
25.01367,25.00607,0.20910104,0.5800991,0.72036743,1,1,0,0.008361816,0.02319336,25.013672,61,185,1,0,255,2,0,1782509442.3988895,97
25.009766,25.00268,-0.0,0.595269,0.81399536,1,1,0,-0.0,0.023803711,25.009766,61,185,1,0,255,2,0,1782509442.3988895,97
25.014648,25.007582,-0.051895693,0.59233254,0.6977844,1,1,0,-0.0020751953,0.02368164,25.014648,61,185,1,0,255,2,0,1782509442.3988895,97
25.016602,25.009417,0.26866618,0.53589815,0.706604,1,1,0,0.0107421875,0.02142334,25.016602,26,186,0,0,255,2,0,1782509442.4990351,98
25.020266,25.013617,0.21679823,0.5344499,0.67456055,1,1,0,0.008666992,0.021362305,25.020264,26,186,0,0,255,2,0,1782509442.4990351,98
25.017332,25.011375,0.111440584,0.5343873,0.8460083,1,1,0,0.0044555664,0.021362305,25.017334,26,186,0,0,255,2,0,1782509442.4990351,98
25.02075,25.01497,0.05954503,0.5344603,0.8373718,1,1,0,0.002380371,0.021362305,25.020752,26,186,0,0,255,2,0,1782509442.4990351,98
25.010742,25.005035,0.006104745,0.53424644,0.75424194,1,1,0,0.00024414062,0.021362305,25.010742,26,186,0,0,255,2,0,1782509442.4990351,98
25.003174,24.99293,0.15407214,0.6988502,0.76171875,1,1,0,0.006164551,0.027954102,25.003174,27,186,1,0,255,2,0,1782509442.4990351,98
25.009766,24.999947,0.04882808,0.69903445,0.69714355,1,1,0,0.001953125,0.027954102,25.009766,27,186,1,0,255,2,0,1782509442.4990351,98
25.013672,25.003899,-0.0030522337,0.69914365,0.7131653,1,1,0,-0.00012207031,0.027954102,25.013672,27,186,1,0,255,2,0,1782509442.4990351,98
25.013674,25.00384,-0.05494016,0.69914365,0.69470215,1,1,0,-0.0021972656,0.027954102,25.013672,27,186,1,0,255,2,0,1782509442.4990351,98
25.027098,25.02428,0.21841815,0.305499,0.69610596,1,1,0,0.008728027,0.012207031,25.0271,28,186,0,0,255,2,0,1782509442.4990351,98
25.017332,25.015232,0.112984605,0.30385298,0.80966187,1,1,0,0.0045166016,0.012145996,25.017334,28,186,0,0,255,2,0,1782509442.4990351,98
25.028076,25.026155,0.061099134,0.30398342,0.69784546,1,1,0,0.0024414062,0.012145996,25.028076,28,186,0,0,255,2,0,1782509442.4990351,98
25.026123,25.024275,0.009164164,0.3039597,0.7680664,1,1,0,0.00036621094,0.012145996,25.026123,28,186,0,0,255,2,0,1782509442.4990351,98
25.021484,25.0196,-0.044285223,0.30390337,0.74124146,1,1,0,-0.0017700195,0.012145996,25.021484,28,186,0,0,255,2,0,1782509442.4990351,98
24.997068,24.99132,0.26084417,0.4683625,0.9289856,1,1,0,0.010437012,0.018737793,24.99707,29,186,1,0,255,2,0,1782509442.4990351,98
24.99634,24.991077,0.20897566,0.46834877,0.6089783,1,1,0,0.008361816,0.018737793,24.996338,29,186,1,0,255,2,0,1782509442.4990351,98
25.003176,24.9983,0.15563108,0.46847686,0.809906,1,1,0,0.006225586,0.018737793,25.003174,29,186,1,0,255,2,0,1782509442.4990351,98
24.995363,24.990974,-0.001525328,0.46833047,0.83862305,1,1,0,-6.1035156e-05,0.018737793,24.995361,29,186,1,0,255,2,0,1782509442.4990351,98
25.016603,25.012966,0.21831939,0.36644104,0.74472046,1,1,0,0.008728027,0.0146484375,25.016602,60,186,0,0,255,2,0,1782509442.4990351,98
25.019531,25.016226,0.1664312,0.37106463,0.74472046,1,1,0,0.006652832,0.014831543,25.019531,60,186,0,0,255,2,0,1782509442.4990351,98
25.02124,25.018219,-0.04428278,0.38636,0.9724426,1,1,0,-0.0017700195,0.0154418945,25.02124,60,186,0,0,255,2,0,1782509442.4990351,98
25.016846,25.008791,0.26102653,0.5786462,0.77371216,1,1,0,0.010437012,0.023132324,25.016846,61,186,1,0,255,2,0,1782509442.4990351,98
25.010984,25.003313,0.20907798,0.58308905,0.82836914,1,1,0,0.008361816,0.02331543,25.010986,61,186,1,0,255,2,0,1782509442.4990351,98
25.014648,25.007284,0.15721339,0.5862271,0.72753906,1,1,0,0.006286621,0.0234375,25.014648,61,186,1,0,255,2,0,1782509442.4990351,98
25.013672,25.00648,0.10378725,0.5907831,0.67211914,1,1,0,0.0041503906,0.023620605,25.013672,61,186,1,0,255,2,0,1782509442.4990351,98
25.001953,24.994797,-0.0015255613,0.59813416,0.7976074,1,1,0,-6.1035156e-05,0.023925781,25.001953,61,186,1,0,255,2,0,1782509442.4990351,98
25.006836,24.99973,-0.053405266,0.5936734,0.6567383,1,1,0,-0.0021362305,0.023742676,25.006836,61,186,1,0,255,2,0,1782509442.4990351,98
25.021729,25.016018,0.00916114,0.53448117,1.1066589,1,1,0,0.00036621094,0.021362305,25.021729,26,187,0,0,255,2,0,1782509442.5989282,99
25.022459,25.012684,-0.0,0.6993893,0.9327698,1,1,0,-0.0,0.027954102,25.02246,27,187,1,0,255,2,0,1782509442.5989282,99
25.0166,25.014221,0.16336425,0.30384406,0.7559509,1,1,0,0.0065307617,0.012145996,25.016602,28,187,0,0,255,2,0,1782509442.5989282,99
25.011715,25.009623,0.111432776,0.30378476,0.8338928,1,1,0,0.0044555664,0.012145996,25.011719,28,187,0,0,255,2,0,1782509442.5989282,99
25.019285,25.017399,-0.045808274,0.3038767,0.8356323,1,1,0,-0.0018310547,0.012145996,25.019287,28,187,0,0,255,2,0,1782509442.5989282,99
25.00415,24.998913,0.20598936,0.46849516,0.7022705,1,1,0,0.008239746,0.018737793,25.00415,29,187,1,0,255,2,0,1782509442.5989282,99
25.012451,25.007586,0.15416248,0.4686507,0.6454468,1,1,0,0.006164551,0.018737793,25.012451,29,187,1,0,255,2,0,1782509442.5989282,99
25.003176,24.998737,0.04882572,0.46847686,0.809906,1,1,0,0.001953125,0.018737793,25.003174,29,187,1,0,255,2,0,1782509442.5989282,99
24.993896,24.98951,-0.0030504772,0.46830302,0.8070984,1,1,0,-0.00012207031,0.018737793,24.993896,29,187,1,0,255,2,0,1782509442.5989282,99
25.005371,25.000917,-0.05645969,0.46851802,0.77401733,1,1,0,-0.0022583008,0.018737793,25.005371,29,187,1,0,255,2,0,1782509442.5989282,99
25.032715,25.02858,0.27345544,0.36362162,0.86169434,1,1,0,0.010925293,0.014526367,25.032715,60,187,0,0,255,2,0,1782509442.5989282,99
25.02124,25.017553,0.22141358,0.36803597,0.74472046,1,1,0,0.008850098,0.014709473,25.02124,60,187,0,0,255,2,0,1782509442.5989282,99
25.021238,25.017923,0.16796954,0.37109,0.7672119,1,1,0,0.006713867,0.014831543,25.02124,60,187,0,0,255,2,0,1782509442.5989282,99
25.019775,25.016685,0.11604502,0.375649,0.88845825,1,1,0,0.004638672,0.015014648,25.019775,60,187,0,0,255,2,0,1782509442.5989282,99
25.023436,25.020493,0.06261245,0.37875825,0.7819519,1,1,0,0.0025024414,0.015136719,25.023438,60,187,0,0,255,2,0,1782509442.5989282,99
25.01831,25.015371,0.010687721,0.38326114,0.7932129,1,1,0,0.0004272461,0.015319824,25.01831,60,187,0,0,255,2,0,1782509442.5989282,99
25.009766,25.00675,-0.041209895,0.3861828,0.74990845,1,1,0,-0.0016479492,0.0154418945,25.009766,60,187,0,0,255,2,0,1782509442.5989282,99
25.02124,25.018007,-0.09467309,0.39094096,0.8460083,1,1,0,-0.0037841797,0.015625,25.02124,60,187,0,0,255,2,0,1782509442.5989282,99
25.003176,24.995092,0.26393503,0.5783299,0.82632446,1,1,0,0.010559082,0.023132324,25.003174,61,187,1,0,255,2,0,1782509442.5989282,99
25.01367,25.006262,0.15873328,0.5877305,0.6464844,1,1,0,0.0063476562,0.023498535,25.013672,61,187,1,0,255,2,0,1782509442.5989282,99
25.005373,24.998175,0.105278574,0.5905871,0.74121094,1,1,0,0.004211426,0.023620605,25.005371,61,187,1,0,255,2,0,1782509442.5989282,99
24.993896,24.986794,0.053377632,0.5933662,0.77023315,1,1,0,0.0021362305,0.023742676,24.993896,61,187,1,0,255,2,0,1782509442.5989282,99
24.991457,24.984303,0.0015249208,0.59788305,0.77227783,1,1,0,6.1035156e-05,0.023925781,24.991455,61,187,1,0,255,2,0,1782509442.5989282,99
24.99878,24.991716,-0.05186277,0.5919568,0.6725464,1,1,0,-0.0020751953,0.02368164,24.99878,61,187,1,0,255,2,0,1782509442.5989282,99
25.008055,24.996908,0.26242834,0.6989867,0.7090759,1,1,0,0.010498047,0.027954102,25.008057,27,188,1,0,255,2,0,1782509442.6989586,100
25.020264,25.009995,0.15723042,0.6993279,0.7562866,1,1,0,0.006286621,0.027954102,25.020264,27,188,1,0,255,2,0,1782509442.6989586,100
25.020264,25.010431,-0.05342813,0.6993279,0.77371216,1,1,0,-0.0021362305,0.027954102,25.020264,27,188,1,0,255,2,0,1782509442.6989586,100
25.020754,25.01743,0.27027935,0.3054215,0.9741821,1,1,0,0.010803223,0.012207031,25.020752,28,188,0,0,255,2,0,1782509442.6989586,100
25.020994,25.019148,0.0076352386,0.30389744,1.0426025,1,1,0,0.00030517578,0.012145996,25.020996,28,188,0,0,255,2,0,1782509442.6989586,100
25.0,24.99425,0.26087475,0.4684174,0.9781494,1,1,0,0.010437012,0.018737793,25.0,29,188,1,0,255,2,0,1782509442.6989586,100
25.005371,25.00012,0.20752531,0.46851802,0.7770996,1,1,0,0.008300781,0.018737793,25.005371,29,188,1,0,255,2,0,1782509442.6989586,100
24.99878,24.993906,0.15560372,0.46839452,0.64382935,1,1,0,0.006225586,0.018737793,24.99878,29,188,1,0,255,2,0,1782509442.6989586,100
25.013672,25.00923,0.050372664,0.46867356,0.70703125,1,1,0,0.0020141602,0.018737793,25.013672,29,188,1,0,255,2,0,1782509442.6989586,100
25.012451,25.008001,-0.054949306,0.4686507,0.6906128,1,1,0,-0.0021972656,0.018737793,25.012451,29,188,1,0,255,2,0,1782509442.6989586,100
25.015625,25.012033,0.21831125,0.36337337,0.73172,1,1,0,0.008728027,0.014526367,25.015625,60,188,0,0,255,2,0,1782509442.6989586,100
25.013672,25.010412,0.16639253,0.36792463,0.7706909,1,1,0,0.006652832,0.014709473,25.013672,60,188,0,0,255,2,0,1782509442.6989586,100
25.016602,25.013708,0.061068747,0.37560135,0.7559509,1,1,0,0.0024414062,0.015014648,25.016602,60,188,0,0,255,2,0,1782509442.6989586,100
25.019775,25.016907,0.009161466,0.37870282,0.7758789,1,1,0,0.00036621094,0.015136719,25.019775,60,188,0,0,255,2,0,1782509442.6989586,100
25.021484,25.018509,-0.044283293,0.38330975,1.0980225,1,1,0,-0.0017700195,0.015319824,25.021484,60,188,0,0,255,2,0,1782509442.6989586,100
25.01123,25.003246,0.26096866,0.575464,0.653656,1,1,0,0.010437012,0.023010254,25.01123,61,188,1,0,255,2,0,1782509442.6989586,100
25.000978,24.99338,0.20899491,0.57980466,0.6807251,1,1,0,0.008361816,0.02319336,25.000977,61,188,1,0,255,2,0,1782509442.6989586,100
25.013674,25.00639,0.15568145,0.5831517,0.66186523,1,1,0,0.006225586,0.02331543,25.013672,61,188,1,0,255,2,0,1782509442.6989586,100
25.008055,25.000937,0.10376424,0.5875986,0.6177368,1,1,0,0.0041503906,0.023498535,25.008057,61,188,1,0,255,2,0,1782509442.6989586,100
25.012451,25.00542,0.051891208,0.59075433,0.6669922,1,1,0,0.0020751953,0.023620605,25.012451,61,188,1,0,255,2,0,1782509442.6989586,100
25.019287,25.0122,-0.0015266235,0.59549564,0.6680298,1,1,0,-6.1035156e-05,0.023803711,25.019287,61,188,1,0,255,2,0,1782509442.6989586,100
25.031248,25.024551,0.21842052,0.53621197,0.6744385,1,1,0,0.008728027,0.02142334,25.03125,26,189,0,0,255,2,0,1782509442.7988503,101
25.00586,24.999891,0.11444123,0.5341422,0.8434143,1,1,0,0.0045776367,0.021362305,25.00586,26,189,0,0,255,2,0,1782509442.7988503,101
25.020264,25.01448,0.061070632,0.5344499,0.9949646,1,1,0,0.0024414062,0.021362305,25.020264,26,189,0,0,255,2,0,1782509442.7988503,101
25.018309,25.00713,0.2610092,0.7007997,0.67276,1,1,0,0.010437012,0.028015137,25.01831,27,189,1,0,255,2,0,1782509442.7988503,101
25.017332,25.006683,0.20910618,0.699246,0.61831665,1,1,0,0.008361816,0.027954102,25.017334,27,189,1,0,255,2,0,1782509442.7988503,101
25.006594,24.996609,0.10374627,0.69894576,0.81607056,1,2,0,0.0041503906,0.027954102,25.006592,27,189,1,0,255,2,0,1782509442.7988503,101
25.021482,25.018684,0.2183693,0.30390337,0.8694153,1,1,0,0.008728027,0.012145996,25.021484,28,189,0,0,255,2,0,1782509442.7988503,101
25.020508,25.018108,0.16644374,0.3038915,0.8667908,1,1,0,0.006652832,0.012145996,25.020508,28,189,0,0,255,2,0,1782509442.7988503,101
25.021482,25.019375,0.114530414,0.30390337,0.88412476,1,1,0,0.0045776367,0.012145996,25.021484,28,189,0,0,255,2,0,1782509442.7988503,101
25.03247,25.03055,0.061109863,0.3040368,0.7307739,1,1,0,0.0024414062,0.012145996,25.03247,28,189,0,0,255,2,0,1782509442.7988503,101
25.00415,24.998886,0.20904097,0.46849516,0.70944214,1,1,0,0.008361816,0.018737793,25.00415,29,189,1,0,255,2,0,1782509442.7988503,101
25.007568,25.003206,-0.0,0.46703315,0.81399536,1,1,0,-0.0,0.018676758,25.007568,29,189,1,0,255,2,0,1782509442.7988503,101
25.032715,25.028603,0.2734557,0.3620939,0.7680664,1,1,0,0.010925293,0.014465332,25.032715,60,189,0,0,255,2,0,1782509442.7988503,101
25.031006,25.02734,0.22150019,0.366652,0.70477295,1,1,0,0.008850098,0.0146484375,25.031006,60,189,0,0,255,2,0,1782509442.7988503,101
25.02124,25.017937,0.16949667,0.36956298,0.8694153,1,1,0,0.0067749023,0.014770508,25.02124,60,189,0,0,255,2,0,1782509442.7988503,101
25.019531,25.016464,0.116044,0.37411845,0.67974854,1,1,0,0.004638672,0.014953613,25.019531,60,189,0,0,255,2,0,1782509442.7988503,101
25.019531,25.016605,0.06412962,0.37717226,0.75942993,1,1,0,0.0025634766,0.015075684,25.019531,60,189,0,0,255,2,0,1782509442.7988503,101
25.021729,25.018812,0.012216218,0.38178647,0.82437134,1,1,0,0.00048828125,0.015258789,25.021729,60,189,0,0,255,2,0,1782509442.7988503,101
25.013672,25.01068,-0.04121637,0.3847166,0.697937,1,1,0,-0.0016479492,0.015380859,25.013672,60,189,0,0,255,2,0,1782509442.7988503,101
25.021484,25.01828,-0.09314711,0.38941777,0.7949219,1,1,0,-0.0037231445,0.015563965,25.021484,60,189,0,0,255,2,0,1782509442.7988503,101
24.99707,24.988989,0.26387057,0.5781887,0.84191895,1,1,0,0.010559082,0.023132324,24.99707,61,189,1,0,255,2,0,1782509442.7988503,101
25.010254,25.002592,0.21212426,0.5815459,0.6546936,1,1,0,0.008483887,0.023254395,25.010254,61,189,1,0,255,2,0,1782509442.7988503,101
25.003174,24.995804,0.1586669,0.58595824,0.79556274,1,1,0,0.0063476562,0.0234375,25.003174,61,189,1,0,255,2,0,1782509442.7988503,101
25.001953,24.994785,0.106789894,0.5889808,0.6694641,1,1,0,0.004272461,0.02355957,25.001953,61,189,1,0,255,2,0,1782509442.7988503,101
25.006836,24.999727,0.054931127,0.5936734,0.6208191,1,1,0,0.0021972656,0.023742676,25.006836,61,189,1,0,255,2,0,1782509442.7988503,101
25.00537,24.99825,0.001525772,0.5966902,0.7668457,1,1,0,6.1035156e-05,0.023864746,25.005371,61,189,1,0,255,2,0,1782509442.7988503,101
25.00415,24.997051,-0.050348133,0.59360963,0.7770996,1,1,0,-0.0020141602,0.023742676,25.00415,61,189,1,0,255,2,0,1782509442.7988503,101
25.018309,25.011635,0.2198345,0.53440815,0.7966614,1,1,0,0.0087890625,0.021362305,25.01831,26,190,0,0,255,2,0,1782509442.8984878,102
25.012695,25.00691,0.06257846,0.53428817,0.7221985,1,1,0,0.0025024414,0.021362305,25.012695,26,190,0,0,255,2,0,1782509442.8984878,102
25.015627,25.009739,-0.0946418,0.53435075,0.95166016,1,1,0,-0.0037841797,0.021362305,25.015625,26,190,0,0,255,2,0,1782509442.8984878,102
25.019287,25.008135,0.2625462,0.6993006,0.8640137,1,1,0,0.010498047,0.027954102,25.019287,27,190,1,0,255,2,0,1782509442.8984878,102
25.00415,24.993507,0.20899598,0.6988775,0.7914429,1,1,0,0.008361816,0.027954102,25.00415,27,190,1,0,255,2,0,1782509442.8984878,102
25.02905,25.025711,0.27189648,0.30552283,0.83654785,1,1,0,0.010864258,0.012207031,25.029053,28,190,0,0,255,2,0,1782509442.8984878,102
25.02075,25.018642,0.11452706,0.3038945,0.97592163,1,1,0,0.0045776367,0.012145996,25.020752,28,190,0,0,255,2,0,1782509442.8984878,102
25.01074,25.00886,-0.042739794,0.3037729,0.6996765,1,1,0,-0.0017089844,0.012145996,25.010742,28,190,0,0,255,2,0,1782509442.8984878,102
25.010986,25.005234,0.2609894,0.46862325,0.90011597,1,1,0,0.010437012,0.018737793,25.010986,29,190,1,0,255,2,0,1782509442.8984878,102
25.00879,25.003904,0.15719214,0.46858206,0.8304138,1,1,0,0.006286621,0.018737793,25.00879,29,190,1,0,255,2,0,1782509442.8984878,102
25.027098,25.022999,0.27033955,0.36354005,0.72473145,1,1,0,0.010803223,0.014526367,25.0271,60,190,0,0,255,2,0,1782509442.8984878,102
25.027098,25.02345,0.21688348,0.36812216,0.71606445,1,1,0,0.008666992,0.014709473,25.0271,60,190,0,0,255,2,0,1782509442.8984878,102
25.01831,25.015017,0.1648963,0.37104654,0.7905884,1,1,0,0.006591797,0.014831543,25.01831,60,190,0,0,255,2,0,1782509442.8984878,102
25.016602,25.013527,0.1129769,0.37560135,0.74642944,1,1,0,0.0045166016,0.015014648,25.016602,60,190,0,0,255,2,0,1782509442.8984878,102
25.016598,25.013662,0.059541915,0.3786548,0.94906616,1,1,0,0.002380371,0.015136719,25.016602,60,190,0,0,255,2,0,1782509442.8984878,102
25.02905,25.026114,0.0076373643,0.3834257,0.86776733,1,1,0,0.00030517578,0.015319824,25.029053,60,190,0,0,255,2,0,1782509442.8984878,102
25.019531,25.01651,-0.044279754,0.3863336,0.81918335,1,1,0,-0.0017700195,0.0154418945,25.019531,60,190,0,0,255,2,0,1782509442.8984878,102
25.013674,25.006012,0.20757422,0.5831517,0.72036743,1,1,0,0.008300781,0.02331543,25.013672,61,190,1,0,255,2,0,1782509442.8984878,102
25.00342,24.996235,0.10221906,0.59054095,1.0007019,1,1,0,0.0040893555,0.023620605,25.003418,61,190,1,0,255,2,0,1782509442.8984878,102
25.00415,24.997015,0.050348062,0.59513533,0.6725464,1,1,0,0.0020141602,0.023803711,25.00415,61,190,1,0,255,2,0,1782509442.8984878,102
25.009766,25.00262,-0.054937482,0.595269,0.84887695,1,1,0,-0.0021972656,0.023803711,25.009766,61,190,1,0,255,2,0,1782509442.8984878,102
25.020752,25.013567,0.27176455,0.5344603,0.9776306,1,1,0,0.010864258,0.021362305,25.020752,26,191,0,0,255,2,0,1782509442.9988747,103
25.01465,25.00799,0.21827595,0.5343299,0.7724304,1,1,0,0.008728027,0.021362305,25.014648,26,191,0,0,255,2,0,1782509442.9988747,103
25.017334,25.01155,0.06106348,0.5343873,0.7655029,1,1,0,0.0024414062,0.021362305,25.017334,26,191,0,0,255,2,0,1782509442.9988747,103
25.000002,24.990019,0.10371892,0.6987615,0.99453735,1,1,0,0.0041503906,0.027954102,25.0,27,191,1,0,255,2,0,1782509442.9988747,103
24.996338,24.986519,0.051851984,0.6986591,0.6284485,1,1,0,0.0020751953,0.027954102,24.996338,27,191,1,0,255,2,0,1782509442.9988747,103
24.991455,24.981691,-0.0015247614,0.6985227,0.6852112,1,1,0,-6.1035156e-05,0.027954102,24.991455,27,191,1,0,255,2,0,1782509442.9988747,103
25.02124,25.018824,0.16644849,0.30542746,0.7966614,1,1,0,0.006652832,0.012207031,25.02124,28,191,0,0,255,2,0,1782509442.9988747,103
25.00757,25.001818,0.26095375,0.4685592,0.70635986,1,1,0,0.010437012,0.018737793,25.007568,29,191,1,0,255,2,0,1782509442.9988747,103
24.998291,24.993029,0.20899197,0.46838537,0.7886658,1,1,0,0.008361816,0.018737793,24.998291,29,191,1,0,255,2,0,1782509442.9988747,103
25.009766,25.00489,0.1556721,0.46860036,0.8304138,1,1,0,0.006225586,0.018737793,25.009766,29,191,1,0,255,2,0,1782509442.9988747,103
25.019775,25.016111,0.22140081,0.36648753,0.81484985,1,1,0,0.008850098,0.0146484375,25.019775,60,191,0,0,255,2,0,1782509442.9988747,103
25.020996,25.01793,0.116050795,0.37414035,0.81658936,1,1,0,0.004638672,0.014953613,25.020996,60,191,0,0,255,2,0,1782509442.9988747,103
25.019531,25.016582,0.06412956,0.37869912,0.8417053,1,1,0,0.0025634766,0.015136719,25.019531,60,191,0,0,255,2,0,1782509442.9988747,103
25.015623,25.012709,0.010686584,0.38169333,0.710083,1,1,0,0.0004272461,0.015258789,25.015625,60,191,0,0,255,2,0,1782509442.9988747,103
25.019285,25.016083,-0.093138926,0.38938358,0.7871399,1,1,0,-0.0037231445,0.015563965,25.019287,60,191,0,0,255,2,0,1782509442.9988747,103
25.014648,25.006561,0.26405615,0.57859534,0.7655029,1,1,0,0.010559082,0.023132324,25.014648,61,191,1,0,255,2,0,1782509442.9988747,103
25.00879,25.001104,0.21058556,0.58303785,0.92266846,1,1,0,0.008422852,0.02331543,25.00879,61,191,1,0,255,2,0,1782509442.9988747,103
25.01123,25.003857,0.158718,0.58614707,0.78912354,1,1,0,0.0063476562,0.0234375,25.01123,61,191,1,0,255,2,0,1782509442.9988747,103
25.005371,24.998167,0.10680434,0.5905871,0.7032776,1,1,0,0.004272461,0.023620605,25.005371,61,191,1,0,255,2,0,1782509442.9988747,103
25.00659,24.999485,0.053404745,0.5936676,0.94317627,1,1,0,0.0021362305,0.023742676,25.006592,61,191,1,0,255,2,0,1782509442.9988747,103
24.998291,24.991137,0.0015253379,0.59804654,0.94332886,1,1,0,6.1035156e-05,0.023925781,24.998291,61,191,1,0,255,2,0,1782509442.9988747,103
24.991453,24.984396,-0.050322644,0.59178334,0.80914307,1,1,0,-0.0020141602,0.02368164,24.991455,61,191,1,0,255,2,0,1782509442.9988747,103
25.0271,25.020845,0.16493471,0.5345959,0.6631775,1,1,0,0.006591797,0.021362305,25.0271,26,192,0,0,255,2,0,1782509443.098594,104
25.026365,25.015182,0.26109326,0.7010254,0.7364502,1,1,0,0.010437012,0.028015137,25.026367,27,192,1,0,255,2,0,1782509443.098594,104
25.015867,25.00519,0.2075674,0.70073134,0.7655029,1,1,0,0.008300781,0.028015137,25.01587,27,192,1,0,255,2,0,1782509443.098594,104
25.008787,24.998533,0.15563253,0.69900715,0.83657837,1,1,0,0.006225586,0.027954102,25.00879,27,192,1,0,255,2,0,1782509443.098594,104
25.01587,25.00588,0.10378476,0.69920504,0.84555054,1,1,0,0.0041503906,0.027954102,25.01587,27,192,1,0,255,2,0,1782509443.098594,104
25.020264,25.010437,0.050375093,0.6993279,0.782959,1,1,0,0.0020141602,0.027954102,25.020264,27,192,1,0,255,2,0,1782509443.098594,104
25.006836,24.997066,-0.0015256999,0.69895256,0.62594604,1,1,0,-6.1035156e-05,0.027954102,25.006836,27,192,1,0,255,2,0,1782509443.098594,104
25.026121,25.022797,0.27033737,0.30548707,0.7307739,1,1,0,0.010803223,0.012207031,25.026123,28,192,0,0,255,2,0,1782509443.098594,104
25.026123,25.023733,0.16495375,0.3039597,0.71432495,1,1,0,0.006591797,0.012145996,25.026123,28,192,0,0,255,2,0,1782509443.098594,104
25.031006,25.028904,0.113046356,0.304019,0.74380493,1,1,0,0.0045166016,0.012145996,25.031006,28,192,0,0,255,2,0,1782509443.098594,104
25.032715,25.030867,0.007638815,0.30403978,0.8027344,1,1,0,0.00030517578,0.012145996,25.032715,28,192,0,0,255,2,0,1782509443.098594,104
25.026123,25.021984,0.27185598,0.36505318,0.72906494,1,1,0,0.010864258,0.014587402,25.026123,60,192,0,0,255,2,0,1782509443.098594,104
25.019531,25.015871,0.21834476,0.36801082,0.96810913,1,1,0,0.008728027,0.014709473,25.019531,60,192,0,0,255,2,0,1782509443.098594,104
25.010744,25.007416,0.1663726,0.37246066,0.8417053,1,1,0,0.006652832,0.014892578,25.010742,60,192,0,0,255,2,0,1782509443.098594,104
25.032225,25.029142,0.11457513,0.37583596,0.7307739,1,1,0,0.0045776367,0.015014648,25.032227,60,192,0,0,255,2,0,1782509443.098594,104
25.031006,25.02804,0.061103735,0.38040042,0.7828064,1,1,0,0.0024414062,0.015197754,25.031006,60,192,0,0,255,2,0,1782509443.098594,104
25.03003,25.02709,0.009165195,0.38344067,0.70043945,1,1,0,0.00036621094,0.015319824,25.03003,60,192,0,0,255,2,0,1782509443.098594,104
25.019777,25.016731,-0.044280145,0.38786426,0.82611084,1,1,0,-0.0017700195,0.01550293,25.019775,60,192,0,0,255,2,0,1782509443.098594,104
25.008059,24.99997,0.26093447,0.57996887,0.597229,1,1,0,0.010437012,0.02319336,25.008057,61,192,1,0,255,2,0,1782509443.098594,104
25.018066,25.010355,0.20913687,0.5847807,0.6977844,1,1,0,0.008361816,0.023376465,25.018066,61,192,1,0,255,2,0,1782509443.098594,104
24.997559,24.990164,0.15710576,0.587352,0.6838074,1,1,0,0.006286621,0.023498535,24.997559,61,192,1,0,255,2,0,1782509443.098594,104
25.007568,25.000341,0.10376178,0.59216493,0.83657837,1,1,0,0.0041503906,0.02368164,25.007568,61,192,1,0,255,2,0,1782509443.098594,104
25.000002,24.992865,0.051865153,0.59503657,0.8460388,1,1,0,0.0020751953,0.023803711,25.0,61,192,1,0,255,2,0,1782509443.098594,104
25.003172,24.99598,-0.0015256335,0.599689,0.81607056,1,1,0,-6.1035156e-05,0.023986816,25.003174,61,192,1,0,255,2,0,1782509443.098594,104
25.00659,24.999485,-0.053404745,0.5936676,0.809906,1,1,0,-0.0021362305,0.023742676,25.006592,61,192,1,0,255,2,0,1782509443.098594,104
25.021484,25.010834,0.20914088,0.699362,0.8127136,1,1,0,0.008361816,0.027954102,25.021484,27,193,1,0,255,2,0,1782509443.1983092,105
25.009033,24.999205,-0.053404145,0.699014,0.6906128,1,1,0,-0.0021362305,0.027954102,25.009033,27,193,1,0,255,2,0,1782509443.1983092,105
25.021238,25.018454,0.21684016,0.30390042,1.0148926,1,1,0,0.008666992,0.012145996,25.02124,28,193,0,0,255,2,0,1782509443.1983092,105
24.999514,24.993778,0.25934416,0.46840826,0.9587097,1,1,0,0.010375977,0.018737793,24.999512,29,193,1,0,255,2,0,1782509443.1983092,105
25.030031,25.025913,0.2718987,0.3635826,0.73599243,1,1,0,0.010864258,0.014526367,25.03003,60,193,0,0,255,2,0,1782509443.1983092,105
25.010744,25.007093,0.21979457,0.3663552,0.7074585,1,1,0,0.0087890625,0.0146484375,25.010742,60,193,0,0,255,2,0,1782509443.1983092,105
25.020508,25.017563,0.06260512,0.3787139,0.66763306,1,1,0,0.0025024414,0.015136719,25.020508,60,193,0,0,255,2,0,1782509443.1983092,105
25.031252,25.02823,-0.042772897,0.38651457,0.68310547,1,1,0,-0.0017089844,0.0154418945,25.03125,60,193,0,0,255,2,0,1782509443.1983092,105
25.003176,24.995108,0.26240945,0.5783299,0.8673096,1,1,0,0.010498047,0.023132324,25.003174,61,193,1,0,255,2,0,1782509443.1983092,105
25.007566,24.999884,0.21057528,0.58300936,0.7596741,1,1,0,0.008422852,0.02331543,25.007568,61,193,1,0,255,2,0,1782509443.1983092,105
25.003176,24.995813,0.15714128,0.58595824,0.7268677,1,1,0,0.006286621,0.0234375,25.003174,61,193,1,0,255,2,0,1782509443.1983092,105
25.00415,24.996994,-0.0,0.59818673,0.7565918,1,1,0,-0.0,0.023925781,25.00415,61,193,1,0,255,2,0,1782509443.1983092,105
25.003176,24.99611,-0.05187189,0.59206086,0.78326416,1,1,0,-0.0020751953,0.02368164,25.003174,61,193,1,0,255,2,0,1782509443.1983092,105
25.020996,25.013779,0.27176684,0.53599226,1.1101379,1,1,0,0.010864258,0.02142334,25.020996,26,194,0,0,255,2,0,1782509443.2985182,106
25.019289,25.012627,0.21831642,0.534429,0.87719727,1,1,0,0.008728027,0.021362305,25.019287,26,194,0,0,255,2,0,1782509443.2985182,106
25.021484,25.01559,-0.096190795,0.5344759,0.80792236,1,1,0,-0.0038452148,0.021362305,25.021484,26,194,0,0,255,2,0,1782509443.2985182,106
24.997557,24.98643,0.26079315,0.6986933,0.7709656,1,1,0,0.010437012,0.027954102,24.997559,27,194,1,0,255,2,0,1782509443.2985182,106
25.010986,25.001215,-0.0015259531,0.69906855,0.9483032,1,1,0,-6.1035156e-05,0.027954102,25.010986,27,194,1,0,255,2,0,1782509443.2985182,106
25.019775,25.016985,0.21530043,0.30540958,0.8564148,1,1,0,0.008605957,0.012207031,25.019775,28,194,0,0,255,2,0,1782509443.2985182,106
25.021482,25.019104,0.16339613,0.30390337,0.8460083,1,1,0,0.0065307617,0.012145996,25.021484,28,194,0,0,255,2,0,1782509443.2985182,106
25.021238,25.019144,0.1114752,0.30390042,1.0980225,1,1,0,0.0044555664,0.012145996,25.02124,28,194,0,0,255,2,0,1782509443.2985182,106
25.019531,25.017618,0.05802436,0.30387965,0.7741394,1,1,0,0.002319336,0.012145996,25.019531,28,194,0,0,255,2,0,1782509443.2985182,106
25.031248,25.029362,-0.04583018,0.30402198,0.6683655,1,1,0,-0.0018310547,0.012145996,25.03125,28,194,0,0,255,2,0,1782509443.2985182,106
25.021484,25.01576,0.25804526,0.46881995,0.7809143,1,1,0,0.010314941,0.018737793,25.021484,29,194,1,0,255,2,0,1782509443.2985182,106
25.021482,25.016241,0.20613216,0.46881995,0.73883057,1,1,0,0.008239746,0.018737793,25.021484,29,194,1,0,255,2,0,1782509443.2985182,106
25.01123,25.006365,0.15415496,0.4686278,0.62390137,1,1,0,0.006164551,0.018737793,25.01123,29,194,1,0,255,2,0,1782509443.2985182,106
25.001953,24.997362,0.10069793,0.468454,0.7770996,1,1,0,0.0040283203,0.018737793,25.001953,29,194,1,0,255,2,0,1782509443.2985182,106
25.00415,24.999714,0.048827626,0.46849516,0.8222046,1,1,0,0.001953125,0.018737793,25.00415,29,194,1,0,255,2,0,1782509443.2985182,106
25.018066,25.013676,-0.0030534272,0.4687559,0.8045044,1,1,0,-0.00012207031,0.018737793,25.018066,29,194,1,0,255,2,0,1782509443.2985182,106
24.99951,24.995058,-0.05644646,0.46840826,0.9801941,1,1,0,-0.0022583008,0.018737793,24.999512,29,194,1,0,255,2,0,1782509443.2985182,106
25.01953,25.015375,0.2733112,0.36495703,0.8546753,1,1,0,0.010925293,0.014587402,25.019531,60,194,0,0,255,2,0,1782509443.2985182,106
25.016602,25.012905,0.21984567,0.36949447,0.7706909,1,1,0,0.0087890625,0.014770508,25.016602,60,194,0,0,255,2,0,1782509443.2985182,106
25.019775,25.016438,0.16795957,0.3725952,0.73690796,1,1,0,0.006713867,0.014892578,25.019775,60,194,0,0,255,2,0,1782509443.2985182,106
25.020264,25.017157,0.11452027,0.3771833,0.8373718,1,1,0,0.0045776367,0.015075684,25.020264,60,194,0,0,255,2,0,1782509443.2985182,106
25.032225,25.029257,0.06263438,0.380419,0.6475525,1,1,0,0.0025024414,0.015197754,25.032227,60,194,0,0,255,2,0,1782509443.2985182,106
25.019287,25.016325,0.010688129,0.38480297,0.6520386,1,1,0,0.0004272461,0.015380859,25.019287,60,194,0,0,255,2,0,1782509443.2985182,106
25.026123,25.023079,-0.042764094,0.38796267,0.7680664,1,1,0,-0.0017089844,0.01550293,25.026123,60,194,0,0,255,2,0,1782509443.2985182,106
25.022217,25.018959,-0.09467669,0.3924833,0.80792236,1,1,0,-0.0037841797,0.015686035,25.022217,60,194,0,0,255,2,0,1782509443.2985182,106
25.00415,24.996014,0.26241896,0.581404,0.82424927,1,1,0,0.010498047,0.023254395,25.00415,61,194,1,0,255,2,0,1782509443.2985182,106
25.014648,25.006927,0.21063462,0.5847008,0.67315674,1,1,0,0.008422852,0.023376465,25.014648,61,194,1,0,255,2,0,1782509443.2985182,106
25.005371,24.997938,0.15715463,0.5890613,0.68585205,1,1,0,0.006286621,0.02355957,25.005371,61,194,1,0,255,2,0,1782509443.2985182,106
25.000002,24.99277,0.10525581,0.5919857,0.86447144,1,1,0,0.004211426,0.02368164,25.0,61,194,1,0,255,2,0,1782509443.2985182,106
25.00537,24.998192,0.05340198,0.5966902,0.70840454,1,1,0,0.0021362305,0.023864746,25.005371,61,194,1,0,255,2,0,1782509443.2985182,106
25.001953,24.99476,-0.0,0.59965974,0.736084,1,1,0,-0.0,0.023986816,25.001953,61,194,1,0,255,2,0,1782509443.2985182,106
24.994873,24.987774,-0.051854588,0.5933894,0.7640991,1,1,0,-0.0020751953,0.023742676,24.994873,61,194,1,0,255,2,0,1782509443.2985182,106
25.023682,25.01771,0.11452279,0.5345229,0.8624878,1,1,0,0.0045776367,0.021362305,25.023682,26,195,0,0,255,2,0,1782509443.398364,107
25.021484,25.015697,0.06260045,0.5344759,0.73172,1,1,0,0.0025024414,0.021362305,25.021484,26,195,0,0,255,2,0,1782509443.398364,107
25.020752,25.015041,0.009160782,0.5344603,0.81918335,1,1,0,0.00036621094,0.021362305,25.020752,26,195,0,0,255,2,0,1782509443.398364,107
25.020752,25.014858,-0.09618798,0.5344603,1.0755005,1,1,0,-0.0038452148,0.021362305,25.020752,26,195,0,0,255,2,0,1782509443.398364,107
25.01367,25.00298,0.2090752,0.70066977,0.65878296,1,1,0,0.008361816,0.028015137,25.013672,27,195,1,0,255,2,0,1782509443.398364,107
25.020264,25.016907,0.27332792,0.30541554,0.8373718,1,1,0,0.010925293,0.012207031,25.020264,28,195,0,0,255,2,0,1782509443.398364,107
25.012695,25.009884,0.2198191,0.30379662,0.68496704,1,1,0,0.0087890625,0.012145996,25.012695,28,195,0,0,255,2,0,1782509443.398364,107
25.021238,25.01883,0.16797563,0.30390042,0.80966187,1,1,0,0.006713867,0.012145996,25.02124,28,195,0,0,255,2,0,1782509443.398364,107
25.022459,25.020536,0.062612556,0.30391523,0.73172,1,1,0,0.0025024414,0.012145996,25.02246,28,195,0,0,255,2,0,1782509443.398364,107
25.020506,25.018658,0.010689125,0.3038915,1.0884705,1,1,0,0.0004272461,0.012145996,25.020508,28,195,0,0,255,2,0,1782509443.398364,107
25.03125,25.029224,-0.094715536,0.30402198,0.6839905,1,1,0,-0.0037841797,0.012145996,25.03125,28,195,0,0,255,2,0,1782509443.398364,107
25.00879,25.003511,0.21060584,0.46858206,0.75250244,1,1,0,0.008422852,0.018737793,25.00879,29,195,1,0,255,2,0,1782509443.398364,107
25.013674,25.008778,0.15874925,0.46867356,0.7942505,1,1,0,0.0063476562,0.018737793,25.013672,29,195,1,0,255,2,0,1782509443.398364,107
25.021484,25.01687,0.10535731,0.46881995,0.81066895,1,1,0,0.004211426,0.018737793,25.021484,29,195,1,0,255,2,0,1782509443.398364,107
25.010986,25.006624,0.0015262832,0.46709698,0.8119507,1,1,0,6.1035156e-05,0.018676758,25.010986,29,195,1,0,255,2,0,1782509443.398364,107
25.02124,25.017147,0.27180344,0.36192793,0.74990845,1,1,0,0.010864258,0.014465332,25.02124,60,195,0,0,255,2,0,1782509443.398364,107
25.00781,25.004776,0.11446359,0.37241703,0.8434143,1,1,0,0.0045776367,0.014892578,25.007812,60,195,0,0,255,2,0,1782509443.398364,107
25.020506,25.01759,0.061078224,0.37718698,0.700531,1,1,0,0.0024414062,0.015075684,25.020508,60,195,0,0,255,2,0,1782509443.398364,107
25.020996,25.018105,0.009161904,0.3802483,0.68063354,1,1,0,0.00036621094,0.015197754,25.020996,60,195,0,0,255,2,0,1782509443.398364,107
25.019531,25.01634,-0.09619368,0.38786048,0.74124146,1,1,0,-0.0038452148,0.01550293,25.019531,60,195,0,0,255,2,0,1782509443.398364,107
25.00879,25.000755,0.26246873,0.5769338,0.7893982,1,1,0,0.010498047,0.023071289,25.00879,61,195,1,0,255,2,0,1782509443.398364,107
25.015867,25.00823,0.20911911,0.5816765,0.7029114,1,1,0,0.008361816,0.023254395,25.01587,61,195,1,0,255,2,0,1782509443.398364,107
25.010254,25.002926,0.15718599,0.58459806,0.6218567,1,1,0,0.006286621,0.023376465,25.010254,61,195,1,0,255,2,0,1782509443.398364,107
25.014648,25.007505,-0.053421877,0.5953852,0.8496704,1,1,0,-0.0021362305,0.023803711,25.014648,61,195,1,0,255,2,0,1782509443.398364,107
25.020998,25.013796,0.2702401,0.53599226,0.7741394,1,1,0,0.010803223,0.02142334,25.020996,26,196,0,0,255,2,0,1782509443.4985666,108
25.020994,25.015038,0.1114569,0.5344655,0.72998047,1,1,0,0.0044555664,0.021362305,25.020996,26,196,0,0,255,2,0,1782509443.4985666,108
25.018309,25.01253,0.059539218,0.53440815,0.73172,1,1,0,0.002380371,0.021362305,25.01831,26,196,0,0,255,2,0,1782509443.4985666,108
25.017332,25.00617,0.25947276,0.70077235,0.48788452,1,1,0,0.010375977,0.028015137,25.017334,27,196,1,0,255,2,0,1782509443.4985666,108
25.020264,25.009583,0.20760386,0.7008544,0.7839966,1,1,0,0.008300781,0.028015137,25.020264,27,196,1,0,255,2,0,1782509443.4985666,108
25.021484,25.011234,0.15418497,0.699362,0.8948059,1,1,0,0.006164551,0.027954102,25.021484,27,196,1,0,255,2,0,1782509443.4985666,108
25.027344,25.017357,0.102305435,0.6995258,0.616272,1,1,0,0.0040893555,0.027954102,25.027344,27,196,1,0,255,2,0,1782509443.4985666,108
25.016846,25.00707,-0.003052621,0.69923234,0.8291321,1,1,0,-0.00012207031,0.027954102,25.016846,27,196,1,0,255,2,0,1782509443.4985666,108
25.015871,25.006037,-0.05494499,0.69920504,0.77783203,1,1,0,-0.0021972656,0.027954102,25.01587,27,196,1,0,255,2,0,1782509443.4985666,108
25.020752,25.017395,0.27333325,0.3054215,0.701416,1,1,0,0.010925293,0.012207031,25.020752,28,196,0,0,255,2,0,1782509443.4985666,108
25.015623,25.013216,0.16793793,0.3038322,0.8373718,1,1,0,0.006713867,0.012145996,25.015625,28,196,0,0,255,2,0,1782509443.4985666,108
25.003176,24.997408,0.2624336,0.46847686,0.7237854,1,1,0,0.010498047,0.018737793,25.003174,29,196,1,0,255,2,0,1782509443.4985666,108
25.016848,25.011568,0.2106737,0.46873304,0.7439575,1,1,0,0.008422852,0.018737793,25.016846,29,196,1,0,255,2,0,1782509443.4985666,108
25.011475,25.00659,0.15720902,0.4686324,0.9277954,1,1,0,0.006286621,0.018737793,25.011475,29,196,1,0,255,2,0,1782509443.4985666,108
24.994873,24.990433,-0.051860105,0.46832132,0.9402466,1,1,0,-0.0020751953,0.018737793,24.994873,29,196,1,0,255,2,0,1782509443.4985666,108
25.02124,25.017124,0.2718032,0.36345494,0.9854431,1,1,0,0.010864258,0.014526367,25.02124,60,196,0,0,255,2,0,1782509443.4985666,108
25.02124,25.017935,0.16644257,0.37109,0.74816895,1,1,0,0.006652832,0.014831543,25.02124,60,196,0,0,255,2,0,1782509443.4985666,108
25.013672,25.01062,0.11296377,0.37403086,0.8373718,1,1,0,0.0045166016,0.014953613,25.013672,60,196,0,0,255,2,0,1782509443.4985666,108
25.032469,25.029554,0.009166097,0.38195035,0.6631775,1,1,0,0.00036621094,0.015258789,25.03247,60,196,0,0,255,2,0,1782509443.4985666,108
25.019775,25.01656,-0.09619452,0.38939118,0.82437134,1,1,0,-0.0038452148,0.015563965,25.019775,60,196,0,0,255,2,0,1782509443.4985666,108
25.010984,25.003794,0.103776105,0.5907197,1.0815735,1,1,0,0.0041503906,0.023620605,25.010986,61,196,1,0,255,2,0,1782509443.4985666,108
25.012451,25.005348,0.05189106,0.5938067,0.6916199,1,1,0,0.0020751953,0.023742676,25.012451,61,196,1,0,255,2,0,1782509443.4985666,108
25.009766,25.002623,-0.053411447,0.595269,0.95755005,1,1,0,-0.0021362305,0.023803711,25.009766,61,196,1,0,255,2,0,1782509443.4985666,108
25.01831,25.011618,0.21830761,0.53593475,0.80618286,1,1,0,0.008728027,0.02142334,25.01831,26,197,0,0,255,2,0,1782509443.5982955,109
25.006592,24.996822,-0.001525685,0.69894576,0.7883911,1,1,0,-6.1035156e-05,0.027954102,25.006592,27,197,1,0,255,2,0,1782509443.5982955,109
25.021729,25.019844,-0.044285655,0.30390635,0.8417053,1,1,0,-0.0017700195,0.012145996,25.021729,28,197,0,0,255,2,0,1782509443.5982955,109
25.012451,25.006699,0.2610047,0.4686507,0.7706299,1,1,0,0.010437012,0.018737793,25.012451,29,197,1,0,255,2,0,1782509443.5982955,109
25.01587,25.010603,0.20913894,0.46871474,0.7572937,1,1,0,0.008361816,0.018737793,25.01587,29,197,1,0,255,2,0,1782509443.5982955,109
25.003418,24.999058,-0.0015258214,0.46695563,0.97610474,1,1,0,-6.1035156e-05,0.018676758,25.003418,29,197,1,0,255,2,0,1782509443.5982955,109
25.014648,25.011003,0.21677558,0.367939,0.8564148,1,1,0,0.008666992,0.014709473,25.014648,60,197,0,0,255,2,0,1782509443.5982955,109
25.0271,25.023804,0.16495422,0.3711769,0.6189575,1,1,0,0.006591797,0.014831543,25.0271,60,197,0,0,255,2,0,1782509443.5982955,109
25.019773,25.016699,0.11299123,0.375649,0.8503418,1,1,0,0.0045166016,0.015014648,25.019775,60,197,0,0,255,2,0,1782509443.5982955,109
25.026121,25.023184,0.05956458,0.3787989,0.6596985,1,1,0,0.002380371,0.015136719,25.026123,60,197,0,0,255,2,0,1782509443.5982955,109
25.017332,25.014397,0.0076337885,0.38324618,0.7135315,1,1,0,0.00030517578,0.015319824,25.017334,60,197,0,0,255,2,0,1782509443.5982955,109
25.016602,25.013577,-0.04580128,0.38628837,0.94906616,1,1,0,-0.0018310547,0.0154418945,25.016602,60,197,0,0,255,2,0,1782509443.5982955,109
25.009768,25.001694,0.2594263,0.5800085,0.7565918,1,1,0,0.010375977,0.02319336,25.009766,61,197,1,0,255,2,0,1782509443.5982955,109
25.012451,25.00506,0.15567316,0.58770186,0.703949,1,1,0,0.006225586,0.023498535,25.012451,61,197,1,0,255,2,0,1782509443.5982955,109
25.003176,24.99599,0.10221806,0.5905352,0.7268677,1,1,0,0.0040893555,0.023620605,25.003174,61,197,1,0,255,2,0,1782509443.5982955,109
25.005371,24.998236,0.05035052,0.5951644,0.6940613,1,1,0,0.0020141602,0.023803711,25.005371,61,197,1,0,255,2,0,1782509443.5982955,109
24.993896,24.98672,-0.054902542,0.59641635,0.85217285,1,1,0,-0.0021972656,0.023864746,24.993896,61,197,1,0,255,2,0,1782509443.5982955,109
25.030031,25.023365,0.21841016,0.53465843,0.82702637,1,1,0,0.008728027,0.021362305,25.03003,26,198,0,0,255,2,0,1782509443.6984727,110
25.020264,25.01437,-0.0961861,0.5344499,0.82437134,1,1,0,-0.0038452148,0.021362305,25.020264,26,198,0,0,255,2,0,1782509443.6984727,110
24.995363,24.985382,0.10369968,0.6986318,0.7114868,1,1,0,0.0041503906,0.027954102,24.995361,27,198,1,0,255,2,0,1782509443.6984727,110
25.008787,24.999018,-0.001525819,0.69900715,0.69610596,1,1,0,-6.1035156e-05,0.027954102,25.00879,27,198,1,0,255,2,0,1782509443.6984727,110
25.020508,25.018118,0.16491674,0.3038915,0.7888794,1,1,0,0.006591797,0.012145996,25.020508,28,198,0,0,255,2,0,1782509443.6984727,110
25.02075,25.01865,0.11300004,0.3038945,0.7932129,1,1,0,0.0045166016,0.012145996,25.020752,28,198,0,0,255,2,0,1782509443.6984727,110
25.014648,25.009396,0.2076023,0.46869186,0.7675781,1,1,0,0.008300781,0.018737793,25.014648,29,198,1,0,255,2,0,1782509443.6984727,110
25.02295,25.018072,0.15575418,0.4688474,0.67276,1,1,0,0.006225586,0.018737793,25.02295,29,198,1,0,255,2,0,1782509443.6984727,110
24.994873,24.990486,-0.0015252982,0.46832132,0.8276062,1,1,0,-6.1035156e-05,0.018737793,24.994873,29,198,1,0,255,2,0,1782509443.6984727,110
25.017336,25.013203,0.27328745,0.3633982,0.7057495,1,1,0,0.010925293,0.014526367,25.017334,60,198,0,0,255,2,0,1782509443.6984727,110
25.019287,25.0156,0.2213963,0.36800724,0.7984009,1,1,0,0.008850098,0.014709473,25.019287,60,198,0,0,255,2,0,1782509443.6984727,110
25.012697,25.009607,0.11601219,0.3755427,0.8373718,1,1,0,0.004638672,0.015014648,25.012695,60,198,0,0,255,2,0,1782509443.6984727,110
25.018309,25.015366,0.06259962,0.37868065,0.7576904,1,1,0,0.0025024414,0.015136719,25.01831,60,198,0,0,255,2,0,1782509443.6984727,110
25.016602,25.013584,-0.041221157,0.38628837,0.7741394,1,1,0,-0.0016479492,0.0154418945,25.016602,60,198,0,0,255,2,0,1782509443.6984727,110
25.017334,25.014101,-0.09465831,0.39087993,0.75942993,1,1,0,-0.0037841797,0.015625,25.017334,60,198,0,0,255,2,0,1782509443.6984727,110
25.00415,24.996033,0.26394495,0.5798783,0.69714355,1,1,0,0.010559082,0.02319336,25.00415,61,198,1,0,255,2,0,1782509443.6984727,110
24.999512,24.99183,0.21050747,0.58282155,0.92181396,1,1,0,0.008422852,0.02331543,24.999512,61,198,1,0,255,2,0,1782509443.6984727,110
25.01123,25.003822,0.1587178,0.5876732,0.66290283,1,1,0,0.0063476562,0.023498535,25.01123,61,198,1,0,255,2,0,1782509443.6984727,110
25.013672,25.006529,0.05341979,0.595362,0.760376,1,1,0,0.0021362305,0.023803711,25.013672,61,198,1,0,255,2,0,1782509443.6984727,110
25.020752,25.01355,0.27329126,0.5344603,0.8477478,1,1,0,0.010925293,0.021362305,25.020752,26,199,0,0,255,2,0,1782509443.7981455,111
25.021973,25.015297,0.2198667,0.53448635,0.7628784,1,1,0,0.0087890625,0.021362305,25.021973,26,199,0,0,255,2,0,1782509443.7981455,111
25.03003,25.023754,0.1680087,0.53465843,0.7472534,1,1,0,0.006713867,0.021362305,25.03003,26,199,0,0,255,2,0,1782509443.7981455,111
25.021484,25.015507,0.11603956,0.5344759,0.89450073,1,1,0,0.004638672,0.021362305,25.021484,26,199,0,0,255,2,0,1782509443.7981455,111
25.020506,25.014795,0.010687475,0.53445506,0.7854004,1,1,0,0.0004272461,0.021362305,25.020508,26,199,0,0,255,2,0,1782509443.7981455,111
25.022705,25.016817,-0.09466858,0.534502,0.89450073,1,1,0,-0.0037841797,0.021362305,25.022705,26,199,0,0,255,2,0,1782509443.7981455,111
25.003416,24.992762,0.2105153,0.698857,0.6403198,1,1,0,0.008422852,0.027954102,25.003418,27,199,1,0,255,2,0,1782509443.7981455,111
25.006836,24.996563,0.15867172,0.69895256,0.653656,1,1,0,0.0063476562,0.027954102,25.006836,27,199,1,0,255,2,0,1782509443.7981455,111
25.001955,24.992128,0.053389028,0.6988161,0.65509033,1,1,0,0.0021362305,0.027954102,25.001953,27,199,1,0,255,2,0,1782509443.7981455,111
25.031006,25.027647,0.27344525,0.30554667,0.68743896,1,1,0,0.010925293,0.012207031,25.031006,28,199,0,0,255,2,0,1782509443.7981455,111
25.026123,25.02329,0.21993695,0.30548707,0.71258545,1,1,0,0.0087890625,0.012207031,25.026123,28,199,0,0,255,2,0,1782509443.7981455,111
25.019775,25.017347,0.16796568,0.30540958,0.75424194,1,1,0,0.006713867,0.012207031,25.019775,28,199,0,0,255,2,0,1782509443.7981455,111
25.012451,25.007566,0.15721516,0.4686507,0.68032837,1,1,0,0.006286621,0.018737793,25.012451,29,199,1,0,255,2,0,1782509443.7981455,111
25.000488,24.996042,0.053397387,0.46842656,0.99658203,1,1,0,0.0021362305,0.018737793,25.000488,29,199,1,0,255,2,0,1782509443.7981455,111
24.993896,24.989456,-0.05185808,0.46830302,0.76101685,1,1,0,-0.0020751953,0.018737793,24.993896,29,199,1,0,255,2,0,1782509443.7981455,111
25.017336,25.013268,0.26718068,0.3633982,0.68063354,1,1,0,0.010681152,0.014526367,25.017334,60,199,0,0,255,2,0,1782509443.7981455,111
25.020508,25.016897,0.21529967,0.36649826,0.7559509,1,1,0,0.008605957,0.0146484375,25.020508,60,199,0,0,255,2,0,1782509443.7981455,111
25.02197,25.018686,0.16339341,0.37110084,0.720459,1,1,0,0.0065307617,0.014831543,25.021973,60,199,0,0,255,2,0,1782509443.7981455,111
25.020262,25.017223,0.10993969,0.3741294,0.6615906,1,1,0,0.0043945312,0.014953613,25.020264,60,199,0,0,255,2,0,1782509443.7981455,111
25.019531,25.016598,0.058021996,0.37869912,0.81484985,1,1,0,0.002319336,0.015136719,25.019531,60,199,0,0,255,2,0,1782509443.7981455,111
25.019777,25.016863,0.0061076325,0.38175666,0.709198,1,1,0,0.00024414062,0.015258789,25.019775,60,199,0,0,255,2,0,1782509443.7981455,111
25.021242,25.018213,-0.04733676,0.38636,0.8607483,1,1,0,-0.0018920898,0.0154418945,25.02124,60,199,0,0,255,2,0,1782509443.7981455,111
25.023926,25.0159,0.25804672,0.5788099,0.65322876,1,1,0,0.010314941,0.023132324,25.023926,61,199,1,0,255,2,0,1782509443.7981455,111
25.014648,25.007036,0.2060563,0.5816481,0.6690674,1,1,0,0.008239746,0.023254395,25.014648,61,199,1,0,255,2,0,1782509443.7981455,111
25.015871,25.008533,0.15264188,0.5862557,0.72958374,1,1,0,0.0061035156,0.0234375,25.01587,61,199,1,0,255,2,0,1782509443.7981455,111
25.010254,25.00311,0.10072108,0.58917636,0.7798767,1,1,0,0.0040283203,0.02355957,25.010254,61,199,1,0,255,2,0,1782509443.7981455,111
25.005371,24.998276,0.048824817,0.5936386,0.74121094,1,1,0,0.001953125,0.023742676,25.005371,61,199,1,0,255,2,0,1782509443.7981455,111
25.014648,25.007524,-0.0045790146,0.59691155,0.8414612,1,1,0,-0.00018310547,0.023864746,25.014648,61,199,1,0,255,2,0,1782509443.7981455,111
25.010984,25.003872,-0.056466363,0.59377193,0.87960815,1,1,0,-0.0022583008,0.023742676,25.010986,61,199,1,0,255,2,0,1782509443.7981455,111
25.016602,25.009401,0.2732459,0.5343716,0.74642944,1,1,0,0.010925293,0.021362305,25.016602,26,200,0,0,255,2,0,1782509443.8983474,112
25.016602,25.01081,0.064114764,0.5343716,0.715271,1,1,0,0.0025634766,0.021362305,25.016602,26,200,0,0,255,2,0,1782509443.8983474,112
25.01123,25.000065,0.26398754,0.6990754,0.6300659,1,1,0,0.010559082,0.027954102,25.01123,27,200,1,0,255,2,0,1782509443.8983474,112
25.010254,24.999596,0.21057287,0.6990481,0.67111206,1,1,0,0.008422852,0.027954102,25.010254,27,200,1,0,255,2,0,1782509443.8983474,112
25.012451,25.002174,0.15870734,0.6991095,0.7572937,1,1,0,0.0063476562,0.027954102,25.012451,27,200,1,0,255,2,0,1782509443.8983474,112
25.018309,25.008307,0.106847666,0.6992733,0.6255188,1,1,0,0.004272461,0.027954102,25.01831,27,200,1,0,255,2,0,1782509443.8983474,112
25.007568,24.99774,0.053401016,0.69897306,0.776062,1,1,0,0.0021362305,0.027954102,25.007568,27,200,1,0,255,2,0,1782509443.8983474,112
25.008787,24.999018,0.001525819,0.69900715,0.7914429,1,1,0,6.1035156e-05,0.027954102,25.00879,27,200,1,0,255,2,0,1782509443.8983474,112
25.019531,25.017103,0.16796404,0.3054066,0.8390808,1,1,0,0.006713867,0.012207031,25.019531,28,200,0,0,255,2,0,1782509443.8983474,112
25.015623,25.013515,0.11450359,0.3038322,0.82437134,1,1,0,0.0045776367,0.012145996,25.015625,28,200,0,0,255,2,0,1782509443.8983474,112
25.017332,25.01541,0.062599726,0.30385298,0.706604,1,1,0,0.0025024414,0.012145996,25.017334,28,200,0,0,255,2,0,1782509443.8983474,112
25.020506,25.018482,-0.094674885,0.3038915,0.72998047,1,1,0,-0.0037841797,0.012145996,25.020508,28,200,0,0,255,2,0,1782509443.8983474,112
25.020266,25.014494,0.26261297,0.46879706,0.77371216,1,1,0,0.010498047,0.018737793,25.020264,29,200,1,0,255,2,0,1782509443.8983474,112
24.997068,24.991795,0.21050715,0.4683625,0.825531,1,1,0,0.008422852,0.018737793,24.99707,29,200,1,0,255,2,0,1782509443.8983474,112
24.999512,24.994629,0.15713383,0.46840826,0.7886658,1,1,0,0.006286621,0.018737793,24.999512,29,200,1,0,255,2,0,1782509443.8983474,112
25.00879,25.004177,0.105303854,0.46858206,0.78530884,1,1,0,0.004211426,0.018737793,25.00879,29,200,1,0,255,2,0,1782509443.8983474,112
25.018066,25.013676,-0.0,0.4687559,0.77371216,1,1,0,-0.0,0.018737793,25.018066,29,200,1,0,255,2,0,1782509443.8983474,112
25.008057,25.003613,-0.051887456,0.46856835,0.7234497,1,1,0,-0.0020751953,0.018737793,25.008057,29,200,1,0,255,2,0,1782509443.8983474,112
25.016603,25.012432,0.27480584,0.3649143,0.7871399,1,1,0,0.010986328,0.014587402,25.016602,60,200,0,0,255,2,0,1782509443.8983474,112
25.016602,25.012892,0.22137232,0.36949447,0.82611084,1,1,0,0.008850098,0.014770508,25.016602,60,200,0,0,255,2,0,1782509443.8983474,112
25.031006,25.027908,0.11762471,0.37581763,0.8825073,1,1,0,0.004699707,0.015014648,25.031006,60,200,0,0,255,2,0,1782509443.8983474,112
25.015623,25.012653,0.06411949,0.38016668,0.6581116,1,1,0,0.0025634766,0.015197754,25.015625,60,200,0,0,255,2,0,1782509443.8983474,112
25.016602,25.01364,0.012213692,0.38476166,0.701416,1,1,0,0.00048828125,0.015380859,25.016602,60,200,0,0,255,2,0,1782509443.8983474,112
25.016602,25.013561,-0.04122112,0.3878151,0.73690796,1,1,0,-0.0016479492,0.01550293,25.016602,60,200,0,0,255,2,0,1782509443.8983474,112
25.021729,25.018501,-0.093147926,0.3909486,0.8356323,1,1,0,-0.0037231445,0.015625,25.021729,60,200,0,0,255,2,0,1782509443.8983474,112
25.012451,25.00433,0.26403257,0.5800708,0.66290283,1,1,0,0.010559082,0.02319336,25.012451,61,200,1,0,255,2,0,1782509443.8983474,112
25.005371,24.997639,0.21208224,0.5844839,0.75250244,1,1,0,0.008483887,0.023376465,25.005371,61,200,1,0,255,2,0,1782509443.8983474,112
25.003174,24.995758,0.1601923,0.5874839,0.679718,1,1,0,0.0064086914,0.023498535,25.003174,61,200,1,0,255,2,0,1782509443.8983474,112
24.994875,24.987638,0.106759354,0.5918643,0.78149414,1,1,0,0.004272461,0.02368164,24.994873,61,200,1,0,255,2,0,1782509443.8983474,112
24.994873,24.987732,0.054904766,0.59491456,0.6965027,1,1,0,0.0021972656,0.023803711,24.994873,61,200,1,0,255,2,0,1782509443.8983474,112
24.992674,24.985485,0.001524993,0.59943724,0.78149414,1,1,0,6.1035156e-05,0.023986816,24.992676,61,200,1,0,255,2,0,1782509443.8983474,112
25.005371,24.998236,-0.05035052,0.5951644,0.71661377,1,1,0,-0.0020141602,0.023803711,25.005371,61,200,1,0,255,2,0,1782509443.8983474,112
25.022217,25.016506,0.0076344325,0.5344916,0.7905884,1,1,0,0.00030517578,0.021362305,25.022217,26,201,0,0,255,2,0,1782509443.9982631,113
25.020752,25.015038,-0.04427715,0.5329335,0.9196167,1,1,0,-0.0017700195,0.02130127,25.020752,26,201,0,0,255,2,0,1782509443.9982631,113
25.008787,24.997656,0.2609103,0.69900715,0.776062,1,1,0,0.010437012,0.027954102,25.00879,27,201,1,0,255,2,0,1782509443.9982631,113
25.01123,25.00146,-0.001525968,0.6990754,0.703949,1,1,0,-6.1035156e-05,0.027954102,25.01123,27,201,1,0,255,2,0,1782509443.9982631,113
25.011473,25.001686,-0.053409446,0.69755626,0.84680176,1,1,0,-0.0021362305,0.027893066,25.011475,27,201,1,0,255,2,0,1782509443.9982631,113
25.020264,25.016956,0.26874718,0.30541554,0.95947266,1,1,0,0.0107421875,0.012207031,25.020264,28,201,0,0,255,2,0,1782509443.9982631,113
25.015623,25.013235,0.16488455,0.3038322,1.0313416,1,1,0,0.006591797,0.012145996,25.015625,28,201,0,0,255,2,0,1782509443.9982631,113
24.99878,24.993916,0.15407822,0.46839452,0.66534424,1,1,0,0.006164551,0.018737793,24.99878,29,201,1,0,255,2,0,1782509443.9982631,113
24.996094,24.991707,-0.0030507455,0.4683442,0.8603821,1,1,0,-0.00012207031,0.018737793,24.996094,29,201,1,0,255,2,0,1782509443.9982631,113
24.992678,24.98823,-0.05490586,0.46828017,0.60943604,1,1,0,-0.0021972656,0.018737793,24.992676,29,201,1,0,255,2,0,1782509443.9982631,113
25.02051,25.016348,0.27179477,0.36649826,0.74990845,1,1,0,0.010864258,0.0146484375,25.020508,60,201,0,0,255,2,0,1782509443.9982631,113
25.019773,25.01607,0.21834649,0.37106827,0.8564148,1,1,0,0.008728027,0.014831543,25.019775,60,201,0,0,255,2,0,1782509443.9982631,113
25.029055,25.025702,0.16649425,0.37426084,0.8105469,1,1,0,0.006652832,0.014953613,25.029053,60,201,0,0,255,2,0,1782509443.9982631,113
25.021482,25.018354,0.11452575,0.3787287,0.9066467,1,1,0,0.0045776367,0.015136719,25.021484,60,201,0,0,255,2,0,1782509443.9982631,113
25.016602,25.013615,0.06106852,0.38170823,0.7221985,1,1,0,0.0024414062,0.015258789,25.016602,60,201,0,0,255,2,0,1782509443.9982631,113
25.019285,25.016302,0.009161244,0.38632983,0.7949219,1,1,0,0.00036621094,0.0154418945,25.019287,60,201,0,0,255,2,0,1782509443.9982631,113
25.015627,25.012558,-0.04427276,0.38932657,1.0200806,1,1,0,-0.0017700195,0.015563965,25.015625,60,201,0,0,255,2,0,1782509443.9982631,113
25.009766,25.00648,-0.096155755,0.39381427,0.7784729,1,1,0,-0.0038452148,0.01574707,25.009766,60,201,0,0,255,2,0,1782509443.9982631,113
25.001951,24.993795,0.26087,0.5828785,0.7145691,1,1,0,0.010437012,0.02331543,25.001953,61,201,1,0,255,2,0,1782509443.9982631,113
25.007566,24.999825,0.20904882,0.58606124,0.7976074,1,1,0,0.008361816,0.0234375,25.007568,61,201,1,0,255,2,0,1782509443.9982631,113
24.996092,24.988626,0.1570961,0.590368,0.77944946,1,1,0,0.006286621,0.023620605,24.996094,61,201,1,0,255,2,0,1782509443.9982631,113
25.003176,24.995913,0.10374338,0.59358644,0.7237854,1,1,0,0.0041503906,0.023742676,25.003174,61,201,1,0,255,2,0,1782509443.9982631,113
25.006592,24.99938,0.051878672,0.59824514,0.7463379,1,1,0,0.0020751953,0.023925781,25.006592,61,201,1,0,255,2,0,1782509443.9982631,113
25.00415,24.996922,-0.0,0.60123813,0.7586365,1,1,0,-0.0,0.024047852,25.00415,61,201,1,0,255,2,0,1782509443.9982631,113
25.010986,25.003843,-0.053414054,0.59529805,0.99035645,1,1,0,-0.0021362305,0.023803711,25.010986,61,201,1,0,255,2,0,1782509443.9982631,113
25.022705,25.015503,0.2733126,0.534502,0.7706909,1,1,0,0.010925293,0.021362305,25.022705,26,202,0,0,255,2,0,1782509444.0984163,114
25.021729,25.015455,0.16795297,0.53448117,1.1620789,1,1,0,0.006713867,0.021362305,25.021729,26,202,0,0,255,2,0,1782509444.0984163,114
25.021482,25.015772,0.010687892,0.5344759,0.88153076,1,1,0,0.0004272461,0.021362305,25.021484,26,202,0,0,255,2,0,1782509444.0984163,114
25.014648,25.003498,0.26249754,0.69917095,0.67007446,1,1,0,0.010498047,0.027954102,25.014648,27,202,1,0,255,2,0,1782509444.0984163,114
25.006592,24.996328,0.15714452,0.69894576,0.7473755,1,1,0,0.006286621,0.027954102,25.006592,27,202,1,0,255,2,0,1782509444.0984163,114
24.992674,24.982689,0.10521336,0.6985568,0.7876587,1,1,0,0.004211426,0.027954102,24.992676,27,202,1,0,255,2,0,1782509444.0984163,114
24.996094,24.986328,-0.0,0.6986523,0.8357849,1,1,0,-0.0,0.027954102,24.996094,27,202,1,0,255,2,0,1782509444.0984163,114
25.00659,24.996809,-0.051873337,0.69742006,0.7442932,1,1,0,-0.0020751953,0.027893066,25.006592,27,202,1,0,255,2,0,1782509444.0984163,114
25.03125,25.028437,0.21998218,0.30402198,0.7879944,1,1,0,0.0087890625,0.012145996,25.03125,28,202,0,0,255,2,0,1782509444.0984163,114
24.99829,24.992525,0.26238233,0.46838537,0.81121826,1,1,0,0.010498047,0.018737793,24.998291,29,202,1,0,255,2,0,1782509444.0984163,114
24.994873,24.989992,0.15710469,0.46832132,0.6811218,1,1,0,0.006286621,0.018737793,24.994873,29,202,1,0,255,2,0,1782509444.0984163,114
25.00879,25.004345,-0.051888976,0.46858206,0.776062,1,1,0,-0.0020751953,0.018737793,25.00879,29,202,1,0,255,2,0,1782509444.0984163,114
25.021729,25.01763,0.27028152,0.36346203,0.95773315,1,1,0,0.010803223,0.014526367,25.021729,60,202,0,0,255,2,0,1782509444.0984163,114
25.010742,25.007084,0.21826805,0.36788154,0.9724426,1,1,0,0.008728027,0.014709473,25.010742,60,202,0,0,255,2,0,1782509444.0984163,114
25.020996,25.0177,0.16491398,0.37108636,0.7784729,1,1,0,0.006591797,0.014831543,25.020996,60,202,0,0,255,2,0,1782509444.0984163,114
25.021727,25.018652,0.11300005,0.37567833,1.1265869,1,1,0,0.0045166016,0.015014648,25.021729,60,202,0,0,255,2,0,1782509444.0984163,114
25.016602,25.01366,0.06106863,0.3786548,0.7074585,1,1,0,0.0024414062,0.015136719,25.016602,60,202,0,0,255,2,0,1782509444.0984163,114
25.019775,25.016838,0.0076345336,0.3832836,0.75424194,1,1,0,0.00030517578,0.015319824,25.019775,60,202,0,0,255,2,0,1782509444.0984163,114
25.020266,25.017242,-0.04428105,0.3863449,0.8477478,1,1,0,-0.0017700195,0.0154418945,25.020264,60,202,0,0,255,2,0,1782509444.0984163,114
25.01123,25.003141,0.26096755,0.5800425,0.6557007,1,1,0,0.010437012,0.02319336,25.01123,61,202,1,0,255,2,0,1782509444.0984163,114
25.005371,24.997982,0.1556291,0.5875355,0.7586365,1,1,0,0.006225586,0.023498535,25.005371,61,202,1,0,255,2,0,1782509444.0984163,114
25.007566,25.00041,-0.0015259039,0.5982685,0.7668457,1,1,0,-6.1035156e-05,0.023925781,25.007568,61,202,1,0,255,2,0,1782509444.0984163,114
25.012695,25.00555,-0.05494392,0.59533876,0.9319153,1,1,0,-0.0021972656,0.023803711,25.012695,61,202,1,0,255,2,0,1782509444.0984163,114
25.02051,25.013308,0.27328858,0.53445506,1.0867615,1,1,0,0.010925293,0.021362305,25.020508,26,203,0,0,255,2,0,1782509444.1983502,115
25.021484,25.014795,0.22138917,0.5344759,0.80618286,1,1,0,0.008850098,0.021362305,25.021484,26,203,0,0,255,2,0,1782509444.1983502,115
25.020754,25.014774,0.11603616,0.5344603,0.75942993,1,1,0,0.004638672,0.021362305,25.020752,26,203,0,0,255,2,0,1782509444.1983502,115
25.021484,25.015694,0.06412728,0.5344759,0.8460083,1,1,0,0.0025634766,0.021362305,25.021484,26,203,0,0,255,2,0,1782509444.1983502,115
25.021729,25.01584,-0.09466489,0.53448117,0.8624878,1,1,0,-0.0037841797,0.021362305,25.021729,26,203,0,0,255,2,0,1782509444.1983502,115
25.005371,24.99421,0.2639257,0.6989116,0.6889343,1,1,0,0.010559082,0.027954102,25.005371,27,203,1,0,255,2,0,1782509444.1983502,115
25.010254,24.999979,0.1586934,0.6990481,0.64852905,1,1,0,0.0063476562,0.027954102,25.010254,27,203,1,0,255,2,0,1782509444.1983502,115
25.00293,24.993103,0.05339111,0.69884336,0.9566345,1,1,0,0.0021362305,0.027954102,25.00293,27,203,1,0,255,2,0,1782509444.1983502,115
25.019775,25.016453,0.2717959,0.30388263,0.723938,1,1,0,0.010864258,0.012145996,25.019775,28,203,0,0,255,2,0,1782509444.1983502,115
25.009766,25.006954,0.21979335,0.30376104,1.0607605,1,1,0,0.0087890625,0.012145996,25.009766,28,203,0,0,255,2,0,1782509444.1983502,115
25.01953,25.01712,0.16796416,0.30387965,0.7741394,1,1,0,0.006713867,0.012145996,25.019531,28,203,0,0,255,2,0,1782509444.1983502,115
25.026123,25.02424,-0.04276608,0.3039597,0.7793274,1,1,0,-0.0017089844,0.012145996,25.026123,28,203,0,0,255,2,0,1782509444.1983502,115
25.021729,25.019703,-0.094679505,0.30390635,1.0183411,1,1,0,-0.0037841797,0.012145996,25.021729,28,203,0,0,255,2,0,1782509444.1983502,115
24.992678,24.988235,0.051855545,0.46828017,0.825531,1,1,0,0.0020751953,0.018737793,24.992676,29,203,1,0,255,2,0,1782509444.1983502,115
25.00415,24.99979,-0.0,0.4669693,0.8119507,1,1,0,-0.0,0.018676758,25.00415,29,203,1,0,255,2,0,1782509444.1983502,115
25.000488,24.996042,-0.053397387,0.46842656,1.0488281,1,1,0,-0.0021362305,0.018737793,25.000488,29,203,1,0,255,2,0,1782509444.1983502,115
25.016602,25.012476,0.27480632,0.3618608,0.73516846,1,1,0,0.010986328,0.014465332,25.016602,60,203,0,0,255,2,0,1782509444.1983502,115
25.0271,25.024048,0.117606565,0.37270427,0.71432495,1,1,0,0.004699707,0.014892578,25.0271,60,203,0,0,255,2,0,1782509444.1983502,115
25.031248,25.028322,0.064159654,0.3773489,0.69003296,1,1,0,0.0025634766,0.015075684,25.03125,60,203,0,0,255,2,0,1782509444.1983502,115
25.031736,25.02882,0.012221104,0.38193917,0.68310547,1,1,0,0.00048828125,0.015258789,25.031738,60,203,0,0,255,2,0,1782509444.1983502,115
25.024172,25.021177,-0.04123367,0.38487807,0.658844,1,1,0,-0.0016479492,0.015380859,25.02417,60,203,0,0,255,2,0,1782509444.1983502,115
25.031494,25.028313,-0.093184456,0.38804594,0.85562134,1,1,0,-0.0037231445,0.01550293,25.031494,60,203,0,0,255,2,0,1782509444.1983502,115
25.005373,24.997324,0.26395857,0.57685494,0.8078613,1,1,0,0.010559082,0.023071289,25.005371,61,203,1,0,255,2,0,1782509444.1983502,115
25.011477,25.003813,0.21213461,0.58157426,0.8652649,1,1,0,0.008483887,0.023254395,25.011475,61,203,1,0,255,2,0,1782509444.1983502,115
25.003172,24.995829,0.16019274,0.5844326,0.7555847,1,1,0,0.0064086914,0.023376465,25.003174,61,203,1,0,255,2,0,1782509444.1983502,115
25.00415,24.99708,0.054925308,0.592084,0.7022705,1,1,0,0.0021972656,0.02368164,25.00415,61,203,1,0,255,2,0,1782509444.1983502,115
24.996094,24.988976,0.001525206,0.5964688,0.74975586,1,1,0,6.1035156e-05,0.023864746,24.996094,61,203,1,0,255,2,0,1782509444.1983502,115
24.999512,24.992378,-0.050338723,0.59502494,0.76101685,1,1,0,-0.0020141602,0.023803711,24.999512,61,203,1,0,255,2,0,1782509444.1983502,115
25.015627,25.00841,0.27476165,0.53435075,0.73516846,1,1,0,0.010986328,0.021362305,25.015625,26,204,0,0,255,2,0,1782509444.2982485,116
25.016602,25.010319,0.16944507,0.5343716,0.9179077,1,1,0,0.0067749023,0.021362305,25.016602,26,204,0,0,255,2,0,1782509444.2982485,116
25.019531,25.013546,0.117557205,0.5344342,0.9906311,1,1,0,0.004699707,0.021362305,25.019531,26,204,0,0,255,2,0,1782509444.2982485,116
25.02124,25.01545,0.064126655,0.53447074,0.8564148,1,1,0,0.0025634766,0.021362305,25.02124,26,204,0,0,255,2,0,1782509444.2982485,116
25.019777,25.014036,-0.039695155,0.53443944,0.8390808,1,1,0,-0.0015869141,0.021362305,25.019775,26,204,0,0,255,2,0,1782509444.2982485,116
25.019287,25.013405,-0.09312895,0.534429,0.81311035,1,1,0,-0.0037231445,0.021362305,25.019287,26,204,0,0,255,2,0,1782509444.2982485,116
25.009768,24.998602,0.26397207,0.69903445,0.85092163,1,1,0,0.010559082,0.027954102,25.009766,27,204,1,0,255,2,0,1782509444.2982485,116
25.010254,24.999582,0.21209872,0.6990481,0.67007446,1,1,0,0.008483887,0.027954102,25.010254,27,204,1,0,255,2,0,1782509444.2982485,116
25.005371,24.995373,0.106792405,0.6989116,0.81811523,1,1,0,0.004272461,0.027954102,25.005371,27,204,1,0,255,2,0,1782509444.2982485,116
25.004148,24.99438,0.003051072,0.6988775,0.7032776,1,1,0,0.00012207031,0.027954102,25.00415,27,204,1,0,255,2,0,1782509444.2982485,116
25.008055,24.998234,-0.050350517,0.6989867,0.6413574,1,1,0,-0.0020141602,0.027954102,25.008057,27,204,1,0,255,2,0,1782509444.2982485,116
25.020264,25.017866,0.16338804,0.30541554,0.94299316,1,1,0,0.0065307617,0.012207031,25.020264,28,204,0,0,255,2,0,1782509444.2982485,116
25.020994,25.0189,0.11147411,0.30389744,0.8546753,1,1,0,0.0044555664,0.012145996,25.020996,28,204,0,0,255,2,0,1782509444.2982485,116
25.019775,25.017862,0.058024928,0.30388263,0.80618286,1,1,0,0.002319336,0.012145996,25.019775,28,204,0,0,255,2,0,1782509444.2982485,116
25.014648,25.008926,0.25797477,0.46869186,0.726532,1,1,0,0.010314941,0.018737793,25.014648,29,204,1,0,255,2,0,1782509444.2982485,116
25.015867,25.010628,0.2060859,0.46871474,0.82092285,1,1,0,0.008239746,0.018737793,25.01587,29,204,1,0,255,2,0,1782509444.2982485,116
25.013674,25.009079,0.10074513,0.46867356,0.64852905,1,1,0,0.0040283203,0.018737793,25.013672,29,204,1,0,255,2,0,1782509444.2982485,116
25.008055,25.003618,0.04883525,0.46856835,0.6557007,1,1,0,0.001953125,0.018737793,25.008057,29,204,1,0,255,2,0,1782509444.2982485,116
25.01587,25.011478,-0.003053159,0.46871474,0.8250427,1,1,0,-0.00012207031,0.018737793,25.01587,29,204,1,0,255,2,0,1782509444.2982485,116
25.010984,25.00653,-0.05647237,0.46862325,0.9718933,1,1,0,-0.0022583008,0.018737793,25.010986,29,204,1,0,255,2,0,1782509444.2982485,116
25.02124,25.017567,0.21988663,0.36803597,0.8520813,1,1,0,0.0087890625,0.014709473,25.02124,60,204,0,0,255,2,0,1782509444.2982485,116
25.019775,25.01647,0.16643283,0.37106827,0.7741394,1,1,0,0.006652832,0.014831543,25.019775,60,204,0,0,255,2,0,1782509444.2982485,116
25.012695,25.009613,0.11448573,0.3755427,0.7836609,1,1,0,0.0045776367,0.015014648,25.012695,60,204,0,0,255,2,0,1782509444.2982485,116
25.019531,25.016594,0.009161351,0.38327983,0.717865,1,1,0,0.00036621094,0.015319824,25.019531,60,204,0,0,255,2,0,1782509444.2982485,116
25.016602,25.013582,-0.042747863,0.38628837,0.8338928,1,1,0,-0.0017089844,0.0154418945,25.016602,60,204,0,0,255,2,0,1782509444.2982485,116
25.010986,25.002882,0.26249108,0.5800368,0.8529663,1,1,0,0.010498047,0.02319336,25.010986,61,204,1,0,255,2,0,1782509444.2982485,116
25.001951,24.994282,0.20900247,0.5828785,0.6694641,1,1,0,0.008361816,0.02331543,25.001953,61,204,1,0,255,2,0,1782509444.2982485,116
25.00415,24.996754,0.15714718,0.58750683,0.6930237,1,1,0,0.006286621,0.023498535,25.00415,61,204,1,0,255,2,0,1782509444.2982485,116
25.012451,25.005312,0.05189098,0.5953329,0.6916199,1,1,0,0.0020751953,0.023803711,25.012451,61,204,1,0,255,2,0,1782509444.2982485,116
25.016846,25.009686,-0.0,0.5984905,0.7675781,1,1,0,-0.0,0.023925781,25.016846,61,204,1,0,255,2,0,1782509444.2982485,116
25.00586,24.998755,-0.053403184,0.5936502,0.6105652,1,1,0,-0.0021362305,0.023742676,25.00586,61,204,1,0,255,2,0,1782509444.2982485,116
25.011477,25.00121,0.1571752,0.6990822,0.8427124,1,1,0,0.006286621,0.027954102,25.011475,27,205,1,0,255,2,0,1782509444.39823,117
25.01245,25.00272,-0.0015260449,0.6975835,0.71728516,1,1,0,-6.1035156e-05,0.027893066,25.012451,27,205,1,0,255,2,0,1782509444.39823,117
25.01831,25.015003,0.2687262,0.3053917,0.7576904,1,1,0,0.0107421875,0.012207031,25.01831,28,205,0,0,255,2,0,1782509444.39823,117
25.027098,25.025003,0.11150131,0.30397156,0.7568054,1,1,0,0.0044555664,0.012145996,25.0271,28,205,0,0,255,2,0,1782509444.39823,117
25.017332,25.015415,0.059546087,0.30385298,1.0477905,1,1,0,0.002380371,0.012145996,25.017334,28,205,0,0,255,2,0,1782509444.39823,117
25.009766,25.004028,0.25945053,0.46860036,0.86117554,1,1,0,0.010375977,0.018737793,25.009766,29,205,1,0,255,2,0,1782509444.39823,117
25.006838,25.001972,0.15412788,0.46854547,0.64852905,1,1,0,0.006164551,0.018737793,25.006836,29,205,1,0,255,2,0,1782509444.39823,117
24.996096,24.991499,0.102199696,0.4683442,0.7753601,1,1,0,0.0040893555,0.018737793,24.996094,29,205,1,0,255,2,0,1782509444.39823,117
25.010986,25.006548,0.048840974,0.46862325,0.8755188,1,1,0,0.001953125,0.018737793,25.010986,29,205,1,0,255,2,0,1782509444.39823,117
25.000977,24.996588,-0.0030513413,0.4684357,0.8078613,1,1,0,-0.00012207031,0.018737793,25.000977,29,205,1,0,255,2,0,1782509444.39823,117
24.99634,24.991892,-0.05491391,0.46834877,0.6376648,1,1,0,-0.0021972656,0.018737793,24.996338,29,205,1,0,255,2,0,1782509444.39823,117
25.020996,25.01688,0.27180055,0.3634514,0.9984131,1,1,0,0.010864258,0.014526367,25.020996,60,205,0,0,255,2,0,1782509444.39823,117
25.026123,25.02245,0.21992955,0.3681078,0.81747437,1,1,0,0.0087890625,0.014709473,25.026123,60,205,0,0,255,2,0,1782509444.39823,117
25.019531,25.016449,0.114517026,0.37564534,0.7576904,1,1,0,0.0045776367,0.015014648,25.019531,60,205,0,0,255,2,0,1782509444.39823,117
25.02124,25.018295,0.06260695,0.378725,0.8356323,1,1,0,0.0025024414,0.015136719,25.02124,60,205,0,0,255,2,0,1782509444.39823,117
25.019531,25.016592,0.0106882425,0.38327983,0.7758789,1,1,0,0.0004272461,0.015319824,25.019531,60,205,0,0,255,2,0,1782509444.39823,117
25.013674,25.005987,0.21062669,0.5831517,0.7901306,1,1,0,0.008422852,0.02331543,25.013672,61,205,1,0,255,2,0,1782509444.39823,117
25.012451,25.00505,0.15719935,0.58770186,0.6772766,1,1,0,0.006286621,0.023498535,25.012451,61,205,1,0,255,2,0,1782509444.39823,117
25.018066,25.010921,0.053429175,0.59546655,0.703949,1,1,0,0.0021362305,0.023803711,25.018066,61,205,1,0,255,2,0,1782509444.39823,117
25.014648,25.007488,-0.0,0.5984379,0.7480774,1,1,0,-0.0,0.023925781,25.014648,61,205,1,0,255,2,0,1782509444.39823,117
25.012451,25.005348,-0.05189106,0.5938067,0.71728516,1,1,0,-0.0020751953,0.023742676,25.012451,61,205,1,0,255,2,0,1782509444.39823,117
25.015627,25.00898,0.21675804,0.53435075,0.82785034,1,1,0,0.008666992,0.021362305,25.015625,26,206,0,0,255,2,0,1782509444.498292,118
25.022705,25.016994,0.0076345815,0.534502,1.096283,1,1,0,0.00030517578,0.021362305,25.022705,26,206,0,0,255,2,0,1782509444.498292,118
25.018064,25.006945,0.25948077,0.6992665,0.7809143,1,1,0,0.010375977,0.027954102,25.018066,27,206,1,0,255,2,0,1782509444.498292,118
25.020264,25.010014,0.15417744,0.6993279,0.7562866,1,1,0,0.006164551,0.027954102,25.020264,27,206,1,0,255,2,0,1782509444.498292,118
25.02295,25.012964,0.10228747,0.6994029,0.6522217,1,1,0,0.0040893555,0.027954102,25.02295,27,206,1,0,255,2,0,1782509444.498292,118
25.008787,24.999018,-0.003051638,0.69900715,0.83862305,1,1,0,-0.00012207031,0.027954102,25.00879,27,206,1,0,255,2,0,1782509444.498292,118
25.011477,25.001644,-0.054935336,0.6990822,0.8324585,1,1,0,-0.0021972656,0.027954102,25.011475,27,206,1,0,255,2,0,1782509444.498292,118
25.032227,25.029394,0.21999058,0.30556157,0.7455139,1,1,0,0.0087890625,0.012207031,25.032227,28,206,0,0,255,2,0,1782509444.498292,118
25.028076,25.025658,0.16649395,0.3055109,0.82180786,1,1,0,0.006652832,0.012207031,25.028076,28,206,0,0,255,2,0,1782509444.498292,118
25.020264,25.018137,0.11452475,0.30541554,0.87719727,1,1,0,0.0045776367,0.012207031,25.020264,28,206,0,0,255,2,0,1782509444.498292,118
25.01587,25.010984,0.15723665,0.46871474,0.7562866,1,1,0,0.006286621,0.018737793,25.01587,29,206,1,0,255,2,0,1782509444.498292,118
24.995363,24.990974,-0.0,0.46833047,0.6715088,1,1,0,-0.0,0.018737793,24.995361,29,206,1,0,255,2,0,1782509444.498292,118
25.021729,25.017595,0.27333546,0.36346203,0.723938,1,1,0,0.010925293,0.014526367,25.021729,60,206,0,0,255,2,0,1782509444.498292,118
25.019775,25.016088,0.22140062,0.36801443,0.7966614,1,1,0,0.008850098,0.014709473,25.019775,60,206,0,0,255,2,0,1782509444.498292,118
25.01953,25.016214,0.16795807,0.37106463,0.81484985,1,1,0,0.006713867,0.014831543,25.019531,60,206,0,0,255,2,0,1782509444.498292,118
25.020264,25.017174,0.116047285,0.37565634,0.81484985,1,1,0,0.004638672,0.015014648,25.020264,60,206,0,0,255,2,0,1782509444.498292,118
25.01831,25.015293,-0.041223973,0.38631475,0.75942993,1,1,0,-0.0016479492,0.0154418945,25.01831,60,206,0,0,255,2,0,1782509444.498292,118
25.00879,25.005556,-0.09462597,0.3907464,0.81311035,1,1,0,-0.0037841797,0.015625,25.00879,60,206,0,0,255,2,0,1782509444.498292,118
25.014648,25.006527,0.2640558,0.58012176,0.7655029,1,1,0,0.010559082,0.02319336,25.014648,61,206,1,0,255,2,0,1782509444.498292,118
25.010254,25.00257,0.2105979,0.583072,0.7655029,1,1,0,0.008422852,0.02331543,25.010254,61,206,1,0,255,2,0,1782509444.498292,118
25.012451,25.005041,0.15872553,0.58770186,0.66186523,1,1,0,0.0063476562,0.023498535,25.012451,61,206,1,0,255,2,0,1782509444.498292,118
25.00879,25.00159,0.10529296,0.59066784,0.803772,1,1,0,0.004211426,0.023620605,25.00879,61,206,1,0,255,2,0,1782509444.498292,118
25.008059,25.000916,0.0534078,0.5952283,0.6413574,1,1,0,0.0021362305,0.023803711,25.008057,61,206,1,0,255,2,0,1782509444.498292,118
25.01123,25.004091,-0.051888447,0.5953039,0.7480774,1,1,0,-0.0020751953,0.023803711,25.01123,61,206,1,0,255,2,0,1782509444.498292,118
25.019775,25.012623,0.26870063,0.53443944,0.76116943,1,1,0,0.0107421875,0.021362305,25.019775,26,207,0,0,255,2,0,1782509444.598214,119
25.010254,25.004547,0.0061046258,0.534236,1.1923828,1,1,0,0.00024414062,0.021362305,25.010254,26,207,0,0,255,2,0,1782509444.598214,119
25.020996,25.015245,-0.045804333,0.5344655,0.6910095,1,1,0,-0.0018310547,0.021362305,25.020996,26,207,0,0,255,2,0,1782509444.598214,119
25.02295,25.011784,0.259531,0.70092964,0.7005005,1,1,0,0.010375977,0.028015137,25.02295,27,207,1,0,255,2,0,1782509444.598214,119
25.013672,25.003424,0.15413682,0.69914365,0.68032837,1,1,0,0.006164551,0.027954102,25.013672,27,207,1,0,255,2,0,1782509444.598214,119
25.019531,25.009708,0.048847146,0.6993074,0.67684937,1,1,0,0.001953125,0.027954102,25.019531,27,207,1,0,255,2,0,1782509444.598214,119
25.018064,25.008291,-0.00305277,0.6992665,0.7922058,1,1,0,-0.00012207031,0.027954102,25.018066,27,207,1,0,255,2,0,1782509444.598214,119
24.996338,24.991894,0.053388525,0.46834877,0.63253784,1,1,0,0.0021362305,0.018737793,24.996338,29,207,1,0,255,2,0,1782509444.598214,119
25.026123,25.021967,0.2733832,0.36505318,0.7663269,1,1,0,0.010925293,0.014587402,25.026123,60,207,0,0,255,2,0,1782509444.598214,119
25.020262,25.016567,0.21987785,0.36954856,0.94473267,1,1,0,0.0087890625,0.014770508,25.020264,60,207,0,0,255,2,0,1782509444.598214,119
25.020994,25.017889,0.11452362,0.37719434,0.7932129,1,1,0,0.0045776367,0.015075684,25.020996,60,207,0,0,255,2,0,1782509444.598214,119
25.019775,25.016813,0.0106883375,0.38481048,0.81311035,1,1,0,0.0004272461,0.015380859,25.019775,60,207,0,0,255,2,0,1782509444.598214,119
25.016602,25.013344,-0.09465544,0.39239523,0.69189453,1,1,0,-0.0037841797,0.015686035,25.016602,60,207,0,0,255,2,0,1782509444.598214,119
25.018068,25.009926,0.26256502,0.58172756,0.8414612,1,1,0,0.010498047,0.023254395,25.018066,61,207,1,0,255,2,0,1782509444.598214,119
25.02246,25.014738,0.21070041,0.5848834,0.83325195,1,1,0,0.008422852,0.023376465,25.02246,61,207,1,0,255,2,0,1782509444.598214,119
25.016846,25.009409,0.15722674,0.5893316,0.7706299,1,1,0,0.006286621,0.02355957,25.016846,61,207,1,0,255,2,0,1782509444.598214,119
25.00757,25.000336,0.10528768,0.59216493,0.7976074,1,1,0,0.004211426,0.02368164,25.007568,61,207,1,0,255,2,0,1782509444.598214,119
25.01123,25.004051,0.053414498,0.59683,0.66290283,1,1,0,0.0021362305,0.023864746,25.01123,61,207,1,0,255,2,0,1782509444.598214,119
24.997068,24.989878,-0.0,0.5995426,0.7753601,1,1,0,-0.0,0.023986816,24.99707,61,207,1,0,255,2,0,1782509444.598214,119
25.008787,25.001686,-0.05188346,0.5937198,0.8119507,1,1,0,-0.0020751953,0.023742676,25.00879,61,207,1,0,255,2,0,1782509444.598214,119
25.028076,25.02084,0.2733709,0.53614396,0.69351196,1,1,0,0.010925293,0.02142334,25.028076,26,208,0,0,255,2,0,1782509444.6980588,120
25.019775,25.014032,-0.041221894,0.53443944,1.0832825,1,1,0,-0.0016479492,0.021362305,25.019775,26,208,0,0,255,2,0,1782509444.6980588,120
25.013672,25.003012,0.21060163,0.69914365,0.6680298,1,1,0,0.008422852,0.027954102,25.013672,27,208,1,0,255,2,0,1782509444.6980588,120
25.003172,24.9929,0.15864848,0.6988502,0.809906,1,1,0,0.0063476562,0.027954102,25.003174,27,208,1,0,255,2,0,1782509444.6980588,120
25.018064,25.008291,0.001526385,0.6992665,0.83117676,1,1,0,6.1035156e-05,0.027954102,25.018066,27,208,1,0,255,2,0,1782509444.6980588,120
25.019287,25.009459,-0.051899586,0.6993006,0.8024597,1,1,0,-0.0020751953,0.027954102,25.019287,27,208,1,0,255,2,0,1782509444.6980588,120
25.02075,25.017935,0.21836276,0.3054215,0.7724304,1,1,0,0.008728027,0.012207031,25.020752,28,208,0,0,255,2,0,1782509444.6980588,120
25.01831,25.015903,0.16490214,0.3053917,0.8520813,1,1,0,0.006591797,0.012207031,25.01831,28,208,0,0,255,2,0,1782509444.6980588,120
24.994873,24.989626,0.20743819,0.46832132,0.7026367,1,1,0,0.008300781,0.018737793,24.994873,29,208,1,0,255,2,0,1782509444.6980588,120
24.999514,24.99491,0.103739224,0.46840826,0.88290405,1,1,0,0.0041503906,0.018737793,24.999512,29,208,1,0,255,2,0,1782509444.6980588,120
25.019531,25.015383,0.27483827,0.3634301,0.80792236,1,1,0,0.010986328,0.014526367,25.019531,60,208,0,0,255,2,0,1782509444.6980588,120
25.026123,25.022457,0.22145697,0.3665805,0.7749939,1,1,0,0.008850098,0.0146484375,25.026123,60,208,0,0,255,2,0,1782509444.6980588,120
25.019531,25.016228,0.16948509,0.36953774,0.95947266,1,1,0,0.0067749023,0.014770508,25.019531,60,208,0,0,255,2,0,1782509444.6980588,120
25.02124,25.018166,0.117578916,0.37414402,1.0365295,1,1,0,0.004699707,0.014953613,25.02124,60,208,0,0,255,2,0,1782509444.6980588,120
25.028076,25.025127,0.064151466,0.37882847,0.84869385,1,1,0,0.0025634766,0.015136719,25.028076,60,208,0,0,255,2,0,1782509444.6980588,120
25.010742,25.007828,0.012210854,0.38161883,0.7724304,1,1,0,0.00048828125,0.015258789,25.010742,60,208,0,0,255,2,0,1782509444.6980588,120
25.01953,25.016327,-0.093139835,0.38938737,0.73172,1,1,0,-0.0037231445,0.015563965,25.019531,60,208,0,0,255,2,0,1782509444.6980588,120
25.01587,25.008205,0.21217188,0.5816765,0.78704834,1,1,0,0.008483887,0.023254395,25.01587,61,208,1,0,255,2,0,1782509444.6980588,120
24.997068,24.98969,0.1601534,0.5858152,0.8501282,1,1,0,0.0064086914,0.0234375,24.99707,61,208,1,0,255,2,0,1782509444.6980588,120
25.008055,25.000887,0.106815964,0.58912456,0.6669922,1,1,0,0.004272461,0.02355957,25.008057,61,208,1,0,255,2,0,1782509444.6980588,120
25.00415,24.997044,0.05492523,0.59360963,0.6838074,1,1,0,0.0021972656,0.023742676,25.00415,61,208,1,0,255,2,0,1782509444.6980588,120
25.007566,25.000446,0.0015259061,0.59674263,0.74942017,1,1,0,6.1035156e-05,0.023864746,25.007568,61,208,1,0,255,2,0,1782509444.6980588,120
24.999754,24.992584,-0.050339136,0.5965562,0.7032776,1,1,0,-0.0020141602,0.023864746,24.999756,61,208,1,0,255,2,0,1782509444.6980588,120
25.019775,25.012558,0.2748072,0.53443944,0.80618286,1,1,0,0.010986328,0.021362305,25.019775,26,209,0,0,255,2,0,1782509444.7982934,121
25.017332,25.010645,0.22135244,0.5343873,1.0018921,1,1,0,0.008850098,0.021362305,25.017334,26,209,0,0,255,2,0,1782509444.7982934,121
25.019531,25.013248,0.16946492,0.5344342,0.7031555,1,1,0,0.0067749023,0.021362305,25.019531,26,209,0,0,255,2,0,1782509444.7982934,121
25.02124,25.015263,0.11603843,0.53447074,0.75942993,1,1,0,0.004638672,0.021362305,25.02124,26,209,0,0,255,2,0,1782509444.7982934,121
25.021729,25.015938,0.06412791,0.53448117,0.7672119,1,1,0,0.0025634766,0.021362305,25.021729,26,209,0,0,255,2,0,1782509444.7982934,121
25.022705,25.016993,0.012215329,0.534502,0.82785034,1,1,0,0.00048828125,0.021362305,25.022705,26,209,0,0,255,2,0,1782509444.7982934,121
25.015625,25.009745,-0.09311532,0.53435075,0.7819519,1,1,0,-0.0037231445,0.021362305,25.015625,26,209,0,0,255,2,0,1782509444.7982934,121
25.00879,24.997625,0.26396176,0.69900715,0.77301025,1,1,0,0.010559082,0.027954102,25.00879,27,209,1,0,255,2,0,1782509444.7982934,121
25.014648,25.003975,0.21213599,0.69917095,0.6392822,1,1,0,0.008483887,0.027954102,25.014648,27,209,1,0,255,2,0,1782509444.7982934,121
25.007568,24.997293,0.15867636,0.69897306,0.7709656,1,1,0,0.0063476562,0.027954102,25.007568,27,209,1,0,255,2,0,1782509444.7982934,121
25.004148,24.994152,0.10678719,0.6988775,0.69610596,1,1,0,0.004272461,0.027954102,25.00415,27,209,1,0,255,2,0,1782509444.7982934,121
25.00879,24.998959,0.054929435,0.69900715,0.8201599,1,1,0,0.0021972656,0.027954102,25.00879,27,209,1,0,255,2,0,1782509444.7982934,121
24.99951,24.989744,0.0015252529,0.6987479,0.96585083,1,1,0,6.1035156e-05,0.027954102,24.999512,27,209,1,0,255,2,0,1782509444.7982934,121
25.004148,24.99433,-0.050342653,0.6988775,0.809906,1,1,0,-0.0020141602,0.027954102,25.00415,27,209,1,0,255,2,0,1782509444.7982934,121
25.010742,25.007387,0.2732239,0.3052993,0.7672119,1,1,0,0.010925293,0.012207031,25.010742,28,209,0,0,255,2,0,1782509444.7982934,121
25.028076,25.02596,0.11608805,0.30398342,0.71951294,1,1,0,0.004638672,0.012145996,25.028076,28,209,0,0,255,2,0,1782509444.7982934,121
25.01074,25.008814,0.064109646,0.3037729,0.7672119,1,1,0,0.0025634766,0.012145996,25.010742,28,209,0,0,255,2,0,1782509444.7982934,121
25.025145,25.023296,0.010691107,0.30394784,0.6657715,1,1,0,0.0004272461,0.012145996,25.025146,28,209,0,0,255,2,0,1782509444.7982934,121
25.017332,25.015453,-0.041224238,0.30385298,0.76116943,1,1,0,-0.0016479492,0.012145996,25.017334,28,209,0,0,255,2,0,1782509444.7982934,121
25.016602,25.014582,-0.09313333,0.30384406,0.7784729,1,1,0,-0.0037231445,0.012145996,25.016602,28,209,0,0,255,2,0,1782509444.7982934,121
25.003176,24.997393,0.26395932,0.46847686,0.8304138,1,1,0,0.010559082,0.018737793,25.003174,29,209,1,0,255,2,0,1782509444.7982934,121
25.01587,25.01125,0.106860235,0.46871474,0.8968506,1,1,0,0.004272461,0.018737793,25.01587,29,209,1,0,255,2,0,1782509444.7982934,121
25.00415,24.999762,0.0015258644,0.46849516,0.83862305,1,1,0,6.1035156e-05,0.018737793,25.00415,29,209,1,0,255,2,0,1782509444.7982934,121
25.012451,25.008009,-0.050370205,0.4686507,0.6772766,1,1,0,-0.0020141602,0.018737793,25.012451,29,209,1,0,255,2,0,1782509444.7982934,121
25.02051,25.01636,0.274849,0.3634443,0.74990845,1,1,0,0.010986328,0.014526367,25.020508,60,209,0,0,255,2,0,1782509444.7982934,121
25.0166,25.012901,0.22289918,0.36796772,0.88153076,1,1,0,0.008911133,0.014709473,25.016602,60,209,0,0,255,2,0,1782509444.7982934,121
25.021484,25.018158,0.16949818,0.3710936,0.7984009,1,1,0,0.0067749023,0.014831543,25.021484,60,209,0,0,255,2,0,1782509444.7982934,121
25.016602,25.013506,0.11755702,0.37560135,0.8564148,1,1,0,0.004699707,0.015014648,25.016602,60,209,0,0,255,2,0,1782509444.7982934,121
25.010742,25.007795,0.06410704,0.37856612,0.80792236,1,1,0,0.0025634766,0.015136719,25.010742,60,209,0,0,255,2,0,1782509444.7982934,121
25.01831,25.015371,0.012214538,0.38326114,1.0036316,1,1,0,0.00048828125,0.015319824,25.01831,60,209,0,0,255,2,0,1782509444.7982934,121
25.02246,25.019447,-0.039703745,0.38637885,0.8650818,1,1,0,-0.0015869141,0.0154418945,25.02246,60,209,0,0,255,2,0,1782509444.7982934,121
25.00122,24.993088,0.2654395,0.5798103,0.9310303,1,1,0,0.010620117,0.02319336,25.00122,61,209,1,0,255,2,0,1782509444.7982934,121
25.011475,25.003777,0.2121343,0.58310044,0.8447571,1,1,0,0.008483887,0.02331543,25.011475,61,209,1,0,255,2,0,1782509444.7982934,121
25.008055,25.000637,0.16022357,0.5875986,0.6290283,1,1,0,0.0064086914,0.023498535,25.008057,61,209,1,0,255,2,0,1782509444.7982934,121
25.00586,24.998655,0.10680643,0.59059864,0.4350891,1,1,0,0.004272461,0.023620605,25.00586,61,209,1,0,255,2,0,1782509444.7982934,121
25.012451,25.005306,0.054943383,0.5953329,0.63827515,1,1,0,0.0021972656,0.023803711,25.012451,61,209,1,0,255,2,0,1782509444.7982934,121
25.003418,24.996262,0.0030513015,0.5981692,0.60440063,1,1,0,0.00012207031,0.023925781,25.003418,61,209,1,0,255,2,0,1782509444.7982934,121
25.015867,25.00873,-0.050371654,0.5954143,0.65878296,1,1,0,-0.0020141602,0.023803711,25.01587,61,209,1,0,255,2,0,1782509444.7982934,121
25.019777,25.012575,0.2732806,0.53443944,0.7187195,1,1,0,0.010925293,0.021362305,25.019775,26,210,0,0,255,2,0,1782509444.8981307,122
25.016602,25.010893,-0.04121672,0.5328451,1.0166016,1,1,0,-0.0016479492,0.02130127,25.016602,26,210,0,0,255,2,0,1782509444.8981307,122
25.010988,24.999838,0.2624591,0.69906855,0.8652649,1,1,0,0.010498047,0.027954102,25.010986,27,210,1,0,255,2,0,1782509444.8981307,122
25.022459,25.011797,0.21067563,0.6993893,0.84555054,1,1,0,0.008422852,0.027954102,25.02246,27,210,1,0,255,2,0,1782509444.8981307,122
25.016846,25.006567,0.15873522,0.69923234,0.7029114,1,1,0,0.0063476562,0.027954102,25.016846,27,210,1,0,255,2,0,1782509444.8981307,122
24.99951,24.989687,0.053383812,0.6987479,1.0344849,1,1,0,0.0021362305,0.027954102,24.999512,27,210,1,0,255,2,0,1782509444.8981307,122
25.014648,25.004917,0.001526179,0.69764477,0.73062134,1,1,0,6.1035156e-05,0.027893066,25.014648,27,210,1,0,255,2,0,1782509444.8981307,122
25.005371,24.99559,-0.051870808,0.697386,0.64279175,1,1,0,-0.0020751953,0.027893066,25.005371,27,210,1,0,255,2,0,1782509444.8981307,122
25.020264,25.018383,-0.041229066,0.30388856,0.7672119,1,1,0,-0.0016479492,0.012145996,25.020264,28,210,0,0,255,2,0,1782509444.8981307,122
25.02295,25.018053,0.15880813,0.4688474,0.6860962,1,1,0,0.0063476562,0.018737793,25.02295,29,210,1,0,255,2,0,1782509444.8981307,122
25.011232,25.006618,0.105314136,0.4686278,0.6177368,1,1,0,0.004211426,0.018737793,25.01123,29,210,1,0,255,2,0,1782509444.8981307,122
24.991455,24.987011,0.053378094,0.4682573,0.82144165,1,1,0,0.0021362305,0.018737793,24.991455,29,210,1,0,255,2,0,1782509444.8981307,122
25.00879,25.005154,0.2182512,0.3663266,0.80618286,1,1,0,0.008728027,0.0146484375,25.00879,60,210,0,0,255,2,0,1782509444.8981307,122
25.018064,25.01001,0.26103926,0.5786744,0.8373413,1,1,0,0.010437012,0.023132324,25.018066,61,210,1,0,255,2,0,1782509444.8981307,122
25.013672,25.006046,0.2075745,0.5816254,0.7922058,1,1,0,0.008300781,0.023254395,25.013672,61,210,1,0,255,2,0,1782509444.8981307,122
25.023926,25.01657,0.15574482,0.58644456,0.61831665,1,1,0,0.006225586,0.0234375,25.023926,61,210,1,0,255,2,0,1782509444.8981307,122
25.012451,25.005295,0.10378233,0.5892281,0.72958374,1,1,0,0.0041503906,0.02355957,25.012451,61,210,1,0,255,2,0,1782509444.8981307,122
25.009033,25.001932,0.050357964,0.59372556,0.653656,1,1,0,0.0020141602,0.023742676,25.009033,61,210,1,0,255,2,0,1782509444.8981307,122
25.021484,25.014282,0.27329925,0.5344759,0.82263184,1,1,0,0.010925293,0.021362305,25.021484,26,211,0,0,255,2,0,1782509444.9983153,123
25.029053,25.022768,0.16952941,0.5346376,0.72906494,1,1,0,0.0067749023,0.021362305,25.029053,26,211,0,0,255,2,0,1782509444.9983153,123
25.020996,25.015018,0.116037294,0.5344655,1.057312,1,1,0,0.004638672,0.021362305,25.020996,26,211,0,0,255,2,0,1782509444.9983153,123
25.01831,25.012568,-0.04121948,0.53440815,0.7966614,1,1,0,-0.0016479492,0.021362305,25.01831,26,211,0,0,255,2,0,1782509444.9983153,123
25.02124,25.015358,-0.09313622,0.53447074,0.8417053,1,1,0,-0.0037231445,0.021362305,25.02124,26,211,0,0,255,2,0,1782509444.9983153,123
25.014648,25.00348,0.2640236,0.69917095,0.76242065,1,1,0,0.010559082,0.027954102,25.014648,27,211,1,0,255,2,0,1782509444.9983153,123
25.004148,24.99348,0.21204697,0.6988775,0.690979,1,1,0,0.008483887,0.027954102,25.00415,27,211,1,0,255,2,0,1782509444.9983153,123
25.00879,24.998514,0.1586841,0.69900715,0.7586365,1,1,0,0.0063476562,0.027954102,25.00879,27,211,1,0,255,2,0,1782509444.9983153,123
25.01245,25.002449,0.10682264,0.6991095,0.676239,1,1,0,0.004272461,0.027954102,25.012451,27,211,1,0,255,2,0,1782509444.9983153,123
24.997068,24.987253,-0.0503284,0.6986796,0.8153076,1,1,0,-0.0020141602,0.027954102,24.99707,27,211,1,0,255,2,0,1782509444.9983153,123
25.03125,25.02845,0.21845454,0.30402198,0.652771,1,1,0,0.008728027,0.012145996,25.03125,28,211,0,0,255,2,0,1782509444.9983153,123
24.999756,24.995314,0.051870234,0.46841282,0.63049316,1,1,0,0.0020751953,0.018737793,24.999756,29,211,1,0,255,2,0,1782509444.9983153,123
25.016605,25.01245,0.2732792,0.3649143,0.6510315,1,1,0,0.010925293,0.014587402,25.016602,60,211,0,0,255,2,0,1782509444.9983153,123
25.0166,25.012928,0.21984586,0.36796772,0.80966187,1,1,0,0.0087890625,0.014709473,25.016602,60,211,0,0,255,2,0,1782509444.9983153,123
25.008791,25.005453,0.16788581,0.37243158,1.1802673,1,1,0,0.006713867,0.014892578,25.00879,60,211,0,0,255,2,0,1782509444.9983153,123
25.016602,25.013634,0.062595285,0.38018152,0.7888794,1,1,0,0.0025024414,0.015197754,25.016602,60,211,0,0,255,2,0,1782509444.9983153,123
25.017334,25.014292,-0.042749077,0.38782644,0.7074585,1,1,0,-0.0017089844,0.01550293,25.017334,60,211,0,0,255,2,0,1782509444.9983153,123
25.019531,25.016298,-0.09466662,0.39091426,0.7135315,1,1,0,-0.0037841797,0.015625,25.019531,60,211,0,0,255,2,0,1782509444.9983153,123
25.013918,25.005812,0.26252183,0.58010477,1.2845764,1,1,0,0.010498047,0.02319336,25.013916,61,211,1,0,255,2,0,1782509444.9983153,123
25.01587,25.008146,0.21064489,0.5847293,0.70599365,1,1,0,0.008422852,0.023376465,25.01587,61,211,1,0,255,2,0,1782509444.9983153,123
25.009033,25.001625,0.15870385,0.58762157,0.6864929,1,1,0,0.0063476562,0.023498535,25.009033,61,211,1,0,255,2,0,1782509444.9983153,123
24.998291,24.99106,0.105248615,0.59194523,0.8378296,1,1,0,0.004211426,0.02368164,24.998291,61,211,1,0,255,2,0,1782509444.9983153,123
25.009764,25.00257,-0.0,0.59984714,0.9103699,1,1,0,-0.0,0.023986816,25.009766,61,211,1,0,255,2,0,1782509444.9983153,123
25.011477,25.004372,-0.051889032,0.5937835,1.0323792,1,1,0,-0.0020751953,0.023742676,25.011475,61,211,1,0,255,2,0,1782509444.9983153,123
25.01465,25.008003,0.21674958,0.5343299,0.87112427,1,1,0,0.008666992,0.021362305,25.014648,26,212,0,0,255,2,0,1782509445.098201,124
25.018307,25.012352,0.111444935,0.53440815,0.8546753,1,1,0,0.0044555664,0.021362305,25.01831,26,212,0,0,255,2,0,1782509445.098201,124
25.005861,25.000154,0.0061035533,0.5341422,1.2140503,1,1,0,0.00024414062,0.021362305,25.00586,26,212,0,0,255,2,0,1782509445.098201,124
25.021729,25.015978,-0.045805674,0.53448117,1.046051,1,1,0,-0.0018310547,0.021362305,25.021729,26,212,0,0,255,2,0,1782509445.098201,124
25.013672,25.002552,0.2594352,0.69914365,0.726532,1,1,0,0.010375977,0.027954102,25.013672,27,212,1,0,255,2,0,1782509445.098201,124
25.016846,25.006208,0.20757584,0.69923234,0.7685852,1,1,0,0.008300781,0.027954102,25.016846,27,212,1,0,255,2,0,1782509445.098201,124
25.017332,25.007084,0.15415938,0.699246,0.64297485,1,1,0,0.006164551,0.027954102,25.017334,27,212,1,0,255,2,0,1782509445.098201,124
25.013672,25.00385,0.048835706,0.69914365,0.6680298,1,1,0,0.001953125,0.027954102,25.013672,27,212,1,0,255,2,0,1782509445.098201,124
25.009766,24.999935,-0.05493158,0.69903445,0.9103699,1,1,0,-0.0021972656,0.027954102,25.009766,27,212,1,0,255,2,0,1782509445.098201,124
25.020994,25.017706,0.26875523,0.30389744,0.720459,1,1,0,0.0107421875,0.012145996,25.020996,28,212,0,0,255,2,0,1782509445.098201,124
25.019773,25.016989,0.21682747,0.30388263,0.7689514,1,1,0,0.008666992,0.012145996,25.019775,28,212,0,0,255,2,0,1782509445.098201,124
25.02124,25.019394,0.0061082505,0.30390042,0.7724304,1,1,0,0.00024414062,0.012145996,25.02124,28,212,0,0,255,2,0,1782509445.098201,124
25.020994,25.019108,-0.045811404,0.30389744,0.8988342,1,1,0,-0.0018310547,0.012145996,25.020996,28,212,0,0,255,2,0,1782509445.098201,124
25.013672,25.008806,0.15417,0.46867356,0.7685852,1,1,0,0.006164551,0.018737793,25.013672,29,212,1,0,255,2,0,1782509445.098201,124
25.023928,25.019325,0.10231349,0.4688657,0.65426636,1,1,0,0.0040893555,0.018737793,25.023926,29,212,1,0,255,2,0,1782509445.098201,124
25.00415,24.99979,-0.0030517322,0.4669693,0.7022705,1,1,0,-0.00012207031,0.018676758,25.00415,29,212,1,0,255,2,0,1782509445.098201,124
25.020996,25.016874,0.27027336,0.3649784,0.87286377,1,1,0,0.010803223,0.014587402,25.020996,60,212,0,0,255,2,0,1782509445.098201,124
25.02075,25.017092,0.21835542,0.3680288,0.9984131,1,1,0,0.008728027,0.014709473,25.020752,60,212,0,0,255,2,0,1782509445.098201,124
25.020998,25.01767,0.16644081,0.37261337,0.9967041,1,1,0,0.006652832,0.014892578,25.020996,60,212,0,0,255,2,0,1782509445.098201,124
25.032957,25.029882,0.113050774,0.37584695,0.84869385,1,1,0,0.0045166016,0.015014648,25.032959,60,212,0,0,255,2,0,1782509445.098201,124
25.025145,25.02218,0.06108943,0.38031137,0.70477295,1,1,0,0.0024414062,0.015197754,25.025146,60,212,0,0,255,2,0,1782509445.098201,124
25.020506,25.017569,0.009161708,0.3832948,0.81918335,1,1,0,0.00036621094,0.015319824,25.020508,60,212,0,0,255,2,0,1782509445.098201,124
25.021729,25.01849,-0.09620194,0.3909486,1.0148926,1,1,0,-0.0038452148,0.015625,25.021729,60,212,0,0,255,2,0,1782509445.098201,124
25.013672,25.005583,0.26099303,0.5800991,0.7470398,1,1,0,0.010437012,0.02319336,25.013672,61,212,1,0,255,2,0,1782509445.098201,124
25.00879,25.0014,0.15565038,0.58761585,0.9277954,1,1,0,0.006225586,0.023498535,25.00879,61,212,1,0,255,2,0,1782509445.098201,124
25.003176,24.99595,0.103743546,0.59206086,0.82424927,1,1,0,0.0041503906,0.02368164,25.003174,61,212,1,0,255,2,0,1782509445.098201,124
25.000488,24.993353,0.051866166,0.5950482,0.9269409,1,1,0,0.0020751953,0.023803711,25.000488,61,212,1,0,255,2,0,1782509445.098201,124
25.009764,25.00257,-0.0015260357,0.59984714,0.7442932,1,1,0,-6.1035156e-05,0.023986816,25.009766,61,212,1,0,255,2,0,1782509445.098201,124
25.00415,24.996973,-0.053399377,0.5966611,0.83657837,1,1,0,-0.0021362305,0.023864746,25.00415,61,212,1,0,255,2,0,1782509445.098201,124
25.021729,25.014544,0.27177516,0.53448117,0.67630005,1,1,0,0.010864258,0.021362305,25.021729,26,213,0,0,255,2,0,1782509445.1982343,125
25.01001,25.004301,0.009156849,0.5342308,1.1283264,1,1,0,0.00036621094,0.021362305,25.01001,26,213,0,0,255,2,0,1782509445.1982343,125
24.991455,24.980818,0.20888987,0.6985227,0.711853,1,1,0,0.008361816,0.027954102,24.991455,27,213,1,0,255,2,0,1782509445.1982343,125
24.99951,24.98925,0.15710002,0.6987479,0.9914856,1,1,0,0.006286621,0.027954102,24.999512,27,213,1,0,255,2,0,1782509445.1982343,125
25.011719,25.008379,0.2717082,0.30531123,0.8624878,1,1,0,0.010864258,0.012207031,25.011719,28,213,0,0,255,2,0,1782509445.1982343,125
25.01074,25.008818,0.06258323,0.3037729,0.80618286,1,1,0,0.0025024414,0.012145996,25.010742,28,213,0,0,255,2,0,1782509445.1982343,125
25.022705,25.020823,-0.042760238,0.30391818,0.8460083,1,1,0,-0.0017089844,0.012145996,25.022705,28,213,0,0,255,2,0,1782509445.1982343,125
25.010988,25.006374,0.10531311,0.46862325,0.9811096,1,1,0,0.004211426,0.018737793,25.010986,29,213,1,0,255,2,0,1782509445.1982343,125
24.99634,24.991898,0.051863145,0.46834877,0.63049316,1,1,0,0.0020751953,0.018737793,24.996338,29,213,1,0,255,2,0,1782509445.1982343,125
25.021484,25.017801,0.2183616,0.3695666,0.9343567,1,1,0,0.008728027,0.014770508,25.021484,60,213,0,0,255,2,0,1782509445.1982343,125
25.019287,25.016323,0.061075132,0.38022232,0.7031555,1,1,0,0.0024414062,0.015197754,25.019287,60,213,0,0,255,2,0,1782509445.1982343,125
25.016602,25.013641,0.00916027,0.38476166,0.9152832,1,1,0,0.00036621094,0.015380859,25.016602,60,213,0,0,255,2,0,1782509445.1982343,125
25.021486,25.01844,-0.04428317,0.38789076,0.7932129,1,1,0,-0.0017700195,0.01550293,25.021484,60,213,0,0,255,2,0,1782509445.1982343,125
25.019287,25.016024,-0.09619246,0.39243734,0.7802124,1,1,0,-0.0038452148,0.015686035,25.019287,60,213,0,0,255,2,0,1782509445.1982343,125
24.999998,24.991879,0.26085,0.5813075,0.967926,1,1,0,0.010437012,0.023254395,25.0,61,213,1,0,255,2,0,1782509445.1982343,125
24.999514,24.991808,0.20898177,0.584347,1.0293579,1,1,0,0.008361816,0.023376465,24.999512,61,213,1,0,255,2,0,1782509445.1982343,125
25.00586,24.998426,0.1571577,0.5890728,0.6064453,1,1,0,0.006286621,0.02355957,25.00586,61,213,1,0,255,2,0,1782509445.1982343,125
24.998781,24.991556,0.10372531,0.5919568,0.605896,1,1,0,0.0041503906,0.02368164,24.99878,61,213,1,0,255,2,0,1782509445.1982343,125
25.001953,24.99478,0.051869124,0.59660864,0.6612549,1,1,0,0.0020751953,0.023864746,25.001953,61,213,1,0,255,2,0,1782509445.1982343,125
25.008055,25.000862,-0.0,0.59980613,0.6208191,1,1,0,-0.0,0.023986816,25.008057,61,213,1,0,255,2,0,1782509445.1982343,125
25.015867,25.008724,-0.05342448,0.5954143,0.63827515,1,1,0,-0.0021362305,0.023803711,25.01587,61,213,1,0,255,2,0,1782509445.1982343,125
25.02051,25.014246,0.16641803,0.53445506,0.81658936,1,1,0,0.006652832,0.021362305,25.020508,26,214,0,0,255,2,0,1782509445.2983973,126
25.02905,25.023087,0.113020085,0.5346376,0.7828064,1,1,0,0.0045166016,0.021362305,25.029053,26,214,0,0,255,2,0,1782509445.2983973,126
25.011477,25.000341,0.26093835,0.6990822,0.8447571,1,1,0,0.010437012,0.027954102,25.011475,27,214,1,0,255,2,0,1782509445.2983973,126
25.000975,24.990335,0.20896946,0.6987888,0.7883911,1,1,0,0.008361816,0.027954102,25.000977,27,214,1,0,255,2,0,1782509445.2983973,126
24.994873,24.985107,-0.0015249699,0.6986182,0.796875,1,1,0,-6.1035156e-05,0.027954102,24.994873,27,214,1,0,255,2,0,1782509445.2983973,126
25.01953,25.016209,0.27179325,0.30387965,0.8503418,1,1,0,0.010864258,0.012145996,25.019531,28,214,0,0,255,2,0,1782509445.2983973,126
25.013672,25.010874,0.21830113,0.30380848,0.726532,1,1,0,0.008728027,0.012145996,25.013672,28,214,0,0,255,2,0,1782509445.2983973,126
25.02075,25.018831,0.061081253,0.3038945,0.8546753,1,1,0,0.0024414062,0.012145996,25.020752,28,214,0,0,255,2,0,1782509445.2983973,126
25.01123,25.006355,0.15568122,0.4686278,0.7008667,1,1,0,0.006225586,0.018737793,25.01123,29,214,1,0,255,2,0,1782509445.2983973,126
24.996096,24.991493,0.103725046,0.4683442,1.0263062,1,1,0,0.0041503906,0.018737793,24.996094,29,214,1,0,255,2,0,1782509445.2983973,126
25.009033,25.004671,-0.001526164,0.4670605,0.6434021,1,1,0,-6.1035156e-05,0.018676758,25.009033,29,214,1,0,255,2,0,1782509445.2983973,126
25.019531,25.015371,0.27178416,0.36648396,0.8390808,1,1,0,0.010864258,0.0146484375,25.019531,60,214,0,0,255,2,0,1782509445.2983973,126
25.029053,25.02537,0.21842766,0.36967838,0.81399536,1,1,0,0.008728027,0.014770508,25.029053,60,214,0,0,255,2,0,1782509445.2983973,126
25.02124,25.017889,0.16644228,0.37414402,0.88586426,1,1,0,0.006652832,0.014953613,25.02124,60,214,0,0,255,2,0,1782509445.2983973,126
25.021482,25.018377,0.114525855,0.3772017,1.078949,1,1,0,0.0045776367,0.015075684,25.021484,60,214,0,0,255,2,0,1782509445.2983973,126
25.019775,25.016788,0.06107627,0.38175666,1.046051,1,1,0,0.0024414062,0.015258789,25.019775,60,214,0,0,255,2,0,1782509445.2983973,126
25.015627,25.01256,-0.042746115,0.38932657,0.81484985,1,1,0,-0.0017089844,0.015563965,25.015625,60,214,0,0,255,2,0,1782509445.2983973,126
25.016602,25.013338,-0.09618213,0.39239523,0.6944885,1,1,0,-0.0038452148,0.015686035,25.016602,60,214,0,0,255,2,0,1782509445.2983973,126
25.007566,24.999445,0.260929,0.5814835,0.71661377,1,1,0,0.010437012,0.023254395,25.007568,61,214,1,0,255,2,0,1782509445.2983973,126
25.015867,25.008123,0.20911822,0.5862557,0.73986816,1,1,0,0.008361816,0.0234375,25.01587,61,214,1,0,255,2,0,1782509445.2983973,126
25.013674,25.006237,0.1572068,0.5892568,0.6772766,1,1,0,0.006286621,0.02355957,25.013672,61,214,1,0,255,2,0,1782509445.2983973,126
25.00415,24.996977,0.051873684,0.5966611,0.7863159,1,1,0,0.0020751953,0.023864746,25.00415,61,214,1,0,255,2,0,1782509445.2983973,126
25.020264,25.01303,-0.0,0.6016256,0.97998047,1,1,0,-0.0,0.024047852,25.020264,61,214,1,0,255,2,0,1782509445.2983973,126
25.009031,25.00189,-0.053409882,0.59525156,0.65057373,1,1,0,-0.0021362305,0.023803711,25.009033,61,214,1,0,255,2,0,1782509445.2983973,126
25.013672,25.007887,0.062580906,0.534309,0.94473267,1,1,0,0.0025024414,0.021362305,25.013672,26,215,0,0,255,2,0,1782509445.3986902,127
25.01831,25.012423,-0.09465195,0.53440815,0.8503418,1,1,0,-0.0037841797,0.021362305,25.01831,26,215,0,0,255,2,0,1782509445.3986902,127
25.015871,25.005209,0.21062014,0.69920504,0.6690674,1,1,0,0.008422852,0.027954102,25.01587,27,215,1,0,255,2,0,1782509445.3986902,127
25.00586,24.995586,0.15866552,0.69892526,0.68136597,1,1,0,0.0063476562,0.027954102,25.00586,27,215,1,0,255,2,0,1782509445.3986902,127
25.019773,25.017002,0.21530056,0.30388263,0.7888794,1,1,0,0.008605957,0.012145996,25.019775,28,215,0,0,255,2,0,1782509445.3986902,127
25.019773,25.017395,0.16338497,0.30388263,0.8624878,1,1,0,0.0065307617,0.012145996,25.019775,28,215,0,0,255,2,0,1782509445.3986902,127
25.0271,25.025187,0.058041915,0.30397156,0.72299194,1,1,0,0.002319336,0.012145996,25.0271,28,215,0,0,255,2,0,1782509445.3986902,127
25.028078,25.02623,0.0061099194,0.30398342,0.71432495,1,1,0,0.00024414062,0.012145996,25.028076,28,215,0,0,255,2,0,1782509445.3986902,127
25.0271,25.025211,-0.04582258,0.30397156,0.6484375,1,1,0,-0.0018310547,0.012145996,25.0271,28,215,0,0,255,2,0,1782509445.3986902,127
25.016848,25.011124,0.25799745,0.46873304,0.6577759,1,1,0,0.010314941,0.018737793,25.016846,29,215,1,0,255,2,0,1782509445.3986902,127
25.010986,25.00612,0.15415345,0.46862325,0.88168335,1,1,0,0.006164551,0.018737793,25.010986,29,215,1,0,255,2,0,1782509445.3986902,127
24.99707,24.99248,0.10067826,0.4683625,0.84399414,1,1,0,0.0040283203,0.018737793,24.99707,29,215,1,0,255,2,0,1782509445.3986902,127
25.01587,25.01143,0.04885051,0.46871474,0.7572937,1,1,0,0.001953125,0.018737793,25.01587,29,215,1,0,255,2,0,1782509445.3986902,127
24.996092,24.991734,-0.0030507487,0.46681884,0.7528076,1,1,0,-0.00012207031,0.018676758,24.996094,29,215,1,0,255,2,0,1782509445.3986902,127
25.00415,24.999697,-0.056456935,0.46849516,0.855011,1,1,0,-0.0022583008,0.018737793,25.00415,29,215,1,0,255,2,0,1782509445.3986902,127
25.021484,25.018394,0.11605295,0.37567466,0.81137085,1,1,0,0.004638672,0.015014648,25.021484,60,215,0,0,255,2,0,1782509445.3986902,127
25.021484,25.01854,0.062607564,0.3787287,0.7758789,1,1,0,0.0025024414,0.015136719,25.021484,60,215,0,0,255,2,0,1782509445.3986902,127
25.020262,25.017323,0.0106885545,0.38329107,0.7888794,1,1,0,0.0004272461,0.015319824,25.020264,60,215,0,0,255,2,0,1782509445.3986902,127
25.018066,25.009943,0.26409185,0.58020097,0.81066895,1,1,0,0.010559082,0.02319336,25.018066,61,215,1,0,255,2,0,1782509445.3986902,127
25.008057,25.000372,0.2105794,0.58302075,0.65982056,1,1,0,0.008422852,0.02331543,25.008057,61,215,1,0,255,2,0,1782509445.3986902,127
25.006594,24.999395,0.105283715,0.5906159,0.7330322,1,1,0,0.004211426,0.023620605,25.006592,61,215,1,0,255,2,0,1782509445.3986902,127
25.013672,25.006533,-0.051893514,0.595362,0.73986816,1,1,0,-0.0020751953,0.023803711,25.013672,61,215,1,0,255,2,0,1782509445.3986902,127
25.020996,25.014334,0.21833134,0.5344655,0.8295593,1,1,0,0.008728027,0.021362305,25.020996,26,216,0,0,255,2,0,1782509445.498637,128
25.021729,25.015467,0.16642615,0.53448117,0.8001404,1,1,0,0.006652832,0.021362305,25.021729,26,216,0,0,255,2,0,1782509445.498637,128
25.023926,25.012787,0.26106822,0.6994302,0.6460571,1,1,0,0.010437012,0.027954102,25.023926,27,216,1,0,255,2,0,1782509445.498637,128
25.011229,25.000584,0.20905517,0.6990754,0.7685852,1,1,0,0.008361816,0.027954102,25.01123,27,216,1,0,255,2,0,1782509445.498637,128
25.00586,24.995605,0.1556143,0.69892526,0.6906128,1,1,0,0.006225586,0.027954102,25.00586,27,216,1,0,255,2,0,1782509445.498637,128
25.03003,25.02763,0.16650708,0.30400714,0.6475525,1,1,0,0.006652832,0.012145996,25.03003,28,216,0,0,255,2,0,1782509445.498637,128
25.021484,25.019564,0.06108304,0.30390337,0.8434143,1,1,0,0.0024414062,0.012145996,25.021484,28,216,0,0,255,2,0,1782509445.498637,128
25.010986,25.006542,0.051893536,0.46862325,0.7791443,1,1,0,0.0020751953,0.018737793,25.010986,29,216,1,0,255,2,0,1782509445.498637,128
25.021729,25.017279,-0.053442754,0.4688245,0.66967773,1,1,0,-0.0021362305,0.018737793,25.021729,29,216,1,0,255,2,0,1782509445.498637,128
25.029055,25.024937,0.27188808,0.36356843,0.82180786,1,1,0,0.010864258,0.014526367,25.029053,60,216,0,0,255,2,0,1782509445.498637,128
25.031248,25.027588,0.21844701,0.3681832,0.640625,1,1,0,0.008728027,0.014709473,25.03125,60,216,0,0,255,2,0,1782509445.498637,128
25.012697,25.009392,0.16638574,0.37096328,0.82785034,1,1,0,0.006652832,0.014831543,25.012695,60,216,0,0,255,2,0,1782509445.498637,128
25.020996,25.018055,0.06107936,0.3787213,0.80792236,1,1,0,0.0024414062,0.015136719,25.020996,60,216,0,0,255,2,0,1782509445.498637,128
25.013672,25.010735,0.0091592055,0.38319007,1.1620789,1,1,0,0.00036621094,0.015319824,25.013672,60,216,0,0,255,2,0,1782509445.498637,128
25.019287,25.016266,-0.044279322,0.38632983,0.686676,1,1,0,-0.0017700195,0.0154418945,25.019287,60,216,0,0,255,2,0,1782509445.498637,128
25.019531,25.016293,-0.09619349,0.39091426,0.76116943,1,1,0,-0.0038452148,0.015625,25.019531,60,216,0,0,255,2,0,1782509445.498637,128
25.016848,25.008757,0.26102617,0.5801727,0.75115967,1,1,0,0.010437012,0.02319336,25.016846,61,216,1,0,255,2,0,1782509445.498637,128
25.006592,24.99892,0.20904125,0.5829866,0.764801,1,1,0,0.008361816,0.02331543,25.006592,61,216,1,0,255,2,0,1782509445.498637,128
24.991457,24.98427,0.103695065,0.5902584,0.7435913,1,1,0,0.0041503906,0.023620605,24.991455,61,216,1,0,255,2,0,1782509445.498637,128
24.994873,24.987738,0.051854514,0.59491456,0.7138977,1,1,0,0.0020751953,0.023803711,24.994873,61,216,1,0,255,2,0,1782509445.498637,128
25.00879,25.00163,-0.0015259784,0.5982977,0.8324585,1,1,0,-6.1035156e-05,0.023925781,25.00879,61,216,1,0,255,2,0,1782509445.498637,128
25.01074,25.004482,0.16635308,0.53424644,0.68322754,1,1,0,0.006652832,0.021362305,25.010742,26,217,0,0,255,2,0,1782509445.5984528,129
25.019775,25.01647,0.270269,0.30388263,1.1742249,1,1,0,0.010803223,0.012145996,25.019775,28,217,0,0,255,2,0,1782509445.5984528,129
25.021482,25.018698,0.21684228,0.30390337,0.8694153,1,1,0,0.008666992,0.012145996,25.021484,28,217,0,0,255,2,0,1782509445.5984528,129
25.020752,25.018362,0.16491835,0.3038945,0.87112427,1,1,0,0.006591797,0.012145996,25.020752,28,217,0,0,255,2,0,1782509445.5984528,129
25.020264,25.018162,0.11299784,0.30388856,1.029602,1,1,0,0.0045166016,0.012145996,25.020264,28,217,0,0,255,2,0,1782509445.5984528,129
25.031004,25.029087,0.05957863,0.304019,0.7845459,1,1,0,0.002380371,0.012145996,25.031006,28,217,0,0,255,2,0,1782509445.5984528,129
25.000977,24.996616,-0.0015256724,0.46691003,0.71765137,1,1,0,-6.1035156e-05,0.018676758,25.000977,29,217,1,0,255,2,0,1782509445.5984528,129
25.020994,25.016857,0.27180028,0.3649784,0.8503418,1,1,0,0.010864258,0.014587402,25.020996,60,217,0,0,255,2,0,1782509445.5984528,129
25.031738,25.028063,0.21997888,0.36819038,0.7550659,1,1,0,0.0087890625,0.014709473,25.031738,60,217,0,0,255,2,0,1782509445.5984528,129
25.021242,25.017914,0.16644244,0.372617,0.8667908,1,1,0,0.006652832,0.014892578,25.02124,60,217,0,0,255,2,0,1782509445.5984528,129
25.022705,25.01962,0.11453155,0.375693,0.8460083,1,1,0,0.0045776367,0.015014648,25.022705,60,217,0,0,255,2,0,1782509445.5984528,129
25.019775,25.016811,0.061076324,0.38022974,1.2685852,1,1,0,0.0024414062,0.015197754,25.019775,60,217,0,0,255,2,0,1782509445.5984528,129
25.016602,25.013664,0.009160278,0.38323495,0.8607483,1,1,0,0.00036621094,0.015319824,25.016602,60,217,0,0,255,2,0,1782509445.5984528,129
25.010742,25.0077,-0.04273781,0.38772425,0.7672119,1,1,0,-0.0017089844,0.01550293,25.010742,60,217,0,0,255,2,0,1782509445.5984528,129
25.004148,24.996443,0.20902054,0.58445543,0.66329956,1,1,0,0.008361816,0.023376465,25.00415,61,217,1,0,255,2,0,1782509445.5984528,129
25.014648,25.007248,0.15721317,0.5877535,0.6690674,1,1,0,0.006286621,0.023498535,25.014648,61,217,1,0,255,2,0,1782509445.5984528,129
25.013674,25.006437,0.105313376,0.5923094,0.7470398,1,1,0,0.004211426,0.02368164,25.013672,61,217,1,0,255,2,0,1782509445.5984528,129
25.014648,25.00751,0.05189554,0.5953852,0.68136597,1,1,0,0.0020751953,0.023803711,25.014648,61,217,1,0,255,2,0,1782509445.5984528,129
25.00537,24.998177,-0.0,0.5997417,0.7709656,1,1,0,-0.0,0.023986816,25.005371,61,217,1,0,255,2,0,1782509445.5984528,129
25.020262,25.01308,-0.053433787,0.59704554,0.7357483,1,1,0,-0.0021362305,0.023864746,25.020264,61,217,1,0,255,2,0,1782509445.5984528,129
25.020264,25.013063,0.2702322,0.5359766,0.73950195,1,1,0,0.010803223,0.02142334,25.020264,26,218,0,0,255,2,0,1782509445.6983523,130
25.021729,25.015476,0.16489932,0.53448117,0.8581543,1,1,0,0.006591797,0.021362305,25.021729,26,218,0,0,255,2,0,1782509445.6983523,130
25.021482,25.015703,0.059546772,0.5344759,0.94473267,1,1,0,0.002380371,0.021362305,25.021484,26,218,0,0,255,2,0,1782509445.6983523,130
25.023922,25.013243,0.20763424,0.700957,0.6840515,1,1,0,0.008300781,0.028015137,25.023926,27,218,1,0,255,2,0,1782509445.6983523,130
25.006836,24.996582,0.15562038,0.69895256,0.66085815,1,2,0,0.006225586,0.027954102,25.006836,27,218,1,0,255,2,0,1782509445.6983523,130
25.03247,25.030071,0.16652332,0.3040368,0.7732544,1,1,0,0.006652832,0.012145996,25.03247,28,218,0,0,255,2,0,1782509445.6983523,130
25.020506,25.018398,0.114525944,0.3038915,0.73172,1,1,0,0.0045776367,0.012145996,25.020508,28,218,0,0,255,2,0,1782509445.6983523,130
25.0271,25.025217,-0.04276775,0.30397156,0.673584,1,1,0,-0.0017089844,0.012145996,25.0271,28,218,0,0,255,2,0,1782509445.6983523,130
25.031252,25.027088,0.27191144,0.3666556,0.7879944,1,1,0,0.010864258,0.0146484375,25.03125,60,218,0,0,255,2,0,1782509445.6983523,130
25.031738,25.02804,0.21997869,0.36971804,0.71432495,1,1,0,0.0087890625,0.014770508,25.031738,60,218,0,0,255,2,0,1782509445.6983523,130
25.019531,25.01618,0.1664309,0.37411845,0.8650818,1,1,0,0.006652832,0.014953613,25.019531,60,218,0,0,255,2,0,1782509445.6983523,130
25.019531,25.016544,0.061075673,0.38175294,0.7888794,1,1,0,0.0024414062,0.015258789,25.019531,60,218,0,0,255,2,0,1782509445.6983523,130
25.019775,25.016815,0.009161432,0.38481048,0.7655029,1,1,0,0.00036621094,0.015380859,25.019775,60,218,0,0,255,2,0,1782509445.6983523,130
25.016602,25.013535,-0.04274778,0.38934177,0.8356323,1,1,0,-0.0017089844,0.015563965,25.016602,60,218,0,0,255,2,0,1782509445.6983523,130
25.00757,24.99943,0.2624548,0.5814835,0.769928,1,1,0,0.010498047,0.023254395,25.007568,61,218,1,0,255,2,0,1782509445.6983523,130
25.014647,25.006903,0.20910801,0.5862271,0.7213745,1,1,0,0.008361816,0.0234375,25.014648,61,218,1,0,255,2,0,1782509445.6983523,130
25.00879,25.001354,0.1571761,0.58914185,0.82424927,1,1,0,0.006286621,0.02355957,25.00879,61,218,1,0,255,2,0,1782509445.6983523,130
25.003176,24.995905,0.105269015,0.59358644,0.69610596,1,1,0,0.004211426,0.023742676,25.003174,61,218,1,0,255,2,0,1782509445.6983523,130
24.999754,24.992582,0.051864564,0.5965562,0.7145691,1,1,0,0.0020751953,0.023864746,24.999756,61,218,1,0,255,2,0,1782509445.6983523,130
25.010984,25.00379,-0.0,0.5998764,0.7555847,1,1,0,-0.0,0.023986816,25.010986,61,218,1,0,255,2,0,1782509445.6983523,130
24.99878,24.991676,-0.053388063,0.59348214,0.651001,1,1,0,-0.0021362305,0.023742676,24.99878,61,218,1,0,255,2,0,1782509445.6983523,130
24.996338,24.985685,0.2104557,0.6986591,0.6725464,1,1,0,0.008422852,0.027954102,24.996338,27,219,1,0,255,2,0,1782509445.7981865,131
25.007568,24.997576,0.105276056,0.69897306,0.7268677,1,1,0,0.004211426,0.027954102,25.007568,27,219,1,0,255,2,0,1782509445.7981865,131
24.993896,24.984077,-0.051846918,0.69859093,0.82144165,1,1,0,-0.0020751953,0.027954102,24.993896,27,219,1,0,255,2,0,1782509445.7981865,131
25.020506,25.017708,0.21836078,0.3038915,0.70401,1,1,0,0.008728027,0.012145996,25.020508,28,219,0,0,255,2,0,1782509445.7981865,131
25.021729,25.015972,0.26110148,0.4688245,0.68096924,1,1,0,0.010437012,0.018737793,25.021729,29,219,1,0,255,2,0,1782509445.7981865,131
25.011473,25.006868,0.10378886,0.4686324,0.92474365,1,1,0,0.0041503906,0.018737793,25.011475,29,219,1,0,255,2,0,1782509445.7981865,131
25.015627,25.011505,0.27021536,0.36490005,0.81658936,1,1,0,0.010803223,0.014587402,25.015625,60,219,0,0,255,2,0,1782509445.7981865,131
25.016602,25.012957,0.21679251,0.36796772,0.8390808,1,1,0,0.008666992,0.014709473,25.016602,60,219,0,0,255,2,0,1782509445.7981865,131
25.019533,25.016214,0.16490419,0.37259156,0.75250244,1,1,0,0.006591797,0.014892578,25.019531,60,219,0,0,255,2,0,1782509445.7981865,131
25.01831,25.015236,0.11298462,0.375627,0.87545776,1,1,0,0.0045166016,0.015014648,25.01831,60,219,0,0,255,2,0,1782509445.7981865,131
25.017332,25.014372,0.059543602,0.38019267,0.75424194,1,1,0,0.002380371,0.015197754,25.017334,60,219,0,0,255,2,0,1782509445.7981865,131
25.019287,25.01635,0.0076343846,0.3832761,0.90057373,1,1,0,0.00030517578,0.015319824,25.019287,60,219,0,0,255,2,0,1782509445.7981865,131
25.01831,25.015266,-0.044277553,0.38784158,0.74816895,1,1,0,-0.0017700195,0.01550293,25.01831,60,219,0,0,255,2,0,1782509445.7981865,131
25.010984,25.002913,0.25943896,0.5800368,0.8324585,1,1,0,0.010375977,0.02319336,25.010986,61,219,1,0,255,2,0,1782509445.7981865,131
25.008787,25.001093,0.20753339,0.58456385,0.7350769,1,1,0,0.008300781,0.023376465,25.00879,61,219,1,0,255,2,0,1782509445.7981865,131
25.019285,25.011894,0.1557157,0.5878625,0.8414612,1,1,0,0.006225586,0.023498535,25.019287,61,219,1,0,255,2,0,1782509445.7981865,131
25.013674,25.00645,0.102260835,0.5923094,0.782959,1,1,0,0.0040893555,0.02368164,25.013672,61,219,1,0,255,2,0,1782509445.7981865,131
25.009766,25.002628,0.05035937,0.595269,0.70022583,1,1,0,0.0020141602,0.023803711,25.009766,61,219,1,0,255,2,0,1782509445.7981865,131
25.013672,25.006659,-0.0015262853,0.5923094,0.63723755,1,1,0,-6.1035156e-05,0.02368164,25.013672,61,219,1,0,255,2,0,1782509445.7981865,131
25.003418,24.996239,-0.05492346,0.59664357,1.1266785,1,1,0,-0.0021972656,0.023864746,25.003418,61,219,1,0,255,2,0,1782509445.7981865,131
25.025146,25.014494,0.20917147,0.6994644,0.6850891,1,1,0,0.008361816,0.027954102,25.025146,27,220,1,0,255,2,0,1782509445.8985527,132
25.022951,25.019627,0.2703031,0.30544832,1.0806885,1,1,0,0.010803223,0.012207031,25.02295,28,220,0,0,255,2,0,1782509445.8985527,132
25.021727,25.018929,0.21837144,0.30390635,1.0832825,1,1,0,0.008728027,0.012145996,25.021729,28,220,0,0,255,2,0,1782509445.8985527,132
25.011473,25.009554,0.061058603,0.3037818,0.9239502,1,1,0,0.0024414062,0.012145996,25.011475,28,220,0,0,255,2,0,1782509445.8985527,132
25.021727,25.01988,0.007635462,0.30390635,1.0426025,1,1,0,0.00030517578,0.012145996,25.021729,28,220,0,0,255,2,0,1782509445.8985527,132
25.018068,25.012314,0.2610633,0.4687559,0.6690674,1,1,0,0.010437012,0.018737793,25.018066,29,220,1,0,255,2,0,1782509445.8985527,132
25.009766,25.00516,0.10378177,0.46860036,0.803772,1,1,0,0.0041503906,0.018737793,25.009766,29,220,1,0,255,2,0,1782509445.8985527,132
25.007568,25.003206,-0.0015260746,0.46703315,0.8304138,1,1,0,-6.1035156e-05,0.018676758,25.007568,29,220,1,0,255,2,0,1782509445.8985527,132
25.01587,25.011421,-0.05343024,0.46871474,0.7121582,1,1,0,-0.0021362305,0.018737793,25.01587,29,220,1,0,255,2,0,1782509445.8985527,132
25.023436,25.019258,0.2733536,0.36654118,1.0391235,1,1,0,0.010925293,0.0146484375,25.023438,60,220,0,0,255,2,0,1782509445.8985527,132
25.032957,25.02926,0.21998942,0.36973608,0.72906494,1,1,0,0.0087890625,0.014770508,25.032959,60,220,0,0,255,2,0,1782509445.8985527,132
25.03247,25.029106,0.16804463,0.37431195,0.86169434,1,1,0,0.006713867,0.014953613,25.03247,60,220,0,0,255,2,0,1782509445.8985527,132
25.021238,25.018133,0.11452474,0.377198,1.029602,1,1,0,0.0045776367,0.015075684,25.02124,60,220,0,0,255,2,0,1782509445.8985527,132
25.032715,25.029722,0.06263555,0.38195407,0.6545105,1,1,0,0.0025024414,0.015258789,25.032715,60,220,0,0,255,2,0,1782509445.8985527,132
25.016602,25.01364,0.0106869815,0.38476166,0.80184937,1,1,0,0.0004272461,0.015380859,25.016602,60,220,0,0,255,2,0,1782509445.8985527,132
25.019531,25.016464,-0.042752787,0.38938737,0.68582153,1,1,0,-0.0017089844,0.015563965,25.019531,60,220,0,0,255,2,0,1782509445.8985527,132
25.020996,25.017738,-0.09467207,0.39246413,0.75424194,1,1,0,-0.0037841797,0.015686035,25.020996,60,220,0,0,255,2,0,1782509445.8985527,132
25.005371,24.997232,0.26243174,0.58143234,0.7770996,1,1,0,0.010498047,0.023254395,25.005371,61,220,1,0,255,2,0,1782509445.8985527,132
25.020264,25.012505,0.21068159,0.5863587,0.7593689,1,1,0,0.008422852,0.0234375,25.020264,61,220,1,0,255,2,0,1782509445.8985527,132
25.003174,24.99574,0.15714082,0.5890095,0.7268677,1,1,0,0.006286621,0.02355957,25.003174,61,220,1,0,255,2,0,1782509445.8985527,132
24.996094,24.988918,0.05338217,0.5964688,0.68725586,1,1,0,0.0021362305,0.023864746,24.996094,61,220,1,0,255,2,0,1782509445.8985527,132
24.993896,24.98667,-0.0,0.6009916,0.7558899,1,1,0,-0.0,0.024047852,24.993896,61,220,1,0,255,2,0,1782509445.8985527,132
24.99878,24.991644,-0.05186262,0.59500754,0.690979,1,1,0,-0.0020751953,0.023803711,24.99878,61,220,1,0,255,2,0,1782509445.8985527,132
25.032957,25.025785,0.27036965,0.534721,0.69610596,1,1,0,0.010803223,0.021362305,25.032959,26,221,0,0,255,2,0,1782509445.998302,133
25.017336,25.010687,0.21677284,0.5343873,0.8477478,1,1,0,0.008666992,0.021362305,25.017334,26,221,0,0,255,2,0,1782509445.998302,133
25.01465,25.0084,0.16485266,0.5343299,0.7031555,1,1,0,0.006591797,0.021362305,25.014648,26,221,0,0,255,2,0,1782509445.998302,133
25.019775,25.014061,-0.04427542,0.5329127,0.68063354,1,1,0,-0.0017700195,0.02130127,25.019775,26,221,0,0,255,2,0,1782509445.998302,133
25.009766,24.99951,0.1556386,0.69903445,0.9503479,1,1,0,0.006225586,0.027954102,25.009766,27,221,1,0,255,2,0,1782509445.998302,133
25.006592,24.99677,0.05034757,0.69894576,0.83862305,1,1,0,0.0020141602,0.027954102,25.006592,27,221,1,0,255,2,0,1782509445.998302,133
25.014648,25.004858,-0.0549424,0.69764477,0.6977844,1,1,0,-0.0021972656,0.027893066,25.014648,27,221,1,0,255,2,0,1782509445.998302,133
25.019287,25.016457,0.21987689,0.30540362,0.8321533,1,1,0,0.0087890625,0.012207031,25.019287,28,221,0,0,255,2,0,1782509445.998302,133
25.019775,25.017895,-0.04122826,0.30388263,0.6459961,1,1,0,-0.0016479492,0.012145996,25.019775,28,221,0,0,255,2,0,1782509445.998302,133
25.021484,25.015715,0.26262578,0.46881995,0.8168335,1,1,0,0.010498047,0.018737793,25.021484,29,221,1,0,255,2,0,1782509445.998302,133
25.005861,25.000967,0.15869968,0.46852717,0.62493896,1,1,0,0.0063476562,0.018737793,25.00586,29,221,1,0,255,2,0,1782509445.998302,133
25.00757,25.002958,0.10529872,0.4685592,0.85705566,1,1,0,0.004211426,0.018737793,25.007568,29,221,1,0,255,2,0,1782509445.998302,133
25.016848,25.012455,0.0015266391,0.46873304,0.8147583,1,1,0,6.1035156e-05,0.018737793,25.016846,29,221,1,0,255,2,0,1782509445.998302,133
25.02124,25.017141,0.27027625,0.36345494,0.81918335,1,1,0,0.010803223,0.014526367,25.02124,60,221,0,0,255,2,0,1782509445.998302,133
25.017336,25.013689,0.21679886,0.3679785,0.66244507,1,1,0,0.008666992,0.014709473,25.017334,60,221,0,0,255,2,0,1782509445.998302,133
25.015625,25.01255,0.11297249,0.3755867,0.82611084,1,1,0,0.0045166016,0.015014648,25.015625,60,221,0,0,255,2,0,1782509445.998302,133
25.020506,25.017569,0.059551213,0.3787139,0.8667908,1,1,0,0.002380371,0.015136719,25.020508,60,221,0,0,255,2,0,1782509445.998302,133
25.020506,25.017569,0.0076347566,0.3832948,0.82263184,1,1,0,0.00030517578,0.015319824,25.020508,60,221,0,0,255,2,0,1782509445.998302,133
25.020508,25.017483,-0.04580843,0.3863487,1.03479,1,1,0,-0.0018310547,0.0154418945,25.020508,60,221,0,0,255,2,0,1782509445.998302,133
25.006592,24.998522,0.25939336,0.5799349,0.7114868,1,1,0,0.010375977,0.02319336,25.006592,61,221,1,0,255,2,0,1782509445.998302,133
25.01587,25.008207,0.20759244,0.5832029,0.7706299,1,1,0,0.008300781,0.02331543,25.01587,61,221,1,0,255,2,0,1782509445.998302,133
25.01367,25.00628,0.15568076,0.5877305,0.7809143,1,1,0,0.006225586,0.023498535,25.013672,61,221,1,0,255,2,0,1782509445.998302,133
25.01587,25.008682,0.10226996,0.59083503,0.67211914,1,1,0,0.0040893555,0.023620605,25.01587,61,221,1,0,255,2,0,1782509445.998302,133
25.00757,25.000433,0.050354946,0.5952167,0.7535095,1,1,0,0.0020141602,0.023803711,25.007568,61,221,1,0,255,2,0,1782509445.998302,133
25.000486,24.993332,-0.0030509438,0.5980991,0.9310303,1,1,0,-0.00012207031,0.023925781,25.000488,61,221,1,0,255,2,0,1782509445.998302,133
25.008057,25.000875,-0.05493365,0.59675425,0.6526489,1,1,0,-0.0021972656,0.023864746,25.008057,61,221,1,0,255,2,0,1782509445.998302,133
25.020752,25.0145,0.16489288,0.5344603,0.7966614,1,1,0,0.006591797,0.021362305,25.020752,26,222,0,0,255,2,0,1782509446.098635,134
25.018066,25.006887,0.26100665,0.7007929,0.7798767,1,1,0,0.010437012,0.028015137,25.018066,27,222,1,0,255,2,0,1782509446.098635,134
25.01123,25.001408,0.05035691,0.6990754,0.72958374,1,1,0,0.0020141602,0.027954102,25.01123,27,222,1,0,255,2,0,1782509446.098635,134
24.998291,24.988523,-0.0015251784,0.6987137,1.0293579,1,1,0,-6.1035156e-05,0.027954102,24.998291,27,222,1,0,255,2,0,1782509446.098635,134
25.026123,25.022764,0.2733919,0.30548707,0.7602539,1,1,0,0.010925293,0.012207031,25.026123,28,222,0,0,255,2,0,1782509446.098635,134
25.021482,25.018671,0.21989635,0.30390337,0.81311035,1,1,0,0.0087890625,0.012145996,25.021484,28,222,0,0,255,2,0,1782509446.098635,134
25.022215,25.019806,0.16798219,0.30391225,0.87545776,1,1,0,0.006713867,0.012145996,25.022217,28,222,0,0,255,2,0,1782509446.098635,134
25.012695,25.01058,0.1160167,0.30379662,0.67456055,1,1,0,0.004638672,0.012145996,25.012695,28,222,0,0,255,2,0,1782509446.098635,134
25.02295,25.021025,0.06261378,0.30392116,1.0443115,1,1,0,0.0025024414,0.012145996,25.02295,28,222,0,0,255,2,0,1782509446.098635,134
25.03247,25.03062,0.0106942365,0.3040368,0.69610596,1,1,0,0.0004272461,0.012145996,25.03247,28,222,0,0,255,2,0,1782509446.098635,134
24.999514,24.994902,0.10526479,0.46840826,1.1430664,1,1,0,0.004211426,0.018737793,24.999512,29,222,1,0,255,2,0,1782509446.098635,134
25.012451,25.00809,0.0015263726,0.46712434,0.6577759,1,1,0,6.1035156e-05,0.018676758,25.012451,29,222,1,0,255,2,0,1782509446.098635,134
25.01953,25.015392,0.27178437,0.36495703,1.0114136,1,1,0,0.010864258,0.014587402,25.019531,60,222,0,0,255,2,0,1782509446.098635,134
25.02197,25.0183,0.21989307,0.36804673,0.80184937,1,1,0,0.0087890625,0.014709473,25.021973,60,222,0,0,255,2,0,1782509446.098635,134
25.02051,25.017181,0.16643757,0.3726061,1.0131531,1,1,0,0.006652832,0.014892578,25.020508,60,222,0,0,255,2,0,1782509446.098635,134
25.020506,25.017424,0.11452149,0.37566,0.7576904,1,1,0,0.0045776367,0.015014648,25.020508,60,222,0,0,255,2,0,1782509446.098635,134
25.016602,25.013638,0.061068576,0.38018152,0.75942993,1,1,0,0.0024414062,0.015197754,25.016602,60,222,0,0,255,2,0,1782509446.098635,134
25.019775,25.016838,0.009161441,0.3832836,0.72824097,1,1,0,0.00036621094,0.015319824,25.019775,60,222,0,0,255,2,0,1782509446.098635,134
25.021484,25.018442,-0.04275617,0.38789076,0.8460083,1,1,0,-0.0017089844,0.01550293,25.021484,60,222,0,0,255,2,0,1782509446.098635,134
25.00415,24.996048,0.2624193,0.5798783,0.76275635,1,1,0,0.010498047,0.02319336,25.00415,61,222,1,0,255,2,0,1782509446.098635,134
25.003176,24.995777,0.15714104,0.5874839,0.69714355,1,1,0,0.006286621,0.023498535,25.003174,61,222,1,0,255,2,0,1782509446.098635,134
24.993896,24.986763,0.05185249,0.5948913,0.92593384,1,1,0,0.0020751953,0.023803711,24.993896,61,222,1,0,255,2,0,1782509446.098635,134
25.0,24.992807,-0.0,0.5996129,0.8296509,1,1,0,-0.0,0.023986816,25.0,61,222,1,0,255,2,0,1782509446.098635,134
25.000975,24.9938,-0.053392597,0.59658533,0.6786804,1,1,0,-0.0021362305,0.023864746,25.000977,61,222,1,0,255,2,0,1782509446.098635,134
25.019289,25.012608,0.21678948,0.53595567,1.1265869,1,1,0,0.008666992,0.02142334,25.019287,26,223,0,0,255,2,0,1782509446.1983886,135
25.020506,25.014265,0.16336453,0.53445506,0.82437134,1,1,0,0.0065307617,0.021362305,25.020508,26,223,0,0,255,2,0,1782509446.1983886,135
25.01953,25.01375,0.059542123,0.5344342,0.7334595,1,1,0,0.002380371,0.021362305,25.019531,26,223,0,0,255,2,0,1782509446.1983886,135
25.016602,25.010893,0.006106175,0.5343716,0.9888916,1,1,0,0.00024414062,0.021362305,25.016602,26,223,0,0,255,2,0,1782509446.1983886,135
25.009033,25.003284,-0.045782432,0.53420997,1.1006165,1,1,0,-0.0018310547,0.021362305,25.009033,26,223,0,0,255,2,0,1782509446.1983886,135
25.01587,25.00475,0.259458,0.69920504,0.78704834,1,1,0,0.010375977,0.027954102,25.01587,27,223,1,0,255,2,0,1782509446.1983886,135
25.022459,25.011833,0.20609583,0.6993893,0.7922058,1,1,0,0.008239746,0.027954102,25.02246,27,223,1,0,255,2,0,1782509446.1983886,135
25.007566,24.997322,0.15409921,0.69897306,0.88168335,1,1,0,0.006164551,0.027954102,25.007568,27,223,1,0,255,2,0,1782509446.1983886,135
25.01587,25.006048,0.048839998,0.69920504,0.7449951,1,1,0,0.001953125,0.027954102,25.01587,27,223,1,0,255,2,0,1782509446.1983886,135
25.011475,25.001703,-0.0030519657,0.6990822,1.0713196,1,1,0,-0.00012207031,0.027954102,25.011475,27,223,1,0,255,2,0,1782509446.1983886,135
25.020506,25.018583,0.06260767,0.3038915,1.046051,1,1,0,0.0025024414,0.012145996,25.020508,28,223,0,0,255,2,0,1782509446.1983886,135
25.02124,25.01936,-0.041230675,0.30390042,0.7221985,1,1,0,-0.0016479492,0.012145996,25.02124,28,223,0,0,255,2,0,1782509446.1983886,135
25.006594,25.0017,0.15870433,0.4685409,0.8201599,1,1,0,0.0063476562,0.018737793,25.006592,29,223,1,0,255,2,0,1782509446.1983886,135
25.00171,24.997099,0.105274044,0.4684494,1.0344849,1,1,0,0.004211426,0.018737793,25.001709,29,223,1,0,255,2,0,1782509446.1983886,135
25.020752,25.016624,0.2687436,0.36650184,0.7628784,1,1,0,0.0107421875,0.0146484375,25.020752,60,223,0,0,255,2,0,1782509446.1983886,135
25.020506,25.016838,0.21682617,0.36955217,0.74816895,1,1,0,0.008666992,0.014770508,25.020508,60,223,0,0,255,2,0,1782509446.1983886,135
25.01953,25.0162,0.16337717,0.37411845,0.8520813,1,1,0,0.0065307617,0.014953613,25.019531,60,223,0,0,255,2,0,1782509446.1983886,135
25.020994,25.017902,0.11146966,0.37719434,0.80184937,1,1,0,0.0044555664,0.015075684,25.020996,60,223,0,0,255,2,0,1782509446.1983886,135
25.020264,25.017279,0.05955052,0.3817641,0.82437134,1,1,0,0.002380371,0.015258789,25.020264,60,223,0,0,255,2,0,1782509446.1983886,135
25.019533,25.016573,0.0061075618,0.38480672,0.80792236,1,1,0,0.00024414062,0.015380859,25.019531,60,223,0,0,255,2,0,1782509446.1983886,135
25.02124,25.018167,-0.045809682,0.38941398,0.7949219,1,1,0,-0.0018310547,0.015563965,25.02124,60,223,0,0,255,2,0,1782509446.1983886,135
25.015867,25.00776,0.25948924,0.5816765,0.86608887,1,1,0,0.010375977,0.023254395,25.01587,61,223,1,0,255,2,0,1782509446.1983886,135
25.008057,25.00034,0.20600112,0.5860727,0.6875305,1,1,0,0.008239746,0.0234375,25.008057,61,223,1,0,255,2,0,1782509446.1983886,135
25.009033,25.001617,0.15412569,0.58914757,0.6218567,1,1,0,0.006164551,0.02355957,25.009033,61,223,1,0,255,2,0,1782509446.1983886,135
25.013672,25.006413,0.10226068,0.5938357,0.6885376,1,1,0,0.0040893555,0.023742676,25.013672,61,223,1,0,255,2,0,1782509446.1983886,135
25.008057,25.000887,0.048829917,0.59675425,0.6557007,1,1,0,0.001953125,0.023864746,25.008057,61,223,1,0,255,2,0,1782509446.1983886,135
25.00415,24.997103,-0.0030514041,0.59360963,0.8427124,1,1,0,-0.00012207031,0.023742676,25.00415,61,223,1,0,255,2,0,1782509446.1983886,135
24.996336,24.989155,-0.056433126,0.59647465,0.7350769,1,1,0,-0.0022583008,0.023864746,24.996338,61,223,1,0,255,2,0,1782509446.1983886,135
25.031494,25.024288,0.27035347,0.53621715,0.7715454,1,1,0,0.010803223,0.02142334,25.031494,26,224,0,0,255,2,0,1782509446.298696,136
25.017332,25.011082,0.16487035,0.5343873,0.68496704,1,1,0,0.006591797,0.021362305,25.017334,26,224,0,0,255,2,0,1782509446.298696,136
25.01465,25.008904,-0.04426629,0.5343299,0.7559509,1,1,0,-0.0017700195,0.021362305,25.014648,26,224,0,0,255,2,0,1782509446.298696,136
25.009766,24.99865,0.2593947,0.69903445,0.8345032,1,1,0,0.010375977,0.027954102,25.009766,27,224,1,0,255,2,0,1782509446.298696,136
25.010254,25.000275,0.10223558,0.6990481,0.6095276,1,1,0,0.0040893555,0.027954102,25.010254,27,224,1,0,255,2,0,1782509446.298696,136
25.010254,25.000431,0.050354943,0.6990481,0.6998291,1,1,0,0.0020141602,0.027954102,25.010254,27,224,1,0,255,2,0,1782509446.298696,136
25.021484,25.018162,0.27181447,0.30390337,0.82785034,1,1,0,0.010864258,0.012145996,25.021484,28,224,0,0,255,2,0,1782509446.298696,136
25.020506,25.017694,0.21988776,0.3038915,0.87979126,1,1,0,0.0087890625,0.012145996,25.020508,28,224,0,0,255,2,0,1782509446.298696,136
25.020506,25.01866,0.0091621075,0.3038915,0.6996765,1,1,0,0.00036621094,0.012145996,25.020508,28,224,0,0,255,2,0,1782509446.298696,136
25.02124,25.019234,-0.094677724,0.30237335,0.67022705,1,1,0,-0.0037841797,0.012084961,25.02124,28,224,0,0,255,2,0,1782509446.298696,136
25.008057,25.002289,0.26248485,0.46856835,0.6321106,1,1,0,0.010498047,0.018737793,25.008057,29,224,1,0,255,2,0,1782509446.298696,136
24.998781,24.993896,0.15712923,0.46839452,0.65304565,1,1,0,0.006286621,0.018737793,24.99878,29,224,1,0,255,2,0,1782509446.298696,136
25.001955,24.997372,0.10527519,0.46692827,0.7668457,1,1,0,0.004211426,0.018676758,25.001953,29,224,1,0,255,2,0,1782509446.298696,136
25.006592,25.002176,0.051884476,0.4670149,0.7268677,1,1,0,0.0020751953,0.018676758,25.006592,29,224,1,0,255,2,0,1782509446.298696,136
25.012451,25.00809,-0.0,0.46712434,0.6690674,1,1,0,-0.0,0.018676758,25.012451,29,224,1,0,255,2,0,1782509446.298696,136
25.020264,25.016104,0.2717921,0.3664947,0.8417053,1,1,0,0.010864258,0.0146484375,25.020264,60,224,0,0,255,2,0,1782509446.298696,136
25.020508,25.016811,0.21988,0.36955217,0.711792,1,1,0,0.0087890625,0.014770508,25.020508,60,224,0,0,255,2,0,1782509446.298696,136
25.020262,25.016901,0.16796269,0.3741294,0.69189453,1,1,0,0.006713867,0.014953613,25.020264,60,224,0,0,255,2,0,1782509446.298696,136
25.020506,25.0174,0.114521384,0.37718698,0.8607483,1,1,0,0.0045776367,0.015075684,25.020508,60,224,0,0,255,2,0,1782509446.298696,136
25.020508,25.017517,0.062605,0.38176784,0.81484985,1,1,0,0.0025024414,0.015258789,25.020508,60,224,0,0,255,2,0,1782509446.298696,136
25.020752,25.017685,-0.042754874,0.38940638,0.701416,1,1,0,-0.0017089844,0.015563965,25.020752,60,224,0,0,255,2,0,1782509446.298696,136
25.010988,25.002848,0.2624907,0.58156294,0.8775635,1,1,0,0.010498047,0.023254395,25.010986,61,224,1,0,255,2,0,1782509446.298696,136
25.008055,25.000622,0.1571715,0.58912456,0.62286377,1,1,0,0.006286621,0.02355957,25.008057,61,224,1,0,255,2,0,1782509446.298696,136
25.012451,25.00518,0.10530808,0.5938067,0.6895752,1,1,0,0.004211426,0.023742676,25.012451,61,224,1,0,255,2,0,1782509446.298696,136
25.010986,25.00381,0.051887866,0.59682417,0.8775635,1,1,0,0.0020751953,0.023864746,25.010986,61,224,1,0,255,2,0,1782509446.298696,136
25.008057,25.000809,-0.051881637,0.59980613,0.6423645,1,1,0,-0.0020751953,0.023986816,25.008057,61,224,1,0,255,2,0,1782509446.298696,136
25.020506,25.014797,0.007633911,0.53445506,0.7932129,1,1,0,0.00030517578,0.021362305,25.020508,26,225,0,0,255,2,0,1782509446.3984506,137
25.009766,24.998632,0.2609205,0.69903445,0.9206238,1,1,0,0.010437012,0.027954102,25.009766,27,225,1,0,255,2,0,1782509446.3984506,137
25.018064,25.00743,0.20758598,0.6992665,0.7839966,1,1,0,0.008300781,0.027954102,25.018066,27,225,1,0,255,2,0,1782509446.3984506,137
25.014648,25.004816,-0.054942306,0.69917095,0.68136597,1,1,0,-0.0021972656,0.027954102,25.014648,27,225,1,0,255,2,0,1782509446.3984506,137
25.020994,25.017673,0.27180916,0.30389744,0.8624878,1,1,0,0.010864258,0.012145996,25.020996,28,225,0,0,255,2,0,1782509446.3984506,137
25.025146,25.023298,0.009163806,0.30394784,0.70651245,1,1,0,0.00036621094,0.012145996,25.025146,28,225,0,0,255,2,0,1782509446.3984506,137
25.008057,25.003695,-0.0015261044,0.46704227,0.6639099,1,1,0,-6.1035156e-05,0.018676758,25.008057,29,225,1,0,255,2,0,1782509446.3984506,137
25.020754,25.01656,0.27485117,0.36650184,0.9707031,1,1,0,0.010986328,0.0146484375,25.020752,60,225,0,0,255,2,0,1782509446.3984506,137
25.019773,25.016066,0.22140041,0.36954135,0.7905884,1,1,0,0.008850098,0.014770508,25.019775,60,225,0,0,255,2,0,1782509446.3984506,137
25.031738,25.028389,0.16956748,0.37277335,0.6839905,1,1,0,0.0067749023,0.014892578,25.031738,60,225,0,0,255,2,0,1782509446.3984506,137
25.019775,25.016663,0.116044916,0.37717593,0.7836609,1,1,0,0.004638672,0.015075684,25.019775,60,225,0,0,255,2,0,1782509446.3984506,137
25.020264,25.01727,0.06413133,0.3817641,1.1603699,1,1,0,0.0025634766,0.015258789,25.020264,60,225,0,0,255,2,0,1782509446.3984506,137
25.021729,25.018663,-0.041229527,0.38942158,0.95773315,1,1,0,-0.0016479492,0.015563965,25.021729,60,225,0,0,255,2,0,1782509446.3984506,137
25.01831,25.015059,-0.09313511,0.39242202,0.81918335,1,1,0,-0.0037231445,0.015686035,25.01831,60,225,0,0,255,2,0,1782509446.3984506,137
25.014648,25.00649,0.2640554,0.5816481,0.6977844,1,1,0,0.010559082,0.023254395,25.014648,61,225,1,0,255,2,0,1782509446.3984506,137
25.012451,25.00468,0.21214198,0.5861757,0.8640137,1,1,0,0.008483887,0.0234375,25.012451,61,225,1,0,255,2,0,1782509446.3984506,137
25.003172,24.995731,0.15866643,0.5890095,0.66638184,1,1,0,0.0063476562,0.02355957,25.003174,61,225,1,0,255,2,0,1782509446.3984506,137
24.99756,24.990322,0.10677082,0.5919279,0.67559814,1,1,0,0.004272461,0.02368164,24.997559,61,225,1,0,255,2,0,1782509446.3984506,137
25.003174,24.995995,0.054922923,0.5966378,0.70635986,1,1,0,0.0021972656,0.023864746,25.003174,61,225,1,0,255,2,0,1782509446.3984506,137
24.998777,24.991587,0.0015253654,0.5995836,0.76171875,1,1,0,6.1035156e-05,0.023986816,24.99878,61,225,1,0,255,2,0,1782509446.3984506,137
25.001951,24.994818,-0.050343636,0.59508306,0.7883911,1,1,0,-0.0020141602,0.023803711,25.001953,61,225,1,0,255,2,0,1782509446.3984506,137
25.021729,25.015757,0.11451385,0.53448117,0.8295593,1,1,0,0.0045776367,0.021362305,25.021729,26,226,0,0,255,2,0,1782509446.4984531,138
25.009766,25.00398,0.06257113,0.5342256,0.89450073,1,1,0,0.0025024414,0.021362305,25.009766,26,226,0,0,255,2,0,1782509446.4984531,138
25.02295,25.01295,0.1053408,0.6994029,0.750824,1,1,0,0.004211426,0.027954102,25.02295,27,226,1,0,255,2,0,1782509446.4984531,138
25.007566,24.997797,-0.0,0.69897306,0.8857727,1,1,0,-0.0,0.027954102,25.007568,27,226,1,0,255,2,0,1782509446.4984531,138
25.0271,25.023777,0.27187547,0.30397156,0.69351196,1,1,0,0.010864258,0.012145996,25.0271,28,226,0,0,255,2,0,1782509446.4984531,138
25.019285,25.016487,0.21835013,0.3038767,0.8624878,1,1,0,0.008728027,0.012145996,25.019287,28,226,0,0,255,2,0,1782509446.4984531,138
25.029053,25.026653,0.16650058,0.30399528,0.6865845,1,1,0,0.006652832,0.012145996,25.029053,28,226,0,0,255,2,0,1782509446.4984531,138
25.0,24.995117,0.1571369,0.4684174,0.899292,1,1,0,0.006286621,0.018737793,25.0,29,226,1,0,255,2,0,1782509446.4984531,138
24.991455,24.987068,-0.0,0.4682573,0.69854736,1,1,0,-0.0,0.018737793,24.991455,29,226,1,0,255,2,0,1782509446.4984531,138
25.020506,25.016352,0.27332187,0.36497128,0.75942993,1,1,0,0.010925293,0.014587402,25.020508,60,226,0,0,255,2,0,1782509446.4984531,138
25.02124,25.017544,0.21988644,0.36956298,0.726532,1,1,0,0.0087890625,0.014770508,25.02124,60,226,0,0,255,2,0,1782509446.4984531,138
25.02124,25.017902,0.1679694,0.372617,0.8417053,1,1,0,0.006713867,0.014892578,25.02124,60,226,0,0,255,2,0,1782509446.4984531,138
25.020508,25.017395,0.11604831,0.37718698,0.9837036,1,1,0,0.004638672,0.015075684,25.020508,60,226,0,0,255,2,0,1782509446.4984531,138
25.032715,25.029745,0.0626356,0.3804264,0.7958069,1,1,0,0.0025024414,0.015197754,25.032715,60,226,0,0,255,2,0,1782509446.4984531,138
25.027098,25.024136,0.010691466,0.38492313,0.70651245,1,1,0,0.0004272461,0.015380859,25.0271,60,226,0,0,255,2,0,1782509446.4984531,138
25.0271,25.024055,-0.042765763,0.3879778,0.68569946,1,1,0,-0.0017089844,0.01550293,25.0271,60,226,0,0,255,2,0,1782509446.4984531,138
25.021484,25.018227,-0.09467392,0.3924718,0.82437134,1,1,0,-0.0037841797,0.015686035,25.021484,60,226,0,0,255,2,0,1782509446.4984531,138
25.00879,25.001068,0.21058527,0.58456385,0.8078613,1,1,0,0.008422852,0.023376465,25.00879,61,226,1,0,255,2,0,1782509446.4984531,138
25.011232,25.003786,0.15871756,0.58919936,0.75115967,1,1,0,0.0063476562,0.02355957,25.01123,61,226,1,0,255,2,0,1782509446.4984531,138
24.993896,24.986721,0.053377476,0.59641635,0.7425842,1,1,0,0.0021362305,0.023864746,24.993896,61,226,1,0,255,2,0,1782509446.4984531,138
25.011475,25.004425,-0.0,0.5937835,0.7863159,1,1,0,-0.0,0.023742676,25.011475,61,226,1,0,255,2,0,1782509446.4984531,138
24.993896,24.986725,-0.05185241,0.59641635,0.7374573,1,1,0,-0.0020751953,0.023864746,24.993896,61,226,1,0,255,2,0,1782509446.4984531,138
25.02124,25.014072,0.27024308,0.53447074,0.7663269,1,1,0,0.010803223,0.021362305,25.02124,26,227,0,0,255,2,0,1782509446.598797,139
25.01123,25.001402,-0.05340884,0.6990754,0.7101135,1,1,0,-0.0021362305,0.027954102,25.01123,27,227,1,0,255,2,0,1782509446.598797,139
25.021238,25.01939,0.010689438,0.30390042,0.9776306,1,1,0,0.0004272461,0.012145996,25.02124,28,227,0,0,255,2,0,1782509446.598797,139
25.02246,25.016691,0.26263604,0.46883824,0.89071655,1,1,0,0.010498047,0.018737793,25.02246,29,227,1,0,255,2,0,1782509446.598797,139
25.008055,25.003609,0.05341355,0.46856835,0.7121582,1,1,0,0.0021362305,0.018737793,25.008057,29,227,1,0,255,2,0,1782509446.598797,139
25.012451,25.00806,-0.0,0.4686507,0.62594604,1,1,0,-0.0,0.018737793,25.012451,29,227,1,0,255,2,0,1782509446.598797,139
25.015625,25.011482,0.27021512,0.36642674,0.68237305,1,1,0,0.010803223,0.0146484375,25.015625,60,227,0,0,255,2,0,1782509446.598797,139
25.031738,25.028067,0.21692348,0.36971804,0.7472534,1,1,0,0.008666992,0.014770508,25.031738,60,227,0,0,255,2,0,1782509446.598797,139
25.028078,25.024734,0.16496035,0.37424624,0.7637329,1,1,0,0.006591797,0.014953613,25.028076,60,227,0,0,255,2,0,1782509446.598797,139
25.020262,25.01717,0.1114664,0.3771833,0.80618286,1,1,0,0.0044555664,0.015075684,25.020264,60,227,0,0,255,2,0,1782509446.598797,139
25.02905,25.026066,0.059571438,0.38189822,0.6622925,1,1,0,0.002380371,0.015258789,25.029053,60,227,0,0,255,2,0,1782509446.598797,139
25.020996,25.018036,0.007634899,0.38482925,0.82785034,1,1,0,0.00030517578,0.015380859,25.020996,60,227,0,0,255,2,0,1782509446.598797,139
25.028076,25.025003,-0.0458222,0.38952038,0.71258545,1,1,0,-0.0018310547,0.015563965,25.028076,60,227,0,0,255,2,0,1782509446.598797,139
25.018066,25.009956,0.25951204,0.58172756,0.88864136,1,1,0,0.010375977,0.023254395,25.018066,61,227,1,0,255,2,0,1782509446.598797,139
25.012451,25.004719,0.20756347,0.5861757,0.65982056,1,1,0,0.008300781,0.0234375,25.012451,61,227,1,0,255,2,0,1782509446.598797,139
25.01587,25.008451,0.15416782,0.5893086,0.7572937,1,1,0,0.006164551,0.02355957,25.01587,61,227,1,0,255,2,0,1782509446.598797,139
24.997559,24.990389,0.050334714,0.5965038,0.736084,1,1,0,0.0020141602,0.023864746,24.997559,61,227,1,0,255,2,0,1782509446.598797,139
24.998777,24.99155,-0.0030507264,0.601109,0.67559814,1,1,0,-0.00012207031,0.024047852,24.99878,61,227,1,0,255,2,0,1782509446.598797,139
25.01587,25.008722,-0.05495089,0.5954143,0.6875305,1,1,0,-0.0021972656,0.023803711,25.01587,61,227,1,0,255,2,0,1782509446.598797,139
25.026123,25.018887,0.27334955,0.5361021,0.7767334,1,1,0,0.010925293,0.02142334,25.026123,26,228,0,0,255,2,0,1782509446.6985083,140
25.012695,25.00672,0.1159988,0.53428817,0.80792236,1,1,0,0.004638672,0.021362305,25.012695,26,228,0,0,255,2,0,1782509446.6985083,140
25.0166,25.01089,0.012212349,0.5343716,0.7932129,1,1,0,0.00048828125,0.021362305,25.016602,26,228,0,0,255,2,0,1782509446.6985083,140
25.016846,25.005634,0.26404634,0.7007587,0.73883057,1,1,0,0.010559082,0.028015137,25.016846,27,228,1,0,255,2,0,1782509446.6985083,140
24.99951,24.98924,0.15862523,0.6987479,0.9423218,1,1,0,0.0063476562,0.027954102,24.999512,27,228,1,0,255,2,0,1782509446.6985083,140
24.998781,24.988785,0.10676425,0.69872737,0.651001,1,1,0,0.004272461,0.027954102,24.99878,27,228,1,0,255,2,0,1782509446.6985083,140
25.00415,24.994322,0.054919247,0.6988775,0.7442932,1,1,0,0.0021972656,0.027954102,25.00415,27,228,1,0,255,2,0,1782509446.6985083,140
25.01587,25.006044,-0.050366245,0.69920504,0.7706299,1,1,0,-0.0020141602,0.027954102,25.01587,27,228,1,0,255,2,0,1782509446.6985083,140
25.018309,25.015497,0.21986845,0.30386484,0.81918335,1,1,0,0.0087890625,0.012145996,25.01831,28,228,0,0,255,2,0,1782509446.6985083,140
25.013672,25.009256,0.05189917,0.46714714,0.7470398,1,1,0,0.0020751953,0.018676758,25.013672,29,228,1,0,255,2,0,1782509446.6985083,140
25.009766,25.005404,-0.0,0.4670742,0.7801819,1,1,0,-0.0,0.018676758,25.009766,29,228,1,0,255,2,0,1782509446.6985083,140
25.022219,25.018074,0.27028632,0.3665233,0.72473145,1,1,0,0.010803223,0.0146484375,25.022217,60,228,0,0,255,2,0,1782509446.6985083,140
25.02124,25.017899,0.1649153,0.37414402,0.709198,1,1,0,0.006591797,0.014953613,25.02124,60,228,0,0,255,2,0,1782509446.6985083,140
25.018309,25.015188,0.11298441,0.37868065,0.7724304,1,1,0,0.0045166016,0.015136719,25.01831,60,228,0,0,255,2,0,1782509446.6985083,140
25.028076,25.02509,0.061096534,0.38188332,0.72473145,1,1,0,0.0024414062,0.015258789,25.028076,60,228,0,0,255,2,0,1782509446.6985083,140
25.016602,25.013641,0.007633558,0.38476166,0.82611084,1,1,0,0.00030517578,0.015380859,25.016602,60,228,0,0,255,2,0,1782509446.6985083,140
25.017334,25.014265,-0.044275783,0.3893532,0.720459,1,1,0,-0.0017700195,0.015563965,25.017334,60,228,0,0,255,2,0,1782509446.6985083,140
25.013672,25.005547,0.26099268,0.5816254,0.69369507,1,1,0,0.010437012,0.023254395,25.013672,61,228,1,0,255,2,0,1782509446.6985083,140
25.01587,25.008137,0.20759185,0.5862557,0.78704834,1,1,0,0.008300781,0.0234375,25.01587,61,228,1,0,255,2,0,1782509446.6985083,140
25.003174,24.99575,0.15561521,0.5890095,0.82424927,1,1,0,0.006225586,0.02355957,25.003174,61,228,1,0,255,2,0,1782509446.6985083,140
25.007566,25.000303,0.10376161,0.5936908,0.76275635,1,1,0,0.0041503906,0.023742676,25.007568,61,228,1,0,255,2,0,1782509446.6985083,140
25.003172,24.996002,0.05034602,0.5966378,0.645874,1,1,0,0.0020141602,0.023864746,25.003174,61,228,1,0,255,2,0,1782509446.6985083,140
25.006592,24.999361,-0.0015258399,0.60129684,0.82836914,1,1,0,-6.1035156e-05,0.024047852,25.006592,61,228,1,0,255,2,0,1782509446.6985083,140
25.006592,24.999449,-0.05493051,0.59519345,0.7114868,1,1,0,-0.0021972656,0.023803711,25.006592,61,228,1,0,255,2,0,1782509446.6985083,140
25.028078,25.020857,0.27184373,0.53614396,0.72473145,1,1,0,0.010864258,0.02142334,25.028076,26,229,0,0,255,2,0,1782509446.798778,141
25.032225,25.025528,0.21842904,0.5362329,0.69610596,1,1,0,0.008728027,0.02142334,25.032227,26,229,0,0,255,2,0,1782509446.798778,141
25.031008,25.024742,0.16648786,0.5346793,0.6926575,1,1,0,0.006652832,0.021362305,25.031006,26,229,0,0,255,2,0,1782509446.798778,141
25.003174,24.992027,0.2623771,0.6988502,0.81399536,1,1,0,0.010498047,0.027954102,25.003174,27,229,1,0,255,2,0,1782509446.798778,141
24.993896,24.98413,-0.0,0.69859093,0.7640991,1,1,0,-0.0,0.027954102,24.993896,27,229,1,0,255,2,0,1782509446.798778,141
25.021484,25.018127,0.27334127,0.30543044,0.723938,1,1,0,0.010925293,0.012207031,25.021484,28,229,0,0,255,2,0,1782509446.798778,141
25.03247,25.030445,-0.094720155,0.3040368,0.7862549,1,1,0,-0.0037841797,0.012145996,25.03247,28,229,0,0,255,2,0,1782509446.798778,141
25.019287,25.013517,0.26260272,0.46877876,0.78704834,1,1,0,0.010498047,0.018737793,25.019287,29,229,1,0,255,2,0,1782509446.798778,141
25.018068,25.013454,0.105342925,0.4687559,0.77371216,1,1,0,0.004211426,0.018737793,25.018066,29,229,1,0,255,2,0,1782509446.798778,141
25.01587,25.011478,-0.0,0.46871474,0.7942505,1,1,0,-0.0,0.018737793,25.01587,29,229,1,0,255,2,0,1782509446.798778,141
25.009766,25.005322,-0.051891003,0.46860036,0.9411316,1,1,0,-0.0020751953,0.018737793,25.009766,29,229,1,0,255,2,0,1782509446.798778,141
25.010742,25.006628,0.27168915,0.36330244,1.1707458,1,1,0,0.010864258,0.014526367,25.010742,60,229,0,0,255,2,0,1782509446.798778,141
25.017334,25.013674,0.21832559,0.3679785,0.7741394,1,1,0,0.008728027,0.014709473,25.017334,60,229,0,0,255,2,0,1782509446.798778,141
25.019287,25.015982,0.16642958,0.37106103,0.8417053,1,1,0,0.006652832,0.014831543,25.019287,60,229,0,0,255,2,0,1782509446.798778,141
25.01831,25.015228,0.11451144,0.375627,0.7966614,1,1,0,0.0045776367,0.015014648,25.01831,60,229,0,0,255,2,0,1782509446.798778,141
25.017332,25.014397,0.009160547,0.38324618,0.80792236,1,1,0,0.00036621094,0.015319824,25.017334,60,229,0,0,255,2,0,1782509446.798778,141
25.016602,25.013363,-0.09618223,0.39086848,0.7854004,1,1,0,-0.0038452148,0.015625,25.016602,60,229,0,0,255,2,0,1782509446.798778,141
25.010986,25.002897,0.26096502,0.5800368,0.7227783,1,1,0,0.010437012,0.02319336,25.010986,61,229,1,0,255,2,0,1782509446.798778,141
25.014645,25.006973,0.20910859,0.58317447,0.7798767,1,1,0,0.008361816,0.02331543,25.014648,61,229,1,0,255,2,0,1782509446.798778,141
25.009033,25.001635,0.15717787,0.58762157,0.7449951,1,1,0,0.006286621,0.023498535,25.009033,61,229,1,0,255,2,0,1782509446.798778,141
25.015867,25.008675,0.10379636,0.59083503,0.782959,1,1,0,0.0041503906,0.023620605,25.01587,61,229,1,0,255,2,0,1782509446.798778,141
25.008059,25.00092,0.051881865,0.5952283,0.68136597,1,1,0,0.0020751953,0.023803711,25.008057,61,229,1,0,255,2,0,1782509446.798778,141
25.01587,25.008709,-0.0015264105,0.5984671,0.6782837,1,1,0,-6.1035156e-05,0.023925781,25.01587,61,229,1,0,255,2,0,1782509446.798778,141
25.031252,25.024063,0.27187857,0.53468454,0.82873535,1,1,0,0.010864258,0.021362305,25.03125,26,230,0,0,255,2,0,1782509446.898436,142
25.031252,25.024572,0.2199482,0.53468454,0.71691895,1,1,0,0.0087890625,0.021362305,25.03125,26,230,0,0,255,2,0,1782509446.898436,142
25.019287,25.0135,0.06259495,0.534429,0.82785034,1,1,0,0.0025024414,0.021362305,25.019287,26,230,0,0,255,2,0,1782509446.898436,142
25.031006,25.028975,-0.09624226,0.304019,0.68136597,1,1,0,-0.0038452148,0.012145996,25.031006,28,230,0,0,255,2,0,1782509446.898436,142
25.003176,24.998291,0.15715685,0.46847686,0.8119507,1,1,0,0.006286621,0.018737793,25.003174,29,230,1,0,255,2,0,1782509446.898436,142
24.992676,24.988289,-0.0015251641,0.46828017,0.72927856,1,1,0,-6.1035156e-05,0.018737793,24.992676,29,230,1,0,255,2,0,1782509446.898436,142
25.021236,25.0183,0.010688972,0.38330603,1.1681519,1,1,0,0.0004272461,0.015319824,25.02124,60,230,0,0,255,2,0,1782509446.898436,142
25.028076,25.025059,-0.041240066,0.38646555,0.68310547,1,1,0,-0.0016479492,0.0154418945,25.028076,60,230,0,0,255,2,0,1782509446.898436,142
25.03125,25.02802,-0.09318337,0.39109737,0.7914734,1,1,0,-0.0037231445,0.015625,25.03125,60,230,0,0,255,2,0,1782509446.898436,142
25.012207,25.004522,0.21061435,0.58311754,0.9390869,1,1,0,0.008422852,0.02331543,25.012207,61,230,1,0,255,2,0,1782509446.898436,142
25.007568,25.000364,0.10681373,0.590639,0.7381592,1,1,0,0.004272461,0.023620605,25.007568,61,230,1,0,255,2,0,1782509446.898436,142
25.01123,25.004087,0.053414576,0.5953039,0.7501221,1,1,0,0.0021362305,0.023803711,25.01123,61,230,1,0,255,2,0,1782509446.898436,142
25.012451,25.005293,0.001526202,0.59838533,0.8045044,1,1,0,6.1035156e-05,0.023925781,25.012451,61,230,1,0,255,2,0,1782509446.898436,142
25.003174,24.996037,-0.051871736,0.5951121,0.6181946,1,1,0,-0.0020751953,0.023803711,25.003174,61,230,1,0,255,2,0,1782509446.898436,142
25.009766,25.002567,0.27317125,0.5342256,0.6944885,1,1,0,0.010925293,0.021362305,25.009766,26,231,0,0,255,2,0,1782509446.9986734,143
25.019775,25.013086,0.22137405,0.53443944,0.74990845,1,1,0,0.008850098,0.021362305,25.019775,26,231,0,0,255,2,0,1782509446.9986734,143
25.028076,25.022331,-0.04123557,0.5346167,0.6631775,1,1,0,-0.0016479492,0.021362305,25.028076,26,231,0,0,255,2,0,1782509446.9986734,143
25.018309,25.007141,0.26406226,0.6992733,0.59265137,1,1,0,0.010559082,0.027954102,25.01831,27,231,1,0,255,2,0,1782509446.9986734,143
25.017332,25.006672,0.21063246,0.699246,0.60702515,1,1,0,0.008422852,0.027954102,25.017334,27,231,1,0,255,2,0,1782509446.9986734,143
25.013916,25.00364,0.15871663,0.69915044,0.46939087,1,1,0,0.0063476562,0.027954102,25.013916,27,231,1,0,255,2,0,1782509446.9986734,143
25.011475,25.001703,0.0015259829,0.6990822,0.8427124,1,1,0,6.1035156e-05,0.027954102,25.011475,27,231,1,0,255,2,0,1782509446.9986734,143
25.03125,25.027908,0.27192035,0.30554965,0.82528687,1,1,0,0.010864258,0.012207031,25.03125,28,231,0,0,255,2,0,1782509446.9986734,143
25.03247,25.02967,0.2184652,0.3040368,0.85128784,1,1,0,0.008728027,0.012145996,25.03247,28,231,0,0,255,2,0,1782509446.9986734,143
25.020506,25.018587,0.061080657,0.3038915,0.7689514,1,1,0,0.0024414062,0.012145996,25.020508,28,231,0,0,255,2,0,1782509446.9986734,143
25.006594,25.000841,0.26094356,0.4685409,0.7801819,1,1,0,0.010437012,0.018737793,25.006592,29,231,1,0,255,2,0,1782509446.9986734,143
25.010984,25.00572,0.20909812,0.46862325,1.1113281,1,1,0,0.008361816,0.018737793,25.010986,29,231,1,0,255,2,0,1782509446.9986734,143
25.008057,25.003613,0.051887456,0.46856835,0.676239,1,1,0,0.0020751953,0.018737793,25.008057,29,231,1,0,255,2,0,1782509446.9986734,143
24.999512,24.995066,-0.0533953,0.46840826,0.7763672,1,1,0,-0.0021362305,0.018737793,24.999512,29,231,1,0,255,2,0,1782509446.9986734,143
25.02246,25.018368,0.2718167,0.36194557,0.74298096,1,1,0,0.010864258,0.014465332,25.02246,60,231,0,0,255,2,0,1782509446.9986734,143
25.020508,25.01687,0.21835348,0.36649826,0.94906616,1,1,0,0.008728027,0.0146484375,25.020508,60,231,0,0,255,2,0,1782509446.9986734,143
25.02051,25.017511,-0.044281527,0.38482174,0.7706909,1,1,0,-0.0017700195,0.015380859,25.020508,60,231,0,0,255,2,0,1782509446.9986734,143
25.028078,25.02486,-0.09622644,0.38952038,0.71951294,1,1,0,-0.0038452148,0.015563965,25.028076,60,231,0,0,255,2,0,1782509446.9986734,143
25.01587,25.007814,0.26101634,0.5786236,0.7337036,1,1,0,0.010437012,0.023132324,25.01587,61,231,1,0,255,2,0,1782509446.9986734,143
25.00659,24.998955,0.20904155,0.5814608,0.69610596,1,1,0,0.008361816,0.023254395,25.006592,61,231,1,0,255,2,0,1782509446.9986734,143
25.009033,25.00167,0.1571781,0.5860956,0.6516113,1,1,0,0.006286621,0.0234375,25.009033,61,231,1,0,255,2,0,1782509446.9986734,143
25.01587,25.008764,0.051898148,0.59388787,0.74191284,1,1,0,0.0020751953,0.023742676,25.01587,61,231,1,0,255,2,0,1782509446.9986734,143
25.028078,25.022327,-0.04429005,0.5346167,0.6311035,1,1,0,-0.0017700195,0.021362305,25.028076,26,232,0,0,255,2,0,1782509447.0984552,144
25.015135,25.004488,0.20908782,0.6991846,0.64193726,1,1,0,0.008361816,0.027954102,25.015137,27,232,1,0,255,2,0,1782509447.0984552,144
25.00879,24.998804,0.103755385,0.69900715,0.82836914,1,1,0,0.0041503906,0.027954102,25.00879,27,232,1,0,255,2,0,1782509447.0984552,144
25.001953,24.992186,-0.001525402,0.6988161,0.8304138,1,1,0,-6.1035156e-05,0.027954102,25.001953,27,232,1,0,255,2,0,1782509447.0984552,144
25.021729,25.018925,0.21684425,0.30543342,0.8295593,1,1,0,0.008666992,0.012207031,25.021729,28,232,0,0,255,2,0,1782509447.0984552,144
25.015623,25.013529,0.11145018,0.3038322,0.8477478,1,1,0,0.0044555664,0.012145996,25.015625,28,232,0,0,255,2,0,1782509447.0984552,144
25.031492,25.029646,0.0076384423,0.30402493,0.7793274,1,1,0,0.00030517578,0.012145996,25.031494,28,232,0,0,255,2,0,1782509447.0984552,144
25.02197,25.020084,-0.04581319,0.3039093,0.8356323,1,1,0,-0.0018310547,0.012145996,25.021973,28,232,0,0,255,2,0,1782509447.0984552,144
25.010986,25.006388,0.10226058,0.46862325,0.8632202,1,1,0,0.0040893555,0.018737793,25.010986,29,232,1,0,255,2,0,1782509447.0984552,144
25.003176,24.998785,-0.0030516095,0.46847686,0.73916626,1,1,0,-0.00012207031,0.018737793,25.003174,29,232,1,0,255,2,0,1782509447.0984552,144
25.00415,24.999702,-0.05493107,0.46849516,0.7237854,1,1,0,-0.0021972656,0.018737793,25.00415,29,232,1,0,255,2,0,1782509447.0984552,144
25.029053,25.025377,0.21995528,0.3681509,0.7619934,1,1,0,0.0087890625,0.014709473,25.029053,60,232,0,0,255,2,0,1782509447.0984552,144
25.021482,25.0184,0.11452596,0.37567466,1.0278625,1,1,0,0.0045776367,0.015014648,25.021484,60,232,0,0,255,2,0,1782509447.0984552,144
25.020264,25.017319,0.06260451,0.3787102,0.7724304,1,1,0,0.0025024414,0.015136719,25.020264,60,232,0,0,255,2,0,1782509447.0984552,144
25.019775,25.016756,-0.042753287,0.38633737,0.7741394,1,1,0,-0.0017089844,0.0154418945,25.019775,60,232,0,0,255,2,0,1782509447.0984552,144
25.008057,25.000658,0.15717173,0.5875986,0.68136597,1,1,0,0.006286621,0.023498535,25.008057,61,232,1,0,255,2,0,1782509447.0984552,144
24.997559,24.990423,0.051860087,0.59497845,0.7032776,1,1,0,0.0020751953,0.023803711,24.997559,61,232,1,0,255,2,0,1782509447.0984552,144
25.006594,24.999527,-0.051878978,0.5921418,0.736084,1,1,0,-0.0020751953,0.02368164,25.006592,61,232,1,0,255,2,0,1782509447.0984552,144
25.020996,25.014307,0.22138485,0.5344655,0.73172,1,1,0,0.008850098,0.021362305,25.020996,26,233,0,0,255,2,0,1782509447.1985257,145
25.010256,24.99909,0.26397723,0.6990481,0.6567383,1,1,0,0.010559082,0.027954102,25.010254,27,233,1,0,255,2,0,1782509447.1985257,145
25.010254,25.000261,0.105287366,0.6990481,0.6444397,1,1,0,0.004211426,0.027954102,25.010254,27,233,1,0,255,2,0,1782509447.1985257,145
25.013672,25.010332,0.2717294,0.30533507,1.1681519,1,1,0,0.010864258,0.012207031,25.013672,28,233,0,0,255,2,0,1782509447.1985257,145
25.017334,25.015396,0.061072867,0.30537978,0.7135315,1,1,0,0.0024414062,0.012207031,25.017334,28,233,0,0,255,2,0,1782509447.1985257,145
25.02124,25.019375,0.009162369,0.30542746,0.7187195,1,1,0,0.00036621094,0.012207031,25.02124,28,233,0,0,255,2,0,1782509447.1985257,145
25.011477,25.005693,0.2609942,0.47015873,0.9390869,1,1,0,0.010437012,0.018798828,25.011475,29,233,1,0,255,2,0,1782509447.1985257,145
25.005371,25.000078,0.20905094,0.47004402,0.8960266,1,1,0,0.008361816,0.018798828,25.005371,29,233,1,0,255,2,0,1782509447.1985257,145
24.99878,24.99439,-0.0,0.46839452,0.7350769,1,1,0,-0.0,0.018737793,24.99878,29,233,1,0,255,2,0,1782509447.1985257,145
25.031982,25.027843,0.27191964,0.36513865,0.69351196,1,1,0,0.010864258,0.014587402,25.031982,60,233,0,0,255,2,0,1782509447.1985257,145
25.00757,24.999466,0.2624552,0.57995754,0.7432556,1,1,0,0.010498047,0.02319336,25.007568,61,233,1,0,255,2,0,1782509447.1985257,145
25.016846,25.009123,0.21065311,0.58475214,0.68032837,1,1,0,0.008422852,0.023376465,25.016846,61,233,1,0,255,2,0,1782509447.1985257,145
25.01953,25.012127,0.15724385,0.5878682,0.6758423,1,1,0,0.006286621,0.023498535,25.019531,61,233,1,0,255,2,0,1782509447.1985257,145
25.00415,24.996918,0.105273284,0.592084,0.8324585,1,1,0,0.004211426,0.02368164,25.00415,61,233,1,0,255,2,0,1782509447.1985257,145
25.003174,24.996037,0.051871736,0.5951121,0.7893982,1,1,0,0.0020751953,0.023803711,25.003174,61,233,1,0,255,2,0,1782509447.1985257,145
25.006592,24.999397,-0.0,0.599771,0.8016968,1,1,0,-0.0,0.023986816,25.006592,61,233,1,0,255,2,0,1782509447.1985257,145
25.000978,24.993914,-0.05186733,0.5920088,0.7125244,1,1,0,-0.0020751953,0.02368164,25.000977,61,233,1,0,255,2,0,1782509447.1985257,145
25.027102,25.019848,0.27488732,0.53612304,0.6865845,1,1,0,0.010986328,0.02142334,25.0271,26,234,0,0,255,2,0,1782509447.2981803,146
25.03003,25.023306,0.22146448,0.5361858,0.67529297,1,1,0,0.008850098,0.02142334,25.03003,26,234,0,0,255,2,0,1782509447.2981803,146
25.031252,25.024965,0.1695443,0.53468454,0.69177246,1,1,0,0.0067749023,0.021362305,25.03125,26,234,0,0,255,2,0,1782509447.2981803,146
25.009764,25.004055,0.012209012,0.5342256,0.72824097,1,1,0,0.00048828125,0.021362305,25.009766,26,234,0,0,255,2,0,1782509447.2981803,146
25.012693,25.002022,0.21211942,0.69911635,0.45602417,1,1,0,0.008483887,0.027954102,25.012695,27,234,1,0,255,2,0,1782509447.2981803,146
25.020266,25.01043,0.05495464,0.6993279,0.8168335,1,1,0,0.0021972656,0.027954102,25.020264,27,234,1,0,255,2,0,1782509447.2981803,146
25.010986,25.001215,0.0015259531,0.69906855,0.8016968,1,1,0,6.1035156e-05,0.027954102,25.010986,27,234,1,0,255,2,0,1782509447.2981803,146
25.021727,25.019627,0.11300445,0.30390635,0.8546753,1,1,0,0.0045166016,0.012145996,25.021729,28,234,0,0,255,2,0,1782509447.2981803,146
25.01685,25.011093,0.26105055,0.46873304,0.8024597,1,1,0,0.010437012,0.018737793,25.016846,29,234,1,0,255,2,0,1782509447.2981803,146
24.991455,24.987011,-0.053378094,0.4682573,0.7077637,1,1,0,-0.0021362305,0.018737793,24.991455,29,234,1,0,255,2,0,1782509447.2981803,146
25.016602,25.012518,0.2686995,0.36338755,0.80966187,1,1,0,0.0107421875,0.014526367,25.016602,60,234,0,0,255,2,0,1782509447.2981803,146
25.017332,25.014286,0.111453556,0.3740856,0.68237305,1,1,0,0.0044555664,0.014953613,25.017334,60,234,0,0,255,2,0,1782509447.2981803,146
25.01465,25.011713,0.0061063753,0.38320503,0.7576904,1,1,0,0.00024414062,0.015319824,25.014648,60,234,0,0,255,2,0,1782509447.2981803,146
25.021729,25.018703,-0.045810666,0.38636753,0.7724304,1,1,0,-0.0018310547,0.0154418945,25.021729,60,234,0,0,255,2,0,1782509447.2981803,146
25.003176,24.99514,0.2593583,0.5783299,0.6878967,1,1,0,0.010375977,0.023132324,25.003174,61,234,1,0,255,2,0,1782509447.2981803,146
25.010254,25.002594,0.20754585,0.583072,0.6793213,1,1,0,0.008300781,0.02331543,25.010254,61,234,1,0,255,2,0,1782509447.2981803,146
24.997559,24.990217,0.15405542,0.58582664,0.62023926,1,1,0,0.006164551,0.0234375,24.997559,61,234,1,0,255,2,0,1782509447.2981803,146
25.000978,24.993795,0.102209084,0.5904833,0.7565918,1,1,0,0.0040893555,0.023620605,25.000977,61,234,1,0,255,2,0,1782509447.2981803,146
25.01367,25.006573,0.048841022,0.5938357,0.6331482,1,1,0,0.001953125,0.023742676,25.013672,61,234,1,0,255,2,0,1782509447.2981803,146
25.01587,25.008709,-0.003052821,0.5984671,0.69470215,1,1,0,-0.00012207031,0.023925781,25.01587,61,234,1,0,255,2,0,1782509447.2981803,146
25.010986,25.003841,-0.054940164,0.59529805,0.81811523,1,1,0,-0.0021972656,0.023803711,25.010986,61,234,1,0,255,2,0,1782509447.2981803,146
25.01831,25.011602,0.21983422,0.53593475,0.7758789,1,1,0,0.0087890625,0.02142334,25.01831,26,235,0,0,255,2,0,1782509447.3983622,147
25.012697,25.006426,0.16789234,0.53428817,0.74472046,1,1,0,0.006713867,0.021362305,25.012695,26,235,0,0,255,2,0,1782509447.3983622,147
25.021238,25.015528,0.010687788,0.53447074,0.7628784,1,1,0,0.0004272461,0.021362305,25.02124,26,235,0,0,255,2,0,1782509447.3983622,147
25.017334,25.00663,0.21063212,0.70077235,0.6511841,1,1,0,0.008422852,0.028015137,25.017334,27,235,1,0,255,2,0,1782509447.3983622,147
25.01953,25.009209,0.15875198,0.7008339,0.6604309,1,1,0,0.0063476562,0.028015137,25.019531,27,235,1,0,255,2,0,1782509447.3983622,147
25.017334,25.007338,0.10531716,0.699246,0.6121521,1,1,0,0.004211426,0.027954102,25.017334,27,235,1,0,255,2,0,1782509447.3983622,147
25.006836,24.99701,0.053399455,0.69895256,0.64956665,1,1,0,0.0021362305,0.027954102,25.006836,27,235,1,0,255,2,0,1782509447.3983622,147
25.021238,25.0179,0.27333876,0.30390042,0.87979126,1,1,0,0.010925293,0.012145996,25.02124,28,235,0,0,255,2,0,1782509447.3983622,147
25.019773,25.016962,0.21988133,0.30388263,0.8988342,1,1,0,0.0087890625,0.012145996,25.019775,28,235,0,0,255,2,0,1782509447.3983622,147
25.02246,25.020454,-0.09468234,0.3023881,0.8607483,1,1,0,-0.0037841797,0.012084961,25.02246,28,235,0,0,255,2,0,1782509447.3983622,147
24.99878,24.993013,0.26238745,0.46839452,0.7258301,1,1,0,0.010498047,0.018737793,24.99878,29,235,1,0,255,2,0,1782509447.3983622,147
25.013672,25.009253,0.05342561,0.46714714,0.7121582,1,1,0,0.0021362305,0.018676758,25.013672,29,235,1,0,255,2,0,1782509447.3983622,147
25.005371,25.00101,-0.0,0.4669921,0.70635986,1,1,0,-0.0,0.018676758,25.005371,29,235,1,0,255,2,0,1782509447.3983622,147
25.00415,24.999737,-0.051879413,0.4669693,0.7801819,1,1,0,-0.0020751953,0.018676758,25.00415,29,235,1,0,255,2,0,1782509447.3983622,147
25.021484,25.017328,0.27333254,0.36498553,0.82785034,1,1,0,0.010925293,0.014587402,25.021484,60,235,0,0,255,2,0,1782509447.3983622,147
25.028074,25.025106,0.06262399,0.3803559,0.8009949,1,1,0,0.0025024414,0.015197754,25.028076,60,235,0,0,255,2,0,1782509447.3983622,147
25.019775,25.016836,0.010688347,0.3832836,1.0200806,1,1,0,0.0004272461,0.015319824,25.019775,60,235,0,0,255,2,0,1782509447.3983622,147
25.029053,25.025818,-0.094702646,0.39106303,0.7914734,1,1,0,-0.0037841797,0.015625,25.029053,60,235,0,0,255,2,0,1782509447.3983622,147
25.01465,25.006544,0.26252952,0.58012176,0.7029114,1,1,0,0.010498047,0.02319336,25.014648,61,235,1,0,255,2,0,1782509447.3983622,147
25.005371,24.997652,0.21055649,0.5844839,0.82424927,1,1,0,0.008422852,0.023376465,25.005371,61,235,1,0,255,2,0,1782509447.3983622,147
24.999998,24.992594,0.15864652,0.5874093,0.90133667,1,1,0,0.0063476562,0.023498535,25.0,61,235,1,0,255,2,0,1782509447.3983622,147
25.00415,24.99701,0.053399455,0.59513533,0.7227783,1,1,0,0.0021362305,0.023803711,25.00415,61,235,1,0,255,2,0,1782509447.3983622,147
25.010984,25.00379,0.0015261102,0.5998764,0.93395996,1,1,0,6.1035156e-05,0.023986816,25.010986,61,235,1,0,255,2,0,1782509447.3983622,147
25.00415,24.99705,-0.051873837,0.59360963,0.769928,1,1,0,-0.0020751953,0.023742676,25.00415,61,235,1,0,255,2,0,1782509447.3983622,147
25.014648,25.007969,0.21674928,0.5358563,0.80792236,1,1,0,0.008666992,0.02142334,25.014648,26,236,0,0,255,2,0,1782509447.4982371,148
25.02246,25.016497,0.11299032,0.5344968,0.87979126,1,1,0,0.0045166016,0.021362305,25.02246,26,236,0,0,255,2,0,1782509447.4982371,148
25.014648,25.004667,0.10225354,0.69917095,0.73062134,1,1,0,0.0040893555,0.027954102,25.014648,27,236,1,0,255,2,0,1782509447.4982371,148
25.009033,24.99921,0.050352484,0.699014,0.6577759,1,1,0,0.0020141602,0.027954102,25.009033,27,236,1,0,255,2,0,1782509447.4982371,148
25.011232,25.0014,-0.0549348,0.6990754,0.63827515,1,1,0,-0.0021972656,0.027954102,25.01123,27,236,1,0,255,2,0,1782509447.4982371,148
25.033936,25.030577,0.27347726,0.30558243,0.7307739,1,1,0,0.010925293,0.012207031,25.033936,28,236,0,0,255,2,0,1782509447.4982371,148
25.031006,25.028595,0.1680412,0.304019,0.7732544,1,1,0,0.006713867,0.012145996,25.031006,28,236,0,0,255,2,0,1782509447.4982371,148
25.032715,25.030865,0.010694341,0.30403978,0.72732544,1,1,0,0.0004272461,0.012145996,25.032715,28,236,0,0,255,2,0,1782509447.4982371,148
24.997559,24.993113,0.05339113,0.46837166,0.6376648,1,1,0,0.0021362305,0.018737793,24.997559,29,236,1,0,255,2,0,1782509447.4982371,148
25.02051,25.016315,0.2748485,0.36649826,0.8321533,1,1,0,0.010986328,0.0146484375,25.020508,60,236,0,0,255,2,0,1782509447.4982371,148
25.021238,25.017508,0.22141317,0.37109,0.87719727,1,1,0,0.008850098,0.014831543,25.02124,60,236,0,0,255,2,0,1782509447.4982371,148
25.01831,25.014938,0.16947636,0.3741002,0.8373718,1,1,0,0.0067749023,0.014953613,25.01831,60,236,0,0,255,2,0,1782509447.4982371,148
25.026125,25.02298,0.11760154,0.3787989,0.7749939,1,1,0,0.004699707,0.015136719,25.026123,60,236,0,0,255,2,0,1782509447.4982371,148
25.017332,25.01434,0.06412382,0.3817194,0.8338928,1,1,0,0.0025634766,0.015258789,25.017334,60,236,0,0,255,2,0,1782509447.4982371,148
25.020264,25.017277,0.012215468,0.3863449,1.0096741,1,1,0,0.00048828125,0.0154418945,25.020264,60,236,0,0,255,2,0,1782509447.4982371,148
25.016602,25.013536,-0.04122108,0.38934177,0.8520813,1,1,0,-0.0016479492,0.015563965,25.016602,60,236,0,0,255,2,0,1782509447.4982371,148
25.02124,25.017965,-0.09314593,0.39399496,0.80792236,1,1,0,-0.0037231445,0.01574707,25.02124,60,236,0,0,255,2,0,1782509447.4982371,148
25.00757,24.999378,0.26398027,0.58300936,0.8652649,1,1,0,0.010559082,0.02331543,25.007568,61,236,1,0,255,2,0,1782509447.4982371,148
25.000975,24.99321,0.21204466,0.58590674,0.7227783,1,1,0,0.008483887,0.0234375,25.000977,61,236,1,0,255,2,0,1782509447.4982371,148
25.01367,25.00618,0.1602591,0.5907831,0.6864929,1,1,0,0.0064086914,0.023620605,25.013672,61,236,1,0,255,2,0,1782509447.4982371,148
25.012451,25.005173,0.10683428,0.5938067,0.6998291,1,1,0,0.004272461,0.023742676,25.012451,61,236,1,0,255,2,0,1782509447.4982371,148
24.99756,24.990345,0.05491051,0.598029,0.7258301,1,1,0,0.0021972656,0.023925781,24.997559,61,236,1,0,255,2,0,1782509447.4982371,148
24.991455,24.984228,0.0015249163,0.6009329,0.82144165,1,1,0,6.1035156e-05,0.024047852,24.991455,61,236,1,0,255,2,0,1782509447.4982371,148
25.013672,25.006535,-0.050367236,0.595362,0.79833984,1,1,0,-0.0020141602,0.023803711,25.013672,61,236,1,0,255,2,0,1782509447.4982371,148
25.018066,25.008076,0.103793874,0.6992665,0.74191284,1,1,0,0.0041503906,0.027954102,25.018066,27,237,1,0,255,2,0,1782509447.598588,149
25.015623,25.01232,0.27022415,0.3038322,0.67022705,1,1,0,0.010803223,0.012145996,25.015625,28,237,0,0,255,2,0,1782509447.598588,149
25.020262,25.017477,0.2168317,0.30388856,0.82437134,1,1,0,0.008666992,0.012145996,25.020264,28,237,0,0,255,2,0,1782509447.598588,149
25.019287,25.016897,0.16490869,0.3038767,1.1984558,1,1,0,0.006591797,0.012145996,25.019287,28,237,0,0,255,2,0,1782509447.598588,149
25.027098,25.02518,0.059569333,0.30397156,0.73599243,1,1,0,0.002380371,0.012145996,25.0271,28,237,0,0,255,2,0,1782509447.598588,149
25.012207,25.00647,0.25947586,0.4686461,1.0323792,1,1,0,0.010375977,0.018737793,25.012207,29,237,1,0,255,2,0,1782509447.598588,149
25.018068,25.0132,0.1541971,0.4687559,0.6885376,1,1,0,0.006164551,0.018737793,25.018066,29,237,1,0,255,2,0,1782509447.598588,149
25.00757,25.002972,0.10224661,0.4685592,0.8652649,1,1,0,0.0040893555,0.018737793,25.007568,29,237,1,0,255,2,0,1782509447.598588,149
25.00757,25.003128,0.050360374,0.4685592,0.8632202,1,1,0,0.0020141602,0.018737793,25.007568,29,237,1,0,255,2,0,1782509447.598588,149
25.003174,24.998814,-0.003051613,0.46695107,0.7442932,1,1,0,-0.00012207031,0.018676758,25.003174,29,237,1,0,255,2,0,1782509447.598588,149
25.00879,25.00434,-0.05494126,0.46858206,1.0631409,1,1,0,-0.0021972656,0.018737793,25.00879,29,237,1,0,255,2,0,1782509447.598588,149
25.020508,25.016844,0.2214073,0.36649826,0.709198,1,1,0,0.008850098,0.0146484375,25.020508,60,237,0,0,255,2,0,1782509447.598588,149
25.017334,25.014267,0.11603381,0.3740856,0.8434143,1,1,0,0.004638672,0.014953613,25.017334,60,237,0,0,255,2,0,1782509447.598588,149
25.021729,25.018806,0.06260823,0.37720537,1.1785278,1,1,0,0.0025024414,0.015075684,25.021729,60,237,0,0,255,2,0,1782509447.598588,149
25.020506,25.017591,0.01068867,0.38176784,0.8988342,1,1,0,0.0004272461,0.015258789,25.020508,60,237,0,0,255,2,0,1782509447.598588,149
25.015625,25.012632,-0.04121959,0.38474664,0.80358887,1,1,0,-0.0016479492,0.015380859,25.015625,60,237,0,0,255,2,0,1782509447.598588,149
25.006592,24.998508,0.2639711,0.57840896,0.7801819,1,1,0,0.010559082,0.023132324,25.006592,61,237,1,0,255,2,0,1782509447.598588,149
25.008059,25.000685,0.15869787,0.5860727,0.6321106,1,1,0,0.0063476562,0.0234375,25.008057,61,237,1,0,255,2,0,1782509447.598588,149
25.014647,25.007477,0.10684412,0.58927983,0.6916199,1,1,0,0.004272461,0.02355957,25.014648,61,237,1,0,255,2,0,1782509447.598588,149
25.015867,25.008728,-0.05189807,0.5954143,0.6885376,1,1,0,-0.0020751953,0.023803711,25.01587,61,237,1,0,255,2,0,1782509447.598588,149
25.032228,25.025023,0.27341658,0.5347054,0.6865845,1,1,0,0.010925293,0.021362305,25.032227,26,238,0,0,255,2,0,1782509447.6983345,150
25.015625,25.009884,-0.04121506,0.53435075,0.638031,1,1,0,-0.0016479492,0.021362305,25.015625,26,238,0,0,255,2,0,1782509447.6983345,150
25.003418,24.992256,0.26390508,0.698857,0.5777283,1,1,0,0.010559082,0.027954102,25.003418,27,238,1,0,255,2,0,1782509447.6983345,150
24.997557,24.98689,0.21199106,0.6986933,0.6274109,1,1,0,0.008483887,0.027954102,24.997559,27,238,1,0,255,2,0,1782509447.6983345,150
25.011477,25.0012,0.15870115,0.6990822,1.1051636,1,1,0,0.0063476562,0.027954102,25.011475,27,238,1,0,255,2,0,1782509447.6983345,150
25.0,24.990175,0.053384855,0.6987615,1.0508728,1,1,0,0.0021362305,0.027954102,25.0,27,238,1,0,255,2,0,1782509447.6983345,150
24.998777,24.989012,0.0015252082,0.69872737,0.67559814,1,1,0,6.1035156e-05,0.027954102,24.99878,27,238,1,0,255,2,0,1782509447.6983345,150
25.020998,25.017624,0.2748629,0.30542448,0.7984009,1,1,0,0.010986328,0.012207031,25.020996,28,238,0,0,255,2,0,1782509447.6983345,150
25.017332,25.015211,0.117565036,0.30385298,0.723938,1,1,0,0.004699707,0.012145996,25.017334,28,238,0,0,255,2,0,1782509447.6983345,150
25.020994,25.019146,0.012216381,0.30389744,0.74298096,1,1,0,0.00048828125,0.012145996,25.020996,28,238,0,0,255,2,0,1782509447.6983345,150
25.019531,25.014238,0.21222307,0.46878335,0.6491394,1,1,0,0.008483887,0.018737793,25.019531,29,238,1,0,255,2,0,1782509447.6983345,150
25.011229,25.006325,0.16026002,0.4686278,0.7213745,1,1,0,0.0064086914,0.018737793,25.01123,29,238,1,0,255,2,0,1782509447.6983345,150
24.996098,24.99148,0.10677577,0.4683442,0.83374023,1,1,0,0.004272461,0.018737793,24.996094,29,238,1,0,255,2,0,1782509447.6983345,150
25.008057,25.003607,0.05493965,0.46856835,0.6351929,1,1,0,0.0021972656,0.018737793,25.008057,29,238,1,0,255,2,0,1782509447.6983345,150
25.019533,25.015455,0.27025804,0.3619032,0.7221985,1,1,0,0.010803223,0.014465332,25.019531,60,238,0,0,255,2,0,1782509447.6983345,150
25.019531,25.015894,0.21834496,0.36648396,0.701416,1,1,0,0.008728027,0.0146484375,25.019531,60,238,0,0,255,2,0,1782509447.6983345,150
25.01831,25.015028,0.16642323,0.3695197,0.7888794,1,1,0,0.006652832,0.014770508,25.01831,60,238,0,0,255,2,0,1782509447.6983345,150
25.0166,25.013683,0.061068688,0.3771281,0.7966614,1,1,0,0.0024414062,0.015075684,25.016602,60,238,0,0,255,2,0,1782509447.6983345,150
25.012451,25.004396,0.26098067,0.5785445,0.7244568,1,1,0,0.010437012,0.023132324,25.012451,61,238,1,0,255,2,0,1782509447.6983345,150
24.99707,24.989439,0.20896196,0.58123934,0.7845764,1,1,0,0.008361816,0.023254395,24.99707,61,238,1,0,255,2,0,1782509447.6983345,150
25.007566,25.000465,0.051880926,0.5936908,0.84887695,1,1,0,0.0020751953,0.023742676,25.007568,61,238,1,0,255,2,0,1782509447.6983345,150
25.014648,25.007448,0.27017152,0.5358563,0.67111206,1,1,0,0.010803223,0.02142334,25.014648,26,239,0,0,255,2,0,1782509447.7983127,151
24.99365,24.982525,0.2607524,0.6985841,0.41290283,1,1,0,0.010437012,0.027954102,24.993652,27,239,1,0,255,2,0,1782509447.7983127,151
25.016113,25.005478,0.20756978,0.6992119,0.5762024,1,2,0,0.008300781,0.027954102,25.016113,27,239,1,0,255,2,0,1782509447.7983127,151
25.010254,24.999998,0.15564165,0.6990481,0.46322632,1,2,0,0.006225586,0.027954102,25.010254,27,239,1,0,255,2,0,1782509447.7983127,151
25.012695,25.002714,0.102245554,0.69911635,0.48788452,1,2,0,0.0040893555,0.027954102,25.012695,27,239,1,0,255,2,0,1782509447.7983127,151
25.031738,25.029818,0.061108075,0.30402792,0.7715454,1,1,0,0.0024414062,0.012145996,25.031738,28,239,0,0,255,2,0,1782509447.7983127,151
24.996094,24.991213,0.15711236,0.4683442,0.84191895,1,1,0,0.006286621,0.018737793,24.996094,29,239,1,0,255,2,0,1782509447.7983127,151
25.017336,25.01324,0.271761,0.36187142,0.8373718,1,1,0,0.010864258,0.014465332,25.017334,60,239,0,0,255,2,0,1782509447.7983127,151
25.020506,25.016878,0.21988058,0.36497128,0.6520386,1,1,0,0.0087890625,0.014587402,25.020508,60,239,0,0,255,2,0,1782509447.7983127,151
25.016602,25.013319,0.16641186,0.36949447,0.8503418,1,1,0,0.006652832,0.014770508,25.016602,60,239,0,0,255,2,0,1782509447.7983127,151
25.010742,25.007826,0.061054386,0.37703976,0.73690796,1,1,0,0.0024414062,0.015075684,25.010742,60,239,0,0,255,2,0,1782509447.7983127,151
25.02051,25.017317,-0.096197434,0.38787562,0.8434143,1,1,0,-0.0038452148,0.01550293,25.020508,60,239,0,0,255,2,0,1782509447.7983127,151
25.012451,25.00529,0.10530854,0.5892281,0.68444824,1,1,0,0.004211426,0.02355957,25.012451,61,239,1,0,255,2,0,1782509447.7983127,151
25.00757,25.000504,0.051881004,0.59216493,0.85913086,1,1,0,0.0020751953,0.02368164,25.007568,61,239,1,0,255,2,0,1782509447.7983127,151
25.011473,25.00435,-0.0,0.59683585,0.8529663,1,1,0,-0.0,0.023864746,25.011475,61,239,1,0,255,2,0,1782509447.7983127,151
25.021729,25.015764,0.11298701,0.53448117,1.0096741,1,1,0,0.0045166016,0.021362305,25.021729,26,240,0,0,255,2,0,1782509447.8983636,152
25.015867,25.00522,0.20909394,0.69920504,0.7716675,1,1,0,0.008361816,0.027954102,25.01587,27,240,1,0,255,2,0,1782509447.8983636,152
25.010988,25.001162,0.051882368,0.69906855,0.855011,1,1,0,0.0020751953,0.027954102,25.010986,27,240,1,0,255,2,0,1782509447.8983636,152
25.032957,25.03085,0.11458294,0.30404273,0.8009949,1,1,0,0.0045776367,0.012145996,25.032959,28,240,0,0,255,2,0,1782509447.8983636,152
25.033934,25.032051,-0.042779427,0.3040546,0.8851013,1,1,0,-0.0017089844,0.012145996,25.033936,28,240,0,0,255,2,0,1782509447.8983636,152
25.033205,25.031172,-0.096250705,0.3040457,0.83654785,1,1,0,-0.0038452148,0.012145996,25.033203,28,240,0,0,255,2,0,1782509447.8983636,152
24.997068,24.992188,0.15711848,0.4683625,1.0057983,1,1,0,0.006286621,0.018737793,24.99707,29,240,1,0,255,2,0,1782509447.8983636,152
25.0,24.995554,-0.053396344,0.4684174,1.0570374,1,1,0,-0.0021362305,0.018737793,25.0,29,240,1,0,255,2,0,1782509447.8983636,152
25.031248,25.027147,0.27038437,0.36360034,0.70739746,1,1,0,0.010803223,0.014526367,25.03125,60,240,0,0,255,2,0,1782509447.8983636,152
25.031984,25.028677,0.16651404,0.37124932,0.7663269,1,1,0,0.006652832,0.014831543,25.031982,60,240,0,0,255,2,0,1782509447.8983636,152
25.019285,25.016233,0.11298913,0.3741148,0.8694153,1,1,0,0.0045166016,0.014953613,25.019287,60,240,0,0,255,2,0,1782509447.8983636,152
25.017334,25.014118,-0.09618513,0.3893532,0.8546753,1,1,0,-0.0038452148,0.015563965,25.017334,60,240,0,0,255,2,0,1782509447.8983636,152
25.01831,25.010254,0.2610418,0.57868004,0.68200684,1,1,0,0.010437012,0.023132324,25.01831,61,240,1,0,255,2,0,1782509447.8983636,152
24.999512,24.991879,0.20898236,0.58129615,0.8501282,1,1,0,0.008361816,0.023254395,24.999512,61,240,1,0,255,2,0,1782509447.8983636,152
25.011229,25.003876,0.15566579,0.58614707,0.7337036,1,1,0,0.006225586,0.0234375,25.01123,61,240,1,0,255,2,0,1782509447.8983636,152
25.020996,25.013794,0.2732939,0.5344655,0.8520813,1,1,0,0.010925293,0.021362305,25.020996,26,241,0,0,255,2,0,1782509447.9983852,153
25.020752,25.015041,-0.041223556,0.5329335,0.80792236,1,1,0,-0.0016479492,0.02130127,25.020752,26,241,0,0,255,2,0,1782509447.9983852,153
25.019775,25.013893,-0.09313077,0.53443944,0.75250244,1,1,0,-0.0037231445,0.021362305,25.019775,26,241,0,0,255,2,0,1782509447.9983852,153
25.01587,25.004702,0.2640365,0.69920504,0.67211914,1,1,0,0.010559082,0.027954102,25.01587,27,241,1,0,255,2,0,1782509447.9983852,153
25.011232,25.000956,0.1586996,0.6990754,0.68341064,1,1,0,0.0063476562,0.027954102,25.01123,27,241,1,0,255,2,0,1782509447.9983852,153
25.01953,25.009527,0.10685288,0.6993074,0.60598755,1,1,0,0.004272461,0.027954102,25.019531,27,241,1,0,255,2,0,1782509447.9983852,153
25.013672,25.003841,0.05341405,0.69914365,0.66290283,1,1,0,0.0021362305,0.027954102,25.013672,27,241,1,0,255,2,0,1782509447.9983852,153
25.017332,25.007559,0.0015263403,0.699246,0.6511841,1,1,0,6.1035156e-05,0.027954102,25.017334,27,241,1,0,255,2,0,1782509447.9983852,153
25.016846,25.01196,0.15724279,0.46873304,0.6434021,1,1,0,0.006286621,0.018737793,25.016846,29,241,1,0,255,2,0,1782509447.9983852,153
25.01465,25.010036,0.10532853,0.46869186,0.7244568,1,1,0,0.004211426,0.018737793,25.014648,29,241,1,0,255,2,0,1782509447.9983852,153
25.01123,25.006783,0.05342033,0.4686278,0.7121582,1,1,0,0.0021362305,0.018737793,25.01123,29,241,1,0,255,2,0,1782509447.9983852,153
25.021484,25.017424,0.2687522,0.36193144,0.81311035,1,1,0,0.0107421875,0.014465332,25.021484,60,241,0,0,255,2,0,1782509447.9983852,153
25.019777,25.016167,0.21529336,0.36648753,0.8581543,1,1,0,0.008605957,0.0146484375,25.019775,60,241,0,0,255,2,0,1782509447.9983852,153
25.020996,25.017733,0.16338718,0.36955938,0.7689514,1,1,0,0.0065307617,0.014770508,25.020996,60,241,0,0,255,2,0,1782509447.9983852,153
25.031006,25.027958,0.11151447,0.37429005,0.6596985,1,1,0,0.0044555664,0.014953613,25.031006,60,241,0,0,255,2,0,1782509447.9983852,153
25.015623,25.012714,0.05801299,0.37711337,0.80358887,1,1,0,0.002319336,0.015075684,25.015625,60,241,0,0,255,2,0,1782509447.9983852,153
25.008547,25.005634,0.006104891,0.3815853,1.2841797,1,1,0,0.00024414062,0.015258789,25.008545,60,241,0,0,255,2,0,1782509447.9983852,153
25.019775,25.016775,-0.045807134,0.38481048,0.7221985,1,1,0,-0.0018310547,0.015380859,25.019775,60,241,0,0,255,2,0,1782509447.9983852,153
25.01367,25.005648,0.25794095,0.57857275,0.81066895,1,1,0,0.010314941,0.023132324,25.013672,61,241,1,0,255,2,0,1782509447.9983852,153
25.00415,24.996542,0.20596983,0.581404,0.764801,1,1,0,0.008239746,0.023254395,25.00415,61,241,1,0,255,2,0,1782509447.9983852,153
25.00537,24.998028,0.15410356,0.58600974,0.690979,1,1,0,0.006164551,0.0234375,25.005371,61,241,1,0,255,2,0,1782509447.9983852,153
25.009033,25.00189,0.100716166,0.58914757,0.67111206,1,1,0,0.0040283203,0.02355957,25.009033,61,241,1,0,255,2,0,1782509447.9983852,153
25.01367,25.006548,-0.0030525571,0.59688824,0.7716675,1,1,0,-0.00012207031,0.023864746,25.013672,61,241,1,0,255,2,0,1782509447.9983852,153
25.01367,25.00663,-0.056472592,0.5907831,0.8127136,1,1,0,-0.0022583008,0.023620605,25.013672,61,241,1,0,255,2,0,1782509447.9983852,153
25.031006,25.023767,0.2764579,0.5346793,0.6926575,1,1,0,0.011047363,0.021362305,25.031006,26,242,0,0,255,2,0,1782509448.0985317,154
25.031252,25.024546,0.22300294,0.53468454,0.7767334,1,1,0,0.008911133,0.021362305,25.03125,26,242,0,0,255,2,0,1782509448.0985317,154
25.019531,25.013239,0.1709916,0.5344342,0.8295593,1,1,0,0.0068359375,0.021362305,25.019531,26,242,0,0,255,2,0,1782509448.0985317,154
25.019531,25.013538,0.119083904,0.5344342,0.8295593,1,1,0,0.004760742,0.021362305,25.019531,26,242,0,0,255,2,0,1782509448.0985317,154
25.02051,25.014713,0.06565156,0.53445506,1.0183411,1,1,0,0.0026245117,0.021362305,25.020508,26,242,0,0,255,2,0,1782509448.0985317,154
25.020508,25.014795,0.01374104,0.53445506,0.87286377,1,1,0,0.0005493164,0.021362305,25.020508,26,242,0,0,255,2,0,1782509448.0985317,154
25.019775,25.014036,-0.038168423,0.53443944,0.7905884,1,1,0,-0.0015258789,0.021362305,25.019775,26,242,0,0,255,2,0,1782509448.0985317,154
25.020506,25.014631,-0.09160673,0.53445506,0.8694153,1,1,0,-0.0036621094,0.021362305,25.020508,26,242,0,0,255,2,0,1782509448.0985317,154
25.008057,24.996876,0.26547974,0.6989867,0.74191284,1,1,0,0.010620117,0.027954102,25.008057,27,242,1,0,255,2,0,1782509448.0985317,154
25.004639,24.993958,0.2135766,0.69889116,0.67007446,1,1,0,0.008544922,0.027954102,25.004639,27,242,1,0,255,2,0,1782509448.0985317,154
25.012451,25.002155,0.16175936,0.6991095,0.7501221,1,1,0,0.0064697266,0.027954102,25.012451,27,242,1,0,255,2,0,1782509448.0985317,154
25.004148,24.994146,0.10831271,0.6988775,0.8304138,1,1,0,0.004333496,0.027954102,25.00415,27,242,1,0,255,2,0,1782509448.0985317,154
24.997557,24.987726,0.0564299,0.6986933,0.66741943,1,1,0,0.0022583008,0.027954102,24.997559,27,242,1,0,255,2,0,1782509448.0985317,154
25.007566,24.997797,0.0045772335,0.69897306,0.78326416,1,1,0,0.00018310547,0.027954102,25.007568,27,242,1,0,255,2,0,1782509448.0985317,154
25.010986,25.001167,-0.048830464,0.69906855,0.8529663,1,1,0,-0.001953125,0.027954102,25.010986,27,242,1,0,255,2,0,1782509448.0985317,154
25.028074,25.024717,0.27341324,0.3055109,0.6779175,1,1,0,0.010925293,0.012207031,25.028076,28,242,0,0,255,2,0,1782509448.0985317,154
25.0271,25.025175,0.062624164,0.30397156,0.82006836,1,1,0,0.0025024414,0.012145996,25.0271,28,242,0,0,255,2,0,1782509448.0985317,154
25.01953,25.017681,0.010688708,0.30387965,0.8667908,1,1,0,0.0004272461,0.012145996,25.019531,28,242,0,0,255,2,0,1782509448.0985317,154
24.997557,24.99317,0.001525462,0.46837166,0.6827698,1,1,0,6.1035156e-05,0.018737793,24.997559,29,242,1,0,255,2,0,1782509448.0985317,154
25.027102,25.023483,0.21841119,0.36506742,0.667511,1,1,0,0.008728027,0.014587402,25.0271,60,242,0,0,255,2,0,1782509448.0985317,154
25.015623,25.012707,0.061066303,0.37711337,0.7836609,1,1,0,0.0024414062,0.015075684,25.015625,60,242,0,0,255,2,0,1782509448.0985317,154
25.017334,25.014143,-0.09618523,0.38782644,0.80358887,1,1,0,-0.0038452148,0.01550293,25.017334,60,242,0,0,255,2,0,1782509448.0985317,154
25.012451,25.004433,0.26098105,0.57701826,0.7101135,1,1,0,0.010437012,0.023071289,25.012451,61,242,1,0,255,2,0,1782509448.0985317,154
25.00049,24.992891,0.20899083,0.57979333,1.0263062,1,1,0,0.008361816,0.02319336,25.000488,61,242,1,0,255,2,0,1782509448.0985317,154
24.999514,24.992449,0.05186429,0.59197414,0.8378296,1,1,0,0.0020751953,0.02368164,24.999512,61,242,1,0,255,2,0,1782509448.0985317,154
24.994873,24.98777,-0.05337972,0.5933894,0.76101685,1,1,0,-0.0021362305,0.023742676,24.994873,61,242,1,0,255,2,0,1782509448.0985317,154
25.01587,25.006096,-0.0,0.69920504,0.8024597,1,1,0,-0.0,0.027954102,25.01587,27,243,1,0,255,2,0,1782509448.1986246,155
25.000977,24.991156,-0.051861607,0.6987888,0.7022705,1,1,0,-0.0020751953,0.027954102,25.000977,27,243,1,0,255,2,0,1782509448.1986246,155
25.0271,25.024681,0.16648746,0.305499,0.7663269,1,1,0,0.006652832,0.012207031,25.0271,28,243,0,0,255,2,0,1782509448.1986246,155
25.02197,25.020124,0.009162644,0.3039093,0.8434143,1,1,0,0.00036621094,0.012145996,25.021973,28,243,0,0,255,2,0,1782509448.1986246,155
25.015623,25.011526,0.27021557,0.36337337,0.74642944,1,1,0,0.010803223,0.014526367,25.015625,60,243,0,0,255,2,0,1782509448.1986246,155
25.021484,25.018188,0.1649172,0.3710936,1.0806885,1,1,0,0.006591797,0.014831543,25.021484,60,243,0,0,255,2,0,1782509448.1986246,155
25.031006,25.027952,0.11304206,0.37429005,0.6545105,1,1,0,0.0045166016,0.014953613,25.031006,60,243,0,0,255,2,0,1782509448.1986246,155
25.019775,25.016861,0.0076345406,0.38175666,0.8373718,1,1,0,0.00030517578,0.015258789,25.019775,60,243,0,0,255,2,0,1782509448.1986246,155
25.020754,25.01773,-0.044281915,0.38635245,0.8460083,1,1,0,-0.0017700195,0.0154418945,25.020752,60,243,0,0,255,2,0,1782509448.1986246,155
25.009033,25.00168,0.15565212,0.5860956,0.66290283,1,1,0,0.006225586,0.0234375,25.009033,61,243,1,0,255,2,0,1782509448.1986246,155
25.019531,25.012337,0.10381156,0.5909215,0.65530396,1,1,0,0.0041503906,0.023620605,25.019531,61,243,1,0,255,2,0,1782509448.1986246,155
25.001955,24.994884,-0.054920483,0.59203196,0.7125244,1,1,0,-0.0021972656,0.02368164,25.001953,61,243,1,0,255,2,0,1782509448.1986246,155
25.021484,25.014809,0.2198624,0.5344759,0.74642944,1,1,0,0.0087890625,0.021362305,25.021484,26,244,0,0,255,2,0,1782509448.2985983,156
25.022705,25.016432,0.16795953,0.534502,0.94039917,1,1,0,0.006713867,0.021362305,25.022705,26,244,0,0,255,2,0,1782509448.2985983,156
25.01074,25.004957,0.062573574,0.53424644,0.81918335,1,1,0,0.0025024414,0.021362305,25.010742,26,244,0,0,255,2,0,1782509448.2985983,156
25.011477,25.000816,0.21058315,0.6990822,0.8632202,1,1,0,0.008422852,0.027954102,25.011475,27,244,1,0,255,2,0,1782509448.2985983,156
25.006592,24.996319,0.15867017,0.69894576,0.679718,1,1,0,0.0063476562,0.027954102,25.006592,27,244,1,0,255,2,0,1782509448.2985983,156
24.99951,24.989523,0.10524214,0.6987479,0.8276062,1,1,0,0.004211426,0.027954102,24.999512,27,244,1,0,255,2,0,1782509448.2985983,156
25.012695,25.009851,0.22134541,0.30532315,0.66763306,1,1,0,0.008850098,0.012207031,25.012695,28,244,0,0,255,2,0,1782509448.2985983,156
25.017336,25.014896,0.16947608,0.30537978,0.81918335,1,1,0,0.0067749023,0.012207031,25.017334,28,244,0,0,255,2,0,1782509448.2985983,156
25.020996,25.01888,0.116055205,0.30389744,0.712677,1,1,0,0.004638672,0.012145996,25.020996,28,244,0,0,255,2,0,1782509448.2985983,156
25.021484,25.019556,0.06413718,0.30390337,0.726532,1,1,0,0.0025634766,0.012145996,25.021484,28,244,0,0,255,2,0,1782509448.2985983,156
25.028074,25.026056,-0.09317605,0.30398342,0.7568054,1,1,0,-0.0037231445,0.012145996,25.028076,28,244,0,0,255,2,0,1782509448.2985983,156
25.013674,25.007887,0.26407012,0.46867356,0.6793213,1,1,0,0.010559082,0.018737793,25.013672,29,244,1,0,255,2,0,1782509448.2985983,156
25.014648,25.010029,0.10685502,0.46869186,0.7542114,1,1,0,0.004272461,0.018737793,25.014648,29,244,1,0,255,2,0,1782509448.2985983,156
25.014648,25.010199,0.054954134,0.46869186,0.69369507,1,1,0,0.0021972656,0.018737793,25.014648,29,244,1,0,255,2,0,1782509448.2985983,156
25.018066,25.013676,0.0015267136,0.4687559,0.7798767,1,1,0,6.1035156e-05,0.018737793,25.018066,29,244,1,0,255,2,0,1782509448.2985983,156
25.003176,24.998734,-0.050351523,0.46847686,0.883728,1,1,0,-0.0020141602,0.018737793,25.003174,29,244,1,0,255,2,0,1782509448.2985983,156
25.031248,25.027655,0.21844761,0.36360034,0.7715454,1,1,0,0.008728027,0.014526367,25.03125,60,244,0,0,255,2,0,1782509448.2985983,156
25.014648,25.011389,0.16639903,0.367939,0.7741394,1,1,0,0.006652832,0.014709473,25.014648,60,244,0,0,255,2,0,1782509448.2985983,156
25.019775,25.016768,0.11299154,0.37106827,0.9802551,1,1,0,0.0045166016,0.014831543,25.019775,60,244,0,0,255,2,0,1782509448.2985983,156
25.014648,25.011755,0.06106398,0.37557203,0.8581543,1,1,0,0.0024414062,0.015014648,25.014648,60,244,0,0,255,2,0,1782509448.2985983,156
25.018309,25.015442,0.009160929,0.37868065,0.81658936,1,1,0,0.00036621094,0.015136719,25.01831,60,244,0,0,255,2,0,1782509448.2985983,156
25.01831,25.015142,-0.09618907,0.38631475,0.8356323,1,1,0,-0.0038452148,0.0154418945,25.01831,60,244,0,0,255,2,0,1782509448.2985983,156
25.013672,25.005688,0.26099414,0.57552016,0.6649475,1,1,0,0.010437012,0.023010254,25.013672,61,244,1,0,255,2,0,1782509448.2985983,156
25.016846,25.009724,0.103800714,0.58780515,0.6895752,1,1,0,0.0041503906,0.023498535,25.016846,61,244,1,0,255,2,0,1782509448.2985983,156
25.009033,25.002003,0.051884115,0.59067357,0.726532,1,1,0,0.0020751953,0.023620605,25.009033,61,244,1,0,255,2,0,1782509448.2985983,156
25.01367,25.006563,-0.053419862,0.5938357,0.6977844,1,1,0,-0.0021362305,0.023742676,25.013672,61,244,1,0,255,2,0,1782509448.2985983,156
25.020754,25.013552,0.27023748,0.5359871,1.0131531,1,1,0,0.010803223,0.02142334,25.020752,26,245,0,0,255,2,0,1782509448.3984127,157
24.999512,24.988884,0.20743203,0.6987479,0.84399414,1,1,0,0.008300781,0.027954102,24.999512,27,245,1,0,255,2,0,1782509448.3984127,157
25.016846,25.007011,-0.05494713,0.69923234,0.86813354,1,1,0,-0.0021972656,0.027954102,25.016846,27,245,1,0,255,2,0,1782509448.3984127,157
25.017332,25.015484,0.010687769,0.30385298,0.720459,1,1,0,0.0004272461,0.012145996,25.017334,28,245,0,0,255,2,0,1782509448.3984127,157
25.013674,25.009224,0.053425547,0.46867356,0.6557007,1,1,0,0.0021362305,0.018737793,25.013672,29,245,1,0,255,2,0,1782509448.3984127,157
25.014648,25.010258,-0.0,0.46869186,0.7706299,1,1,0,-0.0,0.018737793,25.014648,29,245,1,0,255,2,0,1782509448.3984127,157
25.020266,25.016193,0.27179307,0.36038685,0.8434143,1,1,0,0.010864258,0.014404297,25.020264,60,245,0,0,255,2,0,1782509448.3984127,157
25.018312,25.015041,0.16795018,0.36799288,0.8520813,1,1,0,0.006713867,0.014709473,25.01831,60,245,0,0,255,2,0,1782509448.3984127,157
25.021973,25.018787,-0.09467604,0.38789833,0.8356323,1,1,0,-0.0037841797,0.01550293,25.021973,60,245,0,0,255,2,0,1782509448.3984127,157
25.003174,24.995142,0.2624098,0.5768043,0.8980713,1,1,0,0.010498047,0.023071289,25.003174,61,245,1,0,255,2,0,1782509448.3984127,157
25.021482,25.014153,0.15725657,0.58486056,0.7942505,1,1,0,0.006286621,0.023376465,25.021484,61,245,1,0,255,2,0,1782509448.3984127,157
25.00415,24.997026,0.10527374,0.58750683,0.7227783,1,1,0,0.004211426,0.023498535,25.00415,61,245,1,0,255,2,0,1782509448.3984127,157
25.01831,25.011278,0.051903363,0.5908927,0.6860962,1,1,0,0.0020751953,0.023620605,25.01831,61,245,1,0,255,2,0,1782509448.3984127,157
25.01465,25.008389,0.16637906,0.5343299,0.81658936,1,1,0,0.006652832,0.021362305,25.014648,26,246,0,0,255,2,0,1782509448.4983692,158
25.02295,25.01181,0.26105803,0.6994029,0.65426636,1,1,0,0.010437012,0.027954102,25.02295,27,246,1,0,255,2,0,1782509448.4983692,158
25.018064,25.008291,-0.0,0.6992665,0.72753906,1,1,0,-0.0,0.027954102,25.018066,27,246,1,0,255,2,0,1782509448.4983692,158
25.03247,25.030361,0.114580706,0.3040368,0.83306885,1,1,0,0.0045776367,0.012145996,25.03247,28,246,0,0,255,2,0,1782509448.4983692,158
25.021238,25.019392,0.009162376,0.30390042,1.096283,1,1,0,0.00036621094,0.012145996,25.02124,28,246,0,0,255,2,0,1782509448.4983692,158
25.01465,25.011023,0.2198291,0.3648858,0.96810913,1,1,0,0.0087890625,0.014587402,25.014648,60,246,0,0,255,2,0,1782509448.4983692,158
25.03125,25.027988,0.16650946,0.3681832,0.70132446,1,1,0,0.006652832,0.014709473,25.03125,60,246,0,0,255,2,0,1782509448.4983692,158
25.02905,25.026014,0.11456081,0.37273335,0.6545105,1,1,0,0.0045776367,0.014892578,25.029053,60,246,0,0,255,2,0,1782509448.4983692,158
25.03125,25.028355,0.061104506,0.3758213,0.638031,1,1,0,0.0024414062,0.015014648,25.03125,60,246,0,0,255,2,0,1782509448.4983692,158
25.032713,25.029821,0.009166195,0.3804264,0.7663269,1,1,0,0.00036621094,0.015197754,25.032715,60,246,0,0,255,2,0,1782509448.4983692,158
25.014648,25.006649,0.2625306,0.5755426,0.76345825,1,1,0,0.010498047,0.023010254,25.014648,61,246,1,0,255,2,0,1782509448.4983692,158
25.010984,25.003384,0.20907858,0.5800368,0.8980713,1,1,0,0.008361816,0.02319336,25.010986,61,246,1,0,255,2,0,1782509448.4983692,158
25.005371,24.998081,0.15715553,0.58295816,0.72891235,1,1,0,0.006286621,0.02331543,25.005371,61,246,1,0,255,2,0,1782509448.4983692,158
25.005371,24.998253,0.1037531,0.5875355,0.7791443,1,1,0,0.0041503906,0.023498535,25.005371,61,246,1,0,255,2,0,1782509448.4983692,158
25.00879,25.001759,0.051883608,0.59066784,0.803772,1,1,0,0.0020751953,0.023620605,25.00879,61,246,1,0,255,2,0,1782509448.4983692,158
24.99878,24.991697,-0.0,0.59500754,0.66741943,1,1,0,-0.0,0.023803711,24.99878,61,246,1,0,255,2,0,1782509448.4983692,158
25.005371,24.998158,-0.053401906,0.59821594,0.8119507,1,1,0,-0.0021362305,0.023925781,25.005371,61,246,1,0,255,2,0,1782509448.4983692,158
25.022217,25.014982,0.2733069,0.53601843,0.7888794,1,1,0,0.010925293,0.02142334,25.022217,26,247,0,0,255,2,0,1782509448.598384,159
25.022703,25.015982,0.22139966,0.5360289,0.7672119,1,1,0,0.008850098,0.02142334,25.022705,26,247,0,0,255,2,0,1782509448.598384,159
25.020996,25.015205,0.06412603,0.5344655,0.7819519,1,1,0,0.0025634766,0.021362305,25.020996,26,247,0,0,255,2,0,1782509448.598384,159
25.019287,25.013544,-0.04122109,0.534429,0.6970825,1,1,0,-0.0016479492,0.021362305,25.019287,26,247,0,0,255,2,0,1782509448.598384,159
25.014648,25.004646,0.10683203,0.69917095,0.6546936,1,1,0,0.004272461,0.027954102,25.014648,27,247,1,0,255,2,0,1782509448.598384,159
25.019287,25.009455,0.053426042,0.6993006,0.7716675,1,1,0,0.0021362305,0.027954102,25.019287,27,247,1,0,255,2,0,1782509448.598384,159
25.019287,25.015947,0.27179042,0.30540362,0.81137085,1,1,0,0.010864258,0.012207031,25.019287,28,247,0,0,255,2,0,1782509448.598384,159
25.019285,25.017178,0.114520356,0.3038767,0.7689514,1,1,0,0.0045776367,0.012145996,25.019287,28,247,0,0,255,2,0,1782509448.598384,159
25.013672,25.011787,-0.044271395,0.30380848,0.8477478,1,1,0,-0.0017700195,0.012145996,25.013672,28,247,0,0,255,2,0,1782509448.598384,159
25.006592,25.001987,0.10376861,0.4685409,0.77401733,1,1,0,0.0041503906,0.018737793,25.006592,29,247,1,0,255,2,0,1782509448.598384,159
25.021484,25.017035,-0.053442232,0.46881995,1.0169067,1,1,0,-0.0021362305,0.018737793,25.021484,29,247,1,0,255,2,0,1782509448.598384,159
25.009766,25.006153,0.21825993,0.36481458,0.67370605,1,1,0,0.008728027,0.014587402,25.009766,60,247,0,0,255,2,0,1782509448.598384,159
25.019531,25.016272,0.16643152,0.36801082,0.9819641,1,1,0,0.006652832,0.014709473,25.019531,60,247,0,0,255,2,0,1782509448.598384,159
25.016602,25.013596,0.112977214,0.37102118,0.9369507,1,1,0,0.0045166016,0.014831543,25.016602,60,247,0,0,255,2,0,1782509448.598384,159
25.018312,25.015417,0.06107292,0.375627,0.8434143,1,1,0,0.0024414062,0.015014648,25.01831,60,247,0,0,255,2,0,1782509448.598384,159
24.99487,24.986893,0.26079798,0.5750876,0.819397,1,1,0,0.010437012,0.023010254,24.994873,61,247,1,0,255,2,0,1782509448.598384,159
24.99487,24.987558,0.1555642,0.5842385,0.8788147,1,1,0,0.006225586,0.023376465,24.994873,61,247,1,0,255,2,0,1782509448.598384,159
24.998293,24.991175,0.10372372,0.58736914,0.7374573,1,1,0,0.0041503906,0.023498535,24.998291,61,247,1,0,255,2,0,1782509448.598384,159
24.997068,24.99001,0.05033395,0.5919163,0.8665161,1,1,0,0.0020141602,0.02368164,24.99707,61,247,1,0,255,2,0,1782509448.598384,159
25.006592,24.999508,-0.0015258489,0.59519345,0.690979,1,1,0,-6.1035156e-05,0.023803711,25.006592,61,247,1,0,255,2,0,1782509448.598384,159
25.010984,25.00388,-0.053414132,0.59377193,0.80581665,1,1,0,-0.0021362305,0.023742676,25.010986,61,247,1,0,255,2,0,1782509448.598384,159
25.010742,25.003576,0.2701297,0.53424644,0.8650818,1,1,0,0.010803223,0.021362305,25.010742,26,248,0,0,255,2,0,1782509448.6981132,160
25.02124,25.014593,0.2168067,0.53447074,0.96377563,1,1,0,0.008666992,0.021362305,25.02124,26,248,0,0,255,2,0,1782509448.6981132,160
25.011719,25.00601,0.0076312292,0.5342673,0.701416,1,1,0,0.00030517578,0.021362305,25.011719,26,248,0,0,255,2,0,1782509448.6981132,160
25.020752,25.015001,-0.045803886,0.5344603,0.7559509,1,1,0,-0.0018310547,0.021362305,25.020752,26,248,0,0,255,2,0,1782509448.6981132,160
25.006594,24.995478,0.25936177,0.69894576,0.8755188,1,1,0,0.010375977,0.027954102,25.006592,27,248,1,0,255,2,0,1782509448.6981132,160
25.01587,25.005234,0.20756775,0.69920504,0.76242065,1,1,0,0.008300781,0.027954102,25.01587,27,248,1,0,255,2,0,1782509448.6981132,160
25.009033,24.998787,0.15410824,0.699014,0.61672974,1,1,0,0.006164551,0.027954102,25.009033,27,248,1,0,255,2,0,1782509448.6981132,160
25.018066,25.008083,0.10226751,0.6992665,0.77679443,1,1,0,0.0040893555,0.027954102,25.018066,27,248,1,0,255,2,0,1782509448.6981132,160
25.014648,25.004824,0.050363787,0.69917095,0.74191284,1,1,0,0.0020141602,0.027954102,25.014648,27,248,1,0,255,2,0,1782509448.6981132,160
25.028074,25.026228,0.0076373992,0.30398342,0.6510315,1,1,0,0.00030517578,0.012145996,25.028076,28,248,0,0,255,2,0,1782509448.6981132,160
25.033205,25.02913,0.27193365,0.3605732,0.82528687,1,1,0,0.010864258,0.014404297,25.033203,60,248,0,0,255,2,0,1782509448.6981132,160
25.019285,25.01567,0.218343,0.3649535,0.9256897,1,1,0,0.008728027,0.014587402,25.019287,60,248,0,0,255,2,0,1782509448.6981132,160
25.021484,25.018225,0.16644451,0.36803955,1.0720215,1,1,0,0.006652832,0.014709473,25.021484,60,248,0,0,255,2,0,1782509448.6981132,160
25.019289,25.016314,-0.044279408,0.3832761,0.686676,1,1,0,-0.0017700195,0.015319824,25.019287,60,248,0,0,255,2,0,1782509448.6981132,160
25.014648,25.011482,-0.09617499,0.3862582,0.7984009,1,1,0,-0.0038452148,0.0154418945,25.014648,60,248,0,0,255,2,0,1782509448.6981132,160
25.010986,25.003002,0.26096612,0.57545835,0.8447571,1,1,0,0.010437012,0.023010254,25.010986,61,248,1,0,255,2,0,1782509448.6981132,160
25.021484,25.01388,0.20916635,0.58028024,0.7942505,1,1,0,0.008361816,0.02319336,25.021484,61,248,1,0,255,2,0,1782509448.6981132,160
25.014648,25.007364,0.15568751,0.58317447,0.7357483,1,1,0,0.006225586,0.02331543,25.014648,61,248,1,0,255,2,0,1782509448.6981132,160
25.011229,25.00411,0.103777416,0.5876732,0.73883057,1,1,0,0.0041503906,0.023498535,25.01123,61,248,1,0,255,2,0,1782509448.6981132,160
25.005371,24.998343,0.05187652,0.5905871,0.86117554,1,1,0,0.0020751953,0.023620605,25.005371,61,248,1,0,255,2,0,1782509448.6981132,160
25.011475,25.004389,-0.0015261468,0.5953097,0.88986206,1,1,0,-6.1035156e-05,0.023803711,25.011475,61,248,1,0,255,2,0,1782509448.6981132,160
25.020508,25.013813,0.21832679,0.53598183,0.82263184,1,1,0,0.008728027,0.02142334,25.020508,26,249,0,0,255,2,0,1782509448.7984095,161
25.02344,25.017544,-0.096198305,0.53451765,0.7819519,1,1,0,-0.0038452148,0.021362305,25.023438,26,249,0,0,255,2,0,1782509448.7984095,161
25.011232,25.000965,0.15717366,0.6990754,0.68341064,1,1,0,0.006286621,0.027954102,25.01123,27,249,1,0,255,2,0,1782509448.7984095,161
25.019531,25.016241,0.26721245,0.3054066,1.0131531,1,1,0,0.010681152,0.012207031,25.019531,28,249,0,0,255,2,0,1782509448.7984095,161
25.018312,25.015522,0.21528782,0.3053917,0.7689514,1,1,0,0.008605957,0.012207031,25.01831,28,249,0,0,255,2,0,1782509448.7984095,161
25.02905,25.026653,0.16344543,0.30552283,0.70651245,1,1,0,0.0065307617,0.012207031,25.029053,28,249,0,0,255,2,0,1782509448.7984095,161
25.019773,25.017687,0.10994172,0.30388263,0.8295593,1,1,0,0.0043945312,0.012145996,25.019775,28,249,0,0,255,2,0,1782509448.7984095,161
25.017332,25.015488,0.0045804726,0.30385298,0.82437134,1,1,0,0.00018310547,0.012145996,25.017334,28,249,0,0,255,2,0,1782509448.7984095,161
25.010742,25.008852,-0.047319047,0.3037729,0.8694153,1,1,0,-0.0018920898,0.012145996,25.010742,28,249,0,0,255,2,0,1782509448.7984095,161
25.005371,24.999651,0.2578791,0.46851802,0.8447571,1,1,0,0.010314941,0.018737793,25.005371,29,249,1,0,255,2,0,1782509448.7984095,161
25.014648,25.009409,0.20607585,0.46869186,0.7029114,1,1,0,0.008239746,0.018737793,25.014648,29,249,1,0,255,2,0,1782509448.7984095,161
25.006594,25.001738,0.1526004,0.4685409,0.7863159,1,1,0,0.0061035156,0.018737793,25.006592,29,249,1,0,255,2,0,1782509448.7984095,161
24.999758,24.995323,0.04729345,0.46841282,0.6899719,1,1,0,0.0018920898,0.018737793,24.999756,29,249,1,0,255,2,0,1782509448.7984095,161
24.997557,24.99317,-0.004576386,0.46837166,0.7668457,1,1,0,-0.00018310547,0.018737793,24.997559,29,249,1,0,255,2,0,1782509448.7984095,161
25.014648,25.010193,-0.05648064,0.46869186,0.68240356,1,1,0,-0.0022583008,0.018737793,25.014648,29,249,1,0,255,2,0,1782509448.7984095,161
25.032227,25.028131,0.27192277,0.36208683,0.70391846,1,1,0,0.010864258,0.014465332,25.032227,60,249,0,0,255,2,0,1782509448.7984095,161
25.016602,25.01295,0.21984607,0.36644104,0.7655029,1,1,0,0.0087890625,0.0146484375,25.016602,60,249,0,0,255,2,0,1782509448.7984095,161
25.020996,25.017702,0.16796806,0.36955938,0.7334595,1,1,0,0.006713867,0.014770508,25.020996,60,249,0,0,255,2,0,1782509448.7984095,161
25.0166,25.01354,0.11450371,0.37407467,0.8001404,1,1,0,0.0045776367,0.014953613,25.016602,60,249,0,0,255,2,0,1782509448.7984095,161
25.019775,25.016853,0.06260334,0.37717593,0.87112427,1,1,0,0.0025024414,0.015075684,25.019775,60,249,0,0,255,2,0,1782509448.7984095,161
25.020994,25.01808,0.010688879,0.3817753,0.87286377,1,1,0,0.0004272461,0.015258789,25.020996,60,249,0,0,255,2,0,1782509448.7984095,161
25.018312,25.015316,-0.042750824,0.38478795,0.6884155,1,1,0,-0.0017089844,0.015380859,25.01831,60,249,0,0,255,2,0,1782509448.7984095,161
25.014648,25.006615,0.26253024,0.577069,0.7675781,1,1,0,0.010498047,0.023071289,25.014648,61,249,1,0,255,2,0,1782509448.7984095,161
25.020264,25.012611,0.2106825,0.58177865,1.0117798,1,1,0,0.008422852,0.023254395,25.020264,61,249,1,0,255,2,0,1782509448.7984095,161
25.01587,25.008705,0.10532292,0.5893086,0.72753906,1,1,0,0.004211426,0.02355957,25.01587,61,249,1,0,255,2,0,1782509448.7984095,161
25.016846,25.009775,0.053426724,0.5923846,0.8291321,1,1,0,0.0021362305,0.02368164,25.016846,61,249,1,0,255,2,0,1782509448.7984095,161
25.015867,25.008745,-0.0,0.5969407,0.7809143,1,1,0,-0.0,0.023864746,25.01587,61,249,1,0,255,2,0,1782509448.7984095,161
25.014648,25.00887,0.059530504,0.5343299,0.7966614,1,1,0,0.002380371,0.021362305,25.014648,26,250,0,0,255,2,0,1782509448.8980672,162
25.015625,25.009876,-0.045794502,0.53435075,0.692749,1,1,0,-0.0018310547,0.021362305,25.015625,26,250,0,0,255,2,0,1782509448.8980672,162
25.00415,24.99352,0.20747052,0.6988775,0.6704712,1,1,0,0.008300781,0.027954102,25.00415,27,250,1,0,255,2,0,1782509448.8980672,162
25.007568,24.99759,0.102224596,0.69897306,0.9062805,1,1,0,0.0040893555,0.027954102,25.007568,27,250,1,0,255,2,0,1782509448.8980672,162
25.010986,25.005219,0.2625156,0.46862325,0.8980713,1,1,0,0.010498047,0.018737793,25.010986,29,250,1,0,255,2,0,1782509448.8980672,162
25.014648,25.009754,0.15875545,0.46869186,0.75115967,1,1,0,0.0063476562,0.018737793,25.014648,29,250,1,0,255,2,0,1782509448.8980672,162
25.019285,25.014894,0.001526788,0.46877876,0.7685852,1,1,0,6.1035156e-05,0.018737793,25.019287,29,250,1,0,255,2,0,1782509448.8980672,162
25.03247,25.028376,0.27192542,0.36209038,0.7420654,1,1,0,0.010864258,0.014465332,25.03247,60,250,0,0,255,2,0,1782509448.8980672,162
25.03003,25.0264,0.21996427,0.36511016,0.7715454,1,1,0,0.0087890625,0.014587402,25.03003,60,250,0,0,255,2,0,1782509448.8980672,162
25.015627,25.012333,0.167932,0.36948004,0.706604,1,1,0,0.006713867,0.014770508,25.015625,60,250,0,0,255,2,0,1782509448.8980672,162
25.0166,25.01368,0.0625954,0.3771281,0.7221985,1,1,0,0.0025024414,0.015075684,25.016602,60,250,0,0,255,2,0,1782509448.8980672,162
25.02124,25.018349,0.009161994,0.380252,0.7802124,1,1,0,0.00036621094,0.015197754,25.02124,60,250,0,0,255,2,0,1782509448.8980672,162
25.019775,25.01678,-0.042753328,0.38481048,0.715271,1,1,0,-0.0017089844,0.015380859,25.019775,60,250,0,0,255,2,0,1782509448.8980672,162
25.016602,25.013416,-0.094655715,0.3878151,0.7576904,1,1,0,-0.0037841797,0.01550293,25.016602,60,250,0,0,255,2,0,1782509448.8980672,162
25.00415,24.996504,0.21054682,0.581404,0.7258301,1,1,0,0.008422852,0.023254395,25.00415,61,250,1,0,255,2,0,1782509448.8980672,162
24.992676,24.985615,0.051850107,0.59181225,0.66986084,1,1,0,0.0020751953,0.02368164,24.992676,61,250,1,0,255,2,0,1782509448.8980672,162
24.998777,24.991533,-0.05186239,0.5995836,0.71765137,1,1,0,-0.0020751953,0.023986816,24.99878,61,250,1,0,255,2,0,1782509448.8980672,162
25.019531,25.012363,0.27022463,0.5344342,0.8503418,1,1,0,0.010803223,0.021362305,25.019531,26,251,0,0,255,2,0,1782509448.9982014,163
25.010988,24.999853,0.26093325,0.69906855,0.7319946,1,1,0,0.010437012,0.027954102,25.010986,27,251,1,0,255,2,0,1782509448.9982014,163
25.012451,25.001816,0.20753938,0.6991095,0.6690674,1,1,0,0.008300781,0.027954102,25.012451,27,251,1,0,255,2,0,1782509448.9982014,163
25.010986,25.001158,-0.053408317,0.69906855,0.8960266,1,1,0,-0.0021362305,0.027954102,25.010986,27,251,1,0,255,2,0,1782509448.9982014,163
25.026125,25.023724,0.1664811,0.3039597,0.71865845,1,1,0,0.006652832,0.012145996,25.026123,28,251,0,0,255,2,0,1782509448.9982014,163
24.99707,24.992628,0.05186466,0.4683625,1.0037537,1,1,0,0.0020751953,0.018737793,24.99707,29,251,1,0,255,2,0,1782509448.9982014,163
24.994873,24.990458,-0.05338546,0.46679604,0.80300903,1,1,0,-0.0021362305,0.018676758,24.994873,29,251,1,0,255,2,0,1782509448.9982014,163
25.019289,25.015211,0.2702554,0.36189967,0.67456055,1,1,0,0.010803223,0.014465332,25.019287,60,251,0,0,255,2,0,1782509448.9982014,163
25.01465,25.011026,0.21677577,0.36641243,0.715271,1,1,0,0.008666992,0.0146484375,25.014648,60,251,0,0,255,2,0,1782509448.9982014,163
25.019773,25.016727,0.11146443,0.3741221,0.74990845,1,1,0,0.0044555664,0.014953613,25.019775,60,251,0,0,255,2,0,1782509448.9982014,163
25.019773,25.01686,0.05954952,0.37717593,1.1525574,1,1,0,0.002380371,0.015075684,25.019775,60,251,0,0,255,2,0,1782509448.9982014,163
25.01831,25.01531,-0.045804452,0.38478795,0.712677,1,1,0,-0.0018310547,0.015380859,25.01831,60,251,0,0,255,2,0,1782509448.9982014,163
25.009766,25.001728,0.25942665,0.5784824,0.7555847,1,1,0,0.010375977,0.023132324,25.009766,61,251,1,0,255,2,0,1782509448.9982014,163
25.001953,24.994612,0.1540825,0.58592963,0.7330322,1,1,0,0.006164551,0.0234375,25.001953,61,251,1,0,255,2,0,1782509448.9982014,163
25.019289,25.012136,0.10228409,0.58938915,0.84350586,1,1,0,0.0040893555,0.02355957,25.019287,61,251,1,0,255,2,0,1782509448.9982014,163
25.014648,25.007524,-0.0030526763,0.59691155,0.6998291,1,1,0,-0.00012207031,0.023864746,25.014648,61,251,1,0,255,2,0,1782509448.9982014,163
25.018066,25.010773,-0.054955393,0.60157275,0.6977844,1,1,0,-0.0021972656,0.024047852,25.018066,61,251,1,0,255,2,0,1782509448.9982014,163
25.027098,25.021315,0.061087318,0.5345959,0.6596985,1,1,0,0.0024414062,0.021362305,25.0271,26,252,0,0,255,2,0,1782509449.098369,164
25.00122,24.99058,0.2089715,0.6987956,0.5992737,1,1,0,0.008361816,0.027954102,25.00122,27,252,1,0,255,2,0,1782509449.098369,164
25.00586,24.996033,-0.05339737,0.69892526,0.65878296,1,1,0,-0.0021362305,0.027954102,25.00586,27,252,1,0,255,2,0,1782509449.098369,164
25.015627,25.012285,0.27175063,0.30535892,0.710083,1,1,0,0.010864258,0.012207031,25.015625,28,252,0,0,255,2,0,1782509449.098369,164
25.01953,25.016718,0.21987918,0.30387965,0.8581543,1,1,0,0.0087890625,0.012145996,25.019531,28,252,0,0,255,2,0,1782509449.098369,164
25.018309,25.016201,0.114515886,0.30386484,0.66763306,1,1,0,0.0045776367,0.012145996,25.01831,28,252,0,0,255,2,0,1782509449.098369,164
25.014647,25.0128,0.009159962,0.30382034,0.8503418,1,1,0,0.00036621094,0.012145996,25.014648,28,252,0,0,255,2,0,1782509449.098369,164
25.009766,25.00488,0.15719828,0.46860036,0.764801,1,1,0,0.006286621,0.018737793,25.009766,29,252,1,0,255,2,0,1782509449.098369,164
25.019533,25.0155,0.27025852,0.35884938,0.8373718,1,1,0,0.010803223,0.014343262,25.019531,60,252,0,0,255,2,0,1782509449.098369,164
25.020752,25.017195,0.21682926,0.36192086,0.9196167,1,1,0,0.008666992,0.014465332,25.020752,60,252,0,0,255,2,0,1782509449.098369,164
25.02051,25.01728,0.16491121,0.36649826,1.0867615,1,1,0,0.006591797,0.0146484375,25.020508,60,252,0,0,255,2,0,1782509449.098369,164
25.01831,25.015326,0.11298503,0.3695197,0.74124146,1,1,0,0.0045166016,0.014770508,25.01831,60,252,0,0,255,2,0,1782509449.098369,164
25.019775,25.01693,0.05954969,0.3725952,0.74124146,1,1,0,0.002380371,0.014892578,25.019775,60,252,0,0,255,2,0,1782509449.098369,164
25.017332,25.014488,0.0076338165,0.37713912,0.6944885,1,1,0,0.00030517578,0.015075684,25.017334,60,252,0,0,255,2,0,1782509449.098369,164
25.019531,25.016577,-0.04580677,0.38175294,0.80966187,1,1,0,-0.0018310547,0.015258789,25.019531,60,252,0,0,255,2,0,1782509449.098369,164
25.003174,24.995245,0.25935936,0.57375294,0.8016968,1,1,0,0.010375977,0.022949219,25.003174,61,252,1,0,255,2,0,1782509449.098369,164
24.99756,24.990046,0.20744167,0.5766747,0.7125244,1,1,0,0.008300781,0.023071289,24.997559,61,252,1,0,255,2,0,1782509449.098369,164
24.998291,24.991047,0.15558593,0.5812677,1.0263062,1,1,0,0.006225586,0.023254395,24.998291,61,252,1,0,255,2,0,1782509449.098369,164
25.013672,25.006594,0.102261424,0.5862043,0.70703125,1,1,0,0.0040893555,0.0234375,25.013672,61,252,1,0,255,2,0,1782509449.098369,164
25.014647,25.007654,0.05036949,0.58927983,0.6351929,1,1,0,0.0020141602,0.02355957,25.014648,61,252,1,0,255,2,0,1782509449.098369,164
25.003176,24.996164,-0.0015256448,0.59206086,0.6622925,1,1,0,-6.1035156e-05,0.02368164,25.003174,61,252,1,0,255,2,0,1782509449.098369,164
25.01367,25.006489,-0.054945983,0.59688824,0.8024597,1,1,0,-0.0021972656,0.023864746,25.013672,61,252,1,0,255,2,0,1782509449.098369,164
25.026121,25.02041,0.009162748,0.53457505,0.71865845,1,1,0,0.00036621094,0.021362305,25.026123,26,253,0,0,255,2,0,1782509449.1986692,165
25.006592,24.996822,-0.0,0.69894576,0.6899719,1,1,0,-0.0,0.027954102,25.006592,27,253,1,0,255,2,0,1782509449.1986692,165
25.03125,25.028418,0.219982,0.30554965,0.7767334,1,1,0,0.0087890625,0.012207031,25.03125,28,253,0,0,255,2,0,1782509449.1986692,165
24.99829,24.993845,-0.053392693,0.46838537,1.0365295,1,1,0,-0.0021362305,0.018737793,24.998291,29,253,1,0,255,2,0,1782509449.1986692,165
25.027102,25.023027,0.27186733,0.36048532,0.72473145,1,1,0,0.010864258,0.014404297,25.0271,60,253,0,0,255,2,0,1782509449.1986692,165
25.030031,25.026423,0.21996447,0.3635826,0.71606445,1,1,0,0.0087890625,0.014526367,25.03003,60,253,0,0,255,2,0,1782509449.1986692,165
25.01831,25.015074,0.16642354,0.36646608,0.75942993,1,1,0,0.006652832,0.0146484375,25.01831,60,253,0,0,255,2,0,1782509449.1986692,165
25.021727,25.018713,0.11452739,0.37109724,1.0980225,1,1,0,0.0045776367,0.014831543,25.021729,60,253,0,0,255,2,0,1782509449.1986692,165
25.02124,25.018372,0.009162002,0.378725,0.7888794,1,1,0,0.00036621094,0.015136719,25.02124,60,253,0,0,255,2,0,1782509449.1986692,165
25.02124,25.018291,-0.04275591,0.38177902,0.673584,1,1,0,-0.0017089844,0.015258789,25.02124,60,253,0,0,255,2,0,1782509449.1986692,165
25.019775,25.016607,-0.0961947,0.38633737,0.9949646,1,1,0,-0.0038452148,0.0154418945,25.019775,60,253,0,0,255,2,0,1782509449.1986692,165
25.006592,24.998594,0.26244605,0.57535726,0.7596741,1,1,0,0.010498047,0.023010254,25.006592,61,253,1,0,255,2,0,1782509449.1986692,165
25.004148,24.996584,0.20902172,0.5783525,0.78326416,1,1,0,0.008361816,0.023132324,25.00415,61,253,1,0,255,2,0,1782509449.1986692,165
25.001953,24.994663,0.15713404,0.5828785,0.6602173,1,1,0,0.006286621,0.02331543,25.001953,61,253,1,0,255,2,0,1782509449.1986692,165
24.997559,24.990479,0.10372083,0.58582664,0.69714355,1,1,0,0.0041503906,0.0234375,24.997559,61,253,1,0,255,2,0,1782509449.1986692,165
25.008059,25.001028,0.051882092,0.5906505,0.631073,1,1,0,0.0020751953,0.023620605,25.008057,61,253,1,0,255,2,0,1782509449.1986692,165
25.00415,24.997103,-0.0,0.59360963,0.7227783,1,1,0,-0.0,0.023742676,25.00415,61,253,1,0,255,2,0,1782509449.1986692,165
24.99414,24.986929,-0.05337792,0.59794724,0.690979,1,1,0,-0.0021362305,0.023925781,24.99414,61,253,1,0,255,2,0,1782509449.1986692,165
25.017332,25.006197,0.26099947,0.699246,0.6286011,1,1,0,0.010437012,0.027954102,25.017334,27,254,1,0,255,2,0,1782509449.2982717,166
25.006836,24.996204,0.20749281,0.69895256,0.47351074,1,1,0,0.008300781,0.027954102,25.006836,27,254,1,0,255,2,0,1782509449.2982717,166
25.02417,25.013908,0.15572825,0.6994371,1.1328735,1,1,0,0.006225586,0.027954102,25.02417,27,254,1,0,255,2,0,1782509449.2982717,166
25.023926,25.013933,0.103818186,0.6994302,0.67993164,1,1,0,0.0041503906,0.027954102,25.023926,27,254,1,0,255,2,0,1782509449.2982717,166
25.01587,25.006044,0.050366245,0.69920504,0.71728516,1,1,0,0.0020141602,0.027954102,25.01587,27,254,1,0,255,2,0,1782509449.2982717,166
25.020266,25.017847,0.16644199,0.30541554,0.7221985,1,1,0,0.006652832,0.012207031,25.020264,28,254,0,0,255,2,0,1782509449.2982717,166
24.999754,24.994492,0.20900422,0.46841282,0.6571655,1,1,0,0.008361816,0.018737793,24.999756,29,254,1,0,255,2,0,1782509449.2982717,166
25.000488,24.9961,-0.0,0.46842656,0.9197693,1,1,0,-0.0,0.018737793,25.000488,29,254,1,0,255,2,0,1782509449.2982717,166
25.02246,25.019201,0.166451,0.3680539,0.8295593,1,1,0,0.006652832,0.014709473,25.02246,60,254,0,0,255,2,0,1782509449.2982717,166
25.03003,25.026999,0.11303775,0.3727479,0.69869995,1,1,0,0.0045166016,0.014892578,25.03003,60,254,0,0,255,2,0,1782509449.2982717,166
25.032469,25.029577,0.009166106,0.38042268,0.7403259,1,1,0,0.00036621094,0.015197754,25.03247,60,254,0,0,255,2,0,1782509449.2982717,166
25.031252,25.028275,-0.04430058,0.38345936,0.69003296,1,1,0,-0.0017700195,0.015319824,25.03125,60,254,0,0,255,2,0,1782509449.2982717,166
25.031006,25.027813,-0.09623779,0.38803837,0.85562134,1,1,0,-0.0038452148,0.01550293,25.031006,60,254,0,0,255,2,0,1782509449.2982717,166
25.006592,24.998575,0.2609199,0.57688314,0.8324585,1,1,0,0.010437012,0.023071289,25.006592,61,254,1,0,255,2,0,1782509449.2982717,166
25.004148,24.99655,0.20902143,0.5798783,0.7678833,1,1,0,0.008361816,0.02319336,25.00415,61,254,1,0,255,2,0,1782509449.2982717,166
25.007568,25.000252,0.15564322,0.5845353,0.7586365,1,1,0,0.006225586,0.023376465,25.007568,61,254,1,0,255,2,0,1782509449.2982717,166
25.003176,24.996058,0.103743985,0.5874839,0.6930237,1,1,0,0.0041503906,0.023498535,25.003174,61,254,1,0,255,2,0,1782509449.2982717,166
25.000488,24.993406,-0.0015254765,0.5950482,1.0263062,1,1,0,-6.1035156e-05,0.023803711,25.000488,61,254,1,0,255,2,0,1782509449.2982717,166
24.993896,24.986649,-0.053377323,0.5994665,0.69955444,1,1,0,-0.0021362305,0.023986816,24.993896,61,254,1,0,255,2,0,1782509449.2982717,166
25.016603,25.010891,-0.042743262,0.5328451,0.74124146,1,1,0,-0.0017089844,0.02130127,25.016602,26,255,0,0,255,2,0,1782509449.398468,167
25.01074,25.004883,-0.096149616,0.53272027,0.6468506,1,1,0,-0.0038452148,0.02130127,25.010742,26,255,0,0,255,2,0,1782509449.398468,167
24.996336,24.986078,0.15708008,0.6986591,0.6274109,1,1,0,0.006286621,0.027954102,24.996338,27,255,1,0,255,2,0,1782509449.398468,167
25.00415,24.994366,-0.053393807,0.697352,0.6817627,1,1,0,-0.0021362305,0.027893066,25.00415,27,255,1,0,255,2,0,1782509449.398468,167
25.020996,25.018166,0.2198919,0.30542448,0.7784729,1,1,0,0.0087890625,0.012207031,25.020996,28,255,0,0,255,2,0,1782509449.398468,167
25.02124,25.01884,0.16644861,0.30390042,0.8460083,1,1,0,0.006652832,0.012145996,25.02124,28,255,0,0,255,2,0,1782509449.398468,167
25.012451,25.008007,0.051896576,0.4686507,0.73062134,1,1,0,0.0020751953,0.018737793,25.012451,29,255,1,0,255,2,0,1782509449.398468,167
25.017334,25.013296,0.26870784,0.36034465,0.8520813,1,1,0,0.0107421875,0.014404297,25.017334,60,255,0,0,255,2,0,1782509449.398468,167
25.021484,25.017918,0.21530844,0.36345848,0.9239502,1,1,0,0.008605957,0.014526367,25.021484,60,255,0,0,255,2,0,1782509449.398468,167
25.01074,25.007502,0.16332036,0.36788154,0.66677856,1,1,0,0.0065307617,0.014709473,25.010742,60,255,0,0,255,2,0,1782509449.398468,167
25.019773,25.01678,0.10993774,0.37106827,0.9109802,1,1,0,0.0043945312,0.014831543,25.019775,60,255,0,0,255,2,0,1782509449.398468,167
25.008545,25.00566,0.057996627,0.37548038,0.87286377,1,1,0,0.002319336,0.015014648,25.008545,60,255,0,0,255,2,0,1782509449.398468,167
25.019775,25.016909,0.0061076437,0.37870282,1.0945435,1,1,0,0.00024414062,0.015136719,25.019775,60,255,0,0,255,2,0,1782509449.398468,167
25.017336,25.014355,-0.04732946,0.38324618,0.81658936,1,1,0,-0.0018920898,0.015319824,25.017334,60,255,0,0,255,2,0,1782509449.398468,167
25.01367,25.005718,0.2579417,0.57552016,0.6875305,1,1,0,0.010314941,0.023010254,25.013672,61,255,1,0,255,2,0,1782509449.398468,167
25.003176,24.995602,0.20596208,0.5798556,0.65509033,1,1,0,0.008239746,0.02319336,25.003174,61,255,1,0,255,2,0,1782509449.398468,167
25.009033,25.00177,0.15260059,0.5830435,0.6321106,1,1,0,0.0061035156,0.02331543,25.009033,61,255,1,0,255,2,0,1782509449.398468,167
25.00415,24.997046,0.10069665,0.58750683,0.79556274,1,1,0,0.0040283203,0.023498535,25.00415,61,255,1,0,255,2,0,1782509449.398468,167
25.005371,24.998348,0.04882496,0.5905871,0.7125244,1,1,0,0.001953125,0.023620605,25.005371,61,255,1,0,255,2,0,1782509449.398468,167
25.005371,24.998287,-0.004577323,0.5951644,0.7319946,1,1,0,-0.00018310547,0.023803711,25.005371,61,255,1,0,255,2,0,1782509449.398468,167
25.010984,25.003763,-0.056466118,0.5983503,0.85092163,1,1,0,-0.0022583008,0.023925781,25.010986,61,255,1,0,255,2,0,1782509449.398468,167
25.00415,24.993004,0.26238737,0.6988775,0.7227783,1,1,0,0.010498047,0.027954102,25.00415,27,0,1,0,255,2,0,1782509449.498195,168
24.992674,24.982037,0.20890006,0.6985568,0.6954651,1,1,0,0.008361816,0.027954102,24.992676,27,0,1,0,255,2,0,1782509449.498195,168
25.009766,25.006426,0.27168697,0.3052874,0.686676,1,1,0,0.010864258,0.012207031,25.009766,28,0,0,0,255,2,0,1782509449.498195,168
25.022217,25.019817,0.1664551,0.30391225,0.72732544,1,1,0,0.006652832,0.012145996,25.022217,28,0,0,0,255,2,0,1782509449.498195,168
25.02075,25.018904,0.009162197,0.3038945,1.0867615,1,1,0,0.00036621094,0.012145996,25.020752,28,0,0,0,255,2,0,1782509449.498195,168
25.013672,25.009253,-0.05342561,0.46714714,0.7716675,1,1,0,-0.0021362305,0.018676758,25.013672,29,0,1,0,255,2,0,1782509449.498195,168
25.019773,25.016882,0.010688366,0.38022974,1.2434998,1,1,0,0.0004272461,0.015197754,25.019775,60,0,0,0,255,2,0,1782509449.498195,168
25.026123,25.022936,-0.09469174,0.38796267,0.644104,1,1,0,-0.0037841797,0.01550293,25.026123,60,0,0,0,255,2,0,1782509449.498195,168
25.004148,24.996538,0.2105471,0.5798783,0.8632202,1,1,0,0.008422852,0.02319336,25.00415,61,0,1,0,255,2,0,1782509449.498195,168
24.992674,24.985353,0.15707552,0.5841872,0.74053955,1,1,0,0.006286621,0.023376465,24.992676,61,0,1,0,255,2,0,1782509449.498195,168
25.000978,24.99391,0.053392835,0.5920088,0.7125244,1,1,0,0.0021362305,0.02368164,25.000977,61,0,1,0,255,2,0,1782509449.498195,168
25.000978,24.993895,-0.0,0.5950598,0.6786804,1,1,0,-0.0,0.023803711,25.000977,61,0,1,0,255,2,0,1782509449.498195,168
25.011473,25.004225,-0.051888727,0.5998881,0.96881104,1,1,0,-0.0020751953,0.023986816,25.011475,61,0,1,0,255,2,0,1782509449.498195,168
25.032469,25.025818,0.21690398,0.5347106,0.82180786,1,1,0,0.008666992,0.021362305,25.03247,26,1,0,0,255,2,0,1782509449.5985343,169
25.0271,25.02135,-0.044288322,0.5345959,0.69525146,1,1,0,-0.0017700195,0.021362305,25.0271,26,1,0,0,255,2,0,1782509449.5985343,169
25.010254,24.999138,0.25939977,0.6990481,0.66085815,1,1,0,0.010375977,0.027954102,25.010254,27,1,1,0,255,2,0,1782509449.5985343,169
25.019287,25.009304,0.1022725,0.6993006,0.7152405,1,1,0,0.0040893555,0.027954102,25.019287,27,1,1,0,255,2,0,1782509449.5985343,169
25.006838,24.997007,-0.054925147,0.69895256,0.45458984,1,1,0,-0.0021972656,0.027954102,25.006836,27,1,1,0,255,2,0,1782509449.5985343,169
25.031494,25.028675,0.2184565,0.30555263,0.68743896,1,1,0,0.008728027,0.012207031,25.031494,28,1,0,0,255,2,0,1782509449.5985343,169
25.02905,25.026634,0.16650045,0.30552283,0.7897339,1,1,0,0.006652832,0.012207031,25.029053,28,1,0,0,255,2,0,1782509449.5985343,169
25.032715,25.030594,0.11305399,0.30556753,0.7897339,1,1,0,0.0045166016,0.012207031,25.032715,28,1,0,0,255,2,0,1782509449.5985343,169
24.99756,24.992956,0.10373112,0.46837166,0.66329956,1,1,0,0.0041503906,0.018737793,24.997559,29,1,1,0,255,2,0,1782509449.5985343,169
25.009033,25.00459,0.051889483,0.46858665,0.63827515,1,1,0,0.0020751953,0.018737793,25.009033,29,1,1,0,255,2,0,1782509449.5985343,169
25.022707,25.018612,0.27181935,0.36194912,0.8650818,1,1,0,0.010864258,0.014465332,25.022705,60,1,0,0,255,2,0,1782509449.5985343,169
25.019773,25.016481,0.16795987,0.36954135,1.051239,1,1,0,0.006713867,0.014770508,25.019775,60,1,0,0,255,2,0,1782509449.5985343,169
25.020506,25.017447,0.11452159,0.37413305,1.0183411,1,1,0,0.0045776367,0.014953613,25.020508,60,1,0,0,255,2,0,1782509449.5985343,169
25.02124,25.018246,-0.04275583,0.384833,0.8390808,1,1,0,-0.0017089844,0.015380859,25.02124,60,1,0,0,255,2,0,1782509449.5985343,169
25.013672,25.005602,0.26251963,0.57857275,0.62802124,1,1,0,0.010498047,0.023132324,25.013672,61,1,1,0,255,2,0,1782509449.5985343,169
25.005371,24.99821,0.10527873,0.5890613,0.78530884,1,1,0,0.004211426,0.02355957,25.005371,61,1,1,0,255,2,0,1782509449.5985343,169
25.00415,24.99705,0.051873837,0.59360963,0.81811523,1,1,0,0.0020751953,0.023742676,25.00415,61,1,1,0,255,2,0,1782509449.5985343,169
25.009766,25.002481,-0.05188511,0.6013732,0.77401733,1,1,0,-0.0020751953,0.024047852,25.009766,61,1,1,0,255,2,0,1782509449.5985343,169
25.020506,25.01455,0.111454725,0.53445506,0.726532,1,1,0,0.0044555664,0.021362305,25.020508,26,2,0,0,255,2,0,1782509449.6987717,170
25.02075,25.009586,0.2595082,0.7008681,0.5905762,1,1,0,0.010375977,0.028015137,25.020752,27,2,1,0,255,2,0,1782509449.6987717,170
25.003174,24.993404,-0.0030509527,0.6988502,0.78326416,1,1,0,-0.00012207031,0.027954102,25.003174,27,2,1,0,255,2,0,1782509449.6987717,170
25.02197,25.019156,0.21837342,0.3054364,0.7741394,1,1,0,0.008728027,0.012207031,25.021973,28,2,0,0,255,2,0,1782509449.6987717,170
25.020752,25.01887,-0.0427569,0.3038945,0.695343,1,1,0,-0.0017089844,0.012145996,25.020752,28,2,0,0,255,2,0,1782509449.6987717,170
25.009031,25.004642,-0.0,0.46858665,0.67419434,1,1,0,-0.0,0.018737793,25.009033,29,2,1,0,255,2,0,1782509449.6987717,170
25.01465,25.010595,0.27020553,0.36030596,0.7854004,1,1,0,0.010803223,0.014404297,25.014648,60,2,0,0,255,2,0,1782509449.6987717,170
25.032227,25.028624,0.2169283,0.36514223,0.8009949,1,1,0,0.008666992,0.014587402,25.032227,60,2,0,0,255,2,0,1782509449.6987717,170
25.019775,25.016752,0.11146454,0.3725952,0.7949219,1,1,0,0.0044555664,0.014892578,25.019775,60,2,0,0,255,2,0,1782509449.6987717,170
25.017334,25.014442,0.05954377,0.37561235,0.81484985,1,1,0,0.002380371,0.015014648,25.017334,60,2,0,0,255,2,0,1782509449.6987717,170
25.005371,24.997372,0.25938144,0.57685494,0.7535095,1,1,0,0.010375977,0.023071289,25.005371,61,2,1,0,255,2,0,1782509449.6987717,170
25.004148,24.996563,0.20749578,0.5798783,0.70944214,1,1,0,0.008300781,0.02319336,25.00415,61,2,1,0,255,2,0,1782509449.6987717,170
25.006592,24.99948,0.10223233,0.5875642,0.7668457,1,1,0,0.0040893555,0.023498535,25.006592,61,2,1,0,255,2,0,1782509449.6987717,170
24.989256,24.982178,-0.0030495822,0.59478086,0.72210693,1,1,0,-0.00012207031,0.023803711,24.989258,61,2,1,0,255,2,0,1782509449.6987717,170
25.012451,25.005196,-0.05494314,0.5999115,0.63827515,1,1,0,-0.0021972656,0.023986816,25.012451,61,2,1,0,255,2,0,1782509449.6987717,170
25.020752,25.013517,0.2732909,0.5359871,0.7819519,1,1,0,0.010925293,0.02142334,25.020752,26,3,0,0,255,2,0,1782509449.798342,171
25.020752,25.015007,-0.0427503,0.5344603,0.82437134,1,1,0,-0.0017089844,0.021362305,25.020752,26,3,0,0,255,2,0,1782509449.798342,171
25.012451,25.0013,0.26247448,0.6991095,0.6977844,1,1,0,0.010498047,0.027954102,25.012451,27,3,1,0,255,2,0,1782509449.798342,171
25.019531,25.009262,0.15722582,0.6993074,0.61935425,1,1,0,0.006286621,0.027954102,25.019531,27,3,1,0,255,2,0,1782509449.798342,171
25.025146,25.022747,0.1664746,0.30394784,0.6839905,1,1,0,0.006652832,0.012145996,25.025146,28,3,0,0,255,2,0,1782509449.798342,171
25.031006,25.028896,0.114574,0.304019,0.7585144,1,1,0,0.0045776367,0.012145996,25.031006,28,3,0,0,255,2,0,1782509449.798342,171
25.01074,25.008821,0.061056815,0.3037729,0.8650818,1,1,0,0.0024414062,0.012145996,25.010742,28,3,0,0,255,2,0,1782509449.798342,171
25.019287,25.016369,0.061075244,0.37716857,0.8624878,1,1,0,0.0024414062,0.015075684,25.019287,60,3,0,0,255,2,0,1782509449.798342,171
25.022705,25.01979,0.009162522,0.38180137,0.8321533,1,1,0,0.00036621094,0.015258789,25.022705,60,3,0,0,255,2,0,1782509449.798342,171
25.018066,25.010962,0.051902708,0.59394,0.7716675,1,1,0,0.0020751953,0.023742676,25.018066,61,3,1,0,255,2,0,1782509449.798342,171
25.00415,24.99703,-0.0,0.5966611,0.69918823,1,1,0,-0.0,0.023864746,25.00415,61,3,1,0,255,2,0,1782509449.798342,171
25.008057,25.000769,-0.053407487,0.60133207,0.6916199,1,1,0,-0.0021362305,0.024047852,25.008057,61,3,1,0,255,2,0,1782509449.798342,171
25.026123,25.018936,0.27182287,0.53457505,0.661438,1,1,0,0.010864258,0.021362305,25.026123,26,4,0,0,255,2,0,1782509449.8984625,172
25.015627,25.008953,0.21981092,0.53435075,0.76116943,1,1,0,0.0087890625,0.021362305,25.015625,26,4,0,0,255,2,0,1782509449.8984625,172
25.029053,25.023306,-0.04276448,0.5346376,0.6475525,1,1,0,-0.0017089844,0.021362305,25.029053,26,4,0,0,255,2,0,1782509449.8984625,172
25.01831,25.012455,-0.09465208,0.53288144,0.81918335,1,1,0,-0.0037841797,0.02130127,25.01831,26,4,0,0,255,2,0,1782509449.8984625,172
25.016111,25.005465,0.20909598,0.6992119,0.60598755,1,1,0,0.008361816,0.027954102,25.016113,27,4,1,0,255,2,0,1782509449.8984625,172
25.015625,25.013218,0.16488443,0.30535892,0.81137085,1,1,0,0.006591797,0.012207031,25.015625,28,4,0,0,255,2,0,1782509449.8984625,172
25.01123,25.006783,-0.05342033,0.4686278,0.67315674,1,1,0,-0.0021362305,0.018737793,25.01123,29,4,1,0,255,2,0,1782509449.8984625,172
25.015625,25.011625,0.26716313,0.35879335,0.8321533,1,1,0,0.010681152,0.014343262,25.015625,60,4,0,0,255,2,0,1782509449.8984625,172
25.021486,25.017933,0.21378146,0.36345848,0.8477478,1,1,0,0.008544922,0.014526367,25.021484,60,4,0,0,255,2,0,1782509449.8984625,172
25.010742,25.007536,0.16179417,0.3663552,0.695343,1,1,0,0.0064697266,0.0146484375,25.010742,60,4,0,0,255,2,0,1782509449.8984625,172
25.019773,25.016787,0.108410835,0.37106827,0.82263184,1,1,0,0.004333496,0.014831543,25.019775,60,4,0,0,255,2,0,1782509449.8984625,172
25.014648,25.011787,0.056484237,0.37404546,0.7576904,1,1,0,0.0022583008,0.014953613,25.014648,60,4,0,0,255,2,0,1782509449.8984625,172
25.00879,25.005924,0.0045787217,0.37853655,0.80792236,1,1,0,0.00018310547,0.015136719,25.00879,60,4,0,0,255,2,0,1782509449.8984625,172
25.020752,25.017792,-0.048862934,0.38177156,0.7836609,1,1,0,-0.001953125,0.015258789,25.020752,60,4,0,0,255,2,0,1782509449.8984625,172
25.005371,24.997437,0.25633034,0.5753292,0.90219116,1,1,0,0.010253906,0.023010254,25.005371,61,4,1,0,255,2,0,1782509449.8984625,172
25.00415,24.996624,0.2044447,0.5783525,0.74942017,1,1,0,0.008178711,0.023132324,25.00415,61,4,1,0,255,2,0,1782509449.8984625,172
25.008057,25.000803,0.1510687,0.58302075,0.6116028,1,1,0,0.0060424805,0.02331543,25.008057,61,4,1,0,255,2,0,1782509449.8984625,172
25.00415,24.997086,0.09917109,0.58598113,0.6889343,1,1,0,0.003967285,0.0234375,25.00415,61,4,1,0,255,2,0,1782509449.8984625,172
25.018312,25.011288,0.04732366,0.5908927,0.6481018,1,1,0,0.0018920898,0.023620605,25.01831,61,4,1,0,255,2,0,1782509449.8984625,172
25.020264,25.01321,-0.006106741,0.5939922,0.84555054,1,1,0,-0.00024414062,0.023742676,25.020264,61,4,1,0,255,2,0,1782509449.8984625,172
25.005371,24.998148,-0.057979204,0.59821594,0.77301025,1,1,0,-0.002319336,0.023925781,25.005371,61,4,1,0,255,2,0,1782509449.8984625,172
25.022705,25.016016,0.22139998,0.534502,0.8650818,1,1,0,0.008850098,0.021362305,25.022705,26,5,0,0,255,2,0,1782509449.9984093,173
25.0083,25.002031,0.16786283,0.53419435,1.0806885,1,1,0,0.006713867,0.021362305,25.0083,26,5,0,0,255,2,0,1782509449.9984093,173
25.01831,25.012333,0.11602484,0.53440815,0.67456055,1,1,0,0.004638672,0.021362305,25.01831,26,5,0,0,255,2,0,1782509449.9984093,173
25.020752,25.015009,-0.041223504,0.5344603,0.8607483,1,1,0,-0.0016479492,0.021362305,25.020752,26,5,0,0,255,2,0,1782509449.9984093,173
25.016846,25.006184,0.21062835,0.69923234,0.77679443,1,1,0,0.008422852,0.027954102,25.016846,27,5,1,0,255,2,0,1782509449.9984093,173
25.010988,25.000711,0.15869805,0.69906855,1.1338806,1,1,0,0.0063476562,0.027954102,25.010986,27,5,1,0,255,2,0,1782509449.9984093,173
25.01831,25.008314,0.10532127,0.6992733,0.46118164,1,1,0,0.004211426,0.027954102,25.01831,27,5,1,0,255,2,0,1782509449.9984093,173
25.000977,24.991209,0.0015253423,0.6987888,0.74942017,1,1,0,6.1035156e-05,0.027954102,25.000977,27,5,1,0,255,2,0,1782509449.9984093,173
25.0271,25.023726,0.2749299,0.305499,0.69351196,1,1,0,0.010986328,0.012207031,25.0271,28,5,0,0,255,2,0,1782509449.9984093,173
25.020506,25.017664,0.22141455,0.30541852,0.73690796,1,1,0,0.008850098,0.012207031,25.020508,28,5,0,0,255,2,0,1782509449.9984093,173
25.021729,25.01929,0.16950585,0.30543342,0.82437134,1,1,0,0.0067749023,0.012207031,25.021729,28,5,0,0,255,2,0,1782509449.9984093,173
25.019775,25.017635,0.11757643,0.30540958,0.87112427,1,1,0,0.004699707,0.012207031,25.019775,28,5,0,0,255,2,0,1782509449.9984093,173
25.02905,25.027203,0.012220315,0.30399528,0.7732544,1,1,0,0.00048828125,0.012145996,25.029053,28,5,0,0,255,2,0,1782509449.9984093,173
25.026367,25.02058,0.26420417,0.46891144,0.7631531,1,1,0,0.010559082,0.018737793,25.026367,29,5,1,0,255,2,0,1782509449.9984093,173
25.014648,25.009357,0.21218166,0.46869186,0.6977844,1,1,0,0.008483887,0.018737793,25.014648,29,5,1,0,255,2,0,1782509449.9984093,173
25.015867,25.010963,0.16028975,0.46871474,0.6895752,1,1,0,0.0064086914,0.018737793,25.01587,29,5,1,0,255,2,0,1782509449.9984093,173
25.007568,25.00295,0.106824785,0.4685592,0.76171875,1,1,0,0.004272461,0.018737793,25.007568,29,5,1,0,255,2,0,1782509449.9984093,173
24.997559,24.99311,0.054916587,0.46837166,0.6622925,1,1,0,0.0021972656,0.018737793,24.997559,29,5,1,0,255,2,0,1782509449.9984093,173
24.999756,24.995316,-0.05034464,0.46841282,0.68688965,1,1,0,-0.0020141602,0.018737793,24.999756,29,5,1,0,255,2,0,1782509449.9984093,173
25.02051,25.017479,0.11299475,0.3726061,1.04953,1,1,0,0.0045166016,0.014892578,25.020508,60,5,0,0,255,2,0,1782509449.9984093,173
25.019775,25.01688,0.061076492,0.375649,1.0720215,1,1,0,0.0024414062,0.015014648,25.019775,60,5,0,0,255,2,0,1782509449.9984093,173
25.007812,25.004839,-0.044259097,0.3831003,0.82092285,1,1,0,-0.0017700195,0.015319824,25.007812,60,5,0,0,255,2,0,1782509449.9984093,173
25.01831,25.01512,-0.096188985,0.38784158,0.8434143,1,1,0,-0.0038452148,0.01550293,25.01831,60,5,0,0,255,2,0,1782509449.9984093,173
25.001951,24.993937,0.2608715,0.5767761,0.7473755,1,1,0,0.010437012,0.023071289,25.001953,61,5,1,0,255,2,0,1782509449.9984093,173
25.015867,25.008266,0.20911941,0.58015007,0.7922058,1,1,0,0.008361816,0.02319336,25.01587,61,5,1,0,255,2,0,1782509449.9984093,173
24.994873,24.987812,0.051854666,0.5918643,0.7159424,1,1,0,0.0020751953,0.02368164,24.994873,61,5,1,0,255,2,0,1782509449.9984093,173
25.014648,25.007563,-0.0015263405,0.5953852,0.8065491,1,1,0,-6.1035156e-05,0.023803711,25.014648,61,5,1,0,255,2,0,1782509449.9984093,173
25.00415,24.996899,-0.053399216,0.59971243,0.809906,1,1,0,-0.0021362305,0.023986816,25.00415,61,5,1,0,255,2,0,1782509449.9984093,173
25.014648,25.008972,0.00915856,0.5328035,0.7221985,1,1,0,0.00036621094,0.02130127,25.014648,26,6,0,0,255,2,0,1782509450.09821,174
25.008547,25.002836,-0.042729497,0.5326735,1.0278625,1,1,0,-0.0017089844,0.02130127,25.008545,26,6,0,0,255,2,0,1782509450.09821,174
25.019775,25.013914,-0.09618434,0.5329127,0.81918335,1,1,0,-0.0038452148,0.02130127,25.019775,26,6,0,0,255,2,0,1782509450.09821,174
25.019287,25.009018,0.15722428,0.6993006,0.8373413,1,2,0,0.006286621,0.027954102,25.019287,27,6,1,0,255,2,0,1782509450.09821,174
25.01831,25.008577,-0.0,0.6977469,0.6326904,1,1,0,-0.0,0.027893066,25.01831,27,6,1,0,255,2,0,1782509450.09821,174
25.014648,25.00486,-0.053416226,0.69764477,0.8414612,1,1,0,-0.0021362305,0.027893066,25.014648,27,6,1,0,255,2,0,1782509450.09821,174
25.014648,25.011818,0.21983612,0.305347,0.717865,1,1,0,0.0087890625,0.012207031,25.014648,28,6,0,0,255,2,0,1782509450.09821,174
24.99829,24.993015,0.21051744,0.46838537,0.81121826,1,1,0,0.008422852,0.018737793,24.998291,29,6,1,0,255,2,0,1782509450.09821,174
25.006838,25.001953,0.15717988,0.46854547,0.6875305,1,1,0,0.006286621,0.018737793,25.006836,29,6,1,0,255,2,0,1782509450.09821,174
25.020754,25.016697,0.27027145,0.36039388,0.95599365,1,1,0,0.010803223,0.014404297,25.020752,60,6,0,0,255,2,0,1782509450.09821,174
25.01465,25.011036,0.21830253,0.3648858,0.710083,1,1,0,0.008728027,0.014587402,25.014648,60,6,0,0,255,2,0,1782509450.09821,174
25.021729,25.018469,0.16644613,0.36804315,0.7888794,1,1,0,0.006652832,0.014709473,25.021729,60,6,0,0,255,2,0,1782509450.09821,174
25.019287,25.016258,0.11298924,0.37258792,0.7802124,1,1,0,0.0045166016,0.014892578,25.019287,60,6,0,0,255,2,0,1782509450.09821,174
25.003174,24.995857,0.15561587,0.5844326,0.6838074,1,1,0,0.006225586,0.023376465,25.003174,61,6,1,0,255,2,0,1782509450.09821,174
25.003174,24.99596,-0.053397212,0.59816337,0.6479187,1,1,0,-0.0021362305,0.023925781,25.003174,61,6,1,0,255,2,0,1782509450.09821,174
25.020508,25.01334,0.27023518,0.53445506,0.6641846,1,1,0,0.010803223,0.021362305,25.020508,26,7,0,0,255,2,0,1782509450.1983826,175
25.01831,25.01165,0.2183079,0.53440815,0.7672119,1,1,0,0.008728027,0.021362305,25.01831,26,7,0,0,255,2,0,1782509450.1983826,175
25.01831,25.012058,0.16487679,0.53440815,0.9949646,1,1,0,0.006591797,0.021362305,25.01831,26,7,0,0,255,2,0,1782509450.1983826,175
25.01001,25.004047,0.11293409,0.5342308,1.053833,1,1,0,0.0045166016,0.021362305,25.01001,26,7,0,0,255,2,0,1782509450.1983826,175
25.019287,25.013504,0.061068248,0.534429,0.73516846,1,1,0,0.0024414062,0.021362305,25.019287,26,7,0,0,255,2,0,1782509450.1983826,175
25.012451,25.001316,0.2609485,0.6991095,0.65982056,1,1,0,0.010437012,0.027954102,25.012451,27,7,1,0,255,2,0,1782509450.1983826,175
25.021486,25.011494,0.10380806,0.699362,0.8722229,1,1,0,0.0041503906,0.027954102,25.021484,27,7,1,0,255,2,0,1782509450.1983826,175
25.008055,24.998285,-0.0015257742,0.6989867,0.64852905,1,1,0,-6.1035156e-05,0.027954102,25.008057,27,7,1,0,255,2,0,1782509450.1983826,175
25.019289,25.016499,0.21529622,0.30540362,0.87112427,1,1,0,0.008605957,0.012207031,25.019287,28,7,0,0,255,2,0,1782509450.1983826,175
25.027098,25.0247,0.16343267,0.305499,0.7637329,1,1,0,0.0065307617,0.012207031,25.0271,28,7,0,0,255,2,0,1782509450.1983826,175
25.019773,25.01768,0.11146867,0.30388263,0.7672119,1,1,0,0.0044555664,0.012145996,25.019775,28,7,0,0,255,2,0,1782509450.1983826,175
25.017334,25.01542,0.058019266,0.30385298,0.711792,1,1,0,0.002319336,0.012145996,25.017334,28,7,0,0,255,2,0,1782509450.1983826,175
25.019287,25.01744,0.0061077736,0.3038767,0.76116943,1,1,0,0.00024414062,0.012145996,25.019287,28,7,0,0,255,2,0,1782509450.1983826,175
25.01245,25.00673,0.25795212,0.4686507,0.7501221,1,1,0,0.010314941,0.018737793,25.012451,29,7,1,0,255,2,0,1782509450.1983826,175
25.014648,25.010056,0.10074906,0.46869186,0.6403198,1,1,0,0.0040283203,0.018737793,25.014648,29,7,1,0,255,2,0,1782509450.1983826,175
25.012695,25.008305,-0.0030527716,0.46865526,1.0580139,1,1,0,-0.00012207031,0.018737793,25.012695,29,7,1,0,255,2,0,1782509450.1983826,175
25.013672,25.009623,0.2717217,0.35876533,0.686676,1,1,0,0.010864258,0.014343262,25.013672,60,7,0,0,255,2,0,1782509450.1983826,175
25.020994,25.01739,0.21988508,0.3634514,0.7784729,1,1,0,0.0087890625,0.014526367,25.020996,60,7,0,0,255,2,0,1782509450.1983826,175
25.019531,25.016283,0.16795853,0.36648396,0.82263184,1,1,0,0.006713867,0.0146484375,25.019531,60,7,0,0,255,2,0,1782509450.1983826,175
25.01831,25.015434,0.06259979,0.3741002,1.0218201,1,1,0,0.0025024414,0.014953613,25.01831,60,7,0,0,255,2,0,1782509450.1983826,175
25.015623,25.012756,0.009159946,0.37864003,0.7074585,1,1,0,0.00036621094,0.015136719,25.015625,60,7,0,0,255,2,0,1782509450.1983826,175
25.019287,25.016125,-0.09466596,0.38632983,0.80358887,1,1,0,-0.0037841797,0.0154418945,25.019287,60,7,0,0,255,2,0,1782509450.1983826,175
25.00537,24.997793,0.21055768,0.57838076,0.78530884,1,1,0,0.008422852,0.023132324,25.005371,61,7,1,0,255,2,0,1782509450.1983826,175
25.011232,25.003939,0.15719236,0.5830948,0.68032837,1,1,0,0.006286621,0.02331543,25.01123,61,7,1,0,255,2,0,1782509450.1983826,175
25.013672,25.00658,0.10531397,0.5862043,0.6977844,1,1,0,0.004211426,0.0234375,25.013672,61,7,1,0,255,2,0,1782509450.1983826,175
25.026367,25.019333,0.05192008,0.591083,0.7836914,1,1,0,0.0020751953,0.023620605,25.026367,61,7,1,0,255,2,0,1782509450.1983826,175
25.009766,25.002716,-0.0,0.59374297,0.90011597,1,1,0,-0.0,0.023742676,25.009766,61,7,1,0,255,2,0,1782509450.1983826,175
25.020994,25.015215,0.05954561,0.5344655,0.89450073,1,1,0,0.002380371,0.021362305,25.020996,26,8,0,0,255,2,0,1782509450.2982175,176
25.02124,25.01549,-0.04580478,0.53447074,0.7871399,1,1,0,-0.0018310547,0.021362305,25.02124,26,8,0,0,255,2,0,1782509450.2982175,176
25.012451,25.001774,0.20753904,0.7006356,0.62493896,1,1,0,0.008300781,0.028015137,25.012451,27,8,1,0,255,2,0,1782509450.2982175,176
25.01367,25.00338,0.15413655,0.70066977,0.62390137,1,2,0,0.006164551,0.028015137,25.013672,27,8,1,0,255,2,0,1782509450.2982175,176
25.026367,25.016539,0.050387383,0.6994985,0.6850891,1,1,0,0.0020141602,0.027954102,25.026367,27,8,1,0,255,2,0,1782509450.2982175,176
25.020264,25.010489,-0.0030530381,0.6993279,0.7922058,1,1,0,-0.00012207031,0.027954102,25.020264,27,8,1,0,255,2,0,1782509450.2982175,176
25.032717,25.029373,0.27193627,0.30556753,0.70999146,1,1,0,0.010864258,0.012207031,25.032715,28,8,0,0,255,2,0,1782509450.2982175,176
25.03198,25.029873,0.11457847,0.30403087,0.7897339,1,1,0,0.0045776367,0.012145996,25.031982,28,8,0,0,255,2,0,1782509450.2982175,176
24.992676,24.988068,0.10523601,0.46828017,0.69955444,1,1,0,0.004211426,0.018737793,24.992676,29,8,1,0,255,2,0,1782509450.2982175,176
25.02051,25.016455,0.27026883,0.36039037,0.95339966,1,1,0,0.010803223,0.014404297,25.020508,60,8,0,0,255,2,0,1782509450.2982175,176
25.01953,25.015928,0.21681827,0.36495703,0.9066467,1,1,0,0.008666992,0.014587402,25.019531,60,8,0,0,255,2,0,1782509450.2982175,176
25.010742,25.007494,0.16484669,0.36788154,0.7984009,1,1,0,0.006591797,0.014709473,25.010742,60,8,0,0,255,2,0,1782509450.2982175,176
25.019287,25.016396,0.0076343985,0.38022232,0.7724304,1,1,0,0.00030517578,0.015197754,25.019287,60,8,0,0,255,2,0,1782509450.2982175,176
25.020996,25.01802,-0.04428243,0.38330227,0.8321533,1,1,0,-0.0017700195,0.015319824,25.020996,60,8,0,0,255,2,0,1782509450.2982175,176
25.006592,24.998592,0.2593941,0.57688314,0.679718,1,1,0,0.010375977,0.023071289,25.006592,61,8,1,0,255,2,0,1782509450.2982175,176
25.00415,24.996834,0.15562195,0.58445543,0.81399536,1,1,0,0.006225586,0.023376465,25.00415,61,8,1,0,255,2,0,1782509450.2982175,176
25.008057,25.000994,0.050356075,0.5921765,0.6793213,1,1,0,0.0020141602,0.02368164,25.008057,61,8,1,0,255,2,0,1782509450.2982175,176
24.992676,24.985596,-0.0015249997,0.5948622,0.79071045,1,1,0,-6.1035156e-05,0.023803711,24.992676,61,8,1,0,255,2,0,1782509450.2982175,176
25.016846,25.005709,0.26099437,0.69923234,0.8168335,1,1,0,0.010437012,0.027954102,25.016846,27,9,1,0,255,2,0,1782509450.3984222,177
24.99951,24.989744,-0.0,0.6987479,0.9781494,1,1,0,-0.0,0.027954102,24.999512,27,9,1,0,255,2,0,1782509450.3984222,177
24.98828,24.97846,-0.05335983,0.69843394,0.7026367,1,1,0,-0.0021362305,0.027954102,24.988281,27,9,1,0,255,2,0,1782509450.3984222,177
25.03125,25.027891,0.27344793,0.30554965,0.7810669,1,1,0,0.010925293,0.012207031,25.03125,28,9,0,0,255,2,0,1782509450.3984222,177
25.019289,25.017155,0.1160472,0.30540362,0.6970825,1,1,0,0.004638672,0.012207031,25.019287,28,9,0,0,255,2,0,1782509450.3984222,177
25.019285,25.017359,0.06413155,0.3038767,0.9819641,1,1,0,0.0025634766,0.012145996,25.019287,28,9,0,0,255,2,0,1782509450.3984222,177
25.021729,25.019848,-0.04123148,0.30390635,0.67889404,1,1,0,-0.0016479492,0.012145996,25.021729,28,9,0,0,255,2,0,1782509450.3984222,177
25.012451,25.008003,0.05342294,0.4686507,0.7090759,1,1,0,0.0021362305,0.018737793,25.012451,29,9,1,0,255,2,0,1782509450.3984222,177
25.008055,25.003666,0.0015261027,0.46856835,0.6516113,1,1,0,6.1035156e-05,0.018737793,25.008057,29,9,1,0,255,2,0,1782509450.3984222,177
25.005371,25.00093,-0.05035595,0.46851802,0.9185791,1,1,0,-0.0020141602,0.018737793,25.005371,29,9,1,0,255,2,0,1782509450.3984222,177
25.010742,25.006634,0.27321568,0.36177605,0.7559509,1,1,0,0.010925293,0.014465332,25.010742,60,9,0,0,255,2,0,1782509450.3984222,177
25.020994,25.017366,0.21988487,0.3649784,0.95773315,1,1,0,0.0087890625,0.014587402,25.020996,60,9,0,0,255,2,0,1782509450.3984222,177
25.029053,25.026009,0.11608827,0.37273335,0.82180786,1,1,0,0.004638672,0.014892578,25.029053,60,9,0,0,255,2,0,1782509450.3984222,177
25.015623,25.012703,0.06259295,0.37711337,0.75424194,1,1,0,0.0025024414,0.015075684,25.015625,60,9,0,0,255,2,0,1782509450.3984222,177
25.019289,25.016294,-0.041225623,0.38480297,0.7187195,1,1,0,-0.0016479492,0.015380859,25.019287,60,9,0,0,255,2,0,1782509450.3984222,177
24.999512,24.991482,0.2623714,0.57671976,0.9597168,1,1,0,0.010498047,0.023071289,24.999512,61,9,1,0,255,2,0,1782509450.3984222,177
25.00537,24.997723,0.21055709,0.58143234,0.76171875,1,1,0,0.008422852,0.023254395,25.005371,61,9,1,0,255,2,0,1782509450.3984222,177
25.011477,25.004313,0.10530443,0.5892051,0.85092163,1,1,0,0.004211426,0.02355957,25.011475,61,9,1,0,255,2,0,1782509450.3984222,177
25.012451,25.00538,0.053417336,0.5922805,0.64956665,1,1,0,0.0021362305,0.02368164,25.012451,61,9,1,0,255,2,0,1782509450.3984222,177
24.99951,24.992392,0.0015254145,0.5965504,0.8378296,1,1,0,6.1035156e-05,0.023864746,24.999512,61,9,1,0,255,2,0,1782509450.3984222,177
25.017332,25.011452,-0.09312168,0.5343873,0.8001404,1,1,0,-0.0037231445,0.021362305,25.017334,26,10,0,0,255,2,0,1782509450.4982505,178
25.004148,24.993877,0.15865467,0.6988775,0.7145691,1,1,0,0.0063476562,0.027954102,25.00415,27,10,1,0,255,2,0,1782509450.4982505,178
25.010986,25.000986,0.10681639,0.69906855,0.8652649,1,1,0,0.004272461,0.027954102,25.010986,27,10,1,0,255,2,0,1782509450.4982505,178
24.992674,24.98291,0.0015248358,0.6985568,0.6831665,1,1,0,6.1035156e-05,0.027954102,24.992676,27,10,1,0,255,2,0,1782509450.4982505,178
25.005371,24.99555,-0.05034511,0.6989116,0.70022583,1,1,0,-0.0020141602,0.027954102,25.005371,27,10,1,0,255,2,0,1782509450.4982505,178
25.029053,25.027021,-0.09623475,0.30399528,0.6718445,1,1,0,-0.0038452148,0.012145996,25.029053,28,10,0,0,255,2,0,1782509450.4982505,178
25.019533,25.015461,0.2717851,0.3603763,0.723938,1,1,0,0.010864258,0.014404297,25.019531,60,10,0,0,255,2,0,1782509450.4982505,178
25.0271,25.023493,0.21993873,0.36354005,0.658844,1,1,0,0.0087890625,0.014526367,25.0271,60,10,0,0,255,2,0,1782509450.4982505,178
25.019775,25.016504,0.16796002,0.36801443,0.7706909,1,1,0,0.006713867,0.014709473,25.019775,60,10,0,0,255,2,0,1782509450.4982505,178
25.015625,25.012611,0.11449946,0.3710067,0.74990845,1,1,0,0.0045776367,0.014831543,25.015625,60,10,0,0,255,2,0,1782509450.4982505,178
25.012695,25.009724,-0.04274127,0.3831751,0.75424194,1,1,0,-0.0017089844,0.015319824,25.012695,60,10,0,0,255,2,0,1782509450.4982505,178
25.019775,25.016613,-0.09466781,0.38633737,0.82611084,1,1,0,-0.0037841797,0.0154418945,25.019775,60,10,0,0,255,2,0,1782509450.4982505,178
25.001951,24.993956,0.26239735,0.5752505,0.6581726,1,1,0,0.010498047,0.023010254,25.001953,61,10,1,0,255,2,0,1782509450.4982505,178
25.011477,25.004183,0.1571939,0.58310044,0.89193726,1,1,0,0.006286621,0.02331543,25.011475,61,10,1,0,255,2,0,1782509450.4982505,178
25.018066,25.010939,0.10533233,0.5878338,0.760376,1,1,0,0.004211426,0.023498535,25.018066,61,10,1,0,255,2,0,1782509450.4982505,178
25.020264,25.013176,-0.0,0.5955189,0.7357483,1,1,0,-0.0,0.023803711,25.020264,61,10,1,0,255,2,0,1782509450.4982505,178
25.02075,25.013536,-0.05190805,0.5985839,0.65838623,1,1,0,-0.0020751953,0.023925781,25.020752,61,10,1,0,255,2,0,1782509450.4982505,178
25.020754,25.013535,0.27481794,0.5344603,0.9179077,1,1,0,0.010986328,0.021362305,25.020752,26,11,0,0,255,2,0,1782509450.5981636,179
25.01831,25.011621,0.22136109,0.53440815,0.82785034,1,1,0,0.008850098,0.021362305,25.01831,26,11,0,0,255,2,0,1782509450.5981636,179
25.020996,25.014713,0.16947484,0.5344655,0.7802124,1,1,0,0.0067749023,0.021362305,25.020996,26,11,0,0,255,2,0,1782509450.5981636,179
25.02124,25.015255,0.11756524,0.53447074,0.7334595,1,1,0,0.004699707,0.021362305,25.02124,26,11,0,0,255,2,0,1782509450.5981636,179
25.02075,25.01504,0.012214376,0.5344603,0.8390808,1,1,0,0.00048828125,0.021362305,25.020752,26,11,0,0,255,2,0,1782509450.5981636,179
25.019289,25.013548,-0.03969438,0.534429,0.8503418,1,1,0,-0.0015869141,0.021362305,25.019287,26,11,0,0,255,2,0,1782509450.5981636,179
25.018309,25.01246,-0.09312544,0.53288144,0.8581543,1,1,0,-0.0037231445,0.02130127,25.01831,26,11,0,0,255,2,0,1782509450.5981636,179
25.011475,25.000309,0.26399013,0.6990822,0.46835327,1,2,0,0.010559082,0.027954102,25.011475,27,11,1,0,255,2,0,1782509450.5981636,179
25.01245,25.001778,0.21211734,0.6991095,0.6669922,1,2,0,0.008483887,0.027954102,25.012451,27,11,1,0,255,2,0,1782509450.5981636,179
25.006836,24.996553,0.16019739,0.69895256,0.46484375,1,2,0,0.0064086914,0.027954102,25.006836,27,11,1,0,255,2,0,1782509450.5981636,179
25.001955,24.992126,0.054914422,0.6988161,0.70635986,1,2,0,0.0021972656,0.027954102,25.001953,27,11,1,0,255,2,0,1782509450.5981636,179
25.010254,25.000483,0.0030518167,0.6990481,0.653656,1,1,0,0.00012207031,0.027954102,25.010254,27,11,1,0,255,2,0,1782509450.5981636,179
24.99487,24.985056,-0.050323974,0.6986182,0.8234863,1,2,0,-0.0020141602,0.027954102,24.994873,27,11,1,0,255,2,0,1782509450.5981636,179
25.012695,25.00934,0.27324525,0.30532315,0.73516846,1,1,0,0.010925293,0.012207031,25.012695,28,11,0,0,255,2,0,1782509450.5981636,179
25.02124,25.018812,0.16797552,0.30542746,0.8546753,1,1,0,0.006713867,0.012207031,25.02124,28,11,0,0,255,2,0,1782509450.5981636,179
25.016603,25.01447,0.116034746,0.30537084,0.9837036,1,1,0,0.004638672,0.012207031,25.016602,28,11,0,0,255,2,0,1782509450.5981636,179
25.020264,25.015368,0.15879108,0.46879706,0.77474976,1,1,0,0.0063476562,0.018737793,25.020264,29,11,1,0,255,2,0,1782509450.5981636,179
25.019285,25.014837,0.05343754,0.46877876,0.7716675,1,1,0,0.0021362305,0.018737793,25.019287,29,11,1,0,255,2,0,1782509450.5981636,179
25.031494,25.027365,0.2749699,0.36207625,0.85128784,1,1,0,0.010986328,0.014465332,25.031494,60,11,0,0,255,2,0,1782509450.5981636,179
25.020996,25.017332,0.22141162,0.3665054,0.726532,1,1,0,0.008850098,0.0146484375,25.020996,60,11,0,0,255,2,0,1782509450.5981636,179
25.02246,25.019157,0.16950494,0.369581,0.76116943,1,1,0,0.0067749023,0.014770508,25.02246,60,11,0,0,255,2,0,1782509450.5981636,179
25.020506,25.01744,0.11604853,0.37413305,0.7905884,1,1,0,0.004638672,0.014953613,25.020508,60,11,0,0,255,2,0,1782509450.5981636,179
25.02905,25.026125,0.06415402,0.3773158,0.6718445,1,1,0,0.0025634766,0.015075684,25.029053,60,11,0,0,255,2,0,1782509450.5981636,179
25.0166,25.013685,0.012213714,0.38170823,0.6477356,1,1,0,0.00048828125,0.015258789,25.016602,60,11,0,0,255,2,0,1782509450.5981636,179
25.02173,25.018736,-0.041229647,0.38484052,0.7819519,1,1,0,-0.0016479492,0.015380859,25.021729,60,11,0,0,255,2,0,1782509450.5981636,179
25.019773,25.016571,-0.09314074,0.38939118,0.75942993,1,1,0,-0.0037231445,0.015563965,25.019775,60,11,0,0,255,2,0,1782509450.5981636,179
25.023926,25.01626,0.21224022,0.5818638,0.67993164,1,1,0,0.008483887,0.023254395,25.023926,61,11,1,0,255,2,0,1782509450.5981636,179
24.999514,24.992348,0.10677947,0.5889233,0.85217285,1,1,0,0.004272461,0.02355957,24.999512,61,11,1,0,255,2,0,1782509450.5981636,179
25.005371,24.9983,0.05492799,0.5921129,0.70022583,1,1,0,0.0021972656,0.02368164,25.005371,61,11,1,0,255,2,0,1782509450.5981636,179
25.003172,24.996054,0.001525638,0.5966378,0.81399536,1,1,0,6.1035156e-05,0.023864746,25.003174,61,11,1,0,255,2,0,1782509450.5981636,179
25.00537,24.998125,-0.050350297,0.5997417,0.76275635,1,1,0,-0.0020141602,0.023986816,25.005371,61,11,1,0,255,2,0,1782509450.5981636,179
25.031252,25.024586,0.21842082,0.53468454,0.8070679,1,1,0,0.008728027,0.021362305,25.03125,26,12,0,0,255,2,0,1782509450.6980662,180
25.027098,25.021133,0.11301126,0.5345959,0.68569946,1,1,0,0.0045166016,0.021362305,25.0271,26,12,0,0,255,2,0,1782509450.6980662,180
25.014648,25.00894,0.0076321233,0.5343299,0.8564148,1,1,0,0.00030517578,0.021362305,25.014648,26,12,0,0,255,2,0,1782509450.6980662,180
25.007566,24.996435,0.26089758,0.69897306,0.79351807,1,1,0,0.010437012,0.027954102,25.007568,27,12,1,0,255,2,0,1782509450.6980662,180
25.03247,25.029652,0.21846503,0.30556455,0.84262085,1,1,0,0.008728027,0.012207031,25.03247,28,12,0,0,255,2,0,1782509450.6980662,180
25.026121,25.024014,0.11455165,0.3039597,0.67529297,1,1,0,0.0045776367,0.012145996,25.026123,28,12,0,0,255,2,0,1782509450.6980662,180
25.008787,25.006758,-0.09615683,0.30374917,0.7724304,1,1,0,-0.0038452148,0.012145996,25.00879,28,12,0,0,255,2,0,1782509450.6980662,180
25.000975,24.995712,0.20901443,0.4684357,0.7976074,1,1,0,0.008361816,0.018737793,25.000977,29,12,1,0,255,2,0,1782509450.6980662,180
24.999756,24.995367,-0.0,0.46841282,0.6817627,1,1,0,-0.0,0.018737793,24.999756,29,12,1,0,255,2,0,1782509450.6980662,180
25.019289,25.015217,0.27178246,0.36037278,0.7758789,1,1,0,0.010864258,0.014404297,25.019287,60,12,0,0,255,2,0,1782509450.6980662,180
25.020506,25.016901,0.21988079,0.3634443,0.8667908,1,1,0,0.0087890625,0.014526367,25.020508,60,12,0,0,255,2,0,1782509450.6980662,180
25.019773,25.01676,0.11451845,0.37106827,0.8477478,1,1,0,0.0045776367,0.014831543,25.019775,60,12,0,0,255,2,0,1782509450.6980662,180
25.014648,25.011782,0.009159589,0.37862524,0.9707031,1,1,0,0.00036621094,0.015136719,25.014648,60,12,0,0,255,2,0,1782509450.6980662,180
25.013674,25.0107,-0.042742938,0.38319007,0.706604,1,1,0,-0.0017089844,0.015319824,25.013672,60,12,0,0,255,2,0,1782509450.6980662,180
25.019287,25.016119,-0.09619282,0.38632983,0.7741394,1,1,0,-0.0038452148,0.0154418945,25.019287,60,12,0,0,255,2,0,1782509450.6980662,180
25.000488,24.992493,0.262382,0.5752168,0.7763672,1,1,0,0.010498047,0.023010254,25.000488,61,12,1,0,255,2,0,1782509450.6980662,180
25.00415,24.99686,0.15714785,0.5829297,0.6817627,1,1,0,0.006286621,0.02331543,25.00415,61,12,1,0,255,2,0,1782509450.6980662,180
25.020264,25.013134,0.105341576,0.58788544,0.861969,1,1,0,0.004211426,0.023498535,25.020264,61,12,1,0,255,2,0,1782509450.6980662,180
25.021484,25.014452,0.05190995,0.59096766,0.7798767,1,1,0,0.0020751953,0.023620605,25.021484,61,12,1,0,255,2,0,1782509450.6980662,180
25.019531,25.012444,-0.0,0.5955014,0.6111145,1,1,0,-0.0,0.023803711,25.019531,61,12,1,0,255,2,0,1782509450.6980662,180
25.00879,25.001574,-0.053409204,0.5982977,0.8201599,1,1,0,-0.0021362305,0.023925781,25.00879,61,12,1,0,255,2,0,1782509450.6980662,180
25.026123,25.018953,0.27029583,0.53457505,0.72125244,1,1,0,0.010803223,0.021362305,25.026123,26,13,0,0,255,2,0,1782509450.7981718,181
25.019289,25.01264,0.21678977,0.534429,0.80966187,1,1,0,0.008666992,0.021362305,25.019287,26,13,0,0,255,2,0,1782509450.7981718,181
25.016602,25.010351,0.16486552,0.5343716,1.07724,1,1,0,0.006591797,0.021362305,25.016602,26,13,0,0,255,2,0,1782509450.7981718,181
24.998291,24.988039,0.1555672,0.6987137,1.0826416,1,1,0,0.006225586,0.027954102,24.998291,27,13,1,0,255,2,0,1782509450.7981718,181
25.015627,25.012253,0.27480388,0.30535892,0.73950195,1,1,0,0.010986328,0.012207031,25.015625,28,13,0,0,255,2,0,1782509450.7981718,181
25.020262,25.017437,0.22141255,0.30388856,0.7074585,1,1,0,0.008850098,0.012145996,25.020264,28,13,0,0,255,2,0,1782509450.7981718,181
25.019531,25.01711,0.16949108,0.30387965,0.80184937,1,1,0,0.0067749023,0.012145996,25.019531,28,13,0,0,255,2,0,1782509450.7981718,181
25.019285,25.017164,0.117574215,0.3038767,0.8477478,1,1,0,0.004699707,0.012145996,25.019287,28,13,0,0,255,2,0,1782509450.7981718,181
25.02075,25.018732,-0.09314878,0.3038945,0.87979126,1,1,0,-0.0037231445,0.012145996,25.020752,28,13,0,0,255,2,0,1782509450.7981718,181
25.016848,25.01106,0.26410365,0.46873304,0.73062134,1,1,0,0.010559082,0.018737793,25.016846,29,13,1,0,255,2,0,1782509450.7981718,181
24.99878,24.993877,0.16018024,0.46839452,0.68585205,1,1,0,0.0064086914,0.018737793,24.99878,29,13,1,0,255,2,0,1782509450.7981718,181
25.010984,25.006367,0.10683937,0.46862325,0.88986206,1,1,0,0.004272461,0.018737793,25.010986,29,13,1,0,255,2,0,1782509450.7981718,181
25.00415,24.99979,0.0015258661,0.4669693,0.764801,1,1,0,6.1035156e-05,0.018676758,25.00415,29,13,1,0,255,2,0,1782509450.7981718,181
25.001953,24.997541,-0.05034912,0.46692827,0.66741943,1,1,0,-0.0020141602,0.018676758,25.001953,29,13,1,0,255,2,0,1782509450.7981718,181
25.02124,25.017597,0.22141397,0.36498198,0.7984009,1,1,0,0.008850098,0.014587402,25.02124,60,13,0,0,255,2,0,1782509450.7981718,181
25.010744,25.007452,0.16789924,0.36940792,0.8321533,1,1,0,0.006713867,0.014770508,25.010742,60,13,0,0,255,2,0,1782509450.7981718,181
25.015871,25.007818,0.2640694,0.5770971,0.76345825,1,1,0,0.010559082,0.023071289,25.01587,61,13,1,0,255,2,0,1782509450.7981718,181
25.014648,25.00752,0.105317935,0.5877535,0.6526489,1,1,0,0.004211426,0.023498535,25.014648,61,13,1,0,255,2,0,1782509450.7981718,181
25.003172,24.995926,-0.051871505,0.599689,0.76275635,1,1,0,-0.0020751953,0.023986816,25.003174,61,13,1,0,255,2,0,1782509450.7981718,181
25.019285,25.008091,0.26254573,0.70082706,0.8373413,1,1,0,0.010498047,0.028015137,25.019287,27,14,1,0,255,2,0,1782509450.898225,182
25.018066,25.007404,0.21063863,0.6992665,0.7706299,1,1,0,0.008422852,0.027954102,25.018066,27,14,1,0,255,2,0,1782509450.898225,182
24.998781,24.99417,0.105261706,0.46839452,0.76171875,1,1,0,0.004211426,0.018737793,24.99878,29,14,1,0,255,2,0,1782509450.898225,182
24.99829,24.993845,0.053392693,0.46838537,0.7579346,1,1,0,0.0021362305,0.018737793,24.998291,29,14,1,0,255,2,0,1782509450.898225,182
25.013674,25.009619,0.27019498,0.3602919,0.7628784,1,1,0,0.010803223,0.014404297,25.013672,60,14,0,0,255,2,0,1782509450.898225,182
25.022215,25.0186,0.21836857,0.36499622,0.6865845,1,1,0,0.008728027,0.014587402,25.022217,60,14,0,0,255,2,0,1782509450.898225,182
25.020264,25.017372,0.009161636,0.38023716,0.8520813,1,1,0,0.00036621094,0.015197754,25.020264,60,14,0,0,255,2,0,1782509450.898225,182
25.026367,25.01876,0.20920716,0.5803935,0.72821045,1,1,0,0.008361816,0.02319336,25.026367,61,14,1,0,255,2,0,1782509450.898225,182
25.009766,25.002645,0.10377134,0.5876388,0.9206238,1,1,0,0.0041503906,0.023498535,25.009766,61,14,1,0,255,2,0,1782509450.898225,182
25.013672,25.006586,-0.0015262809,0.595362,0.703949,1,1,0,-6.1035156e-05,0.023803711,25.013672,61,14,1,0,255,2,0,1782509450.898225,182
25.009764,25.002512,-0.053411208,0.59984714,0.8119507,1,1,0,-0.0021362305,0.023986816,25.009766,61,14,1,0,255,2,0,1782509450.898225,182
25.019531,25.012842,0.22137189,0.5344342,0.717865,1,1,0,0.008850098,0.021362305,25.019531,26,15,0,0,255,2,0,1782509450.9985883,183
25.022219,25.01624,0.11604296,0.5344916,0.9326172,1,1,0,0.004638672,0.021362305,25.022217,26,15,0,0,255,2,0,1782509450.9985883,183
25.01074,25.004953,0.06409975,0.53424644,0.7784729,1,1,0,0.0025634766,0.021362305,25.010742,26,15,0,0,255,2,0,1782509450.9985883,183
25.003174,24.992012,0.2639025,0.6988502,0.7022705,1,1,0,0.010559082,0.027954102,25.003174,27,15,1,0,255,2,0,1782509450.9985883,183
25.001953,24.991682,0.15864073,0.6988161,0.6356201,1,1,0,0.0063476562,0.027954102,25.001953,27,15,1,0,255,2,0,1782509450.9985883,183
25.011477,25.00165,-0.05188338,0.6990822,0.60702515,1,1,0,-0.0020751953,0.027954102,25.011475,27,15,1,0,255,2,0,1782509450.9985883,183
25.031006,25.028187,0.21845224,0.30554667,0.7862549,1,1,0,0.008728027,0.012207031,25.031006,28,15,0,0,255,2,0,1782509450.9985883,183
25.000488,24.994738,0.26087984,0.46842656,0.8808594,1,1,0,0.010437012,0.018737793,25.000488,29,15,1,0,255,2,0,1782509450.9985883,183
25.010254,25.005648,0.103783794,0.4686095,0.6516113,1,1,0,0.0041503906,0.018737793,25.010254,29,15,1,0,255,2,0,1782509450.9985883,183
24.997559,24.993113,-0.05339113,0.46837166,0.7330322,1,1,0,-0.0021362305,0.018737793,24.997559,29,15,1,0,255,2,0,1782509450.9985883,183
25.032715,25.029085,0.21998787,0.36514935,0.7489929,1,1,0,0.0087890625,0.014587402,25.032715,60,15,0,0,255,2,0,1782509450.9985883,183
25.01074,25.007706,0.114477,0.37246066,0.8321533,1,1,0,0.0045776367,0.014892578,25.010742,60,15,0,0,255,2,0,1782509450.9985883,183
25.021484,25.018589,0.061080664,0.37567466,0.7655029,1,1,0,0.0024414062,0.015014648,25.021484,60,15,0,0,255,2,0,1782509450.9985883,183
25.016846,25.00881,0.2625533,0.57711965,0.75320435,1,1,0,0.010498047,0.023071289,25.016846,61,15,1,0,255,2,0,1782509450.9985883,183
25.008055,25.000456,0.2090541,0.57996887,0.65878296,1,1,0,0.008361816,0.02319336,25.008057,61,15,1,0,255,2,0,1782509450.9985883,183
25.00415,24.997086,0.05187391,0.592084,0.6274109,1,1,0,0.0020751953,0.02368164,25.00415,61,15,1,0,255,2,0,1782509450.9985883,183
25.000977,24.993727,-0.053392444,0.5996363,0.8016968,1,1,0,-0.0021362305,0.023986816,25.000977,61,15,1,0,255,2,0,1782509450.9985883,183
25.017334,25.010166,0.27020088,0.5343873,0.7706909,1,1,0,0.010803223,0.021362305,25.017334,26,16,0,0,255,2,0,1782509451.098535,184
25.01953,25.008894,0.20759813,0.6993074,0.65631104,1,1,0,0.008300781,0.027954102,25.019531,27,16,1,0,255,2,0,1782509451.098535,184
25.011477,25.001495,0.10224057,0.6990822,0.8755188,1,1,0,0.0040893555,0.027954102,25.011475,27,16,1,0,255,2,0,1782509451.098535,184
25.019531,25.017405,0.1145214,0.3054066,0.7758789,1,1,0,0.0045776367,0.012207031,25.019531,28,16,0,0,255,2,0,1782509451.098535,184
25.020508,25.016447,0.2687417,0.36191732,0.7672119,1,1,0,0.0107421875,0.014465332,25.020508,60,16,0,0,255,2,0,1782509451.098535,184
25.019531,25.015944,0.21529144,0.36495703,0.8390808,1,1,0,0.008605957,0.014587402,25.019531,60,16,0,0,255,2,0,1782509451.098535,184
25.02124,25.017977,0.16338877,0.36956298,0.7871399,1,1,0,0.0065307617,0.014770508,25.02124,60,16,0,0,255,2,0,1782509451.098535,184
25.016602,25.013578,0.111450404,0.37254792,0.81484985,1,1,0,0.0044555664,0.014892578,25.016602,60,16,0,0,255,2,0,1782509451.098535,184
25.019775,25.016865,0.058022615,0.37717593,0.9949646,1,1,0,0.002319336,0.015075684,25.019775,60,16,0,0,255,2,0,1782509451.098535,184
25.022219,25.019327,0.006108234,0.38026685,0.673584,1,1,0,0.00024414062,0.015197754,25.022217,60,16,0,0,255,2,0,1782509451.098535,184
25.028076,25.025074,-0.04582233,0.38493815,0.70477295,1,1,0,-0.0018310547,0.015380859,25.028076,60,16,0,0,255,2,0,1782509451.098535,184
25.01587,25.007881,0.257964,0.5770971,0.78704834,1,1,0,0.010314941,0.023071289,25.01587,61,16,1,0,255,2,0,1782509451.098535,184
25.020262,25.012648,0.20610255,0.58177865,0.73883057,1,1,0,0.008239746,0.023254395,25.020264,61,16,1,0,255,2,0,1782509451.098535,184
24.999514,24.992207,0.15406768,0.584347,0.84399414,1,1,0,0.006164551,0.023376465,24.999512,61,16,1,0,255,2,0,1782509451.098535,184
25.006592,24.999533,0.048827272,0.5921418,0.6786804,1,1,0,0.001953125,0.02368164,25.006592,61,16,1,0,255,2,0,1782509451.098535,184
25.00415,24.99703,-0.0030513953,0.5966611,0.7432556,1,1,0,-0.00012207031,0.023864746,25.00415,61,16,1,0,255,2,0,1782509451.098535,184
24.996092,24.988836,-0.056432407,0.5995192,0.8357849,1,1,0,-0.0022583008,0.023986816,24.996094,61,16,1,0,255,2,0,1782509451.098535,184
25.020266,25.013096,0.26717883,0.5359766,0.6944885,1,1,0,0.010681152,0.02142334,25.020264,26,17,0,0,255,2,0,1782509451.1984932,185
25.019531,25.012865,0.21526495,0.5359609,0.8520813,1,1,0,0.008605957,0.02142334,25.019531,26,17,0,0,255,2,0,1782509451.1984932,185
25.016602,25.01037,0.16181251,0.5343716,0.81137085,1,1,0,0.0064697266,0.021362305,25.016602,26,17,0,0,255,2,0,1782509451.1984932,185
25.019531,25.01358,0.109923676,0.5344342,0.72998047,1,1,0,0.0043945312,0.021362305,25.019531,26,17,0,0,255,2,0,1782509451.1984932,185
25.009766,25.003992,0.05799276,0.5342256,0.710083,1,1,0,0.002319336,0.021362305,25.009766,26,17,0,0,255,2,0,1782509451.1984932,185
25.019775,25.014067,0.0045802123,0.53443944,0.7031555,1,1,0,0.00018310547,0.021362305,25.019775,26,17,0,0,255,2,0,1782509451.1984932,185
25.017336,25.011581,-0.047324214,0.5343873,0.7559509,1,1,0,-0.0018920898,0.021362305,25.017334,26,17,0,0,255,2,0,1782509451.1984932,185
25.012451,25.001842,0.2044874,0.6991095,0.7008667,1,1,0,0.008178711,0.027954102,25.012451,27,17,1,0,255,2,0,1782509451.1984932,185
25.018066,25.007826,0.15263756,0.6992665,0.79629517,1,1,0,0.0061035156,0.027954102,25.018066,27,17,1,0,255,2,0,1782509451.1984932,185
25.00415,24.994179,0.100685105,0.6988775,0.6684265,1,1,0,0.0040283203,0.027954102,25.00415,27,17,1,0,255,2,0,1782509451.1984932,185
25.005371,24.995558,0.047293894,0.6989116,0.8016968,1,1,0,0.0018920898,0.027954102,25.005371,27,17,1,0,255,2,0,1782509451.1984932,185
25.01123,25.00146,-0.004577904,0.6990754,0.6413574,1,1,0,-0.00018310547,0.027954102,25.01123,27,17,1,0,255,2,0,1782509451.1984932,185
25.003172,24.99334,-0.056442577,0.6988502,0.883728,1,1,0,-0.0022583008,0.027954102,25.003174,27,17,1,0,255,2,0,1782509451.1984932,185
25.020752,25.017412,0.27180633,0.3054215,0.7784729,1,1,0,0.010864258,0.012207031,25.020752,28,17,0,0,255,2,0,1782509451.1984932,185
25.019531,25.015085,0.051911265,0.46878335,0.6347656,1,1,0,0.0020751953,0.018737793,25.019531,29,17,1,0,255,2,0,1782509451.1984932,185
25.019531,25.015081,-0.05343806,0.46878335,0.6481018,1,1,0,-0.0021362305,0.018737793,25.019531,29,17,1,0,255,2,0,1782509451.1984932,185
25.015623,25.011509,0.2717422,0.36337337,0.88845825,1,1,0,0.010864258,0.014526367,25.015625,60,17,0,0,255,2,0,1782509451.1984932,185
25.021484,25.017824,0.21836181,0.36803955,0.82611084,1,1,0,0.008728027,0.014709473,25.021484,60,17,0,0,255,2,0,1782509451.1984932,185
25.017334,25.014252,0.11450697,0.37561235,0.6996765,1,1,0,0.0045776367,0.015014648,25.017334,60,17,0,0,255,2,0,1782509451.1984932,185
25.020508,25.017567,0.06107817,0.3787139,0.7724304,1,1,0,0.0024414062,0.015136719,25.020508,60,17,0,0,255,2,0,1782509451.1984932,185
25.020994,25.018057,0.009161887,0.38330227,0.74298096,1,1,0,0.00036621094,0.015319824,25.020996,60,17,0,0,255,2,0,1782509451.1984932,185
25.0105,25.00748,-0.042737436,0.3861941,0.8295593,1,1,0,-0.0017089844,0.0154418945,25.010498,60,17,0,0,255,2,0,1782509451.1984932,185
25.019775,25.016537,-0.09619443,0.39091808,0.697937,1,1,0,-0.0038452148,0.015625,25.019775,60,17,0,0,255,2,0,1782509451.1984932,185
24.997557,24.989473,0.26082492,0.5797254,0.6827698,1,1,0,0.010437012,0.02319336,24.997559,61,17,1,0,255,2,0,1782509451.1984932,185
25.009031,25.00136,0.20906165,0.5830435,0.61364746,1,1,0,0.008361816,0.02331543,25.009033,61,17,1,0,255,2,0,1782509451.1984932,185
25.007568,25.00017,0.15716866,0.5875871,0.75045776,1,1,0,0.006286621,0.023498535,25.007568,61,17,1,0,255,2,0,1782509451.1984932,185
25.003176,24.995985,0.10374369,0.5905352,0.6704712,1,1,0,0.0041503906,0.023620605,25.003174,61,17,1,0,255,2,0,1782509451.1984932,185
25.00415,24.997013,0.051873762,0.59513533,0.7473755,1,1,0,0.0020751953,0.023803711,25.00415,61,17,1,0,255,2,0,1782509451.1984932,185
25.012451,25.005293,-0.0,0.59838533,0.72036743,1,1,0,-0.0,0.023925781,25.012451,61,17,1,0,255,2,0,1782509451.1984932,185
25.008055,25.00073,-0.053407405,0.602858,0.6669922,1,1,0,-0.0021362305,0.024108887,25.008057,61,17,1,0,255,2,0,1782509451.1984932,185
25.020506,25.013845,0.21832708,0.53445506,0.8581543,1,1,0,0.008728027,0.021362305,25.020508,26,18,0,0,255,2,0,1782509451.298521,186
24.990479,24.980663,0.050315127,0.6984954,0.74871826,1,1,0,0.0020141602,0.027954102,24.990479,27,18,1,0,255,2,0,1782509451.298521,186
24.997072,24.987305,-0.001525104,0.6986796,0.8070984,1,1,0,-6.1035156e-05,0.027954102,24.99707,27,18,1,0,255,2,0,1782509451.298521,186
25.019285,25.017439,0.007634717,0.3038767,0.7706909,1,1,0,0.00030517578,0.012145996,25.019287,28,18,0,0,255,2,0,1782509451.298521,186
25.000977,24.996536,0.050347097,0.4684357,0.85092163,1,1,0,0.0020141602,0.018737793,25.000977,29,18,1,0,255,2,0,1782509451.298521,186
25.018066,25.013676,-0.0015267136,0.4687559,0.77474976,1,1,0,-6.1035156e-05,0.018737793,25.018066,29,18,1,0,255,2,0,1782509451.298521,186
25.013672,25.00964,0.27019522,0.35876533,0.76116943,1,1,0,0.010803223,0.014343262,25.013672,60,18,0,0,255,2,0,1782509451.298521,186
25.019775,25.016182,0.21834747,0.36343366,0.710083,1,1,0,0.008728027,0.014526367,25.019775,60,18,0,0,255,2,0,1782509451.298521,186
25.022705,25.019466,0.16645277,0.36653045,0.74298096,1,1,0,0.006652832,0.0146484375,25.022705,60,18,0,0,255,2,0,1782509451.298521,186
25.009766,25.006895,0.061052114,0.37397245,0.6286621,1,1,0,0.0024414062,0.014953613,25.009766,60,18,0,0,255,2,0,1782509451.298521,186
25.026123,25.023254,0.0076364917,0.3787989,0.6709595,1,1,0,0.00030517578,0.015136719,25.026123,60,18,0,0,255,2,0,1782509451.298521,186
25.007812,25.004646,-0.09614871,0.38615265,0.73950195,1,1,0,-0.0038452148,0.0154418945,25.007812,60,18,0,0,255,2,0,1782509451.298521,186
25.021729,25.013742,0.2610782,0.5757055,0.65631104,1,1,0,0.010437012,0.023010254,25.021729,61,18,1,0,255,2,0,1782509451.298521,186
25.02295,25.015379,0.20917888,0.5787873,0.6131897,1,1,0,0.008361816,0.023132324,25.02295,61,18,1,0,255,2,0,1782509451.298521,186
25.00879,25.001705,0.10376743,0.58608985,0.71661377,1,1,0,0.0041503906,0.0234375,25.00879,61,18,1,0,255,2,0,1782509451.298521,186
25.001951,24.994926,0.050343852,0.5905064,0.7227783,1,1,0,0.0020141602,0.023620605,25.001953,61,18,1,0,255,2,0,1782509451.298521,186
25.016846,25.009794,-0.0015264767,0.59391105,0.7121582,1,1,0,-6.1035156e-05,0.023742676,25.016846,61,18,1,0,255,2,0,1782509451.298521,186
25.00537,24.998192,-0.05340198,0.5966902,0.7801819,1,1,0,-0.0021362305,0.023864746,25.005371,61,18,1,0,255,2,0,1782509451.298521,186
25.027098,25.020403,0.21838431,0.53612304,0.661438,1,1,0,0.008728027,0.02142334,25.0271,26,19,0,0,255,2,0,1782509451.3985546,187
25.012695,25.006914,0.06105216,0.53428817,0.715271,1,1,0,0.0024414062,0.021362305,25.012695,26,19,0,0,255,2,0,1782509451.3985546,187
25.006836,25.000946,-0.096134484,0.53416306,0.89190674,1,1,0,-0.0038452148,0.021362305,25.006836,26,19,0,0,255,2,0,1782509451.3985546,187
24.993896,24.989452,0.05338331,0.46830302,0.70877075,1,1,0,0.0021362305,0.018737793,24.993896,29,19,1,0,255,2,0,1782509451.3985546,187
25.005861,25.001417,-0.0518829,0.46852717,0.6064453,1,1,0,-0.0020751953,0.018737793,25.00586,29,19,1,0,255,2,0,1782509451.3985546,187
25.016602,25.01257,0.27022687,0.35880736,0.7628784,1,1,0,0.010803223,0.014343262,25.016602,60,19,0,0,255,2,0,1782509451.3985546,187
25.03125,25.027678,0.2184478,0.3620727,0.6692505,1,1,0,0.008728027,0.014465332,25.03125,60,19,0,0,255,2,0,1782509451.3985546,187
25.021242,25.018003,0.16644304,0.366509,0.7655029,1,1,0,0.006652832,0.0146484375,25.02124,60,19,0,0,255,2,0,1782509451.3985546,187
25.017332,25.014349,0.11298062,0.3695053,0.7706909,1,1,0,0.0045166016,0.014770508,25.017334,60,19,0,0,255,2,0,1782509451.3985546,187
25.016602,25.01373,0.0610688,0.37407467,0.7819519,1,1,0,0.0024414062,0.014953613,25.016602,60,19,0,0,255,2,0,1782509451.3985546,187
25.015623,25.01278,0.007633295,0.37711337,0.74124146,1,1,0,0.00030517578,0.015075684,25.015625,60,19,0,0,255,2,0,1782509451.3985546,187
25.01831,25.01536,-0.04427772,0.3817343,0.7984009,1,1,0,-0.0017700195,0.015258789,25.01831,60,19,0,0,255,2,0,1782509451.3985546,187
25.020996,25.017853,-0.09619949,0.38482925,0.7854004,1,1,0,-0.0038452148,0.015380859,25.020996,60,19,0,0,255,2,0,1782509451.3985546,187
25.014647,25.006699,0.2610047,0.5740163,0.7101135,1,1,0,0.010437012,0.022949219,25.014648,61,19,1,0,255,2,0,1782509451.3985546,187
25.010254,25.002687,0.20907275,0.5784937,0.6321106,1,1,0,0.008361816,0.023132324,25.010254,61,19,1,0,255,2,0,1782509451.3985546,187
25.013672,25.006424,0.15568165,0.5816254,0.7101135,1,1,0,0.006225586,0.023254395,25.013672,61,19,1,0,255,2,0,1782509451.3985546,187
25.011473,25.004389,0.10377857,0.5861528,0.89398193,1,1,0,0.0041503906,0.0234375,25.011475,61,19,1,0,255,2,0,1782509451.3985546,187
25.001953,24.994963,0.050343927,0.5889808,0.6387024,1,1,0,0.0020141602,0.02355957,25.001953,61,19,1,0,255,2,0,1782509451.3985546,187
25.005371,24.998323,-0.0015257766,0.5936386,0.6602173,1,1,0,-6.1035156e-05,0.023742676,25.005371,61,19,1,0,255,2,0,1782509451.3985546,187
25.006592,24.999413,-0.05340459,0.5967193,0.8427124,1,1,0,-0.0021362305,0.023864746,25.006592,61,19,1,0,255,2,0,1782509451.3985546,187
25.019287,25.01207,0.27174827,0.53595567,0.7706909,1,1,0,0.010864258,0.02142334,25.019287,26,20,0,0,255,2,0,1782509451.498338,188
25.02075,25.014076,0.21985596,0.5344603,0.715271,1,1,0,0.0087890625,0.021362305,25.020752,26,20,0,0,255,2,0,1782509451.498338,188
24.99829,24.987146,0.26232588,0.6987137,0.8562622,1,1,0,0.010498047,0.027954102,24.998291,27,20,1,0,255,2,0,1782509451.498338,188
24.992674,24.982416,0.15705706,0.6985568,0.819397,1,1,0,0.006286621,0.027954102,24.992676,27,20,1,0,255,2,0,1782509451.498338,188
24.99707,24.987083,0.105231866,0.6986796,0.83169556,1,1,0,0.004211426,0.027954102,24.99707,27,20,1,0,255,2,0,1782509451.498338,188
25.03125,25.028444,0.21692675,0.30554965,0.7455139,1,1,0,0.008666992,0.012207031,25.03125,28,20,0,0,255,2,0,1782509451.498338,188
25.02368,25.021763,0.059561197,0.30393004,1.065979,1,1,0,0.002380371,0.012145996,25.023682,28,20,0,0,255,2,0,1782509451.498338,188
25.031248,25.029402,0.007638368,0.30402198,0.6718445,1,1,0,0.00030517578,0.012145996,25.03125,28,20,0,0,255,2,0,1782509451.498338,188
25.00757,25.002317,0.20754355,0.4685592,1.0272522,1,1,0,0.008300781,0.018737793,25.007568,29,20,1,0,255,2,0,1782509451.498338,188
25.00879,25.003914,0.15566602,0.46858206,0.85705566,1,1,0,0.006225586,0.018737793,25.00879,29,20,1,0,255,2,0,1782509451.498338,188
25.008057,25.003458,0.1022486,0.46856835,0.6413574,1,1,0,0.0040893555,0.018737793,25.008057,29,20,1,0,255,2,0,1782509451.498338,188
25.019285,25.014894,-0.001526788,0.46877876,0.7234497,1,1,0,-6.1035156e-05,0.018737793,25.019287,29,20,1,0,255,2,0,1782509451.498338,188
25.001955,24.997534,-0.054926306,0.46692827,0.8427124,1,1,0,-0.0021972656,0.018676758,25.001953,29,20,1,0,255,2,0,1782509451.498338,188
25.031006,25.027416,0.21539019,0.3651244,0.679657,1,1,0,0.008605957,0.014587402,25.031006,60,20,0,0,255,2,0,1782509451.498338,188
25.02075,25.017511,0.16338573,0.3680288,0.82611084,1,1,0,0.0065307617,0.014709473,25.020752,60,20,0,0,255,2,0,1782509451.498338,188
25.015623,25.012602,0.11144605,0.37253338,0.6555176,1,1,0,0.0044555664,0.014892578,25.015625,60,20,0,0,255,2,0,1782509451.498338,188
25.02124,25.018353,0.058026068,0.375671,0.74990845,1,1,0,0.002319336,0.015014648,25.02124,60,20,0,0,255,2,0,1782509451.498338,188
25.01831,25.01542,0.0061072805,0.3802075,0.8503418,1,1,0,0.00024414062,0.015197754,25.01831,60,20,0,0,255,2,0,1782509451.498338,188
25.015625,25.012648,-0.045799576,0.38322,0.715271,1,1,0,-0.0018310547,0.015319824,25.015625,60,20,0,0,255,2,0,1782509451.498338,188
25.012451,25.004463,0.25792873,0.57701826,0.76345825,1,1,0,0.010314941,0.023071289,25.012451,61,20,1,0,255,2,0,1782509451.498338,188
25.015871,25.008293,0.20606665,0.58015007,0.7470398,1,1,0,0.008239746,0.02319336,25.01587,61,20,1,0,255,2,0,1782509451.498338,188
25.014648,25.00734,0.15416096,0.5847008,0.6885376,1,1,0,0.006164551,0.023376465,25.014648,61,20,1,0,255,2,0,1782509451.498338,188
25.005371,24.998264,0.10070156,0.5875355,0.79351807,1,1,0,0.0040283203,0.023498535,25.005371,61,20,1,0,255,2,0,1782509451.498338,188
25.012451,25.00539,0.048838712,0.5922805,0.68341064,1,1,0,0.001953125,0.02368164,25.012451,61,20,1,0,255,2,0,1782509451.498338,188
25.006592,24.999508,-0.0030516977,0.59519345,0.7463379,1,1,0,-0.00012207031,0.023803711,25.006592,61,20,1,0,255,2,0,1782509451.498338,188
25.020996,25.013779,0.27482063,0.5344655,0.89624023,1,1,0,0.010986328,0.021362305,25.020996,26,21,0,0,255,2,0,1782509451.5984197,189
25.017332,25.011051,0.16945003,0.5343873,1.1525574,1,1,0,0.0067749023,0.021362305,25.017334,26,21,0,0,255,2,0,1782509451.5984197,189
25.016602,25.010616,0.11754344,0.5343716,0.6399231,1,1,0,0.004699707,0.021362305,25.016602,26,21,0,0,255,2,0,1782509451.5984197,189
25.01831,25.012428,-0.09312531,0.53440815,0.75942993,1,1,0,-0.0037231445,0.021362305,25.01831,26,21,0,0,255,2,0,1782509451.5984197,189
25.01367,25.003384,0.16024117,0.69914365,0.6680298,1,1,0,0.0064086914,0.027954102,25.013672,27,21,1,0,255,2,0,1782509451.5984197,189
25.01367,25.00367,0.106827855,0.69914365,0.63827515,1,1,0,0.004272461,0.027954102,25.013672,27,21,1,0,255,2,0,1782509451.5984197,189
25.009033,24.999203,0.05492997,0.699014,0.7029114,1,1,0,0.0021972656,0.027954102,25.009033,27,21,1,0,255,2,0,1782509451.5984197,189
25.003174,24.993404,0.0030509527,0.6988502,0.776062,1,1,0,0.00012207031,0.027954102,25.003174,27,21,1,0,255,2,0,1782509451.5984197,189
25.019285,25.00946,-0.050373126,0.6993006,0.8640137,1,1,0,-0.0020141602,0.027954102,25.019287,27,21,1,0,255,2,0,1782509451.5984197,189
25.010738,25.008823,0.059530396,0.3037729,0.75942993,1,1,0,0.002380371,0.012145996,25.010742,28,21,0,0,255,2,0,1782509451.5984197,189
25.019285,25.014032,0.2076408,0.46877876,0.7244568,1,1,0,0.008300781,0.018737793,25.019287,29,21,1,0,255,2,0,1782509451.5984197,189
25.006838,25.002396,0.0503589,0.46854547,0.6977844,1,1,0,0.0020141602,0.018737793,25.006836,29,21,1,0,255,2,0,1782509451.5984197,189
25.014648,25.010258,-0.00305301,0.46869186,0.72958374,1,1,0,-0.00012207031,0.018737793,25.014648,29,21,1,0,255,2,0,1782509451.5984197,189
25.020266,25.01584,-0.054966528,0.46727023,0.78604126,1,1,0,-0.0021972656,0.018676758,25.020264,29,21,1,0,255,2,0,1782509451.5984197,189
25.02075,25.017136,0.21835579,0.36497486,0.8390808,1,1,0,0.008728027,0.014587402,25.020752,60,21,0,0,255,2,0,1782509451.5984197,189
25.01831,25.015282,0.11298483,0.37257338,0.75942993,1,1,0,0.0045166016,0.014892578,25.01831,60,21,0,0,255,2,0,1782509451.5984197,189
25.027098,25.024206,0.0076367822,0.38034105,0.73599243,1,1,0,0.00030517578,0.015197754,25.0271,60,21,0,0,255,2,0,1782509451.5984197,189
25.022465,25.019464,-0.044284984,0.38485178,1.046051,1,1,0,-0.0017700195,0.015380859,25.02246,60,21,0,0,255,2,0,1782509451.5984197,189
24.998291,24.99104,-0.054912034,0.5995719,0.96380615,1,1,0,-0.0021972656,0.023986816,24.998291,61,21,1,0,255,2,0,1782509451.5984197,189
25.008787,24.99896,-0.053403623,0.69900715,0.6622925,1,1,0,-0.0021362305,0.027954102,25.00879,27,22,1,0,255,2,0,1782509451.6983957,190
25.02124,25.018833,0.16492145,0.30542746,0.6910095,1,1,0,0.006591797,0.012207031,25.02124,28,22,0,0,255,2,0,1782509451.6983957,190
25.021484,25.019365,0.11300328,0.30543044,0.70401,1,1,0,0.0045166016,0.012207031,25.021484,28,22,0,0,255,2,0,1782509451.6983957,190
25.006594,25.000856,0.25941762,0.4685409,0.90219116,1,1,0,0.010375977,0.018737793,25.006592,29,22,1,0,255,2,0,1782509451.6983957,190
25.012451,25.00806,-0.0015263709,0.4686507,0.6752014,1,1,0,-6.1035156e-05,0.018737793,25.012451,29,22,1,0,255,2,0,1782509451.6983957,190
25.000977,24.996529,-0.054924097,0.4684357,0.8427124,1,1,0,-0.0021972656,0.018737793,25.000977,29,22,1,0,255,2,0,1782509451.6983957,190
25.01831,25.0142,0.27329835,0.36188555,0.80184937,1,1,0,0.010925293,0.014465332,25.01831,60,22,0,0,255,2,0,1782509451.6983957,190
25.022215,25.018574,0.22142261,0.36499622,0.67529297,1,1,0,0.008850098,0.014587402,25.022217,60,22,0,0,255,2,0,1782509451.6983957,190
25.019533,25.016489,0.11604411,0.37259156,0.9949646,1,1,0,0.004638672,0.014892578,25.019531,60,22,0,0,255,2,0,1782509451.6983957,190
25.019289,25.016102,-0.09466588,0.38785672,0.7741394,1,1,0,-0.0037841797,0.01550293,25.019287,60,22,0,0,255,2,0,1782509451.6983957,190
25.014648,25.006598,0.26405653,0.577069,0.732666,1,1,0,0.010559082,0.023071289,25.014648,61,22,1,0,255,2,0,1782509451.6983957,190
25.00659,24.998943,0.21056737,0.5814608,0.7350769,1,1,0,0.008422852,0.023254395,25.006592,61,22,1,0,255,2,0,1782509451.6983957,190
25.018066,25.010727,0.15876162,0.5847807,0.6444397,1,1,0,0.0063476562,0.023376465,25.018066,61,22,1,0,255,2,0,1782509451.6983957,190
25.010988,25.003824,0.10530237,0.5891936,0.73916626,1,1,0,0.004211426,0.02355957,25.010986,61,22,1,0,255,2,0,1782509451.6983957,190
25.019289,25.012215,0.053431936,0.5924424,0.73986816,1,1,0,0.0021362305,0.02368164,25.019287,61,22,1,0,255,2,0,1782509451.6983957,190
25.012451,25.005327,0.001526204,0.59685916,0.6916199,1,1,0,6.1035156e-05,0.023864746,25.012451,61,22,1,0,255,2,0,1782509451.6983957,190
25.012451,25.005201,-0.051890753,0.5999115,0.77474976,1,1,0,-0.0020751953,0.023986816,25.012451,61,22,1,0,255,2,0,1782509451.6983957,190
25.020754,25.013535,0.2717642,0.5359871,0.7724304,1,1,0,0.010864258,0.02142334,25.020752,26,23,0,0,255,2,0,1782509451.798731,191
25.020264,25.013569,0.21832466,0.5359766,0.7706909,1,1,0,0.008728027,0.02142334,25.020264,26,23,0,0,255,2,0,1782509451.798731,191
25.020996,25.018152,0.22141887,0.30542448,0.8390808,1,1,0,0.008850098,0.012207031,25.020996,28,23,0,0,255,2,0,1782509451.798731,191
25.0166,25.014751,0.012214235,0.30384406,0.75250244,1,1,0,0.00048828125,0.012145996,25.016602,28,23,0,0,255,2,0,1782509451.798731,191
25.015625,25.013748,-0.0396947,0.3038322,0.7655029,1,1,0,-0.0015869141,0.012145996,25.015625,28,23,0,0,255,2,0,1782509451.798731,191
25.015623,25.013605,-0.093129694,0.3038322,0.82437134,1,1,0,-0.0037231445,0.012145996,25.015625,28,23,0,0,255,2,0,1782509451.798731,191
24.99878,24.99349,0.21204704,0.46839452,0.690979,1,1,0,0.008483887,0.018737793,24.99878,29,23,1,0,255,2,0,1782509451.798731,191
25.009031,25.004128,0.16024594,0.46858665,0.6064453,1,1,0,0.0064086914,0.018737793,25.009033,29,23,1,0,255,2,0,1782509451.798731,191
25.004639,25.000021,0.10681227,0.4685043,0.62493896,1,1,0,0.004272461,0.018737793,25.004639,29,23,1,0,255,2,0,1782509451.798731,191
25.00049,24.99604,0.054923024,0.46842656,0.98223877,1,1,0,0.0021972656,0.018737793,25.000488,29,23,1,0,255,2,0,1782509451.798731,191
24.997557,24.99317,0.003050924,0.46837166,0.70944214,1,1,0,0.00012207031,0.018737793,24.997559,29,23,1,0,255,2,0,1782509451.798731,191
25.001709,24.997269,-0.050348572,0.4684494,1.0344849,1,1,0,-0.0020141602,0.018737793,25.001709,29,23,1,0,255,2,0,1782509451.798731,191
25.019285,25.01568,0.21987006,0.36342657,0.8356323,1,1,0,0.0087890625,0.014526367,25.019287,60,23,0,0,255,2,0,1782509451.798731,191
25.021238,25.018225,0.114525154,0.37109,0.8373718,1,1,0,0.0045776367,0.014831543,25.02124,60,23,0,0,255,2,0,1782509451.798731,191
25.021484,25.018616,0.009162092,0.3787287,0.8434143,1,1,0,0.00036621094,0.015136719,25.021484,60,23,0,0,255,2,0,1782509451.798731,191
25.020996,25.017828,-0.09619939,0.38635623,0.80618286,1,1,0,-0.0038452148,0.0154418945,25.020996,60,23,0,0,255,2,0,1782509451.798731,191
25.005371,24.997374,0.26243323,0.5753292,0.72994995,1,1,0,0.010498047,0.023010254,25.005371,61,23,1,0,255,2,0,1782509451.798731,191
25.00659,24.998991,0.20904185,0.5799349,0.81811523,1,1,0,0.008361816,0.02319336,25.006592,61,23,1,0,255,2,0,1782509451.798731,191
25.026365,25.01907,0.1572875,0.58344764,0.6758423,1,1,0,0.006286621,0.02331543,25.026367,61,23,1,0,255,2,0,1782509451.798731,191
25.011477,25.004349,0.10530458,0.5876789,0.81607056,1,1,0,0.004211426,0.023498535,25.011475,61,23,1,0,255,2,0,1782509451.798731,191
25.010986,25.003956,0.051888168,0.5907197,0.7381592,1,1,0,0.0020751953,0.023620605,25.010986,61,23,1,0,255,2,0,1782509451.798731,191
25.009031,25.001947,-0.0,0.59525156,0.62802124,1,1,0,-0.0,0.023803711,25.009033,61,23,1,0,255,2,0,1782509451.798731,191
25.010742,25.003544,0.27318192,0.53424644,0.6884155,1,1,0,0.010925293,0.021362305,25.010742,26,24,0,0,255,2,0,1782509451.8983874,192
25.021484,25.015741,-0.04122471,0.5344759,0.87545776,1,1,0,-0.0016479492,0.021362305,25.021484,26,24,0,0,255,2,0,1782509451.8983874,192
24.99878,24.98762,0.2638561,0.69872737,0.63253784,1,1,0,0.010559082,0.027954102,24.99878,27,24,1,0,255,2,0,1782509451.8983874,192
25.009033,24.99904,0.105282225,0.699014,0.59210205,1,1,0,0.004211426,0.027954102,25.009033,27,24,1,0,255,2,0,1782509451.8983874,192
25.006592,24.996822,0.001525685,0.69894576,0.7114868,1,1,0,6.1035156e-05,0.027954102,25.006592,27,24,1,0,255,2,0,1782509451.8983874,192
25.01074,25.008627,0.11600764,0.3037729,0.8667908,1,1,0,0.004638672,0.012145996,25.010742,28,24,0,0,255,2,0,1782509451.8983874,192
25.01831,25.016382,0.06412905,0.30386484,0.7074585,1,1,0,0.0025634766,0.012145996,25.01831,28,24,0,0,255,2,0,1782509451.8983874,192
25.021484,25.015697,0.26415262,0.46881995,0.79833984,1,1,0,0.010559082,0.018737793,25.021484,29,24,1,0,255,2,0,1782509451.8983874,192
25.010254,25.005806,0.053418245,0.4686095,0.68136597,1,1,0,0.0021362305,0.018737793,25.010254,29,24,1,0,255,2,0,1782509451.8983874,192
25.021484,25.017391,0.2718061,0.36193144,1.0278625,1,1,0,0.010864258,0.014465332,25.021484,60,24,0,0,255,2,0,1782509451.8983874,192
25.034424,25.030794,0.22000289,0.36517426,0.7975464,1,1,0,0.0087890625,0.014587402,25.034424,60,24,0,0,255,2,0,1782509451.8983874,192
25.02124,25.017946,0.1679697,0.36956298,0.7984009,1,1,0,0.006713867,0.014770508,25.02124,60,24,0,0,255,2,0,1782509451.8983874,192
25.031248,25.028326,0.062632054,0.3773489,0.7975464,1,1,0,0.0025024414,0.015075684,25.03125,60,24,0,0,255,2,0,1782509451.8983874,192
25.031982,25.029089,0.009165927,0.38041526,0.7897339,1,1,0,0.00036621094,0.015197754,25.031982,60,24,0,0,255,2,0,1782509451.8983874,192
25.022463,25.019466,-0.042757917,0.38485178,0.88586426,1,1,0,-0.0017089844,0.015380859,25.02246,60,24,0,0,255,2,0,1782509451.8983874,192
25.000977,24.99333,0.21052009,0.5813302,0.67355347,1,1,0,0.008422852,0.023254395,25.000977,61,24,1,0,255,2,0,1782509451.8983874,192
24.998777,24.99166,-0.0,0.5965329,0.6940613,1,1,0,-0.0,0.023864746,24.99878,61,24,1,0,255,2,0,1782509451.8983874,192
25.010742,25.004051,0.21824157,0.5357726,0.95339966,1,1,0,0.008728027,0.02142334,25.010742,26,25,0,0,255,2,0,1782509451.9985926,193
25.01074,25.004961,0.06104739,0.53424644,0.6970825,1,1,0,0.0024414062,0.021362305,25.010742,26,25,0,0,255,2,0,1782509451.9985926,193
25.009764,24.999119,0.20904292,0.69903445,0.8345032,1,1,0,0.008361816,0.027954102,25.009766,27,25,1,0,255,2,0,1782509451.9985926,193
25.001223,24.99124,0.10372399,0.6987956,0.55718994,1,1,0,0.0041503906,0.027954102,25.00122,27,25,1,0,255,2,0,1782509451.9985926,193
25.020264,25.010489,-0.0,0.6993279,0.77474976,1,1,0,-0.0,0.027954102,25.020264,27,25,1,0,255,2,0,1782509451.9985926,193
25.022707,25.019365,0.27182755,0.30544534,0.75250244,1,1,0,0.010864258,0.012207031,25.022705,28,25,0,0,255,2,0,1782509451.9985926,193
25.017332,25.014534,0.2183331,0.30385298,0.80184937,1,1,0,0.008728027,0.012145996,25.017334,28,25,0,0,255,2,0,1782509451.9985926,193
25.000002,24.995583,-0.053396408,0.4668918,0.8665161,1,1,0,-0.0021362305,0.018676758,25.0,29,25,1,0,255,2,0,1782509451.9985926,193
25.03125,25.027199,0.27191263,0.35901746,0.85128784,1,1,0,0.010864258,0.014343262,25.03125,60,25,0,0,255,2,0,1782509451.9985926,193
25.025146,25.021563,0.21992175,0.36198443,0.86343384,1,1,0,0.0087890625,0.014465332,25.025146,60,25,0,0,255,2,0,1782509451.9985926,193
25.011719,25.008482,0.16637969,0.36636952,1.1023254,1,1,0,0.006652832,0.0146484375,25.011719,60,25,0,0,255,2,0,1782509451.9985926,193
25.019773,25.016783,0.11451855,0.36954135,0.9282837,1,1,0,0.0045776367,0.014770508,25.019775,60,25,0,0,255,2,0,1782509451.9985926,193
25.016602,25.013725,0.06259552,0.37407467,0.8564148,1,1,0,0.0025024414,0.014953613,25.016602,60,25,0,0,255,2,0,1782509451.9985926,193
25.020264,25.017418,0.009161653,0.3771833,0.9196167,1,1,0,0.00036621094,0.015075684,25.020264,60,25,0,0,255,2,0,1782509451.9985926,193
25.020754,25.017803,-0.042755075,0.38177156,0.709198,1,1,0,-0.0017089844,0.015258789,25.020752,60,25,0,0,255,2,0,1782509451.9985926,193
25.017336,25.014196,-0.094658665,0.38477293,0.8564148,1,1,0,-0.0037841797,0.015380859,25.017334,60,25,0,0,255,2,0,1782509451.9985926,193
25.005371,24.99741,0.26243362,0.57380337,0.7125244,1,1,0,0.010498047,0.022949219,25.005371,61,25,1,0,255,2,0,1782509451.9985926,193
25.007566,25.000038,0.20905061,0.57690567,0.81811523,1,1,0,0.008361816,0.023071289,25.007568,61,25,1,0,255,2,0,1782509451.9985926,193
25.005371,24.998116,0.15715575,0.58143234,0.78530884,1,1,0,0.006286621,0.023254395,25.005371,61,25,1,0,255,2,0,1782509451.9985926,193
25.005371,24.998281,0.10527902,0.58600974,0.803772,1,1,0,0.004211426,0.0234375,25.005371,61,25,1,0,255,2,0,1782509451.9985926,193
24.996094,24.989103,0.051857345,0.58884275,0.7251587,1,1,0,0.0020751953,0.02355957,24.996094,61,25,1,0,255,2,0,1782509451.9985926,193
24.99878,24.99177,-0.0,0.5919568,0.7022705,1,1,0,-0.0,0.02368164,24.99878,61,25,1,0,255,2,0,1782509451.9985926,193
25.009766,25.00259,-0.051885333,0.5967951,0.7883911,1,1,0,-0.0020751953,0.023864746,25.009766,61,25,1,0,255,2,0,1782509451.9985926,193
25.004639,24.994009,0.20747457,0.69889116,0.6187744,1,1,0,0.008300781,0.027954102,25.004639,27,26,1,0,255,2,0,1782509452.0983124,194
25.010988,25.001156,-0.054934263,0.69906855,0.82632446,1,1,0,-0.0021972656,0.027954102,25.010986,27,26,1,0,255,2,0,1782509452.0983124,194
25.027098,25.024267,0.21994552,0.305499,0.7767334,1,1,0,0.0087890625,0.012207031,25.0271,28,26,0,0,255,2,0,1782509452.0983124,194
25.031248,25.02914,0.11457512,0.30402198,0.664917,1,1,0,0.0045776367,0.012145996,25.03125,28,26,0,0,255,2,0,1782509452.0983124,194
24.993896,24.989016,0.15709855,0.46830302,0.72003174,1,1,0,0.006286621,0.018737793,24.993896,29,26,1,0,255,2,0,1782509452.0983124,194
25.014648,25.010584,0.27325884,0.35877934,0.695343,1,1,0,0.010925293,0.014343262,25.014648,60,26,0,0,255,2,0,1782509452.0983124,194
25.0271,25.023514,0.2199389,0.36201268,0.69351196,1,1,0,0.0087890625,0.014465332,25.0271,60,26,0,0,255,2,0,1782509452.0983124,194
25.019775,25.016527,0.16796017,0.36648753,0.68582153,1,1,0,0.006713867,0.0146484375,25.019775,60,26,0,0,255,2,0,1782509452.0983124,194
25.017334,25.014336,0.11603412,0.3695053,0.81658936,1,1,0,0.004638672,0.014770508,25.017334,60,26,0,0,255,2,0,1782509452.0983124,194
25.021729,25.018852,0.06260835,0.37415132,0.7724304,1,1,0,0.0025024414,0.014953613,25.021729,60,26,0,0,255,2,0,1782509452.0983124,194
25.019773,25.016928,0.010688386,0.37717593,0.81137085,1,1,0,0.0004272461,0.015075684,25.019775,60,26,0,0,255,2,0,1782509452.0983124,194
25.019287,25.01634,-0.041225698,0.3817492,0.8434143,1,1,0,-0.0016479492,0.015258789,25.019287,60,26,0,0,255,2,0,1782509452.0983124,194
25.019289,25.01615,-0.09466606,0.38480297,0.7724304,1,1,0,-0.0037841797,0.015380859,25.019287,60,26,0,0,255,2,0,1782509452.0983124,194
25.014648,25.006683,0.26253098,0.5740163,0.8742981,1,1,0,0.010498047,0.022949219,25.014648,61,26,1,0,255,2,0,1782509452.0983124,194
25.014648,25.007069,0.21063581,0.57859534,0.83325195,1,1,0,0.008422852,0.023132324,25.014648,61,26,1,0,255,2,0,1782509452.0983124,194
25.01587,25.008602,0.15874813,0.5816765,0.63623047,1,1,0,0.0063476562,0.023254395,25.01587,61,26,1,0,255,2,0,1782509452.0983124,194
25.008059,25.000967,0.10529033,0.5860727,0.6690674,1,1,0,0.004211426,0.0234375,25.008057,61,26,1,0,255,2,0,1782509452.0983124,194
25.014648,25.007648,0.053422183,0.58927983,0.6998291,1,1,0,0.0021362305,0.02355957,25.014648,61,26,1,0,255,2,0,1782509452.0983124,194
25.010254,25.003204,0.0015260745,0.59375453,0.7357483,1,1,0,6.1035156e-05,0.023742676,25.010254,61,26,1,0,255,2,0,1782509452.0983124,194
25.00537,24.998196,-0.051876213,0.5966902,0.76275635,1,1,0,-0.0020751953,0.023864746,25.005371,61,26,1,0,255,2,0,1782509452.0983124,194
25.020996,25.01432,0.21985811,0.5344655,0.723938,1,1,0,0.0087890625,0.021362305,25.020996,26,27,0,0,255,2,0,1782509452.1982148,195
25.028076,25.022186,-0.0946889,0.5346167,0.71606445,1,1,0,-0.0037841797,0.021362305,25.028076,26,27,0,0,255,2,0,1782509452.1982148,195
25.011232,25.000572,0.2105811,0.6990754,0.732666,1,1,0,0.008422852,0.027954102,25.01123,27,27,1,0,255,2,0,1782509452.1982148,195
25.006836,24.997013,-0.051873762,0.69895256,0.64956665,1,1,0,-0.0020751953,0.027954102,25.006836,27,27,1,0,255,2,0,1782509452.1982148,195
25.02124,25.01718,0.274858,0.3573469,0.7706909,1,1,0,0.010986328,0.014282227,25.02124,60,27,0,0,255,2,0,1782509452.1982148,195
25.03125,25.02765,0.22150294,0.3620727,0.7992859,1,1,0,0.008850098,0.014465332,25.03125,60,27,0,0,255,2,0,1782509452.1982148,195
25.022705,25.019468,0.16950706,0.36500335,0.8417053,1,1,0,0.0067749023,0.014587402,25.022705,60,27,0,0,255,2,0,1782509452.1982148,195
25.031252,25.028244,0.11762628,0.36971083,0.68310547,1,1,0,0.004699707,0.014770508,25.03125,60,27,0,0,255,2,0,1782509452.1982148,195
25.020996,25.01814,0.064133555,0.37261337,1.1023254,1,1,0,0.0025634766,0.014892578,25.020996,60,27,0,0,255,2,0,1782509452.1982148,195
25.01367,25.010824,0.012212317,0.37708393,0.71691895,1,1,0,0.00048828125,0.015075684,25.013672,60,27,0,0,255,2,0,1782509452.1982148,195
25.019775,25.016851,-0.04122654,0.38022974,0.87719727,1,1,0,-0.0016479492,0.015197754,25.019775,60,27,0,0,255,2,0,1782509452.1982148,195
25.019775,25.016644,-0.09314101,0.38481048,0.7802124,1,1,0,-0.0037231445,0.015380859,25.019775,60,27,0,0,255,2,0,1782509452.1982148,195
24.999514,24.991537,0.26389748,0.5736689,0.8746948,1,1,0,0.010559082,0.022949219,24.999512,61,27,1,0,255,2,0,1782509452.1982148,195
25.007568,25.000013,0.21210238,0.57690567,0.74942017,1,1,0,0.008483887,0.023071289,25.007568,61,27,1,0,255,2,0,1782509452.1982148,195
25.010984,25.00371,0.16024327,0.58156294,0.77301025,1,1,0,0.0064086914,0.023254395,25.010986,61,27,1,0,255,2,0,1782509452.1982148,195
25.00415,24.99709,0.10679974,0.58445543,0.79556274,1,1,0,0.004272461,0.023376465,25.00415,61,27,1,0,255,2,0,1782509452.1982148,195
24.992678,24.985682,0.054900263,0.5887622,0.7845764,1,1,0,0.0021972656,0.02355957,24.992676,61,27,1,0,255,2,0,1782509452.1982148,195
25.013672,25.006659,0.0015262853,0.5923094,0.67419434,1,1,0,6.1035156e-05,0.02368164,25.013672,61,27,1,0,255,2,0,1782509452.1982148,195
25.000975,24.993805,-0.050341595,0.59658533,0.7596741,1,1,0,-0.0020141602,0.023864746,25.000977,61,27,1,0,255,2,0,1782509452.1982148,195
25.02124,25.014038,0.2732966,0.53447074,0.87286377,1,1,0,0.010925293,0.021362305,25.02124,26,28,0,0,255,2,0,1782509452.2981656,196
25.013916,25.004143,-0.0,0.69915044,0.59469604,1,1,0,-0.0,0.027954102,25.013916,27,28,1,0,255,2,0,1782509452.2981656,196
25.007568,24.997744,-0.051875275,0.69897306,1.0282898,1,1,0,-0.0020751953,0.027954102,25.007568,27,28,1,0,255,2,0,1782509452.2981656,196
25.023682,25.020864,0.21838833,0.30545726,0.7949219,1,1,0,0.008728027,0.012207031,25.023682,28,28,0,0,255,2,0,1782509452.2981656,196
25.028074,25.02404,0.27035078,0.35897195,0.6622925,1,1,0,0.010803223,0.014343262,25.028076,60,28,0,0,255,2,0,1782509452.2981656,196
25.015627,25.012056,0.21831144,0.3618467,0.697937,1,1,0,0.008728027,0.014465332,25.015625,60,28,0,0,255,2,0,1782509452.2981656,196
25.015625,25.012398,0.16487902,0.36642674,0.7057495,1,1,0,0.006591797,0.0146484375,25.015625,60,28,0,0,255,2,0,1782509452.2981656,196
25.020996,25.018011,0.11299716,0.36955938,0.69189453,1,1,0,0.0045166016,0.014770508,25.020996,60,28,0,0,255,2,0,1782509452.2981656,196
25.01953,25.016659,0.061075952,0.37411845,0.6477356,1,1,0,0.0024414062,0.014953613,25.019531,60,28,0,0,255,2,0,1782509452.2981656,196
25.015623,25.012756,0.007633288,0.37864003,0.695343,1,1,0,0.00030517578,0.015136719,25.015625,60,28,0,0,255,2,0,1782509452.2981656,196
25.019531,25.01658,-0.04427988,0.38175294,0.7559509,1,1,0,-0.0017700195,0.015258789,25.019531,60,28,0,0,255,2,0,1782509452.2981656,196
25.01587,25.00792,0.26101744,0.5740443,0.7501221,1,1,0,0.010437012,0.022949219,25.01587,61,28,1,0,255,2,0,1782509452.2981656,196
25.014648,25.007093,0.20758319,0.57859534,0.7922058,1,1,0,0.008300781,0.023132324,25.014648,61,28,1,0,255,2,0,1782509452.2981656,196
25.019289,25.01204,0.15571661,0.58175594,0.80862427,1,1,0,0.006225586,0.023254395,25.019287,61,28,1,0,255,2,0,1782509452.2981656,196
25.015871,25.008783,0.10379681,0.5862557,0.6864929,1,1,0,0.0041503906,0.0234375,25.01587,61,28,1,0,255,2,0,1782509452.2981656,196
25.00879,25.001797,0.050357692,0.58914185,1.013916,1,1,0,0.0020141602,0.02355957,25.00879,61,28,1,0,255,2,0,1782509452.2981656,196
25.002195,24.99515,-0.0015255829,0.59356326,1.0426941,1,1,0,-6.1035156e-05,0.023742676,25.002197,61,28,1,0,255,2,0,1782509452.2981656,196
25.00879,25.001608,-0.054935258,0.5967718,0.6776428,1,1,0,-0.0021972656,0.023864746,25.00879,61,28,1,0,255,2,0,1782509452.2981656,196
25.016602,25.009895,0.2198192,0.53589815,0.66677856,1,1,0,0.0087890625,0.02142334,25.016602,26,29,0,0,255,2,0,1782509452.3979466,197
25.020264,25.00957,0.2091303,0.7008544,0.8229675,1,1,0,0.008361816,0.028015137,25.020264,27,29,1,0,255,2,0,1782509452.3979466,197
25.007568,24.997583,0.10375032,0.69897306,0.8775635,1,1,0,0.0041503906,0.027954102,25.007568,27,29,1,0,255,2,0,1782509452.3979466,197
25.01465,25.011833,0.21830949,0.305347,0.8607483,1,1,0,0.008728027,0.012207031,25.014648,28,29,0,0,255,2,0,1782509452.3979466,197
25.032715,25.030613,0.113054074,0.30403978,0.7732544,1,1,0,0.0045166016,0.012145996,25.032715,28,29,0,0,255,2,0,1782509452.3979466,197
25.021484,25.01704,0.050388396,0.46881995,0.84555054,1,1,0,0.0020141602,0.018737793,25.021484,29,29,1,0,255,2,0,1782509452.3979466,197
25.01831,25.014717,0.21833469,0.36341238,0.7559509,1,1,0,0.008728027,0.014526367,25.01831,60,29,0,0,255,2,0,1782509452.3979466,197
25.019531,25.016663,0.009161376,0.37869912,0.87545776,1,1,0,0.00036621094,0.015136719,25.019531,60,29,0,0,255,2,0,1782509452.3979466,197
25.016602,25.013628,-0.044274654,0.38323495,0.73690796,1,1,0,-0.0017700195,0.015319824,25.016602,60,29,0,0,255,2,0,1782509452.3979466,197
25.02295,25.019781,-0.0962069,0.3863864,0.8338928,1,1,0,-0.0038452148,0.0154418945,25.02295,60,29,0,0,255,2,0,1782509452.3979466,197
25.006592,24.99861,0.26092026,0.57535726,0.8222046,1,1,0,0.010437012,0.023010254,25.006592,61,29,1,0,255,2,0,1782509452.3979466,197
25.019285,25.011992,0.157243,0.5832826,0.7337036,1,1,0,0.006286621,0.02331543,25.019287,61,29,1,0,255,2,0,1782509452.3979466,197
25.011475,25.004444,0.05188918,0.59073126,0.7770996,1,1,0,0.0020751953,0.023620605,25.011475,61,29,1,0,255,2,0,1782509452.3979466,197
25.011475,25.004389,-0.0,0.5953097,0.87960815,1,1,0,-0.0,0.023803711,25.011475,61,29,1,0,255,2,0,1782509452.3979466,197
25.01367,25.006454,-0.05341963,0.59841454,0.6690674,1,1,0,-0.0021362305,0.023925781,25.013672,61,29,1,0,255,2,0,1782509452.3979466,197
25.014648,25.003529,0.25944534,0.69917095,0.703949,1,1,0,0.010375977,0.027954102,25.014648,27,30,1,0,255,2,0,1782509452.4983993,198
25.01831,25.015507,0.21681462,0.3053917,0.8460083,1,1,0,0.008666992,0.012207031,25.01831,28,30,0,0,255,2,0,1782509452.4983993,198
25.011229,25.005493,0.25946572,0.4686278,0.6885376,1,1,0,0.010375977,0.018737793,25.01123,29,30,1,0,255,2,0,1782509452.4983993,198
25.006594,25.001719,0.15565236,0.4685409,0.7032776,1,1,0,0.006225586,0.018737793,25.006592,29,30,1,0,255,2,0,1782509452.4983993,198
24.999756,24.995367,-0.0015255961,0.46841282,0.7381592,1,1,0,-6.1035156e-05,0.018737793,24.999756,29,30,1,0,255,2,0,1782509452.4983993,198
25.018312,25.014223,0.2732986,0.36035872,0.75942993,1,1,0,0.010925293,0.014404297,25.01831,60,30,0,0,255,2,0,1782509452.4983993,198
25.019287,25.016016,0.16795674,0.36800724,0.7871399,1,1,0,0.006713867,0.014709473,25.019287,60,30,0,0,255,2,0,1782509452.4983993,198
25.017332,25.014458,0.06259735,0.3740856,0.6399231,1,1,0,0.0025024414,0.014953613,25.017334,60,30,0,0,255,2,0,1782509452.4983993,198
25.017334,25.014172,-0.09465857,0.38629967,0.80966187,1,1,0,-0.0037841797,0.0154418945,25.017334,60,30,0,0,255,2,0,1782509452.4983993,198
25.016846,25.008844,0.26255366,0.5755932,0.7152405,1,1,0,0.010498047,0.023010254,25.016846,61,30,1,0,255,2,0,1782509452.4983993,198
25.01367,25.006092,0.21062759,0.57857275,0.68444824,1,1,0,0.008422852,0.023132324,25.013672,61,30,1,0,255,2,0,1782509452.4983993,198
25.00415,24.997103,0.0015257021,0.59360963,0.8734741,1,1,0,6.1035156e-05,0.023742676,25.00415,61,30,1,0,255,2,0,1782509452.4983993,198
25.013672,25.007883,0.06410726,0.534309,0.692749,1,1,0,0.0025634766,0.021362305,25.013672,26,31,0,0,255,2,0,1782509452.5984995,199
25.02124,25.015385,-0.094663166,0.53294384,0.8417053,1,1,0,-0.0037841797,0.02130127,25.02124,26,31,0,0,255,2,0,1782509452.5984995,199
24.98828,24.97846,0.05335983,0.69843394,0.6503906,1,1,0,0.0021362305,0.027954102,24.988281,27,31,1,0,255,2,0,1782509452.5984995,199
25.016603,25.014185,0.16641763,0.30537084,0.7854004,1,1,0,0.006652832,0.012207031,25.016602,28,31,0,0,255,2,0,1782509452.5984995,199
25.020996,25.01887,0.114528105,0.30542448,0.710083,1,1,0,0.0045776367,0.012207031,25.020996,28,31,0,0,255,2,0,1782509452.5984995,199
25.012695,25.010757,0.061061542,0.30532315,0.7559509,1,1,0,0.0024414062,0.012207031,25.012695,28,31,0,0,255,2,0,1782509452.5984995,199
25.013674,25.007875,0.26254347,0.47020003,0.6885376,1,1,0,0.010498047,0.018798828,25.013672,29,31,1,0,255,2,0,1782509452.5984995,199
25.006836,25.002232,0.10376962,0.46854547,0.5992737,1,1,0,0.0041503906,0.018737793,25.006836,29,31,1,0,255,2,0,1782509452.5984995,199
25.018066,25.013622,0.05190823,0.4687559,0.7675781,1,1,0,0.0020751953,0.018737793,25.018066,29,31,1,0,255,2,0,1782509452.5984995,199
25.019287,25.011301,0.26105273,0.5756494,0.7480774,1,1,0,0.010437012,0.023010254,25.019287,61,31,1,0,255,2,0,1782509452.5984995,199
24.991455,24.984179,0.15554316,0.58263373,0.7845764,1,1,0,0.006225586,0.02331543,24.991455,61,31,1,0,255,2,0,1782509452.5984995,199
25.001955,24.994837,0.10373892,0.5874552,0.7032776,1,1,0,0.0041503906,0.023498535,25.001953,61,31,1,0,255,2,0,1782509452.5984995,199
24.996094,24.989067,0.05185727,0.590368,0.8788147,1,1,0,0.0020751953,0.023620605,24.996094,61,31,1,0,255,2,0,1782509452.5984995,199
24.998291,24.991209,-0.0015253423,0.5949959,0.825531,1,1,0,-6.1035156e-05,0.023803711,24.998291,61,31,1,0,255,2,0,1782509452.5984995,199
25.019289,25.012087,0.27327526,0.534429,0.73950195,1,1,0,0.010925293,0.021362305,25.019287,26,32,0,0,255,2,0,1782509452.6983726,200
25.007566,24.99691,0.21055025,0.69897306,0.91448975,1,1,0,0.008422852,0.027954102,25.007568,27,32,1,0,255,2,0,1782509452.6983726,200
25.021484,25.019068,0.16645011,0.30543044,0.9854431,1,1,0,0.006652832,0.012207031,25.021484,28,32,0,0,255,2,0,1782509452.6983726,200
25.019287,25.014679,0.10382128,0.46877876,0.6885376,1,1,0,0.0041503906,0.018737793,25.019287,29,32,1,0,255,2,0,1782509452.6983726,200
25.019775,25.016205,0.21834767,0.36190674,0.82785034,1,1,0,0.008728027,0.014465332,25.019775,60,32,0,0,255,2,0,1782509452.6983726,200
25.015627,25.012388,0.16640568,0.36642674,0.80966187,1,1,0,0.006652832,0.0146484375,25.015625,60,32,0,0,255,2,0,1782509452.6983726,200
25.01831,25.015465,0.0076341145,0.37715384,0.7135315,1,1,0,0.00030517578,0.015075684,25.01831,60,32,0,0,255,2,0,1782509452.6983726,200
25.020266,25.017313,-0.044281177,0.3817641,0.81311035,1,1,0,-0.0017700195,0.015258789,25.020264,60,32,0,0,255,2,0,1782509452.6983726,200
25.019777,25.016632,-0.096194796,0.38481048,0.8390808,1,1,0,-0.0038452148,0.015380859,25.019775,60,32,0,0,255,2,0,1782509452.6983726,200
25.00415,24.996204,0.26089516,0.57377535,0.8427124,1,1,0,0.010437012,0.022949219,25.00415,61,32,1,0,255,2,0,1782509452.6983726,200
25.00537,24.997805,0.20903192,0.57838076,0.76171875,1,1,0,0.008361816,0.023132324,25.005371,61,32,1,0,255,2,0,1782509452.6983726,200
25.005371,24.998125,0.15562999,0.58143234,0.7145691,1,1,0,0.006225586,0.023254395,25.005371,61,32,1,0,255,2,0,1782509452.6983726,200
24.993896,24.986818,0.10370564,0.5857408,0.77023315,1,1,0,0.0041503906,0.0234375,24.993896,61,32,1,0,255,2,0,1782509452.6983726,200
25.00415,24.99716,0.050348353,0.58903253,0.764801,1,1,0,0.0020141602,0.02355957,25.00415,61,32,1,0,255,2,0,1782509452.6983726,200
25.009766,25.002716,-0.0015260447,0.59374297,0.87142944,1,1,0,-6.1035156e-05,0.023742676,25.009766,61,32,1,0,255,2,0,1782509452.6983726,200
25.003174,24.995996,-0.05339729,0.5966378,0.82632446,1,1,0,-0.0021362305,0.023864746,25.003174,61,32,1,0,255,2,0,1782509452.6983726,200
25.017334,25.010117,0.27172706,0.5359138,0.80358887,1,1,0,0.010864258,0.02142334,25.017334,26,33,0,0,255,2,0,1782509452.7982805,201
25.022219,25.016323,-0.09619361,0.5344916,0.717865,1,1,0,-0.0038452148,0.021362305,25.022217,26,33,0,0,255,2,0,1782509452.7982805,201
24.99951,24.989687,-0.053383812,0.6987479,0.8460388,1,1,0,-0.0021362305,0.027954102,24.999512,27,33,1,0,255,2,0,1782509452.7982805,201
25.019531,25.016687,0.22140591,0.3054066,0.8390808,1,1,0,0.008850098,0.012207031,25.019531,28,33,0,0,255,2,0,1782509452.7982805,201
25.02905,25.026623,0.16802795,0.30552283,0.638031,1,1,0,0.006713867,0.012207031,25.029053,28,33,0,0,255,2,0,1782509452.7982805,201
25.021729,25.015942,0.26415518,0.4688245,0.6326904,1,1,0,0.010559082,0.018737793,25.021729,29,33,1,0,255,2,0,1782509452.7982805,201
24.997068,24.992178,0.15864389,0.4683625,0.8234863,1,1,0,0.0063476562,0.018737793,24.99707,29,33,1,0,255,2,0,1782509452.7982805,201
25.03125,25.027214,0.2703851,0.35901746,0.7810669,1,1,0,0.010803223,0.014343262,25.03125,60,33,0,0,255,2,0,1782509452.7982805,201
25.017336,25.013756,0.21679944,0.3633982,0.7758789,1,1,0,0.008666992,0.014526367,25.017334,60,33,0,0,255,2,0,1782509452.7982805,201
25.020754,25.017525,0.16491282,0.36650184,0.95339966,1,1,0,0.006591797,0.0146484375,25.020752,60,33,0,0,255,2,0,1782509452.7982805,201
25.03247,25.029463,0.11304888,0.37125656,0.82702637,1,1,0,0.0045166016,0.014831543,25.03247,60,33,0,0,255,2,0,1782509452.7982805,201
25.027098,25.02423,0.059567064,0.37423164,0.7455139,1,1,0,0.002380371,0.014953613,25.0271,60,33,0,0,255,2,0,1782509452.7982805,201
25.025148,25.022196,-0.04428982,0.38183862,0.72473145,1,1,0,-0.0017700195,0.015258789,25.025146,60,33,0,0,255,2,0,1782509452.7982805,201
25.010984,25.003017,0.25944003,0.57545835,0.7678833,1,1,0,0.010375977,0.023010254,25.010986,61,33,1,0,255,2,0,1782509452.7982805,201
25.010984,25.003431,0.20755279,0.57851064,0.973938,1,1,0,0.008300781,0.023132324,25.010986,61,33,1,0,255,2,0,1782509452.7982805,201
25.003174,24.995893,0.1556161,0.5829069,0.67355347,1,1,0,0.006225586,0.02331543,25.003174,61,33,1,0,255,2,0,1782509452.7982805,201
25.01465,25.00757,0.10226542,0.5862271,0.6772766,1,1,0,0.0040893555,0.0234375,25.014648,61,33,1,0,255,2,0,1782509452.7982805,201
25.00415,24.997124,0.050348278,0.5905583,0.7432556,1,1,0,0.0020141602,0.023620605,25.00415,61,33,1,0,255,2,0,1782509452.7982805,201
25.001951,24.994905,-0.001525568,0.5935575,0.6827698,1,1,0,-6.1035156e-05,0.023742676,25.001953,61,33,1,0,255,2,0,1782509452.7982805,201
25.0,24.992785,-0.05491587,0.59808743,0.9177246,1,1,0,-0.0021972656,0.023925781,25.0,61,33,1,0,255,2,0,1782509452.7982805,201
25.006836,25.00113,0.0076297396,0.53416306,0.7031555,1,1,0,0.00030517578,0.021362305,25.006836,26,34,0,0,255,2,0,1782509452.8984418,202
25.008787,24.998156,0.207509,0.69900715,0.83862305,1,1,0,0.008300781,0.027954102,25.00879,27,34,1,0,255,2,0,1782509452.8984418,202
25.008787,24.998966,0.050351992,0.69900715,0.7678833,1,1,0,0.0020141602,0.027954102,25.00879,27,34,1,0,255,2,0,1782509452.8984418,202
25.019773,25.015707,0.2733148,0.3588529,0.66503906,1,1,0,0.010925293,0.014343262,25.019775,60,34,0,0,255,2,0,1782509452.8984418,202
25.031006,25.027384,0.22150058,0.3635968,0.70739746,1,1,0,0.008850098,0.014526367,25.031006,60,34,0,0,255,2,0,1782509452.8984418,202
25.013674,25.010426,0.16791919,0.36639813,0.6615906,1,1,0,0.006713867,0.0146484375,25.013672,60,34,0,0,255,2,0,1782509452.8984418,202
25.01953,25.016655,0.06260285,0.37411845,0.8417053,1,1,0,0.0025024414,0.014953613,25.019531,60,34,0,0,255,2,0,1782509452.8984418,202
25.027098,25.02423,0.010691506,0.37881368,0.71606445,1,1,0,0.0004272461,0.015136719,25.0271,60,34,0,0,255,2,0,1782509452.8984418,202
25.03003,25.02708,-0.041243397,0.38191313,0.70391846,1,1,0,-0.0016479492,0.015258789,25.03003,60,34,0,0,255,2,0,1782509452.8984418,202
25.031252,25.028088,-0.09471123,0.38651457,0.7307739,1,1,0,-0.0037841797,0.0154418945,25.03125,60,34,0,0,255,2,0,1782509452.8984418,202
25.015867,25.00785,0.26406977,0.5755707,0.7675781,1,1,0,0.010559082,0.023010254,25.01587,61,34,1,0,255,2,0,1782509452.8984418,202
25.004148,24.997053,0.10679959,0.58598113,0.764801,1,1,0,0.004272461,0.0234375,25.00415,61,34,1,0,255,2,0,1782509452.8984418,202
25.003174,24.996178,0.053397678,0.5890095,0.764801,1,1,0,0.0021362305,0.02355957,25.003174,61,34,1,0,255,2,0,1782509452.8984418,202
24.99878,24.991734,0.0015253744,0.59348214,0.6838074,1,1,0,6.1035156e-05,0.023742676,24.99878,61,34,1,0,255,2,0,1782509452.8984418,202
25.00415,24.996977,-0.051873684,0.5966611,0.7330322,1,1,0,-0.0020751953,0.023864746,25.00415,61,34,1,0,255,2,0,1782509452.8984418,202
25.021973,25.016008,0.112988114,0.53448635,0.8694153,1,1,0,0.0045166016,0.021362305,25.021973,26,35,0,0,255,2,0,1782509452.9983637,203
25.004639,24.993507,0.26086703,0.69889116,0.6423645,1,1,0,0.010437012,0.027954102,25.004639,27,35,1,0,255,2,0,1782509452.9983637,203
25.023684,25.017912,0.26264885,0.4688611,0.82092285,1,1,0,0.010498047,0.018737793,25.023682,29,35,1,0,255,2,0,1782509452.9983637,203
25.026123,25.022066,0.27032948,0.36047125,0.70651245,1,1,0,0.010803223,0.014404297,25.026123,60,35,0,0,255,2,0,1782509452.9983637,203
25.033445,25.029865,0.21693906,0.36363226,0.7680664,1,1,0,0.008666992,0.014526367,25.033447,60,35,0,0,255,2,0,1782509452.9983637,203
25.03125,25.027998,0.16498186,0.3681832,0.667511,1,1,0,0.006591797,0.014709473,25.03125,60,35,0,0,255,2,0,1782509452.9983637,203
25.020994,25.017994,0.11147007,0.37108636,0.82785034,1,1,0,0.0044555664,0.014831543,25.020996,60,35,0,0,255,2,0,1782509452.9983637,203
25.02148,25.01859,0.059553646,0.37567466,0.7334595,1,1,0,0.002380371,0.015014648,25.021484,60,35,0,0,255,2,0,1782509452.9983637,203
25.015867,25.007898,0.25949067,0.5755707,0.6875305,1,1,0,0.010375977,0.023010254,25.01587,61,35,1,0,255,2,0,1782509452.9983637,203
25.00879,25.001202,0.20753428,0.57998586,0.8673096,1,1,0,0.008300781,0.02319336,25.00879,61,35,1,0,255,2,0,1782509452.9983637,203
25.012451,25.005178,0.15414764,0.5831232,0.6895752,1,1,0,0.006164551,0.02331543,25.012451,61,35,1,0,255,2,0,1782509452.9983637,203
25.012451,25.005423,0.050364994,0.59075433,0.74191284,1,1,0,0.0020141602,0.023620605,25.012451,61,35,1,0,255,2,0,1782509452.9983637,203
25.00757,25.000484,-0.003051817,0.5952167,0.7022705,1,1,0,-0.00012207031,0.023803711,25.007568,61,35,1,0,255,2,0,1782509452.9983637,203
24.998781,24.991566,-0.054913193,0.5980582,0.7473755,1,1,0,-0.0021972656,0.023925781,24.99878,61,35,1,0,255,2,0,1782509452.9983637,203
25.022219,25.016472,-0.042752802,0.5344916,0.89624023,1,1,0,-0.0017089844,0.021362305,25.022217,26,36,0,0,255,2,0,1782509453.098421,204
25.009766,24.999937,0.05340571,0.69903445,0.84680176,1,1,0,0.0021362305,0.027954102,25.009766,27,36,1,0,255,2,0,1782509453.098421,204
25.015625,25.011543,0.27479607,0.35879335,0.7672119,1,1,0,0.010986328,0.014343262,25.015625,60,36,0,0,255,2,0,1782509453.098421,204
25.016602,25.012968,0.22289978,0.36338755,0.8295593,1,1,0,0.008911133,0.014526367,25.016602,60,36,0,0,255,2,0,1782509453.098421,204
25.02173,25.01847,0.16950029,0.36651614,0.8295593,1,1,0,0.0067749023,0.0146484375,25.021729,60,36,0,0,255,2,0,1782509453.098421,204
25.01074,25.007715,0.1175298,0.3709343,0.7576904,1,1,0,0.004699707,0.014831543,25.010742,60,36,0,0,255,2,0,1782509453.098421,204
25.019775,25.016891,0.06565727,0.3741221,0.7758789,1,1,0,0.0026245117,0.014953613,25.019775,60,36,0,0,255,2,0,1782509453.098421,204
25.020994,25.018126,0.012215883,0.3787213,0.82437134,1,1,0,0.00048828125,0.015136719,25.020996,60,36,0,0,255,2,0,1782509453.098421,204
25.015627,25.012682,-0.03969301,0.38169333,0.67630005,1,1,0,-0.0015869141,0.015258789,25.015625,60,36,0,0,255,2,0,1782509453.098421,204
25.010742,25.007593,-0.09158095,0.3861979,0.68237305,1,1,0,-0.0036621094,0.0154418945,25.010742,60,36,0,0,255,2,0,1782509453.098421,204
25.014648,25.006617,0.2655832,0.5755426,0.63827515,1,1,0,0.010620117,0.023010254,25.014648,61,36,1,0,255,2,0,1782509453.098421,204
25.014648,25.007055,0.21216212,0.57859534,0.884552,1,1,0,0.008483887,0.023132324,25.014648,61,36,1,0,255,2,0,1782509453.098421,204
25.005371,24.99806,0.16020706,0.58295816,0.70840454,1,1,0,0.0064086914,0.02331543,25.005371,61,36,1,0,255,2,0,1782509453.098421,204
24.995361,24.988262,0.108287215,0.58577514,0.6930237,1,1,0,0.004333496,0.0234375,24.995361,61,36,1,0,255,2,0,1782509453.098421,204
25.01123,25.004194,0.05494094,0.5907255,0.68548584,1,1,0,0.0021972656,0.023620605,25.01123,61,36,1,0,255,2,0,1782509453.098421,204
25.014647,25.007597,0.0030526852,0.5938589,0.71832275,1,1,0,0.00012207031,0.023742676,25.014648,61,36,1,0,255,2,0,1782509453.098421,204
25.014648,25.007437,-0.05036905,0.5984379,0.89071655,1,1,0,-0.0020141602,0.023925781,25.014648,61,36,1,0,255,2,0,1782509453.098421,204
25.015625,25.00933,0.16638534,0.5358772,0.73690796,1,1,0,0.006652832,0.02142334,25.015625,26,37,0,0,255,2,0,1782509453.1980705,205
25.021729,25.011034,0.20914255,0.7008955,0.66659546,1,1,0,0.008361816,0.028015137,25.021729,27,37,1,0,255,2,0,1782509453.1980705,205
25.017334,25.007023,0.15721175,0.70077235,0.47143555,1,1,0,0.006286621,0.028015137,25.017334,27,37,1,0,255,2,0,1782509453.1980705,205
25.031006,25.027697,0.26886255,0.30554667,0.69003296,1,1,0,0.0107421875,0.012207031,25.031006,28,37,0,0,255,2,0,1782509453.1980705,205
25.03003,25.02764,0.1649795,0.30400714,0.7637329,1,1,0,0.006591797,0.012145996,25.03003,28,37,0,0,255,2,0,1782509453.1980705,205
25.010738,25.008646,0.111428425,0.3037729,0.74816895,1,1,0,0.0044555664,0.012145996,25.010742,28,37,0,0,255,2,0,1782509453.1980705,205
25.016602,25.014755,0.006107118,0.30384406,1.0426025,1,1,0,0.00024414062,0.012145996,25.016602,28,37,0,0,255,2,0,1782509453.1980705,205
25.012451,25.006714,0.2594784,0.4686507,0.78704834,1,1,0,0.010375977,0.018737793,25.012451,29,37,1,0,255,2,0,1782509453.1980705,205
25.018066,25.012814,0.20763068,0.4687559,0.8045044,1,1,0,0.008300781,0.018737793,25.018066,29,37,1,0,255,2,0,1782509453.1980705,205
25.008055,25.003191,0.15413539,0.46856835,0.71832275,1,1,0,0.006164551,0.018737793,25.008057,29,37,1,0,255,2,0,1782509453.1980705,205
25.018068,25.013468,0.102289535,0.4687559,0.6864929,1,1,0,0.0040893555,0.018737793,25.018066,29,37,1,0,255,2,0,1782509453.1980705,205
25.009033,25.001741,0.15717855,0.5830435,0.6752014,1,1,0,0.006286621,0.02331543,25.009033,61,37,1,0,255,2,0,1782509453.1980705,205
25.006592,24.999474,0.103758164,0.5875642,0.7914429,1,1,0,0.0041503906,0.023498535,25.006592,61,37,1,0,255,2,0,1782509453.1980705,205
25.001953,24.994925,0.051869426,0.5905064,0.6704712,1,1,0,0.0020751953,0.023620605,25.001953,61,37,1,0,255,2,0,1782509453.1980705,205
25.001951,24.99487,-0.0015255657,0.59508306,0.6838074,1,1,0,-6.1035156e-05,0.023803711,25.001953,61,37,1,0,255,2,0,1782509453.1980705,205
25.002197,24.994984,-0.053395126,0.59814,1.1328125,1,1,0,-0.0021362305,0.023925781,25.002197,61,37,1,0,255,2,0,1782509453.1980705,205
25.020264,25.01398,0.16946988,0.5344499,0.706604,1,1,0,0.0067749023,0.021362305,25.020264,26,38,0,0,255,2,0,1782509453.3001282,206
25.022463,25.016483,0.11604409,0.5344968,1.3188171,1,1,0,0.004638672,0.021362305,25.02246,26,38,0,0,255,2,0,1782509453.3001282,206
25.001953,24.992134,-0.05033823,0.6988161,0.7883911,1,1,0,-0.0020141602,0.027954102,25.001953,27,38,1,0,255,2,0,1782509453.3001282,206
25.03247,25.03044,-0.09624789,0.3040368,0.70651245,1,1,0,-0.0038452148,0.012145996,25.03247,28,38,0,0,255,2,0,1782509453.3001282,206
25.021484,25.016876,0.1038304,0.46881995,0.7449951,1,1,0,0.0041503906,0.018737793,25.021484,29,38,1,0,255,2,0,1782509453.3001282,206
25.019285,25.014894,-0.0,0.46877876,0.68136597,1,1,0,-0.0,0.018737793,25.019287,29,38,1,0,255,2,0,1782509453.3001282,206
25.014648,25.010616,0.27020577,0.35877934,0.7802124,1,1,0,0.010803223,0.014343262,25.014648,60,38,0,0,255,2,0,1782509453.3001282,206
25.021484,25.017914,0.21836258,0.36193144,0.7966614,1,1,0,0.008728027,0.014465332,25.021484,60,38,0,0,255,2,0,1782509453.3001282,206
25.025146,25.021908,0.16646901,0.36656618,0.71084595,1,1,0,0.006652832,0.0146484375,25.025146,60,38,0,0,255,2,0,1782509453.3001282,206
25.020752,25.017767,0.11299606,0.36955577,0.80966187,1,1,0,0.0045166016,0.014770508,25.020752,60,38,0,0,255,2,0,1782509453.3001282,206
25.021484,25.018612,0.06108072,0.37414765,0.7854004,1,1,0,0.0024414062,0.014953613,25.021484,60,38,0,0,255,2,0,1782509453.3001282,206
25.021482,25.018639,0.007635083,0.3772017,0.82437134,1,1,0,0.00030517578,0.015075684,25.021484,60,38,0,0,255,2,0,1782509453.3001282,206
25.015625,25.012674,-0.044272967,0.38169333,0.82785034,1,1,0,-0.0017700195,0.015258789,25.015625,60,38,0,0,255,2,0,1782509453.3001282,206
25.016846,25.008896,0.26102763,0.5740667,0.89276123,1,1,0,0.010437012,0.022949219,25.016846,61,38,1,0,255,2,0,1782509453.3001282,206
25.001951,24.994389,0.20900336,0.57830167,0.8447571,1,1,0,0.008361816,0.023132324,25.001953,61,38,1,0,255,2,0,1782509453.3001282,206
24.99756,24.990316,0.15558138,0.5812507,0.60180664,1,1,0,0.006225586,0.023254395,24.997559,61,38,1,0,255,2,0,1782509453.3001282,206
25.01367,25.006586,0.10378769,0.5862043,0.6680298,1,1,0,0.0041503906,0.0234375,25.013672,61,38,1,0,255,2,0,1782509453.3001282,206
24.994873,24.987827,-0.001525136,0.5933894,0.8357849,1,1,0,-6.1035156e-05,0.023742676,24.994873,61,38,1,0,255,2,0,1782509453.3001282,206
24.999754,24.992579,-0.05338999,0.5965562,0.7268677,1,1,0,-0.0021362305,0.023864746,24.999756,61,38,1,0,255,2,0,1782509453.3001282,206
25.01074,25.00356,0.27165583,0.53424644,0.712677,1,1,0,0.010864258,0.021362305,25.010742,26,39,0,0,255,2,0,1782509453.3984256,207
25.019531,25.01367,-0.096183404,0.5329075,0.8624878,1,1,0,-0.0038452148,0.02130127,25.019531,26,39,0,0,255,2,0,1782509453.3984256,207
25.018066,25.0128,0.20915732,0.4687559,0.8865967,1,1,0,0.008361816,0.018737793,25.018066,29,39,1,0,255,2,0,1782509453.3984256,207
25.016848,25.012455,-0.0015266391,0.46873304,0.6906128,1,1,0,-6.1035156e-05,0.018737793,25.016846,29,39,1,0,255,2,0,1782509453.3984256,207
25.021238,25.017172,0.2733308,0.3588739,0.701416,1,1,0,0.010925293,0.014343262,25.02124,60,39,0,0,255,2,0,1782509453.3984256,207
25.016602,25.012995,0.21984646,0.36338755,0.75250244,1,1,0,0.0087890625,0.014526367,25.016602,60,39,0,0,255,2,0,1782509453.3984256,207
25.021729,25.01848,0.16797328,0.36651614,0.7984009,1,1,0,0.006713867,0.0146484375,25.021729,60,39,0,0,255,2,0,1782509453.3984256,207
25.015623,25.012749,0.06259307,0.37406006,0.8477478,1,1,0,0.0025024414,0.014953613,25.015625,60,39,0,0,255,2,0,1782509453.3984256,207
25.016602,25.013653,-0.04274798,0.38170823,0.7031555,1,1,0,-0.0017089844,0.015258789,25.016602,60,39,0,0,255,2,0,1782509453.3984256,207
25.019531,25.016369,-0.09466688,0.3863336,0.9984131,1,1,0,-0.0037841797,0.0154418945,25.019531,60,39,0,0,255,2,0,1782509453.3984256,207
24.99878,24.991491,0.1571141,0.5828045,0.7791443,1,1,0,0.006286621,0.02331543,24.99878,61,39,1,0,255,2,0,1782509453.3984256,207
25.006592,24.999502,0.10528416,0.58603835,0.78222656,1,1,0,0.004211426,0.0234375,25.006592,61,39,1,0,255,2,0,1782509453.3984256,207
24.99878,24.991734,-0.0,0.59348214,0.69714355,1,1,0,-0.0,0.023742676,24.99878,61,39,1,0,255,2,0,1782509453.3984256,207
25.019285,25.013506,0.059541542,0.534429,0.67456055,1,1,0,0.002380371,0.021362305,25.019287,26,40,0,0,255,2,0,1782509453.4983184,208
25.000002,24.990173,-0.05491013,0.6987615,1.01297,1,1,0,-0.0021972656,0.027954102,25.0,27,40,1,0,255,2,0,1782509453.4983184,208
25.008545,25.006662,-0.04273604,0.30374622,0.8338928,1,1,0,-0.0017089844,0.012145996,25.008545,28,40,0,0,255,2,0,1782509453.4983184,208
25.001951,24.996202,0.26089513,0.468454,0.6838074,1,1,0,0.010437012,0.018737793,25.001953,29,40,1,0,255,2,0,1782509453.4983184,208
25.009033,25.004614,-0.0534157,0.4670605,0.62390137,1,1,0,-0.0021362305,0.018676758,25.009033,29,40,1,0,255,2,0,1782509453.4983184,208
25.015625,25.011593,0.27021632,0.35879335,0.711792,1,1,0,0.010803223,0.014343262,25.015625,60,40,0,0,255,2,0,1782509453.4983184,208
25.017332,25.01374,0.21832617,0.3633982,0.82611084,1,1,0,0.008728027,0.014526367,25.017334,60,40,0,0,255,2,0,1782509453.4983184,208
25.020754,25.017515,0.16643979,0.36650184,0.73950195,1,1,0,0.006652832,0.0146484375,25.020752,60,40,0,0,255,2,0,1782509453.4983184,208
25.019285,25.01628,0.112989336,0.37106103,0.7221985,1,1,0,0.0045166016,0.014831543,25.019287,60,40,0,0,255,2,0,1782509453.4983184,208
25.019775,25.016907,0.0076345545,0.37870282,0.6581116,1,1,0,0.00030517578,0.015136719,25.019775,60,40,0,0,255,2,0,1782509453.4983184,208
25.02051,25.017557,-0.04428161,0.38176784,0.74124146,1,1,0,-0.0017700195,0.015258789,25.020508,60,40,0,0,255,2,0,1782509453.4983184,208
25.004148,24.996168,0.26089478,0.5753011,0.6725464,1,1,0,0.010437012,0.023010254,25.00415,61,40,1,0,255,2,0,1782509453.4983184,208
25.003172,24.99561,0.20901357,0.5783299,0.66741943,1,1,0,0.008361816,0.023132324,25.003174,61,40,1,0,255,2,0,1782509453.4983184,208
24.996092,24.989069,0.050332054,0.590368,0.68725586,1,1,0,0.0020141602,0.023620605,24.996094,61,40,1,0,255,2,0,1782509453.4983184,208
24.989256,24.982214,-0.0015247933,0.59325606,0.6329956,1,1,0,-6.1035156e-05,0.023742676,24.989258,61,40,1,0,255,2,0,1782509453.4983184,208
24.998291,24.99108,-0.053386785,0.59804654,0.967926,1,1,0,-0.0021362305,0.023925781,24.998291,61,40,1,0,255,2,0,1782509453.4983184,208
25.006838,24.995674,0.26394117,0.69895256,0.60543823,1,1,0,0.010559082,0.027954102,25.006836,27,41,1,0,255,2,0,1782509453.59834,209
25.006836,24.996838,0.106798664,0.69895256,0.6105652,1,1,0,0.004272461,0.027954102,25.006836,27,41,1,0,255,2,0,1782509453.59834,209
25.017336,25.013962,0.27482265,0.30537978,0.89624023,1,1,0,0.010986328,0.012207031,25.017334,28,41,0,0,255,2,0,1782509453.59834,209
25.029053,25.026226,0.22149032,0.30399528,0.7637329,1,1,0,0.008850098,0.012145996,25.029053,28,41,0,0,255,2,0,1782509453.59834,209
25.016602,25.014181,0.16947123,0.30384406,0.7932129,1,1,0,0.0067749023,0.012145996,25.016602,28,41,0,0,255,2,0,1782509453.59834,209
25.03003,25.027906,0.11762469,0.30400714,0.69177246,1,1,0,0.004699707,0.012145996,25.03003,28,41,0,0,255,2,0,1782509453.59834,209
25.005371,25.000467,0.16022249,0.46851802,0.83657837,1,1,0,0.0064086914,0.018737793,25.005371,29,41,1,0,255,2,0,1782509453.59834,209
24.999758,24.995308,0.054921415,0.46841282,0.6940613,1,1,0,0.0021972656,0.018737793,24.999756,29,41,1,0,255,2,0,1782509453.59834,209
24.991455,24.987068,0.0015250896,0.4682573,0.76205444,1,1,0,6.1035156e-05,0.018737793,24.991455,29,41,1,0,255,2,0,1782509453.59834,209
24.993896,24.989487,-0.050332896,0.4667778,0.88290405,1,1,0,-0.0020141602,0.018676758,24.993896,29,41,1,0,255,2,0,1782509453.59834,209
25.020264,25.017004,0.16643639,0.3680216,0.9967041,1,1,0,0.006652832,0.014709473,25.020264,60,41,0,0,255,2,0,1782509453.59834,209
25.021484,25.018448,0.114526175,0.37262064,1.1066589,1,1,0,0.0045776367,0.014892578,25.021484,60,41,0,0,255,2,0,1782509453.59834,209
25.019531,25.01664,0.009161368,0.38022605,0.74990845,1,1,0,0.00036621094,0.015197754,25.019531,60,41,0,0,255,2,0,1782509453.59834,209
25.020754,25.017561,-0.09619837,0.3878794,0.72998047,1,1,0,-0.0038452148,0.01550293,25.020752,60,41,0,0,255,2,0,1782509453.59834,209
25.008059,25.000025,0.26246107,0.57691693,0.65878296,1,1,0,0.010498047,0.023071289,25.008057,61,41,1,0,255,2,0,1782509453.59834,209
24.996338,24.988743,0.20895614,0.5796971,0.60180664,1,1,0,0.008361816,0.02319336,24.996338,61,41,1,0,255,2,0,1782509453.59834,209
24.993896,24.986574,0.1570832,0.5842157,0.7015991,1,1,0,0.006286621,0.023376465,24.993896,61,41,1,0,255,2,0,1782509453.59834,209
25.001955,24.99489,0.051869355,0.59203196,0.7053528,1,1,0,0.0020751953,0.02368164,25.001953,61,41,1,0,255,2,0,1782509453.59834,209
25.01367,25.006418,-0.053419553,0.59994084,0.69369507,1,1,0,-0.0021362305,0.023986816,25.013672,61,41,1,0,255,2,0,1782509453.59834,209
25.020508,25.013323,0.2717619,0.53445506,0.81484985,1,1,0,0.010864258,0.021362305,25.020508,26,42,0,0,255,2,0,1782509453.6988633,210
25.031252,25.024986,0.16648948,0.53468454,0.69525146,1,1,0,0.006652832,0.021362305,25.03125,26,42,0,0,255,2,0,1782509453.6988633,210
24.992676,24.981535,0.26226693,0.6985568,0.7855835,1,1,0,0.010498047,0.027954102,24.992676,27,42,1,0,255,2,0,1782509453.6988633,210
25.01831,25.015493,0.21834145,0.3053917,0.7724304,1,1,0,0.008728027,0.012207031,25.01831,28,42,0,0,255,2,0,1782509453.6988633,210
25.020508,25.018389,0.112998866,0.30541852,1.0625,1,1,0,0.0045166016,0.012207031,25.020508,28,42,0,0,255,2,0,1782509453.6988633,210
25.020752,25.018814,0.061081212,0.3054215,0.8546753,1,1,0,0.0024414062,0.012207031,25.020752,28,42,0,0,255,2,0,1782509453.6988633,210
25.019289,25.013506,0.26107574,0.4703056,0.7234497,1,1,0,0.010437012,0.018798828,25.019287,29,42,1,0,255,2,0,1782509453.6988633,210
25.016846,25.012403,0.050379056,0.46873304,0.7152405,1,1,0,0.0020141602,0.018737793,25.016846,29,42,1,0,255,2,0,1782509453.6988633,210
25.012695,25.008247,-0.05342346,0.46865526,0.89193726,1,1,0,-0.0021362305,0.018737793,25.012695,29,42,1,0,255,2,0,1782509453.6988633,210
25.020266,25.016226,0.2687393,0.36038685,0.8321533,1,1,0,0.0107421875,0.014404297,25.020264,60,42,0,0,255,2,0,1782509453.6988633,210
25.008791,25.005213,0.2167254,0.36327407,0.68930054,1,1,0,0.008666992,0.014526367,25.00879,60,42,0,0,255,2,0,1782509453.6988633,210
25.01831,25.01506,0.16489658,0.36799288,1.051239,1,1,0,0.006591797,0.014709473,25.01831,60,42,0,0,255,2,0,1782509453.6988633,210
25.01831,25.01531,0.111458115,0.37104654,1.1144714,1,1,0,0.0044555664,0.014831543,25.01831,60,42,0,0,255,2,0,1782509453.6988633,210
25.017334,25.014467,0.0061070477,0.3786659,0.75250244,1,1,0,0.00024414062,0.015136719,25.017334,60,42,0,0,255,2,0,1782509453.6988633,210
25.017332,25.014357,-0.045802705,0.38324618,0.90057373,1,1,0,-0.0018310547,0.015319824,25.017334,60,42,0,0,255,2,0,1782509453.6988633,210
25.018309,25.01034,0.259516,0.5756269,0.65631104,1,1,0,0.010375977,0.023010254,25.01831,61,42,1,0,255,2,0,1782509453.6988633,210
25.012451,25.004862,0.20756467,0.5800708,0.68240356,1,1,0,0.008300781,0.02319336,25.012451,61,42,1,0,255,2,0,1782509453.6988633,210
25.006592,24.999321,0.15411153,0.5829866,0.8078613,1,1,0,0.006164551,0.02331543,25.006592,61,42,1,0,255,2,0,1782509453.6988633,210
25.014648,25.007534,0.10226527,0.5877535,0.7213745,1,1,0,0.0040893555,0.023498535,25.014648,61,42,1,0,255,2,0,1782509453.6988633,210
25.00757,25.000546,0.04882925,0.590639,0.76275635,1,1,0,0.001953125,0.023620605,25.007568,61,42,1,0,255,2,0,1782509453.6988633,210
25.011475,25.004389,-0.0030522936,0.5953097,0.82424927,1,1,0,-0.00012207031,0.023803711,25.011475,61,42,1,0,255,2,0,1782509453.6988633,210
25.003174,24.995958,-0.054922845,0.59816337,0.70944214,1,1,0,-0.0021972656,0.023925781,25.003174,61,42,1,0,255,2,0,1782509453.6988633,210
25.017334,25.010134,0.27325392,0.5343873,0.7074585,1,1,0,0.010925293,0.021362305,25.017334,26,43,0,0,255,2,0,1782509453.79807,211
25.019773,25.014095,0.010687176,0.5329127,1.0001526,1,1,0,0.0004272461,0.02130127,25.019775,26,43,0,0,255,2,0,1782509453.79807,211
25.020264,25.014551,-0.04274952,0.53292304,0.67889404,1,1,0,-0.0017089844,0.02130127,25.020264,26,43,0,0,255,2,0,1782509453.79807,211
25.021484,25.015629,-0.09466409,0.5329491,0.7741394,1,1,0,-0.0037841797,0.02130127,25.021484,26,43,0,0,255,2,0,1782509453.79807,211
25.001955,24.990808,0.26236433,0.6988161,0.67559814,1,1,0,0.010498047,0.027954102,25.001953,27,43,1,0,255,2,0,1782509453.79807,211
25.005371,24.995098,0.15866242,0.6989116,0.6838074,1,1,0,0.0063476562,0.027954102,25.005371,27,43,1,0,255,2,0,1782509453.79807,211
24.993896,24.98391,0.1052185,0.69859093,0.7425842,1,1,0,0.004211426,0.027954102,24.993896,27,43,1,0,255,2,0,1782509453.79807,211
25.01465,25.012222,0.16793126,0.305347,0.90057373,1,1,0,0.006713867,0.012207031,25.014648,28,43,0,0,255,2,0,1782509453.79807,211
25.02417,25.022055,0.11606993,0.30393597,0.679657,1,1,0,0.004638672,0.012145996,25.02417,28,43,0,0,255,2,0,1782509453.79807,211
25.0,24.994234,0.26240027,0.4684174,1.0846863,1,1,0,0.010498047,0.018737793,25.0,29,43,1,0,255,2,0,1782509453.79807,211
25.010986,25.006538,0.05341981,0.46862325,0.90219116,1,1,0,0.0021362305,0.018737793,25.010986,29,43,1,0,255,2,0,1782509453.79807,211
24.996338,24.991951,-0.0,0.46834877,0.6089783,1,1,0,-0.0,0.018737793,24.996338,29,43,1,0,255,2,0,1782509453.79807,211
25.029055,25.026077,-0.04429669,0.3834257,0.7489929,1,1,0,-0.0017700195,0.015319824,25.029053,60,43,0,0,255,2,0,1782509453.79807,211
24.993896,24.985884,0.26078746,0.57659024,0.74871826,1,1,0,0.010437012,0.023071289,24.993896,61,43,1,0,255,2,0,1782509453.79807,211
25.009766,25.002438,0.15718292,0.5845867,0.7770996,1,1,0,0.006286621,0.023376465,25.009766,61,43,1,0,255,2,0,1782509453.79807,211
25.001951,24.99487,-0.0,0.59508306,0.7207031,1,1,0,-0.0,0.023803711,25.001953,61,43,1,0,255,2,0,1782509453.79807,211
24.996092,24.988844,-0.053382013,0.5995192,1.0099182,1,1,0,-0.0021362305,0.023986816,24.996094,61,43,1,0,255,2,0,1782509453.79807,211
24.99878,24.987635,0.262331,0.69872737,0.41763306,1,1,0,0.010498047,0.027954102,24.99878,27,44,1,0,255,2,0,1782509453.8985908,212
25.008057,24.997782,0.15867946,0.6989867,0.6680298,1,1,0,0.0063476562,0.027954102,25.008057,27,44,1,0,255,2,0,1782509453.8985908,212
25.028074,25.024767,0.26883107,0.3055109,0.6865845,1,1,0,0.0107421875,0.012207031,25.028076,28,44,0,0,255,2,0,1782509453.8985908,212
25.017332,25.014954,0.16336903,0.30385298,0.7724304,1,1,0,0.0065307617,0.012145996,25.017334,28,44,0,0,255,2,0,1782509453.8985908,212
25.009762,25.00767,0.11142407,0.30376104,0.76116943,1,1,0,0.0044555664,0.012145996,25.009766,28,44,0,0,255,2,0,1782509453.8985908,212
25.015621,25.013706,0.05954202,0.3038322,0.9152832,1,1,0,0.002380371,0.012145996,25.015625,28,44,0,0,255,2,0,1782509453.8985908,212
25.017334,25.015488,0.006107297,0.30385298,0.80966187,1,1,0,0.00024414062,0.012145996,25.017334,28,44,0,0,255,2,0,1782509453.8985908,212
25.02075,25.018864,-0.045810957,0.3038945,0.8390808,1,1,0,-0.0018310547,0.012145996,25.020752,28,44,0,0,255,2,0,1782509453.8985908,212
25.000002,24.995403,0.10221566,0.4684174,0.7927551,1,1,0,0.0040893555,0.018737793,25.0,29,44,1,0,255,2,0,1782509453.8985908,212
25.003172,24.998749,-0.056454793,0.46695107,0.68688965,1,1,0,-0.0022583008,0.018676758,25.003174,29,44,1,0,255,2,0,1782509453.8985908,212
25.019775,25.015741,0.2702611,0.3588529,0.8373718,1,1,0,0.010803223,0.014343262,25.019775,60,44,0,0,255,2,0,1782509453.8985908,212
25.017336,25.013779,0.21679963,0.36187142,1.1101379,1,1,0,0.008666992,0.014465332,25.017334,60,44,0,0,255,2,0,1782509453.8985908,212
25.016602,25.013374,0.16488546,0.36644104,0.89450073,1,1,0,0.006591797,0.0146484375,25.016602,60,44,0,0,255,2,0,1782509453.8985908,212
25.019285,25.016302,0.11298944,0.36953413,0.82785034,1,1,0,0.0045166016,0.014770508,25.019287,60,44,0,0,255,2,0,1782509453.8985908,212
25.017332,25.014488,0.059543878,0.37255883,0.8321533,1,1,0,0.002380371,0.014892578,25.017334,60,44,0,0,255,2,0,1782509453.8985908,212
25.01953,25.016685,0.007634487,0.37717226,0.68496704,1,1,0,0.00030517578,0.015075684,25.019531,60,44,0,0,255,2,0,1782509453.8985908,212
25.020508,25.017553,-0.045808557,0.38176784,0.723938,1,1,0,-0.0018310547,0.015258789,25.020508,60,44,0,0,255,2,0,1782509453.8985908,212
25.017332,25.0094,0.25950626,0.5740779,0.6131897,1,1,0,0.010375977,0.022949219,25.017334,61,44,1,0,255,2,0,1782509453.8985908,212
25.015871,25.00835,0.20759362,0.5770971,0.6895752,1,1,0,0.008300781,0.023071289,25.01587,61,44,1,0,255,2,0,1782509453.8985908,212
25.012451,25.005203,0.15567406,0.581597,0.7675781,1,1,0,0.006225586,0.023254395,25.012451,61,44,1,0,255,2,0,1782509453.8985908,212
25.00879,25.001747,0.102241606,0.58456385,0.82836914,1,1,0,0.0040893555,0.023376465,25.00879,61,44,1,0,255,2,0,1782509453.8985908,212
25.012451,25.005438,-0.0015262108,0.5922805,0.68032837,1,1,0,-6.1035156e-05,0.02368164,25.012451,61,44,1,0,255,2,0,1782509453.8985908,212
25.02246,25.015785,0.21987098,0.5344968,1.0443115,1,1,0,0.0087890625,0.021362305,25.02246,26,45,0,0,255,2,0,1782509453.9983063,213
25.018063,25.007416,0.2091123,0.6992665,0.79629517,1,1,0,0.008361816,0.027954102,25.018066,27,45,1,0,255,2,0,1782509453.9983063,213
25.018064,25.007797,0.15721661,0.6992665,0.74191284,1,1,0,0.006286621,0.027954102,25.018066,27,45,1,0,255,2,0,1782509453.9983063,213
25.012451,25.002625,-0.051885404,0.6991095,0.8599243,1,1,0,-0.0020751953,0.027954102,25.012451,27,45,1,0,255,2,0,1782509453.9983063,213
25.032715,25.030296,0.16652481,0.30556753,0.7732544,1,1,0,0.006652832,0.012207031,25.032715,28,45,0,0,255,2,0,1782509453.9983063,213
24.99829,24.993902,-0.0,0.46838537,0.9423218,1,1,0,-0.0,0.018737793,24.998291,29,45,1,0,255,2,0,1782509453.9983063,213
25.016602,25.012585,0.2687002,0.35880736,0.7905884,1,1,0,0.0107421875,0.014343262,25.016602,60,45,0,0,255,2,0,1782509453.9983063,213
25.032225,25.028645,0.21692848,0.36361453,0.69003296,1,1,0,0.008666992,0.014526367,25.032227,60,45,0,0,255,2,0,1782509453.9983063,213
25.03125,25.028248,0.11151576,0.37123844,0.72299194,1,1,0,0.0044555664,0.014831543,25.03125,60,45,0,0,255,2,0,1782509453.9983063,213
25.01074,25.007874,0.059528135,0.37398705,0.8434143,1,1,0,0.002380371,0.014953613,25.010742,60,45,0,0,255,2,0,1782509453.9983063,213
25.027102,25.024233,0.006109432,0.37881368,0.71258545,1,1,0,0.00024414062,0.015136719,25.0271,60,45,0,0,255,2,0,1782509453.9983063,213
25.021484,25.01853,-0.045810346,0.38178274,0.82785034,1,1,0,-0.0018310547,0.015258789,25.021484,60,45,0,0,255,2,0,1782509453.9983063,213
25.00537,24.997818,0.2075062,0.57838076,0.77401733,1,1,0,0.008300781,0.023132324,25.005371,61,45,1,0,255,2,0,1782509453.9983063,213
25.00415,24.99688,0.15409648,0.5829297,0.7801819,1,1,0,0.006164551,0.02331543,25.00415,61,45,1,0,255,2,0,1782509453.9983063,213
24.99878,24.991705,0.10220054,0.58585525,0.62332153,1,1,0,0.0040893555,0.0234375,24.99878,61,45,1,0,255,2,0,1782509453.9983063,213
25.01123,25.004206,0.0488364,0.5907255,0.65982056,1,1,0,0.001953125,0.023620605,25.01123,61,45,1,0,255,2,0,1782509453.9983063,213
24.992676,24.985632,-0.003050004,0.59333724,0.81326294,1,1,0,-0.00012207031,0.023742676,24.992676,61,45,1,0,255,2,0,1782509453.9983063,213
25.00415,24.996935,-0.05492499,0.59818673,0.6776428,1,1,0,-0.0021972656,0.023925781,25.00415,61,45,1,0,255,2,0,1782509453.9983063,213
25.031008,25.023802,0.27340326,0.5346793,0.83654785,1,1,0,0.010925293,0.021362305,25.031006,26,46,0,0,255,2,0,1782509454.098597,214
25.015627,25.009356,0.167912,0.53435075,0.82437134,1,1,0,0.006713867,0.021362305,25.015625,26,46,0,0,255,2,0,1782509454.098597,214
25.010254,24.999105,0.2624514,0.6990481,0.7337036,1,1,0,0.010498047,0.027954102,25.010254,27,46,1,0,255,2,0,1782509454.098597,214
25.023926,25.019312,0.10536759,0.4688657,0.734375,1,1,0,0.004211426,0.018737793,25.023926,29,46,1,0,255,2,0,1782509454.098597,214
25.017336,25.013226,0.27328768,0.36187142,1.0096741,1,1,0,0.010925293,0.014465332,25.017334,60,46,0,0,255,2,0,1782509454.098597,214
25.020266,25.017221,0.11604751,0.37260246,0.701416,1,1,0,0.004638672,0.014892578,25.020264,60,46,0,0,255,2,0,1782509454.098597,214
25.0271,25.024178,0.06262167,0.37728634,0.71606445,1,1,0,0.0025024414,0.015075684,25.0271,60,46,0,0,255,2,0,1782509454.098597,214
25.015623,25.012732,0.010686593,0.38016668,0.73690796,1,1,0,0.0004272461,0.015197754,25.015625,60,46,0,0,255,2,0,1782509454.098597,214
25.029053,25.026058,-0.041241713,0.38495317,0.6805115,1,1,0,-0.0016479492,0.015380859,25.029053,60,46,0,0,255,2,0,1782509454.098597,214
25.011475,25.003424,0.264023,0.5769958,0.8324585,1,1,0,0.010559082,0.023071289,25.011475,61,46,1,0,255,2,0,1782509454.098597,214
25.006834,24.999187,0.21056943,0.58146644,0.62493896,1,1,0,0.008422852,0.023254395,25.006836,61,46,1,0,255,2,0,1782509454.098597,214
25.009766,25.002428,0.15870894,0.5845867,0.91448975,1,1,0,0.0063476562,0.023376465,25.009766,61,46,1,0,255,2,0,1782509454.098597,214
25.00879,25.001627,0.10529312,0.58914185,0.82836914,1,1,0,0.004211426,0.02355957,25.00879,61,46,1,0,255,2,0,1782509454.098597,214
25.00415,24.99703,0.0015256976,0.5966611,0.7565918,1,1,0,6.1035156e-05,0.023864746,25.00415,61,46,1,0,255,2,0,1782509454.098597,214
25.006592,24.999344,-0.051878598,0.599771,0.7801819,1,1,0,-0.0020751953,0.023986816,25.006592,61,46,1,0,255,2,0,1782509454.098597,214
25.009766,25.00402,-0.04425765,0.5342256,0.9066467,1,1,0,-0.0017700195,0.021362305,25.009766,26,47,0,0,255,2,0,1782509454.1983047,215
24.992674,24.982859,0.05031955,0.6985568,0.7323303,1,1,0,0.0020141602,0.027954102,24.992676,27,47,1,0,255,2,0,1782509454.1983047,215
25.007568,24.997738,-0.054926753,0.69897306,0.8304138,1,1,0,-0.0021972656,0.027954102,25.007568,27,47,1,0,255,2,0,1782509454.1983047,215
25.01123,25.006868,-0.0015262981,0.46710154,0.6680298,1,1,0,-6.1035156e-05,0.018676758,25.01123,29,47,1,0,255,2,0,1782509454.1983047,215
24.993898,24.98948,-0.054908607,0.4667778,0.8357849,1,1,0,-0.0021972656,0.018676758,24.993896,29,47,1,0,255,2,0,1782509454.1983047,215
25.022705,25.01973,-0.044285454,0.38332847,0.7784729,1,1,0,-0.0017700195,0.015319824,25.022705,60,47,0,0,255,2,0,1782509454.1983047,215
25.010254,25.002653,0.20907247,0.58001983,0.6885376,1,1,0,0.008361816,0.02319336,25.010254,61,47,1,0,255,2,0,1782509454.1983047,215
25.000978,24.993652,0.1571277,0.5843812,0.764801,1,1,0,0.006286621,0.023376465,25.000977,61,47,1,0,255,2,0,1782509454.1983047,215
25.01367,25.00655,0.10378754,0.5877305,0.8147583,1,1,0,0.0041503906,0.023498535,25.013672,61,47,1,0,255,2,0,1782509454.1983047,215
25.003176,24.99611,0.05187189,0.59206086,0.80581665,1,1,0,0.0020751953,0.02368164,25.003174,61,47,1,0,255,2,0,1782509454.1983047,215
25.010986,25.0039,-0.001526117,0.59529805,0.76275635,1,1,0,-6.1035156e-05,0.023803711,25.010986,61,47,1,0,255,2,0,1782509454.1983047,215
25.015625,25.009949,0.007632431,0.5328243,0.9386902,1,1,0,0.00030517578,0.02130127,25.015625,26,48,0,0,255,2,0,1782509454.2982507,216
25.019531,25.013817,-0.04427499,0.5329075,0.80792236,1,1,0,-0.0017700195,0.02130127,25.019531,26,48,0,0,255,2,0,1782509454.2982507,216
25.008055,24.997423,0.20750292,0.6989867,0.62698364,1,1,0,0.008300781,0.027954102,25.008057,27,48,1,0,255,2,0,1782509454.2982507,216
25.016846,25.007019,0.05036821,0.69923234,0.7152405,1,1,0,0.0020141602,0.027954102,25.016846,27,48,1,0,255,2,0,1782509454.2982507,216
25.008787,24.999,-0.05492953,0.69748133,1.1174622,1,1,0,-0.0021972656,0.027893066,25.00879,27,48,1,0,255,2,0,1782509454.2982507,216
25.031006,25.027664,0.2719177,0.30554667,0.6744385,1,1,0,0.010864258,0.012207031,25.031006,28,48,0,0,255,2,0,1782509454.2982507,216
25.009766,25.007734,-0.09616058,0.30376104,0.9776306,1,1,0,-0.0038452148,0.012145996,25.009766,28,48,0,0,255,2,0,1782509454.2982507,216
25.032715,25.029133,0.21693271,0.36362162,0.6926575,1,1,0,0.008666992,0.014526367,25.032715,60,48,0,0,255,2,0,1782509454.2982507,216
25.019533,25.016304,0.16490477,0.36648396,0.8356323,1,1,0,0.006591797,0.0146484375,25.019531,60,48,0,0,255,2,0,1782509454.2982507,216
25.019285,25.016285,0.11146246,0.37106103,0.82092285,1,1,0,0.0044555664,0.014831543,25.019287,60,48,0,0,255,2,0,1782509454.2982507,216
25.020506,25.017637,0.059551373,0.37413305,1.1066589,1,1,0,0.002380371,0.014953613,25.020508,60,48,0,0,255,2,0,1782509454.2982507,216
25.01831,25.015356,-0.045804534,0.3817343,1.1343689,1,1,0,-0.0018310547,0.015258789,25.01831,60,48,0,0,255,2,0,1782509454.2982507,216
25.005371,24.997406,0.2593818,0.5753292,0.69714355,1,1,0,0.010375977,0.023010254,25.005371,61,48,1,0,255,2,0,1782509454.2982507,216
24.997068,24.989521,0.2074373,0.5781887,0.7753601,1,1,0,0.008300781,0.023132324,24.99707,61,48,1,0,255,2,0,1782509454.2982507,216
24.993896,24.986628,0.15403329,0.58269066,0.7763672,1,1,0,0.006164551,0.02331543,24.993896,61,48,1,0,255,2,0,1782509454.2982507,216
25.007568,25.000492,0.10223647,0.58606124,0.7863159,1,1,0,0.0040893555,0.0234375,25.007568,61,48,1,0,255,2,0,1782509454.2982507,216
25.001955,24.994738,-0.054920163,0.59813416,0.72994995,1,1,0,-0.0021972656,0.023925781,25.001953,61,48,1,0,255,2,0,1782509454.2982507,216
25.019775,25.01259,0.27175394,0.53443944,0.9837036,1,1,0,0.010864258,0.021362305,25.019775,26,49,0,0,255,2,0,1782509454.3988035,217
25.019289,25.013025,0.16640991,0.534429,0.7758789,1,1,0,0.006652832,0.021362305,25.019287,26,49,0,0,255,2,0,1782509454.3988035,217
25.010254,25.004469,0.06257235,0.534236,1.1620789,1,1,0,0.0025024414,0.021362305,25.010254,26,49,0,0,255,2,0,1782509454.3988035,217
25.01831,25.007158,0.26253596,0.6992733,0.633728,1,1,0,0.010498047,0.027954102,25.01831,27,49,1,0,255,2,0,1782509454.3988035,217
25.005371,24.995586,-0.053396415,0.697386,0.7914429,1,1,0,-0.0021362305,0.027893066,25.005371,27,49,1,0,255,2,0,1782509454.3988035,217
25.01465,25.012232,0.16640463,0.305347,0.69189453,1,1,0,0.006652832,0.012207031,25.014648,28,49,0,0,255,2,0,1782509454.3988035,217
25.019285,25.01441,0.15573138,0.46877876,0.8517151,1,1,0,0.006225586,0.018737793,25.019287,29,49,1,0,255,2,0,1782509454.3988035,217
25.006838,25.00239,-0.053410947,0.46854547,0.6669922,1,1,0,-0.0021362305,0.018737793,25.006836,29,49,1,0,255,2,0,1782509454.3988035,217
25.020996,25.017359,0.21835774,0.3665054,0.712677,1,1,0,0.008728027,0.0146484375,25.020996,60,49,0,0,255,2,0,1782509454.3988035,217
25.028076,25.025023,0.113028824,0.37424624,0.71606445,1,1,0,0.0045166016,0.014953613,25.028076,60,49,0,0,255,2,0,1782509454.3988035,217
25.02124,25.018326,0.0091619855,0.38177902,0.6970825,1,1,0,0.00036621094,0.015258789,25.02124,60,49,0,0,255,2,0,1782509454.3988035,217
25.020754,25.017756,-0.04428196,0.3848255,0.82263184,1,1,0,-0.0017700195,0.015380859,25.020752,60,49,0,0,255,2,0,1782509454.3988035,217
25.00415,24.996515,0.20902115,0.581404,0.69714355,1,1,0,0.008361816,0.023254395,25.00415,61,49,1,0,255,2,0,1782509454.3988035,217
25.010984,25.003632,0.15566427,0.58614135,0.91448975,1,1,0,0.006225586,0.0234375,25.010986,61,49,1,0,255,2,0,1782509454.3988035,217
25.017334,25.010265,0.051901262,0.59239614,0.6101074,1,1,0,0.0020751953,0.02368164,25.017334,61,49,1,0,255,2,0,1782509454.3988035,217
25.02124,25.014088,0.26871637,0.53447074,0.7854004,1,1,0,0.0107421875,0.021362305,25.02124,26,50,0,0,255,2,0,1782509454.4983242,218
25.021484,25.015242,0.1633709,0.5344759,0.6970825,1,1,0,0.0065307617,0.021362305,25.021484,26,50,0,0,255,2,0,1782509454.4983242,218
25.011475,25.000357,0.25941244,0.6990822,1.0836487,1,1,0,0.010375977,0.027954102,25.011475,27,50,1,0,255,2,0,1782509454.4983242,218
25.007566,24.996948,0.20597318,0.69897306,0.78326416,1,1,0,0.008239746,0.027954102,25.007568,27,50,1,0,255,2,0,1782509454.4983242,218
25.003174,24.993196,0.10220663,0.6988502,0.7053528,1,1,0,0.0040893555,0.027954102,25.003174,27,50,1,0,255,2,0,1782509454.4983242,218
25.003174,24.993357,0.04881521,0.6988502,0.6612549,1,1,0,0.001953125,0.027954102,25.003174,27,50,1,0,255,2,0,1782509454.4983242,218
24.998777,24.989012,-0.0030504165,0.69872737,0.6581726,1,1,0,-0.00012207031,0.027954102,24.99878,27,50,1,0,255,2,0,1782509454.4983242,218
25.000975,24.991186,-0.056437716,0.6972635,0.684845,1,1,0,-0.0022583008,0.027893066,25.000977,27,50,1,0,255,2,0,1782509454.4983242,218
25.03125,25.028404,0.2215096,0.30554965,0.71084595,1,1,0,0.008850098,0.012207031,25.03125,28,50,0,0,255,2,0,1782509454.4983242,218
25.01831,25.015882,0.16795585,0.3053917,0.8338928,1,1,0,0.006713867,0.012207031,25.01831,28,50,0,0,255,2,0,1782509454.4983242,218
25.019531,25.017399,0.116048336,0.3054066,0.7819519,1,1,0,0.004638672,0.012207031,25.019531,28,50,0,0,255,2,0,1782509454.4983242,218
25.001955,24.996143,0.26394612,0.46997976,0.77401733,1,1,0,0.010559082,0.018798828,25.001953,29,50,1,0,255,2,0,1782509454.4983242,218
25.010986,25.006092,0.1587322,0.46862325,0.9165344,1,1,0,0.0063476562,0.018737793,25.010986,29,50,1,0,255,2,0,1782509454.4983242,218
24.998291,24.993849,-0.051867194,0.46838537,0.86242676,1,1,0,-0.0020751953,0.018737793,24.998291,29,50,1,0,255,2,0,1782509454.4983242,218
25.02124,25.017107,0.27333012,0.36345494,0.87979126,1,1,0,0.010925293,0.014526367,25.02124,60,50,0,0,255,2,0,1782509454.4983242,218
25.021484,25.01782,0.22141594,0.36651257,0.89019775,1,1,0,0.008850098,0.0146484375,25.021484,60,50,0,0,255,2,0,1782509454.4983242,218
25.019775,25.016449,0.1694866,0.37106827,0.75942993,1,1,0,0.0067749023,0.014831543,25.019775,60,50,0,0,255,2,0,1782509454.4983242,218
25.018309,25.015362,0.06412643,0.37868065,0.7672119,1,1,0,0.0025634766,0.015136719,25.01831,60,50,0,0,255,2,0,1782509454.4983242,218
25.02124,25.018036,-0.0931462,0.38941398,0.8650818,1,1,0,-0.0037231445,0.015563965,25.02124,60,50,0,0,255,2,0,1782509454.4983242,218
25.016846,25.008759,0.26407933,0.5786462,0.7675781,1,1,0,0.010559082,0.023132324,25.016846,61,50,1,0,255,2,0,1782509454.4983242,218
24.992676,24.985308,0.15860027,0.5857122,0.8050537,1,1,0,0.0063476562,0.0234375,24.992676,61,50,1,0,255,2,0,1782509454.4983242,218
24.997072,24.98987,0.10676889,0.59039104,1.070343,1,1,0,0.004272461,0.023620605,24.99707,61,50,1,0,255,2,0,1782509454.4983242,218
24.994873,24.987768,0.05490485,0.5933894,0.87265015,1,1,0,0.0021972656,0.023742676,24.994873,61,50,1,0,255,2,0,1782509454.4983242,218
24.999754,24.9926,0.0015254272,0.5980816,0.6940613,1,1,0,6.1035156e-05,0.023925781,24.999756,61,50,1,0,255,2,0,1782509454.4983242,218
25.003174,24.996075,-0.050346166,0.59358644,0.7237854,1,1,0,-0.0020141602,0.023742676,25.003174,61,50,1,0,255,2,0,1782509454.4983242,218
25.019289,25.015965,0.27026352,0.30540362,0.9109802,1,1,0,0.010803223,0.012207031,25.019287,28,51,0,0,255,2,0,1782509454.5986073,219
25.020264,25.017857,0.16491501,0.30541554,0.6631775,1,1,0,0.006591797,0.012207031,25.020264,28,51,0,0,255,2,0,1782509454.5986073,219
25.030027,25.027908,0.11304186,0.30553475,0.82873535,1,1,0,0.0045166016,0.012207031,25.03003,28,51,0,0,255,2,0,1782509454.5986073,219
25.032473,25.030586,-0.04430467,0.3040368,0.73773193,1,1,0,-0.0017700195,0.012145996,25.03247,28,51,0,0,255,2,0,1782509454.5986073,219
25.008787,25.003536,0.20755367,0.46858206,0.74942017,1,1,0,0.008300781,0.018737793,25.00879,29,51,1,0,255,2,0,1782509454.5986073,219
25.01587,25.011478,-0.0015265795,0.46871474,0.8229675,1,1,0,-6.1035156e-05,0.018737793,25.01587,29,51,1,0,255,2,0,1782509454.5986073,219
25.019531,25.015493,0.26873145,0.3603763,0.75942993,1,1,0,0.0107421875,0.014404297,25.019531,60,51,0,0,255,2,0,1782509454.5986073,219
25.019285,25.015707,0.21681637,0.36342657,1.1664124,1,1,0,0.008666992,0.014526367,25.019287,60,51,0,0,255,2,0,1782509454.5986073,219
25.017334,25.014084,0.16489014,0.3679785,0.7074585,1,1,0,0.006591797,0.014709473,25.017334,60,51,0,0,255,2,0,1782509454.5986073,219
25.017336,25.014334,0.111453764,0.37103206,1.0001526,1,1,0,0.0044555664,0.014831543,25.017334,60,51,0,0,255,2,0,1782509454.5986073,219
25.01831,25.015419,0.059546094,0.375627,0.8356323,1,1,0,0.002380371,0.015014648,25.01831,60,51,0,0,255,2,0,1782509454.5986073,219
25.021484,25.018618,0.006108061,0.3787287,0.82263184,1,1,0,0.00024414062,0.015136719,25.021484,60,51,0,0,255,2,0,1782509454.5986073,219
25.01074,25.007765,-0.045790635,0.38314518,0.74816895,1,1,0,-0.0018310547,0.015319824,25.010742,60,51,0,0,255,2,0,1782509454.5986073,219
25.007568,24.999603,0.2594046,0.5753797,0.7996521,1,1,0,0.010375977,0.023010254,25.007568,61,51,1,0,255,2,0,1782509454.5986073,219
25.000002,24.992731,0.15407091,0.58283293,0.90338135,1,1,0,0.006164551,0.02331543,25.0,61,51,1,0,255,2,0,1782509454.5986073,219
25.015867,25.008842,0.048845455,0.59083503,0.7675781,1,1,0,0.001953125,0.023620605,25.01587,61,51,1,0,255,2,0,1782509454.5986073,219
25.007568,25.00046,-0.054932732,0.5936908,0.7596741,1,1,0,-0.0021972656,0.023742676,25.007568,61,51,1,0,255,2,0,1782509454.5986073,219
25.012695,25.006804,-0.09615701,0.53428817,0.67889404,1,1,0,-0.0038452148,0.021362305,25.012695,26,52,0,0,255,2,0,1782509454.6985266,220
25.006836,24.995705,0.26088995,0.69895256,0.6105652,1,1,0,0.010437012,0.027954102,25.006836,27,52,1,0,255,2,0,1782509454.6985266,220
25.01123,25.000975,0.15564772,0.6990754,0.6403198,1,1,0,0.006225586,0.027954102,25.01123,27,52,1,0,255,2,0,1782509454.6985266,220
25.010254,25.000267,0.103761464,0.6990481,0.67007446,1,1,0,0.0041503906,0.027954102,25.010254,27,52,1,0,255,2,0,1782509454.6985266,220
25.01953,25.01614,0.27637365,0.3054066,0.8338928,1,1,0,0.011047363,0.012207031,25.019531,28,52,0,0,255,2,0,1782509454.6985266,220
25.03247,25.029612,0.22304809,0.30556455,0.8009949,1,1,0,0.008911133,0.012207031,25.03247,28,52,0,0,255,2,0,1782509454.6985266,220
25.019775,25.017328,0.17101955,0.30540958,0.73516846,1,1,0,0.0068359375,0.012207031,25.019775,28,52,0,0,255,2,0,1782509454.6985266,220
25.02124,25.019093,0.119110346,0.30542746,1.1967163,1,1,0,0.004760742,0.012207031,25.02124,28,52,0,0,255,2,0,1782509454.6985266,220
25.020996,25.019064,0.06566297,0.30389744,1.0218201,1,1,0,0.0026245117,0.012145996,25.020996,28,52,0,0,255,2,0,1782509454.6985266,220
25.01831,25.01646,0.013741954,0.30386484,0.80792236,1,1,0,0.0005493164,0.012145996,25.01831,28,52,0,0,255,2,0,1782509454.6985266,220
25.021484,25.019608,-0.039704,0.30390337,0.72824097,1,1,0,-0.0015869141,0.012145996,25.021484,28,52,0,0,255,2,0,1782509454.6985266,220
25.011717,25.009705,-0.09158868,0.30378476,0.717865,1,1,0,-0.0036621094,0.012145996,25.011719,28,52,0,0,255,2,0,1782509454.6985266,220
25.011232,25.00543,0.26557058,0.4686278,0.653656,1,1,0,0.010620117,0.018737793,25.01123,29,52,1,0,255,2,0,1782509454.6985266,220
24.994873,24.989574,0.21353914,0.46832132,0.7753601,1,1,0,0.008544922,0.018737793,24.994873,29,52,1,0,255,2,0,1782509454.6985266,220
24.99878,24.994156,0.108312756,0.46839452,0.6889343,1,1,0,0.004333496,0.018737793,24.99878,29,52,1,0,255,2,0,1782509454.6985266,220
24.996094,24.991642,0.056438744,0.4683442,0.7435913,1,1,0,0.0022583008,0.018737793,24.996094,29,52,1,0,255,2,0,1782509454.6985266,220
24.994873,24.990486,0.0030505965,0.46832132,0.82144165,1,1,0,0.00012207031,0.018737793,24.994873,29,52,1,0,255,2,0,1782509454.6985266,220
24.99707,24.992634,-0.048813798,0.4683625,0.9402466,1,1,0,-0.001953125,0.018737793,24.99707,29,52,1,0,255,2,0,1782509454.6985266,220
25.020754,25.016676,0.2702712,0.36192086,0.7871399,1,1,0,0.010803223,0.014465332,25.020752,60,52,0,0,255,2,0,1782509454.6985266,220
25.021975,25.018976,-0.04428412,0.38484427,0.8390808,1,1,0,-0.0017700195,0.015380859,25.021973,60,52,0,0,255,2,0,1782509454.6985266,220
25.010254,25.002617,0.20907217,0.5815459,0.6218567,1,1,0,0.008361816,0.023254395,25.010254,61,52,1,0,255,2,0,1782509454.6985266,220
25.01587,25.008514,0.15569466,0.5862557,0.80041504,1,1,0,0.006225586,0.0234375,25.01587,61,52,1,0,255,2,0,1782509454.6985266,220
25.001951,24.994854,0.050343707,0.5935575,0.70635986,1,1,0,0.0020141602,0.023742676,25.001953,61,52,1,0,255,2,0,1782509454.6985266,220
24.99829,24.99117,-0.00152534,0.59652126,0.7845764,1,1,0,-6.1035156e-05,0.023864746,24.998291,61,52,1,0,255,2,0,1782509454.6985266,220
25.008787,25.001682,-0.05340944,0.5937198,0.7791443,1,1,0,-0.0021362305,0.023742676,25.00879,61,52,1,0,255,2,0,1782509454.6985266,220
25.022705,25.015469,0.2733122,0.5360289,0.7724304,1,1,0,0.010925293,0.02142334,25.022705,26,53,0,0,255,2,0,1782509454.7982907,221
25.019775,25.013054,0.22137375,0.53596616,0.73172,1,1,0,0.008850098,0.02142334,25.019775,26,53,0,0,255,2,0,1782509454.7982907,221
25.019775,25.01346,0.16946635,0.53596616,0.712677,1,1,0,0.0067749023,0.02142334,25.019775,26,53,0,0,255,2,0,1782509454.7982907,221
25.012695,25.00198,0.21211906,0.70064247,0.4909668,1,1,0,0.008483887,0.028015137,25.012695,27,53,1,0,255,2,0,1782509454.7982907,221
24.997557,24.987288,0.15861283,0.6986933,0.6776428,1,1,0,0.0063476562,0.027954102,24.997559,27,53,1,0,255,2,0,1782509454.7982907,221
24.991453,24.98164,-0.050317094,0.6985227,0.6831665,1,1,0,-0.0020141602,0.027954102,24.991455,27,53,1,0,255,2,0,1782509454.7982907,221
25.031006,25.02768,0.27039012,0.30554667,0.661438,1,1,0,0.010803223,0.012207031,25.031006,28,53,0,0,255,2,0,1782509454.7982907,221
25.028076,25.025686,0.16496663,0.30398342,0.7845459,1,1,0,0.006591797,0.012145996,25.028076,28,53,0,0,255,2,0,1782509454.7982907,221
25.019287,25.017403,-0.044281334,0.3038767,0.7057495,1,1,0,-0.0017700195,0.012145996,25.019287,28,53,0,0,255,2,0,1782509454.7982907,221
24.996094,24.991707,-0.0015253727,0.4683442,0.71902466,1,1,0,-6.1035156e-05,0.018737793,24.996094,29,53,1,0,255,2,0,1782509454.7982907,221
25.019287,25.014835,-0.054964323,0.46877876,0.7470398,1,1,0,-0.0021972656,0.018737793,25.019287,29,53,1,0,255,2,0,1782509454.7982907,221
25.010742,25.00669,0.27016333,0.3602497,0.7221985,1,1,0,0.010803223,0.014404297,25.010742,60,53,0,0,255,2,0,1782509454.7982907,221
25.020508,25.017258,0.16491106,0.36802518,0.75942993,1,1,0,0.006591797,0.014709473,25.020508,60,53,0,0,255,2,0,1782509454.7982907,221
25.020506,25.017614,0.05955132,0.37566,1.1144714,1,1,0,0.002380371,0.015014648,25.020508,60,53,0,0,255,2,0,1782509454.7982907,221
25.02124,25.018349,0.0076349946,0.380252,0.73516846,1,1,0,0.00030517578,0.015197754,25.02124,60,53,0,0,255,2,0,1782509454.7982907,221
25.022459,25.019482,-0.04581209,0.3833247,0.8607483,1,1,0,-0.0018310547,0.015319824,25.02246,60,53,0,0,255,2,0,1782509454.7982907,221
25.010984,25.003397,0.20755251,0.5800368,0.7463379,1,1,0,0.008300781,0.02319336,25.010986,61,53,1,0,255,2,0,1782509454.7982907,221
25.009766,25.002457,0.15413086,0.5845867,0.8652649,1,1,0,0.006164551,0.023376465,25.009766,61,53,1,0,255,2,0,1782509454.7982907,221
25.012451,25.005386,0.050364923,0.5922805,0.7542114,1,1,0,0.0020141602,0.02368164,25.012451,61,53,1,0,255,2,0,1782509454.7982907,221
25.013672,25.006416,-0.054945823,0.59994084,0.68136597,1,1,0,-0.0021972656,0.023986816,25.013672,61,53,1,0,255,2,0,1782509454.7982907,221
25.019289,25.01212,0.27022198,0.534429,0.7905884,1,1,0,0.010803223,0.021362305,25.019287,26,54,0,0,255,2,0,1782509454.898442,222
25.02051,25.01386,0.21680035,0.53445506,0.8624878,1,1,0,0.008666992,0.021362305,25.020508,26,54,0,0,255,2,0,1782509454.898442,222
25.018309,25.007189,0.2594833,0.6992733,0.638855,1,2,0,0.010375977,0.027954102,25.01831,27,54,1,0,255,2,0,1782509454.898442,222
25.018309,25.007673,0.207588,0.6992733,0.6039429,1,1,0,0.008300781,0.027954102,25.01831,27,54,1,0,255,2,0,1782509454.898442,222
25.005371,24.995394,0.10221562,0.6989116,0.81399536,1,1,0,0.0040893555,0.027954102,25.005371,27,54,1,0,255,2,0,1782509454.898442,222
24.996092,24.986277,0.050326433,0.6986523,0.7640991,1,1,0,0.0020141602,0.027954102,24.996094,27,54,1,0,255,2,0,1782509454.898442,222
25.0,24.990232,-0.0030505655,0.6987615,0.6218567,1,1,0,-0.00012207031,0.027954102,25.0,27,54,1,0,255,2,0,1782509454.898442,222
25.010742,25.00742,0.27017123,0.3052993,0.723938,1,1,0,0.010803223,0.012207031,25.010742,28,54,0,0,255,2,0,1782509454.898442,222
25.019531,25.017412,0.112994455,0.3054066,0.65896606,1,1,0,0.0045166016,0.012207031,25.019531,28,54,0,0,255,2,0,1782509454.898442,222
25.016602,25.014666,0.059544303,0.30537084,0.67715454,1,1,0,0.002380371,0.012207031,25.016602,28,54,0,0,255,2,0,1782509454.898442,222
25.009033,25.00327,0.25944266,0.47011286,0.6864929,1,1,0,0.010375977,0.018798828,25.009033,29,54,1,0,255,2,0,1782509454.898442,222
25.019531,25.014654,0.1557329,0.46878335,0.6029053,1,1,0,0.006225586,0.018737793,25.019531,29,54,1,0,255,2,0,1782509454.898442,222
25.012451,25.008009,0.050370205,0.4686507,0.6557007,1,1,0,0.0020141602,0.018737793,25.012451,29,54,1,0,255,2,0,1782509454.898442,222
24.997557,24.99317,-0.001525462,0.46837166,0.7883911,1,1,0,-6.1035156e-05,0.018737793,24.997559,29,54,1,0,255,2,0,1782509454.898442,222
25.001953,24.997505,-0.054926243,0.468454,0.75250244,1,1,0,-0.0021972656,0.018737793,25.001953,29,54,1,0,255,2,0,1782509454.898442,222
25.02124,25.017944,0.16491559,0.37109,0.7576904,1,1,0,0.006591797,0.014831543,25.02124,60,54,0,0,255,2,0,1782509454.898442,222
25.020262,25.01721,0.11299354,0.3741294,0.7741394,1,1,0,0.0045166016,0.014953613,25.020264,60,54,0,0,255,2,0,1782509454.898442,222
25.019773,25.016836,0.05954947,0.37870282,0.75942993,1,1,0,0.002380371,0.015136719,25.019775,60,54,0,0,255,2,0,1782509454.898442,222
25.022219,25.019196,-0.044284508,0.38637507,0.8417053,1,1,0,-0.0017700195,0.0154418945,25.022217,60,54,0,0,255,2,0,1782509454.898442,222
25.015867,25.00783,0.25948995,0.5786236,0.782959,1,1,0,0.010375977,0.023132324,25.01587,61,54,1,0,255,2,0,1782509454.898442,222
25.006592,24.998934,0.20751546,0.5829866,0.7381592,1,1,0,0.008300781,0.02331543,25.006592,61,54,1,0,255,2,0,1782509454.898442,222
25.00171,24.994528,0.10221208,0.5905006,1.2864685,1,1,0,0.0040893555,0.023620605,25.001709,61,54,1,0,255,2,0,1782509454.898442,222
25.01123,25.004072,-0.0015261275,0.5983561,0.67419434,1,1,0,-6.1035156e-05,0.023925781,25.01123,61,54,1,0,255,2,0,1782509454.898442,222
25.007568,24.997303,0.15715064,0.69897306,0.96984863,1,1,0,0.006286621,0.027954102,25.007568,27,55,1,0,255,2,0,1782509454.9980884,223
25.032957,25.029633,0.27041122,0.3055705,0.71606445,1,1,0,0.010803223,0.012207031,25.032959,28,55,0,0,255,2,0,1782509454.9980884,223
25.021729,25.019312,0.16645174,0.30543342,0.7334595,1,1,0,0.006652832,0.012207031,25.021729,28,55,0,0,255,2,0,1782509454.9980884,223
25.015625,25.013506,0.11297681,0.30535892,0.6442566,1,1,0,0.0045166016,0.012207031,25.015625,28,55,0,0,255,2,0,1782509454.9980884,223
25.025146,25.023298,0.007636505,0.30394784,0.7767334,1,1,0,0.00030517578,0.012145996,25.025146,28,55,0,0,255,2,0,1782509454.9980884,223
25.021973,25.020088,-0.044286087,0.3039093,1.0919495,1,1,0,-0.0017700195,0.012145996,25.021973,28,55,0,0,255,2,0,1782509454.9980884,223
25.006838,25.001963,0.15565388,0.46854547,0.45150757,1,1,0,0.006225586,0.018737793,25.006836,29,55,1,0,255,2,0,1782509454.9980884,223
25.022459,25.018845,0.2183707,0.36499977,0.6537781,1,1,0,0.008728027,0.014587402,25.02246,60,55,0,0,255,2,0,1782509454.9980884,223
25.020506,25.017616,0.009161726,0.3802409,0.6581116,1,1,0,0.00036621094,0.015197754,25.020508,60,55,0,0,255,2,0,1782509454.9980884,223
25.020264,25.012243,0.26106256,0.5771985,0.7572937,1,1,0,0.010437012,0.023071289,25.020264,61,55,1,0,255,2,0,1782509454.9980884,223
25.011475,25.003838,0.20908238,0.58157426,0.7976074,1,1,0,0.008361816,0.023254395,25.011475,61,55,1,0,255,2,0,1782509454.9980884,223
25.009766,25.00261,0.10377119,0.58916485,0.82836914,1,1,0,0.0041503906,0.02355957,25.009766,61,55,1,0,255,2,0,1782509454.9980884,223
25.00879,25.001667,-0.0,0.5967718,0.8652649,1,1,0,-0.0,0.023864746,25.00879,61,55,1,0,255,2,0,1782509454.9980884,223
24.99878,24.991713,-0.05338814,0.5919568,0.7053528,1,1,0,-0.0021362305,0.02368164,24.99878,61,55,1,0,255,2,0,1782509454.9980884,223
25.022217,25.015541,0.21986884,0.5344916,0.7758789,1,1,0,0.0087890625,0.021362305,25.022217,26,56,0,0,255,2,0,1782509455.0984447,224
25.008543,25.00276,0.062568076,0.53419954,1.2538757,1,1,0,0.0025024414,0.021362305,25.008545,26,56,0,0,255,2,0,1782509455.0984447,224
25.022705,25.016993,0.010688414,0.534502,0.7057495,1,1,0,0.0004272461,0.021362305,25.022705,26,56,0,0,255,2,0,1782509455.0984447,224
25.019531,25.00887,0.21065097,0.6993074,0.6491394,1,1,0,0.008422852,0.027954102,25.019531,27,56,1,0,255,2,0,1782509455.0984447,224
25.022703,25.019892,0.21990708,0.30391818,0.87112427,1,1,0,0.0087890625,0.012145996,25.022705,28,56,0,0,255,2,0,1782509455.0984447,224
25.012693,25.01077,0.06258812,0.30379662,0.81484985,1,1,0,0.0025024414,0.012145996,25.012695,28,56,0,0,255,2,0,1782509455.0984447,224
25.012693,25.010847,0.009159246,0.30379662,0.75424194,1,1,0,0.00036621094,0.012145996,25.012695,28,56,0,0,255,2,0,1782509455.0984447,224
25.016602,25.012486,0.2717528,0.36338755,0.72998047,1,1,0,0.010864258,0.014526367,25.016602,60,56,0,0,255,2,0,1782509455.0984447,224
25.026121,25.023039,0.11454719,0.3757443,0.6805115,1,1,0,0.0045776367,0.015014648,25.026123,60,56,0,0,255,2,0,1782509455.0984447,224
25.014648,25.011631,-0.04274453,0.3862582,0.8460083,1,1,0,-0.0017089844,0.0154418945,25.014648,60,56,0,0,255,2,0,1782509455.0984447,224
25.003176,24.995073,0.2624091,0.5798556,0.81399536,1,1,0,0.010498047,0.02319336,25.003174,61,56,1,0,255,2,0,1782509455.0984447,224
24.999758,24.992088,0.20898412,0.58282727,0.74942017,1,1,0,0.008361816,0.02331543,24.999756,61,56,1,0,255,2,0,1782509455.0984447,224
25.02026,25.01286,0.15724845,0.58788544,0.75320435,1,1,0,0.006286621,0.023498535,25.020264,61,56,1,0,255,2,0,1782509455.0984447,224
25.011229,25.004038,0.10377712,0.5907255,0.6885376,1,1,0,0.0041503906,0.023620605,25.01123,61,56,1,0,255,2,0,1782509455.0984447,224
24.996094,24.98894,-0.0,0.59799397,0.77944946,1,1,0,-0.0,0.023925781,24.996094,61,56,1,0,255,2,0,1782509455.0984447,224
24.998291,24.991224,-0.053387098,0.59194523,0.7989197,1,1,0,-0.0021362305,0.02368164,24.998291,61,56,1,0,255,2,0,1782509455.0984447,224
24.99829,24.98765,0.208947,0.6987137,0.81121826,1,1,0,0.008361816,0.027954102,24.998291,27,57,1,0,255,2,0,1782509455.19863,225
25.012695,25.00939,0.2701925,0.30379662,0.7819519,1,1,0,0.010803223,0.012145996,25.012695,28,57,0,0,255,2,0,1782509455.19863,225
25.031738,25.029707,-0.09624507,0.30402792,0.69177246,1,1,0,-0.0038452148,0.012145996,25.031738,28,57,0,0,255,2,0,1782509455.19863,225
25.008057,25.002304,0.26095882,0.46856835,0.62802124,1,1,0,0.010437012,0.018737793,25.008057,29,57,1,0,255,2,0,1782509455.19863,225
25.017336,25.012728,0.10381318,0.4687422,0.67892456,1,1,0,0.0041503906,0.018737793,25.017334,29,57,1,0,255,2,0,1782509455.19863,225
25.006592,25.00223,-0.001526015,0.4670149,0.8324585,1,1,0,-6.1035156e-05,0.018676758,25.006592,29,57,1,0,255,2,0,1782509455.19863,225
25.016848,25.012398,-0.053432327,0.46873304,0.83325195,1,1,0,-0.0021362305,0.018737793,25.016846,29,57,1,0,255,2,0,1782509455.19863,225
25.010742,25.00744,0.16942556,0.36940792,0.7576904,1,1,0,0.0067749023,0.014770508,25.010742,60,57,0,0,255,2,0,1782509455.19863,225
25.021729,25.018803,0.06413525,0.37720537,0.81484985,1,1,0,0.0025634766,0.015075684,25.021729,60,57,0,0,255,2,0,1782509455.19863,225
25.02124,25.018248,-0.041228842,0.384833,0.7576904,1,1,0,-0.0016479492,0.015380859,25.02124,60,57,0,0,255,2,0,1782509455.19863,225
25.020264,25.01221,0.26411578,0.5771985,0.8065491,1,1,0,0.010559082,0.023071289,25.020264,61,57,1,0,255,2,0,1782509455.19863,225
25.014648,25.006985,0.21216153,0.5816481,0.72958374,1,1,0,0.008483887,0.023254395,25.014648,61,57,1,0,255,2,0,1782509455.19863,225
25.000975,24.993809,0.10678572,0.5889578,0.69610596,1,1,0,0.004272461,0.02355957,25.000977,61,57,1,0,255,2,0,1782509455.19863,225
25.00781,25.001127,0.22126819,0.5341839,0.75250244,1,1,0,0.008850098,0.021362305,25.007812,26,58,0,0,255,2,0,1782509455.2983866,226
25.02051,25.01453,0.11603503,0.53445506,0.8503418,1,1,0,0.004638672,0.021362305,25.020508,26,58,0,0,255,2,0,1782509455.2983866,226
25.020264,25.014551,0.010687371,0.5344499,0.82437134,1,1,0,0.0004272461,0.021362305,25.020264,26,58,0,0,255,2,0,1782509455.2983866,226
25.020506,25.014797,-0.041223153,0.5329283,0.8390808,1,1,0,-0.0016479492,0.02130127,25.020508,26,58,0,0,255,2,0,1782509455.2983866,226
25.016846,25.00707,0.0015263105,0.69923234,0.7716675,1,1,0,6.1035156e-05,0.027954102,25.016846,27,58,1,0,255,2,0,1782509455.2983866,226
25.027098,25.024998,0.11302871,0.30397156,0.68917847,1,1,0,0.0045166016,0.012145996,25.0271,28,58,0,0,255,2,0,1782509455.2983866,226
25.009766,25.00569,0.27015254,0.36176193,0.87112427,1,1,0,0.010803223,0.014465332,25.009766,60,58,0,0,255,2,0,1782509455.2983866,226
25.016602,25.013329,0.16488516,0.36949447,0.76116943,1,1,0,0.006591797,0.014770508,25.016602,60,58,0,0,255,2,0,1782509455.2983866,226
25.007814,25.004818,-0.04425906,0.38462648,0.6555176,1,1,0,-0.0017700195,0.015380859,25.007812,60,58,0,0,255,2,0,1782509455.2983866,226
25.011477,25.004326,0.10225215,0.5892051,0.96676636,1,1,0,0.0040893555,0.02355957,25.011475,61,58,1,0,255,2,0,1782509455.2983866,226
25.016846,25.00978,0.050373774,0.5923846,0.7675781,1,1,0,0.0020141602,0.02368164,25.016846,61,58,1,0,255,2,0,1782509455.2983866,226
25.00537,24.99825,-0.001525772,0.5966902,0.7668457,1,1,0,-6.1035156e-05,0.023864746,25.005371,61,58,1,0,255,2,0,1782509455.2983866,226
25.010986,25.003878,-0.054940242,0.59377193,0.8119507,1,1,0,-0.0021972656,0.023742676,25.010986,61,58,1,0,255,2,0,1782509455.2983866,226
25.00879,25.00213,0.21822481,0.5342048,0.8564148,1,1,0,0.008728027,0.021362305,25.00879,26,59,0,0,255,2,0,1782509455.398503,227
25.022217,25.016506,0.009161319,0.5344916,0.7966614,1,1,0,0.00036621094,0.021362305,25.022217,26,59,0,0,255,2,0,1782509455.398503,227
25.020264,25.009127,0.26103002,0.6993279,0.76345825,1,1,0,0.010437012,0.027954102,25.020264,27,59,1,0,255,2,0,1782509455.398503,227
25.010254,25.000425,-0.053406753,0.6990481,0.6906128,1,1,0,-0.0021362305,0.027954102,25.010254,27,59,1,0,255,2,0,1782509455.398503,227
25.02051,25.018091,0.16644362,0.30541852,1.0590515,1,1,0,0.006652832,0.012207031,25.020508,28,59,0,0,255,2,0,1782509455.398503,227
24.99951,24.994247,0.20900218,0.46840826,0.9115906,1,1,0,0.008361816,0.018737793,24.999512,29,59,1,0,255,2,0,1782509455.398503,227
25.000488,24.996046,0.051871754,0.46842656,0.98223877,1,1,0,0.0020751953,0.018737793,25.000488,29,59,1,0,255,2,0,1782509455.398503,227
25.031006,25.027353,0.21997266,0.366652,0.68310547,1,1,0,0.0087890625,0.0146484375,25.031006,60,59,0,0,255,2,0,1782509455.398503,227
25.021238,25.018179,0.114524946,0.37414402,0.82437134,1,1,0,0.0045776367,0.014953613,25.02124,60,59,0,0,255,2,0,1782509455.398503,227
25.00757,24.9995,0.26245555,0.57843155,0.83657837,1,1,0,0.010498047,0.023132324,25.007568,61,59,1,0,255,2,0,1782509455.398503,227
25.014647,25.00701,0.2091089,0.5816481,0.68240356,1,1,0,0.008361816,0.023254395,25.014648,61,59,1,0,255,2,0,1782509455.398503,227
25.018066,25.0107,0.15723486,0.5863072,0.8250427,1,1,0,0.006286621,0.0234375,25.018066,61,59,1,0,255,2,0,1782509455.398503,227
25.014647,25.00749,0.103791445,0.58927983,0.703949,1,1,0,0.0041503906,0.02355957,25.014648,61,59,1,0,255,2,0,1782509455.398503,227
25.01831,25.011206,0.051903214,0.5939458,0.6244812,1,1,0,0.0020751953,0.023742676,25.01831,61,59,1,0,255,2,0,1782509455.398503,227
25.018066,25.010921,-0.053429175,0.59546655,0.7562866,1,1,0,-0.0021362305,0.023803711,25.018066,61,59,1,0,255,2,0,1782509455.398503,227
25.02124,25.015562,0.0076341443,0.53294384,0.726532,1,1,0,0.00030517578,0.02130127,25.02124,26,60,0,0,255,2,0,1782509455.499005,228
25.021729,25.01601,-0.045805734,0.5329543,0.95166016,1,1,0,-0.0018310547,0.02130127,25.021729,26,60,0,0,255,2,0,1782509455.499005,228
25.001951,24.992167,-0.05491451,0.6972907,0.76275635,1,1,0,-0.0021972656,0.027893066,25.001953,27,60,1,0,255,2,0,1782509455.499005,228
25.023926,25.019318,0.10384053,0.4688657,0.6830139,1,1,0,0.0041503906,0.018737793,25.023926,29,60,1,0,255,2,0,1782509455.499005,228
25.020508,25.016857,0.2198804,0.36649826,0.692749,1,1,0,0.0087890625,0.0146484375,25.020508,60,60,0,0,255,2,0,1782509455.499005,228
25.020506,25.01719,0.16796462,0.37107912,0.81137085,1,1,0,0.006713867,0.014831543,25.020508,60,60,0,0,255,2,0,1782509455.499005,228
25.019531,25.016586,0.06260268,0.37869912,0.711792,1,1,0,0.0025024414,0.015136719,25.019531,60,60,0,0,255,2,0,1782509455.499005,228
25.017332,25.014418,0.010687314,0.3817194,0.67889404,1,1,0,0.0004272461,0.015258789,25.017334,60,60,0,0,255,2,0,1782509455.499005,228
25.017334,25.014315,-0.042749114,0.38629967,0.68496704,1,1,0,-0.0017089844,0.0154418945,25.017334,60,60,0,0,255,2,0,1782509455.499005,228
24.997559,24.989914,0.21049131,0.5812507,0.66534424,1,1,0,0.008422852,0.023254395,24.997559,61,60,1,0,255,2,0,1782509455.499005,228
25.02124,25.014055,0.27176985,0.53447074,0.81311035,1,1,0,0.010864258,0.021362305,25.02124,26,61,0,0,255,2,0,1782509455.5988536,229
25.020264,25.013588,0.21985167,0.5344499,1.029602,1,1,0,0.0087890625,0.021362305,25.020264,26,61,0,0,255,2,0,1782509455.5988536,229
25.01245,25.002666,-0.051885493,0.6975835,0.7562866,1,1,0,-0.0020751953,0.027893066,25.012451,27,61,1,0,255,2,0,1782509455.5988536,229
25.03247,25.029129,0.27193362,0.30556455,0.7845459,1,1,0,0.010864258,0.012207031,25.03247,28,61,0,0,255,2,0,1782509455.5988536,229
25.022215,25.020369,0.009162733,0.30391225,0.6397705,1,1,0,0.00036621094,0.012145996,25.022217,28,61,0,0,255,2,0,1782509455.5988536,229
24.999756,24.99399,0.2623977,0.46841282,0.65304565,1,1,0,0.010498047,0.018737793,24.999756,29,61,1,0,255,2,0,1782509455.5988536,229
25.020264,25.015871,-0.0,0.46879706,0.8414612,1,1,0,-0.0,0.018737793,25.020264,29,61,1,0,255,2,0,1782509455.5988536,229
25.01953,25.015425,0.26873073,0.36495703,0.74816895,1,1,0,0.0107421875,0.014587402,25.019531,60,61,0,0,255,2,0,1782509455.5988536,229
25.020264,25.016617,0.21682425,0.3680216,1.1941223,1,1,0,0.008666992,0.014709473,25.020264,60,61,0,0,255,2,0,1782509455.5988536,229
25.02051,25.01719,0.16491063,0.3726061,0.7334595,1,1,0,0.006591797,0.014892578,25.020508,60,61,0,0,255,2,0,1782509455.5988536,229
25.020506,25.017437,0.11146759,0.37566,0.8650818,1,1,0,0.0044555664,0.015014648,25.020508,60,61,0,0,255,2,0,1782509455.5988536,229
25.020506,25.017546,0.059551157,0.3802409,0.7672119,1,1,0,0.002380371,0.015197754,25.020508,60,61,0,0,255,2,0,1782509455.5988536,229
25.02124,25.018303,0.006107984,0.38330603,0.720459,1,1,0,0.00024414062,0.015319824,25.02124,60,61,0,0,255,2,0,1782509455.5988536,229
24.992676,24.984987,0.20739968,0.5841872,0.76101685,1,1,0,0.008300781,0.023376465,24.992676,61,61,1,0,255,2,0,1782509455.5988536,229
25.006592,24.999212,0.15411086,0.5875642,0.83862305,1,1,0,0.006164551,0.023498535,25.006592,61,61,1,0,255,2,0,1782509455.5988536,229
25.015871,25.008648,0.10226982,0.59236145,0.77679443,1,1,0,0.0040893555,0.02368164,25.01587,61,61,1,0,255,2,0,1782509455.5988536,229
25.016846,25.00971,0.04884715,0.5954375,0.7121582,1,1,0,0.001953125,0.023803711,25.016846,61,61,1,0,255,2,0,1782509455.5988536,229
24.994873,24.987682,-0.0030502542,0.5994899,0.8665161,1,1,0,-0.00012207031,0.023986816,24.994873,61,61,1,0,255,2,0,1782509455.5988536,229
25.016846,25.009735,-0.054953113,0.59391105,0.7357483,1,1,0,-0.0021972656,0.023742676,25.016846,61,61,1,0,255,2,0,1782509455.5988536,229
25.018309,25.007174,0.26100966,0.6992733,0.67892456,1,1,0,0.010437012,0.027954102,25.01831,27,62,1,0,255,2,0,1782509455.6985145,230
25.000488,24.990664,-0.0533859,0.6987752,0.98431396,1,1,0,-0.0021362305,0.027954102,25.000488,27,62,1,0,255,2,0,1782509455.6985145,230
25.01831,25.01492,0.27636015,0.3053917,0.74816895,1,1,0,0.011047363,0.012207031,25.01831,28,62,0,0,255,2,0,1782509455.6985145,230
25.019775,25.016918,0.22293498,0.30540958,0.8477478,1,1,0,0.008911133,0.012207031,25.019775,28,62,0,0,255,2,0,1782509455.6985145,230
25.02905,25.02662,0.1710831,0.30399528,0.661438,1,1,0,0.0068359375,0.012145996,25.029053,28,62,0,0,255,2,0,1782509455.6985145,230
25.026123,25.023993,0.11913367,0.3039597,0.624176,1,1,0,0.004760742,0.012145996,25.026123,28,62,0,0,255,2,0,1782509455.6985145,230
25.016602,25.01467,0.06565144,0.30384406,0.7854004,1,1,0,0.0026245117,0.012145996,25.016602,28,62,0,0,255,2,0,1782509455.6985145,230
25.023191,25.021343,0.013744636,0.3039241,0.6865845,1,1,0,0.0005493164,0.012145996,25.023193,28,62,0,0,255,2,0,1782509455.6985145,230
25.020508,25.018631,-0.03970245,0.3038915,0.87979126,1,1,0,-0.0015869141,0.012145996,25.020508,28,62,0,0,255,2,0,1782509455.6985145,230
25.02124,25.019226,-0.09162355,0.30390042,0.8988342,1,1,0,-0.0036621094,0.012145996,25.02124,28,62,0,0,255,2,0,1782509455.6985145,230
25.003176,24.997375,0.26548505,0.46847686,0.7893982,1,1,0,0.010620117,0.018737793,25.003174,29,62,1,0,255,2,0,1782509455.6985145,230
24.999512,24.994211,0.21357876,0.46840826,0.8603821,1,1,0,0.008544922,0.018737793,24.999512,29,62,1,0,255,2,0,1782509455.6985145,230
25.008057,25.003143,0.16176575,0.46856835,0.62802124,1,1,0,0.0064697266,0.018737793,25.008057,29,62,1,0,255,2,0,1782509455.6985145,230
25.006594,25.001968,0.10834661,0.4685409,0.7463379,1,1,0,0.004333496,0.018737793,25.006592,29,62,1,0,255,2,0,1782509455.6985145,230
25.003174,24.99872,0.05645473,0.46847686,0.7053528,1,1,0,0.0022583008,0.018737793,25.003174,29,62,1,0,255,2,0,1782509455.6985145,230
25.012451,25.00806,0.0030527418,0.4686507,0.7839966,1,1,0,0.00012207031,0.018737793,25.012451,29,62,1,0,255,2,0,1782509455.6985145,230
25.01587,25.01143,-0.04885051,0.46871474,0.7922058,1,1,0,-0.001953125,0.018737793,25.01587,29,62,1,0,255,2,0,1782509455.6985145,230
25.01831,25.01529,-0.044277593,0.38631475,0.81484985,1,1,0,-0.0017700195,0.0154418945,25.01831,60,62,0,0,255,2,0,1782509455.6985145,230
25.01074,25.007528,-0.09615979,0.38925058,0.67889404,1,1,0,-0.0038452148,0.015563965,25.010742,60,62,0,0,255,2,0,1782509455.6985145,230
25.022459,25.014402,0.26108512,0.57877606,0.84350586,1,1,0,0.010437012,0.023132324,25.02246,61,62,1,0,255,2,0,1782509455.6985145,230
24.999512,24.99216,0.15559286,0.5858724,0.93307495,1,1,0,0.006225586,0.0234375,24.999512,61,62,1,0,255,2,0,1782509455.6985145,230
25.00415,24.99701,-0.053399455,0.59513533,0.79351807,1,1,0,-0.0021362305,0.023803711,25.00415,61,62,1,0,255,2,0,1782509455.6985145,230
25.01831,25.011663,0.2167813,0.53440815,0.69189453,1,1,0,0.008666992,0.021362305,25.01831,26,63,0,0,255,2,0,1782509455.7983935,231
25.023436,25.017656,0.05955142,0.53451765,0.82785034,1,1,0,0.002380371,0.021362305,25.023438,26,63,0,0,255,2,0,1782509455.7983935,231
25.019531,25.009705,0.050373618,0.6993074,0.6501465,1,1,0,0.0020141602,0.027954102,25.019531,27,63,1,0,255,2,0,1782509455.7983935,231
25.019285,25.015148,0.2717817,0.3649535,0.66503906,1,1,0,0.010864258,0.014587402,25.019287,60,63,0,0,255,2,0,1782509455.7983935,231
25.01953,25.015848,0.21834455,0.36953774,0.68582153,1,1,0,0.008728027,0.014770508,25.019531,60,63,0,0,255,2,0,1782509455.7983935,231
25.021486,25.018158,0.16644406,0.37262064,0.75424194,1,1,0,0.006652832,0.014892578,25.021484,60,63,0,0,255,2,0,1782509455.7983935,231
25.019773,25.016668,0.11451803,0.37717593,0.7576904,1,1,0,0.0045776367,0.015075684,25.019775,60,63,0,0,255,2,0,1782509455.7983935,231
25.02124,25.01828,0.009161969,0.384833,0.700531,1,1,0,0.00036621094,0.015380859,25.02124,60,63,0,0,255,2,0,1782509455.7983935,231
25.02051,25.017464,-0.04428144,0.38787562,0.68063354,1,1,0,-0.0017700195,0.01550293,25.020508,60,63,0,0,255,2,0,1782509455.7983935,231
25.02124,25.017977,-0.09619997,0.39246798,1.0832825,1,1,0,-0.0038452148,0.015686035,25.02124,60,63,0,0,255,2,0,1782509455.7983935,231
25.00537,24.997248,0.26090604,0.58143234,0.81811523,1,1,0,0.010437012,0.023254395,25.005371,61,63,1,0,255,2,0,1782509455.7983935,231
25.009762,25.002056,0.20906748,0.5845867,0.7668457,1,1,0,0.008361816,0.023376465,25.009766,61,63,1,0,255,2,0,1782509455.7983935,231
25.012451,25.005222,0.103782035,0.5922805,0.6967468,1,1,0,0.0041503906,0.02368164,25.012451,61,63,1,0,255,2,0,1782509455.7983935,231
25.009033,25.001858,0.051883813,0.59677756,0.62390137,1,1,0,0.0020751953,0.023864746,25.009033,61,63,1,0,255,2,0,1782509455.7983935,231
25.021484,25.014286,-0.0015267509,0.6001282,0.78912354,1,1,0,-6.1035156e-05,0.023986816,25.021484,61,63,1,0,255,2,0,1782509455.7983935,231
25.007566,25.000462,-0.05340683,0.5936908,0.74121094,1,1,0,-0.0021362305,0.023742676,25.007568,61,63,1,0,255,2,0,1782509455.7983935,231
25.022705,25.01699,-0.044280607,0.5329751,0.88845825,1,1,0,-0.0017700195,0.02130127,25.022705,26,64,0,0,255,2,0,1782509455.8984127,232
25.023924,25.013273,0.20916127,0.6994302,0.70358276,1,1,0,0.008361816,0.027954102,25.023926,27,64,1,0,255,2,0,1782509455.8984127,232
25.001223,24.990969,0.15558544,0.6987956,0.59210205,1,1,0,0.006225586,0.027954102,25.00122,27,64,1,0,255,2,0,1782509455.8984127,232
25.02246,25.012468,0.103812106,0.6993893,0.7357483,1,1,0,0.0041503906,0.027954102,25.02246,27,64,1,0,255,2,0,1782509455.8984127,232
25.028076,25.024734,0.27188587,0.3055109,0.7568054,1,1,0,0.010864258,0.012207031,25.028076,28,64,0,0,255,2,0,1782509455.8984127,232
25.020994,25.018183,0.21989205,0.30389744,0.89019775,1,1,0,0.0087890625,0.012145996,25.020996,28,64,0,0,255,2,0,1782509455.8984127,232
25.01074,25.008633,0.11448124,0.3037729,0.80792236,1,1,0,0.0045776367,0.012145996,25.010742,28,64,0,0,255,2,0,1782509455.8984127,232
25.021973,25.017828,0.2763923,0.3619385,0.80792236,1,1,0,0.011047363,0.014465332,25.021973,60,64,0,0,255,2,0,1782509455.8984127,232
25.021484,25.017828,0.22294308,0.36498553,0.720459,1,1,0,0.008911133,0.014587402,25.021484,60,64,0,0,255,2,0,1782509455.8984127,232
25.020264,25.01695,0.17101698,0.36954856,0.7836609,1,1,0,0.0068359375,0.014770508,25.020264,60,64,0,0,255,2,0,1782509455.8984127,232
25.015625,25.012568,0.119079284,0.37253338,0.7932129,1,1,0,0.004760742,0.014892578,25.015625,60,64,0,0,255,2,0,1782509455.8984127,232
25.015627,25.01272,0.06564633,0.3755867,0.7871399,1,1,0,0.0026245117,0.015014648,25.015625,60,64,0,0,255,2,0,1782509455.8984127,232
25.020264,25.01737,0.013742454,0.38023716,0.8321533,1,1,0,0.0005493164,0.015197754,25.020264,60,64,0,0,255,2,0,1782509455.8984127,232
25.021729,25.01876,-0.039702654,0.3833135,1.1144714,1,1,0,-0.0015869141,0.015319824,25.021729,60,64,0,0,255,2,0,1782509455.8984127,232
25.028076,25.0249,-0.09164433,0.38799295,0.7663269,1,1,0,-0.0036621094,0.01550293,25.028076,60,64,0,0,255,2,0,1782509455.8984127,232
25.005371,24.997307,0.2654843,0.57685494,0.7473755,1,1,0,0.010620117,0.023071289,25.005371,61,64,1,0,255,2,0,1782509455.8984127,232
25.00757,24.999931,0.21362764,0.57995754,0.83657837,1,1,0,0.008544922,0.02319336,25.007568,61,64,1,0,255,2,0,1782509455.8984127,232
25.006594,24.999237,0.16174048,0.5845125,0.7791443,1,1,0,0.0064697266,0.023376465,25.006592,61,64,1,0,255,2,0,1782509455.8984127,232
25.003174,24.996037,0.10832091,0.5874839,0.7678833,1,1,0,0.004333496,0.023498535,25.003174,61,64,1,0,255,2,0,1782509455.8984127,232
25.008055,25.00098,0.056459833,0.5921765,0.63623047,1,1,0,0.0022583008,0.02368164,25.008057,61,64,1,0,255,2,0,1782509455.8984127,232
24.997559,24.990477,0.0030505953,0.59497845,0.8119507,1,1,0,0.00012207031,0.023803711,24.997559,61,64,1,0,255,2,0,1782509455.8984127,232
24.996092,24.988964,-0.04880663,0.5949436,0.85217285,1,1,0,-0.001953125,0.023803711,24.996094,61,64,1,0,255,2,0,1782509455.8984127,232
25.02173,25.01456,0.27024835,0.53448117,0.720459,1,1,0,0.010803223,0.021362305,25.021729,26,65,0,0,255,2,0,1782509455.9987664,233
25.020996,25.015282,-0.044277582,0.53293866,0.66070557,1,1,0,-0.0017700195,0.02130127,25.020996,26,65,0,0,255,2,0,1782509455.9987664,233
25.018309,25.008535,-0.0015263999,0.6992733,0.66763306,1,1,0,-6.1035156e-05,0.027954102,25.01831,27,65,1,0,255,2,0,1782509455.9987664,233
25.021729,25.018898,0.21989834,0.30543342,0.723938,1,1,0,0.0087890625,0.012207031,25.021729,28,65,0,0,255,2,0,1782509455.9987664,233
25.018066,25.012789,0.21068399,0.4687559,0.8865967,1,1,0,0.008422852,0.018737793,25.018066,29,65,1,0,255,2,0,1782509455.9987664,233
24.998291,24.993681,0.10525965,0.46838537,0.81121826,1,1,0,0.004211426,0.018737793,24.998291,29,65,1,0,255,2,0,1782509455.9987664,233
25.010254,25.005863,-0.0,0.4686095,0.6875305,1,1,0,-0.0,0.018737793,25.010254,29,65,1,0,255,2,0,1782509455.9987664,233
25.02246,25.019394,0.11605759,0.37416226,0.73690796,1,1,0,0.004638672,0.014953613,25.02246,60,65,0,0,255,2,0,1782509455.9987664,233
25.031494,25.028284,-0.094711974,0.38957354,0.70825195,1,1,0,-0.0037841797,0.015563965,25.031494,60,65,0,0,255,2,0,1782509455.9987664,233
25.019289,25.011215,0.26257855,0.5787026,0.8024597,1,1,0,0.010498047,0.023132324,25.019287,61,65,1,0,255,2,0,1782509455.9987664,233
25.01587,25.008219,0.2106455,0.5816765,0.76242065,1,1,0,0.008422852,0.023254395,25.01587,61,65,1,0,255,2,0,1782509455.9987664,233
24.999754,24.992386,0.1586452,0.58587813,0.7863159,1,1,0,0.0063476562,0.0234375,24.999756,61,65,1,0,255,2,0,1782509455.9987664,233
25.018066,25.010958,0.05342925,0.59394,0.7675781,1,1,0,0.0021362305,0.023742676,25.018066,61,65,1,0,255,2,0,1782509455.9987664,233
25.010986,25.003864,0.0015261148,0.59682417,0.82632446,1,1,0,6.1035156e-05,0.023864746,25.010986,61,65,1,0,255,2,0,1782509455.9987664,233
25.02124,25.014006,0.27329624,0.5359975,0.7031555,1,1,0,0.010925293,0.02142334,25.02124,26,66,0,0,255,2,0,1782509456.0980105,234
25.0271,25.021353,-0.042761143,0.5345959,0.69525146,1,1,0,-0.0017089844,0.021362305,25.0271,26,66,0,0,255,2,0,1782509456.0980105,234
25.017334,25.006182,0.2625257,0.699246,0.6152344,1,1,0,0.010498047,0.027954102,25.017334,27,66,1,0,255,2,0,1782509456.0980105,234
25.003416,24.993155,0.15712456,0.698857,0.6680298,1,1,0,0.006286621,0.027954102,25.003418,27,66,1,0,255,2,0,1782509456.0980105,234
25.006592,24.996765,0.053398933,0.69894576,0.78222656,1,1,0,0.0021362305,0.027954102,25.006592,27,66,1,0,255,2,0,1782509456.0980105,234
25.009766,25.00641,0.27321324,0.3052874,0.73690796,1,1,0,0.010925293,0.012207031,25.009766,28,66,0,0,255,2,0,1782509456.0980105,234
25.02197,25.019146,0.22142768,0.3039093,0.7949219,1,1,0,0.008850098,0.012145996,25.021973,28,66,0,0,255,2,0,1782509456.0980105,234
25.013672,25.00931,0.0015264471,0.46714714,0.81066895,1,1,0,6.1035156e-05,0.018676758,25.013672,29,66,1,0,255,2,0,1782509456.0980105,234
25.01123,25.006786,-0.051894043,0.4686278,0.7244568,1,1,0,-0.0020751953,0.018737793,25.01123,29,66,1,0,255,2,0,1782509456.0980105,234
25.021729,25.017635,0.27180874,0.361935,0.81658936,1,1,0,0.010864258,0.014465332,25.021729,60,66,0,0,255,2,0,1782509456.0980105,234
25.02051,25.017225,0.16643785,0.36955217,0.9802551,1,1,0,0.006652832,0.014770508,25.020508,60,66,0,0,255,2,0,1782509456.0980105,234
25.012695,25.009659,0.11448594,0.37248975,0.8295593,1,1,0,0.0045776367,0.014892578,25.012695,60,66,0,0,255,2,0,1782509456.0980105,234
25.02197,25.01905,0.06260884,0.37720907,1.0183411,1,1,0,0.0025024414,0.015075684,25.021973,60,66,0,0,255,2,0,1782509456.0980105,234
25.021484,25.018593,0.009162083,0.38025573,0.7836609,1,1,0,0.00036621094,0.015197754,25.021484,60,66,0,0,255,2,0,1782509456.0980105,234
25.011232,25.003197,0.26249436,0.5769901,0.7439575,1,1,0,0.010498047,0.023071289,25.01123,61,66,1,0,255,2,0,1782509456.0980105,234
24.994871,24.987715,0.105234526,0.588814,0.7046814,1,1,0,0.004211426,0.02355957,24.994873,61,66,1,0,255,2,0,1782509456.0980105,234
24.995363,24.9883,0.05185568,0.59187585,0.66534424,1,1,0,0.0020751953,0.02368164,24.995361,61,66,1,0,255,2,0,1782509456.0980105,234
25.000978,24.993841,-0.05186718,0.5950598,0.65408325,1,1,0,-0.0020751953,0.023803711,25.000977,61,66,1,0,255,2,0,1782509456.0980105,234
25.026123,25.020374,-0.044286594,0.53457505,0.6744385,1,1,0,-0.0017700195,0.021362305,25.026123,26,67,0,0,255,2,0,1782509456.1982715,235
24.997559,24.98693,0.20741582,0.6986933,0.7770996,1,1,0,0.008300781,0.027954102,24.997559,27,67,1,0,255,2,0,1782509456.1982715,235
25.009764,25.007664,0.11295042,0.30376104,1.2885132,1,1,0,0.0045166016,0.012145996,25.009766,28,67,0,0,255,2,0,1782509456.1982715,235
25.014647,25.0128,0.0076333014,0.30382034,0.82437134,1,1,0,0.00030517578,0.012145996,25.014648,28,67,0,0,255,2,0,1782509456.1982715,235
25.020264,25.015814,-0.053439625,0.46879706,0.8742981,1,1,0,-0.0021362305,0.018737793,25.020264,29,67,1,0,255,2,0,1782509456.1982715,235
25.011719,25.007643,0.27017364,0.36179018,0.695343,1,1,0,0.010803223,0.014465332,25.011719,60,67,0,0,255,2,0,1782509456.1982715,235
25.022459,25.019545,0.059555914,0.37721643,0.7689514,1,1,0,0.002380371,0.015075684,25.02246,60,67,0,0,255,2,0,1782509456.1982715,235
25.02197,25.019058,0.007635211,0.3817902,0.6243286,1,1,0,0.00030517578,0.015258789,25.021973,60,67,0,0,255,2,0,1782509456.1982715,235
24.993896,24.985865,0.25926206,0.57811534,0.84399414,1,1,0,0.010375977,0.023132324,24.993896,61,67,1,0,255,2,0,1782509456.1982715,235
25.008057,25.000433,0.2075279,0.5814948,0.63723755,1,1,0,0.008300781,0.023254395,25.008057,61,67,1,0,255,2,0,1782509456.1982715,235
25.006592,24.99947,-0.0015258465,0.5967193,0.77301025,1,1,0,-6.1035156e-05,0.023864746,25.006592,61,67,1,0,255,2,0,1782509456.1982715,235
25.013674,25.006527,-0.054946065,0.595362,0.70599365,1,1,0,-0.0021972656,0.023803711,25.013672,61,67,1,0,255,2,0,1782509456.1982715,235
25.017334,25.010149,0.2717274,0.5343873,0.72998047,1,1,0,0.010864258,0.021362305,25.017334,26,68,0,0,255,2,0,1782509456.2981687,236
25.021242,25.015526,-0.044278014,0.53294384,0.7724304,1,1,0,-0.0017700195,0.02130127,25.02124,26,68,0,0,255,2,0,1782509456.2981687,236
25.026123,25.02026,-0.096208744,0.53304785,0.48458862,1,1,0,-0.0038452148,0.02130127,25.026123,26,68,0,0,255,2,0,1782509456.2981687,236
25.014648,25.010572,0.2702053,0.36183256,0.9724426,1,1,0,0.010803223,0.014465332,25.014648,60,68,0,0,255,2,0,1782509456.2981687,236
25.021729,25.018456,0.16491896,0.3695702,1.0148926,1,1,0,0.006591797,0.014770508,25.021729,60,68,0,0,255,2,0,1782509456.2981687,236
25.020506,25.017591,0.059551265,0.37718698,1.0607605,1,1,0,0.002380371,0.015075684,25.020508,60,68,0,0,255,2,0,1782509456.2981687,236
25.020264,25.017372,0.0076346966,0.38023716,0.76116943,1,1,0,0.00030517578,0.015197754,25.020264,60,68,0,0,255,2,0,1782509456.2981687,236
24.996338,24.98834,0.25928774,0.57664657,0.617157,1,1,0,0.010375977,0.023071289,24.996338,61,68,1,0,255,2,0,1782509456.2981687,236
25.009033,25.00141,0.20753601,0.5815175,0.6392822,1,1,0,0.008300781,0.023254395,25.009033,61,68,1,0,255,2,0,1782509456.2981687,236
24.99878,24.991718,0.050337393,0.5919568,0.6622925,1,1,0,0.0020141602,0.02368164,24.99878,61,68,1,0,255,2,0,1782509456.2981687,236
24.998781,24.991747,-0.05491359,0.5904314,0.6499634,1,1,0,-0.0021972656,0.023620605,24.99878,61,68,1,0,255,2,0,1782509456.2981687,236
25.00781,25.001837,0.11597615,0.5341839,0.9871826,1,1,0,0.004638672,0.021362305,25.007812,26,69,0,0,255,2,0,1782509456.3984122,237
25.023438,25.01765,0.06260534,0.53451765,1.0884705,1,1,0,0.0025024414,0.021362305,25.023438,26,69,0,0,255,2,0,1782509456.3984122,237
25.02246,25.016718,-0.04122632,0.5344968,0.6910095,1,1,0,-0.0016479492,0.021362305,25.02246,26,69,0,0,255,2,0,1782509456.3984122,237
25.012695,25.00681,-0.09463071,0.53428817,0.74816895,1,1,0,-0.0037841797,0.021362305,25.012695,26,69,0,0,255,2,0,1782509456.3984122,237
25.020994,25.019077,0.059554804,0.30389744,0.81658936,1,1,0,0.002380371,0.012145996,25.020996,28,69,0,0,255,2,0,1782509456.3984122,237
25.018309,25.016462,0.007634419,0.30386484,0.7672119,1,1,0,0.00030517578,0.012145996,25.01831,28,69,0,0,255,2,0,1782509456.3984122,237
25.009031,25.004642,-0.0015261623,0.46858665,0.6895752,1,1,0,-6.1035156e-05,0.018737793,25.009033,29,69,1,0,255,2,0,1782509456.3984122,237
25.014648,25.010555,0.27173182,0.36183256,0.9837036,1,1,0,0.010864258,0.014465332,25.014648,60,69,0,0,255,2,0,1782509456.3984122,237
25.020994,25.01738,0.21835792,0.3649784,0.8581543,1,1,0,0.008728027,0.014587402,25.020996,60,69,0,0,255,2,0,1782509456.3984122,237
25.020996,25.018078,0.061079416,0.37719434,0.8650818,1,1,0,0.0024414062,0.015075684,25.020996,60,69,0,0,255,2,0,1782509456.3984122,237
25.022219,25.019026,-0.096204005,0.3879021,0.667511,1,1,0,-0.0038452148,0.01550293,25.022217,60,69,0,0,255,2,0,1782509456.3984122,237
25.008055,25.00042,0.2090538,0.5814948,0.6793213,1,1,0,0.008361816,0.023254395,25.008057,61,69,1,0,255,2,0,1782509456.3984122,237
24.998781,24.991629,0.103725605,0.588906,0.6571655,1,1,0,0.0041503906,0.02355957,24.99878,61,69,1,0,255,2,0,1782509456.3984122,237
24.99878,24.991716,0.05186277,0.5919568,0.6827698,1,1,0,0.0020751953,0.02368164,24.99878,61,69,1,0,255,2,0,1782509456.3984122,237
25.001953,24.994833,-0.0015255635,0.59660864,0.7227783,1,1,0,-6.1035156e-05,0.023864746,25.001953,61,69,1,0,255,2,0,1782509456.3984122,237
25.008057,25.000988,-0.053407952,0.5921765,0.6885376,1,1,0,-0.0021362305,0.02368164,25.008057,61,69,1,0,255,2,0,1782509456.3984122,237
25.031252,25.024046,0.2734059,0.53468454,0.71865845,1,1,0,0.010925293,0.021362305,25.03125,26,70,0,0,255,2,0,1782509456.4984972,238
25.02124,25.014957,0.1694765,0.53447074,0.7802124,1,1,0,0.0067749023,0.021362305,25.02124,26,70,0,0,255,2,0,1782509456.4984972,238
25.019531,25.013649,-0.09312986,0.5344342,0.68322754,1,1,0,-0.0037231445,0.021362305,25.019531,26,70,0,0,255,2,0,1782509456.4984972,238
24.996094,24.98627,0.053376514,0.6986523,0.6811218,1,1,0,0.0021362305,0.027954102,24.996094,27,70,1,0,255,2,0,1782509456.4984972,238
24.993896,24.98413,0.0015249103,0.69859093,0.77227783,1,1,0,6.1035156e-05,0.027954102,24.993896,27,70,1,0,255,2,0,1782509456.4984972,238
25.017332,25.015238,0.111457795,0.30385298,0.8434143,1,1,0,0.0044555664,0.012145996,25.017334,28,70,0,0,255,2,0,1782509456.4984972,238
25.021729,25.019815,0.058029458,0.30390635,0.8503418,1,1,0,0.002319336,0.012145996,25.021729,28,70,0,0,255,2,0,1782509456.4984972,238
25.020508,25.018618,-0.047337525,0.3038915,0.66503906,1,1,0,-0.0018920898,0.012145996,25.020508,28,70,0,0,255,2,0,1782509456.4984972,238
25.008787,25.003067,0.25791433,0.46858206,0.7473755,1,1,0,0.010314941,0.018737793,25.00879,29,70,1,0,255,2,0,1782509456.4984972,238
25.019285,25.014044,0.20611405,0.46877876,0.76345825,1,1,0,0.008239746,0.018737793,25.019287,29,70,1,0,255,2,0,1782509456.4984972,238
25.005371,25.00078,0.100711696,0.46851802,0.7319946,1,1,0,0.0040283203,0.018737793,25.005371,29,70,1,0,255,2,0,1782509456.4984972,238
25.010254,25.005816,0.048839543,0.4686095,0.6567383,1,1,0,0.001953125,0.018737793,25.010254,29,70,1,0,255,2,0,1782509456.4984972,238
25.008787,25.004398,-0.0045784423,0.46858206,0.79556274,1,1,0,-0.00018310547,0.018737793,25.00879,29,70,1,0,255,2,0,1782509456.4984972,238
25.021242,25.017164,0.2702765,0.36192793,0.7949219,1,1,0,0.010803223,0.014465332,25.02124,60,70,0,0,255,2,0,1782509456.4984972,238
25.015627,25.012012,0.21831106,0.36490005,0.8321533,1,1,0,0.008728027,0.014587402,25.015625,60,70,0,0,255,2,0,1782509456.4984972,238
25.014648,25.01162,0.11296829,0.37251884,0.697937,1,1,0,0.0045166016,0.014892578,25.014648,60,70,0,0,255,2,0,1782509456.4984972,238
25.003172,24.995157,0.26088423,0.5768043,0.73916626,1,1,0,0.010437012,0.023071289,25.003174,61,70,1,0,255,2,0,1782509456.4984972,238
25.008055,25.0009,0.103764094,0.58912456,0.61364746,1,1,0,0.0041503906,0.02355957,25.008057,61,70,1,0,255,2,0,1782509456.4984972,238
25.00879,25.001667,-0.0015259807,0.5967718,0.83657837,1,1,0,-6.1035156e-05,0.023864746,25.00879,61,70,1,0,255,2,0,1782509456.4984972,238
25.021729,25.01504,0.22139134,0.53448117,0.7221985,1,1,0,0.008850098,0.021362305,25.021729,26,71,0,0,255,2,0,1782509456.5981433,239
25.020506,25.014828,0.012214272,0.5329283,0.75424194,1,1,0,0.00048828125,0.02130127,25.020508,26,71,0,0,255,2,0,1782509456.5981433,239
25.011719,25.00601,-0.041208673,0.53274107,0.7576904,1,1,0,-0.0016479492,0.02130127,25.011719,26,71,0,0,255,2,0,1782509456.5981433,239
25.020264,25.014414,-0.09313271,0.53292304,0.74816895,1,1,0,-0.0037231445,0.02130127,25.020264,26,71,0,0,255,2,0,1782509456.5981433,239
25.020752,25.010077,0.21218775,0.69934154,0.72720337,1,1,0,0.008483887,0.027954102,25.020752,27,71,1,0,255,2,0,1782509456.5981433,239
25.009033,24.999304,0.0015258364,0.6974882,0.67007446,1,1,0,6.1035156e-05,0.027893066,25.009033,27,71,1,0,255,2,0,1782509456.5981433,239
24.992672,24.9829,-0.05031963,0.697032,0.83987427,1,1,0,-0.0020141602,0.027893066,24.992676,27,71,1,0,255,2,0,1782509456.5981433,239
25.020264,25.01746,0.21683155,0.30541554,0.8477478,1,1,0,0.008666992,0.012207031,25.020264,28,71,0,0,255,2,0,1782509456.5981433,239
25.02905,25.026644,0.16497293,0.30552283,0.6692505,1,1,0,0.006591797,0.012207031,25.029053,28,71,0,0,255,2,0,1782509456.5981433,239
25.010984,25.005733,0.20757191,0.46862325,0.8878174,1,1,0,0.008300781,0.018737793,25.010986,29,71,1,0,255,2,0,1782509456.5981433,239
24.994873,24.990011,0.15405415,0.46832132,0.7733154,1,1,0,0.006164551,0.018737793,24.994873,29,71,1,0,255,2,0,1782509456.5981433,239
25.020506,25.016808,0.222934,0.36802518,0.66851807,1,1,0,0.008911133,0.014709473,25.020508,60,71,0,0,255,2,0,1782509456.5981433,239
25.017336,25.01401,0.16947007,0.37103206,0.8581543,1,1,0,0.0067749023,0.014831543,25.017334,60,71,0,0,255,2,0,1782509456.5981433,239
25.019531,25.016592,0.012215134,0.38327983,0.700531,1,1,0,0.00048828125,0.015319824,25.019531,60,71,0,0,255,2,0,1782509456.5981433,239
25.010744,25.00773,-0.03968515,0.3861979,1.1664124,1,1,0,-0.0015869141,0.0154418945,25.010742,60,71,0,0,255,2,0,1782509456.5981433,239
25.028076,25.024872,-0.09317165,0.38952038,0.48199463,1,1,0,-0.0037231445,0.015563965,25.028076,60,71,0,0,255,2,0,1782509456.5981433,239
25.013672,25.00557,0.26557207,0.57857275,0.6967468,1,1,0,0.010620117,0.023132324,25.013672,61,71,1,0,255,2,0,1782509456.5981433,239
25.001951,24.994257,0.21205355,0.5828785,0.71765137,1,1,0,0.008483887,0.02331543,25.001953,61,71,1,0,255,2,0,1782509456.5981433,239
25.021484,25.014097,0.16030984,0.58638734,0.83117676,1,1,0,0.0064086914,0.0234375,25.021484,61,71,1,0,255,2,0,1782509456.5981433,239
25.01587,25.008759,0.054950967,0.59388787,0.69369507,1,1,0,0.0021972656,0.023742676,25.01587,61,71,1,0,255,2,0,1782509456.5981433,239
25.01587,25.008709,0.003052821,0.5984671,0.7716675,1,1,0,0.00012207031,0.023925781,25.01587,61,71,1,0,255,2,0,1782509456.5981433,239
25.003174,24.995893,-0.0503458,0.6012147,0.7125244,1,1,0,-0.0020141602,0.024047852,25.003174,61,71,1,0,255,2,0,1782509456.5981433,239
25.025146,25.017977,0.27028528,0.5345542,0.68569946,1,1,0,0.010803223,0.021362305,25.025146,26,72,0,0,255,2,0,1782509456.6991014,240
25.021484,25.015738,-0.044278387,0.5344759,0.67282104,1,1,0,-0.0017700195,0.021362305,25.021484,26,72,0,0,255,2,0,1782509456.6991014,240
25.005615,24.994484,0.26087722,0.69891846,0.442688,1,2,0,0.010437012,0.027954102,25.005615,27,72,1,0,255,2,0,1782509456.6991014,240
25.004639,24.993996,0.20900007,0.69889116,0.5890198,1,2,0,0.008361816,0.027954102,25.004639,27,72,1,0,255,2,0,1782509456.6991014,240
24.997559,24.987577,0.10370879,0.6986933,0.6089783,1,1,0,0.0041503906,0.027954102,24.997559,27,72,1,0,255,2,0,1782509456.6991014,240
25.004639,24.994816,0.051869202,0.69889116,0.66186523,1,1,0,0.0020751953,0.027954102,25.004639,27,72,1,0,255,2,0,1782509456.6991014,240
24.996338,24.986515,-0.053377036,0.6986591,0.7350769,1,2,0,-0.0021362305,0.027954102,24.996338,27,72,1,0,255,2,0,1782509456.6991014,240
25.0,24.99556,0.05034513,0.4684174,0.88290405,1,1,0,0.0020141602,0.018737793,25.0,29,72,1,0,255,2,0,1782509456.6991014,240
24.996338,24.991951,-0.0015253876,0.46834877,0.6889343,1,1,0,-6.1035156e-05,0.018737793,24.996338,29,72,1,0,255,2,0,1782509456.6991014,240
25.010254,25.005806,-0.053418245,0.4686095,0.68136597,1,1,0,-0.0021362305,0.018737793,25.010254,29,72,1,0,255,2,0,1782509456.6991014,240
25.019775,25.016155,0.2214012,0.36343366,0.7628784,1,1,0,0.008850098,0.014526367,25.019775,60,72,0,0,255,2,0,1782509456.6991014,240
25.031738,25.028456,0.16956794,0.36819038,0.7507324,1,1,0,0.0067749023,0.014709473,25.031738,60,72,0,0,255,2,0,1782509456.6991014,240
25.011719,25.0087,0.116007976,0.3709488,0.717865,1,1,0,0.004638672,0.014831543,25.011719,60,72,0,0,255,2,0,1782509456.6991014,240
25.020506,25.017605,0.064132184,0.37566,0.8390808,1,1,0,0.0025634766,0.015014648,25.020508,60,72,0,0,255,2,0,1782509456.6991014,240
25.01953,25.01666,0.012215167,0.37869912,0.68582153,1,1,0,0.00048828125,0.015136719,25.019531,60,72,0,0,255,2,0,1782509456.6991014,240
25.021482,25.018513,-0.041229278,0.38330975,0.73516846,1,1,0,-0.0016479492,0.015319824,25.021484,60,72,0,0,255,2,0,1782509456.6991014,240
25.020508,25.017351,-0.09314364,0.3863487,0.723938,1,1,0,-0.0037231445,0.0154418945,25.020508,60,72,0,0,255,2,0,1782509456.6991014,240
25.014648,25.006632,0.2640569,0.5755426,0.6895752,1,1,0,0.010559082,0.023010254,25.014648,61,72,1,0,255,2,0,1782509456.6991014,240
25.003176,24.99555,0.21206452,0.5798556,0.73916626,1,1,0,0.008483887,0.02319336,25.003174,61,72,1,0,255,2,0,1782509456.6991014,240
24.993896,24.986599,0.15860847,0.58269066,0.8746948,1,1,0,0.0063476562,0.02331543,24.993896,61,72,1,0,255,2,0,1782509456.6991014,240
25.01245,25.005316,0.10683489,0.58770186,0.6977844,1,1,0,0.004272461,0.023498535,25.012451,61,72,1,0,255,2,0,1782509456.6991014,240
25.00879,25.001753,0.054935575,0.59066784,0.93499756,1,1,0,0.0021972656,0.023620605,25.00879,61,72,1,0,255,2,0,1782509456.6991014,240
25.006592,24.999508,0.0015258489,0.59519345,0.8406677,1,1,0,6.1035156e-05,0.023803711,25.006592,61,72,1,0,255,2,0,1782509456.6991014,240
24.996094,24.988888,-0.05033169,0.59799397,0.8460388,1,1,0,-0.0020141602,0.023925781,24.996094,61,72,1,0,255,2,0,1782509456.6991014,240
25.022463,25.0162,0.16643102,0.5344968,0.7984009,1,1,0,0.006652832,0.021362305,25.02246,26,73,0,0,255,2,0,1782509456.798976,241
25.005371,24.995644,-0.001525613,0.697386,0.76275635,1,1,0,-6.1035156e-05,0.027893066,25.005371,27,73,1,0,255,2,0,1782509456.798976,241
25.007566,24.997782,-0.053401105,0.6974473,0.8304138,1,1,0,-0.0021362305,0.027893066,25.007568,27,73,1,0,255,2,0,1782509456.798976,241
25.006836,25.003513,0.27012902,0.30525163,0.6970825,1,1,0,0.010803223,0.012207031,25.006836,28,73,0,0,255,2,0,1782509456.798976,241
25.020508,25.0181,0.16491662,0.30541852,0.711792,1,1,0,0.006591797,0.012207031,25.020508,28,73,0,0,255,2,0,1782509456.798976,241
25.017334,25.015215,0.11298453,0.30537978,0.73172,1,1,0,0.0045166016,0.012207031,25.017334,28,73,0,0,255,2,0,1782509456.798976,241
25.017332,25.015446,-0.045804698,0.30385298,0.8564148,1,1,0,-0.0018310547,0.012145996,25.017334,28,73,0,0,255,2,0,1782509456.798976,241
25.005371,25.000982,-0.0030518777,0.46851802,0.71765137,1,1,0,-0.00012207031,0.018737793,25.005371,29,73,1,0,255,2,0,1782509456.798976,241
25.022219,25.01922,-0.044284552,0.38484803,0.87719727,1,1,0,-0.0017700195,0.015380859,25.022217,60,73,0,0,255,2,0,1782509456.798976,241
24.99878,24.990765,0.2608384,0.5767029,0.6520386,1,1,0,0.010437012,0.023071289,24.99878,61,73,1,0,255,2,0,1782509456.798976,241
25.01953,25.01189,0.2091497,0.5817616,0.7005005,1,1,0,0.008361816,0.023254395,25.019531,61,73,1,0,255,2,0,1782509456.798976,241
25.019285,25.011955,0.15724276,0.58480924,0.86608887,1,1,0,0.006286621,0.023376465,25.019287,61,73,1,0,255,2,0,1782509456.798976,241
24.999758,24.992605,0.10372966,0.588929,0.66741943,1,1,0,0.0041503906,0.02355957,24.999756,61,73,1,0,255,2,0,1782509456.798976,241
24.998777,24.99153,-0.05338775,0.5995836,0.6827698,1,1,0,-0.0021362305,0.023986816,24.99878,61,73,1,0,255,2,0,1782509456.798976,241
25.032715,25.025526,0.27189445,0.53471583,0.8009949,1,1,0,0.010864258,0.021362305,25.032715,26,74,0,0,255,2,0,1782509456.8984344,242
25.031006,25.024342,0.21841869,0.5346793,0.68136597,1,1,0,0.008728027,0.021362305,25.031006,26,74,0,0,255,2,0,1782509456.8984344,242
25.017336,25.011621,-0.044271104,0.5328607,0.7854004,1,1,0,-0.0017700195,0.02130127,25.017334,26,74,0,0,255,2,0,1782509456.8984344,242
25.017336,25.011475,-0.09617496,0.5328607,0.7559509,1,1,0,-0.0038452148,0.02130127,25.017334,26,74,0,0,255,2,0,1782509456.8984344,242
25.003172,24.992043,0.26085174,0.6988502,0.7227783,1,1,0,0.010437012,0.027954102,25.003174,27,74,1,0,255,2,0,1782509456.8984344,242
24.993896,24.983646,0.15553986,0.69859093,0.8562622,1,1,0,0.006225586,0.027954102,24.993896,27,74,1,0,255,2,0,1782509456.8984344,242
25.003172,24.99339,-0.05339172,0.69732475,0.776062,1,1,0,-0.0021362305,0.027893066,25.003174,27,74,1,0,255,2,0,1782509456.8984344,242
25.026123,25.023724,0.1634263,0.30548707,0.673584,1,1,0,0.0065307617,0.012207031,25.026123,28,74,0,0,255,2,0,1782509456.8984344,242
25.01074,25.00883,0.058003977,0.3037729,1.0945435,1,1,0,0.002319336,0.012145996,25.010742,28,74,0,0,255,2,0,1782509456.8984344,242
25.015625,25.013779,0.0061068796,0.3038322,0.73950195,1,1,0,0.00024414062,0.012145996,25.015625,28,74,0,0,255,2,0,1782509456.8984344,242
25.019775,25.017885,-0.04733614,0.30388263,0.75250244,1,1,0,-0.0018920898,0.012145996,25.019775,28,74,0,0,255,2,0,1782509456.8984344,242
24.99634,24.990622,0.25778595,0.46834877,0.70840454,1,1,0,0.010314941,0.018737793,24.996338,29,74,1,0,255,2,0,1782509456.8984344,242
24.993896,24.989044,0.15252292,0.46830302,0.7784424,1,1,0,0.0061035156,0.018737793,24.993896,29,74,1,0,255,2,0,1782509456.8984344,242
25.019531,25.014936,0.10076872,0.46878335,0.6604309,1,1,0,0.0040283203,0.018737793,25.019531,29,74,1,0,255,2,0,1782509456.8984344,242
25.015137,25.010698,0.04884908,0.468701,0.6203613,1,1,0,0.001953125,0.018737793,25.015137,29,74,1,0,255,2,0,1782509456.8984344,242
25.014648,25.010258,-0.004579515,0.46869186,0.8024597,1,1,0,-0.00018310547,0.018737793,25.014648,29,74,1,0,255,2,0,1782509456.8984344,242
25.020264,25.015806,-0.056493316,0.46879706,0.7655029,1,1,0,-0.0022583008,0.018737793,25.020264,29,74,1,0,255,2,0,1782509456.8984344,242
25.019773,25.016132,0.221401,0.3649606,0.7784729,1,1,0,0.008850098,0.014587402,25.019775,60,74,0,0,255,2,0,1782509456.8984344,242
25.017336,25.014053,0.16947037,0.3679785,0.73516846,1,1,0,0.0067749023,0.014709473,25.017334,60,74,0,0,255,2,0,1782509456.8984344,242
25.019777,25.016733,0.116045244,0.3725952,0.80966187,1,1,0,0.004638672,0.014892578,25.019775,60,74,0,0,255,2,0,1782509456.8984344,242
25.015625,25.012724,0.064119674,0.3755867,0.82611084,1,1,0,0.0025634766,0.015014648,25.015625,60,74,0,0,255,2,0,1782509456.8984344,242
25.020994,25.018103,0.012215871,0.3802483,0.66851807,1,1,0,0.00048828125,0.015197754,25.020996,60,74,0,0,255,2,0,1782509456.8984344,242
25.009033,25.005854,-0.09310084,0.38769776,1.0443115,1,1,0,-0.0037231445,0.01550293,25.009033,60,74,0,0,255,2,0,1782509456.8984344,242
25.00415,24.996103,0.2639457,0.5768268,0.6878967,1,1,0,0.010559082,0.023071289,25.00415,61,74,1,0,255,2,0,1782509456.8984344,242
25.00757,25.000233,0.15869501,0.5845353,0.7801819,1,1,0,0.0063476562,0.023376465,25.007568,61,74,1,0,255,2,0,1782509456.8984344,242
25.00415,24.997019,0.10679944,0.58750683,0.69714355,1,1,0,0.004272461,0.023498535,25.00415,61,74,1,0,255,2,0,1782509456.8984344,242
24.993896,24.986816,0.0015250742,0.5948913,1.0109253,1,1,0,6.1035156e-05,0.023803711,24.993896,61,74,1,0,255,2,0,1782509456.8984344,242
25.000488,24.993464,-0.050340906,0.59047174,0.9074707,1,1,0,-0.0020141602,0.023620605,25.000488,61,74,1,0,255,2,0,1782509456.8984344,242
25.009766,25.003796,0.114459105,0.5342256,0.6399231,1,1,0,0.0045776367,0.021362305,25.009766,26,75,0,0,255,2,0,1782509456.9985604,243
25.010742,25.005,-0.042733196,0.53424644,0.74990845,1,1,0,-0.0017089844,0.021362305,25.010742,26,75,0,0,255,2,0,1782509456.9985604,243
25.016846,25.006142,0.210628,0.7007587,0.6967468,1,1,0,0.008422852,0.028015137,25.016846,27,75,1,0,255,2,0,1782509456.9985604,243
25.032715,25.029388,0.27040857,0.30556753,0.84002686,1,1,0,0.010803223,0.012207031,25.032715,28,75,0,0,255,2,0,1782509456.9985604,243
25.02246,25.018068,-0.0015269817,0.46883824,0.8270874,1,1,0,-6.1035156e-05,0.018737793,25.02246,29,75,1,0,255,2,0,1782509456.9985604,243
25.012695,25.008612,0.26865754,0.3633308,0.9871826,1,1,0,0.0107421875,0.014526367,25.012695,60,75,0,0,255,2,0,1782509456.9985604,243
25.019773,25.016489,0.16337906,0.37106827,0.9923706,1,1,0,0.0065307617,0.014831543,25.019775,60,75,0,0,255,2,0,1782509456.9985604,243
25.017332,25.014294,0.10992681,0.3740856,0.8417053,1,1,0,0.0043945312,0.014953613,25.017334,60,75,0,0,255,2,0,1782509456.9985604,243
25.021484,25.01855,0.058026526,0.3787287,1.1006165,1,1,0,0.002319336,0.015136719,25.021484,60,75,0,0,255,2,0,1782509456.9985604,243
25.013674,25.010647,-0.047322445,0.38624313,0.8624878,1,1,0,-0.0018920898,0.0154418945,25.013672,60,75,0,0,255,2,0,1782509456.9985604,243
25.014647,25.006624,0.25795102,0.57859534,0.71832275,1,1,0,0.010314941,0.023132324,25.014648,61,75,1,0,255,2,0,1782509456.9985604,243
25.006838,24.999191,0.20599166,0.5829923,0.5951843,1,1,0,0.008239746,0.02331543,25.006836,61,75,1,0,255,2,0,1782509456.9985604,243
25.006592,24.999258,0.15258525,0.58603835,0.85913086,1,1,0,0.0061035156,0.0234375,25.006592,61,75,1,0,255,2,0,1782509456.9985604,243
25.00879,25.00161,0.10071504,0.59066784,0.70944214,1,1,0,0.0040283203,0.023620605,25.00879,61,75,1,0,255,2,0,1782509456.9985604,243
25.007566,25.000471,0.048829105,0.5936908,0.66638184,1,1,0,0.001953125,0.023742676,25.007568,61,75,1,0,255,2,0,1782509456.9985604,243
25.014648,25.007488,-0.0045790076,0.5984379,0.8045044,1,1,0,-0.00018310547,0.023925781,25.014648,61,75,1,0,255,2,0,1782509456.9985604,243
24.998777,24.991705,-0.056438886,0.5919568,0.66638184,1,1,0,-0.0022583008,0.02368164,24.99878,61,75,1,0,255,2,0,1782509456.9985604,243
25.009277,24.998129,0.26244116,0.6990208,0.4293213,1,2,0,0.010498047,0.027954102,25.009277,27,76,1,0,255,2,0,1782509457.0982292,244
25.003418,24.992775,0.20898986,0.698857,0.44226074,1,1,0,0.008361816,0.027954102,25.003418,27,76,1,0,255,2,0,1782509457.0982292,244
25.004639,24.994375,0.15713224,0.69889116,0.54797363,1,2,0,0.006286621,0.027954102,25.004639,27,76,1,0,255,2,0,1782509457.0982292,244
25.004639,24.994656,0.10373817,0.69889116,0.5859375,1,2,0,0.0041503906,0.027954102,25.004639,27,76,1,0,255,2,0,1782509457.0982292,244
25.03125,25.029219,-0.096243195,0.30402198,0.6709595,1,1,0,-0.0038452148,0.012145996,25.03125,28,76,0,0,255,2,0,1782509457.0982292,244
25.020508,25.016884,0.21682656,0.36649826,1.0426025,1,1,0,0.008666992,0.0146484375,25.020508,60,76,0,0,255,2,0,1782509457.0982292,244
25.0271,25.024185,0.0076367757,0.38186842,0.70651245,1,1,0,0.00030517578,0.015258789,25.0271,60,76,0,0,255,2,0,1782509457.0982292,244
25.020752,25.01271,0.25954062,0.5787365,0.61935425,1,1,0,0.010375977,0.023132324,25.020752,61,76,1,0,255,2,0,1782509457.0982292,244
25.023926,25.016298,0.2076596,0.5818638,0.65530396,1,1,0,0.008300781,0.023254395,25.023926,61,76,1,0,255,2,0,1782509457.0982292,244
25.018064,25.01071,0.15570834,0.5863072,0.7706299,1,1,0,0.006225586,0.0234375,25.018066,61,76,1,0,255,2,0,1782509457.0982292,244
25.012451,25.00535,0.05036485,0.5938067,0.67007446,1,1,0,0.0020141602,0.023742676,25.012451,61,76,1,0,255,2,0,1782509457.0982292,244
25.001953,24.994846,-0.0549204,0.5935575,0.73916626,1,1,0,-0.0021972656,0.023742676,25.001953,61,76,1,0,255,2,0,1782509457.0982292,244
25.016602,25.009384,0.27477235,0.5343716,0.7966614,1,1,0,0.010986328,0.021362305,25.016602,26,77,0,0,255,2,0,1782509457.198914,245
25.020264,25.013561,0.22290507,0.5344499,1.07724,1,1,0,0.008911133,0.021362305,25.020264,26,77,0,0,255,2,0,1782509457.198914,245
25.02246,25.01667,0.064129785,0.5344968,0.8338928,1,1,0,0.0025634766,0.021362305,25.02246,26,77,0,0,255,2,0,1782509457.198914,245
25.020506,25.014795,0.012214256,0.53445506,0.75424194,1,1,0,0.00048828125,0.021362305,25.020508,26,77,0,0,255,2,0,1782509457.198914,245
25.02124,25.015501,-0.03969748,0.53447074,0.74298096,1,1,0,-0.0015869141,0.021362305,25.02124,26,77,0,0,255,2,0,1782509457.198914,245
25.02246,25.011274,0.26563266,0.6993893,0.9984436,1,1,0,0.010620117,0.027954102,25.02246,27,77,1,0,255,2,0,1782509457.198914,245
25.021729,25.011051,0.21219602,0.69936883,0.7251282,1,1,0,0.008483887,0.027954102,25.021729,27,77,1,0,255,2,0,1782509457.198914,245
25.015867,25.00558,0.16025525,0.69920504,0.80041504,1,1,0,0.0064086914,0.027954102,25.01587,27,77,1,0,255,2,0,1782509457.198914,245
25.020264,25.01026,0.10685601,0.6993279,0.8373413,1,1,0,0.004272461,0.027954102,25.020264,27,77,1,0,255,2,0,1782509457.198914,245
25.005371,24.995543,0.05492193,0.6989116,0.7893982,1,1,0,0.0021972656,0.027954102,25.005371,27,77,1,0,255,2,0,1782509457.198914,245
25.012451,25.002678,0.0030520847,0.6991095,0.75320435,1,1,0,0.00012207031,0.027954102,25.012451,27,77,1,0,255,2,0,1782509457.198914,245
25.03003,25.027243,0.21691634,0.30400714,0.7455139,1,1,0,0.008666992,0.012145996,25.03003,28,77,0,0,255,2,0,1782509457.198914,245
25.000488,24.9961,-0.0030512817,0.46842656,1.1348572,1,1,0,-0.00012207031,0.018737793,25.000488,29,77,1,0,255,2,0,1782509457.198914,245
25.019531,25.015432,0.27025777,0.3634301,0.7949219,1,1,0,0.010803223,0.014526367,25.019531,60,77,0,0,255,2,0,1782509457.198914,245
25.03125,25.02761,0.21844722,0.3666556,0.71606445,1,1,0,0.008728027,0.0146484375,25.03125,60,77,0,0,255,2,0,1782509457.198914,245
25.017332,25.01442,0.0076337955,0.3817194,0.68237305,1,1,0,0.00030517578,0.015258789,25.017334,60,77,0,0,255,2,0,1782509457.198914,245
25.02173,25.018707,-0.044283643,0.38636753,0.81311035,1,1,0,-0.0017700195,0.0154418945,25.021729,60,77,0,0,255,2,0,1782509457.198914,245
25.020508,25.017292,-0.09619734,0.38940257,0.82611084,1,1,0,-0.0038452148,0.015563965,25.020508,60,77,0,0,255,2,0,1782509457.198914,245
25.006838,24.999647,0.10375889,0.5906217,0.6074829,1,1,0,0.0041503906,0.023620605,25.006836,61,77,1,0,255,2,0,1782509457.198914,245
25.003418,24.996319,0.050346658,0.5935922,0.4586792,1,1,0,0.0020141602,0.023742676,25.003418,61,77,1,0,255,2,0,1782509457.198914,245
24.991457,24.984303,-0.0015249208,0.59788305,0.8153076,1,1,0,-6.1035156e-05,0.023925781,24.991455,61,77,1,0,255,2,0,1782509457.198914,245
25.00415,24.997082,-0.053399608,0.592084,0.7668457,1,1,0,-0.0021362305,0.02368164,25.00415,61,77,1,0,255,2,0,1782509457.198914,245
25.010742,25.004057,0.22129412,0.53424644,0.7161255,1,1,0,0.008850098,0.021362305,25.010742,26,78,0,0,255,2,0,1782509457.2978776,246
25.001953,24.992186,0.001525402,0.6988161,0.7914429,1,1,0,6.1035156e-05,0.027954102,25.001953,27,78,1,0,255,2,0,1782509457.2978776,246
24.996092,24.986277,-0.050326433,0.6986523,0.72210693,1,1,0,-0.0020141602,0.027954102,24.996094,27,78,1,0,255,2,0,1782509457.2978776,246
25.022217,25.019386,0.21990263,0.30543938,0.89190674,1,1,0,0.0087890625,0.012207031,25.022217,28,78,0,0,255,2,0,1782509457.2978776,246
25.019285,25.014008,0.21069425,0.46877876,0.8168335,1,1,0,0.008422852,0.018737793,25.019287,29,78,1,0,255,2,0,1782509457.2978776,246
25.018066,25.01318,0.15725046,0.4687559,0.73883057,1,1,0,0.006286621,0.018737793,25.018066,29,78,1,0,255,2,0,1782509457.2978776,246
25.018312,25.013699,0.10534395,0.4687605,0.6029053,1,1,0,0.004211426,0.018737793,25.01831,29,78,1,0,255,2,0,1782509457.2978776,246
25.019531,25.015081,0.05343806,0.46878335,0.6224365,1,1,0,0.0021362305,0.018737793,25.019531,29,78,1,0,255,2,0,1782509457.2978776,246
25.01929,25.015184,0.27483606,0.36037278,0.7741394,1,1,0,0.010986328,0.014404297,25.019287,60,78,0,0,255,2,0,1782509457.2978776,246
25.026123,25.02248,0.22145718,0.36505318,0.658844,1,1,0,0.008850098,0.014587402,25.026123,60,78,0,0,255,2,0,1782509457.2978776,246
25.020264,25.016983,0.16949022,0.3680216,0.75424194,1,1,0,0.0067749023,0.014709473,25.020264,60,78,0,0,255,2,0,1782509457.2978776,246
25.03296,25.029915,0.11610639,0.37279153,0.71691895,1,1,0,0.004638672,0.014892578,25.032959,60,78,0,0,255,2,0,1782509457.2978776,246
25.021484,25.018581,0.06413469,0.37567466,1.0200806,1,1,0,0.0025634766,0.015014648,25.021484,60,78,0,0,255,2,0,1782509457.2978776,246
25.019773,25.016882,0.012215275,0.38022974,0.7135315,1,1,0,0.00048828125,0.015197754,25.019775,60,78,0,0,255,2,0,1782509457.2978776,246
25.019775,25.016596,-0.09314083,0.38786426,0.80792236,1,1,0,-0.0037231445,0.01550293,25.019775,60,78,0,0,255,2,0,1782509457.2978776,246
25.015871,25.008242,0.2121722,0.58015007,0.7090759,1,1,0,0.008483887,0.02319336,25.01587,61,78,1,0,255,2,0,1782509457.2978776,246
25.0,24.992666,0.15864699,0.5843584,0.8357849,1,1,0,0.0063476562,0.023376465,25.0,61,78,1,0,255,2,0,1782509457.2978776,246
25.008059,25.000986,0.05493389,0.5921765,0.61260986,1,1,0,0.0021972656,0.02368164,25.008057,61,78,1,0,255,2,0,1782509457.2978776,246
24.992674,24.985544,-0.050324958,0.5948622,0.7661438,1,1,0,-0.0020141602,0.023803711,24.992676,61,78,1,0,255,2,0,1782509457.2978776,246
25.029053,25.023336,-0.04429184,0.53311026,0.650177,1,1,0,-0.0017700195,0.02130127,25.029053,26,79,0,0,255,2,0,1782509457.3988934,247
25.000977,24.991194,-0.05338703,0.6972635,0.80581665,1,1,0,-0.0021362305,0.027893066,25.000977,27,79,1,0,255,2,0,1782509457.3988934,247
25.00757,25.002293,0.21059558,0.4685592,0.7770996,1,1,0,0.008422852,0.018737793,25.007568,29,79,1,0,255,2,0,1782509457.3988934,247
25.001953,24.99706,0.15867488,0.468454,0.8406677,1,1,0,0.0063476562,0.018737793,25.001953,29,79,1,0,255,2,0,1782509457.3988934,247
25.013672,25.009052,0.10685085,0.46867356,0.6885376,1,1,0,0.004272461,0.018737793,25.013672,29,79,1,0,255,2,0,1782509457.3988934,247
25.008787,25.004398,0.0015261474,0.46858206,0.8878174,1,1,0,6.1035156e-05,0.018737793,25.00879,29,79,1,0,255,2,0,1782509457.3988934,247
25.01001,25.006388,0.21673557,0.36634448,1.1118774,1,1,0,0.008666992,0.0146484375,25.01001,60,79,0,0,255,2,0,1782509457.3988934,247
25.01953,25.016483,0.111463346,0.37411845,0.82785034,1,1,0,0.0044555664,0.014953613,25.019531,60,79,0,0,255,2,0,1782509457.3988934,247
25.015623,25.012709,0.059539642,0.37711337,0.8338928,1,1,0,0.002380371,0.015075684,25.015625,60,79,0,0,255,2,0,1782509457.3988934,247
25.02124,25.01824,-0.045809817,0.384833,0.7819519,1,1,0,-0.0018310547,0.015380859,25.02124,60,79,0,0,255,2,0,1782509457.3988934,247
25.005371,24.997335,0.25938106,0.57838076,0.7350769,1,1,0,0.010375977,0.023132324,25.005371,61,79,1,0,255,2,0,1782509457.3988934,247
25.014648,25.007023,0.20758261,0.5816481,0.7480774,1,1,0,0.008300781,0.023254395,25.014648,61,79,1,0,255,2,0,1782509457.3988934,247
25.00879,25.001446,0.15412463,0.58608985,0.855011,1,1,0,0.006164551,0.0234375,25.00879,61,79,1,0,255,2,0,1782509457.3988934,247
25.013674,25.006523,0.10226113,0.5892568,0.72958374,1,1,0,0.0040893555,0.02355957,25.013672,61,79,1,0,255,2,0,1782509457.3988934,247
25.00879,25.001667,-0.0030519613,0.5967718,0.7791443,1,1,0,-0.00012207031,0.023864746,25.00879,61,79,1,0,255,2,0,1782509457.3988934,247
25.003174,24.996067,-0.054923084,0.59358644,0.7114868,1,1,0,-0.0021972656,0.023742676,25.003174,61,79,1,0,255,2,0,1782509457.3988934,247
25.022705,25.016733,0.11451832,0.534502,0.8546753,1,1,0,0.0045776367,0.021362305,25.022705,26,80,0,0,255,2,0,1782509457.4990017,248
24.994873,24.985054,0.051848944,0.6986182,0.7733154,1,1,0,0.0020751953,0.027954102,24.994873,27,80,1,0,255,2,0,1782509457.4990017,248
25.027098,25.023773,0.27034792,0.305499,0.7663269,1,1,0,0.010803223,0.012207031,25.0271,28,80,0,0,255,2,0,1782509457.4990017,248
25.032227,25.029408,0.2184629,0.30556157,0.7793274,1,1,0,0.008728027,0.012207031,25.032227,28,80,0,0,255,2,0,1782509457.4990017,248
25.031738,25.029617,0.11304958,0.3055556,0.667511,1,1,0,0.0045166016,0.012207031,25.031738,28,80,0,0,255,2,0,1782509457.4990017,248
24.99878,24.99439,-0.0015255365,0.46839452,0.6602173,1,1,0,-6.1035156e-05,0.018737793,24.99878,29,80,1,0,255,2,0,1782509457.4990017,248
25.012695,25.008564,0.27323675,0.3633308,0.8321533,1,1,0,0.010925293,0.014526367,25.012695,60,80,0,0,255,2,0,1782509457.4990017,248
25.015625,25.011974,0.21983749,0.36642674,0.68930054,1,1,0,0.0087890625,0.0146484375,25.015625,60,80,0,0,255,2,0,1782509457.4990017,248
25.012697,25.009382,0.16791219,0.37096328,0.80358887,1,1,0,0.006713867,0.014831543,25.012695,60,80,0,0,255,2,0,1782509457.4990017,248
25.012695,25.009752,0.06258557,0.37859568,1.1083984,1,1,0,0.0025024414,0.015136719,25.012695,60,80,0,0,255,2,0,1782509457.4990017,248
25.02051,25.017488,-0.04275454,0.3863487,1.1101379,1,1,0,-0.0017089844,0.0154418945,25.020508,60,80,0,0,255,2,0,1782509457.4990017,248
25.019287,25.016077,-0.09466578,0.38938358,0.6260681,1,1,0,-0.0037841797,0.015563965,25.019287,60,80,0,0,255,2,0,1782509457.4990017,248
25.01587,25.008183,0.21064518,0.5832029,0.726532,1,1,0,0.008422852,0.02331543,25.01587,61,80,1,0,255,2,0,1782509457.4990017,248
25.011475,25.004276,0.10530427,0.59073126,0.8324585,1,1,0,0.004211426,0.023620605,25.011475,61,80,1,0,255,2,0,1782509457.4990017,248
25.01587,25.008709,-0.0,0.5984671,0.80862427,1,1,0,-0.0,0.023925781,25.01587,61,80,1,0,255,2,0,1782509457.4990017,248
25.01831,25.01111,0.2732646,0.53440815,0.8356323,1,1,0,0.010925293,0.021362305,25.01831,26,81,0,0,255,2,0,1782509457.5980299,249
25.006836,25.001127,-0.042726576,0.53263706,0.95773315,1,1,0,-0.0017089844,0.02130127,25.006836,26,81,0,0,255,2,0,1782509457.5980299,249
25.010988,25.000328,0.21057904,0.69906855,0.85092163,1,1,0,0.008422852,0.027954102,25.010986,27,81,1,0,255,2,0,1782509457.5980299,249
24.998777,24.988518,0.15709542,0.69872737,0.6469116,1,1,0,0.006286621,0.027954102,24.99878,27,81,1,0,255,2,0,1782509457.5980299,249
25.032227,25.029818,0.16499385,0.30556157,0.72732544,1,1,0,0.006591797,0.012207031,25.032227,28,81,0,0,255,2,0,1782509457.5980299,249
25.018309,25.016392,0.05954841,0.30386484,0.9152832,1,1,0,0.002380371,0.012145996,25.01831,28,81,0,0,255,2,0,1782509457.5980299,249
25.020264,25.01838,-0.044283062,0.30388856,0.81918335,1,1,0,-0.0017700195,0.012145996,25.020264,28,81,0,0,255,2,0,1782509457.5980299,249
25.009031,25.003296,0.25944293,0.46858665,0.67111206,1,1,0,0.010375977,0.018737793,25.009033,29,81,1,0,255,2,0,1782509457.5980299,249
25.020264,25.01617,0.27179283,0.3619138,0.710083,1,1,0,0.010864258,0.014465332,25.020264,60,81,0,0,255,2,0,1782509457.5980299,249
25.021729,25.018091,0.21836413,0.36651614,0.7057495,1,1,0,0.008728027,0.0146484375,25.021729,60,81,0,0,255,2,0,1782509457.5980299,249
25.031006,25.02809,0.009165561,0.38192803,0.64151,1,1,0,0.00036621094,0.015258789,25.031006,60,81,0,0,255,2,0,1782509457.5980299,249
25.00879,25.000736,0.26094246,0.5784598,0.81811523,1,1,0,0.010437012,0.023132324,25.00879,61,81,1,0,255,2,0,1782509457.5980299,249
25.009033,25.00193,0.051883966,0.59372556,0.6116028,1,1,0,0.0020751953,0.023742676,25.009033,61,81,1,0,255,2,0,1782509457.5980299,249
24.999998,24.99288,-0.0015254443,0.596562,0.88494873,1,1,0,-6.1035156e-05,0.023864746,25.0,61,81,1,0,255,2,0,1782509457.5980299,249
25.001955,24.994886,-0.05339492,0.59203196,0.803772,1,1,0,-0.0021362305,0.02368164,25.001953,61,81,1,0,255,2,0,1782509457.5980299,249
25.012695,25.007019,0.009157845,0.5327619,0.74472046,1,1,0,0.00036621094,0.02130127,25.012695,26,82,0,0,255,2,0,1782509457.6982787,250
25.020508,25.014795,-0.042749938,0.5329283,0.7559509,1,1,0,-0.0017089844,0.02130127,25.020508,26,82,0,0,255,2,0,1782509457.6982787,250
25.019775,25.015654,0.27026019,0.3649606,0.81658936,1,1,0,0.010803223,0.014587402,25.019775,60,82,0,0,255,2,0,1782509457.6982787,250
25.020998,25.01768,0.16491385,0.37261337,1.0036316,1,1,0,0.006591797,0.014892578,25.020996,60,82,0,0,255,2,0,1782509457.6982787,250
25.020506,25.017431,0.11299454,0.37566,0.87286377,1,1,0,0.0045166016,0.015014648,25.020508,60,82,0,0,255,2,0,1782509457.6982787,250
25.021238,25.018301,0.00763498,0.38330603,0.7559509,1,1,0,0.00030517578,0.015319824,25.02124,60,82,0,0,255,2,0,1782509457.6982787,250
25.019533,25.016487,-0.044279713,0.38786048,0.9741821,1,1,0,-0.0017700195,0.01550293,25.019531,60,82,0,0,255,2,0,1782509457.6982787,250
25.005371,24.997301,0.2593807,0.5799066,0.6469116,1,1,0,0.010375977,0.02319336,25.005371,61,82,1,0,255,2,0,1782509457.6982787,250
25.014648,25.006952,0.20758203,0.5847008,0.72958374,1,1,0,0.008300781,0.023376465,25.014648,61,82,1,0,255,2,0,1782509457.6982787,250
25.018066,25.010843,0.1022788,0.5924135,0.71728516,1,1,0,0.0040893555,0.02368164,25.018066,61,82,1,0,255,2,0,1782509457.6982787,250
25.000978,24.993908,-0.054918338,0.5920088,0.69610596,1,1,0,-0.0021972656,0.02368164,25.000977,61,82,1,0,255,2,0,1782509457.6982787,250
25.028076,25.020922,0.26878977,0.5346167,0.68310547,1,1,0,0.0107421875,0.021362305,25.028076,26,83,0,0,255,2,0,1782509457.7984984,251
25.019531,25.012884,0.21679188,0.5344342,0.82263184,1,1,0,0.008666992,0.021362305,25.019531,26,83,0,0,255,2,0,1782509457.7984984,251
25.019775,25.013533,0.16335975,0.53443944,0.6944885,1,1,0,0.0065307617,0.021362305,25.019775,26,83,0,0,255,2,0,1782509457.7984984,251
25.020508,25.014732,0.05801767,0.53445506,0.9888916,1,1,0,0.002319336,0.021362305,25.020508,26,83,0,0,255,2,0,1782509457.7984984,251
25.019777,25.014067,0.00610695,0.53443944,0.82263184,1,1,0,0.00024414062,0.021362305,25.019775,26,83,0,0,255,2,0,1782509457.7984984,251
25.021484,25.015734,-0.045805227,0.5344759,0.67974854,1,1,0,-0.0018310547,0.021362305,25.021484,26,83,0,0,255,2,0,1782509457.7984984,251
24.997557,24.986942,0.20589073,0.6986933,0.62435913,1,1,0,0.008239746,0.027954102,24.997559,27,83,1,0,255,2,0,1782509457.7984984,251
24.997557,24.987316,0.15403754,0.6986933,0.59973145,1,1,0,0.006164551,0.027954102,24.997559,27,83,1,0,255,2,0,1782509457.7984984,251
25.014648,25.004673,0.10072738,0.69917095,0.8270874,1,1,0,0.0040283203,0.027954102,25.014648,27,83,1,0,255,2,0,1782509457.7984984,251
25.008055,24.99822,-0.0564536,0.6989867,0.66085815,1,1,0,-0.0022583008,0.027954102,25.008057,27,83,1,0,255,2,0,1782509457.7984984,251
25.026125,25.024008,0.11607899,0.3039597,0.6449585,1,1,0,0.004638672,0.012145996,25.026123,28,83,0,0,255,2,0,1782509457.7984984,251
25.019775,25.017847,0.0641328,0.30388263,0.82092285,1,1,0,0.0025634766,0.012145996,25.019775,28,83,0,0,255,2,0,1782509457.7984984,251
25.026123,25.024103,-0.09316878,0.3039597,0.8027344,1,1,0,-0.0037231445,0.012145996,25.026123,28,83,0,0,255,2,0,1782509457.7984984,251
25.010984,25.005695,0.21215059,0.46862325,0.8755188,1,1,0,0.008483887,0.018737793,25.010986,29,83,1,0,255,2,0,1782509457.7984984,251
25.005371,25.000753,0.1068154,0.46851802,0.7883911,1,1,0,0.004272461,0.018737793,25.005371,29,83,1,0,255,2,0,1782509457.7984984,251
24.990477,24.98604,-0.050325956,0.468239,0.7753601,1,1,0,-0.0020141602,0.018737793,24.990479,29,83,1,0,255,2,0,1782509457.7984984,251
25.021973,25.017874,0.27028415,0.36346558,0.701416,1,1,0,0.010803223,0.014526367,25.021973,60,83,0,0,255,2,0,1782509457.7984984,251
25.017336,25.013712,0.21679905,0.36645177,0.8477478,1,1,0,0.008666992,0.0146484375,25.017334,60,83,0,0,255,2,0,1782509457.7984984,251
25.016602,25.013308,0.16488503,0.37102118,0.7741394,1,1,0,0.006591797,0.014831543,25.016602,60,83,0,0,255,2,0,1782509457.7984984,251
25.022705,25.019684,-0.044285372,0.3863826,0.81311035,1,1,0,-0.0017700195,0.0154418945,25.022705,60,83,0,0,255,2,0,1782509457.7984984,251
25.02295,25.014908,0.25956342,0.5787873,0.6501465,1,1,0,0.010375977,0.023132324,25.02295,61,83,1,0,255,2,0,1782509457.7984984,251
25.011475,25.003815,0.20755598,0.58310044,0.8324585,1,1,0,0.008300781,0.02331543,25.011475,61,83,1,0,255,2,0,1782509457.7984984,251
25.006594,24.999409,0.10223204,0.5906159,0.7350769,1,1,0,0.0040893555,0.023620605,25.006592,61,83,1,0,255,2,0,1782509457.7984984,251
25.010984,25.003885,0.050361898,0.59377193,0.8734741,1,1,0,0.0020141602,0.023742676,25.010986,61,83,1,0,255,2,0,1782509457.7984984,251
24.993896,24.986742,-0.0015250697,0.5979414,0.8234863,1,1,0,-6.1035156e-05,0.023925781,24.993896,61,83,1,0,255,2,0,1782509457.7984984,251
25.014648,25.007465,0.27169827,0.5343299,0.6996765,1,1,0,0.010864258,0.021362305,25.014648,26,84,0,0,255,2,0,1782509457.8988745,252
25.021484,25.010347,0.26104277,0.699362,0.8168335,1,1,0,0.010437012,0.027954102,25.021484,27,84,1,0,255,2,0,1782509457.8988745,252
25.026123,25.024021,0.1130243,0.3039597,0.71951294,1,1,0,0.0045166016,0.012145996,25.026123,28,84,0,0,255,2,0,1782509457.8988745,252
25.020752,25.018867,-0.044283926,0.3038945,1.053833,1,1,0,-0.0017700195,0.012145996,25.020752,28,84,0,0,255,2,0,1782509457.8988745,252
25.020506,25.016369,0.27179497,0.36497128,0.7706909,1,1,0,0.010864258,0.014587402,25.020508,60,84,0,0,255,2,0,1782509457.8988745,252
25.032715,25.02904,0.21998747,0.36820474,0.673584,1,1,0,0.0087890625,0.014709473,25.032715,60,84,0,0,255,2,0,1782509457.8988745,252
25.015627,25.012299,0.16640508,0.37253338,0.81658936,1,1,0,0.006652832,0.014892578,25.015625,60,84,0,0,255,2,0,1782509457.8988745,252
25.02124,25.018272,0.06260689,0.380252,0.81137085,1,1,0,0.0025024414,0.015197754,25.02124,60,84,0,0,255,2,0,1782509457.8988745,252
25.01831,25.015373,0.009160904,0.38326114,0.74298096,1,1,0,0.00036621094,0.015319824,25.01831,60,84,0,0,255,2,0,1782509457.8988745,252
25.016602,25.01356,-0.042747825,0.3878151,0.9871826,1,1,0,-0.0017089844,0.01550293,25.016602,60,84,0,0,255,2,0,1782509457.8988745,252
25.016848,25.008741,0.2625526,0.5801727,0.7809143,1,1,0,0.010498047,0.02319336,25.016846,61,84,1,0,255,2,0,1782509457.8988745,252
25.007566,24.99986,0.20904912,0.5845353,0.81607056,1,1,0,0.008361816,0.023376465,25.007568,61,84,1,0,255,2,0,1782509457.8988745,252
25.012451,25.005217,0.105308235,0.5922805,0.7234497,1,1,0,0.004211426,0.02368164,25.012451,61,84,1,0,255,2,0,1782509457.8988745,252
25.017334,25.010193,0.05190111,0.59544915,0.6378479,1,1,0,0.0020751953,0.023803711,25.017334,61,84,1,0,255,2,0,1782509457.8988745,252
25.026121,25.019459,0.21837607,0.53457505,0.68136597,1,1,0,0.008728027,0.021362305,25.026123,26,85,0,0,255,2,0,1782509457.9983685,253
25.004148,24.99302,0.26086193,0.6988775,0.6704712,1,1,0,0.010437012,0.027954102,25.00415,27,85,1,0,255,2,0,1782509457.9983685,253
24.98828,24.978518,-0.0015245677,0.69843394,0.6923828,1,1,0,-6.1035156e-05,0.027954102,24.988281,27,85,1,0,255,2,0,1782509457.9983685,253
25.018312,25.012558,0.26106584,0.4687605,0.6511841,1,1,0,0.010437012,0.018737793,25.01831,29,85,1,0,255,2,0,1782509457.9983685,253
25.03125,25.02762,0.219975,0.36512798,0.69784546,1,1,0,0.0087890625,0.014587402,25.03125,60,85,0,0,255,2,0,1782509457.9983685,253
25.02124,25.018204,0.11452506,0.372617,0.8321533,1,1,0,0.0045776367,0.014892578,25.02124,60,85,0,0,255,2,0,1782509457.9983685,253
25.02124,25.018341,0.062607065,0.375671,0.7187195,1,1,0,0.0025024414,0.015014648,25.02124,60,85,0,0,255,2,0,1782509457.9983685,253
25.01074,25.00785,0.009158149,0.38009247,0.68063354,1,1,0,0.00036621094,0.015197754,25.010742,60,85,0,0,255,2,0,1782509457.9983685,253
25.017336,25.01434,-0.042749155,0.38477293,0.73950195,1,1,0,-0.0017089844,0.015380859,25.017334,60,85,0,0,255,2,0,1782509457.9983685,253
25.009766,25.00658,-0.09462985,0.3877091,0.75424194,1,1,0,-0.0037841797,0.01550293,25.009766,60,85,0,0,255,2,0,1782509457.9983685,253
24.991455,24.984133,0.15706785,0.58415866,0.77023315,1,1,0,0.006286621,0.023376465,24.991455,61,85,1,0,255,2,0,1782509457.9983685,253
25.01123,25.004145,-0.0,0.5953039,0.81066895,1,1,0,-0.0,0.023803711,25.01123,61,85,1,0,255,2,0,1782509457.9983685,253
24.998781,24.99168,-0.051862694,0.59348214,0.68688965,1,1,0,-0.0020751953,0.023742676,24.99878,61,85,1,0,255,2,0,1782509457.9983685,253
25.010498,25.003826,0.21976586,0.53424126,1.07724,1,1,0,0.0087890625,0.021362305,25.010498,26,86,0,0,255,2,0,1782509458.0981538,254
25.010742,25.005032,-0.04273325,0.53272027,0.72998047,1,1,0,-0.0017089844,0.02130127,25.010742,26,86,0,0,255,2,0,1782509458.0981538,254
24.994873,24.985096,-0.05184903,0.69709325,0.7784424,1,1,0,-0.0020751953,0.027893066,24.994873,27,86,1,0,255,2,0,1782509458.0981538,254
25.02246,25.019617,0.22143184,0.30544236,0.8460083,1,1,0,0.008850098,0.012207031,25.02246,28,86,0,0,255,2,0,1782509458.0981538,254
25.011719,25.009604,0.11601217,0.30378476,0.7949219,1,1,0,0.004638672,0.012145996,25.011719,28,86,0,0,255,2,0,1782509458.0981538,254
25.012693,25.010767,0.06411465,0.30379662,0.8417053,1,1,0,0.0025634766,0.012145996,25.012695,28,86,0,0,255,2,0,1782509458.0981538,254
25.01074,25.008862,-0.041213375,0.3037729,0.9092407,1,1,0,-0.0016479492,0.012145996,25.010742,28,86,0,0,255,2,0,1782509458.0981538,254
25.009766,25.004488,0.21061407,0.46860036,0.93704224,1,1,0,0.008422852,0.018737793,25.009766,29,86,1,0,255,2,0,1782509458.0981538,254
25.014648,25.010206,-0.05037463,0.46869186,0.66186523,1,1,0,-0.0020141602,0.018737793,25.014648,29,86,1,0,255,2,0,1782509458.0981538,254
25.025146,25.021063,0.2687913,0.36351168,0.6545105,1,1,0,0.0107421875,0.014526367,25.025146,60,86,0,0,255,2,0,1782509458.0981538,254
25.016603,25.012993,0.21526605,0.36644104,0.8338928,1,1,0,0.008605957,0.0146484375,25.016602,60,86,0,0,255,2,0,1782509458.0981538,254
25.01953,25.016245,0.16337746,0.37106463,0.67111206,1,1,0,0.0065307617,0.014831543,25.019531,60,86,0,0,255,2,0,1782509458.0981538,254
25.021238,25.0182,0.10994398,0.37414402,0.80184937,1,1,0,0.0043945312,0.014953613,25.02124,60,86,0,0,255,2,0,1782509458.0981538,254
25.017332,25.0144,0.0580169,0.3786659,0.720459,1,1,0,0.002319336,0.015136719,25.017334,60,86,0,0,255,2,0,1782509458.0981538,254
25.01831,25.015398,0.006107275,0.3817343,0.7221985,1,1,0,0.00024414062,0.015258789,25.01831,60,86,0,0,255,2,0,1782509458.0981538,254
25.019775,25.016748,-0.04733399,0.38633737,0.81311035,1,1,0,-0.0018920898,0.0154418945,25.019775,60,86,0,0,255,2,0,1782509458.0981538,254
25.01245,25.004427,0.25792837,0.5785445,0.732666,1,1,0,0.010314941,0.023132324,25.012451,61,86,1,0,255,2,0,1782509458.0981538,254
25.003174,24.99553,0.20596148,0.5829069,0.6838074,1,1,0,0.008239746,0.02331543,25.003174,61,86,1,0,255,2,0,1782509458.0981538,254
25.012451,25.005106,0.1541472,0.5861757,0.732666,1,1,0,0.006164551,0.0234375,25.012451,61,86,1,0,255,2,0,1782509458.0981538,254
25.005371,24.998194,0.10070128,0.5905871,0.73916626,1,1,0,0.0040283203,0.023620605,25.005371,61,86,1,0,255,2,0,1782509458.0981538,254
24.999756,24.992662,0.048813853,0.5935053,0.7976074,1,1,0,0.001953125,0.023742676,24.999756,61,86,1,0,255,2,0,1782509458.0981538,254
25.005371,24.998215,-0.00457731,0.59821594,0.9103699,1,1,0,-0.00018310547,0.023925781,25.005371,61,86,1,0,255,2,0,1782509458.0981538,254
25.019285,25.012135,-0.056485023,0.59549564,0.79833984,1,1,0,-0.0022583008,0.023803711,25.019287,61,86,1,0,255,2,0,1782509458.0981538,254
25.019531,25.012314,0.27480453,0.5344342,0.7576904,1,1,0,0.010986328,0.021362305,25.019531,26,87,0,0,255,2,0,1782509458.1988204,255
25.020508,25.014225,0.16947153,0.53445506,0.712677,1,1,0,0.0067749023,0.021362305,25.020508,26,87,0,0,255,2,0,1782509458.1988204,255
25.021238,25.015528,0.012214614,0.53447074,0.7689514,1,1,0,0.00048828125,0.021362305,25.02124,26,87,0,0,255,2,0,1782509458.1988204,255
25.020264,25.014381,-0.093132585,0.5344499,0.6494446,1,1,0,-0.0037231445,0.021362305,25.020264,26,87,0,0,255,2,0,1782509458.1988204,255
25.010984,25.0007,0.16022398,0.69906855,0.98828125,1,1,0,0.0064086914,0.027954102,25.010986,27,87,1,0,255,2,0,1782509458.1988204,255
25.01587,25.005867,0.10683724,0.69920504,0.6546936,1,1,0,0.004272461,0.027954102,25.01587,27,87,1,0,255,2,0,1782509458.1988204,255
25.014648,25.004816,0.054942306,0.69917095,0.73986816,1,1,0,0.0021972656,0.027954102,25.014648,27,87,1,0,255,2,0,1782509458.1988204,255
24.993893,24.984121,-0.05032209,0.697066,0.83374023,1,1,0,-0.0020141602,0.027893066,24.993896,27,87,1,0,255,2,0,1782509458.1988204,255
25.021729,25.018456,0.26723608,0.30390635,1.1863403,1,1,0,0.010681152,0.012145996,25.021729,28,87,0,0,255,2,0,1782509458.1988204,255
25.02124,25.018467,0.21531317,0.30390042,0.75424194,1,1,0,0.008605957,0.012145996,25.02124,28,87,0,0,255,2,0,1782509458.1988204,255
25.01074,25.008654,0.109902024,0.3037729,0.7706909,1,1,0,0.0043945312,0.012145996,25.010742,28,87,0,0,255,2,0,1782509458.1988204,255
25.020264,25.018373,-0.047337063,0.30388856,0.8001404,1,1,0,-0.0018920898,0.012145996,25.020264,28,87,0,0,255,2,0,1782509458.1988204,255
25.003172,24.997454,0.25785643,0.46847686,0.82632446,1,1,0,0.010314941,0.018737793,25.003174,29,87,1,0,255,2,0,1782509458.1988204,255
24.994873,24.99002,0.15252888,0.46832132,0.8234863,1,1,0,0.0061035156,0.018737793,24.994873,29,87,1,0,255,2,0,1782509458.1988204,255
24.99634,24.991749,0.100675315,0.46834877,0.74942017,1,1,0,0.0040283203,0.018737793,24.996338,29,87,1,0,255,2,0,1782509458.1988204,255
25.005371,25.00101,-0.004577822,0.4669921,0.7791443,1,1,0,-0.00018310547,0.018676758,25.005371,29,87,1,0,255,2,0,1782509458.1988204,255
24.99829,24.993837,-0.056443702,0.46838537,0.9474182,1,1,0,-0.0022583008,0.018737793,24.998291,29,87,1,0,255,2,0,1782509458.1988204,255
25.022707,25.018589,0.2718191,0.36347622,0.7559509,1,1,0,0.010864258,0.014526367,25.022705,60,87,0,0,255,2,0,1782509458.1988204,255
25.017334,25.01366,0.2198523,0.3679785,0.81311035,1,1,0,0.0087890625,0.014709473,25.017334,60,87,0,0,255,2,0,1782509458.1988204,255
25.023436,25.020353,0.1145349,0.375704,1.1465149,1,1,0,0.0045776367,0.015014648,25.023438,60,87,0,0,255,2,0,1782509458.1988204,255
25.013672,25.005999,0.20910044,0.5831517,0.6864929,1,1,0,0.008361816,0.02331543,25.013672,61,87,1,0,255,2,0,1782509458.1988204,255
25.008787,25.001596,0.103766985,0.59066784,0.92474365,1,1,0,0.0041503906,0.023620605,25.00879,61,87,1,0,255,2,0,1782509458.1988204,255
25.0271,25.019913,0.27183348,0.5345959,0.614624,1,1,0,0.010864258,0.021362305,25.0271,26,88,0,0,255,2,0,1782509458.298566,256
25.021729,25.015945,0.06107421,0.53448117,0.74472046,1,1,0,0.0024414062,0.021362305,25.021729,26,88,0,0,255,2,0,1782509458.298566,256
25.02246,25.01675,0.009161408,0.5344968,1.0919495,1,1,0,0.00036621094,0.021362305,25.02246,26,88,0,0,255,2,0,1782509458.298566,256
25.011719,25.005974,-0.044261105,0.5342673,0.700531,1,1,0,-0.0017700195,0.021362305,25.011719,26,88,0,0,255,2,0,1782509458.298566,256
24.99048,24.980501,0.10367942,0.6984954,0.81326294,1,1,0,0.0041503906,0.027954102,24.990479,27,88,1,0,255,2,0,1782509458.298566,256
25.021729,25.018406,0.27181712,0.30390635,0.67630005,1,1,0,0.010864258,0.012145996,25.021729,28,88,0,0,255,2,0,1782509458.298566,256
25.020264,25.017864,0.16644211,0.30388856,0.7161255,1,1,0,0.006652832,0.012145996,25.020264,28,88,0,0,255,2,0,1782509458.298566,256
25.03125,25.029325,0.06263455,0.30402198,0.7325134,1,1,0,0.0025024414,0.012145996,25.03125,28,88,0,0,255,2,0,1782509458.298566,256
25.031738,25.029713,-0.09471738,0.30402792,0.95706177,1,1,0,-0.0037841797,0.012145996,25.031738,28,88,0,0,255,2,0,1782509458.298566,256
25.005861,25.000977,0.15717374,0.46852717,0.6659851,1,1,0,0.006286621,0.018737793,25.00586,29,88,1,0,255,2,0,1782509458.298566,256
25.009766,25.00535,0.051891062,0.4670742,0.7976074,1,1,0,0.0020751953,0.018676758,25.009766,29,88,1,0,255,2,0,1782509458.298566,256
24.990479,24.986034,-0.053376008,0.468239,0.67907715,1,1,0,-0.0021362305,0.018737793,24.990479,29,88,1,0,255,2,0,1782509458.298566,256
25.016603,25.012482,0.2702259,0.3649143,0.89450073,1,1,0,0.010803223,0.014587402,25.016602,60,88,0,0,255,2,0,1782509458.298566,256
25.027098,25.023438,0.21841079,0.36812216,0.7637329,1,1,0,0.008728027,0.014709473,25.0271,60,88,0,0,255,2,0,1782509458.298566,256
25.022463,25.019144,0.1649235,0.3726352,1.065979,1,1,0,0.006591797,0.014892578,25.02246,60,88,0,0,255,2,0,1782509458.298566,256
25.012695,25.00962,0.11295926,0.3755427,1.0183411,1,1,0,0.0045166016,0.015014648,25.012695,60,88,0,0,255,2,0,1782509458.298566,256
25.02173,25.018684,-0.044283602,0.38789454,1.0884705,1,1,0,-0.0017700195,0.01550293,25.021729,60,88,0,0,255,2,0,1782509458.298566,256
25.013672,25.005976,0.20757392,0.584678,0.6649475,1,1,0,0.008300781,0.023376465,25.013672,61,88,1,0,255,2,0,1782509458.298566,256
25.013182,25.005793,0.15567772,0.5877191,0.90423584,1,1,0,0.006225586,0.023498535,25.013184,61,88,1,0,255,2,0,1782509458.298566,256
25.006594,24.999367,0.103757724,0.5921418,0.6838074,1,1,0,0.0041503906,0.02368164,25.006592,61,88,1,0,255,2,0,1782509458.298566,256
25.014648,25.007511,0.050369203,0.5953852,0.7213745,1,1,0,0.0020141602,0.023803711,25.014648,61,88,1,0,255,2,0,1782509458.298566,256
25.006592,24.999397,-0.0015258421,0.599771,0.76171875,1,1,0,-6.1035156e-05,0.023986816,25.006592,61,88,1,0,255,2,0,1782509458.298566,256
25.014648,25.007538,-0.054948285,0.5938589,0.7542114,1,1,0,-0.0021972656,0.023742676,25.014648,61,88,1,0,255,2,0,1782509458.298566,256
25.02246,25.015259,0.27330992,0.5344968,0.726532,1,1,0,0.010925293,0.021362305,25.02246,26,89,0,0,255,2,0,1782509458.3987381,257
25.021973,25.01626,0.010688101,0.53448635,0.88153076,1,1,0,0.0004272461,0.021362305,25.021973,26,89,0,0,255,2,0,1782509458.3987381,257
25.000975,24.990705,0.15863453,0.6987888,0.67559814,1,1,0,0.0063476562,0.027954102,25.000977,27,89,1,0,255,2,0,1782509458.3987381,257
25.01074,25.008854,-0.045792628,0.3037729,0.65896606,1,1,0,-0.0018310547,0.012145996,25.010742,28,89,0,0,255,2,0,1782509458.3987381,257
24.997557,24.992695,0.15407069,0.46837166,0.6838074,1,1,0,0.006164551,0.018737793,24.997559,29,89,1,0,255,2,0,1782509458.3987381,257
25.008787,25.004347,0.05036283,0.46858206,0.82424927,1,1,0,0.0020141602,0.018737793,25.00879,29,89,1,0,255,2,0,1782509458.3987381,257
25.00757,25.00318,-0.003052146,0.4685592,0.86938477,1,1,0,-0.00012207031,0.018737793,25.007568,29,89,1,0,255,2,0,1782509458.3987381,257
25.021484,25.017351,0.27333277,0.36345848,0.88845825,1,1,0,0.010925293,0.014526367,25.021484,60,89,0,0,255,2,0,1782509458.3987381,257
25.020264,25.01659,0.21987805,0.3680216,0.723938,1,1,0,0.0087890625,0.014709473,25.020264,60,89,0,0,255,2,0,1782509458.3987381,257
25.016602,25.01352,0.114503615,0.37560135,1.0755005,1,1,0,0.0045776367,0.015014648,25.016602,60,89,0,0,255,2,0,1782509458.3987381,257
25.012695,25.009756,0.010685322,0.3831751,0.73172,1,1,0,0.0004272461,0.015319824,25.012695,60,89,0,0,255,2,0,1782509458.3987381,257
25.00586,24.998177,0.2105609,0.58296955,0.6998291,1,1,0,0.008422852,0.02331543,25.00586,61,89,1,0,255,2,0,1782509458.3987381,257
25.009766,25.002367,0.15718247,0.5876388,0.88168335,1,1,0,0.006286621,0.023498535,25.009766,61,89,1,0,255,2,0,1782509458.3987381,257
25.010986,25.003788,0.105302215,0.5907197,0.76275635,1,1,0,0.004211426,0.023620605,25.010986,61,89,1,0,255,2,0,1782509458.3987381,257
25.005371,24.99823,0.053402063,0.5951644,0.74942017,1,1,0,0.0021362305,0.023803711,25.005371,61,89,1,0,255,2,0,1782509458.3987381,257
25.00415,24.997086,-0.05187391,0.592084,0.71969604,1,1,0,-0.0020751953,0.02368164,25.00415,61,89,1,0,255,2,0,1782509458.3987381,257
25.02417,25.017,0.27027473,0.5345333,0.45944214,1,1,0,0.010803223,0.021362305,25.02417,26,90,0,0,255,2,0,1782509458.4989583,258
25.020996,25.014744,0.16489449,0.5344655,0.82437134,1,1,0,0.006591797,0.021362305,25.020996,26,90,0,0,255,2,0,1782509458.4989583,258
25.01831,25.012596,-0.04427283,0.53288144,0.73172,1,1,0,-0.0017700195,0.02130127,25.01831,26,90,0,0,255,2,0,1782509458.4989583,258
25.020752,25.009615,0.2610351,0.69934154,0.64193726,1,1,0,0.010437012,0.027954102,25.020752,27,90,1,0,255,2,0,1782509458.4989583,258
25.018064,25.007807,0.15569027,0.6992665,0.760376,1,1,0,0.006225586,0.027954102,25.018066,27,90,1,0,255,2,0,1782509458.4989583,258
25.009766,24.999977,-0.054931674,0.6975086,0.9831543,1,1,0,-0.0021972656,0.027893066,25.009766,27,90,1,0,255,2,0,1782509458.4989583,258
25.021729,25.019804,0.06261072,0.30390635,0.7672119,1,1,0,0.0025024414,0.012145996,25.021729,28,90,0,0,255,2,0,1782509458.4989583,258
25.00879,25.004341,0.053415116,0.46858206,0.76275635,1,1,0,0.0021362305,0.018737793,25.00879,29,90,1,0,255,2,0,1782509458.4989583,258
25.01831,25.014212,0.2702446,0.36341238,0.7802124,1,1,0,0.010803223,0.014526367,25.01831,60,90,0,0,255,2,0,1782509458.4989583,258
25.020264,25.016603,0.21835116,0.3680216,0.7854004,1,1,0,0.008728027,0.014709473,25.020264,60,90,0,0,255,2,0,1782509458.4989583,258
25.005371,24.997284,0.26090643,0.5799066,0.67663574,1,1,0,0.010437012,0.02319336,25.005371,61,90,1,0,255,2,0,1782509458.4989583,258
25.012451,25.004791,0.20756409,0.5831232,0.68444824,1,1,0,0.008300781,0.02331543,25.012451,61,90,1,0,255,2,0,1782509458.4989583,258
25.008057,25.000668,0.15564582,0.5875986,0.66085815,1,1,0,0.006225586,0.023498535,25.008057,61,90,1,0,255,2,0,1782509458.4989583,258
24.994873,24.987686,0.10370924,0.5903391,0.8542175,1,1,0,0.0041503906,0.023620605,24.994873,61,90,1,0,255,2,0,1782509458.4989583,258
25.000978,24.993843,0.050341673,0.5950598,0.76171875,1,1,0,0.0020141602,0.023803711,25.000977,61,90,1,0,255,2,0,1782509458.4989583,258
25.012695,25.005512,0.27167705,0.53428817,0.81311035,1,1,0,0.010864258,0.021362305,25.012695,26,91,0,0,255,2,0,1782509458.5986474,259
25.027098,25.020435,0.2183846,0.5345959,0.623291,1,1,0,0.008728027,0.021362305,25.0271,26,91,0,0,255,2,0,1782509458.5986474,259
25.016602,25.010925,0.009159275,0.5328451,0.74816895,1,1,0,0.00036621094,0.02130127,25.016602,26,91,0,0,255,2,0,1782509458.5986474,259
25.020508,25.014793,-0.044276718,0.5329283,0.8295593,1,1,0,-0.0017700195,0.02130127,25.020508,26,91,0,0,255,2,0,1782509458.5986474,259
24.998291,24.98847,0.051856034,0.6987137,0.7661438,1,1,0,0.0020751953,0.027954102,24.998291,27,91,1,0,255,2,0,1782509458.5986474,259
25.001951,24.992226,-0.0,0.6972907,0.76275635,1,1,0,-0.0,0.027893066,25.001953,27,91,1,0,255,2,0,1782509458.5986474,259
25.000486,24.990705,-0.053385988,0.6972498,0.97302246,1,1,0,-0.0021362305,0.027893066,25.000488,27,91,1,0,255,2,0,1782509458.5986474,259
25.01074,25.00742,0.27169776,0.3037729,1.0244141,1,1,0,0.010864258,0.012145996,25.010742,28,91,0,0,255,2,0,1782509458.5986474,259
25.009033,25.004585,0.053415637,0.46858665,0.68548584,1,1,0,0.0021362305,0.018737793,25.009033,29,91,1,0,255,2,0,1782509458.5986474,259
25.00879,25.004427,-0.0,0.46705595,0.82424927,1,1,0,-0.0,0.018676758,25.00879,29,91,1,0,255,2,0,1782509458.5986474,259
25.01831,25.014217,0.2717716,0.36188555,0.7576904,1,1,0,0.010864258,0.014465332,25.01831,60,91,0,0,255,2,0,1782509458.5986474,259
25.02124,25.01761,0.21988702,0.36498198,0.88412476,1,1,0,0.0087890625,0.014587402,25.02124,60,91,0,0,255,2,0,1782509458.5986474,259
25.01831,25.015274,0.11451165,0.37257338,0.8564148,1,1,0,0.0045776367,0.014892578,25.01831,60,91,0,0,255,2,0,1782509458.5986474,259
24.995361,24.987331,0.26232782,0.57662404,0.66638184,1,1,0,0.010498047,0.023071289,24.995361,61,91,1,0,255,2,0,1782509458.5986474,259
25.004152,24.99699,0.10527359,0.58903253,0.7473755,1,1,0,0.004211426,0.02355957,25.00415,61,91,1,0,255,2,0,1782509458.5986474,259
24.998291,24.991228,0.051861756,0.59194523,0.796875,1,1,0,0.0020751953,0.02368164,24.998291,61,91,1,0,255,2,0,1782509458.5986474,259
24.999998,24.99288,-0.0,0.596562,0.8378296,1,1,0,-0.0,0.023864746,25.0,61,91,1,0,255,2,0,1782509458.5986474,259
25.009766,25.0026,0.27011916,0.5342256,0.7932129,1,1,0,0.010803223,0.021362305,25.009766,26,92,0,0,255,2,0,1782509458.698921,260
25.022459,25.017193,0.20919405,0.46883824,0.77783203,1,1,0,0.008361816,0.018737793,25.02246,29,92,1,0,255,2,0,1782509458.698921,260
25.008787,25.004398,-0.0,0.46858206,0.93395996,1,1,0,-0.0,0.018737793,25.00879,29,92,1,0,255,2,0,1782509458.698921,260
25.012695,25.009644,0.11295936,0.37401626,0.73172,1,1,0,0.0045166016,0.014953613,25.012695,60,92,0,0,255,2,0,1782509458.698921,260
25.017332,25.014395,0.059543658,0.3786659,0.74472046,1,1,0,0.002380371,0.015136719,25.017334,60,92,0,0,255,2,0,1782509458.698921,260
25.012697,25.009699,-0.0442677,0.38470158,0.7689514,1,1,0,-0.0017700195,0.015380859,25.012695,60,92,0,0,255,2,0,1782509458.698921,260
25.01367,25.005632,0.25946718,0.57857275,0.77474976,1,1,0,0.010375977,0.023132324,25.013672,61,92,1,0,255,2,0,1782509458.698921,260
25.000978,24.993357,0.20746915,0.5813302,0.70944214,1,1,0,0.008300781,0.023254395,25.000977,61,92,1,0,255,2,0,1782509458.698921,260
24.993896,24.986547,0.15555792,0.5857408,0.8050537,1,1,0,0.006225586,0.0234375,24.993896,61,92,1,0,255,2,0,1782509458.698921,260
24.99756,24.990414,0.102195255,0.58887726,0.6407471,1,1,0,0.0040893555,0.02355957,24.997559,61,92,1,0,255,2,0,1782509458.698921,260
24.997557,24.990461,0.05033486,0.59345317,0.6274109,1,1,0,0.0020141602,0.023742676,24.997559,61,92,1,0,255,2,0,1782509458.698921,260
25.019289,25.01214,-0.0549584,0.59549564,0.7542114,1,1,0,-0.0021972656,0.023803711,25.019287,61,92,1,0,255,2,0,1782509458.698921,260
25.015627,25.008442,0.27170888,0.53435075,0.74124146,1,1,0,0.010864258,0.021362305,25.015625,26,93,0,0,255,2,0,1782509458.7988262,261
25.012695,25.00988,0.21829244,0.30532315,0.7932129,1,1,0,0.008728027,0.012207031,25.012695,28,93,0,0,255,2,0,1782509458.7988262,261
25.019773,25.015636,0.27178702,0.3649606,0.9724426,1,1,0,0.010864258,0.014587402,25.019775,60,93,0,0,255,2,0,1782509458.7988262,261
25.014648,25.011566,0.114494674,0.37557203,1.1023254,1,1,0,0.0045776367,0.015014648,25.014648,60,93,0,0,255,2,0,1782509458.7988262,261
25.019531,25.016563,0.06260262,0.38022605,1.0330505,1,1,0,0.0025024414,0.015197754,25.019531,60,93,0,0,255,2,0,1782509458.7988262,261
25.011719,25.008486,-0.09463706,0.3907922,0.709198,1,1,0,-0.0037841797,0.015625,25.011719,60,93,0,0,255,2,0,1782509458.7988262,261
25.006838,24.998734,0.2624475,0.57994056,0.6095276,1,1,0,0.010498047,0.02319336,25.006836,61,93,1,0,255,2,0,1782509458.7988262,261
25.006836,24.999117,0.21056883,0.5845182,0.60131836,1,1,0,0.008422852,0.023376465,25.006836,61,93,1,0,255,2,0,1782509458.7988262,261
25.005371,24.997972,0.15715486,0.5875355,0.7863159,1,1,0,0.006286621,0.023498535,25.005371,61,93,1,0,255,2,0,1782509458.7988262,261
25.00415,24.996954,0.10527343,0.5905583,0.7473755,1,1,0,0.004211426,0.023620605,25.00415,61,93,1,0,255,2,0,1782509458.7988262,261
24.996338,24.989202,-0.051857553,0.5949494,0.64279175,1,1,0,-0.0020751953,0.023803711,24.996338,61,93,1,0,255,2,0,1782509458.7988262,261
25.021729,25.01577,0.111460164,0.53448117,0.74816895,1,1,0,0.0044555664,0.021362305,25.021729,26,94,0,0,255,2,0,1782509458.8987472,262
25.02173,25.01602,0.0061074267,0.53448117,0.81658936,1,1,0,0.00024414062,0.021362305,25.021729,26,94,0,0,255,2,0,1782509458.8987472,262
24.99414,24.98303,0.25923264,0.6985977,0.4169922,1,1,0,0.010375977,0.027954102,24.99414,27,94,1,0,255,2,0,1782509458.8987472,262
25.009033,24.998413,0.20598525,0.699014,0.59210205,1,1,0,0.008239746,0.027954102,25.009033,27,94,1,0,255,2,0,1782509458.8987472,262
25.011232,25.001251,0.10223957,0.6990754,0.7029114,1,1,0,0.0040893555,0.027954102,25.01123,27,94,1,0,255,2,0,1782509458.8987472,262
25.004148,24.994316,-0.056444783,0.6988775,0.81399536,1,1,0,-0.0022583008,0.027954102,25.00415,27,94,1,0,255,2,0,1782509458.8987472,262
25.011719,25.008917,0.21675749,0.30531123,0.7057495,1,1,0,0.008666992,0.012207031,25.011719,28,94,0,0,255,2,0,1782509458.8987472,262
25.000002,24.994267,0.25934923,0.4684174,0.7661438,1,1,0,0.010375977,0.018737793,25.0,29,94,1,0,255,2,0,1782509458.8987472,262
25.021484,25.017092,-0.0030538442,0.46881995,0.77783203,1,1,0,-0.00012207031,0.018737793,25.021484,29,94,1,0,255,2,0,1782509458.8987472,262
25.016848,25.012396,-0.054958962,0.46873304,0.7131653,1,1,0,-0.0021972656,0.018737793,25.016846,29,94,1,0,255,2,0,1782509458.8987472,262
25.019775,25.015692,0.2687336,0.36343366,0.8001404,1,1,0,0.0107421875,0.014526367,25.019775,60,94,0,0,255,2,0,1782509458.8987472,262
25.021238,25.01817,0.111470856,0.375671,0.8460083,1,1,0,0.0044555664,0.015014648,25.02124,60,94,0,0,255,2,0,1782509458.8987472,262
25.02124,25.018215,-0.045809772,0.38636,0.82092285,1,1,0,-0.0018310547,0.0154418945,25.02124,60,94,0,0,255,2,0,1782509458.8987472,262
25.014648,25.006575,0.25947696,0.58012176,0.7439575,1,1,0,0.010375977,0.02319336,25.014648,61,94,1,0,255,2,0,1782509458.8987472,262
25.004148,24.996492,0.2074952,0.5829297,0.71765137,1,1,0,0.008300781,0.02331543,25.00415,61,94,1,0,255,2,0,1782509458.8987472,262
25.009033,25.001654,0.15412591,0.58762157,0.61465454,1,1,0,0.006164551,0.023498535,25.009033,61,94,1,0,255,2,0,1782509458.8987472,262
25.015867,25.00873,0.050371654,0.5954143,0.6567383,1,1,0,0.0020141602,0.023803711,25.01587,61,94,1,0,255,2,0,1782509458.8987472,262
25.00415,24.996994,-0.0030513909,0.59818673,0.70635986,1,1,0,-0.00012207031,0.023925781,25.00415,61,94,1,0,255,2,0,1782509458.8987472,262
25.002197,24.99509,-0.054920938,0.59356326,1.1143799,1,1,0,-0.0021972656,0.023742676,25.002197,61,94,1,0,255,2,0,1782509458.8987472,262
25.019775,25.012526,0.27480686,0.53596616,0.6312561,1,1,0,0.010986328,0.02142334,25.019775,26,95,0,0,255,2,0,1782509458.9982634,263
25.020506,25.013805,0.22290725,0.53445506,0.76116943,1,1,0,0.008911133,0.021362305,25.020508,26,95,0,0,255,2,0,1782509458.9982634,263
25.012697,25.006405,0.17094488,0.53428817,0.7758789,1,1,0,0.0068359375,0.021362305,25.012695,26,95,0,0,255,2,0,1782509458.9982634,263
25.020996,25.01501,0.11756409,0.5344655,0.89450073,1,1,0,0.004699707,0.021362305,25.020996,26,95,0,0,255,2,0,1782509458.9982634,263
25.019531,25.013737,0.065648995,0.5344342,0.82785034,1,1,0,0.0026245117,0.021362305,25.019531,26,95,0,0,255,2,0,1782509458.9982634,263
25.015627,25.009888,-0.039688572,0.53435075,0.69189453,1,1,0,-0.0015869141,0.021362305,25.015625,26,95,0,0,255,2,0,1782509458.9982634,263
25.015625,25.00975,-0.091588855,0.53435075,0.8564148,1,1,0,-0.0036621094,0.021362305,25.015625,26,95,0,0,255,2,0,1782509458.9982634,263
25.00122,24.990044,0.26540717,0.6987956,0.6064453,1,1,0,0.010620117,0.027954102,25.00122,27,95,1,0,255,2,0,1782509458.9982634,263
25.018307,25.00802,0.16027088,0.6992733,0.6593933,1,1,0,0.0064086914,0.027954102,25.01831,27,95,1,0,255,2,0,1782509458.9982634,263
25.006592,24.996588,0.10832329,0.69894576,0.7114868,1,1,0,0.004333496,0.027954102,25.006592,27,95,1,0,255,2,0,1782509458.9982634,263
25.008055,24.998285,0.0030515485,0.6989867,0.6444397,1,1,0,0.00012207031,0.027954102,25.008057,27,95,1,0,255,2,0,1782509458.9982634,263
25.016846,25.007023,-0.0488419,0.69923234,0.6895752,1,1,0,-0.001953125,0.027954102,25.016846,27,95,1,0,255,2,0,1782509458.9982634,263
25.018066,25.013624,0.050381515,0.4687559,0.68240356,1,1,0,0.0020141602,0.018737793,25.018066,29,95,1,0,255,2,0,1782509458.9982634,263
25.017332,25.01367,0.2213792,0.36645177,0.7706909,1,1,0,0.008850098,0.0146484375,25.017334,60,95,0,0,255,2,0,1782509458.9982634,263
25.019287,25.01622,0.11604287,0.3741148,0.81137085,1,1,0,0.004638672,0.014953613,25.019287,60,95,0,0,255,2,0,1782509458.9982634,263
25.017332,25.014408,0.06412399,0.37713912,0.7655029,1,1,0,0.0025634766,0.015075684,25.017334,60,95,0,0,255,2,0,1782509458.9982634,263
25.021238,25.018324,0.012215979,0.38177902,0.7758789,1,1,0,0.00048828125,0.015258789,25.02124,60,95,0,0,255,2,0,1782509458.9982634,263
25.016602,25.013397,-0.09312893,0.38934177,0.710083,1,1,0,-0.0037231445,0.015563965,25.016602,60,95,0,0,255,2,0,1782509458.9982634,263
25.010984,25.0029,0.26401746,0.57851064,0.855011,1,1,0,0.010559082,0.023132324,25.010986,61,95,1,0,255,2,0,1782509458.9982634,263
24.99951,24.991852,0.21203314,0.58129615,1.0334778,1,1,0,0.008483887,0.023254395,24.999512,61,95,1,0,255,2,0,1782509458.9982634,263
25.001953,24.994583,0.15865915,0.58592963,0.679718,1,1,0,0.0063476562,0.0234375,25.001953,61,95,1,0,255,2,0,1782509458.9982634,263
25.001953,24.994846,0.0549204,0.5935575,0.6499634,1,1,0,0.0021972656,0.023742676,25.001953,61,95,1,0,255,2,0,1782509458.9982634,263
25.005371,24.998272,-0.05035059,0.5936386,0.85913086,1,1,0,-0.0020141602,0.023742676,25.005371,61,95,1,0,255,2,0,1782509458.9982634,263
25.028074,25.021412,0.21839312,0.5346167,0.7793274,1,1,0,0.008728027,0.021362305,25.028076,26,96,0,0,255,2,0,1782509459.097951,264
25.028076,25.022291,0.061089702,0.5346167,0.69869995,1,1,0,0.0024414062,0.021362305,25.028076,26,96,0,0,255,2,0,1782509459.097951,264
24.999756,24.989504,0.15557632,0.69875467,0.62435913,1,1,0,0.006225586,0.027954102,24.999756,27,96,1,0,255,2,0,1782509459.097951,264
25.00049,24.990507,0.10372095,0.6987752,0.8296509,1,1,0,0.0041503906,0.027954102,25.000488,27,96,1,0,255,2,0,1782509459.097951,264
25.011232,25.001406,0.051882874,0.6990754,0.7090759,1,1,0,0.0020751953,0.027954102,25.01123,27,96,1,0,255,2,0,1782509459.097951,264
25.020752,25.017908,0.22141671,0.3054215,0.7932129,1,1,0,0.008850098,0.012207031,25.020752,28,96,0,0,255,2,0,1782509459.097951,264
25.020264,25.017836,0.16796896,0.30541554,0.82785034,1,1,0,0.006713867,0.012207031,25.020264,28,96,0,0,255,2,0,1782509459.097951,264
25.021729,25.019596,0.11605853,0.30543342,0.7655029,1,1,0,0.004638672,0.012207031,25.021729,28,96,0,0,255,2,0,1782509459.097951,264
25.010254,25.004469,0.26403403,0.4686095,0.61260986,1,1,0,0.010559082,0.018737793,25.010254,29,96,1,0,255,2,0,1782509459.097951,264
25.01587,25.011421,0.05343024,0.46871474,0.71832275,1,1,0,0.0021362305,0.018737793,25.01587,29,96,1,0,255,2,0,1782509459.097951,264
24.999512,24.995123,0.0015255812,0.46840826,0.79071045,1,1,0,6.1035156e-05,0.018737793,24.999512,29,96,1,0,255,2,0,1782509459.097951,264
25.019289,25.016212,0.11298903,0.37564167,0.7559509,1,1,0,0.0045166016,0.015014648,25.019287,60,96,0,0,255,2,0,1782509459.097951,264
25.01172,25.0087,-0.04426593,0.38621297,0.8390808,1,1,0,-0.0017700195,0.0154418945,25.011719,60,96,0,0,255,2,0,1782509459.097951,264
25.020266,25.017025,-0.09619631,0.3909257,0.87545776,1,1,0,-0.0038452148,0.015625,25.020264,60,96,0,0,255,2,0,1782509459.097951,264
25.01587,25.00778,0.26101598,0.58015007,0.8168335,1,1,0,0.010437012,0.02319336,25.01587,61,96,1,0,255,2,0,1782509459.097951,264
25.021484,25.014091,0.15572938,0.5879141,0.7675781,1,1,0,0.006225586,0.023498535,25.021484,61,96,1,0,255,2,0,1782509459.097951,264
25.012451,25.005314,0.050364777,0.5953329,0.6906128,1,1,0,0.0020141602,0.023803711,25.012451,61,96,1,0,255,2,0,1782509459.097951,264
25.013674,25.006474,0.27321392,0.534309,0.87286377,1,1,0,0.010925293,0.021362305,25.013672,26,97,0,0,255,2,0,1782509459.1982906,265
24.993162,24.983177,0.105215415,0.69857043,0.65408325,1,1,0,0.004211426,0.027954102,24.993164,27,97,1,0,255,2,0,1782509459.1982906,265
24.99878,24.988955,0.053382248,0.69872737,0.7053528,1,1,0,0.0021362305,0.027954102,24.99878,27,97,1,0,255,2,0,1782509459.1982906,265
25.022215,25.020369,0.007635611,0.30391225,0.7819519,1,1,0,0.00030517578,0.012145996,25.022217,28,97,0,0,255,2,0,1782509459.1982906,265
25.009031,25.004591,0.05036332,0.46858665,0.66085815,1,1,0,0.0020141602,0.018737793,25.009033,29,97,1,0,255,2,0,1782509459.1982906,265
25.009033,25.004583,-0.054941796,0.46858665,0.6444397,1,1,0,-0.0021972656,0.018737793,25.009033,29,97,1,0,255,2,0,1782509459.1982906,265
25.021486,25.017342,0.2702784,0.36651257,1.0607605,1,1,0,0.010803223,0.0146484375,25.021484,60,97,0,0,255,2,0,1782509459.1982906,265
25.016603,25.0129,0.2183188,0.37102118,0.723938,1,1,0,0.008728027,0.014831543,25.016602,60,97,0,0,255,2,0,1782509459.1982906,265
25.019775,25.016424,0.16643253,0.3741221,1.0036316,1,1,0,0.006652832,0.014953613,25.019775,60,97,0,0,255,2,0,1782509459.1982906,265
25.02197,25.01885,0.11300095,0.37873608,0.89019775,1,1,0,0.0045166016,0.015136719,25.021973,60,97,0,0,255,2,0,1782509459.1982906,265
25.010742,25.00776,0.007631763,0.3861979,0.723938,1,1,0,0.00030517578,0.0154418945,25.010742,60,97,0,0,255,2,0,1782509459.1982906,265
25.019775,25.016706,-0.044280104,0.38939118,1.0018921,1,1,0,-0.0017700195,0.015563965,25.019775,60,97,0,0,255,2,0,1782509459.1982906,265
25.03003,25.026741,-0.096233666,0.39413336,0.6276245,1,1,0,-0.0038452148,0.01574707,25.03003,60,97,0,0,255,2,0,1782509459.1982906,265
25.006592,24.998434,0.26091844,0.5829866,0.78222656,1,1,0,0.010437012,0.02331543,25.006592,61,97,1,0,255,2,0,1782509459.1982906,265
25.01367,25.005926,0.20909984,0.5862043,0.6649475,1,1,0,0.008361816,0.0234375,25.013672,61,97,1,0,255,2,0,1782509459.1982906,265
25.00879,25.001328,0.15564993,0.59066784,0.81399536,1,1,0,0.006225586,0.023620605,25.00879,61,97,1,0,255,2,0,1782509459.1982906,265
25.001953,24.994692,0.103738315,0.5935575,0.74942017,1,1,0,0.0041503906,0.023742676,25.001953,61,97,1,0,255,2,0,1782509459.1982906,265
24.99878,24.991573,0.0503371,0.5980582,0.67459106,1,1,0,0.0020141602,0.023925781,24.99878,61,97,1,0,255,2,0,1782509459.1982906,265
25.00415,24.996922,-0.001525691,0.60123813,0.76171875,1,1,0,-6.1035156e-05,0.024047852,25.00415,61,97,1,0,255,2,0,1782509459.1982906,265
25.006592,24.99945,-0.05340467,0.59519345,0.6264038,1,1,0,-0.0021362305,0.023803711,25.006592,61,97,1,0,255,2,0,1782509459.1982906,265
25.00122,24.990091,0.26083136,0.6987956,0.45254517,1,1,0,0.010437012,0.027954102,25.00122,27,98,1,0,255,2,0,1782509459.2982645,266
25.013916,25.003658,0.15566444,0.69915044,0.4550171,1,2,0,0.006225586,0.027954102,25.013916,27,98,1,0,255,2,0,1782509459.2982645,266
25.008055,24.99827,-0.05340215,0.69746095,0.62802124,1,1,0,-0.0021362305,0.027893066,25.008057,27,98,1,0,255,2,0,1782509459.2982645,266
25.020264,25.015656,0.10382533,0.46879706,0.703949,1,1,0,0.0041503906,0.018737793,25.020264,29,98,1,0,255,2,0,1782509459.2982645,266
25.015625,25.0123,0.1694585,0.3710067,0.96640015,1,1,0,0.0067749023,0.014831543,25.015625,60,98,0,0,255,2,0,1782509459.2982645,266
25.014648,25.011446,-0.09312166,0.38931137,0.7559509,1,1,0,-0.0037231445,0.015563965,25.014648,60,98,0,0,255,2,0,1782509459.2982645,266
25.008057,24.999971,0.26398656,0.5784429,0.62802124,1,1,0,0.010559082,0.023132324,25.008057,61,98,1,0,255,2,0,1782509459.2982645,266
25.010254,25.002556,0.21212395,0.583072,0.6669922,1,1,0,0.008483887,0.02331543,25.010254,61,98,1,0,255,2,0,1782509459.2982645,266
25.010984,25.00378,0.106828324,0.5907197,0.8078613,1,1,0,0.004272461,0.023620605,25.010986,61,98,1,0,255,2,0,1782509459.2982645,266
25.003174,24.996067,0.054923084,0.59358644,0.65304565,1,1,0,0.0021972656,0.023742676,25.003174,61,98,1,0,255,2,0,1782509459.2982645,266
24.990477,24.98331,-0.050320458,0.5963348,0.7015991,1,1,0,-0.0020141602,0.023864746,24.990479,61,98,1,0,255,2,0,1782509459.2982645,266
25.019287,25.012135,0.26869538,0.534429,0.7802124,1,1,0,0.0107421875,0.021362305,25.019287,26,99,0,0,255,2,0,1782509459.3984177,267
25.026121,25.019878,0.16340119,0.53457505,0.71606445,1,1,0,0.0065307617,0.021362305,25.026123,26,99,0,0,255,2,0,1782509459.3984177,267
25.014648,25.0089,-0.045792714,0.5343299,0.6615906,1,1,0,-0.0018310547,0.021362305,25.014648,26,99,0,0,255,2,0,1782509459.3984177,267
24.997557,24.986446,0.25926808,0.6986933,0.67663574,1,1,0,0.010375977,0.027954102,24.997559,27,99,1,0,255,2,0,1782509459.3984177,267
25.005371,24.994753,0.20595509,0.6989116,0.84887695,1,1,0,0.008239746,0.027954102,25.005371,27,99,1,0,255,2,0,1782509459.3984177,267
25.014648,25.0044,0.15414284,0.69917095,0.67315674,1,1,0,0.006164551,0.027954102,25.014648,27,99,1,0,255,2,0,1782509459.3984177,267
25.021482,25.019382,0.11300335,0.30390337,1.1603699,1,1,0,0.0045166016,0.012145996,25.021484,28,99,0,0,255,2,0,1782509459.3984177,267
25.022459,25.020613,0.009162823,0.30391523,0.8417053,1,1,0,0.00036621094,0.012145996,25.02246,28,99,0,0,255,2,0,1782509459.3984177,267
25.019531,25.017519,-0.09619821,0.3023527,0.6910095,1,1,0,-0.0038452148,0.012084961,25.019531,28,99,0,0,255,2,0,1782509459.3984177,267
25.02295,25.018341,0.10383648,0.4688474,0.7487488,1,1,0,0.0041503906,0.018737793,25.02295,29,99,1,0,255,2,0,1782509459.3984177,267
25.016846,25.01243,0.051905755,0.4672064,0.7942505,1,1,0,0.0020751953,0.018676758,25.016846,29,99,1,0,255,2,0,1782509459.3984177,267
25.021484,25.01712,-0.0015269239,0.46729302,0.9533081,1,1,0,-6.1035156e-05,0.018676758,25.021484,29,99,1,0,255,2,0,1782509459.3984177,267
25.00879,25.004341,-0.053415116,0.46858206,0.87960815,1,1,0,-0.0021362305,0.018737793,25.00879,29,99,1,0,255,2,0,1782509459.3984177,267
25.032957,25.029284,0.21998961,0.36820835,0.6709595,1,1,0,0.0087890625,0.014709473,25.032959,60,99,0,0,255,2,0,1782509459.3984177,267
25.015627,25.01229,0.1679317,0.37253338,0.686676,1,1,0,0.006713867,0.014892578,25.015625,60,99,0,0,255,2,0,1782509459.3984177,267
25.019287,25.01632,0.062602006,0.38022232,1.1101379,1,1,0,0.0025024414,0.015197754,25.019287,60,99,0,0,255,2,0,1782509459.3984177,267
25.019531,25.016489,-0.042752832,0.38786048,0.8001404,1,1,0,-0.0017089844,0.01550293,25.019531,60,99,0,0,255,2,0,1782509459.3984177,267
25.007568,25.00016,0.15869455,0.5875871,0.7586365,1,1,0,0.0063476562,0.023498535,25.007568,61,99,1,0,255,2,0,1782509459.3984177,267
25.003176,24.995943,0.10526918,0.59206086,0.72891235,1,1,0,0.004211426,0.02368164,25.003174,61,99,1,0,255,2,0,1782509459.3984177,267
25.019289,25.012127,-0.0,0.5985488,0.8024597,1,1,0,-0.0,0.023925781,25.019287,61,99,1,0,255,2,0,1782509459.3984177,267
25.016846,25.009705,-0.051900096,0.5954375,0.7470398,1,1,0,-0.0020751953,0.023803711,25.016846,61,99,1,0,255,2,0,1782509459.3984177,267
25.02417,25.014336,0.053436466,0.6994371,0.8599243,1,1,0,0.0021362305,0.027954102,25.02417,27,100,1,0,255,2,0,1782509459.498729,268
25.018309,25.008535,-0.0,0.6992733,0.65426636,1,1,0,-0.0,0.027954102,25.01831,27,100,1,0,255,2,0,1782509459.498729,268
25.010742,25.008333,0.16790515,0.3037729,0.73950195,1,1,0,0.006713867,0.012145996,25.010742,28,100,0,0,255,2,0,1782509459.498729,268
25.009031,25.003248,0.26402116,0.46858665,0.6649475,1,1,0,0.010559082,0.018737793,25.009033,29,100,1,0,255,2,0,1782509459.498729,268
25.000488,24.9961,0.0015256408,0.46842656,0.825531,1,1,0,6.1035156e-05,0.018737793,25.000488,29,100,1,0,255,2,0,1782509459.498729,268
25.014648,25.010565,0.26867852,0.36335918,0.68237305,1,1,0,0.0107421875,0.014526367,25.014648,60,100,0,0,255,2,0,1782509459.498729,268
25.015627,25.012003,0.21678424,0.36642674,0.6615906,1,1,0,0.008666992,0.0146484375,25.015625,60,100,0,0,255,2,0,1782509459.498729,268
25.01074,25.007458,0.16332006,0.3709343,0.711792,1,1,0,0.0065307617,0.014831543,25.010742,60,100,0,0,255,2,0,1782509459.498729,268
25.014647,25.011602,0.1114416,0.37404546,0.7819519,1,1,0,0.0044555664,0.014953613,25.014648,60,100,0,0,255,2,0,1782509459.498729,268
25.021482,25.018545,0.059553538,0.3787287,1.0642395,1,1,0,0.002380371,0.015136719,25.021484,60,100,0,0,255,2,0,1782509459.498729,268
25.014648,25.011736,0.006106381,0.38167843,0.68063354,1,1,0,0.00024414062,0.015258789,25.014648,60,100,0,0,255,2,0,1782509459.498729,268
25.006592,24.998556,0.25939372,0.57840896,0.9483032,1,1,0,0.010375977,0.023132324,25.006592,61,100,1,0,255,2,0,1782509459.498729,268
25.00415,24.996506,0.20596953,0.5829297,0.6469116,1,1,0,0.008239746,0.02331543,25.00415,61,100,1,0,255,2,0,1782509459.498729,268
25.005373,24.998188,0.10222705,0.5905871,0.6827698,1,1,0,0.0040893555,0.023620605,25.005371,61,100,1,0,255,2,0,1782509459.498729,268
25.014647,25.00755,0.04884293,0.5938589,0.6895752,1,1,0,0.001953125,0.023742676,25.014648,61,100,1,0,255,2,0,1782509459.498729,268
25.007566,25.00041,-0.0030518079,0.5982685,0.7976074,1,1,0,-0.00012207031,0.023925781,25.007568,61,100,1,0,255,2,0,1782509459.498729,268
25.008055,25.00087,-0.056459583,0.59675425,0.7121582,1,1,0,-0.0022583008,0.023864746,25.008057,61,100,1,0,255,2,0,1782509459.498729,268
25.031252,25.024975,0.1680169,0.53468454,0.7568054,1,1,0,0.006713867,0.021362305,25.03125,26,101,0,0,255,2,0,1782509459.5982435,269
24.994873,24.983732,0.26229,0.6986182,0.8603821,1,1,0,0.010498047,0.027954102,24.994873,27,101,1,0,255,2,0,1782509459.5982435,269
25.003172,24.993446,0.0015254789,0.69732475,0.6725464,1,1,0,6.1035156e-05,0.027893066,25.003174,27,101,1,0,255,2,0,1782509459.5982435,269
25.00415,24.99437,-0.051868275,0.697352,0.80581665,1,1,0,-0.0020751953,0.027893066,25.00415,27,101,1,0,255,2,0,1782509459.5982435,269
25.020996,25.018568,0.16797388,0.30542448,0.8624878,1,1,0,0.006713867,0.012207031,25.020996,28,101,0,0,255,2,0,1782509459.5982435,269
25.020996,25.018864,0.11605513,0.30542448,0.7655029,1,1,0,0.004638672,0.012207031,25.020996,28,101,0,0,255,2,0,1782509459.5982435,269
25.019287,25.017342,0.064131506,0.30540362,0.8434143,1,1,0,0.0025634766,0.012207031,25.019287,28,101,0,0,255,2,0,1782509459.5982435,269
25.02637,25.020552,0.26420388,0.4704387,0.7836914,1,1,0,0.010559082,0.018798828,25.026367,29,101,1,0,255,2,0,1782509459.5982435,269
25.021484,25.016176,0.21071252,0.4703469,1.0743713,1,1,0,0.008422852,0.018798828,25.021484,29,101,1,0,255,2,0,1782509459.5982435,269
25.016602,25.013285,0.16488488,0.37254792,0.7057495,1,1,0,0.006591797,0.014892578,25.016602,60,101,0,0,255,2,0,1782509459.5982435,269
25.02197,25.018896,0.11300115,0.375682,0.8390808,1,1,0,0.0045166016,0.015014648,25.021973,60,101,0,0,255,2,0,1782509459.5982435,269
25.031006,25.027765,-0.09623761,0.39109355,0.624176,1,1,0,-0.0038452148,0.015625,25.031006,60,101,0,0,255,2,0,1782509459.5982435,269
25.000488,24.993296,-0.0015254697,0.59962463,0.9597168,1,1,0,-6.1035156e-05,0.023986816,25.000488,61,101,1,0,255,2,0,1782509459.5982435,269
25.031006,25.024328,0.21994606,0.5346793,0.49673462,1,1,0,0.0087890625,0.021362305,25.031006,26,102,0,0,255,2,0,1782509459.6981459,270
24.992674,24.982857,-0.051844385,0.6985568,0.87265015,1,1,0,-0.0020751953,0.027954102,24.992676,27,102,1,0,255,2,0,1782509459.6981459,270
25.031982,25.029163,0.21846077,0.3055586,0.7307739,1,1,0,0.008728027,0.012207031,25.031982,28,102,0,0,255,2,0,1782509459.6981459,270
24.994873,24.990002,0.15557942,0.46832132,0.77227783,1,1,0,0.006225586,0.018737793,24.994873,29,102,1,0,255,2,0,1782509459.6981459,270
25.020754,25.016575,0.2733243,0.36650184,0.67282104,1,1,0,0.010925293,0.0146484375,25.020752,60,102,0,0,255,2,0,1782509459.6981459,270
25.020752,25.017042,0.22140905,0.36955577,0.8356323,1,1,0,0.008850098,0.014770508,25.020752,60,102,0,0,255,2,0,1782509459.6981459,270
25.009766,25.006395,0.16941848,0.37397245,0.73172,1,1,0,0.0067749023,0.014953613,25.009766,60,102,0,0,255,2,0,1782509459.6981459,270
25.019531,25.016537,0.06412945,0.38175294,0.82263184,1,1,0,0.0025634766,0.015258789,25.019531,60,102,0,0,255,2,0,1782509459.6981459,270
25.020506,25.017546,0.012215599,0.38482174,0.695343,1,1,0,0.00048828125,0.015380859,25.020508,60,102,0,0,255,2,0,1782509459.6981459,270
25.01831,25.015245,-0.041223895,0.38936839,0.7758789,1,1,0,-0.0016479492,0.015563965,25.01831,60,102,0,0,255,2,0,1782509459.6981459,270
25.017332,25.014082,-0.093131475,0.3924067,0.6970825,1,1,0,-0.0037231445,0.015686035,25.017334,60,102,0,0,255,2,0,1782509459.6981459,270
25.001955,24.993801,0.26392138,0.5813529,0.7350769,1,1,0,0.010559082,0.023254395,25.001953,61,102,1,0,255,2,0,1782509459.6981459,270
24.996092,24.988363,0.21200354,0.5842671,0.75897217,1,1,0,0.008483887,0.023376465,24.996094,61,102,1,0,255,2,0,1782509459.6981459,270
24.992676,24.985237,0.15859982,0.5887622,0.77227783,1,1,0,0.0063476562,0.02355957,24.992676,61,102,1,0,255,2,0,1782509459.6981459,270
25.003176,24.995935,0.10679481,0.59206086,0.6930237,1,1,0,0.004272461,0.02368164,25.003174,61,102,1,0,255,2,0,1782509459.6981459,270
25.00537,24.99819,0.054927748,0.5966902,0.8427124,1,1,0,0.0021972656,0.023864746,25.005371,61,102,1,0,255,2,0,1782509459.6981459,270
24.99951,24.99232,0.0015254101,0.5996012,0.95254517,1,1,0,6.1035156e-05,0.023986816,24.999512,61,102,1,0,255,2,0,1782509459.6981459,270
25.009031,25.001896,-0.050357893,0.59525156,0.69470215,1,1,0,-0.0020141602,0.023803711,25.009033,61,102,1,0,255,2,0,1782509459.6981459,270
25.021484,25.0143,0.2717725,0.5344759,0.7802124,1,1,0,0.010864258,0.021362305,25.021484,26,103,0,0,255,2,0,1782509459.7982602,271
25.008787,24.99764,0.26243603,0.69900715,0.88986206,1,1,0,0.010498047,0.027954102,25.00879,27,103,1,0,255,2,0,1782509459.7982602,271
25.00586,25.00383,-0.09614557,0.3037136,0.6910095,1,1,0,-0.0038452148,0.012145996,25.00586,28,103,0,0,255,2,0,1782509459.7982602,271
25.010986,25.006596,-0.0015262815,0.46862325,0.88986206,1,1,0,-6.1035156e-05,0.018737793,25.010986,29,103,1,0,255,2,0,1782509459.7982602,271
25.021486,25.018167,0.16491707,0.37262064,0.74642944,1,1,0,0.006591797,0.014892578,25.021484,60,103,0,0,255,2,0,1782509459.7982602,271
25.019773,25.016676,0.112991124,0.37717593,0.74990845,1,1,0,0.0045166016,0.015075684,25.019775,60,103,0,0,255,2,0,1782509459.7982602,271
25.019775,25.016815,0.0076345266,0.38481048,0.67456055,1,1,0,0.00030517578,0.015380859,25.019775,60,103,0,0,255,2,0,1782509459.7982602,271
25.000488,24.992367,0.2608551,0.58131886,0.83169556,1,1,0,0.010437012,0.023254395,25.000488,61,103,1,0,255,2,0,1782509459.7982602,271
25.004637,24.996944,0.20749895,0.5844668,0.5992737,1,1,0,0.008300781,0.023376465,25.004639,61,103,1,0,255,2,0,1782509459.7982602,271
25.005371,24.997948,0.15562889,0.5890613,0.74121094,1,1,0,0.006225586,0.02355957,25.005371,61,103,1,0,255,2,0,1782509459.7982602,271
24.998293,24.991068,0.10372328,0.59194523,0.8296509,1,1,0,0.0041503906,0.02368164,24.998291,61,103,1,0,255,2,0,1782509459.7982602,271
25.006834,24.999662,0.050353393,0.59672517,0.6434021,1,1,0,0.0020141602,0.023864746,25.006836,61,103,1,0,255,2,0,1782509459.7982602,271
25.014648,25.007452,-0.0015263337,0.59996426,0.84555054,1,1,0,-6.1035156e-05,0.023986816,25.014648,61,103,1,0,255,2,0,1782509459.7982602,271
25.010986,25.003805,-0.054940086,0.59682417,0.85092163,1,1,0,-0.0021972656,0.023864746,25.010986,61,103,1,0,255,2,0,1782509459.7982602,271
25.027098,25.021387,0.009163106,0.5345959,0.7568054,1,1,0,0.00036621094,0.021362305,25.0271,26,104,0,0,255,2,0,1782509459.8989522,272
25.001223,24.991453,-0.0,0.6987956,0.5879822,1,1,0,-0.0,0.027954102,25.00122,27,104,1,0,255,2,0,1782509459.8989522,272
25.014648,25.012241,0.164878,0.305347,0.74472046,1,1,0,0.006591797,0.012207031,25.014648,28,104,0,0,255,2,0,1782509459.8989522,272
24.999758,24.995153,0.10374024,0.46841282,0.6592102,1,1,0,0.0041503906,0.018737793,24.999756,29,104,1,0,255,2,0,1782509459.8989522,272
24.993164,24.988726,0.050331365,0.46828932,0.62023926,1,1,0,0.0020141602,0.018737793,24.993164,29,104,1,0,255,2,0,1782509459.8989522,272
25.02124,25.017101,0.27180293,0.36498198,0.7758789,1,1,0,0.010864258,0.014587402,25.02124,60,104,0,0,255,2,0,1782509459.8989522,272
25.019775,25.016115,0.2183469,0.36801443,0.7854004,1,1,0,0.008728027,0.014709473,25.019775,60,104,0,0,255,2,0,1782509459.8989522,272
25.020754,25.017426,0.16643919,0.37260973,0.710083,1,1,0,0.006652832,0.014892578,25.020752,60,104,0,0,255,2,0,1782509459.8989522,272
25.021482,25.018408,0.11299895,0.37567466,1.1179199,1,1,0,0.0045166016,0.015014648,25.021484,60,104,0,0,255,2,0,1782509459.8989522,272
25.020754,25.017513,-0.09619819,0.39093333,0.80184937,1,1,0,-0.0038452148,0.015625,25.020752,60,104,0,0,255,2,0,1782509459.8989522,272
25.011229,25.003521,0.20907973,0.5846209,0.6895752,1,1,0,0.008361816,0.023376465,25.01123,61,104,1,0,255,2,0,1782509459.8989522,272
25.006592,24.999203,0.1556367,0.5875642,0.72994995,1,1,0,0.006225586,0.023498535,25.006592,61,104,1,0,255,2,0,1782509459.8989522,272
24.996096,24.988873,0.10371417,0.5918932,0.9197693,1,1,0,0.0041503906,0.02368164,24.996094,61,104,1,0,255,2,0,1782509459.8989522,272
25.003174,24.996069,-0.053397447,0.59358644,0.6878967,1,1,0,-0.0021362305,0.023742676,25.003174,61,104,1,0,255,2,0,1782509459.8989522,272
24.996094,24.986275,0.051851477,0.6986523,0.7763672,1,1,0,0.0020751953,0.027954102,24.996094,27,105,1,0,255,2,0,1782509459.9979897,273
25.001951,24.992172,-0.051863715,0.6972907,0.70944214,1,1,0,-0.0020751953,0.027893066,25.001953,27,105,1,0,255,2,0,1782509459.9979897,273
25.01465,25.011847,0.21678288,0.305347,0.80358887,1,1,0,0.008666992,0.012207031,25.014648,28,105,0,0,255,2,0,1782509459.9979897,273
25.012691,25.010777,0.059535045,0.30379662,0.7334595,1,1,0,0.002380371,0.012145996,25.012695,28,105,0,0,255,2,0,1782509459.9979897,273
25.021729,25.01984,-0.045812745,0.30390635,0.89190674,1,1,0,-0.0018310547,0.012145996,25.021729,28,105,0,0,255,2,0,1782509459.9979897,273
25.011232,25.006632,0.10226158,0.4686278,0.6916199,1,1,0,0.0040893555,0.018737793,25.01123,29,105,1,0,255,2,0,1782509459.9979897,273
24.99878,24.994339,0.05034267,0.46839452,0.5853882,1,1,0,0.0020141602,0.018737793,24.99878,29,105,1,0,255,2,0,1782509459.9979897,273
25.010986,25.006536,-0.054946087,0.46862325,0.9103699,1,1,0,-0.0021972656,0.018737793,25.010986,29,105,1,0,255,2,0,1782509459.9979897,273
25.009766,25.006496,0.16789281,0.3678672,0.67022705,1,1,0,0.006713867,0.014709473,25.009766,60,105,0,0,255,2,0,1782509459.9979897,273
25.018312,25.015291,0.11603855,0.37104654,0.9031677,1,1,0,0.004638672,0.014831543,25.01831,60,105,0,0,255,2,0,1782509459.9979897,273
25.015623,25.012754,0.010686603,0.37864003,1.04953,1,1,0,0.0004272461,0.015136719,25.015625,60,105,0,0,255,2,0,1782509459.9979897,273
25.02075,25.01778,-0.04122807,0.38329855,0.9888916,1,1,0,-0.0016479492,0.015319824,25.020752,60,105,0,0,255,2,0,1782509459.9979897,273
25.007568,24.99957,0.2624563,0.5753797,0.7330322,1,1,0,0.010498047,0.023010254,25.007568,61,105,1,0,255,2,0,1782509459.9979897,273
25.003176,24.995564,0.2105389,0.5798556,0.6694641,1,1,0,0.008422852,0.02319336,25.003174,61,105,1,0,255,2,0,1782509459.9979897,273
24.993896,24.986774,0.10523056,0.5872659,0.8583069,1,1,0,0.004211426,0.023498535,24.993896,61,105,1,0,255,2,0,1782509459.9979897,273
25.003174,24.996141,0.0533976,0.5905352,0.7709656,1,1,0,0.0021362305,0.023620605,25.003174,61,105,1,0,255,2,0,1782509459.9979897,273
24.997559,24.990477,0.0015252976,0.59497845,0.6889343,1,1,0,6.1035156e-05,0.023803711,24.997559,61,105,1,0,255,2,0,1782509459.9979897,273
24.997559,24.99046,-0.05186016,0.59345317,0.7032776,1,1,0,-0.0020751953,0.023742676,24.997559,61,105,1,0,255,2,0,1782509459.9979897,273
25.019285,25.013609,0.007633548,0.53290224,1.1083984,1,1,0,0.00030517578,0.02130127,25.019287,26,106,0,0,255,2,0,1782509460.0982757,274
25.022707,25.016811,-0.09619549,0.534502,1.0330505,1,1,0,-0.0038452148,0.021362305,25.022705,26,106,0,0,255,2,0,1782509460.0982757,274
24.991457,24.981478,0.10368347,0.6985227,0.75897217,1,1,0,0.0041503906,0.027954102,24.991455,27,106,1,0,255,2,0,1782509460.0982757,274
25.022459,25.012627,-0.053432815,0.6993893,1.0446167,1,1,0,-0.0021362305,0.027954102,25.02246,27,106,1,0,255,2,0,1782509460.0982757,274
25.03003,25.026688,0.2719071,0.30553475,0.68136597,1,1,0,0.010864258,0.012207031,25.03003,28,106,0,0,255,2,0,1782509460.0982757,274
25.021729,25.01881,0.061081205,0.37720537,0.82263184,1,1,0,0.0024414062,0.015075684,25.021729,60,106,0,0,255,2,0,1782509460.0982757,274
25.021484,25.018269,-0.09620109,0.38941777,0.8650818,1,1,0,-0.0038452148,0.015563965,25.021484,60,106,0,0,255,2,0,1782509460.0982757,274
25.02246,25.015104,0.1557357,0.5864102,0.84350586,1,1,0,0.006225586,0.0234375,25.02246,61,106,1,0,255,2,0,1782509460.0982757,274
24.999512,24.992409,-0.053389627,0.59349954,1.0365295,1,1,0,-0.0021362305,0.023742676,24.999512,61,106,1,0,255,2,0,1782509460.0982757,274
24.998777,24.98765,0.26080588,0.69872737,0.6581726,1,1,0,0.010437012,0.027954102,24.99878,27,107,1,0,255,2,0,1782509460.1982727,275
25.0,24.99018,0.05185958,0.6987615,1.001709,1,1,0,0.0020751953,0.027954102,25.0,27,107,1,0,255,2,0,1782509460.1982727,275
25.018066,25.01233,0.25953665,0.4687559,0.7901306,1,1,0,0.010375977,0.018737793,25.018066,29,107,1,0,255,2,0,1782509460.1982727,275
25.016602,25.012453,0.27480608,0.36338755,0.75250244,1,1,0,0.010986328,0.014526367,25.016602,60,107,0,0,255,2,0,1782509460.1982727,275
25.016602,25.013277,0.16946511,0.37102118,0.74816895,1,1,0,0.0067749023,0.014831543,25.016602,60,107,0,0,255,2,0,1782509460.1982727,275
25.03125,25.028152,0.117625855,0.3758213,0.72299194,1,1,0,0.004699707,0.015014648,25.03125,60,107,0,0,255,2,0,1782509460.1982727,275
25.019775,25.016827,0.06413019,0.37870282,1.085022,1,1,0,0.0025634766,0.015136719,25.019775,60,107,0,0,255,2,0,1782509460.1982727,275
25.022701,25.019764,0.012216683,0.38332847,0.7628784,1,1,0,0.00048828125,0.015319824,25.022705,60,107,0,0,255,2,0,1782509460.1982727,275
25.019531,25.016304,-0.093139745,0.39091426,0.701416,1,1,0,-0.0037231445,0.015625,25.019531,60,107,0,0,255,2,0,1782509460.1982727,275
25.006594,24.998474,0.26397073,0.5799349,0.85092163,1,1,0,0.010559082,0.02319336,25.006592,61,107,1,0,255,2,0,1782509460.1982727,275
25.014647,25.006948,0.21216121,0.58317447,0.68136597,1,1,0,0.008483887,0.02331543,25.014648,61,107,1,0,255,2,0,1782509460.1982727,275
24.993898,24.986698,0.10675534,0.59031606,0.81326294,1,1,0,0.004272461,0.023620605,24.993896,61,107,1,0,255,2,0,1782509460.1982727,275
25.005371,24.998228,0.05492783,0.5951644,0.7319946,1,1,0,0.0021972656,0.023803711,25.005371,61,107,1,0,255,2,0,1782509460.1982727,275
24.996094,24.98894,0.0015252038,0.59799397,0.8746948,1,1,0,6.1035156e-05,0.023925781,24.996094,61,107,1,0,255,2,0,1782509460.1982727,275
25.003418,24.993164,0.1555991,0.698857,0.60440063,1,1,0,0.006225586,0.027954102,25.003418,27,108,1,0,255,2,0,1782509460.2981086,276
25.031006,25.028585,0.16956882,0.304019,0.70739746,1,1,0,0.0067749023,0.012145996,25.031006,28,108,0,0,255,2,0,1782509460.2981086,276
25.03247,25.030348,0.11763617,0.3040368,0.85736084,1,1,0,0.004699707,0.012145996,25.03247,28,108,0,0,255,2,0,1782509460.2981086,276
25.025146,25.023218,0.06414657,0.30394784,0.8027344,1,1,0,0.0025634766,0.012145996,25.025146,28,108,0,0,255,2,0,1782509460.2981086,276
25.019285,25.017406,-0.041227456,0.3038767,0.7221985,1,1,0,-0.0016479492,0.012145996,25.019287,28,108,0,0,255,2,0,1782509460.2981086,276
25.031248,25.02923,-0.09318787,0.30402198,0.7420654,1,1,0,-0.0037231445,0.012145996,25.03125,28,108,0,0,255,2,0,1782509460.2981086,276
25.001951,24.996664,0.21207397,0.468454,0.7596741,1,1,0,0.008483887,0.018737793,25.001953,29,108,1,0,255,2,0,1782509460.2981086,276
25.003174,24.99827,0.1602084,0.46847686,0.86117554,1,1,0,0.0064086914,0.018737793,25.003174,29,108,1,0,255,2,0,1782509460.2981086,276
25.006838,25.002388,0.05493697,0.46854547,0.61364746,1,1,0,0.0021972656,0.018737793,25.006836,29,108,1,0,255,2,0,1782509460.2981086,276
25.010254,25.005812,-0.05036578,0.4686095,0.58132935,1,1,0,-0.0020141602,0.018737793,25.010254,29,108,1,0,255,2,0,1782509460.2981086,276
25.01831,25.015388,0.062599674,0.37715384,1.0001526,1,1,0,0.0025024414,0.015075684,25.01831,60,108,0,0,255,2,0,1782509460.2981086,276
25.014648,25.011654,-0.042744566,0.38473162,0.66763306,1,1,0,-0.0017089844,0.015380859,25.014648,60,108,0,0,255,2,0,1782509460.2981086,276
25.016113,25.008078,0.26254562,0.5771028,0.6265259,1,1,0,0.010498047,0.023071289,25.016113,61,108,1,0,255,2,0,1782509460.2981086,276
24.999512,24.992178,0.15864389,0.584347,0.72210693,1,1,0,0.0063476562,0.023376465,24.999512,61,108,1,0,255,2,0,1782509460.2981086,276
24.999514,24.992353,0.10525406,0.5889233,0.8070984,1,1,0,0.004211426,0.02355957,24.999512,61,108,1,0,255,2,0,1782509460.2981086,276
24.994873,24.987808,0.0533798,0.5918643,0.68933105,1,1,0,0.0021362305,0.02368164,24.994873,61,108,1,0,255,2,0,1782509460.2981086,276
25.001953,24.994925,-0.051869426,0.5905064,0.6141052,1,1,0,-0.0020751953,0.023620605,25.001953,61,108,1,0,255,2,0,1782509460.2981086,276
25.028074,25.020905,0.27031693,0.5346167,0.7507324,1,1,0,0.010803223,0.021362305,25.028076,26,109,0,0,255,2,0,1782509460.3979006,277
25.007812,25.001564,0.1648076,0.5341839,0.80792236,1,1,0,0.006591797,0.021362305,25.007812,26,109,0,0,255,2,0,1782509460.3979006,277
25.019775,25.014097,0.0076336972,0.5329127,0.88153076,1,1,0,0.00030517578,0.02130127,25.019775,26,109,0,0,255,2,0,1782509460.3979006,277
25.013916,25.00278,0.2609638,0.69915044,0.47451782,1,1,0,0.010437012,0.027954102,25.013916,27,109,1,0,255,2,0,1782509460.3979006,277
25.01123,25.000597,0.20752926,0.6990754,0.62286377,1,1,0,0.008300781,0.027954102,25.01123,27,109,1,0,255,2,0,1782509460.3979006,277
25.000977,24.990725,0.15558392,0.6987888,0.6838074,1,1,0,0.006225586,0.027954102,25.000977,27,109,1,0,255,2,0,1782509460.3979006,277
24.994873,24.9849,0.10217271,0.6986182,0.77227783,1,1,0,0.0040893555,0.027954102,24.994873,27,109,1,0,255,2,0,1782509460.3979006,277
25.000488,24.990704,-0.054911297,0.6972498,1.0621338,1,1,0,-0.0021972656,0.027893066,25.000488,27,109,1,0,255,2,0,1782509460.3979006,277
25.014647,25.012259,0.16487812,0.30382034,0.73172,1,1,0,0.006591797,0.012145996,25.014648,28,109,0,0,255,2,0,1782509460.3979006,277
24.99707,24.991821,0.20745641,0.4683625,0.72003174,1,1,0,0.008300781,0.018737793,24.99707,29,109,1,0,255,2,0,1782509460.3979006,277
24.993896,24.989458,0.05033284,0.46830302,0.66781616,1,1,0,0.0020141602,0.018737793,24.993896,29,109,1,0,255,2,0,1782509460.3979006,277
24.993896,24.98951,-0.0015252386,0.46830302,0.74871826,1,1,0,-6.1035156e-05,0.018737793,24.993896,29,109,1,0,255,2,0,1782509460.3979006,277
25.009766,25.005316,-0.054943405,0.46860036,0.7883911,1,1,0,-0.0021972656,0.018737793,25.009766,29,109,1,0,255,2,0,1782509460.3979006,277
25.021729,25.01871,-0.042756625,0.38636753,0.82092285,1,1,0,-0.0017089844,0.0154418945,25.021729,60,109,0,0,255,2,0,1782509460.3979006,277
25.006592,24.998909,0.21056707,0.5829866,0.80581665,1,1,0,0.008422852,0.02331543,25.006592,61,109,1,0,255,2,0,1782509460.3979006,277
25.01587,25.008505,0.15722106,0.5862557,0.76242065,1,1,0,0.006286621,0.0234375,25.01587,61,109,1,0,255,2,0,1782509460.3979006,277
25.007566,25.00041,-0.0,0.5982685,0.8652649,1,1,0,-0.0,0.023925781,25.007568,61,109,1,0,255,2,0,1782509460.3979006,277
25.015871,25.008802,-0.051898226,0.59236145,0.73883057,1,1,0,-0.0020751953,0.02368164,25.01587,61,109,1,0,255,2,0,1782509460.3979006,277
25.020752,25.014961,0.064125404,0.5344603,0.80792236,1,1,0,0.0025634766,0.021362305,25.020752,26,110,0,0,255,2,0,1782509460.498196,278
25.013672,25.002504,0.2640133,0.69914365,0.67111206,1,1,0,0.010559082,0.027954102,25.013672,27,110,1,0,255,2,0,1782509460.498196,278
25.023926,25.013262,0.21068797,0.6994302,0.65322876,1,1,0,0.008422852,0.027954102,25.023926,27,110,1,0,255,2,0,1782509460.498196,278
25.006592,24.99677,-0.05034757,0.69894576,0.7801819,1,1,0,-0.0020141602,0.027954102,25.006592,27,110,1,0,255,2,0,1782509460.498196,278
25.0271,25.02466,0.16954222,0.305499,0.71432495,1,1,0,0.0067749023,0.012207031,25.0271,28,110,0,0,255,2,0,1782509460.498196,278
25.02344,25.021305,0.116066456,0.30545428,1.096283,1,1,0,0.004638672,0.012207031,25.023438,28,110,0,0,255,2,0,1782509460.498196,278
25.018309,25.01646,0.0122150695,0.30386484,0.8338928,1,1,0,0.00048828125,0.012145996,25.01831,28,110,0,0,255,2,0,1782509460.498196,278
25.008055,25.002272,0.26401085,0.46856835,0.69369507,1,1,0,0.010559082,0.018737793,25.008057,29,110,1,0,255,2,0,1782509460.498196,278
25.004639,24.999746,0.15869193,0.4685043,0.62286377,1,1,0,0.0063476562,0.018737793,25.004639,29,110,1,0,255,2,0,1782509460.498196,278
25.021486,25.017033,0.05496915,0.46881995,0.7542114,1,1,0,0.0021972656,0.018737793,25.021484,29,110,1,0,255,2,0,1782509460.498196,278
24.99829,24.99385,-0.050341688,0.46838537,0.9986267,1,1,0,-0.0020141602,0.018737793,24.998291,29,110,1,0,255,2,0,1782509460.498196,278
25.015625,25.011494,0.27326876,0.36337337,0.7334595,1,1,0,0.010925293,0.014526367,25.015625,60,110,0,0,255,2,0,1782509460.498196,278
25.031006,25.027939,0.11609723,0.37429005,0.7325134,1,1,0,0.004638672,0.014953613,25.031006,60,110,0,0,255,2,0,1782509460.498196,278
25.0166,25.013685,0.010687001,0.38170823,0.706604,1,1,0,0.0004272461,0.015258789,25.016602,60,110,0,0,255,2,0,1782509460.498196,278
25.02124,25.01803,-0.09467317,0.38941398,1.1707458,1,1,0,-0.0037841797,0.015563965,25.02124,60,110,0,0,255,2,0,1782509460.498196,278
25.013672,25.006298,0.1587335,0.5862043,0.78912354,1,1,0,0.0063476562,0.0234375,25.013672,61,110,1,0,255,2,0,1782509460.498196,278
25.009766,25.002607,-0.0,0.5983211,0.8222046,1,1,0,-0.0,0.023925781,25.009766,61,110,1,0,255,2,0,1782509460.498196,278
25.008791,25.001724,-0.051883537,0.59219384,0.86117554,1,1,0,-0.0020751953,0.02368164,25.00879,61,110,1,0,255,2,0,1782509460.498196,278
25.021729,25.01605,0.009161152,0.5329543,0.82785034,1,1,0,0.00036621094,0.02130127,25.021729,26,111,0,0,255,2,0,1782509460.5978436,279
25.02173,25.016016,-0.042752024,0.5329543,0.7802124,1,1,0,-0.0017089844,0.02130127,25.021729,26,111,0,0,255,2,0,1782509460.5978436,279
25.004639,24.993982,0.21052559,0.69889116,0.61465454,1,1,0,0.008422852,0.027954102,25.004639,27,111,1,0,255,2,0,1782509460.5978436,279
25.019285,25.0095,0.051899675,0.6977741,0.82092285,1,1,0,0.0020751953,0.027893066,25.019287,27,111,1,0,255,2,0,1782509460.5978436,279
25.011473,25.001743,-0.0,0.69755626,0.97906494,1,1,0,-0.0,0.027893066,25.011475,27,111,1,0,255,2,0,1782509460.5978436,279
25.003172,24.993393,-0.05186625,0.69732475,0.6930237,1,1,0,-0.0020751953,0.027893066,25.003174,27,111,1,0,255,2,0,1782509460.5978436,279
25.022705,25.019901,0.21685271,0.30544534,0.8564148,1,1,0,0.008666992,0.012207031,25.022705,28,111,0,0,255,2,0,1782509460.5978436,279
25.021482,25.019596,-0.045812298,0.30390337,0.7074585,1,1,0,-0.0018310547,0.012145996,25.021484,28,111,0,0,255,2,0,1782509460.5978436,279
25.012697,25.008097,0.10226757,0.46865526,0.6111145,1,1,0,0.0040893555,0.018737793,25.012695,29,111,1,0,255,2,0,1782509460.5978436,279
25.02124,25.01713,0.27333036,0.36192793,0.8624878,1,1,0,0.010925293,0.014465332,25.02124,60,111,0,0,255,2,0,1782509460.5978436,279
25.013674,25.010046,0.21982051,0.36487156,0.67889404,1,1,0,0.0087890625,0.014587402,25.013672,60,111,0,0,255,2,0,1782509460.5978436,279
25.019285,25.015993,0.16795659,0.36953413,0.9741821,1,1,0,0.006713867,0.014770508,25.019287,60,111,0,0,255,2,0,1782509460.5978436,279
25.017332,25.014412,0.06259723,0.37713912,0.9109802,1,1,0,0.0025024414,0.015075684,25.017334,60,111,0,0,255,2,0,1782509460.5978436,279
25.010254,25.00726,-0.042737056,0.38466403,1.1144714,1,1,0,-0.0017089844,0.015380859,25.010254,60,111,0,0,255,2,0,1782509460.5978436,279
25.03003,25.026842,-0.09470652,0.38802323,0.7637329,1,1,0,-0.0037841797,0.01550293,25.03003,60,111,0,0,255,2,0,1782509460.5978436,279
25.00879,25.001177,0.21058618,0.57998586,0.81607056,1,1,0,0.008422852,0.02319336,25.00879,61,111,1,0,255,2,0,1782509460.5978436,279
24.997559,24.990225,0.15863149,0.58430135,0.7319946,1,1,0,0.0063476562,0.023376465,24.997559,61,111,1,0,255,2,0,1782509460.5978436,279
24.99878,24.991621,0.10525098,0.588906,0.7678833,1,1,0,0.004211426,0.02355957,24.99878,61,111,1,0,255,2,0,1782509460.5978436,279
25.008057,25.000988,0.053407952,0.5921765,0.6967468,1,1,0,0.0021362305,0.02368164,25.008057,61,111,1,0,255,2,0,1782509460.5978436,279
25.026123,25.022749,0.27491918,0.30548707,0.68310547,1,1,0,0.010986328,0.012207031,25.026123,28,112,0,0,255,2,0,1782509460.698175,280
25.019287,25.01643,0.22293063,0.30540362,0.8390808,1,1,0,0.008911133,0.012207031,25.019287,28,112,0,0,255,2,0,1782509460.698175,280
25.021484,25.019047,0.1695042,0.30543044,0.73950195,1,1,0,0.0067749023,0.012207031,25.021484,28,112,0,0,255,2,0,1782509460.698175,280
25.020266,25.018314,0.065661006,0.30541554,0.8356323,1,1,0,0.0026245117,0.012207031,25.020264,28,112,0,0,255,2,0,1782509460.698175,280
25.01953,25.017664,0.012215657,0.3054066,0.8667908,1,1,0,0.00048828125,0.012207031,25.019531,28,112,0,0,255,2,0,1782509460.698175,280
25.015623,25.01361,-0.09160299,0.3038322,0.8460083,1,1,0,-0.0036621094,0.012145996,25.015625,28,112,0,0,255,2,0,1782509460.698175,280
25.008791,25.002962,0.26554438,0.47010827,0.883728,1,1,0,0.010620117,0.018798828,25.00879,29,112,1,0,255,2,0,1782509460.698175,280
25.003174,24.997856,0.21208408,0.4700027,0.679718,1,1,0,0.008483887,0.018798828,25.003174,29,112,1,0,255,2,0,1782509460.698175,280
25.016846,25.01222,0.10839104,0.46873304,0.68548584,1,1,0,0.004333496,0.018737793,25.016846,29,112,1,0,255,2,0,1782509460.698175,280
25.011475,25.007025,0.05494716,0.4686324,0.776062,1,1,0,0.0021972656,0.018737793,25.011475,29,112,1,0,255,2,0,1782509460.698175,280
25.01587,25.011478,0.003053159,0.46871474,0.77679443,1,1,0,0.00012207031,0.018737793,25.01587,29,112,1,0,255,2,0,1782509460.698175,280
25.03125,25.027575,0.21997459,0.3681832,0.7680664,1,1,0,0.0087890625,0.014709473,25.03125,60,112,0,0,255,2,0,1782509460.698175,280
25.028076,25.024736,0.16801529,0.3727188,0.70825195,1,1,0,0.006713867,0.014892578,25.028076,60,112,0,0,255,2,0,1782509460.698175,280
25.025146,25.022102,-0.042762425,0.38794753,0.6718445,1,1,0,-0.0017089844,0.01550293,25.025146,60,112,0,0,255,2,0,1782509460.698175,280
25.015871,25.007765,0.26254234,0.58015007,0.7367859,1,1,0,0.010498047,0.02319336,25.01587,61,112,1,0,255,2,0,1782509460.698175,280
24.998291,24.99061,0.21049719,0.5827931,0.78149414,1,1,0,0.008422852,0.02331543,24.998291,61,112,1,0,255,2,0,1782509460.698175,280
25.006592,24.999193,0.15716253,0.5875642,0.7668457,1,1,0,0.006286621,0.023498535,25.006592,61,112,1,0,255,2,0,1782509460.698175,280
25.005371,24.998234,0.051876295,0.5951644,0.81399536,1,1,0,0.0020751953,0.023803711,25.005371,61,112,1,0,255,2,0,1782509460.698175,280
24.99707,24.989935,-0.051859073,0.5949668,0.899292,1,1,0,-0.0020751953,0.023803711,24.99707,61,112,1,0,255,2,0,1782509460.698175,280
25.03125,25.024078,0.2703512,0.53468454,0.68917847,1,1,0,0.010803223,0.021362305,25.03125,26,113,0,0,255,2,0,1782509460.7981687,281
25.021484,25.015701,0.061073612,0.5344759,0.7854004,1,1,0,0.0024414062,0.021362305,25.021484,26,113,0,0,255,2,0,1782509460.7981687,281
24.992674,24.98291,-0.0015248358,0.6985568,0.6862488,1,1,0,-6.1035156e-05,0.027954102,24.992676,27,113,1,0,255,2,0,1782509460.7981687,281
24.994873,24.985092,-0.053373996,0.69709325,0.8746948,1,1,0,-0.0021362305,0.027893066,24.994873,27,113,1,0,255,2,0,1782509460.7981687,281
25.019289,25.015915,0.2748441,0.30540362,0.73690796,1,1,0,0.010986328,0.012207031,25.019287,28,113,0,0,255,2,0,1782509460.7981687,281
25.01953,25.016705,0.22140607,0.30387965,0.7135315,1,1,0,0.008850098,0.012145996,25.019531,28,113,0,0,255,2,0,1782509460.7981687,281
25.03003,25.027914,0.11609711,0.30400714,0.6657715,1,1,0,0.004638672,0.012145996,25.03003,28,113,0,0,255,2,0,1782509460.7981687,281
25.009766,25.00398,0.26402888,0.46860036,1.1072083,1,1,0,0.010559082,0.018737793,25.009766,29,113,1,0,255,2,0,1782509460.7981687,281
25.016848,25.011555,0.2122003,0.46873304,0.73883057,1,1,0,0.008483887,0.018737793,25.016846,29,113,1,0,255,2,0,1782509460.7981687,281
25.009766,25.005316,0.054943405,0.46860036,0.8652649,1,1,0,0.0021972656,0.018737793,25.009766,29,113,1,0,255,2,0,1782509460.7981687,281
24.99414,24.989782,0.0015252553,0.46678236,0.6192322,1,1,0,6.1035156e-05,0.018676758,24.99414,29,113,1,0,255,2,0,1782509460.7981687,281
25.020264,25.012278,0.26106292,0.5756718,0.8414612,1,1,0,0.010437012,0.023010254,25.020264,61,113,1,0,255,2,0,1782509460.7981687,281
25.009766,25.002165,0.20906839,0.5800085,0.8324585,1,1,0,0.008361816,0.02319336,25.009766,61,113,1,0,255,2,0,1782509460.7981687,281
25.00879,25.001497,0.15717702,0.58303785,0.91241455,1,1,0,0.006286621,0.02331543,25.00879,61,113,1,0,255,2,0,1782509460.7981687,281
25.016113,25.00908,0.051898804,0.5908408,0.6286011,1,1,0,0.0020751953,0.023620605,25.016113,61,113,1,0,255,2,0,1782509460.7981687,281
24.993896,24.986816,-0.0015250742,0.5948913,0.7640991,1,1,0,-6.1035156e-05,0.023803711,24.993896,61,113,1,0,255,2,0,1782509460.7981687,281
24.99707,24.989967,-0.053384412,0.59344155,0.8583069,1,1,0,-0.0021362305,0.023742676,24.99707,61,113,1,0,255,2,0,1782509460.7981687,281
25.027098,25.020824,0.16798903,0.5345959,0.68310547,1,1,0,0.006713867,0.021362305,25.0271,26,114,0,0,255,2,0,1782509460.8982804,282
25.019289,25.01685,0.16948931,0.30540362,0.8434143,1,1,0,0.0067749023,0.012207031,25.019287,28,114,0,0,255,2,0,1782509460.8982804,282
25.019773,25.017653,0.11757651,0.30388263,0.7689514,1,1,0,0.004699707,0.012145996,25.019775,28,114,0,0,255,2,0,1782509460.8982804,282
25.020506,25.018488,-0.093147874,0.3038915,0.7161255,1,1,0,-0.0037231445,0.012145996,25.020508,28,114,0,0,255,2,0,1782509460.8982804,282
25.003176,24.998785,0.0030516095,0.46847686,0.7022705,1,1,0,0.00012207031,0.018737793,25.003174,29,114,1,0,255,2,0,1782509460.8982804,282
25.006836,25.003916,0.06257097,0.37698087,0.7689514,1,1,0,0.0025024414,0.015075684,25.006836,60,114,0,0,255,2,0,1782509460.8982804,282
25.016603,25.013607,-0.042747904,0.38476166,0.706604,1,1,0,-0.0017089844,0.015380859,25.016602,60,114,0,0,255,2,0,1782509460.8982804,282
25.012451,25.005384,0.051891133,0.5922805,0.68240356,1,1,0,0.0020751953,0.02368164,25.012451,61,114,1,0,255,2,0,1782509460.8982804,282
25.009766,25.002644,-0.0,0.5967951,0.7883911,1,1,0,-0.0,0.023864746,25.009766,61,114,1,0,255,2,0,1782509460.8982804,282
25.01831,25.008041,0.15721814,0.6992733,0.6286011,1,1,0,0.006286621,0.027954102,25.01831,27,115,1,0,255,2,0,1782509460.9981866,283
25.010742,25.00793,0.21980193,0.3037729,0.81658936,1,1,0,0.0087890625,0.012145996,25.010742,28,115,0,0,255,2,0,1782509460.9981866,283
25.006836,25.004955,-0.042733118,0.30372545,0.710083,1,1,0,-0.0017089844,0.012145996,25.006836,28,115,0,0,255,2,0,1782509460.9981866,283
25.020752,25.01872,-0.09620283,0.3038945,0.74642944,1,1,0,-0.0038452148,0.012145996,25.020752,28,115,0,0,255,2,0,1782509460.9981866,283
25.00464,24.998873,0.26244897,0.4685043,0.631073,1,1,0,0.010498047,0.018737793,25.004639,29,115,1,0,255,2,0,1782509460.9981866,283
25.018312,25.013866,0.051908735,0.4687605,0.6141968,1,1,0,0.0020751953,0.018737793,25.01831,29,115,1,0,255,2,0,1782509460.9981866,283
25.02295,25.018898,0.27182245,0.3588984,1.0391235,1,1,0,0.010864258,0.014343262,25.02295,60,115,0,0,255,2,0,1782509460.9981866,283
25.01831,25.014704,0.21986148,0.36341238,0.73516846,1,1,0,0.0087890625,0.014526367,25.01831,60,115,0,0,255,2,0,1782509460.9981866,283
25.016602,25.01344,-0.0946558,0.38628837,0.73516846,1,1,0,-0.0037841797,0.0154418945,25.016602,60,115,0,0,255,2,0,1782509460.9981866,283
25.008057,25.00006,0.26246142,0.57539093,0.6998291,1,1,0,0.010498047,0.023010254,25.008057,61,115,1,0,255,2,0,1782509460.9981866,283
25.000488,24.992912,0.21051657,0.5782678,0.8501282,1,1,0,0.008422852,0.023132324,25.000488,61,115,1,0,255,2,0,1782509460.9981866,283
25.011475,25.004383,0.10530472,0.5861528,0.8529663,1,1,0,0.004211426,0.0234375,25.011475,61,115,1,0,255,2,0,1782509460.9981866,283
25.015867,25.008837,0.051898297,0.59083503,0.71832275,1,1,0,0.0020751953,0.023620605,25.01587,61,115,1,0,255,2,0,1782509460.9981866,283
24.991455,24.984358,-0.0518475,0.59330827,0.7548828,1,1,0,-0.0020751953,0.023742676,24.991455,61,115,1,0,255,2,0,1782509460.9981866,283
24.996338,24.985712,0.2074057,0.6986591,0.617157,1,1,0,0.008300781,0.027954102,24.996338,27,116,1,0,255,2,0,1782509461.0983758,284
25.031738,25.029636,0.11304966,0.30402792,0.6926575,1,1,0,0.0045166016,0.012145996,25.031738,28,116,0,0,255,2,0,1782509461.0983758,284
25.001219,24.99547,0.2608875,0.46844026,1.104126,1,1,0,0.010437012,0.018737793,25.00122,29,116,1,0,255,2,0,1782509461.0983758,284
25.020508,25.017487,0.11604874,0.37107912,1.0426025,1,1,0,0.004638672,0.014831543,25.020508,60,116,0,0,255,2,0,1782509461.0983758,284
25.021729,25.01883,0.06260829,0.37567833,1.0244141,1,1,0,0.0025024414,0.015014648,25.021729,60,116,0,0,255,2,0,1782509461.0983758,284
25.021484,25.018322,-0.094674274,0.38636377,0.74816895,1,1,0,-0.0037841797,0.0154418945,25.021484,60,116,0,0,255,2,0,1782509461.0983758,284
25.006836,24.998838,0.2624486,0.57536286,0.5756836,1,1,0,0.010498047,0.023010254,25.006836,61,116,1,0,255,2,0,1782509461.0983758,284
25.011477,25.004173,0.15872002,0.58310044,0.8324585,1,1,0,0.0063476562,0.02331543,25.011475,61,116,1,0,255,2,0,1782509461.0983758,284
25.022219,25.015965,0.16490254,0.5344916,0.7784729,1,1,0,0.006591797,0.021362305,25.022217,26,117,0,0,255,2,0,1782509461.1982577,285
25.020508,25.014647,-0.09618716,0.5329283,0.73516846,1,1,0,-0.0038452148,0.02130127,25.020508,26,117,0,0,255,2,0,1782509461.1982577,285
25.001955,24.991325,0.2074523,0.6988161,0.7473755,1,1,0,0.008300781,0.027954102,25.001953,27,117,1,0,255,2,0,1782509461.1982577,285
24.997557,24.98774,0.05032938,0.6986933,0.7145691,1,1,0,0.0020141602,0.027954102,24.997559,27,117,1,0,255,2,0,1782509461.1982577,285
25.02246,25.019644,0.21837768,0.30544236,0.8667908,1,1,0,0.008728027,0.012207031,25.02246,28,117,0,0,255,2,0,1782509461.1982577,285
25.021729,25.01961,0.11300438,0.30543342,0.81484985,1,1,0,0.0045166016,0.012207031,25.021729,28,117,0,0,255,2,0,1782509461.1982577,285
25.018309,25.01468,0.21986127,0.36493924,0.7628784,1,1,0,0.0087890625,0.014587402,25.01831,60,117,0,0,255,2,0,1782509461.1982577,285
25.013672,25.006058,0.21062729,0.5800991,0.7716675,1,1,0,0.008422852,0.02319336,25.013672,61,117,1,0,255,2,0,1782509461.1982577,285
25.021975,25.016226,-0.04427925,0.53448635,0.82785034,1,1,0,-0.0017700195,0.021362305,25.021973,26,118,0,0,255,2,0,1782509461.2981255,286
25.018307,25.00766,0.20911434,0.6992733,0.6378479,1,1,0,0.008361816,0.027954102,25.01831,27,118,1,0,255,2,0,1782509461.2981255,286
25.012207,25.002382,0.05035887,0.6991027,0.84887695,1,1,0,0.0020141602,0.027954102,25.012207,27,118,1,0,255,2,0,1782509461.2981255,286
25.016602,25.013758,0.22137998,0.30537084,0.68237305,1,1,0,0.008850098,0.012207031,25.016602,28,118,0,0,255,2,0,1782509461.2981255,286
25.020264,25.018148,0.11605181,0.30388856,0.76116943,1,1,0,0.004638672,0.012145996,25.020264,28,118,0,0,255,2,0,1782509461.2981255,286
25.011473,25.006855,0.10684146,0.4686324,0.79351807,1,1,0,0.004272461,0.018737793,25.011475,29,118,1,0,255,2,0,1782509461.2981255,286
25.013674,25.009281,0.0015264454,0.46867356,0.6423645,1,1,0,6.1035156e-05,0.018737793,25.013672,29,118,1,0,255,2,0,1782509461.2981255,286
24.996338,24.9919,-0.050337758,0.46834877,0.68585205,1,1,0,-0.0020141602,0.018737793,24.996338,29,118,1,0,255,2,0,1782509461.2981255,286
25.03247,25.02839,0.27039778,0.36209038,0.70391846,1,1,0,0.010803223,0.014465332,25.03247,60,118,0,0,255,2,0,1782509461.2981255,286
25.02124,25.01798,0.16644289,0.36803597,0.67974854,1,1,0,0.006652832,0.014709473,25.02124,60,118,0,0,255,2,0,1782509461.2981255,286
25.011719,25.008825,0.061056826,0.37552804,0.7802124,1,1,0,0.0024414062,0.015014648,25.011719,60,118,0,0,255,2,0,1782509461.2981255,286
25.011719,25.008745,-0.04426601,0.38316014,0.7559509,1,1,0,-0.0017700195,0.015319824,25.011719,60,118,0,0,255,2,0,1782509461.2981255,286
25.008787,25.00077,0.26094282,0.5769338,0.9165344,1,1,0,0.010437012,0.023071289,25.00879,61,118,1,0,255,2,0,1782509461.2981255,286
25.005857,24.998259,0.20903572,0.5799179,0.6434021,1,1,0,0.008361816,0.02319336,25.00586,61,118,1,0,255,2,0,1782509461.2981255,286
25.010254,25.002935,0.15565994,0.58459806,0.653656,1,1,0,0.006225586,0.023376465,25.010254,61,118,1,0,255,2,0,1782509461.2981255,286
25.004639,24.997576,0.05034919,0.59209555,0.5941467,1,1,0,0.0020141602,0.02368164,25.004639,61,118,1,0,255,2,0,1782509461.2981255,286
25.000978,24.993895,-0.0015255063,0.5950598,0.6786804,1,1,0,-6.1035156e-05,0.023803711,25.000977,61,118,1,0,255,2,0,1782509461.2981255,286
25.021973,25.016,0.11451497,0.53448635,0.700531,1,1,0,0.0045776367,0.021362305,25.021973,26,119,0,0,255,2,0,1782509461.398328,287
25.027098,25.02121,-0.094685204,0.5345959,0.667511,1,1,0,-0.0037841797,0.021362305,25.0271,26,119,0,0,255,2,0,1782509461.398328,287
25.01367,25.011545,0.11449458,0.30533507,1.1863403,1,1,0,0.0045776367,0.012207031,25.013672,28,119,0,0,255,2,0,1782509461.398328,287
25.0022,24.997314,0.15715072,0.46845856,0.5992737,1,1,0,0.006286621,0.018737793,25.002197,29,119,1,0,255,2,0,1782509461.398328,287
25.01831,25.01466,0.21986109,0.36646608,1.1620789,1,1,0,0.0087890625,0.0146484375,25.01831,60,119,0,0,255,2,0,1782509461.398328,287
25.017334,25.014042,0.16794348,0.3695053,0.7854004,1,1,0,0.006713867,0.014770508,25.017334,60,119,0,0,255,2,0,1782509461.398328,287
25.023436,25.020515,0.062612504,0.37723115,0.7984009,1,1,0,0.0025024414,0.015075684,25.023438,60,119,0,0,255,2,0,1782509461.398328,287
25.010742,25.007828,0.010684499,0.38161883,0.72998047,1,1,0,0.0004272461,0.015258789,25.010742,60,119,0,0,255,2,0,1782509461.398328,287
25.019289,25.016293,-0.042752493,0.38480297,0.75424194,1,1,0,-0.0017089844,0.015380859,25.019287,60,119,0,0,255,2,0,1782509461.398328,287
25.020264,25.017054,-0.094669476,0.38939878,0.7689514,1,1,0,-0.0037841797,0.015563965,25.020264,60,119,0,0,255,2,0,1782509461.398328,287
25.016848,25.009481,0.1572272,0.5862786,0.85375977,1,1,0,0.006286621,0.0234375,25.016846,61,119,1,0,255,2,0,1782509461.398328,287
25.010986,25.003864,-0.0,0.59682417,0.78222656,1,1,0,-0.0,0.023864746,25.010986,61,119,1,0,255,2,0,1782509461.398328,287
25.013672,25.006386,-0.051893212,0.60146713,0.7234497,1,1,0,-0.0020751953,0.024047852,25.013672,61,119,1,0,255,2,0,1782509461.398328,287
25.005371,24.99424,0.26087466,0.6989116,0.7227783,1,1,0,0.010437012,0.027954102,25.005371,27,120,1,0,255,2,0,1782509461.4982216,288
25.01074,25.007402,0.27169758,0.3052993,0.74124146,1,1,0,0.010864258,0.012207031,25.010742,28,120,0,0,255,2,0,1782509461.4982216,288
25.01831,25.014194,0.27177137,0.36341238,0.88586426,1,1,0,0.010864258,0.014526367,25.01831,60,120,0,0,255,2,0,1782509461.4982216,288
25.01953,25.01647,0.11451712,0.37411845,0.81918335,1,1,0,0.0045776367,0.014953613,25.019531,60,120,0,0,255,2,0,1782509461.4982216,288
25.015623,25.01268,0.0625929,0.37864003,0.8650818,1,1,0,0.0025024414,0.015136719,25.015625,60,120,0,0,255,2,0,1782509461.4982216,288
25.020266,25.012577,0.2106822,0.58330536,0.85580444,1,1,0,0.008422852,0.02331543,25.020264,61,120,1,0,255,2,0,1782509461.4982216,288
25.006836,24.999552,-0.05187903,0.60130274,0.70703125,1,1,0,-0.0020751953,0.024047852,25.006836,61,120,1,0,255,2,0,1782509461.4982216,288
25.020264,25.014402,-0.09618622,0.53292304,0.8338928,1,1,0,-0.0038452148,0.02130127,25.020264,26,121,0,0,255,2,0,1782509461.598377,289
25.002195,24.992428,-0.0015254167,0.6988229,1.076477,1,1,0,-6.1035156e-05,0.027954102,25.002197,27,121,1,0,255,2,0,1782509461.598377,289
25.022217,25.018183,0.27028748,0.3588879,0.70391846,1,1,0,0.010803223,0.014343262,25.022217,60,121,0,0,255,2,0,1782509461.598377,289
25.0271,25.023506,0.2184114,0.36354005,0.69003296,1,1,0,0.008728027,0.014526367,25.0271,60,121,0,0,255,2,0,1782509461.598377,289
25.03247,25.029242,0.16499005,0.36667347,0.6744385,1,1,0,0.006591797,0.0146484375,25.03247,60,121,0,0,255,2,0,1782509461.598377,289
25.017332,25.014463,0.05954382,0.3740856,0.7758789,1,1,0,0.002380371,0.014953613,25.017334,60,121,0,0,255,2,0,1782509461.598377,289
25.017334,25.014383,-0.04427599,0.3817194,0.7888794,1,1,0,-0.0017700195,0.015258789,25.017334,60,121,0,0,255,2,0,1782509461.598377,289
25.008787,25.000805,0.26094317,0.5754078,0.8878174,1,1,0,0.010437012,0.023010254,25.00879,61,121,1,0,255,2,0,1782509461.598377,289
25.003176,24.995625,0.20748797,0.5783299,0.72891235,1,1,0,0.008300781,0.023132324,25.003174,61,121,1,0,255,2,0,1782509461.598377,289
25.012451,25.005169,0.15567385,0.5831232,0.68444824,1,1,0,0.006225586,0.02331543,25.012451,61,121,1,0,255,2,0,1782509461.598377,289
25.001955,24.994879,0.10221352,0.58592963,0.73916626,1,1,0,0.0040893555,0.0234375,25.001953,61,121,1,0,255,2,0,1782509461.598377,289
24.996338,24.989292,-0.0015252254,0.59342414,0.6366577,1,1,0,-6.1035156e-05,0.023742676,24.996338,61,121,1,0,255,2,0,1782509461.598377,289
25.018309,25.012028,0.16945665,0.53440815,0.7074585,1,1,0,0.0067749023,0.021362305,25.01831,26,122,0,0,255,2,0,1782509461.6979382,290
25.020994,25.015284,0.012214495,0.5344655,0.7706909,1,1,0,0.00048828125,0.021362305,25.020996,26,122,0,0,255,2,0,1782509461.6979382,290
25.012695,25.006815,-0.093104415,0.53428817,0.8373718,1,1,0,-0.0037231445,0.021362305,25.012695,26,122,0,0,255,2,0,1782509461.6979382,290
25.017332,25.00733,0.106843494,0.699246,0.638855,1,1,0,0.004272461,0.027954102,25.017334,27,122,1,0,255,2,0,1782509461.6979382,290
25.020994,25.018196,0.21836504,0.30389744,0.87979126,1,1,0,0.008728027,0.012145996,25.020996,28,122,0,0,255,2,0,1782509461.6979382,290
25.022705,25.020315,0.16493122,0.30391818,0.7888794,1,1,0,0.006591797,0.012145996,25.022705,28,122,0,0,255,2,0,1782509461.6979382,290
25.016846,25.011593,0.20762055,0.46873304,0.8250427,1,1,0,0.008300781,0.018737793,25.016846,29,122,1,0,255,2,0,1782509461.6979382,290
25.006592,25.002172,-0.053410485,0.4670149,0.7791443,1,1,0,-0.0021362305,0.018676758,25.006592,29,122,1,0,255,2,0,1782509461.6979382,290
25.031252,25.027178,0.27191243,0.3605451,0.68743896,1,1,0,0.010864258,0.014404297,25.03125,60,122,0,0,255,2,0,1782509461.6979382,290
25.03003,25.02699,0.11456528,0.3727479,0.7793274,1,1,0,0.0045776367,0.014892578,25.03003,60,122,0,0,255,2,0,1782509461.6979382,290
25.00415,24.997082,0.053399608,0.592084,0.8447571,1,1,0,0.0021362305,0.02368164,25.00415,61,122,1,0,255,2,0,1782509461.6979382,290
24.998291,24.991209,-0.0,0.5949959,0.8972473,1,1,0,-0.0,0.023803711,24.998291,61,122,1,0,255,2,0,1782509461.6979382,290
25.009033,25.00307,0.11292968,0.53420997,0.8694153,1,1,0,0.0045166016,0.021362305,25.009033,26,123,0,0,255,2,0,1782509461.7985127,291
25.01831,25.01245,-0.09617871,0.53288144,0.7984009,1,1,0,-0.0038452148,0.02130127,25.01831,26,123,0,0,255,2,0,1782509461.7985127,291
25.010254,25.000483,-0.0015259084,0.6990481,0.6516113,1,1,0,-6.1035156e-05,0.027954102,25.010254,27,123,1,0,255,2,0,1782509461.7985127,291
25.00659,24.996805,-0.05339902,0.69742006,0.90423584,1,1,0,-0.0021362305,0.027893066,25.006592,27,123,1,0,255,2,0,1782509461.7985127,291
25.011475,25.00658,0.1587353,0.4686324,0.48788452,1,1,0,0.0063476562,0.018737793,25.011475,29,123,1,0,255,2,0,1782509461.7985127,291
25.006592,25.001974,0.10682061,0.4685409,0.76275635,1,1,0,0.004272461,0.018737793,25.006592,29,123,1,0,255,2,0,1782509461.7985127,291
25.01978,25.015722,0.27026093,0.36037982,0.9967041,1,1,0,0.010803223,0.014404297,25.019775,60,123,0,0,255,2,0,1782509461.7985127,291
25.009766,25.006792,-0.044262554,0.38313022,0.6970825,1,1,0,-0.0017700195,0.015319824,25.009766,60,123,0,0,255,2,0,1782509461.7985127,291
25.006592,24.999275,0.15563715,0.5845125,0.9103699,1,1,0,0.006225586,0.023376465,25.006592,61,123,1,0,255,2,0,1782509461.7985127,291
25.0,24.992918,-0.0015254467,0.59503657,0.9074707,1,1,0,-6.1035156e-05,0.023803711,25.0,61,123,1,0,255,2,0,1782509461.7985127,291
25.019775,25.017368,0.16491179,0.30540958,1.0166016,1,1,0,0.006591797,0.012207031,25.019775,28,124,0,0,255,2,0,1782509461.8983648,292
25.02246,25.020576,-0.04428695,0.30391523,1.0053406,1,1,0,-0.0017700195,0.012145996,25.02246,28,124,0,0,255,2,0,1782509461.8983648,292
24.999514,24.994263,0.20747668,0.46840826,0.89108276,1,1,0,0.008300781,0.018737793,24.999512,29,124,1,0,255,2,0,1782509461.8983648,292
25.00757,25.002695,0.15565844,0.4685592,0.7883911,1,1,0,0.006225586,0.018737793,25.007568,29,124,1,0,255,2,0,1782509461.8983648,292
24.993898,24.989296,0.10371593,0.46830302,0.7948303,1,1,0,0.0041503906,0.018737793,24.993896,29,124,1,0,255,2,0,1782509461.8983648,292
24.997557,24.993118,0.050340213,0.46837166,0.82632446,1,1,0,0.0020141602,0.018737793,24.997559,29,124,1,0,255,2,0,1782509461.8983648,292
24.993898,24.98945,-0.054908544,0.46830302,0.7558899,1,1,0,-0.0021972656,0.018737793,24.993896,29,124,1,0,255,2,0,1782509461.8983648,292
25.01831,25.01425,0.2687181,0.36188555,0.7689514,1,1,0,0.0107421875,0.014465332,25.01831,60,124,0,0,255,2,0,1782509461.8983648,292
25.020262,25.017,0.1633824,0.36954856,0.9049072,1,1,0,0.0065307617,0.014770508,25.020264,60,124,0,0,255,2,0,1782509461.8983648,292
25.019773,25.016735,0.10993754,0.3741221,0.7784729,1,1,0,0.0043945312,0.014953613,25.019775,60,124,0,0,255,2,0,1782509461.8983648,292
25.01831,25.0154,0.058019217,0.37715384,0.82437134,1,1,0,0.002319336,0.015075684,25.01831,60,124,0,0,255,2,0,1782509461.8983648,292
25.021486,25.018572,0.00610805,0.38178274,0.4953308,1,1,0,0.00024414062,0.015258789,25.021484,60,124,0,0,255,2,0,1782509461.8983648,292
25.019777,25.016773,-0.047334038,0.38481048,0.8295593,1,1,0,-0.0018920898,0.015380859,25.019775,60,124,0,0,255,2,0,1782509461.8983648,292
25.015867,25.007845,0.25796363,0.5786236,0.7152405,1,1,0,0.010314941,0.023132324,25.01587,61,124,1,0,255,2,0,1782509461.8983648,292
25.023924,25.01631,0.20613272,0.5818638,0.68917847,1,1,0,0.008239746,0.023254395,25.023926,61,124,1,0,255,2,0,1782509461.8983648,292
25.00537,24.998037,0.1525778,0.58600974,0.8980713,1,1,0,0.0061035156,0.0234375,25.005371,61,124,1,0,255,2,0,1782509461.8983648,292
24.998781,24.99164,0.100674875,0.588906,0.66534424,1,1,0,0.0040283203,0.02355957,24.99878,61,124,1,0,255,2,0,1782509461.8983648,292
25.010254,25.003157,0.04883435,0.59375453,0.653656,1,1,0,0.001953125,0.023742676,25.010254,61,124,1,0,255,2,0,1782509461.8983648,292
25.00879,25.001667,-0.004577942,0.5967718,0.9411316,1,1,0,-0.00018310547,0.023864746,25.00879,61,124,1,0,255,2,0,1782509461.8983648,292
25.021484,25.014185,-0.056489654,0.60165495,0.8291321,1,1,0,-0.0022583008,0.024047852,25.021484,61,124,1,0,255,2,0,1782509461.8983648,292
24.999758,24.989761,0.10676842,0.69875467,0.65304565,1,1,0,0.004272461,0.027954102,24.999756,27,125,1,0,255,2,0,1782509461.9981678,293
24.999756,24.989931,0.053384334,0.69875467,0.6899719,1,1,0,0.0021362305,0.027954102,24.999756,27,125,1,0,255,2,0,1782509461.9981678,293
24.998777,24.98896,-0.05033184,0.69872737,0.6376648,1,1,0,-0.0020141602,0.027954102,24.99878,27,125,1,0,255,2,0,1782509461.9981678,293
25.016602,25.014475,0.11450799,0.30537084,0.73516846,1,1,0,0.0045776367,0.012207031,25.016602,28,125,0,0,255,2,0,1782509461.9981678,293
25.011719,25.00978,0.06105916,0.30531123,0.88845825,1,1,0,0.0024414062,0.012207031,25.011719,28,125,0,0,255,2,0,1782509461.9981678,293
25.03296,25.030928,-0.09624977,0.30404273,0.7533264,1,1,0,-0.0038452148,0.012145996,25.032959,28,125,0,0,255,2,0,1782509461.9981678,293
25.012451,25.00667,0.2610044,0.47017708,0.6516113,1,1,0,0.010437012,0.018798828,25.012451,29,125,1,0,255,2,0,1782509461.9981678,293
25.001953,24.997564,-0.0,0.468454,0.7596741,1,1,0,-0.0,0.018737793,25.001953,29,125,1,0,255,2,0,1782509461.9981678,293
25.019289,25.015234,0.27025566,0.36037278,0.7932129,1,1,0,0.010803223,0.014404297,25.019287,60,125,0,0,255,2,0,1782509461.9981678,293
25.019773,25.016172,0.21682039,0.3649606,0.67974854,1,1,0,0.008666992,0.014587402,25.019775,60,125,0,0,255,2,0,1782509461.9981678,293
25.024172,25.02092,0.1649352,0.36807907,0.70043945,1,1,0,0.006591797,0.014709473,25.02417,60,125,0,0,255,2,0,1782509461.9981678,293
25.0271,25.024069,0.11302452,0.37270427,0.71432495,1,1,0,0.0045166016,0.014892578,25.0271,60,125,0,0,255,2,0,1782509461.9981678,293
25.02905,25.02616,0.05957166,0.3757883,0.7568054,1,1,0,0.002380371,0.015014648,25.029053,60,125,0,0,255,2,0,1782509461.9981678,293
25.032469,25.029577,0.0076384214,0.38042268,0.7914734,1,1,0,0.00030517578,0.015197754,25.03247,60,125,0,0,255,2,0,1782509461.9981678,293
25.020264,25.017288,-0.044281133,0.38329107,0.8338928,1,1,0,-0.0017700195,0.015319824,25.020264,60,125,0,0,255,2,0,1782509461.9981678,293
25.010984,25.002983,0.25943968,0.5769845,0.8734741,1,1,0,0.010375977,0.023071289,25.010986,61,125,1,0,255,2,0,1782509461.9981678,293
24.994873,24.98784,-0.05490501,0.5903391,0.87677,1,1,0,-0.0021972656,0.023620605,24.994873,61,125,1,0,255,2,0,1782509461.9981678,293
25.01074,25.005033,0.009157117,0.53424644,0.81311035,1,1,0,0.00036621094,0.021362305,25.010742,26,126,0,0,255,2,0,1782509462.0984125,294
24.99414,24.983501,0.20891231,0.6985977,0.6284485,1,1,0,0.008361816,0.027954102,24.99414,27,126,1,0,255,2,0,1782509462.0984125,294
25.016846,25.006577,0.15720893,0.69923234,0.6464844,1,1,0,0.006286621,0.027954102,25.016846,27,126,1,0,255,2,0,1782509462.0984125,294
25.023682,25.021254,0.1679919,0.30545726,0.7966614,1,1,0,0.006713867,0.012207031,25.023682,28,126,0,0,255,2,0,1782509462.0984125,294
25.01831,25.016184,0.11451581,0.3053917,0.73950195,1,1,0,0.0045776367,0.012207031,25.01831,28,126,0,0,255,2,0,1782509462.0984125,294
25.021484,25.019543,0.062610075,0.30543044,0.88153076,1,1,0,0.0025024414,0.012207031,25.021484,28,126,0,0,255,2,0,1782509462.0984125,294
25.020994,25.019129,0.010689327,0.30542448,0.80792236,1,1,0,0.0004272461,0.012207031,25.020996,28,126,0,0,255,2,0,1782509462.0984125,294
24.999512,24.993717,0.26239485,0.46993387,0.92181396,1,1,0,0.010498047,0.018798828,24.999512,29,126,1,0,255,2,0,1782509462.0984125,294
25.005373,25.000067,0.21057683,0.47004402,0.7319946,1,1,0,0.008422852,0.018798828,25.005371,29,126,1,0,255,2,0,1782509462.0984125,294
24.995361,24.990753,0.10524732,0.46833047,0.7053528,1,1,0,0.004211426,0.018737793,24.995361,29,126,1,0,255,2,0,1782509462.0984125,294
25.012695,25.009487,-0.09464084,0.38928097,0.6884155,1,1,0,-0.0037841797,0.015563965,25.012695,60,126,0,0,255,2,0,1782509462.0984125,294
25.018066,25.01038,0.21066369,0.5832541,0.69470215,1,1,0,0.008422852,0.02331543,25.018066,61,126,1,0,255,2,0,1782509462.0984125,294
25.00415,24.996778,0.15867308,0.58598113,0.7668457,1,1,0,0.0063476562,0.0234375,25.00415,61,126,1,0,255,2,0,1782509462.0984125,294
25.009766,25.002644,0.0015260403,0.5967951,0.85705566,1,1,0,6.1035156e-05,0.023864746,25.009766,61,126,1,0,255,2,0,1782509462.0984125,294
25.010254,25.003187,-0.051886573,0.5922285,0.6690674,1,1,0,-0.0020751953,0.02368164,25.010254,61,126,1,0,255,2,0,1782509462.0984125,294
25.01074,25.005033,0.007630931,0.53424644,0.9282837,1,1,0,0.00030517578,0.021362305,25.010742,26,127,0,0,255,2,0,1782509462.1982558,295
25.009766,24.999786,0.10223358,0.69903445,0.88986206,1,1,0,0.0040893555,0.027954102,25.009766,27,127,1,0,255,2,0,1782509462.1982558,295
24.99878,24.988953,-0.05490745,0.69872737,0.736084,1,1,0,-0.0021972656,0.027954102,24.99878,27,127,1,0,255,2,0,1782509462.1982558,295
25.019773,25.016949,0.22140823,0.30388263,0.7784729,1,1,0,0.008850098,0.012145996,25.019775,28,127,0,0,255,2,0,1782509462.1982558,295
25.015623,25.01351,0.11603029,0.3038322,0.68496704,1,1,0,0.004638672,0.012145996,25.015625,28,127,0,0,255,2,0,1782509462.1982558,295
25.032959,25.030933,-0.094722,0.30404273,0.85302734,1,1,0,-0.0037841797,0.012145996,25.032959,28,127,0,0,255,2,0,1782509462.1982558,295
25.020264,25.014477,0.2641397,0.46879706,0.7470398,1,1,0,0.010559082,0.018737793,25.020264,29,127,1,0,255,2,0,1782509462.1982558,295
25.008055,25.003437,0.10682686,0.46856835,0.73986816,1,1,0,0.004272461,0.018737793,25.008057,29,127,1,0,255,2,0,1782509462.1982558,295
25.019773,25.015724,0.27178797,0.3588529,0.8434143,1,1,0,0.010864258,0.014343262,25.019775,60,127,0,0,255,2,0,1782509462.1982558,295
25.01831,25.015297,0.11451175,0.37104654,0.80184937,1,1,0,0.0045776367,0.014831543,25.01831,60,127,0,0,255,2,0,1782509462.1982558,295
25.02075,25.017876,0.0626059,0.37413672,0.8460083,1,1,0,0.0025024414,0.014953613,25.020752,60,127,0,0,255,2,0,1782509462.1982558,295
25.020264,25.017395,0.009161645,0.3787102,0.7819519,1,1,0,0.00036621094,0.015136719,25.020264,60,127,0,0,255,2,0,1782509462.1982558,295
25.010986,25.002987,0.26249218,0.57545835,0.8673096,1,1,0,0.010498047,0.023010254,25.010986,61,127,1,0,255,2,0,1782509462.1982558,295
25.01367,25.006104,0.20910132,0.57857275,0.75320435,1,1,0,0.008361816,0.023132324,25.013672,61,127,1,0,255,2,0,1782509462.1982558,295
25.006836,24.999746,0.10528519,0.5860441,0.66290283,1,1,0,0.004211426,0.0234375,25.006836,61,127,1,0,255,2,0,1782509462.1982558,295
25.003174,24.996145,0.05187196,0.5905352,0.83862305,1,1,0,0.0020751953,0.023620605,25.003174,61,127,1,0,255,2,0,1782509462.1982558,295
25.022219,25.015032,0.27178046,0.5344916,0.8088074,1,1,0,0.010864258,0.021362305,25.022217,26,128,0,0,255,2,0,1782509462.2987618,296
25.001955,24.991312,0.20897762,0.6988161,0.74121094,1,1,0,0.008361816,0.027954102,25.001953,27,128,1,0,255,2,0,1782509462.2987618,296
24.991455,24.981691,-0.0,0.6985227,0.6862488,1,1,0,-0.0,0.027954102,24.991455,27,128,1,0,255,2,0,1782509462.2987618,296
25.025146,25.020697,0.053450055,0.46888855,0.72720337,1,1,0,0.0021362305,0.018737793,25.025146,29,128,1,0,255,2,0,1782509462.2987618,296
25.000488,24.996046,-0.051871754,0.46842656,0.89108276,1,1,0,-0.0020751953,0.018737793,25.000488,29,128,1,0,255,2,0,1782509462.2987618,296
25.032715,25.029676,0.11457758,0.3727879,0.7602539,1,1,0,0.0045776367,0.014892578,25.032715,60,128,0,0,255,2,0,1782509462.2987618,296
25.0083,25.005116,-0.0946243,0.3876864,1.0884705,1,1,0,-0.0037841797,0.01550293,25.0083,60,128,0,0,255,2,0,1782509462.2987618,296
25.025146,25.018076,0.05191747,0.59258115,0.6871338,1,1,0,0.0020751953,0.02368164,25.025146,61,128,1,0,255,2,0,1782509462.2987618,296
